pid	kind	display	mentions	first	last	roles	decision	qid	label	description	birth	death	occupations	name_via	occ_match	n_passing	other_passing
P000001	named	Henry Trimen	863	1881	1944	botanist | Director | author | Director of the Royal Botanic Gardens, Peradeniya	auto	Q2462643	Henry Trimen	British botanist (1843-1896)	1843	1896	physician|botanist|pteridologist|taxonomist	Henry Trimen	botanist	1	
P000002	named	D. Morris	581	1881	1941	author | of Kew | lecturer | Director of Public Gardens and Plantations, Jamaica	review	Q20733957	Daniel Morris	botanist (1844-1933)	1844	1933	botanist	Daniel Morris	~agriculturist,~horticulturist	7	Q23815458 David Morris (American farmer and politician) ; Q5218191 Daniel Morris (American politician and lawyer (1812-188) ; Q26265397 David Morris (British politician) ; Q5220648 Danny Morris (American songwriter) ; Q22095809 David J. Morris (American Marine infantry officer and wri) ; Q111083927 Dwight Morris (American colonel)
P000003	named	E. E. Green	514	1885	1945	Government Entomologist | author | Entomologist | Honorary Government Entomologist	auto	Q5342787	Edward Ernest Green	British entomologist	1861	1949	illustrator|mycologist|botanical collector|lithographer|entomologist	Edward Ernest Green	entomologist	6	Q115307828 Eustace Edward Green (American educator, physician, and politi) ; Q5334876 Ed Green (American baseball player) ; Q138663447 Emily Green (American musician) ; Q5416905 Everard Green (British officer of arms) ; Q138536599 Edward Green ()
P000004	named	M. Kelway Bamber	500	1891	1945	author | member | Agricultural Chemist | Government Chemist	none									0	
P000005	named	J. C. Willis	499	1896	1942	author | Director | abstractor | Director, Royal Botanic Gardens	auto	Q2916692	John Christopher Willis	English botanist (1868-1958)	1868	1958	botanist	John Christopher Willis	botanist	1	
P000006	named	John Hughes	393	1881	1922	analyst | Agricultural Analyst | author | author of letter	review	Q13639581	John Ceiriog Hughes	Welsh poet (1832-1887)	1832	1887	clerk|poet|station master	John Ceiriog Hughes	writer	13	Q20733450 John Hughes (Welsh Calvinistic Methodist minister, au) ; Q17309160 John Hughes (English author, born 1790) ; Q20733439 John Henry Hughes (Welsh Congregational minister and poet () ; Q18671851 John Hughes (Church of England clergyman) ; Q19790482 John James Hughes (Welsh journalist) ; Q6240288 John Hughes (colonial American politician from Pennsy) ; Q21462102 John Joseph Hughes (British p
P000007	named	T. Petch	387	1906	1943	author | Government Mycologist | Mycologist | Botanist and Mycologist	auto	Q7817222	Tom Petch	English mycologist and plant pathologist (1870-1948)	1870	1948	botanist|mycologist	Tom Petch	botanist,mycologist,~botanist,~mycologist	1	
P000008	named	George Watt	375	1882	1945	author | Reporter on Economic Products to the Government of India | Reporter on Economic Products | botanist	auto	Q3101998	George Watt	Scottish botanist (1851-1930)	1851	1930	physician|botanist|journalist|botanical collector	George Watt	botanist	1	
P000009	named	C. Drieberg	336	1888	1941	Secretary | author | Superintendent of School Gardens | Secretary, Ceylon Agricultural Society	none									0	
P000010	named	H. K. Rutherford	327	1883	1939	Director | author | Chairman | planter	none									0	
P000011	named	F. A. Stockdale	324	1908	1945	Director of Agriculture | author | Director of Agriculture, Ceylon | Agricultural Adviser to the Secretary of State for the Colonies	auto	Q18759275	Frank Stockdale	agriculturist	1883	1949	agronomist	Frank Stockdale	agriculturist	2	Q17350329 Frank Stockdale (American actor (1870-1950))
P000012	named	A. W. R. Joachim	299	1924	1945	Agricultural Chemist | Chemist | author | Agricultural Chemist, Department of Agriculture, Ceylon	none									0	
P000013	named	John Ferguson	293	1881	1941	author | founder | Founder of The Tropical Agriculturist | of the Ceylon Observer	review	Q6232991	John Ferguson	Anglican priest (19th century)		1902	priest	John Ferguson		8	Q17421361 John Ferguson (Scottish chemist and bibliographer (1837) ; Q6232981 John Ferguson (physician, contractor, farmer and politi) ; Q6232973 John Ferguson (Scottish-born Australian politician (183) ; Q16066214 John Ferguson (Scottish businessman and philanthropist) ; Q16059018 John Howard Ferguson (American judge) ; Q5079522 Charles John Ferguson (English architect) ; Q24191341 John Maxwell F
P000014	named	H. F. Macmillan	283	1895	1945	photographer | author | Superintendent of Botanic Gardens, Ceylon | Observer, Peradeniya	review	Q19022300	Hugh Macmillan	Free Church of Scotland minister and writer	1833	1903	writer|cleric|botanist	Hugh Macmillan	botanist,writer	1	
P000015	named	A. Philip	278	1881	1904	Secretary | Secretary to the Planters' Association of Ceylon | Secretary, Planters' Association of Ceylon | Secretary, Thirty Committee	none									0	
P000016	named	William Mackenzie	268	1881	1910	Ceylon Commissioner | planter | author of letter | author of the letter	review	Q8014990	William Mackenzie, 1st Baron Amulree	1st Baron Amulree (1860–1942)	1860	1942	politician	William Mackenzie	~administrator	9	Q8014991 William Mackenzie (British civil engineer (1794-1851)) ; Q15516394 William Mackenzie (railway entrepreneur) ; Q182454 William Lyon Mackenzie (Scottish-born Canadian-American journali) ; Q8014992 William Mackenzie (British publisher) ; Q21465042 William Gibbes Mackenzie (British painter (1857-1924)) ; Q8014988 William Mackay Mackenzie (Scottish historian, archaeologist and wr) ; Q112845477
P000017	named	W. A. de Silva	260	1885	1941	author | Member | Committee member | present	none									0	
P000018	named	G. W. Sturgess	252	1895	1938	Government Veterinary Surgeon | G.V.S. | Colonial Veterinary Surgeon | signatory	none									0	
P000019	named	W. Nock	238	1881	1941	Superintendent | Observer, Hakgala | of Hakgala | Superintendent of Hakgala Gardens	none									0	
P000020	named	T. H. Holland	234	1893	1935	Manager, Experiment Station, Peradeniya | Secretary | Secretary, Estates Products Committee | Secretary, Estate Products Committee	review	Q1647836	Thomas Henry Holland	British geologist (1868–1947)	1868	1947	geologist|university teacher	Thomas Henry Holland		3	Q1688868 Theodore Holland (British composer (1878–1947)) ; Q18324461 Timothy Holland (British scientist)
P000021	named	Thomas Christy	233	1881	1903	author of letter | author | correspondent | of London	none									0	
P000022	named	A. E. Rajapakse	232	1903	1941	Gate Mudaliyar | Mudaliyar | member | present	none									0	
P000023	named	J. B. Carruthers	222	1893	1941	author | Cryptogamist | Government Mycologist | Mycologist	review	Q28864136	John Carruthers	surveyor	1847	1942		John Carruthers		1	
P000024	named	Marshall Ward	222	1881	1933	scientist | mycologist | researcher | cryptogamist	auto	Q727999	Harry Marshall Ward	British botanist, mycologist and phytopathologist (1854-1906)	1854	1906	phytopathologist|botanist|mycologist	Marshall Ward	mycologist,~mycologist	1	
P000025	named	T. N. Christie	204	1881	1914	Director | author of letter | author | shareholder	review	Q3524993	Thomas Christie	Scottish physician and political figure in Quebec	1834	1902	physician|politician|university teacher	Thomas Christie		1	
P000026	named	W. Molegode	204	1909	1945	Agricultural Instructor | author | Senior Agricultural Instructor | Agricultural Instructor, Katugastota	none									0	
P000027	named	R. G. Coombe	201	1899	1945	member | Chairman | Member | Member of the Board	none									0	
P000028	named	Herbert Wright	200	1881	1941	author | lecturer | Scientific Assistant | author of book on Para Rubber	review	Q5735974	Herbert Wright	Canadian politician (1880–1944)	1880	1944	politician	Herbert Wright		2	Q115948985 Herbert Harnell Wright (American educator)
P000029	named	H. M. Fernando	198	1884	1941	member | Member | present | member of the Board	none									0	
P000030	named	G. H. K. Thwaites	188	1881	1944	botanist | of Peradeniya | naturalist | Director	review	Q2656749	George Henry Kendrick Thwaites	English botanist and entomologist (1812–1882)	1812	1882	botanical collector|botanist|entomologist|scientific collector	George Henry Kendrick Thwaites	botanist,~horticulturist,~naturalist	1	
P000031	named	William Martin Leake	188	1882	1922	Secretary, Ceylon Association in London | Secretary | Secretary to the Ceylon Association in London | Secretary of the Ceylon Association in London	review	Q687153	William Martin Leake	British military man, diplomat and antiquary (1777–1860)	1777	1860	military personnel|diplomat|antiquarian	William Martin Leake		3	Q17626930 William Leake (English engineer and cricketer (1831-191) ; Q8014401 William Ralph Martin-Leake (English rugby union player (1865–1942))
P000032	named	T. C. Owen	187	1881	1911	author | Director | Chairman | director	none									0	
P000033	named	M. Crawford	186	1924	1944	Government Veterinary Surgeon | Deputy Director (Animal Husbandry) and Government Veterinary Surgeon | Acting Government Veterinary Surgeon | Govt. Veterinary Surgeon	none									0	
P000034	named	J. C. Bernelot Moens	177	1881	1943	analyst | botanist | Dir. Govt. Cinchona Enterprise | author	none									0	
P000035	named	David Hooper	174	1885	1928	author | Government Quinologist | analyst | Madras Government Quinologist	auto	Q72291155	David Hooper	quinologist and pharmaceutical chemist (1858–1947)	1858	1947	chemist|pharmacologist	David Hooper	chemist	5	Q90331747 David C Hooper (researcher (ORCID 0000-0002-2259-6592)) ; Q91173297 David U. Hooper (researcher (ORCID 0000-0003-0919-086X)) ; Q101213943 David K Hooper (researcher) ; Q135989463 David J. Hooper (nematologist)
P000036	named	H. L. De Mel	174	1904	1941	member | absent member | Member | speaker	none									0	
P000037	named	W. D. Gibbon	174	1881	1941	Director | Kandy | Director, Estate Inspector | correspondent	auto	Q75559682	Sir William Duff Gibbon	Ceylonese tea planter and politician (1837-1919)	1837	1919	farmer|politician	Sir William Duff Gibbon	planter	1	
P000038	named	Joseph Hooker	173	1881	1939	botanist | Director of the Royal Botanic Gardens, Kew | Director of Kew | author	auto	Q157501	Joseph Dalton Hooker	British botanist, lichenologist, and surgeon (1817–1911)	1817	1911	writer|surgeon|botanical collector|botanist|mycologist	Joseph Dalton Hooker	botanist,~botanist,~horticulturist,writer	4	Q104163532 Joseph Hooker ((1705-1764)) ; Q315597 Joseph Hooker (American Union Army general (1814–1879)) ; Q96077721 Joseph Hooker ((1754-1845))
P000039	named	T. E. H. O'Brien	168	1893	1945	Director | Director of Research | Director, Rubber Research Scheme | Chemist, Rubber Research Scheme, Ceylon	review	Q7791120	Thomas Joseph O'Brien	American politician (1878-1964)	1878	1964	politician|accountant|bank examiner	Thomas O'Brien		6	Q7701976 Terence O'Brien (British colonial governor (1830–1903)) ; Q27972820 Thomas C. O'Brien (American attorney and politician (1887-1) ; Q7817078 Tom O'Brien (British politician (1900-1970)) ; Q7701978 Terence O'Brien (British rower (1906–1982)) ; Q7701975 Terence O'Brien (British actor (1887-1970))
P000040	named	Malcolm Park	167	1921	1945	Mycologist | author | Acting Deputy Director of Agriculture | Government Mycologist	review	Q76068162	Malcolm Park	(died 1963)		1963		Malcolm Park		1	
P000041	named	M. Cochran	163	1881	1939	author | analyst | City Analyst | city analyst	none									0	
P000042	named	T. Y. Wright	161	1898	1945	Member | member | Board member | Member of the Board	review	Q16003781	Thomas Yates Wright	British planter (1869-1964)	1869	1964	cricketer	Thomas Yates Wright		4	Q7795329 Thomas Wright (Commodore) ; Q12897789 Tommy Wright (American statistician) ; Q78182210 Tom Wright (American male curler)
P000043	named	G. A. Talbot	157	1881	1925	Director | director | shareholder | Manager in Ceylon	review	Q5545072	George Talbot	English cricketer (1761-1850)	1761	1850	cricketer	George Talbot		2	Q5621545 Gustavus Arthur Talbot (British politician (1848–1920))
P000044	named	A. M. Ferguson	153	1881	1941	author | Commissioner for Ceylon | author of the article | author of letter	review	Q183094	Adam Ferguson	Scottish philosopher and historian; (1723-1816)	1723	1816	writer|military personnel|economist|historian|librarian	Adam Ferguson	writer	6	Q7525900 Sir Adam Ferguson (Keeper of the regalia in Scotland (1770-) ; Q75633278 Sir Andrew Ferguson, 1st Baronet ((died 1808)) ; Q123524265 Alexander Ferguson (New Zealand mayor) ; Q4798683 Arthur Ferguson (British police officer (1862-1935)) ; Q4786309 Archibald Ferguson (footballer)
P000045	named	C. S. Armstrong	153	1881	1911	author | tea planter, Rookwood | tea planter | Director	review	Q5174243	Cosmo Armstrong	English line-engraver (1781–1836)	1781	1836	graphic artist|copper engraver|engraver	Cosmo Armstrong		1	
P000046	named	J. L. Shand	152	1883	1912	Director | author | shareholder | author of the paper	auto	Q6257403	John Shand	university professor, educationalist, administrator (1834-1914)	1834	1914	mathematician	John Shand	administrator	1	
P000047	named	Arthur Gordon	151	1881	1913	Governor | Governor of Ceylon | Governor of Fiji | late Governor	auto	Q335510	Arthur Hamilton-Gordon, 1st Baron Stanmore	British politician and colonial administrator (1829-1912)	1829	1912	politician	Arthur Charles Hamilton-Gordon	administrator,~administrator	1	
P000048	named	J. J. Grinlinton	151	1885	1903	Commissioner | Managing Director | director | Commissioner for Ceylon at the Chicago Exhibition	review	Q64853680	John Grinlinton					John Grinlinton		1	
P000049	named	C. H. Gadd	150	1920	1945	author | visitor | Visitor | Mycologist	none									0	
P000050	named	J. C. Hutson	150	1919	1945	Entomologist | Government Entomologist | author | Acting Director of Agriculture	none									0	
P000051	named	R. H. Lock	149	1906	1945	author | abstractor | Assistant Director | researcher	auto	Q19974836	Robert Heath Lock	English geneticist and botanist (1879-1915)	1879	1915	botanist	Robert Heath Lock	botanist	2	Q15967761 Sir Robert Lock (British army officer (1879-1957))
P000052	named	W. Ferguson	148	1881	1934	author | botanist | F.L.S. | correspondent	auto	Q8008992	William Ferguson	botanist and entomologist (1820-1887)	1820	1887	zoologist|entomologist|botanist	William Ferguson	botanist,~botanist	7	Q2578990 William Gouw Ferguson (Scottish artist (1632-1695)) ; Q73966561 William Webb Ferguson (American politician) ; Q16043487 William Ferguson (American settler of Los Angeles) ; Q8008994 William Ferguson (Civil engineering manager and consultant) ; Q8021502 Willie Ferguson (Scottish footballer) ; Q55720613 William J. Ferguson (American actor)
P000053	named	C. E. A. Dias	144	1899	1941	Member | member | member of the Committee | Member of the Board	review	Q4161067	Cello Dias	Brazilian bassist			musician|double-bassist|percussionist|bass guitarist	Cello Dias		1	
P000054	named	J. E. Taylor	137	1881	1910	Editor of 'Science Gossip' | Editor of "Science Gossip" | planter | Editor of Science Gossip	review	Q6260328	John Taylor	English publisher, essayist, and writer (1781-1864)	1781	1864	bookseller|publisher	John Taylor	journalist,~journalist,writer	22	Q3182569 John Taylor (English landscape gardener, and real est) ; Q6144040 James Taylor (British citizen who introduced tea plant) ; Q6231355 John Edward Taylor (British journalist and publisher (1791–1) ; Q6231692 John Ellor Taylor (English popular science writer) ; Q6241301 John J. Taylor (American politician (1808-1892)) ; Q6282860 Joseph Edward Taylor (American politician (1830-1913)) ; Q88316
P000055	named	Carl Linnaeus	135	1881	1941	botanist | botanist authority | taxonomist | author	auto	Q1043		Swedish botanist, physician, and zoologist (1707–1778); developed the foundations of modern taxonomy	1707	1778	university teacher|mycologist|bryologist|pteridologist|arachnologist	Carl von Linnaeus	botanist,~botanist	1	
P000056	named	H. Drummond Deane	133	1881	1910	author of letter | shareholder | author of the letter | correspondent	review	Q5720270	Henry Deane	Australian engineer and scientist (1847-1924)	1847	1924	engineer|biologist|paleontologist|botanical collector|botanist	H.Deane	engineer	2	Q5668353 Harry Deane (Major League Baseball player, Manager (1)
P000057	named	R. V. Norris	133	1920	1945	Director and Secretary | Director, Tea Research Institute of Ceylon | Director, Tea Research Institute | Director, T.R.I.	review	Q133836236	R. V. Norris	American mining engineer (1864–1928)				R. V. Norris		1	
P000058	named	Ferdinand von Mueller	130	1881	1923	botanist | author | author of Eucalyptographia | Government botanist	none									0	
P000059	named	Robert Cross	130	1881	1931	collector | botanist | author of the letter | Collector	review	Q55908380	Robert A Cross	researcher			researcher	Robert A Cross		6	Q97905072 Robert W Cross (researcher) ; Q76076354 Robert Adam Brisbane Cross (Peerage person ID=513554) ; Q96104129 Robert Cross (researcher) ; Q107243597 Robert Cross (person in the Aberdeen Register of Retur) ; Q75778095 Robert Cross (Peerage person ID=329223)
P000060	named	Solomon Dias Bandaranaike	128	1900	1941	member | Member | member of the Board | absent member	review	Q136657268	Solomon Dias Bandaranaike	Mudaliyar of Siyane Korale, 1st Udugaha Mudaliyar	1774			Solomon Dias Bandaranaike		2	Q7558589 Sir Solomon Dias Bandaranaike (Ceylonese colonial headman (1862–1946))
P000061	named	John Horsfall	127	1881	1938	member | Member of the Board | Member | member of the Committee	none									0	
P000062	named	N. Wickremaratne	126	1908	1945	Agricultural Instructor | Secretary | Mudaliyar | author	none									0	
P000063	named	R. Blechynden	125	1884	1909	promoting Indian tea in America | author of the letter | correspondent | author of the report	none									0	
P000064	named	Wyndham R. Dunstan	125	1884	1945	Director of the Imperial Institute | Professor | author | analyst	auto	Q15997759	Wyndham Dunstan	British psychiatrist	1861	1949	psychiatrist|chemist	Wyndham Dunstan	chemist	1	
P000065	named	J. W. Oldfield	124	1910	1945	Member of the Board | Board member | member | Chairman	review	Q18576603	Josiah Oldfield	English lawyer, physician, and writer on health (1863-1953)	1863	1953	physician|lawyer	Josiah Oldfield		1	
P000066	named	H. H. Mann	123	1894	1945	author | Scientific Officer to the Indian Tea Association | Scientific Officer to the Association | Principal, Agricultural College, Poona	auto	Q1581057	Hans Liebermann	German chemist (1876–1938)	1876	1938	chemist|university teacher	Hans Liebermann	chemist,~agriculturist	1	
P000067	named	W. R. C. Paul	123	1927	1945	Agricultural Officer, Central Division | Acting Plant Pathologist | Divisional Agricultural Officer, Northern | author	review	Q57227	Wolfgang Paul	German physicist (1913–1993)	1913	1993	physicist	Wolfgang Paul		1	
P000068	named	William Gregory	122	1881	1943	Governor | Governor of Ceylon | late Governor | former Governor of Ceylon	review	Q882213	William Gregory	Governor of Rhode Island (1849-1901)	1849	1901	politician|governor	William Gregory	administrator,~administrator	7	Q128807596 William Gregory (American rower, Syracuse (1954)) ; Q5770736 William Gregory (Scottish physician and chemist (1803–185) ; Q18672762 William Gregory (British politician; (1762-1840)) ; Q75552620 William Gregory ((1792-1878)) ; Q122963961 William Gregory (Irish politician and senior civil servan) ; Q91546589 William D. Gregory (American sea captain)
P000069	named	R. Child	120	1932	1945	Director of Research | Director of Research, Coconut Research Scheme | Chief Technical Officer | Director, Coconut Research Scheme	review	Q61136282	Richard Child	American writer			writer	Richard Child	writer	2	Q7329822 Richard Washburn Child (American diplomat)
P000070	named	M. A. Lawson	119	1882	1897	Government Botanist and Director of Cinchona Plantations, Nilgiris | Director of Government Cinchona Plantations, Parks and Gardens, Nilgiris | author of report | Government Botanist and Director of Cinchona Plantations	auto	Q5999683	Marmaduke Alexander Lawson	botanist (1840-1896)	1840	1896	botanist	Marmaduke Alexander Lawson	botanist,~horticulturist	1	
P000071	named	G. Harbord	117	1909	1944	Divisional Agricultural Officer | Divisional Agricultural Officer, Southern Division | Secretary | Manager, Experiment Station, Peradeniya	none									0	
P000072	named	R. H. Beddome	115	1881	1922	botanist | Conservator of Forests | author of report | late Conservator of Forests, Madras	auto	Q2985757	Richard Henry Beddome	British scientist, naturalist, and military officer (1830-1911)	1830	1911	naturalist|military officer|botanist|botanical collector|scientific collector	Richard Henry Beddome	botanist,military,~botanist,~forester	1	
P000073	named	J. Holloway	113	1881	1928	author of letter | correspondent | author | author of the letter	review	Q59483326	James Holloway	researcher (particle physics)			researcher	James Holloway		1	
P000074	named	E. Rodrigo	111	1932	1944	Chairman | Acting Director of Agriculture | Director of Agriculture | Acting Director of Agriculture and Chairman of the Board	none									0	
P000075	named	William Jardine	110	1882	1909	planter | coconut planter | author of the letter | author	review	Q3116136	William Jardine	British businessman and politician (1784-1843)	1784	1843	physician|entrepreneur|merchant|politician|surgeon	William Jardine		4	Q729969 Sir William Jardine, 7th Baronet (Scottish ornithologist and naturalist (1) ; Q61133008 William Jardine () ; Q4720375 Alexander William Jardine (Australian harbour engineer (1843–1920))
P000076	named	Joseph Chamberlain	109	1882	1933	Secretary of State for the Colonies | Secretary of State | Colonial Secretary | Right Hon.	review	Q136259469	Joseph Chamberlain		1801	1864		Joseph Chamberlain		4	Q75570985 Joseph Chamberlain ((1796-1874)) ; Q75553082 Joseph Chamberlain ((born 1698)) ; Q105965656 Joseph Scudder Chamberlain (American chemist and botanist (1870 - 19)
P000077	named	A. W. Beven	108	1889	1925	member | Member | present | author	none									0	
P000078	named	J. C. Haigh	107	1927	1945	Botanist | Economic Botanist | author | visitor	none									0	
P000079	named	J. H. Hart	107	1882	1931	author | Superintendent, Royal Botanic Gardens, Trinidad | superintendent | of Trinidad	none									0	
P000080	named	G. H. Alston	106	1889	1906	Director | shareholder | director | member present	none									0	
P000081	named	A. J. Bamford	105	1913	1942	Supdt. Observatory | Superintendent, Observatory | author | Supdt., Observatory	none									0	
P000082	named	E. C. Villiers	105	1915	1943	Member | member | absent member | Member of the Board	none									0	
P000083	named	E. Elliott	104	1881	1938	author | author of the letter | author of paper on rice cultivation | author of paper	none									0	
P000084	named	J. H. Barber	104	1883	1920	author | correspondent | member | purchaser	review	Q6263080	John Warner Barber	American historian (1798-1885)	1798	1885	historian	John Barber	writer	2	Q6290416 Josiah Barber (American mayor)
P000085	named	E. B. Creasy	103	1881	1904	Agent in Colombo, Ceylon | Agent in Colombo | correspondent | agent for A. Thompson	none									0	
P000086	named	E. T. Hoole	102	1887	1921	author | Acting G.V.S. | Acting Govt. Veterinary Surgeon | Assistant Veterinary Surgeon	none									0	
P000087	named	R. K. S. Murray	102	1902	1944	Mycologist, Rubber Research Scheme (Ceylon) | Deputy Director of Agriculture | Botanist and Mycologist | Mycologist, Rubber Research Scheme, Ceylon	review	Q7308582	Reginald Augustus Frederick Murray	Australian geologist (1846-1925)	1846	1925	geologist|civil servant	Reginald Murray		1	
P000088	named	George Wall	101	1881	1922	lecturer | botanist | editor | author of the paper	review	Q1375826	George Charles Wallich	British biologist (1815–1899)	1815	1899	physician|marine biologist|botanist	G.C.Wall.	botanist,~botanist	3	Q21612053 George Wall (botanist (1821-1894)) ; Q124306752 George Wall (English speedway rider)
P000089	named	E. M. Holmes	100	1881	1936	author | of the Pharmaceutical Society | Curator of the Museum of the Pharmaceutical Society of Great Britain | author of paper	review	Q18910510	Edward Morell Holmes	British botanist and bryologist (1843-1930)	1843	1930	botanical collector|botanist|bryologist|scientific collector	Edward Morell Holmes		1	
P000090	named	F. P. Jepson	100	1913	1942	Assistant Entomologist | visitor | Visitor | Asst. Entomologist	none									0	
P000091	named	M. Rogivue	100	1890	1906	agent in Russia | correspondent | mission to Russia | agent in Moscow	none									0	
P000092	named	Wace de Niese	100	1924	1945	member | Member | Board Member | member of the Committee	none									0	
P000093	named	Joseph Fraser	98	1881	1923	Director | Chairman | Visiting Agent | Member	review	Q18912351	Joseph Fraser	Australian phrenologist and author of Melbourne and Mars – My Mysterious Life on Two Planets. Extracts from the Diary of a Melbourne Merchant (1889), a utopia set on Mars			science fiction writer|phrenologist	Joseph Fraser		2	Q87799868 Joseph Fraser (researcher)
P000094	named	David Reid	97	1885	1904	Director | director | Chairman | shareholder	review	Q56112073	David W. Reid	researcher			researcher	David W. Reid		5	Q22109773 David G. Reid (malacologist) ; Q361245 David Settle Reid (American politician (1813-1891)) ; Q17167550 David Reid (British film producer) ; Q59696029 David Reid (researcher ORCID ID = 0000-0001-6832-241)
P000095	named	R. E. Pineo	97	1883	1899	planter | author | author of the letter | Secretary	none									0	
P000096	named	West Ridgeway	97	1895	1941	Governor | Governor of Ceylon | His Excellency | official	auto	Q527319	West Ridgeway	British civil servant and colonial administrator (1844-1930)	1844	1930	politician|diplomat|civil servant	West Ridgeway	administrator,~administrator	1	
P000097	named	D. S. Senanayake	96	1892	1945	Minister for Agriculture and Lands | Member | Board member | member	auto	Q663001	Don Stephen Senanayake	Prime Minister of Sri Lanka (1884-1952)	1884	1952	politician|diplomat	Don Stephen Senanayake	politician,~politician	1	
P000098	named	G. Bidie	96	1881	1896	of Madras | Surgeon-General | author | Surgeon-General with the Government of Madras	auto	Q5536973	George Bidie	British general (1830-1913)	1830	1913	military physician	George Bidie	military,physician	1	
P000099	named	R. P. Gaddum	96	1925	1945	Chairman, Planters' Association of Ceylon | Member | member | member of the Board	review	Q47471575	R. P. Gaddum	British politician	1898	1957		R. P. Gaddum		1	
P000100	named	T. Eden	96	1893	1945	Agricultural Chemist | author | Agricultural Chemist, Tea Research Institute | Visitor	review	Q76051971	T. Eden	Peerage person ID=496428				T. Eden		1	
P000101	named	J. E. Howard	95	1881	1943	botanist | analyst | author | F.R.S.	review	Q653713	John Eager Howard	American politician, 5th Governor of Maryland	1752	1827	politician	John Eager Howard		1	
P000102	named	W. G. McIvor	95	1882	1892	botanist | Supdt. Government Cinchona Plantations | planter | sender of seed	review	Q21520254	William Graham McIvor	botanist (1824-1876)	1824	1876	botanist	William Graham McIvor	botanist	1	
P000103	named	H. N. Ridley	94	1885	1941	author | Director of the Botanic Gardens, Singapore | Director | botanist	auto	Q733709	Henry Nicholas Ridley	English botanist and geologist (1855–1956)	1855	1956	mycologist|pteridologist|scientific collector|botanical collector|botanist	Henry Nicholas Ridley	botanist,~botanist,~forester,~horticulturist	1	
P000104	named	W. H. Figg	94	1890	1913	Director | Chairman | shareholder | director	none									0	
P000105	named	Wilmot A. Perera	94	1901	1945	member | Member | Mudaliyar | member of the Board	review	Q16007470	Wilmot A. Perera	Member of Parliament of Sri Lanka and Ambassadors to China	1905	1973	politician|diplomat	Wilmot A. Perera		1	
P000106	named	J. S. Gamble	93	1883	1925	author | Conservator of Forests | Conservator of Forests, Northern Circle | author of Manual of Indian Timbers	auto	Q1461150	James Sykes Gamble	British botanist (1847-1925)	1847	1925	botanist|scientific illustrator|forester|scientific collector|botanical collector	James Sykes Gamble	botanist,forester,~botanist,~forester	2	Q6234795 John Gamble (English composer and musician)
P000107	named	H. A. Deutrom	92	1912	1929	Acting Secretary | Acting Manager, Experiment Station, Peradeniya | Acting Manager, Experiment Stations | present	none									0	
P000108	named	Henry Blake	92	1887	1945	Governor | Governor of Jamaica | Governor of Ceylon | founder of the Society	auto	Q2607896	Henry Arthur Blake	12th Governor of Hong Kong (1840–1918)	1840	1918	politician|governor|colonial administrator	Henry Arthur Blake	administrator,~administrator	7	Q111025449 Henry Nichols Blake (American jurist (1838–1933)) ; Q75312494 Henry Blake ((1789-1856)) ; Q75655354 Henry Blake ((died 1858)) ; Q42283881 Sir Henry Charles Blake, 4th Baronet ((1794–1880)) ; Q75312446 Henry Blake ((born 1852)) ; Q50841784 Henry Blake ((born 1640))
P000109	named	N. Wickramaratne	92	1906	1944	Agricultural Instructor | Mudaliyar | Secretary, Food Products Committee | author	none									0	
P000110	named	Emerson Tennent	91	1882	1942	author | writer | Colonial Secretary | author quoted	none									0	
P000111	named	N. K. Jardine	91	1915	1938	visitor | Visitor | Entomologist for Tea Tortrix | Plant Pest Inspector	none									0	
P000112	named	W. W. Mitchell	91	1882	1913	shareholder | Director | Hon. | Hon. member present	none									0	
P000113	named	William Roxburgh	91	1881	1912	botanist | author of Flora Indica | Botanist | author	review	Q748967	William Roxburgh	British surgeon and botanist (1751–1815)	1751	1815	illustrator|surgeon|botanist|botanical collector|entomologist	William Roxburgh	botanist	2	Q21607495 William Roxburgh, Junior (botanist)
P000114	named	B. M. Selwyn	89	1926	1940	Member | member | Member of the Board | Board member	none									0	
P000115	named	Ernest Tye	89	1881	1902	Secretary | Secretary, Indian Tea Association | shareholder | Secretary, Indian Tea Districts Association	none									0	
P000116	named	George Seton	89	1882	1912	correspondent | shareholder | author of letter | compiler of figures	review	Q5544428	George Seton	British genealogist (1822–1908)	1822	1908	genealogist	George Seton		4	Q43916221 George Seton (person associated with the witch trials ) ; Q75935289 George William Seymour Seton (Peerage person ID=413370) ; Q75940320 George Seton (Peerage person ID=416832)
P000117	named	H. D. Garrick	89	1903	1935	member | Member | member of the Committee | Present	none									0	
P000118	named	H. Jameson	89	1919	1939	Supdt., Observatory | Superintendent, Observatory | Actg. Supdt., Observatory | Supdt. Observatory	review	Q5725232	Henry Lyster Jameson	Irish zoologist, educationist and Marxist (1874–1922)	1874	1922	zoologist|scientific collector|speleologist	Henry Lyster Jameson		1	
P000119	named	B. H. Paul	88	1881	1924	analyst | chemist | author | analyst, London	none									0	
P000120	named	E. V. Carey	87	1892	1917	Chairman | planter | Chairman, United Planters' Association | land applicant	none									0	
P000121	named	A. Bruce	86	1893	1945	author | present | Unofficial Member, Western Province | Government Agricultural Chemist	review	Q348489	James Bruce	Scottish explorer and botanist (1730–1794)	1730	1794	astronomer|historian|cartographer|geographer|botanist	Abyssinian Bruce	~agriculturist,writer	7	Q4756159 Andrew A. Bruce (American politician) ; Q15998484 Alexander Livingstone Bruce (Scottish capitalist in Myasaland) ; Q4718299 Alexander Balmain Bruce (Scottish theologian (1831–1899)) ; Q67905614 Alexander Campbell Bruce (architect) ; Q16066469 Alexander B. Bruce (American politician) ; Q20027840 Alexander Bruce (Scottish surgeon and neurologist)
P000122	named	F. H. Griffith	86	1892	1945	member | Member | Board member | Member of the Board	none									0	
P000123	named	H. A. Wickham	86	1881	1944	author | planter at Maragen | grower of Liberian coffee | speaker	none									0	
P000124	named	J. N. Campbell	86	1886	1910	Director | Chairman | director | Member	none									0	
P000125	named	T. J. Lipton	86	1889	1912	tea merchant | tea dealer | purchaser | proprietor	none									0	
P000126	named	C. E. H. Symons	85	1881	1906	analyst | Secretary | Director | Managing Director	none									0	
P000127	named	Eugene C. Schrottky	85	1881	1917	Technical and Agricultural Chemist | experimenter | author of the letter | planter, Gangapitiya	none									0	
P000128	named	Gordon Pyper	85	1881	1940	member | Member | Director | shareholder	review	Q75499197	Gordon Pyper	Peerage person ID=178782				Gordon Pyper		2	Q76323495 Gordon Pyper ((1850-1916))
P000129	named	J. H. Renton	85	1890	1921	author of the letter | shareholder | Chairman | Member	none									0	
P000130	named	I. L. Cameron	84	1927	1943	Member of the Board | Member | Board member | member	none									0	
P000131	named	William Smith	84	1881	1928	planter | of Mattakelly | cinchona cultivator | of Mattakelle	review	Q559411	William Smith	English lexicographer (1813–1893)	1813	1893	writer|translator|literary editor|linguist|lexicographer	William Smith	writer	8	Q782091 William Smith (member of U.S. Senate representing South) ; Q650795 William Smith (lawyer, congressman, the 30th and 35th G) ; Q478117 William E. Smith (American politician (1824–1883)) ; Q1338318 William Smith (English captain who discovered the South) ; Q18534997 William Smith (English printseller (1808–1876)) ; Q108162123 William Smith (British Royal Navy officer, commander in) ; Q115868
P000132	named	A. Melville White	83	1884	1906	Chairman | author of letter | Chairman, Planters' Association of Ceylon | Chairman of the Planters' Association	none									0	
P000133	named	Arthur Havelock	83	1885	1914	Governor | Governor of Ceylon | His Excellency | official	auto	Q709735	Arthur Havelock	British colonial administrator (1844-1908)	1844	1908	governor|colonial administrator	Arthur Havelock	administrator	1	
P000134	named	D. T. E. Dassanayake	83	1929	1945	Superintendent, Observatory | Superintendent Observatory | Acting Superintendent, Observatory | Actg. Supdt., Observatory	none									0	
P000135	named	Edward Money	83	1881	1896	author | author of a book on tea | author of Prize Essay on Tea Cultivation | author of Prize Essay	review	Q124293510	Edward Money					Edward Money		1	
P000136	named	George King	83	1881	1922	Superintendent | Surgeon-Major, Superintendent, Royal Botanic Garden, Calcutta | author | superintendent of the Royal Botanic Garden	review	Q2566984	George King	British botanist (1840-1909)	1840	1909	botanical collector|botanist|scientific collector	George King	botanist	9	Q5541340 George King (British Royal Navy officer (1809-1891)) ; Q1507431 George Gordon King (American politician (1807-1870)) ; Q108284891 George King (British Royal Navy officer, commander in) ; Q98398891 George Rogers King (American judge) ; Q76044878 George King ((1820-1876)) ; Q3101552 George Edwin King (Canadian judge) ; Q16060050 George King (Merchant, pastoralist and politician in ) ; Q1100
P000137	named	James Westland	83	1882	1912	author of letter | proposer of labour scheme | shareholder | individual	review	Q18954303	James Westland	Scottish administrator in India	1842	1903	colonial administrator	James Westland		1	
P000138	named	L. Lord	82	1926	1941	author | Economic Botanist, Ceylon | Economic Botanist | Economic Botanist, Department of Agriculture	none									0	
P000139	named	C. Driberg	81	1894	1944	Secretary | Secretary, Ceylon Agricultural Society | Secretary, C. A. S. | member	none									0	
P000140	named	George Brown	81	1887	1938	member | Member | member of the Committee | Committee member	review	Q642382	George Brown	Scottish-born Canadian politician (1818–1880)	1818	1880	politician|businessperson|editing staff|journalist|publisher	George Brown		2	Q5537313 George Brown (English footballer and football manager )
P000141	named	Hercules Robinson	81	1881	1917	Governor | Governor of Ceylon | former employer of Mr. Cockburn Stewart | continued restoration of irrigation works	auto	Q336750	Hercules Robinson, 1st Baron Rosmead	5th Governor of Hong Kong (1824-1897)	1824	1897	politician	Hercules George Robert Robinson	administrator,~administrator	3	Q18730441 Hercules Robinson (Irish naval officer (1789-1864)) ; Q26418658 Hercules Robinson, 2nd Baron Rosmead (peer (? -1933))
P000142	named	A. Whyte	80	1881	1904	exhibitor | author | of Kandy | prize winner	none									0	
P000143	named	J. D. Hooker	80	1881	1940	author | botanist | Director of the Royal Gardens, Kew | editor of Flora of Ceylon	auto	Q157501	Joseph Dalton Hooker	British botanist, lichenologist, and surgeon (1817–1911)	1817	1911	writer|surgeon|botanical collector|botanist|mycologist	Joseph Dalton Hooker	botanist,~botanist,~horticulturist,~journalist,writer	4	Q24845628 John Hooker (American lawyer, judge, abolitionist, an) ; Q6239762 John Hooker (English writer, solicitor, antiquary, ci) ; Q315597 Joseph Hooker (American Union Army general (1814–1879))
P000144	named	J. B. Coles	79	1888	1932	member | Member | member of the Committee | absent member	none									0	
P000145	named	M. Fernando	79	1936	1944	author | Research Probationer in Plant Pathology | Acting Botanist | Assistant Botanist	none									0	
P000146	named	N. D. S. Silva	79	1914	1942	member | Member | absent member | member of the Committee	none									0	
P000147	named	R. C. Kannangara	79	1920	1945	member | Member | absent member | Member (absent)	review	Q62584152	R. C. Kannangara	Sri Lankan plantation owner and politician (1920–1946)	1920	1946		R. C. Kannangara		1	
P000148	named	S. Kandiah	79	1925	1945	author | Assistant in Agricultural Chemistry | researcher | Asst. in Agricultural Chemistry	none									0	
P000149	named	Henry Ward	78	1881	1935	Governor | Governor of Ceylon | official | Administrator	review	Q78301500	Henry Ward	(1818-1840)	1818	1840		Henry Ward		5	Q5729841 Henry Ward (English soldier (c. 1823 – 1867); recipi) ; Q75353934 Henry Ward (Irish rector) ; Q5717547 Henry Augustus Ward (American naturalist (1834–1906)) ; Q76154886 Henry Ward (Peerage person ID=568507)
P000150	named	Dietrich Brandis	77	1881	1919	author | Inspector-General of Forests | botanist | forester	review	Q71069	Dietrich Brandis	German botanist and forester (1824–1907)	1824	1907	naturalist|university teacher|forester|botanical collector|botanist	Dietrich Brandis	botanist,forester,~botanist,~forester	2	Q91082 Joachim Dietrich Brandis (German-Danish physician (1762-1845))
P000151	named	T. B. Panabokke	77	1887	1945	member | Board member | Member | Chairman	none									0	
P000152	named	W. Small	77	1915	1934	Mycologist, Department of Agriculture, Ceylon | Acting Director of Agriculture | Mycologist, Department of Agriculture | researcher	review	Q47126427	William Small	botanist			botanist|botanical collector	William Small	~agriculturist,~mycologist	6	Q23023518 William B. Small (Scottish trade unionist) ; Q19999567 William Small ((1843 - 1929) British watercolorist and ) ; Q2577936 William B. Small (American politician (1817–1878)) ; Q55605453 Bill Small (hurler) (Irish hurler (1897-1962)) ; Q112762961 Wilson Small (American businessperson)
P000153	named	J. Mccombie Murray	76	1883	1915	author | author of letter | tea merchant, Philadelphia | scientist	review	Q1701176	John Murray	Scottish publisher, third of the name (1808-1892)	1808	1892	bookseller|publisher	John (III) Murray	journalist	4	Q48990034 John Murray (Scottish abolitionist and social activis) ; Q6249955 John Murray (Australian pastoralist and politician) ; Q703564 John Murray (Scottish oceanographer, marine biologist)
P000154	named	J. S. Patterson	76	1891	1929	member | Member | member of the Committee | absent member	none									0	
P000155	named	Thomas Farr	76	1883	1908	correspondent | author | member | Honorary Secretary	review	Q75321051	Thomas Farr	Peerage person ID=61393				Thomas Farr		3	Q96186349 Thomas Farr (Bristol ship owner and slave trader) ; Q75948425 Thomas Farr (Peerage person ID=422846)
P000156	named	W. Youngman	76	1930	1945	Chairman | Director of Agriculture | Chairman of the Board | Director of Agriculture (Chairman)	none									0	
P000157	named	Clements Markham	75	1881	1940	botanist | author | expedition leader | traveller	auto	Q507802	Clements Markham	British geographer (1830-1916)	1830	1916	writer|historian|civil servant|translator|geographer	Clements Markham	administrator,botanist,explorer,writer	1	
P000158	named	John Muir	75	1886	1902	Chairman | shareholder | interested in Indian and Ceylon teas | planter	review	Q379580	John Muir	Scottish-American naturalist (1838–1914)	1838	1914	writer|naturalist|inventor|mechanic|polymath	John Muir		6	Q1701160 John Muir (Scottish/South African physician, natura) ; Q105620725 John Muir () ; Q18672027 John Muir (Scottish merchant (1828–1903)) ; Q2075814 John Muir (Scottish Sanskrit scholar and Indologist) ; Q76082734 John Muir ((1774-1851))
P000159	named	Samuel Cleland Davidson	75	1881	1901	Merchant | Merchant, Belfast, Ireland | inventor | merchant, Belfast, Ireland	auto	Q15967290	Samuel Cleland Davidson	Irish inventor and engineer (1846-1921)	1846	1921	engineer	Samuel Cleland Davidson	engineer	1	
P000160	named	E. J. Butler	74	1901	1942	Imperial Mycologist | author | researcher | Director of the Imperial Bureau of Mycology	auto	Q5346564	Edwin John Butler	British botanist (1874-1943)	1874	1943	botanical collector|botanist|mycologist|phytopathologist|microbiologist	Edwin John Butler	botanist,mycologist,~botanist,~mycologist	2	Q28321134 E. J. Butler (British civilian maritime AB/Gunlayer de)
P000161	named	R. N. Lyne	74	1897	1942	Director of Agriculture | Director of Agriculture, Zanzibar | author | Organising Vice-President	review	Q125159663	R. N. Lyne	Editor of ""al-Jāzit al-Muʾlin bi'l-Bashāʾir wa'l-Asrār"" published in Zanzibar			journalist|journal editor	R. N. Lyne		1	
P000162	named	A. Thomson	73	1885	1910	Director | director | shareholder | Chairman	review	Q105096863	A. Thomson	British artist, active 1840			artist	A. Thomson		3	Q56549422 Alasdair Thomson (researcher) ; Q58150210 Allison M. Thomson (researcher, ORCID id # 0000-0001-5326-17)
P000163	named	Andrew Clark	73	1883	1903	physician | chemist | celebrated physician | spoke against Indian tea	auto	Q2846583	Sir Andrew Clark, 1st Baronet	British pathologist (1826–1893)	1826	1893	pathologist|physician	Sir Andrew Clark	physician	8	Q108498206 Andrew Clark (React developer) ; Q75447568 Andrew Clark (Peerage person ID=147677) ; Q107065245 Andrew Clark (Chief of Air Force (New Zealand)) ; Q121314953 Andrew Clark () ; Q38325354 Andrew R. Clark (researcher) ; Q76618078 Andrew Clark (school inspector) ; Q57018933 Andrew F Clark (researcher)
P000164	named	J. Parkin	73	1882	1942	author | researcher | Scientific Assistant | botanist	none									0	
P000165	named	John Brown	73	1881	1912	Managing Director | Chairman of the Board | late Managing Director | of the Uva Coffee Company	review	Q637377	John Brown	Scottish personal servant and favourite of Queen Victoria (1826–1883)	1826	1883	domestic worker|house servant	John Brown		4	Q433454 John Brown (American lawyer and statesman, Virginia ) ; Q108511994 John Brown (Bombardier in Royal Artillery, British A) ; Q108162128 John Brown (British Royal Navy officer, lieutenant i)
P000166	named	R. V. Webster	73	1886	1906	correspondent | shareholder | Committee member | author of the letter	none									0	
P000167	named	W. H. Wright	73	1881	1937	planter | coconut planter | horticulturist | exhibitor	review	Q41714069	William H. Wright	American writer and naturalist	1856	1934	naturalist	William H. Wright	~agriculturist,~horticulturist	8	Q122802907 William H. Wright (treasurer of the Territory of Hawaii) ; Q122802975 William H. Wright () ; Q105012253 William Henry DeCourcy Wright (diplomat, coffee importer 1795-1864) ; Q509471 William Wright (British orientalist and professor (1830–) ; Q8020598 William Wright (aural surgeon born 1773) ; Q137785576 William Wright () ; Q17211907 William Wright (Anglican missionary to Japan)
P000168	named	William Jackson	73	1884	1925	inventor of the Excelsior machine | Engineer | tea machinist | inventor of the Excelsior	review	Q2579480	William Jackson	United States Representative from Massachusetts (1783-1855)	1783	1855	politician|abolitionist	William Jackson		4	Q110938256 William Jackson (Lord Mayor of Manchester 1923-1924) ; Q109951685 William Jackson ((1768-1842)) ; Q108316958 William Jackson (researcher)
P000169	named	E. A. Ormerod	72	1882	1928	author | Late Consulting Entomologist to the Royal Agricultural Society of England | entomologist | author, late Consulting Entomologist to the Royal Agricultural Society of Englan	none									0	
P000170	named	Giles F. Walker	72	1882	1911	Director | Chairman, Planters' Association of Ceylon | Chairman Planters' Association of Ceylon | of Dikoya	none									0	
P000171	named	R. B. Tytler	72	1881	1914	planter | Chairman of the Planters' Association | author | father of Ceylon planters	none									0	
P000172	named	W. Herbert Anderson	72	1884	1906	Director | shareholder | director | member of the Tea and Produce Committee	none									0	
P000173	named	A. E. Wright	71	1883	1902	shareholder | Maskeliya | tea planter | correspondent	review	Q977408	Almroth Wright	British microbiologist and immunologist (1861–1947)	1861	1947	microbiologist|immunologist|writer|teacher|physician	Almroth Wright		3	Q105920452  (politician in Massachusetts, US) ; Q2818928  (American tennis player)
P000174	named	C. Huntley Wilkinson	71	1887	1940	member | Member | Visitor | member of the Board	none									0	
P000175	named	E. B. Denham	71	1904	1945	Director of Education | Secretary, Ceylon Agricultural Society | Secretary of the Ceylon Agricultural Society | member of the Board	none									0	
P000176	named	Hugh Low	71	1881	1913	Resident of Perak | Resident | British Resident | Resident at Perak	auto	Q3100084	Hugh Low	British naturalist (1824-1905)	1824	1905	naturalist|botanist|colonial administrator	Hugh Low	administrator	1	
P000177	named	Rudolph D. Anstead	71	1908	1939	Planting Expert | author | Agricultural Superintendent, Grenada | Director of Agriculture, Madras	none									0	
P000178	named	A. T. Sydney Smith	70	1882	1945	member | Member | Member of the Board | member of the Committee	none									0	
P000179	named	Alexander Perera	69	1897	1926	recorder of rainfall | recorder | Visitor | recorder of rainfall data	none									0	
P000180	named	C. H. Collins	69	1919	1943	Treasury Representative | Deputy Financial Secretary | Acting Financial Secretary | Representing the Financial Secretary	review	Q103838950	C. H. Collins	New Zealand painter			painter	C. H. Collins		2	Q139921776 Charles H. Collins (Photographer)
P000181	named	Charles Ledger	69	1881	1943	source of seed | cinchona pioneer | botanist | collector of cinchona seeds	review	Q963818	Charles Ledger	farmer, clerk, and businessman noted for his work in connection with quinine	1818	1905	clerk	Charles Ledger		1	
P000182	named	E. Bonavia	69	1882	1908	author | of Etawah | author of letter | Civil Surgeon, Etawah	none									0	
P000183	named	Francis Watts	69	1892	1941	author | Commissioner of Agriculture for the West Indies | Government Chemist | Government Chemist and Superintendent of Agriculture for the Leeward Islands	auto	Q105082597	Sir Francis Watts	British chemist	1859	1930	chemist	Sir Francis Watts	chemist,~agriculturist	3	Q105086870 Francis Watts ((1780-1845)) ; Q105086608 Francis O. Watts ((1803-1860))
P000184	named	Francis Beven	68	1882	1941	Member of the Board | Member | Unofficial Member, Western Province | Committee member	none									0	
P000185	named	John Lawes	68	1883	1937	author | agricultural scientist | investigator | scientist	auto	Q901532	John Bennet Lawes	British scientist who invented synthetic fertilizer (1814-1900)	1814	1900	businessperson|farmer|inventor|chemist|agronomist	John Bennet Lawes	agriculturist,chemist,~agriculturist,~chemist,scientist	1	
P000186	named	L. A. D. Silva	68	1906	1922	Agricultural Instructor | Agricultural Instructor, Ratnapura | Instructor | Agricultural Instructor, Ratnapura District	none									0	
P000187	named	M. Treub	68	1882	1920	director | Directeur | Government botanist | Director of the Botanic Gardens, Buitenzorg, Java	auto	Q700909	Melchior Treub	Dutch botanist (1851-1910)	1851	1910	university teacher|botanist	Melchior Treub	botanist	2	Q2224534 Willem Treub (Dutch economist, politician and professo)
P000188	surname_pool	Queen Victoria	68	1882	1913	monarch | Monarch | Her Majesty | Queen	auto	Q9439	Victoria	Queen of the United Kingdom from 1837 to 1901 (1819-1901)	1819	1901	monarch	Victoria	royalty	1	
P000189	named	A. G. K. Borron	67	1881	1903	shareholder | author of the letter | correspondent | planter	none									0	
P000190	named	F. A. Obeyesekere	67	1919	1945	Member | Board member | Member of the Board | member	none									0	
P000191	named	F. F. Street	67	1887	1904	author | Buyer | member present | Buyer on Committee	none									0	
P000192	named	J. C. Kelly	67	1893	1945	Member of the Board | member | Member | Board Member	review	Q102198216	J. C. Kelly	Ph.D. University of Durham 1961				J. C. Kelly		1	
P000193	named	Alexander Ross	66	1881	1901	signatory | author of the paper | attendee | Director	review	Q528037	Alexander Ross	Canadian fur trader and author	1783	1856	explorer	Alexander Ross	writer	5	Q110178370 Alexander Ross () ; Q110178371 Alexander Ross () ; Q15452053 Alexander Ross (British engineer (1845–1923)) ; Q76023940 Alexander Ross (Peerage person ID=475407)
P000194	named	F. G. A. Lane	66	1883	1901	shareholder | Member | Director | Chairman of the Planters' Association	none									0	
P000195	named	G. B. Foote	66	1882	1937	member | member of the Committee | Member | Visitor	none									0	
P000196	named	J. W. Leather	66	1892	1941	Agricultural Chemist to the Government of India | author | researcher | agricultural chemist	none									0	
P000197	named	E. J. Russell	65	1898	1940	author | researcher | Director of the Rothamsted Experiment Station | researcher at Rothamsted	auto	Q5321987	Edward J. Russell	British agricultural scientist (1872–1965)	1872	1965	university teacher|author|researcher|agronomist|pedologist	Edward J. Russell	agriculturist,scientist,writer	1	
P000198	named	Elwood May	65	1888	1899	New York capitalist | proposer of tea distribution scheme, America | proposed accredited agent of the Planters' Association in America | tea merchant, Melbourne	none									0	
P000199	named	H. J. Vollar	65	1881	1911	shareholder | planter | Member | cacao grower	none									0	
P000200	named	James Sinclair	65	1881	1904	Chairman | author of the letter | Chairman and Managing Director | Managing Director	review	Q59703038	James Sinclair	consultant and author			entrepreneur|author|adviser|consultant	James Sinclair	writer	5	Q107456523 James Sinclair (British artist, active 19th century) ; Q125658103 James Sinclair (American psychology professor) ; Q6143227 James Sinclair, 14th Earl of Caithness (British politician (1821-1881)) ; Q76099640 James Sinclair ((1834-1904))
P000201	named	A. D. Hall	64	1902	1938	author | Director of the Rothamsted Experimental Station | of Rothamsted | Director of the Rothamsted Experiment Station	auto	Q4722515	Alfred Daniel Hall	British botanist (1864-1942)	1864	1942	scientist|agronomist|botanist	Alfred Daniel Hall	agriculturist,~agriculturist	2	Q138417220 Andrew Douglass Hall ()
P000202	named	C. N. E. J. de Mel	64	1925	1945	Principal, Farm School | Principal, School of Agriculture | Principal, Farm School, Peradeniya | visitor	none									0	
P000203	named	D. S. Cameron	64	1906	1931	Member | member | absent member | Member of the Board	review	Q3703382	David Young Cameron	British artist (1865-1945)	1865	1945	painter|etcher|printmaker|exlibrist	Sir David Cameron		9	Q5294127 Donald Cameron (Canadian academic, author, teacher and p) ; Q5294128 Donald Cameron (farmer, official and political figure on) ; Q5294125 Donald Cameron, 25th Lochiel ((1876-1951) British Army officer) ; Q5301304 Douglas Cameron (British flying ace) ; Q5294124 Donald Cameron of Lochiel (British politician (1835-1905)) ; Q27829243 David Cameron (Scottish foot player (1895-1953)) ; Q5314284
P000204	named	John Anderson	64	1889	1925	Director | Governor | Kandy and Matale West | shareholder	review	Q15994263	John Anderson	Scottish diplomatic agent and writer	1795	1845	translator|colonial administrator	John Anderson	administrator	6	Q1349404 John Anderson (Scottish anatomist and zoologist who wor) ; Q107456366 John Anderson (British painter) ; Q21460169 John Anderson (British painter (1835-1919)) ; Q110297150 John Anderson (British barrister) ; Q112194708 John Anderson ()
P000205	named	John Hamilton	64	1881	1903	author | correspondent | of Messrs. S. Rucker & Co. | author of letter	review	Q76328409	John Hamilton	English navy commander (1820-1864)	1820	1864	commander|naval officer	John Hamilton	military	8	Q3809311 John Hamilton (British naval officer (1714-1755)) ; Q75611909 John Hamilton of North Park (Peerage person ID=244100) ; Q108162131 John Hamilton (British Royal Navy officer, lieutenant i) ; Q108162132 John Hamilton (British Royal Navy officer, commander in) ; Q13219639 John Hamilton (American politician from Pennsylvania (1) ; Q6237432 John Hamilton (military officer in the British Army) ;
P000206	named	Rolf Smerdon	64	1915	1943	member | Member | visitor | member of the Board of Agriculture	none									0	
P000207	named	S. Muttutamby	64	1919	1945	Mudaliyar | Member | member | District Adigar, Mannar	none									0	
P000208	named	S. Pararajasingham	64	1927	1945	member | Member | Chairman, L.C.P.A. | Chairman, Low-Country Products Association	none									0	
P000209	named	W. Fawcett	64	1882	1945	author | Director of Public Gardens and Plantations | Director, Public Gardens and Plantations | Director of Public Gardens and Plantations, Jamaica	auto	Q3568610	William Fawcett	British botanist (1851-1926)	1851	1926	botanist|botanical collector|scientific collector	William Fawcett	botanist,~horticulturist	1	
P000210	named	Alexander von Humboldt	63	1881	1903	scientist | naturalist | traveller | author	auto	Q6694	Alexander von Humboldt	Prussian geographer, naturalist and explorer (1769–1859)	1769	1859	naturalist|astronomer|writer|physician|economist	Alexander von Humboldt	explorer,naturalist,~naturalist,writer	1	
P000211	named	C. Shand	63	1881	1903	author of the letter | nephew of Sir Wm. Reid | merchant | tea expert	none									0	
P000212	named	F. M. Mackwood	63	1882	1917	Director | shareholder | member present | signatory, Colombo	none									0	
P000213	named	Henry Cottam	63	1881	1903	author | author of the letter | correspondent | author of the report	none									0	
P000214	named	C. A. M. de Silva	62	1913	1945	member | Member | Board member | Assistant Botanist	none									0	
P000215	named	C. Drieburg	62	1889	1923	recorder of rainfall | author | Secretary | Secretary, C. A. S.	none									0	
P000216	named	H. W. Green	62	1882	1941	Director of Public Instruction | Director | speaker | late Director of Public Instruction	review	Q140775533	Harry W. Green	South African trade unionist (1875/1876–1926)	1870	1926	trade unionist	Harry W. Green		1	
P000217	named	J. G. Wardrop	62	1885	1929	Director | Manager | Chairman | member of the Board	none									0	
P000218	named	Jacob P. Storck	62	1881	1885	author of the letter | author | correspondent | of the Rewa	none									0	
P000219	named	C. Arulambalam	61	1934	1945	Member | member | member of the Board | Member of the Board	none									0	
P000220	named	Edward Barnes	61	1881	1941	Governor | Governor of Ceylon | Lieutenant-General | Lieut.-Governor and Governor of Ceylon	review	Q108317576	Edward Barnes					Edward Barnes		3	Q84523717 Edward L Barnes (researcher) ; Q75530862 Edward Barnes (Peerage person ID=197568)
P000221	named	J. B. Harrison	61	1883	1941	author | Professor | Barbados Professor of Chemistry | author, M.A., F.G.S., F.C.S.	auto	Q136164477	John Burchmore Harrison	British chemist & geologist (1856–1926)	1856	1926	chemist	John Burchmore Harrison	chemist	3	Q125704834 J. B. Harrison (Commissioner of Forests for New Hampshir) ; Q6272538 Jonathan Baxter Harrison (Unitarian minister, journalist, early so)
P000222	named	J. H. Maiden	61	1887	1923	author | Consulting Botanist, Sydney | Curator and Secretary | correspondent	auto	Q2583058	Joseph Henry Maiden	Anglo-Australian botanist (1859-1925)	1859	1925	botanist|botanical collector	Joseph Henry Maiden	botanist	1	
P000223	named	J. O. Moody	61	1881	1889	of Messrs. Jas. Henty & Co. | correspondent | tea expert, Melbourne | author	none									0	
P000224	named	N. G. Campbell	61	1896	1928	member | Member | member of the Committee | member of Committee	review	Q15999422	Neil Campbell	politician (1880-1960)	1880	1960	politician	Neil Campbell		1	
P000225	named	O. de Vries	61	1915	1936	author | researcher | researcher in Java | author of cited work	review	Q112443489	O. de Vries					O. de Vries		2	Q136713557 Onno de Vries ()
P000226	named	R. A. Fisher	61	1921	1943	author | statistician | author of Statistical Methods for Research Workers | author of The arrangement of Field Experiments	auto	Q216723	Ronald Fisher	British statistician, evolutionary biologist and geneticist (1890–1962)	1890	1962	astronomer|mathematician|statistician|geneticist|biostatistician	Ronald Fisher	economist	1	
P000227	named	A. H. Church	60	1881	1915	analyst | author of Food Grains of India | Professor | author	none									0	
P000228	named	H. H. Johnston	60	1883	1915	Commissioner | author | H. M. Commissioner and Consul-General | Director, Advocate	auto	Q772064	Harry Johnston	British explorer, botanist, linguist and colonial administrator (1858-1927)	1858	1927	naturalist|photographer|writer|diplomat|zoologist	Harry Johnston	administrator,~lawyer,writer	3	Q5931303 Hugh Johnston, Jr. (Canadian politician (1790-1850)) ; Q28823397 Henry Johnston (association football player)
P000229	named	J. D. Vanderstraaten	60	1893	1941	Unofficial Member, Western Province | exhibitor | member of the Board | member present	none									0	
P000230	named	A. G. Stanton	59	1886	1903	committee member | shareholder | author of paper on tea | member	none									0	
P000231	named	F. W. Bois	59	1881	1906	Director | shareholder | Chairman | former Director	none									0	
P000232	named	G. E. de Silva	59	1913	1945	member | Member | Member of the Board | present	none									0	
P000233	named	J. H. Starey	59	1886	1904	Director | shareholder | Managing Director | Kandy	none									0	
P000234	named	P. Arunachalam	59	1894	1941	Vice-President | present | Member of the Board | member of Agricultural Education and Publications Committee	review	Q125555978	P. Arunachalam	Indian Politician from Tamil Nadu			politician	P. Arunachalam		1	
P000235	named	S. Chelliah	59	1889	1917	Agricultural Instructor | Agricultural Instructor, Northern Province | Agricultural Instructor of the Northern Province | Agricultural Instructor at Jaffna	none									0	
P000236	named	T. G. Jayawardene	59	1918	1937	Member of the Board | member | Board member | Member	none									0	
P000237	named	T. H. Parsons	59	1917	1945	Curator, Royal Botanic Gardens, Peradeniya | author | Horticultural Officer | late Superintendent of Angoda	review	Q7782318	Theophilus Parsons	American law professor (1797-1882)	1797	1882	writer|jurist|university teacher|biographer	Theophilus Parsons	writer	4	Q60789006 Thomas Parsons (Archdeacon of Ardfert from 1641 to 1644) ; Q7817170 Tom Parsons (British actor and musician) ; Q5344774 Edward Parsons (English footballer (1879-1956))
P000238	named	W. P. H. Dias	59	1906	1945	member | Member of the Board | Member | Board member	review	Q85878913	William Palha Dias					William Palha Dias		2	Q61000247 Wilmar Dias ()
P000239	named	A. Rutherford	58	1913	1934	author | Government Entomologist | researcher | Author	review	Q4758460	Andrew Rutherford	New Zealand politician (1842-1918)	1842	1918	farmer|politician	Andrew Rutherford		3	Q124166396 Archibald Hamilton Rutherford (American politician (1811–1888)) ; Q4710266 Albert G. Rutherford (American politician (1879–1941))
P000240	named	Albert Howard	58	1902	1943	author | Director of the Institute of Plant Industry, Indore | Imperial Economic Botanist | Mycologist to the Imperial Department of Agriculture for the West Indies	auto	Q1473903	Albert Howard	British botanist 1873-1947	1873	1947	scientist|botanist|biologist|agronomist|ecologist	Albert Howard	agriculturist,botanist,~agriculturist,~botanist,~mycologist	3	Q2637539 Albert Andrew Howard (American classical philologist (1858–192) ; Q17310167 Albert C. Howard (American politician)
P000241	named	E. W. Whitelaw	58	1932	1945	Member | member | absent member | Member of the Board	none									0	
P000242	named	J. W. Ferguson	58	1892	1937	Visiting Agent | member | visitor | Visitor	review	Q17421361	John Ferguson	Scottish chemist and bibliographer (1837-1916)	1837	1916	chemist|university teacher|bibliographer	John Ferguson		9	Q6232991 John Ferguson (Anglican priest (19th century)) ; Q6232981 John Ferguson (physician, contractor, farmer and politi) ; Q6232973 John Ferguson (Scottish-born Australian politician (183) ; Q6232982 John Ferguson (British Conservative Party politician (1) ; Q39078763 James Ferguson (association football player) ; Q24191341 John Maxwell Ferguson (Australian businessman, politician, and ) ; Q623
P000243	named	James Peiris	58	1899	1930	Committee member | member of the Board | Member | present	auto	Q15990220	James Peiris	Sri Lankan politician (1856-1930)	1856	1930	judge|justice of the peace|barrister	James Peiris	lawyer,~lawyer	1	
P000244	named	John Guthrie	58	1889	1901	Auditor | auditor | appointed auditor | proposed auditor	review	Q6219965	John B. Guthrie	American mayor	1807	1885	politician	John B. Guthrie		1	
P000245	named	W. C. Lester-Smith	58	1926	1942	Agricultural Officer, Soil Conservation | Secretary | Secretary, Central Board of Agriculture | Acting Secretary	none									0	
P000246	named	A. Scott Blacklaw	57	1881	1900	author | correspondent | writer from Dollar, Scotland | author of letter	none									0	
P000247	named	A. W. L. Turner	57	1882	1944	Secretary | visitor | Secretary, Tea Research Institute of Ceylon | Secretary, T.R.I.	review	Q28062430	Arthur William Turner	Australian veterinary scientist and bacteriologist (1900-1989)	1900	1989	veterinarian|bacteriologist	Arthur William Turner		1	
P000248	named	C. V. Riley	57	1882	1909	entomologist | author | Entomologist of the United States Department of Agriculture | American entomologist	auto	Q1066304	Charles Valentine Riley	British-born American entomologist and artist (1843-1895)	1843	1895	lepidopterist|scientific collector	Charles Valentine Riley	entomologist,~agriculturist	3	Q131348608 Charles L. Riley () ; Q23621193 Charles Riley (politician)
P000249	named	H. Ashplant	57	1919	1936	researcher | author | rubber specialist, United Planters' Association of Southern India | researcher on rubber tube bore	none									0	
P000250	named	Henry Bois	57	1887	1942	Director | shareholder | Chairman | director	none									0	
P000251	named	J. B. Lawes	57	1881	1935	author | scientist | agricultural chemist | agriculturist	auto	Q901532	John Bennet Lawes	British scientist who invented synthetic fertilizer (1814-1900)	1814	1900	businessperson|farmer|inventor|chemist|agronomist	John Bennet Lawes	agriculturist,chemist,~agriculturist,~chemist,scientist	1	
P000252	named	William Gow	57	1885	1904	Director | Tea Broker, London | shareholder | inventor/owner of the Monarch machine	none									0	
P000253	surname_pool	Pliny	56	1881	1941	ancient author | ancient writer | author | writer	review	Q82778	Pliny the Elder	Roman military commander and writer (AD23/24–79)	20	79	naturalist|writer|poet|historian|civil servant	Pliny	writer	1	
P000254	named	R. H. Biffen	56	1898	1938	author | Demonstrator in Botany at the University of Cambridge | of Cambridge | researcher	none									0	
P000255	named	J. M. Macdonald	55	1881	1913	of Ramie fame | correspondent | inventor | Managing Director	none									0	
P000256	named	John Fraser	55	1888	1927	correspondent | member | author | author of the letter	review	Q108162515	John Fraser	British Royal Navy officer, captain in 1841			naval officer	John Fraser	military	8	Q100741993 John Fraser (writer (born 1932)) ; Q114093952 John Fraser (researcher) ; Q108051279 John Fraser (Dutch banker (1780-1843)) ; Q105740832 John Fraser () ; Q6234023 John Fraser (British Army officer, born 1760) ; Q76266311 John Fraser (honorary physician to Queen Victoria) ; Q21461430 John Fraser (painter (1858–1927))
P000257	named	A. Madanayake	54	1912	1928	Agricultural Instructor | Agricultural Instructor, Galle | Agricultural Instructor, North-Western Province | Agricultural Instructor, Matale	none									0	
P000258	named	C. E. Jones	54	1926	1945	Deputy Financial Secretary | Treasury Representative | absent member | researcher	none									0	
P000259	named	E. W. Keith	54	1908	1932	member | Member | member of the Committee | Present	none									0	
P000260	named	Henry Walker	54	1881	1908	Commissioner of Lands | Commissioner of Lands, British North Borneo | writer | correspondent	review	Q85766281	Henry N. Walker	American politician (1811-1886)	1811	1886	politician	Henry N. Walker	~administrator	6	Q5726507 Henry Oliver Walker (American painter (1843-1929)) ; Q5729766 Henry Walker (English cricketer (1807-1872)) ; Q5724117 Henry Joseph Walker (Canadian politician (1849–1918)) ; Q5722677 Henry Harrison Walker (Confederate States Army brigadier genera) ; Q6238971 John Henry Walker (Canadian artist (1831–1899))
P000261	named	L. P. Gapp	54	1925	1945	member | Member | Member of the Board | Board member	none									0	
P000262	named	H. C. Sampson	53	1908	1941	author | Deputy Director of Agriculture, Madras | Deputy Director of Agriculture | Deputy Director of Agriculture, Southern Division	auto	Q105103975	Hugh Charles Sampson	British agronomist	1878	1953	agronomist|botanist	Hugh Charles Sampson	agriculturist,~agriculturist	2	Q82929269 Homer Cleveland Sampson (American botanist (1885-1963))
P000263	named	John Smith	53	1882	1931	Auditor | auditor | shareholder | retired Auditor	review	Q3182477	John Smith	English botanist, first curator of Kew gardens (1798–1888)	1798	1888	gardener|botanist|pteridologist	John Smith		5	Q6258357 John Smith (fifth Presiding Patriarch of The Church ) ; Q6258259 John Smith (British army general (1754-1837)) ; Q991529 John Smith (American politician from Vermont (1789-1) ; Q114708298 John Smith (American musician, songwriter)
P000264	named	A. M. Clement Dias	52	1882	1945	member | Member | member of the Committee | member of the Board	none									0	
P000265	named	F. L. Daniel	52	1888	1921	present | member | member of the Board | Unofficial Member, Western Province	none									0	
P000266	named	P. L. Simmonds	52	1881	1915	author | author of Tropical Agriculture | author quoted | compiler of the book on 'Tropical Agriculture'	none									0	
P000267	named	Thomas Dickson	52	1881	1898	Managing Director | correspondent | Managing Director, Scottish Trust & Loan Company | Managing Director of the Scottish Trust and Loan Company Limited	review	Q7788975	Thomas Dickson	American businessman (1822–1884)	1822	1884	manager	Thomas Dickson	businessperson	5	Q7786990 Thomas Alexander Dickson (British politician (1833-1909)) ; Q7788973 Thomas Dickson (Canadian politician (1791-1855)) ; Q113696486 Thomas Dickson (Scottish antiquary) ; Q7791736 Thomas Law Dickson (Canadian politician)
P000268	named	W. A. Herdman	52	1890	1904	author of the report | author | of Liverpool | scientist	auto	Q3568378	William Abbott Herdman	Scottish marine zoologist, oceanographer (1858–1924)	1858	1924	oceanographer|archaeologist|marine biologist|anthropologist|scientific collector	William Abbott Herdman	naturalist	1	
P000269	named	D. H. Kotalawala	51	1907	1937	Member of the Board | Board member | member | Unofficial Member, Province of Uva	none									0	
P000270	named	E. Noel Walker	51	1888	1941	Colonial Secretary | Director | planter | presiding	none									0	
P000271	named	Edward Rosling	51	1893	1917	Director | Member | Chairman | leaseholder, subscriber, Dessford, Nanuoya	review	Q109382387	Edward Rosling	British planter and politician (1863–1946)	1863	1946		Edward Rosling		1	
P000272	named	F. A. E. Price	51	1919	1945	member | Member | Member of the Board | member of the Board	none									0	
P000273	named	G. Bryce	51	1912	1928	Assistant Botanist and Mycologist | author | Assistant Mycologist | researcher	none									0	
P000274	named	H. J. Webber	51	1896	1945	author | researcher | authority cited for fertilizer suggestions | breeder, Department	review	Q3133468	Herbert John Webber	American botanist (1865-1946)	1865	1946	botanist|physiologist|mycologist	Herbert John Webber	scientist	1	
P000275	named	J. Alec Roberts	51	1881	1939	Secretary | of Pussellawa | Sec | author of letter in The Times	review	Q24413760	James Roberts	American enslaved person (born 1753)	1753		writer|soldier	James Roberts	writer	1	
P000276	named	John R. Jackson	51	1884	1922	Museum, Kew | author | Museum, Royal Gardens, Kew | Curator, Museums, Royal Gardens, Kew	review	Q111325176	John R. Jackson	politician			politician	John R. Jackson		1	
P000277	named	Norman W. Grieve	51	1889	1912	Director | director | shareholder | shareholder by proxy	none									0	
P000278	named	R. Porter	51	1882	1904	Director | Managing Director | superintendent | Visiting Agent	review	Q2701225	Robert Ker Porter	British artist, writer and diplomat (1777-1842)	1777	1842	writer|politician|diplomat|painter|botanist	Robert Ker Porter		2	Q81810651 Robert Porter (British Army general and physician)
P000279	named	Robert Fortune	51	1882	1908	author | author of reports | collector | author of 'Two Journeys in the Tea Districts', introduced China tea into India	review	Q200666	Robert Fortune	British botanist	1812	1880	writer|botanical collector|botanist|scientific collector	Robert Fortune	writer	1	
P000280	named	Robert Koch	51	1881	1909	scientist | eminent Berlin scientist | researcher, Rinderpest Experimental Station | author of reports	review	Q37193	Robert Koch	German physician, bacteriologist (1843–1910)	1843	1910	bacteriologist|photographer|physician|inventor|chemist	Robert Koch	writer	4	Q102255055 Robert Koch (Ph.D. Universität Osnabrück 2003) ; Q128239821 Robert Koch (1838-) ; Q92873407 Robert L Koch (researcher (ORCID 0000-0002-4853-3573))
P000281	named	Alexander Brooke	50	1881	1920	Secretary | Chairman | Director | Director, Chairman	none									0	
P000282	named	Arthur Sinclair	50	1884	1901	author | signatory | author of 'In Tropical Lands' | planter and practical agriculturist	review	Q117862548	Arthur Sinclair				film director	Arthur Sinclair		4	Q4800291 Arthur Sinclair (United States Navy officer (1780-1831)) ; Q87832904 Arthur Sinclair ((1810-1865)) ; Q75809147 Arthur Sinclair (Peerage person ID=343080)
P000283	named	David Howard	50	1881	1922	analyst | researcher | chemist | author	review	Q57301177	David M Howard	researcher			researcher	David M Howard	scientist	3	Q121315603 David Howard (director) ; Q131562599 David Howard (28 Apr 1743 - 20 Sep 1822)
P000284	named	G. G. Anderson	50	1885	1904	Director | shareholder | Governor | merchant	none									0	
P000285	named	J. Lindley	50	1882	1908	botanist | writer | Botanist | author of letter	auto	Q378629	John Lindley	English botanist, gardener, orchidologist, editor, scientific illustrator (1799–1865)	1799	1865	writer|editor|university teacher|botanist|mycologist	John Lindley	botanist,~botanist,writer	1	
P000286	named	James Gibson	50	1883	1908	author | author, Baillie St., Fort | Baillie St. Fort | author of market report	review	Q111890864	James Gibson	Scottish minister				James Gibson		6	Q115125206 James Gibson (American lawyer, judge and politician (1) ; Q110181038 James Gibson () ; Q55469158 James Gibson (member of Leeds City Council) ; Q75944277 James Gibson ((1690-1755)) ; Q75600775 James Gibson ((died 1835))
P000287	named	M. L. Wilkins	50	1906	1927	member | Member | absent | member of the Committee	none									0	
P000288	named	R. Van Romunde	50	1883	1891	Director of the Government Cinchona Enterprise | Director of the Government Cinchona Enterprise in Java | author of report on Government cinchona enterprise | Director of the Government Cinchona Enterprize	none									0	
P000289	named	W. Forsythe	50	1884	1929	Director | correspondent | director | agent	none									0	
P000290	named	Alphonse de Candolle	49	1882	1897	botanist | author | Swiss botanist | botanist stating origin of Chocho	auto	Q123807	Alphonse Pyramus de Candolle	Swiss botanist (1806-1893)	1806	1893	university teacher|botanist|botanical collector|scientific collector|entomologist	Alphonse Pyramus de Candolle	botanist	1	
P000291	named	G. G. Auchinleck	49	1910	1930	Divisional Agricultural Officer, Central | Divisional Agricultural Officer | author | member	none									0	
P000292	named	G. W. Carlyon	49	1885	1900	Director | shareholder | director | Shareholder	none									0	
P000293	named	H. A. Weddell	49	1882	1894	botanist | author of Notes sur les Quinquinas | Botanist | botanist, Paris	auto	Q983408	Hugh Algernon Weddell	Anglo-French botanist, physician, and explorer (1819-1877)	1819	1877	physician|scientific collector|botanical collector|botanist|explorer	Hugh Algernon Weddell	botanist	1	
P000294	named	Hugh Clifford	49	1899	1937	Colonial Secretary | Governor | author | Acting Governor	auto	Q957756	Hugh Clifford	British colonial administrator (1866-1941)	1866	1941	politician|colonial administrator	Hugh Clifford	administrator,~administrator	3	Q5930367 Hugh Clifford, 7th Baron Clifford of Chudleigh (English noble) ; Q137699351 Hugh Clifford (Canadian political candidate from Britis)
P000295	named	J. A. G. Rodrigo	49	1885	1914	recorder of rainfall | Manager of the Dairy | Agricultural Instructor | purchaser	none									0	
P000296	named	L. H. Kelly	49	1887	1911	Chairman, Ceylon Planters' Association | Director | Chairman, Planters' Association of Ceylon | Chairman of the Tea Fund Committee	none									0	
P000297	named	M. J. A. Karunanayake	49	1911	1923	Agricultural Instructor | Agricultural Instructor, Matara | Instructor | member	none									0	
P000298	named	R. A. Taylor	49	1923	1932	Physiological Botanist, Rubber Research Scheme (Ceylon) | Physiological Botanist | author | Rubber Research Scheme	auto	Q123150881	Robert Alexander Taylor	botanical collector (1898 - 1956)	1898	1956	botanist	Robert Alexander Taylor	botanist	1	
P000299	named	T. C. Huxley	49	1881	1911	Director | shareholder | exhibitor | manager of Peradeniya Estate	none									0	
P000300	named	F. Burnett	48	1921	1931	Divisional Agricultural Officer | Divisional Agricultural Officer, Central | Divisional Agricultural Officer, Southern | member	none									0	
P000301	named	H. Maxwell Lefroy	48	1883	1932	author | Entomologist | Imperial Entomologist | entomologist	auto	Q5661696	Harold Maxwell-Lefroy	British entomologist (1877–1925)	1877	1925	lepidopterist|entomologist	Harold Maxwell Lefroy	entomologist,~agriculturist	2	Q16063476 Henry Maxwell Lefroy (Australian pastoralist)
P000302	named	H. W. Roy Bertrand	48	1921	1942	author | F.L.S., Govinna Estate | Member, Board of Agriculture | author of report	none									0	
P000303	named	J. D. Hoare	48	1930	1943	Member of the Board | Board member | Member | Member of Board of Management	none									0	
P000304	named	R. L. M. Brown	48	1882	1934	botanist | Secretary | Auditor | Chairman	none									0	
P000305	named	T. C. Anderson	48	1881	1903	correspondent | owner of Annfield Estate | of Dikoya | agent for distribution	none									0	
P000306	named	Tudor Rajapakse	48	1889	1923	Mudaliyar | Gate Mudaliyar | Member | present	none									0	
P000307	named	V. A. Julius	48	1890	1906	Director | shareholder | director | Chairman	review	Q63003604	Victor August Julius	Dutch university teacher	1851	1902	physicist|university teacher	Victor August Julius		1	
P000308	named	Wilfred de Soysa	48	1938	1945	Member | member | Member of the Board | member of the Board	review	Q18750218	Wilfred de Soysa	Ceylonese entrepreneur	1884	1968		Wilfred de Soysa		1	
P000309	named	E. J. Young	47	1885	1909	Director | purchaser | Commissioner, planter | director	review	Q109859840	Edward James Young	American clergyman (1829–1906)	1829	1906	cleric	Edward James Young		1	
P000310	named	G. F. Halliley	47	1882	1884	correspondent | author of the letter | author of letter | author	none									0	
P000311	named	George Massee	47	1887	1932	mycologist | author | of Kew | Principal Assistant (Cryptogams), Royal Herbarium, Kew	auto	Q4284198	George Edward Massee	British botanist (1850–1917)	1850	1917	botanist|mycologist|scientific illustrator|scientific collector	George Edward Massee	botanist,mycologist,~botanist,~mycologist	1	
P000312	named	Jacob de Mel	47	1882	1930	mine owner | purchaser | exhibitor | Attendee	review	Q62609739	Jacob De Mel	Sri Lankan philanthropist and entrepreneur	1839	1919	businessperson	Jacob De Mel		1	
P000313	named	John Kirk	47	1881	1919	planter of tea bushes | Consul-General | botanist | of Zanzibar	auto	Q1700717	John Kirk	Scottish physician, naturalist, companion to David Livingstone and administrator in Zanzibar (1832-1922)	1832	1922	physician|physicist|botanical collector|botanist|explorer	John Kirk	administrator,botanist,~botanist	3	Q109285856 John Kirk (merchant, d. 1831) ; Q6243201 John Kirk (recipient of the Victoria Cross)
P000314	named	K. J. Alexander Sylva	47	1918	1940	Curator, Heneratgoda Botanic Gardens, Gampaha | Assistant Curator, Heneratgoda Botanic Gardens | Superintendent of Parks, Colombo Municipality | Acting Curator, Hakgala Botanic Gardens	none									0	
P000315	named	L. B. de Mel	47	1934	1945	Member | member | Board member | Member of the Board	none									0	
P000316	named	P. R. Buchanan	47	1882	1902	Chairman | Director | director | member of the general committee	none									0	
P000317	named	S. C. Obeyesekere	47	1890	1921	Member of the Board | member of the Board | present | member	none									0	
P000318	named	C. C. Du Pre Moore	46	1882	1937	Member | Member of the Board | member | member of the Committee	none									0	
P000319	named	C. Heusser	46	1921	1935	researcher | author | scientist | lecturer on Hevea selection	none									0	
P000320	named	Charles Young	46	1881	1911	Director | author of the letter | Director, Estate Inspector | Visiting Agent	review	Q728434	Charles Augustus Young	American astronomer (1834–1908)	1834	1908	astronomer|physicist|university teacher|meteorological observer	Charles Augustus Young		7	Q108325546 Charles Young (died in Kolkata) ; Q110179330 Charles Young (Australian (1838-1916)) ; Q100963687 Charles Young (college basketball player (1975–1976) Te) ; Q120574738 Charles Young () ; Q111497846 Charles Young (Soldier in The Argyll and Sutherland Hig) ; Q57890934 Charles Young (researcher, ORCID id # 0000-0002-8093-15)
P000321	named	D. Prain	46	1888	1944	author | Curator of the Herbarium | botanist | Indian Medical Service	none									0	
P000322	named	D. S. Corlett	46	1899	1919	author | Manager, Experiment Station, Peradeniya | Superintendent of Peradeniya Experiment Station | Manager	none									0	
P000323	named	E. B. Copeland	46	1908	1938	author | Dean, College of Agriculture | author of The Coconut | researcher	none									0	
P000324	named	H. V. Masefield	46	1887	1906	Chairman | Manager in Ceylon | shareholder | Director, in the chair	none									0	
P000325	named	James Blackett	46	1881	1902	planter | cotton grower | owner of Jack Tree Hill estate | cotton planter	review	Q63156039	James William Blackett	New Zealand land surveyor and engineer (1855-1905)	1855	1905	engineer|surveyor	James William Blackett		1	
P000326	named	L. S. Bertus	46	1917	1944	photographer | Photographer | Assistant to the Botanist and Mycologist | Assistant in Mycology, Department of Agriculture	none									0	
P000327	named	L. W. A. de Soysa	46	1881	1938	member | Member | member present | member of the Board	none									0	
P000328	named	O. C. Tillekeratne	46	1917	1924	member | Mudaliyar | present | Hon'ble member	review	Q93481272	O. C. Tillekeratne	ceylonese politician	1878	1923	politician	O. C. Tillekeratne		1	
P000329	named	P. J. S. Cramer	46	1898	1938	author | Formerly Director of the General Experiment Station, Buitenzorg | scientist | researcher	none									0	
P000330	named	R. Spruce	46	1881	1943	botanist | traveller | collector | coadjutor, botanist	auto	Q1349394	Richard Spruce	British botanist and explorer (1817–1893)	1817	1893	naturalist|botanist|entomologist|botanical collector|explorer	Richard Spruce	botanist,explorer,~botanist	1	
P000331	named	T. G. Jayewardene	46	1917	1939	Member of the Board | Board member | Member | member	auto	Q15995742	Theodore Godfrey Wijesinghe Jayewardene	Sri Lankan politician	1872	1945	engineer|politician|military officer|justice of the peace	Theodore Godfrey Wijesinghe Jayewardene	military	1	
P000332	named	T. S. Dobree	46	1881	1899	Director | planter | experienced Ceylon planter | correspondent, Udugama	none									0	
P000333	named	C. Bernard	45	1909	1932	Vice-President | author | present | researcher, Experiment Station for Tea, Java	review	Q138574103	C. Bernard	researcher			researcher	C. Bernard	scientist	1	
P000334	named	Frederick Lewis	45	1885	1942	author | of the Forest Department | Assistant Conservator of Forests | Land Settlement Department	review	Q108149125	Frederick Lewis	British Royal Navy officer, commander in 1839			naval officer	Frederick Lewis		5	Q111012757 Frederick Lewis (American actor (1873-1946)) ; Q111012774 Frederick Lewis (English actor (1860-1927)) ; Q124608595 Frederick Lewis () ; Q88537586 Frederick D Lewis (researcher)
P000335	named	H. L. Crawford	45	1890	1912	for Colonial Secretary | Member of the Board | Acting Colonial Secretary | member of the Board	none									0	
P000336	named	J. Fergusson	45	1882	1934	Member of the Board | Member | Visitor | member of the Committee	review	Q98674329	J. Fergusson	British artist			artist	J. Fergusson		1	
P000337	named	J. R. Nugawela	45	1909	1925	Agricultural Instructor | Agricultural Instructor, Katugastota | member | Instructor	none									0	
P000338	named	James Forbes	45	1888	1941	shareholder | Director | Chairman | Colombo broker	review	Q3161083	James Forbes	British gardener and botanist (1773-1861)	1773	1861	gardener|author|botanist	James Forbes		4	Q116782842 James Forbes (19th-century American artist) ; Q1356328 James David Forbes (Scottish physicist and glaciologist (180) ; Q15310921 James Staats Forbes (Scottish railway engineer, railway admin)
P000339	named	P. A. Keiller	45	1909	1940	Member of the Board | Member | visitor | Visitor, Colombo Commercial Company	none									0	
P000340	named	P. J. Wester	45	1908	1945	author | Horticulturist | Horticulturist, Bureau of Agriculture, Manila | Agricultural Adviser	auto	Q9058762	Peter Jansen Wester	Swedish-American agricultural botanist (1877-1931)	1877	1931	botanist|horticulturist	Peter Jansen Wester	agriculturist,horticulturist,~agriculturist,~horticulturist	1	
P000341	named	A. C. Dixon	44	1881	1907	analyst | exhibitor, Ceylon | professional assayer | maps, &c.	review	Q4647607	A. C. Dixon	American pastor (1854–1925)	1854	1925	theologian	A. C. Dixon		1	
P000342	named	C. A. Hay	44	1881	1886	author | author of letter | correspondent | Windsor Forest Estate	none									0	
P000343	named	F. Bayley	44	1881	1899	importer of cacao varieties | of the P. & O. Company | P. and O. Company's agent at Galle | plantation owner	none									0	
P000344	named	George Gardner	44	1881	1944	Superintendent of the Peradeniya Gardens | author | Superintendent | botanist	review	Q2404423	George Gardner	British scientist (1812-1849)	1812	1849	botanical collector|botanist|scientific collector|entomologist|travel writer	George Gardner	botanist,~horticulturist,writer	7	Q113175452 George Gardner (15 Sep 1809 - 19 Dec 1884) ; Q106554933 George W. Gardner (American politician (1834–1911); 28th an) ; Q109796130 George W. Gardner (American military officer (fl. 1813–1819) ; Q15070118 George Gardner (British Archdeacon) ; Q110180411 George Gardner () ; Q88217911 George Gardner ((1619-1679))
P000345	named	H. Prestoe	44	1881	1901	Government Botanist of Trinidad | Government Botanist | Government Botanist at Trinidad | author of Report on the Botanic Gardens, Trinidad	none									0	
P000346	named	J. Donnan	44	1882	1903	Master Attendant | Inspector of Pearl Banks | made practical remarks | Inspector of the Pearl Banks	none									0	
P000347	named	J. E. de Vrij	44	1881	1912	author | analyst | method developer | friend of the author	none									0	
P000348	named	J. F. Jowitt	44	1882	1922	author | member | chair | of Bandarawela, Ceylon	none									0	
P000349	named	J. Nietner	44	1881	1932	author | entomologist | author of 'Enemies of the Coffee Tree' | Ceylon authority	none									0	
P000350	named	R. Morison	44	1886	1907	Director | Visiting Agent | member | Chairman of the Kalutara Planters' Association	none									0	
P000351	named	Edward Buck	43	1881	1910	Secretary to the Government of India, Revenue and Agricultural Department | official | Chief of the Indian Revenue Department | Indian Commissioner	review	Q20656781	Edward Buck	American lawyer (1814-1876)	1814	1876	lawyer	Edward Buck	~administrator	2	Q5342050 Edward Buck (British rower)
P000352	named	G. W. Paine	43	1889	1907	Chairman | chairman | director | Director	none									0	
P000353	named	Hugh Fraser	43	1884	1910	shareholder | Managing Director | exhibitor | Managing Director and Secretary	review	Q43913111	Hugh Fraser	person associated with the witch trials in Scotland				Hugh Fraser		3	Q104523673 Hugh Fraser (Accountant and Chairman of House of Fras) ; Q3142254 Hugh Fraser (British diplomat)
P000354	named	J. L. Kotalawala	43	1921	1936	Board member | Member of the Board | Member | member	none									0	
P000355	named	James Ryan	43	1892	1911	Director | attendee | author | planter	review	Q118581468	James Ryan					James Ryan		5	Q127360656 James Ryan (college soccer player (1974–1976), Syrac) ; Q50419638 James C Ryan (biochemist) ; Q41910819 James W Ryan (electrical engineer) ; Q6142581 James Ryan (Catholic bishop (1848-1923))
P000356	named	W. Megginson	43	1884	1904	Director | planter | shareholder | of Carolina	none									0	
P000357	named	W. Shakespeare	43	1882	1910	playwright | Director | author | shareholder	none									0	
P000358	named	A. J. Cook	42	1882	1901	explorer | Treasurer | author | of the Michigan Agricultural College	auto	Q2831281	Albert John Cook	American entomologist (1842–1916)	1842	1916	naturalist|zoologist|entomologist	Albert John Cook	entomologist,~agriculturist,~entomologist	1	
P000359	named	A. J. Kellow	42	1882	1920	correspondent | planter, Albion estate | author of letter | author	none									0	
P000360	named	Charles Murray Robertson	42	1891	1906	Secretary | Director | secretary | proprietor	none									0	
P000361	named	Forbes Watson	42	1881	1910	author | lecturer | author of the 1879 report | author of report on Indian wheat	none									0	
P000362	named	Henry Brown	42	1885	1908	planter | author, ex-Ceylon planter | author | proprietor	review	Q110400679	Henry Brown	inventor			inventor	Henry Brown		8	Q108051164 Henry Brown (Jamaican judge) ; Q67220012 Henry Brown (particle physicist at University of Live) ; Q115819551 Henry Brown (African Methodist Episcopal minister) ; Q120015694 Henry Brown (white House servant (?–1866)) ; Q131700496 Henry Brown (Ohio state treasurer) ; Q130220614 Henry Brown () ; Q47490916 Henry Brown (engraver from Belgium (1816–1870))
P000363	named	J. A. Gammie	42	1882	1900	Deputy Superintendent | author of the letter | author | resident manager	none									0	
P000364	named	J. E. P. Rajapakse	42	1917	1930	Member | visitor | member | member of the Committee	none									0	
P000365	named	J. I. Gnanamuttu	42	1925	1944	Secretary | visitor | Secretary, Board of Agriculture | Secretary, Board of Management	review	Q96279302	J. I. Gnanamuttu			1944		J. I. Gnanamuttu		1	
P000366	named	John Shortt	42	1881	1904	correspondent | author | Deputy-Surgeon General | author of Hand Book to coffee planting in Southern India	auto	Q94406436	John Shortt	Anglo-indian physician, anthropologist, naturalist and writer (1822-1889)	1822	1889	physician	John Shortt	physician,writer	3	Q75795592 John Shortt (Peerage person ID=338068) ; Q75669590 John Shortt (Peerage person ID=281571)
P000367	named	Robert Hart	42	1886	1903	Inspector-General of Customs | Inspector General of Customs | remonstrated with mandarins | Inspector-General	review	Q43914364	Robert Hart	person associated with the witch trials in Scotland				Robert Hart		7	Q104834436 Robert Hart (British engraver) ; Q102265915 Robert Hart (Ph.D.) ; Q104299950 Robert Hart (Dutch photographer) ; Q96135006 Robert Hart (researcher (ORCID 0000-0002-4043-1249)) ; Q100152265 Robert Hart (archaeologist) ; Q7345292 Robert Hart (New Zealand politician)
P000368	named	Shelton Agar	42	1881	1903	Director | author of the letter | correspondent | purchaser	none									0	
P000369	named	Stanley Bois	42	1891	1932	Director | shareholder | retiring Director | moved motion for abolition of tea duty	review	Q131385103	Stanley Bois	British businessman (1864-1938)				Stanley Bois		1	
P000370	named	Thomas Kempe	42	1894	1898	advertiser | author of essay on deafness cure | address for cure for deafness | Advertised practitioner	review	Q75269943	Thomas Kempe	Peerage person ID=26284				Thomas Kempe		1	
P000371	named	William Twynam	42	1887	1917	Vice-President | author of Report on Pearl Fisheries | author of report | author of Gold, Gems, and Pearls	review	Q136344801	William Crofton Twynam	British colonial administrator and biological scientist	1827	1922		William Crofton Twynam		1	
P000372	named	B. J. Eaton	41	1908	1931	author | researcher | writer | Agricultural Chemist	none									0	
P000373	named	C. A. Hewavitarne	41	1909	1929	member | Dr. | Dr., member of the Committee | member of the Committee	none									0	
P000374	named	C. A. Pereira	41	1922	1939	Member | Board member | Member of the Board | member	none									0	
P000375	named	C. H. De Soysa	41	1882	1920	estate owner | planter | sender of grapes | Sinhalese capitalist	none									0	
P000376	named	G. Robert de Zoysa	41	1927	1940	absent member | member | Member | Member of the Committee	none									0	
P000377	named	G. S. Jenman	41	1881	1911	Government Botanist of British Guiana | author | Government Botanist and Superintendent Botanic Gardens | Government Botanist	auto	Q3101893	George Samuel Jenman	English botanist, gardener and photographer in Jamaica and Guyana (1845-1902)	1845	1902	gardener|botanical collector|botanist|photographer	George Samuel Jenman	botanist	1	
P000378	named	J. Berry White	41	1884	1901	lecturer | Chairman | chairman of the Jokai Tea Company | chairman of the company	none									0	
P000379	named	J. F. Duthie	41	1883	1934	Director of the Botanical Department, Northern India | Director of the Botanical Survey of Northern India | author | Superintendent of the Saharanpure Botanic Gardens	auto	Q11925800	John Firminger Duthie	British botanist in India (1845–1922)	1845	1922	botanical collector|scientific collector|botanist	John Firminger Duthie	botanist	1	
P000380	named	J. H. Carson	41	1892	1901	Observer, Kalawewa | of Haputale | correspondent | proprietor	none									0	
P000381	named	Samuel Baker	41	1881	1927	author | explorer | author describing gem deposits | great hunter and keen observer	auto	Q376087	Samuel Baker	British explorer, officer, naturalist, big game hunter, engineer, writer and abolitionist (1821–1893)	1821	1893	writer|naturalist|engineer|military officer|explorer	Samuel Baker	explorer,writer	7	Q108283558 Samuel Baker (British Royal Navy officer, lieutenant i) ; Q127225131 Samuel Baker (Abt 1853 Uckfield, Sussex - 1907 Reigate) ; Q130970846 Samuel Baker (researcher (ORCID 0000-0002-6289-2599)) ; Q76106165 Samuel Baker (West India merchant (died 1862)) ; Q76183635 Samuel Henry Baker ((1866-1918)) ; Q76249885 Samuel Butler Baker ((1826-1903))
P000382	named	U. B. Unamboowe	41	1919	1945	Member | member | Ratemahatmaya | Ratemahatmaya, Kotmale	review	Q55636387	U. B. Unamboowe	Sri Lankan politician			politician	U. B. Unamboowe		1	
P000383	named	Bernard Dyer	40	1893	1923	analyst | researcher | author | investigator	auto	Q22243469	Bernard Shirley Dyer	British chemist	1856	1948	chemist	Bernard Shirley Dyer	chemist	1	
P000384	named	C. W. Bibile	40	1917	1932	Ratemahatmaya | member | R.M. | Agricultural Instructor, Bibile	none									0	
P000385	named	D. Fairweather	40	1884	1925	Director | shareholder | author of letter | director	none									0	
P000386	named	E. R. Tambimuttu	40	1913	1943	Board member | member | Unofficial Member, Eastern Province | Member	review	Q28407930	E. R. Tambimuttu	ceylon Tamil lawyer and politician	1890		politician	E. R. Tambimuttu		1	
P000387	named	J. H. Meedeniya	40	1899	1941	Adigar | R.M. | Ratemahatmaya | member of the Board	review	Q16933076	J. H. Meedeniya	ceylonese politician	1867	1931	politician	J. H. Meedeniya		1	
P000388	named	J. P. Blackmore	40	1921	1944	member | Visitor | Member | visitor	none									0	
P000389	named	J. Wood-Mason	40	1881	1902	entomologist | of the Calcutta Museum | deputed by the Bengal Government to investigate insect tea-pests | Deputy Superintendent, Indian Museum, Calcutta	auto	Q3161496	James Wood-Mason	English zoologist (1846 – 1893)	1846	1893	lepidopterist|zoologist|scientific collector|entomologist|marine biologist	James Wood-Mason	entomologist,~entomologist	1	
P000390	named	T. H. Lloyd	40	1893	1904	Agent in British Central Africa | surveyor | Surveyor | old Ceylon resident	none									0	
P000391	named	William MacGregor	40	1889	1913	Governor | Administrator of British New Guinea | Administrator | Governor of Lagos	auto	Q2579853	William MacGregor	British colonial governor and administrator (1846-1919)	1846	1919	physician|politician|botanical collector|botanist|scientific collector	William MacGregor	administrator,~administrator	2	Q1647473 William York Macgregor (British artist (1855-1923))
P000392	named	William Pringle	40	1887	1896	Agricultural Chemist | analyst | Late Agricultural Chemist to Messrs. Matheson & Co. in Coorg | author	review	Q101052346	William Pringle	Scottish Presbyterian minister	1796	1873	translator|Christian minister	William Pringle		8	Q8012125 William Henry Pringle (British politician) ; Q58415709 William J. Pringle (researcher ORCID ID = 0000-0002-2877-481) ; Q75369588 William Pringle (Peerage person ID=92971) ; Q75735820 William Pringle (Peerage person ID=308382) ; Q21556129 William Pringle () ; Q76060980 William Pringle (Peerage person ID=503180) ; Q8017097 William Pringle (British politician (1874-1928))
P000393	named	A. F. Broun	39	1893	1908	Conservator of Forests | donor of Special Prize in Botany | examiner in Botany | proposer of forestry scheme	none									0	
P000394	named	A. Kanagasabai	39	1906	1921	member of the Board | present | Hon. Member | Member	review	Q17329848	A. Kanagasabai	Ceylon Tamil lawyer	1856	1927	politician	A. Kanagasabai		1	
P000395	named	C. H. Bagot	39	1882	1906	member | Ceylon planter | resident Manager at St. Leonards | receive the consignment of beetles	review	Q5079019	Charles Harvey Bagot	Australian politician, businessperson and farmer	1788	1880	businessperson|politician|farmer|soldier	Charles Harvey Bagot		1	
P000396	named	C. W. Bickmore	39	1929	1934	Deputy Financial Secretary | Acting Financial Secretary | Member of the Board | Assistant Colonial Treasurer	none									0	
P000397	named	Charles U. Shepard	39	1892	1908	tea planter | tea planter, South Carolina | recipient of letter, Pinehurst, South Carolina | tea planter, Pinehurst	review	Q94825474	Charles U. Shepard Jr.	American physician (1842–1915)	1842	1915	physiologist	Charles U. Shepard Jr.		1	
P000398	named	Christopher Columbus	39	1882	1911	explorer | subject of a chapter | introduced sugar cane to West Indies | historical figure (costume)	none									0	
P000399	named	D. D. Karunaratne	39	1903	1945	Board member | Board Member | member | member of the Board	review	Q42889380	D. D. Karunaratne	politician			politician	D. D. Karunaratne		1	
P000400	named	E. S. Grigson	39	1881	1906	Director | Provisional Director | shareholder | director of cinchona cultivation	none									0	
P000401	named	J. B. Laurie	39	1888	1921	Auditor | auditor | Director | correspondent	review	Q26478535	John Laurie	politician, died 1864	1797	1864	politician	John Laurie		3	Q6264579 John Wimburn Laurie (British Army general and Canadian politi) ; Q16065336 James Laurie (American engineer)
P000402	named	J. Buckingham	39	1885	1909	Chairman of the Assam Branch | planter | Chairman of the Assam Branch, Indian Tea Association | of Amgoorie	none									0	
P000403	named	J. Mitchell	39	1881	1934	Organising Secretary, Rubber Research Scheme (Ceylon) | Rubber Research Scheme | Organising Secretary of the Scheme | Organizing Secretary, Ceylon Rubber Research Scheme	review	Q105631827	J. Mitchell	nuclear physicist at Rice University			researcher	J. Mitchell		4	Q55091340 J. Mitchell (archaeologist) ; Q75998914 J. Mitchell (Peerage person ID=458225) ; Q64014287 J. Mitchell (US Asst Sec for Defense (Manpower and Pe)
P000404	named	K. B. Beddewela	39	1907	1928	Member | member | grower | attendee	none									0	
P000405	named	O. B. M. Cheyne	39	1912	1945	Board member | Board Member | member | Member	none									0	
P000406	surname_pool	Prince Wales	39	1881	1942	visitor | recipient of table-cloth | recipient of orchids | lender of hunting trophies	review	Q165349	Frederick, Prince of Wales	heir apparent to the British throne from 1727 until his death	1707	1751	politician|aristocrat|cricketer|patron of the arts	Prinz Friedrich Ludwig Wales		1	
P000407	named	R. A. Cameron	39	1889	1925	managing director | Director | Managing Director | Chairman and Managing Director	review	Q59667884	R. Andrew Cameron	American biologist			biologist	R. Andrew Cameron		1	
P000408	named	A. B. Thomson	38	1913	1920	member | Unofficial Member, Central Province | Central Province | present	none									0	
P000409	named	A. E. Scovell	38	1884	1902	author of letter | tea broker | of Strathellie | provisional Director	none									0	
P000410	named	A. J. Austin Dickson	38	1897	1924	member | Member | absent member | Present	none									0	
P000411	named	F. B. Guthrie	38	1894	1921	author | Chemist | analyst | author of paper on Soil Analysis	none									0	
P000412	named	G. M. Fowler	38	1890	1911	committee member | member | Government Agent | author of Administration Report	review	Q5539388	George Fowler	English solicitor	1858	1937	solicitor|magistrate	George Fowler	~administrator	2	Q104668466  (American academic administrator)
P000413	named	H. G. Bois	38	1893	1906	Director | shareholder | Shareholder | former Director	none									0	
P000414	named	J. Cameron	38	1881	1909	of Bangalore | competitor | Mysore Government Botanist | attendee	review	Q123676417	John Cameron	British botanist of county Sunderland (fl. 1883)			botanist	John Cameron	botanist	4	Q104286403 John Cameron (New Zealand land surveyor (1845-1868)) ; Q122917806 Jan Cameron (sociologist at University of Canterbury ) ; Q28321154 J. Cameron (British civilian maritime Chief Officer )
P000415	named	James Forbes (Jnr.)	38	1931	1938	Chairman | Chairman, Tea Research Board | Board member | Member of the Board	none									0	
P000416	named	Paul Preuss	38	1901	1928	author | botanist who discovered the gutta-percha plant | director of the botanical gardens at Victoria | reporter on expedition to Central and South America	auto	Q21388687	Paul Rudolph Preuss	German botanist (1861-1926)	1861	1926	botanist|explorer|zoological collector|scientific collector|naturalist	Paul Rudolph Preuss	botanist,~botanist	4	Q109809190 Paul Preuss () ; Q120401873 Paul Preuss (film director) ; Q78941 Paul Preuss (Austrian mountaineer (1886-1913))
P000417	named	Stanley Arden	38	1900	1913	Superintendent of Experimental Plantations | Superintendent, Experimental Plantations, Federated Malay States | author | Superintendent of Government Experimental Plantations in the Malay Federated Sta	none									0	
P000418	named	Thomas Whiffen	38	1888	1895	buyer of bark | buyer | principal buyer | buyer of cinchona bark	review	Q106565806	Thomas Whiffen	English actor	1845	1897	stage actor	Thomas Whiffen		2	Q18530911 Thomas Whiffen (Whiffen, Thomas (1819–1904), manufacture)
P000419	named	W. D. Bosanquet	38	1882	1903	author | planter | author of the letter | conducted valuable experiments	none									0	
P000420	named	W. Turing Mackenzie	38	1881	1904	author | author of the letter | writer | proposer of London tea agency	review	Q8014991	William Mackenzie	British civil engineer (1794-1851)	1794	1851	engineer|contractor|civil engineer	William Mackenzie		2	Q8014992 William Mackenzie (British publisher)
P000421	named	Alfred Dent	37	1881	1900	Chairman | founder of the Settlement | managing director | Commissioner	review	Q2644863	Alfred Dent	British businessman (1844–1927)	1844	1927	businessperson	Alfred Dent		1	
P000422	named	C. A. Barber	37	1893	1940	Government Botanist, Madras | Government Botanist | Cambridge botanist | author of Report on the failure of the cacao crop in Dominica	auto	Q8344896	Charles Alfred Barber	British botanist (1860-1933)	1860	1933	botanist|botanical collector|collector	Charles Alfred Barber	botanist,~agriculturist	1	
P000423	named	F. Hardy	37	1924	1942	author | Imperial College of Tropical Agriculture | author of article on Cellulosic Materials | Professor	review	Q110297967	Felicity Hardy	South African entomologist			entomologist|dipterologist	Felicity Hardy	~agriculturist	1	
P000424	named	G. W. Christison	37	1882	1900	reader of the paper | attendee | member | Manager in India	none									0	
P000425	named	George Birdwood	37	1881	1912	author | conducted experiments | author of report on Tusser and other wild silks | author of historical preface	review	Q5537907	George Christopher Molesworth Birdwood	Anglo-Indian official, naturalist, and writer (1832–1917)	1832	1917	Indian Civil Service|botanist|military physician|beamter	George Christopher Molesworth Birdwood	writer	2	Q75439686 George Brodrick Birdwood ((1860-1921))
P000426	named	Graham Pandittasekera	37	1919	1932	member | Member | member of the Committee | present	none									0	
P000427	named	Howard Newport	37	1897	1913	author | Instructor in Coffee Culture | Instructor in Tropical Agriculture, Cairns | instructor in coffee culture	none									0	
P000428	named	J. S. de Silva	37	1908	1922	Chief Clerk | member | author | present	none									0	
P000429	named	James Hornell	37	1902	1912	assistant | Assistant | scientist | investigator at the Marine Laboratory	review	Q6136247	James Hornell	British zoologist (1865–1949)	1865	1949	zoologist|ethnologist|anthropologist|collector	James Hornell		2	Q102186132 James Michael Hornell (Ph.D. University of California, Berkeley)
P000430	named	Marcus S. Rockwood	37	1937	1945	Member | member | Member of the Board | member of the Board	none									0	
P000431	named	R. J. Hartley	37	1938	1945	member | Member | Chairman, Ceylon Estates Proprietary Association | former member	none									0	
P000432	named	Robert Thomson	37	1881	1910	author | late Superintendent | formerly Superintendent of the Chinchona Plantations, Jamaica, but now resident  | late island Botanist	review	Q104117164	Robert Thomson	MInister of the Church of Scotland			Christian minister	Robert Thomson	~administrator	9	Q113377962 Robert Thomson (Canadian lighting designer) ; Q108512438 Robert Thomson (Flight Lieutenant in Royal Air Force, Br) ; Q73276265 Robert Thomson (British Army officer) ; Q116871994 Robert Thomson (a light designer based in Canada) ; Q22109946 Robert C. Thomson (zoologist) ; Q43914490 Robert Thomson (One of the people associated with the wi) ; Q51566139 Robert L Thomson (researcher) ; Q5965
P000433	named	S. M. Burrows	37	1887	1909	Hon. Secretary | Director of Public Instruction | Assistant to the Government Agent | shareholder by proxy	review	Q7608813	Stephen Burrows	American actor, writer and director			actor|film director	Stephen Burrows	writer	2	Q18719319 Steve Burrows (Canadian writer)
P000434	named	W. P. A. Cooke	37	1917	1945	Divisional Agricultural Officer, Northern | Divisional Agricultural Officer | Farm School Officer, Jaffna | Farm School Officer	none									0	
P000435	named	Arthur Thompson	36	1883	1934	shareholder | member of Wm. J. & Hy. Thompson, visitor | of Messrs. W. H. & J. Thompson | of the well-known London Tea-broking Firm of Messrs. W. J. & H. Thompson	review	Q123698079	Arthur Thompson	rugby league footballer			rugby league player	Arthur Thompson		5	Q75916727 Arthur Frederick Thompson (Peerage person ID=401926) ; Q76060042 Arthur Thompson ((died 1871)) ; Q88469752 Arthur Thompson (researcher) ; Q107110215 Arthur M. Thompson (American architect)
P000436	named	J. Harward	36	1899	1913	member of the Board | Director of Public Instruction | Member of the Board | member present	review	Q6238159	John Harward	British educationist	1858	1932	writer	John Harward		1	
P000437	surname_pool	Peppercorn	36	1884	1891	correspondent | author | author of the article | author of remarks on p. 401	review	Q4798497	Arthur Douglas Peppercorn	British artist (1847-1926)	1847	1926	painter	Arthur Douglas Peppercorn		1	
P000438	surname_pool	Rumphius	36	1882	1945	botanist | author | writer | author of Herbarium Amboinense	auto	Q61439	Georg Eberhard Rumphius	German-Dutch merchant, naturalist and botanist (1627-1702)	1627	1702	naturalist|architect|military personnel|historian|merchant	Georg Eberhard Rumphius	botanist,~botanist,writer	1	
P000439	named	W. Dymock	36	1883	1945	author | author of Materia Medica of Western India | author of Report on the Native Plants of the West Coast | author cited	review	Q113810328	William Dymock	British Indian physician and botanist (1834 - 1892)	1834	1892	physician|botanist	William Dymock		1	
P000440	named	W. T. Thiselton Dyer	36	1881	1913	author | Director of the Royal Botanic Gardens, Kew | Director, Royal Gardens, Kew | author of letter	auto	Q2065240	William Turner Thiselton-Dyer	British botanist (1843-1928)	1843	1928	university teacher|botanist|botanical illustrator	Willian Turner Thiselton Dyer	botanist,~horticulturist	2	Q16065876 William Dyer (English cricketer (1805-1865))
P000441	named	W. V. D. Pieris	36	1930	1945	Geneticist | author | Officiating Chief Technical Officer | Geneticist, Coconut Research Scheme	none									0	
P000442	named	A. Baur	35	1895	1913	author of letter | correspondent | owner of manure works | proprietor	review	Q2637581	Albert Baur	German painter (1835-1906)	1835	1906	university teacher|painter	Albert Baur		3	Q4722307 Alfred Baur (Swiss art collector (1865-1951)) ; Q23062932 Albert Baur ()
P000443	named	A. S. Long Price	35	1912	1926	member | Member | member of the Committee | member of Committee	none									0	
P000444	named	C. P. Layard	35	1881	1935	Government Agent | Revenue Officer | author of dictum on rice cultivation | high authority	review	Q16059182	Charles Layard	British colonial judge (1849-1916)	1849	1915	judge	Charles Layard	~administrator	1	
P000445	named	E. S. Anderson	35	1885	1901	Director | shareholder | director | Shareholder	review	Q26220775	Edward D. Anderson	American general (1868–1940)	1868	1940	military personnel	Edward Anderson		6	Q27829484 Edward Anderson (American general (1864–1937)) ; Q1287903 Eduard Anderson (German painter (1873-1947)) ; Q5346471 Edwin H. Anderson (American library leader (1861-1947)) ; Q5553485 Edvard Anderson () ; Q28873614 Ed Anderson (British chemist)
P000446	named	E. W. Hilgard	35	1882	1937	author | Professor | Professor, Berkeley, Cal. | discussing the "Objects and Interpretation of Soil Analyses"	none									0	
P000447	named	E. W. Streeter	35	1886	1900	author | interested in pearling industries | jeweller with establishment at Cossack | lender of gems	none									0	
P000448	named	F. A. Fluckiger	35	1881	1896	author | pharmacologist | author of Pharmacographia | Professor	none									0	
P000449	named	Graeme Sinclair	35	1884	1934	member of the Committee | absent member | Present | agriculturist	none									0	
P000450	named	H. R. Freeman	35	1908	1944	Member | committee member | Member of the Board | Board member	review	Q62017570	H. R. Freeman		1864	1945		H. R. Freeman		1	
P000451	named	John Buchanan	35	1883	1902	of Zomba | pioneer planter | shareholder | of Zomba, Eastern Africa	review	Q392162	John P. Buchanan	American politician; governor of Tennessee from 1891 to 1893 (1847-1930)	1847	1930	politician|governor	John P. Buchanan		12	Q16059854 John Buchanan (Scottish missionary, horticulturist and ) ; Q6223729 John Buchanan (New Zealand botanist, botanical collecto) ; Q16201153 John Buchanan (Scottish footballer (19th century)) ; Q1637248 John A. Buchanan (American politician (1843-1921)) ; Q108839453 John Buchanan (American physician and fraudster) ; Q6223725 John Buchanan (Member of Parliament from the Hawke's Ba) ; Q1332695
P000452	named	R. Derry	35	1889	1912	author of report | Superintendent of Government Plantations, Perak | author of the report | planter	none									0	
P000453	named	S. Armstrong	35	1934	1940	Member | member | member of the Board | Member of the Board	review	Q56259032	Scott A. Armstrong	American pediatric oncologist and cancer biologist			researcher	Scott A. Armstrong		2	Q7435905 Scott Armstrong (American journalist, author, and media c)
P000454	named	W. J. Forsyth	35	1883	1898	author | planter | shareholder | formerly of Dimbula and Maturata	none									0	
P000455	named	A. Haly	34	1882	1900	Director of the Colombo Museum | Director | speaker | of the Museum	none									0	
P000456	named	A. W. Winter	34	1883	1941	Unofficial Member, Southern Province | member | Southern Province | author	none									0	
P000457	named	Bruce S. Gibbon	34	1923	1945	Member | member | Member of the Board | Member of Standing Committee	none									0	
P000458	named	D. E. V. Koch	34	1936	1945	Assistant Chemist | author | Research Probationer in Agricultural Chemistry | analyst	none									0	
P000459	named	Donald Andrew	34	1889	1902	shareholder | Director | director | Shareholder	none									0	
P000460	named	H. L. Van Buuren	34	1914	1928	author | Assistant to the Economic Botanist | School of Tropical Agriculture | Mr.	none									0	
P000461	named	James Wilson	34	1885	1930	Chairman | Secretary of Agriculture | owner of walking-stick, Kilmarnock | president	review	Q94765	James Wilson	Scottish businessman, economist and Liberal politician (1805-1860)	1805	1860	businessperson|politician|entrepreneur|economist|editor	James Wilson		7	Q373094 James Wilson (Scotland-born United States politician () ; Q109394303 James Wilson (kidney diseases researcher at UC Irvine) ; Q109393837 James Wilson (nanopore researcher at University of Ill) ; Q109409344 James Wilson (surgeon active in Glasgow, Scotland 1827) ; Q12975453 James Grant Wilson (Union Army general, and publisher (1832–) ; Q47541460 James Wilson (British civil servant in Briti
P000462	named	Nathaniel Wallich	34	1881	1902	botanist | Surgeon to the Danish Settlement at Serampore; Superintendent | botanist, collector | Superintendent of the Garden	review	Q730310	Nathaniel Wolff Wallich	surgeon and botanist of Danish origin who worked in India (1786-1854)	1786	1854	physician|surgeon|botanical collector|botanist|mycologist	Nathaniel Wolff Wallich	botanist,~botanist,~horticulturist	1	
P000463	named	S. F. H. Perera	34	1882	1945	Member | member | Member (absent) | acting member	none									0	
P000464	named	S. G. Taylor	34	1883	1945	Director of Irrigation | vice the Director of Irrigation | Acting Director of Irrigation | Director of Irrigation, on leave	none									0	
P000465	named	T. M. Z. Mahamooth	34	1901	1945	Deputy Director (Animal Husbandry), and Government Veterinary Surgeon | Acting Deputy Director (Animal Husbandry) and Government Veterinary Surgeon | Deputy Director (Animal Husbandry) and Government Veterinary Surgeon | Visitor	none									0	
P000466	named	W. B. Lamont	34	1884	1904	present at measurements | planter, Heneratgoda and Mirigama | coconut planter | guest	none									0	
P000467	named	W. Cameron	34	1882	1941	author | raised the first cinchona seed in Ceylon | tea planter from Assam | inventor of the Cinchona Drier	none									0	
P000468	named	William Johnston	34	1889	1906	Secretary | subscriber to Association | secretary | Secy.	review	Q8017071	William Preston Johnston	American writer and Confederate Army soldier (1831–1899)	1831	1899	poet	William Preston Johnston		4	Q8013699 William Johnston (Irish politician (1829–1902)) ; Q18534984 William Johnston (British army officer) ; Q131277989 William Johnston (Canadian politician from Ontario)
P000469	named	William Robinson	34	1886	1910	Governor of Trinidad | Governor | His Excellency | recipient of report	review	Q2577723	William Robinson	British colonial administrator and musical composer (1834-1897)	1834	1897	composer|politician	William Robinson	administrator,~administrator	7	Q839215 William Robinson (11th Governor of Hong Kong, born 1836 (1) ; Q116026896 William Robinson () ; Q108162318 William Robinson (British Royal Navy officer, commander in) ; Q116026897 William Robinson () ; Q8013325 William J. Robinson (American birth control advocate (1867–19) ; Q113480518 William Robinson (American slave holder and benefactor)
P000470	named	A. A. Wickramasinghe	33	1920	1944	Member | member | Committee member | Nominated by Food Production Committee, Sabaragamuwa Province (Kegalle)	none									0	
P000471	named	A. M. Chittambalam	33	1892	1908	author | local market reporter | author, Baillie St., Fort | prize donor	none									0	
P000472	named	A. N. Galbraith	33	1903	1941	Secretary, Ceylon Agricultural Society | Secretary | Secretary of the Society | member of the Board	none									0	
P000473	named	A. W. Warburton-Gray	33	1902	1936	Board member | member | Member of the Board | member, Estate Products Committee	none									0	
P000474	named	C. E. Strachan	33	1884	1903	Chairman | Director | vendor | witness to tea growth	none									0	
P000475	named	D. G. Pandittesekere	33	1928	1944	Assistant in Agricultural Chemistry | author | Asst. in Agricultural Chemistry | assistance in canning and bottling trials	none									0	
P000476	named	Daniel Joseph	33	1888	1919	Member | Unofficial Member, Central Province | Nominated Member, Central Province | member	review	Q133893369	Daniel Joseph	Canadian professional football defensive lineman for the Edmonton Elks of the Canadian Football League (CFL)			American football player	Daniel Joseph		1	
P000477	named	E. C. Cotes	33	1888	1899	author | author of the letter | editor | first assistant, Indian Museum	none									0	
P000478	named	Edgar Turner	33	1898	1920	Member | member | Labour Commissioner | member present	review	Q63282088	Edgar Turner	UK author (1857-1942)	1857	1942	writer	Edgar Turner		2	Q75449445 Edgar Turner (Peerage person ID=148915)
P000479	named	G. F. Hampson	33	1882	1932	author | entomologist | author of moth description | author of the commentary	auto	Q3101573		British entomologist (1860–1936)	1860	1936	zoologist|lepidopterist|entomologist	Sir George F. Hampson, Bart.	entomologist,~entomologist	1	
P000480	named	G. H. D. Elphinstone	33	1881	1908	tea exhibitor | exhibitor | Ceylon exhibitor | owner of Windsor Forest estate	none									0	
P000481	named	Gordon Reeves	33	1888	1913	exhibitor | planter | correspondent | tea maker	none									0	
P000482	named	Harold Hamel Smith	33	1900	1930	author | correspondent | author of letter | Editor of Tropical Life	review	Q131468508	Harold Hamel Smith		1867			Harold Hamel Smith		1	
P000483	named	Hercules J. Scott	33	1886	1926	Auditor | auditor | Director | Director retiring from the Board	none									0	
P000484	named	J. C. Drieberg	33	1899	1940	Farm School Officer | author | visitor | Inspector, Colombo Fumigatorium	none									0	
P000485	named	J. E. Evans	33	1914	1924	Acting Supdt., Observatory | Acting Supdt., Colombo Observatory | Acting Director, Colombo Observatory | Acting Supdt, Observatory	review	Q110219129	J. E. Evans	American sculptor			sculptor	J. E. Evans		1	
P000486	named	James P. Fernando	33	1932	1945	Member | member | Board member | Chairman, Low-Country Products Association	none									0	
P000487	named	L. M. M. Dias	33	1927	1945	member | Member | Board member | retiring member	none									0	
P000488	named	O. Kellner	33	1887	1944	analyst | researcher | Professor of Tokio | Director of the Chemical Laboratory at Tokio	none									0	
P000489	named	R. H. Spencer Schrader	33	1882	1945	Member | member | Member of the Central Board of Agriculture | Member of the Board	none									0	
P000490	named	Robert H. Elliot	33	1881	1922	author of letter | author | author of the letter | author of paper, known as 'the Mysore Planter'	review	Q18159848	Robert Elliot	British surgeon	1864	1936	surgeon|ophthalmologist|magician	Robert Elliot		1	
P000491	named	S. E. Peal	33	1881	1910	author | tea expert | artist | tea planter, Aideo, Sibsagar, Asam	none									0	
P000492	named	W. B. Pryer	33	1885	1897	Manager | planter | published an account of a visit to Birds-nest Caves | present at demonstration	none									0	
P000493	named	W. H. Attfield	33	1937	1945	Member | member | Board member | Present at meeting	none									0	
P000494	named	William Forbes Laurie	33	1882	1902	shareholder | Director | director | planter	none									0	
P000495	named	Charles A. Reiss	32	1890	1904	Director | director | Chairman | Director, Chairman	none									0	
P000496	named	David Kerr	32	1888	1906	Ceylon Manager | Ceylon manager | Manager in Ceylon | Director	review	Q109370851	David Kerr	academic, researcher, professor of Accounting			professor|university teacher|researcher|academic	David Kerr		3	Q104591786 David Kerr (New Zealand doctor and board chairperson) ; Q126848198 David Kerr (candidate in the 2024 United Kingdom gen)
P000497	named	David Livingstone	32	1883	1912	explorer | traveler | native coffee planter | planter	review	Q48373	David Livingstone	Scottish missionary and explorer (1813-1873)	1813	1873	writer|physician writer|missionary|geographer|explorer	David Livingstone	explorer,writer	4	Q115735687 David Livingstone (Managing Director, Chief Executive Offic) ; Q28318481 David Livingstone (producer) ; Q75715315 David Livingstone (Peerage person ID=299455)
P000498	named	E. R. Speyer	32	1915	1932	Entomologist | Acting Entomologist | entomologist | author	none									0	
P000499	named	Edward Cowan	32	1906	1936	Visitor | author | present | Superintendent	review	Q75958344	Edward Cowan	(1875-1952)	1875	1952		Edward Cowan		1	
P000500	named	F. Sutton Hawes	32	1888	1896	Consul | buyer and seller of teas | seller and buyer of Ceylon teas | broker and buyer	none									0	
P000501	named	George Turnour	32	1884	1912	Revenue Commissioner | Hon'ble, Kandy | Official in Kandy | Acting Colonial Secretary	none									0	
P000502	named	Graham Anderson	32	1881	1903	author | planter | experimenter on coffee leaf disease | author of revelation	none									0	
P000503	named	H. Marshall Ward	32	1881	1941	author | Professor of Botany in the Forestry School, R. I. E. College, Cooper's Hill | exhibitor of parasitic fungi | author of the report	none									0	
P000504	named	H. Tarrant	32	1886	1906	Director | shareholder | member present | director	none									0	
P000505	named	H. W. Amarasuriya	32	1906	1945	Member | member | Member (absent) | member, nominated by Galle District Agricultural Committee	none									0	
P000506	named	J. C. Dunbar	32	1890	1906	Director | Chairman | client | manager of Mount Vernon Estate	review	Q76057947	J. C. Dunbar	Peerage person ID=500944				J. C. Dunbar		1	
P000507	named	J. G. Lear	32	1889	1922	Superintendent | Actg. Supdt. | Royal Botanic Garden | plant collector, pioneer of coffee enterprise, Curator of the Peradeniya Gardens	none									0	
P000508	named	J. Grantham	32	1917	1935	author | researcher | author of the account | Director of Research H.A.P.M., Sumatra	none									0	
P000509	named	J. L. D. Peiris	32	1891	1945	Member | member | absent member | Board member	none									0	
P000510	named	J. P. Lewis	32	1890	1922	author | Government Agent | member | author of letter	auto	Q94277735	J. Penry Lewis	British civil servant in Sri Lanka and author (1854–1923)	1854	1923	civil servant|author	J. Penry Lewis	administrator,writer	2	Q28101913 Jack Patrick Lewis (politician in Massachusetts, US)
P000511	named	M. Kelway-Bamber	32	1894	1918	Analytical and Consulting Chemist | author | Acting Secretary, Ceylon Agricultural Society | author of new book on tea	none									0	
P000512	surname_pool	Napoleon	32	1883	1934	historical figure | Emperor | correspondent | resident of St. Helena	review	Q517	Napoleon	French military leader, French Emperor 1804–1814 and again in 1815 (1769–1821)	1769	1821	emperor|politician|sovereign|militant|military leader	Napoleon	royalty	4	Q7721 Napoleon III (President of the Second French Republic,) ; Q221549 Napoléon, Prince Imperial (French prince (1856–1879)) ; Q1918987 Victor, Prince Napoléon (Prince of France (1862-1926))
P000513	named	Oliver Collett	32	1896	1928	author of the paper | Member | author | Naturalist, Lower Dikoya	none									0	
P000514	named	Paul Wagner	32	1885	1925	of Darmstadt | Director of the Agricultural Station at Darmstadt | Director of the Agricultural Research Station at Darmstadt | author of observations on horticulture	auto	Q108682	Paul Wagner	German chemist (1843-1930)	1843	1930	chemist|university teacher|agricultural chemist	Paul Wagner	agriculturist,~agriculturist	8	Q102128975 Paul Wagner (Ph.D. University of Minnesota-Minneapoli) ; Q128238590 Paul Wagner (1824-) ; Q131731706 Paul Wagner () ; Q131731446 Paul Wagner (German missionary in India) ; Q100943128 Paul Wagner (college basketball player (1972–1974) Da) ; Q95251385 Paul Wagner () ; Q102285105 Paul Wagner (composer)
P000515	named	Thomas Mackie	32	1883	1903	Director | seller of Holbrook | shareholder | planter	review	Q110644094	Thomas R. Mackie	researcher			researcher	Thomas R. Mackie		4	Q87258881 Thomas I Mackie (researcher) ; Q7792100 Thomas Mackie (Canadian politician (1840–1905)) ; Q134781138 Thomas Mackie (American actor)
P000516	named	W. W. Bailey	32	1881	1917	Land purchaser | Chairman | Ceylon planter | author	none									0	
P000517	named	William Hooker	32	1882	1943	Director of the Royal Botanic Gardens, Kew | Director of Kew | Botanist | Director of Kew Gardens	review	Q3568709	William Hooker	British illustrator of natural history (1779-1832)	1779	1832	botanist|botanical illustrator	William Hooker	botanist,~botanist	4	Q75733305 William Hooker (Peerage person ID=307253) ; Q8012482 William Hooker (English cricketer (1796-1867)) ; Q134708557 William Hooker ()
P000518	named	A. Bryans	31	1888	1903	P. R. Buchanan & Co. | Director | committee member | member	none									0	
P000519	named	A. C. Kingsford	31	1891	1924	Chairman | recipient of the letter | Chairman of the P. A. | Chairman, Planters' Association of Ceylon	none									0	
P000520	named	C. A. W. Cameron	31	1882	1904	Chairman | Director | analyst | director	none									0	
P000521	named	Donald Mackay	31	1885	1908	Director | author | seller | correspondent, Perak	review	Q113471823	Donald MacKay	Author of 1934 Thesis (Ph.D.) at Stanford University titled The Growth And Life History Of The Pacific Edible Crab, Cancer Magister Dana			researcher	Donald MacKay	writer	8	Q19282406 Donald Mackay (British Royal Navy admiral (1780-1850)) ; Q129677466 Donald MacKay (Scottish–American architect) ; Q135228760 Donald Mackay (American banker and mayor) ; Q139857253 Donald MacKay (American building contractor) ; Q124968444 Donald MacKay (American architect) ; Q57554900 Donald R Mackay (researcher ORCID ID = 0000-0003-3952-152) ; Q2584194 Donald Mackay, 11th Lord Reay (Brit
P000522	named	E. Ule	31	1902	1914	botanist | author | German botanist | assistant-director of the Botanic Gardens of Rio de Janeiro	auto	Q72701	Ernst Heinrich Georg Ule	German botanist and explorer (1854-1915)	1854	1915	botanical collector|botanist|explorer|scientific collector	Ernst Heinrich Georg Ule	botanist	1	
P000523	named	F. R. Tubbs	31	1929	1945	Plant Physiologist | Tea Research Institute | Officer | Plant Physiologist candidate	none									0	
P000524	named	G. H. Golledge	31	1906	1920	correspondent | member | absent member | planter	none									0	
P000525	named	H. A. Alford Nicholls	31	1881	1930	author | author of Tropical Agriculture | author of 'Tropical Agriculture' | author of work on Tropical Agriculture	review	Q27733785	Henry Alfred Alford Nicholls	physician, disease specialist, horticulturist, zoologist and legislator in, and publicist for Dominica (1851-1926)	1851	1926	physician|zoologist|horticulturist	Henry Alfred Alford Nicholls	~agriculturist	1	
P000526	named	H. A. Pieris	31	1899	1945	Divisional Agricultural Officer, Central | Visitor | visitor | Divisional Agricultural Officer, Central Division	none									0	
P000527	named	H. Creasy	31	1894	1918	Director | shareholder | subscriber, Colombo | attorney for V. A. Julins	none									0	
P000528	named	Harry Whitham	31	1886	1900	Director | Secretary | director | shareholder	none									0	
P000529	named	James Irvine	31	1882	1909	author | author of the letter | correspondent, Badulla | correspondent	review	Q16062634	James Irvine	Scottish portrait-painter; (1833-1889)	1822	1889	painter	James Irvine		5	Q108284933 James Irvine (British Royal Navy officer, lieutenant i) ; Q106640410 James Irvine (Minister of the Church of Scotland) ; Q24090681 James Harvey Irvine, Sr. (16 Oct 1867 - 1947) ; Q76037983 James Irvine ((died 1636))
P000530	named	John Russell	31	1884	1944	Prime Minister | Correspondent | of Seattle, Washington | Director	review	Q157259	John Russell, 1st Earl Russell	Prime Minister of the United Kingdom, 1846–1852 and 1865–1866 (1792–1878)	1792	1878	politician	Lord John Russell	politician,royalty,~administrator	3	Q108162299 John Russell (British Royal Navy officer, captain in 1) ; Q110622410 John Russell ()
P000531	named	L. A. Wright	31	1892	1929	Member | Estate Superintendent | member | member of the Committee	none									0	
P000532	named	Michael Hicks-Beach	31	1891	1902	Chancellor of the Exchequer | official | minister in charge of the department | Chancellor of the Exchequer (implied by budget context)	review	Q332746	Michael Hicks Beach, 1st Earl St Aldwyn	British politician (1837-1916)	1837	1916	politician	Sir Michael Edward Hicks-Beach		2	Q76324969 Michael Hicks-Beach ((1872-1952))
P000533	named	T. A. Cockburn	31	1886	1901	planter, Rathkelle estate | representative | exhibition conductor | appointed with S. Bierach in conducting the enterprise	none									0	
P000534	named	V. Ramanathan	31	1915	1934	Agricultural Instructor, Jaffna | Agricultural Instructor | Agricultural Instructor, Mannar | Assistant Clerk	none									0	
P000535	named	W. B. Kingsbury	31	1893	1902	Director | director | shareholder | Chairman	none									0	
P000536	named	William Saunders	31	1884	1908	Department of Agriculture | author | member | author of official report	review	Q8018139	William Saunders	Canadian pharmacist and entomologist (1836-1914)	1836	1914	botanist|entomologist	William Saunders	~agriculturist	8	Q3568930 William Saunders (British newspaper publisher and Liberal ) ; Q8018134 William Saunders (British footballer) ; Q126287491 William Saunders (artificial intelligence researcher) ; Q6811116 William Saunders (American botanist (1822-1900)) ; Q8018133 William Saunders (British photographer (1832–1892)) ; Q20821456 William Saunders (Poet and writer) ; Q8018132 William Saunders (American housewr
P000537	named	Charles Gibbon	30	1887	1925	Visitor | planter in Panwila | estate owner | estate manager/proprietor	review	Q17309064	Charles Gibbon	British novelist	1843	1890	writer	Charles Gibbon		3	Q76302162 Charles Gibbon (Peerage person ID=674249) ; Q75892924 Charles Gibbon (Peerage person ID=385748)
P000538	named	D. T. Richards	30	1932	1941	Member of the Board | Board member | Absent member | Chairman, Ceylon Estates Proprietary Association	review	Q75822513	D. T. Richards	Peerage person ID=348098				D. T. Richards		1	
P000539	named	David Wilson	30	1882	1901	co-introducer of coir fibre machine | owner of estate, Calcutta | late resident of Colombo | late	review	Q111989858	David Wilson				author	David Wilson		6	Q109519621 David Wilson (American pastor and army chaplain) ; Q115016689 David Wilson (Canadian artist) ; Q16887050 David C. Wilson (American businessman and politician (178) ; Q28914261 David Wilson (American painter, printmaker) ; Q48254461 David F. Wilson (biochemist and biophysicist)
P000540	named	F. R. Dias	30	1899	1933	member | visitor | Member | Visitor	none									0	
P000541	named	G. V. Wickramasekera	30	1923	1945	Chairman, Paddy Officer | visitor | Visitor | Paddy Officer	none									0	
P000542	named	George A. Pilkington	30	1894	1904	Director | director | Chairman | shareholder	none									0	
P000543	named	George Beck	30	1884	1903	planter | Hony. Secy. | Hon. Secy. | correspondent	review	Q75428336	George Beck	Peerage person ID=135521				George Beck		2	Q57554349 George R Beck (researcher ORCID ID = 0000-0002-7623-409)
P000544	named	J. Huber	30	1900	1917	author | botanist at the Goeldi Museum | author of paper on Sapium | present at the conference	auto	Q4502038	Jacques Huber	Swiss-Brazilian botanist (1867–1914)	1867	1914	botanical collector|botanist	Jacques Huber	botanist	2	Q684146 Jean Huber (Genevan painter (1721-1786))
P000545	named	Justus von Liebig	30	1884	1939	chemist | German chemist | late chemist, father of Baron Hermann von Liebig | German scientist	auto	Q16571	Justus von Liebig	German chemist (1803-1873)	1803	1873	writer|inventor|chemist|agronomist|university teacher	Justus von Liebig	chemist,~chemist	2	Q94888142 Justus Ferdinand von Liebig (jurist, 1864-1955)
P000546	named	K. W. Van Gorkom	30	1882	1896	author | successor to Junghuhn | author of article on Netherlands India agriculture | Director of the Government Cinchona Cultures	none									0	
P000547	named	M. W. Philpott	30	1934	1945	Chemist | staff member | Assistant Chemist | Acting Director	none									0	
P000548	named	O. W. Barrett	30	1908	1937	author | author of the paper | Chief of the Division of Experiment Stations | Bureau of Plant Industry	auto	Q93461180	Otis Warren Barrett	American agronomist (1872-1950)	1872	1950	agronomist|entomologist	Otis Warren Barrett	agriculturist,~agriculturist	1	
P000549	named	Percy Bois	30	1886	1911	Director | shareholder | recipient of seed | Representing Messrs. Alstons, Scott & Co.	none									0	
P000550	named	Robert Macbride	30	1884	1904	Observer, Mihintale | Director of Public Works | Member of the Institution of Civil Engineers | official	none									0	
P000551	named	T. B. Fletcher	30	1884	1942	author | entomologist | Colonial Secretary | Imperial Entomologist	none									0	
P000552	named	Veterinary Surgeon	30	1893	1939	official | left for India on holiday | veterinary surgeon | government officer	none									0	
P000553	named	W. C. Ondaatje	30	1883	1922	exhibitor | Acting Botanical Superintendent | Colonial Surgeon of Ceylon | botanical worker, Galle, Ceylon	none									0	
P000554	named	W. Milne	30	1887	1908	Chairman | exhibitor, North Matale | Exhibitor, Liberian coffee | shareholder by proxy	review	Q8015659	William Milne	entrepreneur and politician in South Australia (1822–1895)	1822	1895	politician	William Milne		1	
P000555	named	A. Coombe	29	1923	1931	Member | member | member of the Committee | absent member	none									0	
P000556	named	A. P. Goonatilleke	29	1910	1928	member | author | absent member | present	none									0	
P000557	named	A. W. S. Sackville	29	1891	1899	Chairman | Chairman, Maskeliya Association | member, Maskeliya | Director	none									0	
P000558	named	C. A. Leechman	29	1894	1897	Director | director | subscriber to memo and articles of association | nominee to Committee of Thirty	none									0	
P000559	named	C. J. C. Mee	29	1904	1922	member present | Superintendent of the cotton-growing experimental station at Madawachchi | special Assistant | Nominated Member, North-Central Province	none									0	
P000560	named	C. Tottenham	29	1882	1902	manager, Digalla | proprietor of Monerikande | residence in London | seller of Wattagalla Estate	none									0	
P000561	named	G. J. Jameson	29	1889	1904	shareholder | Director | signatory of the memorandum and articles | of Messrs. Carson & Co.	none									0	
P000562	named	G. S. Duff	29	1882	1902	proprietor | Manager of the Oriental Bank | purchaser | seller of Holyrood West	none									0	
P000563	named	George Kent Deaker	29	1887	1931	Director | Committee member | resident, Passara | Member of the Thirty Committee	none									0	
P000564	named	H. L. Forbes	29	1886	1903	Chairman | author | Chairman and Managing Director | Chairman, Managing Director	none									0	
P000565	named	H. M. Stanley	29	1885	1940	explorer | author | author of letter | well-known African traveller	auto	Q171421	Henry Morton Stanley	British journalist and explorer (1841–1904)	1841	1904	writer|politician|journalist|explorer	Henry Morton Stanley	explorer,writer	1	
P000566	named	Henry McCallum	29	1908	1941	Governor | Secretary of State | Governor, presided | former official	auto	Q5720760	Henry Edward McCallum	Colonial governor (1852-1919)	1852	1919	politician	Henry Edward McCallum	administrator,~administrator	1	
P000567	named	J. Clovis de Silva	29	1882	1917	purchaser | Committee member | member | Nominated Member, North-Western Province	none									0	
P000568	named	J. R. Martin	29	1885	1908	author of contribution on cacao cultivation | author of report, Yatthewatte, Matale | reporter to Planters' Association | superintendent of Yattawatte	none									0	
P000569	named	J. Stewart J. McCall	29	1908	1945	Director of Agriculture, Nyasaland | author | Director of Agriculture for Nyasaland | author of report on cotton	none									0	
P000570	named	James E. Mason	29	1881	1897	owner of Alpha estate | proprietor of Alpha | of the Alpha estate Taviuni | of the Alpha tea and coffee estate, Taviuni, Fiji	review	Q124743985	James E. Mason	gravitational wave researcher			researcher	James E. Mason		1	
P000571	named	John Lubbock	29	1881	1909	author | in the chair | President, read a paper at the British Association | author of paper on bees	review	Q312503	John Lubbock, 1st Baron Avebury	English banker, Liberal politician, philanthropist, scientist and polymath (1834-1913)	1834	1913	naturalist|politician|zoologist|banker|botanist	Sir John Lubbock	writer	3	Q568443 Sir John Lubbock, 3rd Baronet (English banker, barrister, mathematician) ; Q7527904 Sir John Lubbock, 2nd Baronet (English banker, politician)
P000572	named	K. Balasingham	29	1915	1939	present | attendee | Member | member	none									0	
P000573	named	L. De Z. Jayatilleke	29	1914	1922	Agricultural Instructor, Kalutara | Agricultural Instructor | present | Inspector of School Gardens	none									0	
P000574	named	Old Colonist	29	1882	1902	correspondent | author | writer | pseudonym	none									0	
P000575	named	P. C. Larkin	29	1896	1903	of Toronto | of The 'Salada' Tea Co. | signatory of letter, Toronto | of Toronto, Canada	none									0	
P000576	named	P. R. Shand	29	1881	1943	visitor | exhibitor | Honorary Secretary of the Nawalapitiya Branch | tea exhibitor	review	Q75711752	P. R. Shand	Peerage person ID=298025				P. R. Shand		1	
P000577	named	R. B. Magor	29	1882	1906	subscriber | Chairman | director | Director	none									0	
P000578	named	S. Bierach	29	1894	1896	author | author of letter | on the staff of the Special Commissioner for Ceylon | late of the Ceylon Commissioner's staff, tea business, New York	none									0	
P000579	named	S. Elwood May	29	1888	1899	president of the Ceylon Planters' Tea Company | manufacturer and exporter | President of the Company | claims to be accredited agent	none									0	
P000580	named	V. M. Muttukumaru	29	1910	1923	Mudaliyar | Visitor | Unofficial Member, Northern Province | grower	none									0	
P000581	named	W. Coombe	29	1912	1930	Board member | member | Board Member | absent member	none									0	
P000582	named	W. H. G. Duncan	29	1885	1921	Director | shareholder | Shareholder | director	none									0	
P000583	named	W. L. Kindersley	29	1899	1930	Chairman | Government Agent, Central Province | Government Agent | attended the Show	none									0	
P000584	named	W. R. Robertson	29	1881	1910	Superintendent of the Government Farms | Superintendent, Government Farms | Agricultural Reporter to the Government of Madras | Superintendent of Government Farms	none									0	
P000585	named	A. H. Benson	28	1894	1921	author | Director of Fruit Culture | Fruit Expert | Fruit Expert, Queensland	none									0	
P000586	named	C. E. Hawes	28	1929	1938	Member of the Board | Board member | member of the Committee | member	none									0	
P000587	named	E. John	28	1881	1899	shareholder | auctioneer | Shareholder | owner of the sale	none									0	
P000588	named	E. M. Shattock	28	1893	1906	Director | Auditor | auditor | Director, Auditor	none									0	
P000589	named	Edmund Woodhouse	28	1884	1899	author | correspondent | potential buyer of tea boxes | author of the article	none									0	
P000590	named	F. Crosbie Roles	28	1892	1941	Director | Hony. Treasurer | present at the meeting | delegate appointed in Ceylon	none									0	
P000591	named	Forbes Laurie	28	1881	1899	correspondent | planter | authority on rubber yield | owner of Libria estate	none									0	
P000592	named	G. Mundt	28	1886	1898	President | President of the Java Planters' Association | President of the Soekaboemi Agricultural Association | author	none									0	
P000593	named	J. A. Wirasinghe	28	1903	1919	Mudaliyar of Rayigam korale | Mudaliyar | Gate Mdlr., Western Province | Unofficial Member, Western Province	none									0	
P000594	named	J. Munton	28	1882	1911	Director | shareholder | Agent & Secretary | Agent and Secretary	none									0	
P000595	named	J. Whittall	28	1881	1896	Chairman | committee member | sub-committee member | Vice President	none									0	
P000596	named	James Collins	28	1881	1912	author | author of Report on the Caoutchouc of Commerce | Government Economic Botanist at Singapore | author of cited letter	review	Q126709750	James Collins	economic botanist and curator (fl.1846-1900)			curator|economic botany	James Collins	botanist	4	Q120653038 James Collins (Indiana politician 1802-1869) ; Q100981312 James Collins (college basketball player (1976–1977) Ke) ; Q136398533 James Collins (Canadian political candidate)
P000597	named	James Longden	28	1881	1912	Governor | Governor of Ceylon | speaker | Governor of the island and its dependencies	none									0	
P000598	named	M. S. J. Akbar	28	1883	1909	Emperor | emperor | Mughal Emperor | correspondent	none									0	
P000599	named	P. B. M. Bandaranayake	28	1911	1945	member | Member | Agricultural Instructor, Badulla | Probationary Agricultural Instructor	none									0	
P000600	named	P. Carmody	28	1898	1920	Government Analyst | Govt. Analyst | Government Analyst, Trinidad | author	none									0	
P000601	named	R. C. Scott	28	1881	1945	Chairman, Planters' Association of Ceylon | Director | Member | visitor	none									0	
P000602	named	R. L. Proudlock	28	1892	1912	Curator | Curator of the Calcutta Garden, Curator of the Government Garden at Ootacamund | Curator of the Government Botanical Gardens, Ootacamund | Mysore	none									0	
P000603	named	R. S. Fraser	28	1884	1913	importer of silkworm eggs | planter, Kandenuwera and Wariapolla | estate owner | delivered favourable verdict	none									0	
P000604	named	R. Senior-White	28	1915	1936	present | of Suduganga Estate | author of paper on Insect Pests | Member	auto	Q7364625	Ronald A. Senior-White	British entomologist	1891	1954	entomologist	Ronald A. Senior-White	entomologist	1	
P000605	named	Ronald Ross	28	1892	1930	F.R.S., of the Liverpool Tropical Medicine | Professor of Tropical Medicine | Nobel Laureate | Indian Medical Service	auto	Q102034	Ronald Ross	British doctor, Nobel laureate, writer, and artist (1857–1932)	1857	1932	physician|poet|mathematician|zoologist|botanist	Ronald Ross	physician	3	Q75749280 Ronald Ross (Peerage person ID=314597) ; Q24765342 Ronald J. Ross (American radiologist)
P000606	named	T. A. de Mel	28	1919	1927	member | member of the Committee | absent | Member of Estate Products Committee	none									0	
P000607	named	T. Amarasuriya	28	1939	1945	member | Member | member, Low-Country Products Association | Member of the Board	review	Q15966984	Thomas Amarasuriya	Sri Lankan politician	1907	1979	politician	Thomas Amarasuriya		1	
P000608	named	Thomas Wardle	28	1881	1910	English silk dyer | recipient of cocoons, author of 'Wild Silks of India' | manufacturer at Leek, Staffordshire | author of handbook	review	Q18954621	Thomas Wardle	English silk dyer and printer (1831–1909)	1831	1909	businessperson	Thomas Wardle		1	
P000609	named	Tom Gibson	28	1884	1900	Hon. Secretary | Secretary | donor of plants from Miriasedela | resident	review	Q123707360	Tom Gibson	Cheshire county rugby league footballer			rugby league player	Tom Gibson		2	Q123707596 Tom Gibson (rugby league footballer)
P000610	named	W. Burck	28	1883	1907	assistant manager of the State Botanical garden at Buitenzorg | Assistant Director of the Buitenzorg Botanic Gardens, Java | Asst. Director | assistant Manager of the Gardens	none									0	
P000611	named	W. J. Gallagher	28	1908	1938	Government Mycologist | Director of Agriculture, F. M. S. | Government Mycologist, F.M.S. | author in Straits Agricultural Bulletin	review	Q8009638	William Gallagher	American baseball player (1874–1950)	1874	1950	baseball player	William Gallagher		2	Q4909077  (American baseball player)
P000612	named	A. M. Ferguson Jr.	27	1882	1892	planter, Abbotsford | present at meeting | sent leaves to Mr. Marshall Ward | correspondent	none									0	
P000613	named	A. Mahadeva	27	1923	1937	absent member | member | Member of the Board | Member	none									0	
P000614	named	A. Sharples	27	1915	1937	author | researcher | Mycologist, Department of Agriculture, S.S. & F.M.S. | Government Mycologist, Kuala Lumpur	none									0	
P000615	named	A. T. Karslake	27	1881	1902	Kandy | inventor of method for removing cinchona bark | prize winner | Kandy Committee	none									0	
P000616	named	Arthur Willey	27	1894	1909	Director of the Colombo Museum | author | F.R.S. | Director of the Museum at Colombo	review	Q15987186	Arthur Willey	director of Colombo Museum, Ceylon	1867	1942	naturalist|zoologist	Arthur Willey		1	
P000617	named	C. E. Ford	27	1882	1945	Geneticist | Superintendent of the Botanical and Afforestation Department | released for military service | staff member	review	Q52496255	Charles Ford	English painter, 1801-1870	1801	1870	artist	Charles Ford		2	Q94511699 Corydon L. Ford (American physician (1813–1894))
P000618	named	Charles Darwin	27	1881	1939	scientist | author | botanist | author of 'The Formation of Vegetable Mould'	review	Q1035	Charles Darwin	English naturalist and biologist (1809–1882)	1809	1882	naturalist|writer|biologist|geologist|botanical collector	Charles Darwin	writer	2	Q5076724 Charles Darwin (oldest son of Erasmus Darwin and uncle o)
P000619	named	F. A. Obeyesekera	27	1936	1944	member | Member | former member | former State Council representative on the Board	none									0	
P000620	named	F. C. Loos	27	1884	1921	Director | Chairman | resident | Shareholder	none									0	
P000621	named	F. L. Clements	27	1886	1909	Director | presiding | respondent to questions | committee member	none									0	
P000622	named	Frederic Dunn	27	1881	1889	analyst | analyst, Technological Department | Industrial and Technological Museum Laboratory | Government Laboratory	none									0	
P000623	named	H. B. Hutchinson	27	1904	1940	author | researcher | co-author of the method | conducted Rothamsted experiments	review	Q5723470	Henry Hutchinson	British architect (1800-1831)	1800	1831	architect	Henry Hutchinson		3	Q3136201 Hiram Hutchinson (American industrialist (1808-1869)) ; Q16866428 Hubert Hutchinson (Dean of Barbados)
P000624	named	H. M. Knight	27	1890	1909	Chairman | elected Chairman | requested by Travancore Planters' Association to visit congested districts | Chairman of the Travancore Planters' Association	review	Q76092455	H. M. Knight	Peerage person ID=525155				H. M. Knight		1	
P000625	named	Henry Tod	27	1888	1901	Director | director | shareholder | Director, Secretary	review	Q140013433	Henry Tod	Millionaire of Youngstown, OH (1838-1905)	1838	1905		Henry Tod		1	
P000626	named	J. K. Nock	27	1903	1922	author | Curator, Hakgala Gardens | reader of paper on Propagation of Plants | next superintendent of Hakgala Gardens	none									0	
P000627	named	J. N. Stuart	27	1890	1902	member | Chairman | committee member | chairman of the Indian Tea Association	none									0	
P000628	named	J. W. C. de Soysa	27	1891	1941	exhibitor | Attendee | Member of the Association | employer of vedarāla	none									0	
P000629	named	J. W. Minchin	27	1881	1899	author of letter | author of paper on fibre plants of India | superintendent of the experiment | manager	none									0	
P000630	named	J. W. Moir	27	1887	1901	proprietor | company representative | formerly manager of the Lakes Company | resident	none									0	
P000631	named	L. Famin	27	1886	1903	Director | member of the Board | signatory, 57, Eastcheap, E.C. | Member of the Board	none									0	
P000632	named	L. W. Wickramasinghe	27	1923	1945	Member | member | Rev. Father | Member of the Board	none									0	
P000633	named	M. L. M. Salgado	27	1933	1944	Soil Chemist | author | Soil Chemist, Coconut Research Scheme | Soil Chemist, Coconut Research Scheme (Ceylon)	none									0	
P000634	named	O. F. Cook	27	1902	1938	author | explorer | author of paper on coconut palm origin | botanist in charge of investigations in tropical agriculture	review	Q7105927	Oscar Cook	British colonial administrator, editor and author (1888-1952)	1888	1952	writer	Oscar Cook	writer	1	
P000635	named	R. W. Harrison	27	1902	1912	Director | planter | planter, Klang | manager of the estate	none									0	
P000636	named	T. H. Hill	27	1891	1903	formerly of Matale | Ceylon planter, Pioneer Planter | representative of Weld's Hill estate | author of letter and tables	review	Q75432243	T. H. Hill	Peerage person ID=137981				T. H. Hill		1	
P000637	named	Thistlethwaite Dyer	27	1882	1899	official at Kew | Director of Kew Gardens | researcher on Latakia tobacco | of Kew Gardens	none									0	
P000638	named	William Somerville	27	1889	1932	of the Durham College of Science | Assistant in Fowlie, Richmond & Co. | lecturer on Forestry | Secretary	review	Q18936315	William Somerville	agriculturist	1860	1932	scientist	William Somerville	~forester,scientist	7	Q108285463 William Somerville (British Royal Navy officer, commander in) ; Q111229433 William Somerville (American politician – Minnesota -House 1) ; Q75435271 William Somerville ((1789-1857)) ; Q8018611 William Somerville (British physician (1771-1860)) ; Q76148057 William Somerville (Peerage person ID=564324) ; Q76218789 William Somerville (Peerage person ID=613395)
P000639	named	A. L. Cross	26	1891	1902	Director | Kandy Committee | Nuwara Eliya and Kandy | correspondent, Edinburgh	none									0	
P000640	named	Alfred Brown	26	1891	1902	Managing Director | Chairman | defendant | Defendant and Respondent	review	Q111324884	Alfred Brown	politician	1836		politician	Alfred Brown		5	Q84365812 Alfred Brown (Dakota Territory legislator of Hutchinso) ; Q4723203 Alfred Brown (New Zealand missionary (1803–1884)) ; Q55837504 Alfred L. Brown (researcher) ; Q4722377 Alfred Brown (English County cricketer (1854-1900))
P000641	named	Barrington Brown	26	1888	1899	observer in British Guiana | employed by the Company | gemming expert, visitor to Ceylon | sent out by Syndicate	none									0	
P000642	named	C. H. A. Samarakkody	26	1917	1930	Gate Mudaliyar | Mudaliyar | Mudaliyar, Western Province | Unofficial Member, Western Province	none									0	
P000643	named	C. J. J. van Hall	26	1909	1938	author | researcher | author cited | Director of the Institute for Plant Diseases, Buitenzorg	review	Q21514519	Constant Johan Jacob van Hall	Dutch botanist, plant pathologist and microbiologist (1875 - 1947)	1875	1947	botanist|phytopathologist|microbiologist	Constant Johan Jacob van Hall		1	
P000644	named	C. J. Scott	26	1882	1911	shareholder | director | Director | Ceylon	review	Q89438314	Charles James Scott	British teacher (1856-1924)	1856	1924	secondary school teacher|school teacher	Charles James Scott		1	
P000645	named	F. J. Waring	26	1892	1897	Engineer | Chief Resident Engineer, Railway Extension, Ceylon | proposer of railway to Jaffna | advocate of broad gauge railways	none									0	
P000646	named	G. C. Walker	26	1890	1904	shareholder | Director | director | Shareholder	review	Q5545822	George Walker	African-American vaudevillian (1872-1911)	1873	1911	actor|composer|stage actor	George Walker		4	Q5545818 George Walker (English novelist, born 1772) ; Q1508508 George Walker (English chess player (1803–1879)) ; Q25205065 George Walker (Canadian wrestler)
P000647	named	G. Martin	26	1923	1934	Superintendent Chemist in London of the Ceylon Rubber Research Scheme | Scientific staff in London of the Ceylon Rubber Research Scheme | researcher | Chemist and Superintendent	review	Q125993712	Graeme A. Martin	agricultural engineer in New Zealand fl. 1990s			researcher	Graeme A. Martin	~chemist,scientist	6	Q27913693 G. Martin (badminton player from New Zealand) ; Q121537016 Gustave Michel Martin (French parasitologist and protistologist) ; Q21516096 George Martin (botanist and mycologist (1827-1886)) ; Q5546284 George Willard Martin (American mycologist (1886-1971)) ; Q47501823 George Dennis Martin (British architect)
P000648	named	G. Pandittesekera	26	1920	1945	Board member | member | member of the Board | Sub-Committee member	none									0	
P000649	named	George Armitage	26	1888	1899	Director | shown the specimen | prospector | gold-digger	review	Q96776601	George Armitage	English politician		1987	politician	George Armitage		3	Q71023377 George Faulkner Armitage (architect and interior designer) ; Q76347537 George Armitage (Peerage person ID=704678)
P000650	named	Graeme Elphinstone	26	1887	1914	planter | owner of Waterloo estate | promoter of Ceylon tea in Russia | expected to push on clearings for coffee and tea	none									0	
P000651	named	H. L. Van B.	26	1888	1919	author | author of the article | author of notes | author/initials	none									0	
P000652	named	Henry Tryon	26	1895	1928	author | Government Entomologist | Entomologist | Vegetable Pathologist and Government Entomologist, Queensland	auto	Q2882827	Henry Tryon	British born Australian botanist & insect collector (1856-1943)	1856	1943	naturalist|curator|entomologist|scientific collector|botanical collector	Henry Tryon	entomologist,~agriculturist,~entomologist,~mycologist	1	
P000653	named	J. D. Finch Noyes	26	1911	1932	Member of the Board | Board member | Board Member | Member	none									0	
P000654	named	J. E. O'Connor	26	1882	1903	Director-General of Statistics | Director-General of Statistics to the Government of India | Under Secretary in the Indian Department of Finance and Commerce | author of statistics	review	Q6140458	James O'Connor	Irish barrister, legal writer and judge (1872–1931)	1872	1931	judge	James O'Connor	writer	6	Q15458356 John O'Connor (British politician, 1850-1921) ; Q6250809 John O'Connor (Canadian politician) ; Q6140462 James O'Connor (Catholic bishop (1823–1891)) ; Q6250815 John O'Connor (British politician (1837-1891)) ; Q126899090 Joseph O'Connor (American journalist and poet (1841-1908))
P000655	named	James D. Watson	26	1882	1903	author | author of the letter | author of letter | of The Duke Model Estate, Tavoy	none									0	
P000656	surname_pool	Lord Curzon	26	1899	1929	Viceroy | Viceroy of India | gave lecture to Bengal | visitor	auto	Q271878	George Curzon, 1st Marquess Curzon of Kedleston	Viceroy of India and British Foreign Secretary (1859–1925)	1859	1925	politician|diplomat|foreign minister|traveler|explorer	Marquis of Curzon George Nathaniel Curzon	administrator,~administrator	1	
P000657	named	M. Berthelot	26	1885	1904	scientist | researcher | French chemist | French Minister of Foreign Affairs	auto	Q18425	Marcellin Berthelot	French chemist and politician (1827-1907)	1827	1907	politician|physicist|Esperantist|chemist|university teacher	Marcellin Berthelot	chemist,scientist	1	
P000658	named	N. J. Martin	26	1910	1925	Unofficial Member, North-Western Province | Member | North-Western Province | land owner	none									0	
P000659	named	P. J. Burgess	26	1903	1933	author | former Straits Government Analyst | author of the quoted opinions on rubber drying | manager of Bukit Asahan estate	none									0	
P000660	named	R. H. Bassett	26	1938	1944	Commissioner for the Development of Agricultural Marketing | Commissioner for Development of Agricultural Marketing | Marketing Commissioner | member of the Central Board of Agriculture	auto	Q131689740	Ralph Henry Bassett	British colonial administrator (1896–1962)	1896	1962		Ralph Henry Bassett	administrator	3	Q20711531 Reginald Bassett (English historian and Professor of Polit) ; Q118501270 Robert Bassett (English Member of Parliament (MP) and Lo)
P000661	named	R. H. de Mel	26	1941	1945	Member | member | member of the Board | absent member	none									0	
P000662	named	S. F. Ashby	26	1915	1938	author | researcher | mycologist | Speaker on Red Ring disease	review	Q56231074	Steve Ashby	American farmer and sculptor (1904–1980)	1904	1980	farmer|sculptor	Steve Ashby		1	
P000663	named	W. H. Treacher	26	1883	1912	Governor | Resident-General | Acting Consul-General | addressee	auto	Q1701295	William Hood Treacher	British colonial administrator (1849–1919)	1849	1919		William Hood Treacher	administrator	1	
P000664	named	W. M. Standen	26	1891	1904	Director of the Government Cinchona Plantations in Madras | Director | visitor to Java | winner of Tea Essay prize, Naduvattam	none									0	
P000665	named	W. Nowell	26	1902	1941	author | Mycologist of the Imperial Department | first to observe the association of the nematode with the disease | Director of the Amani Institute	none									0	
P000666	named	William Crookes	26	1881	1932	scientist | translator | proposed artificial production of combined nitrogen | eminent agricultural chemist	review	Q189552	William Crookes	British chemist and physicist (1832-1919)	1832	1919	photographer|physicist|chemist|psychic	William Crookes	scientist	1	
P000667	named	A. Cantlay	25	1884	1903	Director | shareholder | Chairman, Director | Sub-Committee member	none									0	
P000668	named	Albert Koebele	25	1895	1929	entomologist | imported specimens from California | officer in the Entomological Branch | entomologist, Australia	auto	Q314544	Albert Koebele	American entomologist	1853	1925	zoologist|entomologist	Albert Koebele	entomologist,~entomologist	1	
P000669	named	F. M. Bailey	25	1883	1909	Colonial Botanist | Government Botanist | read notes on botanical specimens | Colonial botanist	auto	Q2659122	Frederick Manson Bailey	Australian botanist (1827-1915)	1827	1915	botanist|botanical collector|explorer|scientific collector	Frederick Manson Bailey	botanist	2	Q55813566 Francis Bailey ((1744-1817) printer and journalist)
P000670	named	G. A. Cruwell	25	1881	1901	planter | author | hunter | Ceylon planter	review	Q1329373	Gottlieb August Crüwell	Austrian librarian and historian (1866-1931)	1866	1931	writer|librarian|historian|playwright	Gottlieb August Crüwell	writer	1	
P000671	named	G. A. Joseph	25	1895	1919	present | member of the Board | member | Hon. Secretary	none									0	
P000672	named	G. K. Stewart	25	1896	1937	Member of the Board | Chairman of the Ceylon Estates Proprietary Association | former Board member | Member representing the Ceylon Estates Proprietary Association	review	Q108195420	G. K. Stewart	British businessman				G. K. Stewart		1	
P000673	named	H. C. Byrde	25	1891	1909	Planter, Ceylon | Estate proprietor | Planter and merchant in Ceylon; Deputy Lieutenant and J.P. for Co. Monmouth | Commandant of Kandy; 16th Regiment	review	Q18349115	Henry Byrde	British military person				Henry Byrde	military	1	
P000674	named	H. Storey	25	1897	1933	member | visitor | planter | Manager	none									0	
P000675	named	H. W. Jack	25	1921	1940	author | Economic Botanist | Economic Botanist, Department of Agriculture, F.M.S. & S.S. | author of 'Preliminary Report on Experiments with Wet Rice in Krian'	none									0	
P000676	named	Henry A. Blake	25	1890	1941	Governor | Founder | Founder of the Ceylon Agricultural Society | Patron	none									0	
P000677	named	J. B. Farmer	25	1891	1941	researcher | Professor | botanist | author	auto	Q6223090	John Bretland Farmer	British botanist (1865-1944)	1865	1944	journalist|botanist	John Bretland Farmer	botanist	5	Q17305549 James Farmer (English manufacturer) ; Q6253626 John Q. Farmer (American politician (1823–1904)) ; Q1335446 John Farmer (British composer (1835–1901)) ; Q6232724 John Farmer ((1789-1838) American historian)
P000678	named	J. H. Gilbert	25	1886	1935	agricultural chemist | scientist | Principal of the Rangoon College | agricultural scientist, Rothamstead	none									0	
P000679	named	J. Hamilton Alston	25	1898	1904	Auditor | signatory, 60, Watling-street, E.C.	none									0	
P000680	named	J. O. Westwood	25	1882	1901	entomologist | author | illustrator | first observed Phylloxera in this country	auto	Q1236294	John Obadiah Westwood	English entomologist and archaeologist (1805-1893)	1805	1893	zoologist|lepidopterist|scientific collector|archaeologist|illustrator	John Obadiah Westwood	entomologist,~entomologist	1	
P000681	named	John Capper	25	1885	1899	journalist | Secretary | father-in-law of James H. Hutton | Secretary to the Cattle Disease Commission	auto	Q66361254	John Capper	English writer and Orientalist	1814	1898	newspaper editor	John Capper	journalist,~journalist	2	Q6225085 John Capper (British First World War general)
P000682	named	L. J. De S. Seneviratne	25	1944	1945	Chairman | Acting Director of Agriculture (Chairman) | Director of Agriculture | Acting Director of Agriculture	none									0	
P000683	named	Martin Wijayanayaka	25	1907	1937	Acting Govt. Veterinary Surgeon | for Government Veterinary Surgeon | Government Veterinary Surgeon | Acting Government Veterinary Surgeon	none									0	
P000684	named	N. M. Jayasuriya	25	1910	1914	Agricultural Instructor | Agricultural Instructor, Southern Province | Agricultural Instructor, S. P. | locum tenens	none									0	
P000685	named	Paul Hermann	25	1881	1941	botanist | Chief Medical Officer in the Dutch East India Company's service in Ceylon | collector of plants | collector in Ceylon	auto	Q66569	Paul Hermann	German botanist (1646-1695)	1646	1695	naturalist|physician|biologist|university teacher|botanical illustrator	Paul Hermann	botanist,physician,~botanist	2	Q2060134 Paul Hermann (German farmer and politician (1809–1862))
P000686	named	W. E. Davidson	25	1885	1941	Mayor of Colombo | Secretary | Honorary Secretary | author of the Administration Report	none									0	
P000687	named	A. B. Murray	24	1886	1912	Director | shareholder | Director, 33 Renfield Street, Glasgow; and Rosebank, Patrick | director	none									0	
P000688	named	A. Lehmann	24	1899	1912	Agricultural Chemist to the Mysore Government | attendee | Agricultural Chemist to the Government of Mysore | Agricultural Chemist	auto	Q61988298	Adolf Lehmann	agricultural chemist from Canada	1863	1937	naturalist|chemist	Adolf Lehmann	agriculturist,chemist,~agriculturist,~chemist	5	Q106377348 Albert Lehmann (Paris art collector whose collection was) ; Q365438 Adolph Lehmann (Austrian publisher (of the Viennese addr) ; Q5944315 Alfred Lehmann (Danish psychologist (1858–1921)) ; Q24059275 Anton Lehmann ()
P000689	named	Alfred Ernest Caldicott	24	1899	1904	Observer, Ambanpitiya | Observer, Urubokka | District Engineer of the Public Works Department of Ceylon | Observer, Albampitiya	none									0	
P000690	named	C. H. Z. Fernando	24	1919	1938	Member of the Board | Member | Member of Board of Management | Resigned Member	review	Q98098977	Charles Hubert Zaleski Fernando	politician from Ceylon	1892	1973		Charles Hubert Zaleski Fernando		1	
P000691	named	C. P. Lounsbury	24	1898	1921	Government Entomologist at the Cape | Government Entomologist, Cape Colony | author | official Entomologist at Cape Town	auto	Q5006745	C. P. Lounsbury	South African entomologist	1872	1955	zoologist|entomologist	C. P. Lounsbury	entomologist,~entomologist	1	
P000692	named	Charles Northway	24	1897	1940	exhibitor | planter, Deviturai | rubber planter | rubber planter, Devuturai	none									0	
P000693	named	F. R. Ellis	24	1887	1941	Government Agent of the Western Province | Exhibitor | Government Agent, W. P. | member of Commission	review	Q16466626	Francis Robert Ellis		1849	1915		Francis Robert Ellis		1	
P000694	named	F. Summers	24	1891	1938	author | Economic Botanist | researcher | manager of the Wai-Weer Station	none									0	
P000695	named	F. Yates	24	1935	1944	author | statistician on confounded blocks | author of 'Design and Analysis of Factorial Experiments' | author of reference 10	none									0	
P000696	named	G. H. Masefield	24	1909	1932	member | Member | absent member | attendee	none									0	
P000697	named	G. R. Whitby	24	1929	1945	member | Member | absent member | Representative of the State Council	none									0	
P000698	named	George Greig	24	1883	1906	sender of rainfall diagram | Member | Staff in Ceylon | member of the Committee	review	Q106596024	George M. Greig	Scottish watercolorist, circa 1820-1867	1820	1867	painter|watercolorist	George M. Greig		2	Q5539902 George Greig (Scottish football manager (1871-1940))
P000699	named	Gustav Mann	24	1881	1901	Conservator of Forests, Assam | collector | Conservator of Forests | collector, Khasia Hills	review	Q70799	Gustav Mann	German botanist (1836-1916)	1836	1916	botanical collector|botanist	Gustav Mann	~forester	3	Q15711329 Gustav Mann ((1864 – 1921)) ; Q76283948 Gustav Mann (Peerage person ID=661577)
P000700	named	J. A. Hunter	24	1890	1910	shareholder | Chief Manager | member | correspondent on cardamom crops	none									0	
P000701	named	J. A. Voelcker	24	1885	1924	Consulting Chemist to the Royal Agricultural Society of England | analyst | author of contribution | investigator	none									0	
P000702	named	J. B. Cull	24	1885	1899	Director of Public Instruction | new Director of Public Instruction | present at meeting | Member of the Association	none									0	
P000703	named	James Mollison	24	1893	1917	Superintendent of Farms, Bombay Presidency | Superintendent of Farms in the Bombay Presidency | Superintendent, Government Farms, Bombay | Superintendent of Farms, Bombay	review	Q94785929	James Mollison		1810	1875	merchant|lord of the manor|copper engraver	James Mollison		2	Q99693499 James Mollison ()
P000704	named	John Douglas	24	1883	1922	author | Lieut.-Governor | purchaser in the new Barolin township | Premier of Queensland	review	Q113437668	John Douglas	Minister of the Church of Scotland, MA			Christian minister	John Douglas	~administrator	7	Q18612365 John Douglas (British Army officer, (1817-1888)) ; Q108162498 John Douglas (British Royal Navy officer, lieutenant i) ; Q109807194 John Douglas () ; Q116053125 John Douglas (Abt 1700 - 5 May 1772 Kirby, Cleveland, ) ; Q951299 John Douglas (English architect (1830–1911)) ; Q57699291 John Douglas (researcher ORCID ID = 0000-0003-3822-006)
P000705	named	Marshall Woodrow	24	1882	1922	author | shareholder | Superintendent, Botanical Gardens, Ganesh Khind, Poona | Director of the Bombay Botanical Survey	none									0	
P000706	named	O. Warburg	24	1888	1911	author | of Berlin | author of communication | author of report	review	Q62822	Otto Warburg	German botanist (1859-1938)	1859	1938	university teacher|botanical collector|botanist|scientific collector|Zionist	Otto Warburg		1	
P000707	named	P. MacOwan	24	1886	1904	Government Botanist | Government Botanist at the Cape | author, Cape Town Botanic Garden | author	none									0	
P000708	named	Percy N. Braine	24	1883	1915	author of letter | author of the letter | collector of silk-producing moths | friend, supplier of mulberry plants	none									0	
P000709	named	R. A. Bosanquet	24	1881	1904	mortgagee | Chairman | shareholder | Director	none									0	
P000710	named	Robert Warington	24	1882	1912	researcher | working in the Rothamsted Laboratory | author of communication on nitrification | lecturer on production and loss of nitrates	review	Q18821865	Robert Warington	English agricultural chemist; (1837-1907)	1838	1907	chemist|agricultural chemist	Robert Warington		2	Q18819938 Robert Warington (English chemist; (1807-1867))
P000711	surname_pool	Virgil	24	1881	1932	poet | author | author of 'Georgics' | author cited regarding alder boats	review	Q1398	Virgil	Roman poet (1st century BC)	-69	-18	writer|poet	Virgil	writer	2	Q563366 Virgil Solis (German printmaker (1514-1562))
P000712	named	W. S. Bennett	24	1885	1903	Director | purchaser | Chairman | owner of Riverside estate	review	Q121816290	Winfield Scott Bennett	Coroner of Suffolk County, New York	1851	1930	physician|coroner	Winfield Scott Bennett		1	
P000713	named	W. T. Thiselton-Dyer	24	1886	1912	Director, Royal Gardens, Kew | Director of the Royal Botanic Gardens, Kew | Director of the Royal Gardens, Kew | author, Royal Gardens, Kew	auto	Q2065240	William Turner Thiselton-Dyer	British botanist (1843-1928)	1843	1928	university teacher|botanist|botanical illustrator	William Turner Thiselton-Dyer	botanist,~horticulturist	1	
P000714	named	William Cochran	24	1881	1943	author | author cited | developer of binomial and geometric series tests (1937) | author cited (1938)	review	Q112725735	William Cochran	American jazz musician			jazz musician	William Cochran		3	Q8006936 William Cochran (Scottish painter (1738-1785)) ; Q27827553 William Cochran (Anglican priest)
P000715	named	William Sabonadiere	24	1881	1902	author | planter | author of letter | old planter	none									0	
P000716	named	A. G. Baynham	23	1927	1934	Member of the Board | Board member | reviewer | representative, Planters' Association of Ceylon	none									0	
P000717	named	A. P. Waldock	23	1893	1924	member of the Committee | Member | Secretary | exhibitor	none									0	
P000718	named	A. T. Sydney-Smith	23	1926	1944	member | Member | member of the Committee | member of the Estate Products Committee	none									0	
P000719	named	A. V. Richards	23	1935	1945	Horticultural Officer | Visitor | visitor | Assistant Horticultural Officer	none									0	
P000720	surname_pool	Aberdonensis	23	1882	1898	correspondent | author | Ceylon planter settled in Mysore | man employed by another	none									0	
P000721	named	C. P. Crispeyn	23	1917	1925	Agricultural Instructor | Agricultural Instructor, Kegalle | Kegalle | Committee Member	none									0	
P000722	named	Charles Andree	23	1897	1928	bee-keeper, Kurunegala | member | bee-keeper, Kurnegala | of Kurunegala	none									0	
P000723	named	Edward Hamlin	23	1885	1897	author of the letter | correspondent | shareholder | Kandy Committee	review	Q76188228	Edward Hamlin	Peerage person ID=591213				Edward Hamlin		1	
P000724	named	F. J. de Saram	23	1891	1906	Director | shareholder | director | subscriber to memo and articles of association	none									0	
P000725	named	Frederick Weld	23	1881	1895	Governor of the Straits Settlements | Governor | late Governor of the Straits Settlements | Governor of that Colony	auto	Q328269	Frederick Weld	New Zealand politician and governor of various British colonies (1823-1891)	1823	1891	politician	Frederick Weld	administrator,~administrator	1	
P000726	named	G. H. Withers	23	1881	1900	counsel | counsel for plaintiff | Judge | seller	none									0	
P000727	named	G. Romilly	23	1886	1903	Chairman | tea planter | Honorary Secretary | Honorary Secretary, Wynaad Planters' Association	none									0	
P000728	named	George Allen	23	1887	1903	Director | Chairman | chairman of the directors | Director, Chairman	review	Q17308741	George Allen	English engraver and publisher (1832-1907)	1832	1907	engraver	George Allen		7	Q110521205 George Allen () ; Q125251504 George W. Allen (American jurist (1844–1928)) ; Q119584502 George Allen (Australian sculptor and war artist) ; Q131261186 George Allen (scientist) ; Q100743166 George Allen (college basketball player (1983–1984) Ma) ; Q112023832 George Allen (Titanic victim)
P000729	named	H. L. Ludowyk	23	1922	1927	Librarian, Department of Agriculture, Ceylon | Librarian, Department of Agriculture | translator | Librarian, Department of Agriculture, Peradeniya	none									0	
P000730	named	H. P. Hodgson	23	1883	1904	holder of land concession | associated with Bhowani Valley operations | member, proposed amendment | candidate for planting member	none									0	
P000731	named	H. Wace	23	1895	1912	Chairman | Government Agent | author of Administration Report | Ceylon resident, gift or exchange	none									0	
P000732	named	J. C. Roberts	23	1882	1912	of Udugama, assisted with experiments | recipient of wardian cases | donor of seeds or plants | planter, Udagama	none									0	
P000733	named	J. G. Baker	23	1882	1900	botanist | author | author of essay | author of the review and report	auto	Q730330		British botanist (1834-1920)	1834	1920	botanical collector|botanist|ecologist|pteridologist|scientific collector	J. G. Baker	botanist,~horticulturist	1	
P000734	named	J. W. Scott	23	1884	1928	member | author | shareholder | Regretted inability to attend	review	Q111325431	John W. Scott	American farmer and politician (1849-1929)	1849	1929	politician|farmer	John W. Scott		2	Q657994 John Walter Scott (American stamp dealer and philatelist (1)
P000735	named	Joseph Banks	23	1887	1941	President of the Royal Society | recipient of letter | purchaser of herbarium | suggested cultivating tea plant	review	Q76316446	Joseph Banks	Peerage person ID=683593				Joseph Banks		1	
P000736	named	K. Kanakasabai	23	1941	1945	member | Member | Member of the Board | member of the Board	none									0	
P000737	named	L. Davidson	23	1890	1910	member | member present | Director | Superintendent of the Gikyanakande Tea Estate, Ceylon (Resident Director in Ceyl	none									0	
P000738	named	O. Hesse	23	1881	1906	chemist | author | researcher | chemist who isolated cinchamidine	none									0	
P000739	named	P. B. Kapuwatte	23	1917	1922	Agricultural Instructor | Agricultural Instructor, Harasbedde | Ratnapura | Instructor, Ratnapura	none									0	
P000740	named	Philip Schidrowitz	23	1908	1930	author | lecturer | researcher | author of letter	review	Q16872720	Philip Schidrowitz		1872	1960	chemist	Philip Schidrowitz		1	
P000741	named	R. Lyell	23	1882	1912	committee member | subscriber | member | Member of the Special Committee	none									0	
P000742	named	R. Senior White	23	1918	1935	member | Hon. Secretary | entomologist | Kachcheri Mudaliyar	none									0	
P000743	named	S. C. Fernando	23	1882	1941	Secretary, Central Board of Agriculture | Secretary | Administrative Secretary | Committee member	none									0	
P000744	named	S. J. F. Dias	23	1926	1945	visitor | Visitor | Agricultural Officer, North-Western Division | Acting Propaganda Officer, Department of Agriculture, Ceylon	none									0	
P000745	named	Thomas Routledge	23	1881	1911	of Sunderland | author | English papermaker | author of pamphlets on bamboo	review	Q88243255	Thomas J Routledge	researcher			researcher	Thomas J Routledge		1	
P000746	named	W. A. Amarasekera	23	1914	1941	Mudaliyar | Mudaliyar, attendee | Hony. Secretary, representative to the Board of Agriculture | regretted inability to attend	none									0	
P000747	named	W. H. Johnson	23	1881	1914	author | Secretary | director | Curator	review	Q56650328	William Harral Johnson	British author	1834		writer	William Harral Johnson	writer	6	Q111228226 W. H. Johnson (American politician – Minnesota -House 1) ; Q111228225 W. H. Johnson (American politician – Minnesota -House 1) ; Q111228224 W. H. Johnson (American politician – Minnesota -House 1) ; Q8013688 William Johnson (British surveyor, Governor of Ladakh) ; Q76158084 W. H. Johnson (Peerage person ID=570391)
P000748	named	W. H. Verner	23	1888	1902	committee member | Attendee | member of the American Tea Committee | Member of the American and Foreign Tea Committee	none									0	
P000749	named	William Raitt	23	1909	1915	author | chemical engineer and paper fibre expert resident at Bangalore, S. India | author, Bangalore | author of article on bamboo pulp	review	Q43910799	William Raitt	person associated with the witch trials in Scotland			Christian minister	William Raitt		1	
P000750	named	William Taylor	23	1881	1920	Manager | shareholder | M.D., of the A. B. C. F. M. Mission, Osaka, Japan | commission agent, York-street, Glasgow	review	Q111630890	William Taylor	(1764-1841	1764	1841		William Taylor		5	Q81249922 William Alton Taylor (pomologist for the USDA (1863–1949)) ; Q108179685 William Taylor ((1815-1867)) ; Q47539908 William H. Taylor (American judge (1863–1926)) ; Q105470011 William Taylor (British Army surgeon-general (1843-1917))
P000751	named	A. Sabapathy	22	1918	1924	Member | committee member | Member of Committee | Committee member	none									0	
P000752	named	Austin Ekanayake	22	1934	1940	Board member | Board Member | member of the Board | Member of the Board of Management	none									0	
P000753	named	C. D. V. Georgi	22	1923	1943	author | researcher | Chief Research Officer | Asst. Agricultural Chemist, Department of Agriculture, F.M.S. & S.S.	none									0	
P000754	named	C. J. Lindsay Nicholson	22	1885	1901	Chairman | Director | chairman | shareholder	none									0	
P000755	named	C. J. R. Le Mesurier	22	1885	1904	Assistant Government Agent of Nuwara Eliya | Ceylon Civil Service | member of a Commission appointed by the New Zealand Government | Assistant Government Agent, Nuwara Eliya, Central Province	none									0	
P000756	named	C. O. Weber	22	1902	1914	author | investigator | contributor to the India-rubber Trade Journal | expert who visited Castilloa	none									0	
P000757	named	C. V. Brayne	22	1907	1936	Government Agent | Assistant Government Agent, and Chairman Mullaitive Agricultural Society | Assistant Government Agent Mullaittivu, Chairman of the Branch Society | A.G.A., Kalutara (Chairman)	none									0	
P000758	named	David Fairchild	22	1903	1933	Agricultural Explorer, U.S.A. Department of Agriculture | Agricultural Explorer, U.S. Department | Agricultural Explorer, U. S. A. | Agricultural Explorer in Charge of Foreign Explorations	auto	Q2587580	David Grandison Fairchild	American botanist, mycologist and explorer (1869-1954)	1869	1954	writer|botanist|botanical collector|mycologist|explorer	David Grandison Fairchild	explorer,~agriculturist	2	Q16065816 David Fairchild (American politician)
P000759	named	E. H. Hancock	22	1891	1904	Director | director | signatory | valued the estates	none									0	
P000760	named	F. C. Fisher	22	1884	1913	Government Agent | Acting Conservator | officer | author of Administration Report for 1890	none									0	
P000761	named	F. Dornhorst	22	1888	1913	Director | counsel | member present | present	none									0	
P000762	named	G. E. J. Hulugalle	22	1917	1928	visitor | Visitor | Divisional Agricultural Officer | Examiner	none									0	
P000763	named	G. L. Acworth	22	1892	1904	Hon'ble Mr | Honorary Secretary, Central Travancore Planters' Association | C. Travancore | Chairman of the United Planters' Association of Southern India	none									0	
P000764	named	G. W. Robinson	22	1887	1944	author | cultivated them at his estate near Berwick | Professor, author of the article | authority on red soil classification	review	Q28322850	G. W. Robinson	British civilian maritime Chief Officer decorated for bravery aboard the 'Carlton', on 20 December 1940				G. W. Robinson		1	
P000765	named	H. H. Potts	22	1885	1897	Director | member of the Board | retiring director | Director, retired through ill health	none									0	
P000766	named	H. Pasteur	22	1882	1890	author of letter | author of letter on coffee adulteration | London Broker | Analyst	none									0	
P000767	named	Hugh Cleghorn	22	1883	1912	Conservator of Forests | author on sand-binding plants | promoted the substance | conservator of the Madras forests	auto	Q5930356	Hugh Cleghorn	Scottish forester (1820-1895)	1820	1895	physician|surgeon|forester|botanist|botanical collector	Hugh Cleghorn	forester,~forester	2	Q14610754 Hugh Cleghorn (British Colonial Administrator)
P000768	named	J. A. Rogers	22	1924	1944	Superintendent | Superintendent, St. Coombs | visitor | labour manager	review	Q107123787	John Austin Rogers	politician in Massachusetts, US (b. 1828)	1828		politician	John Austin Rogers		1	
P000769	named	J. C. Sanderson	22	1886	1901	director | represented by proxy | Shareholder | member of coffee trade committee	none									0	
P000770	named	J. Sheridan-Patterson	22	1926	1931	member | Member of the Board | Member | member of the Committee	none									0	
P000771	named	James Peiries	22	1917	1924	member | present | committee member | signatory	none									0	
P000772	named	John McEwan	22	1893	1915	author | director | attendee | tea importer	review	Q132180961	John McEwan	Canadian taxidermist and canoe/snowshoe maker			taxidermist|manufacturer	John McEwan	businessperson	5	Q54918320 John C. McEwan (animal geneticist in New Zealand) ; Q22674391 John McEwan (English businessman and tea expert) ; Q75442333 John McEwan (Peerage person ID=144189) ; Q6247734 John McEwan (American soccer player)
P000773	named	Joseph Bosisto	22	1881	1888	President of the Victorian Commission | manufacturer of eucalyptus oil | exhibitor | lecturer on Indigenous Vegetation of Australia	review	Q6281619	Joseph Bosisto	Botanist, druggist, politics	1827	1898	politician	Joseph Bosisto	~administrator	1	
P000774	named	L. Liotard	22	1881	1908	author of memorandum | author of Paper-making materials of India | author of the memorandum | Agricultural Department	none									0	
P000775	named	Leslie C. Coleman	22	1909	1934	Director of Agriculture in Mysore | author | Mysore Department of Agriculture | State Mycologist	none									0	
P000776	named	M. Favier	22	1882	1895	retired captain of Engineer corps | inventor of the steaming process | old engineering officer | inventor	review	Q115680726	Marius Favier	French Catholic priest	1867	1947	priest	Marius Favier		1	
P000777	named	Montague Jayawickreme	22	1934	1940	member | Member | Member of the Board | member of the Board of Agriculture	none									0	
P000778	named	Peter Moir	22	1882	1903	planter | Director | director | planter, Managing Director of the Rajawella Estates Company	none									0	
P000779	named	R. B. Downall	22	1881	1904	planter | writer | former owner of Haputale estates | planter in Uva	none									0	
P000780	named	S. Stuart Light	22	1926	1932	author | Entomologist, Tea Research Institute | Entomologist, Tea Research Institute of Ceylon | Entomologist	none									0	
P000781	named	T. B. L. Moonemalle	22	1909	1932	member | Hon'ble | Member | present	none									0	
P000782	named	Thomas Lough	22	1889	1902	of the Tower Tea Company | Great Tower-street Tea Company | director | agent for Ceylon teas in Paris	review	Q7791932	Thomas Lough	British politician (1850–1922)	1850	1922	politician	Thomas Lough		1	
P000783	named	W. Bobiloff	22	1919	1932	author | researcher | Researcher | researcher in Java	none									0	
P000784	named	W. Watson	22	1885	1907	Inspector, Colonial Bank of N. Z. | author of reply | author | manager of the Colonial Bank of New Zealand at Dunedin	review	Q21510504	Walter Watson	British botanist and lichenologist (1872-1960)	1872	1960	botanical collector|botanist|lichenologist	Walter Watson		3	Q75736989 W. Watson (Peerage person ID=308922) ; Q75586499 W. Watson (Peerage person ID=227815)
P000785	surname_pool	Agricola	21	1881	1912	correspondent | writer | author | author of letter	review	Q272082	Gnaeus Julius Agricola	Roman governor and general, AD 40-93 (40-93)	40	93	military personnel|politician|military leader	Gnaeus Julius Agricola		3	Q835394 Christoph Ludwig Agricola (German landscape painter (1667-1719)) ; Q3606863 Agricola (Gallo-Roman aristocrat, son of Avitus)
P000786	named	Alexander William Crichton	21	1888	1926	Managing Director | Director | Chairman | chairman of the company	review	Q75878821	Alexander William Crichton	Peerage person ID=375419			barrister	Alexander William Crichton		2	Q75584700 Alexander William Crichton (Peerage person ID=226823)
P000787	named	Alexander Wilson	21	1884	1939	Chairman | director | chairman | Director	review	Q108285685	Alexander Wilson	British Royal Navy officer, lieutenant in 1815			naval officer	Alexander Wilson		5	Q108867672 Alexander Wilson (Gunsmith) ; Q4720393 Alexander Wilson (British Army general (1858–1937)) ; Q138012873 Sir Alexander Wilson, 1st Baronet (Scottish steel executive 1837-1907) ; Q64481879 Alexander F Wilson (American statistical geneticist)
P000788	named	Alfred Jones	21	1895	1912	of Liverpool | chairman of the Liverpool School of Tropical Medicine | Chairman of the School | president of the British Cotton Growing Association	review	Q128773609	Alfred Jones	American physician	1827	1891	physician	Alfred Jones		7	Q138605554 Alfred Jones (Art restorer, dealer, collector in Bath ) ; Q75349633 Alfred Jones ((died 1896)) ; Q4722941 Alfred James Jones (Australian politician (1871-1945)) ; Q4722980 Alfred Jones (American engraver (1819–1900)) ; Q28037655 Alfred Jones (British cricketer) ; Q75356829 Alfred Jones (Peerage person ID=85029)
P000789	named	Arthur Lampard	21	1895	1912	correspondent | tea-taster | buyer | author of the letter	none									0	
P000790	surname_pool	Bucknall	21	1899	1901	Observer, Negombo | observer, Negombo | reporter, Negombo | Observer	review	Q21288842	Ernest Pile Bucknall	British painter (1861–1935)	1861	1935	painter	Ernest Pile Bucknall		1	
P000791	named	C. P. Anderson	21	1891	1924	member | member, Matale Food Production Committee | committee member | The Divisional Irrigation Engineer	none									0	
P000792	named	C. Rasanayagam	21	1907	1933	Mudaliyar | Mudaliyar, Secretary of the Dumbara Branch | author | source of description	none									0	
P000793	named	C. W. Horsfall	21	1882	1902	correspondent | Manager | sender of sample | planter	review	Q76104028	C. W. Horsfall	Peerage person ID=533382				C. W. Horsfall		1	
P000794	named	C. W. Meaden	21	1894	1904	Manager of the Government Farm, Trinidad | Manager | Manager of the Trinidad Government Farm | reporter on breeding	none									0	
P000795	surname_pool	Carte	21	1899	1901	Observer, Kanthalai | observer, Kanthalai | Observer, Kantbalai | Observer	none									0	
P000796	named	Clements R. Markham	21	1881	1943	author, explorer | author | botanist | authority	auto	Q507802	Clements Markham	British geographer (1830-1916)	1830	1916	writer|historian|civil servant|translator|geographer	Clements Markham	botanist,explorer,writer	1	
P000797	named	D. Clouston	21	1908	1927	author | Deputy Director of Agriculture, Central Provinces | Deputy Director of Agriculture, Central Provinces and Berar | Director of Agriculture, Central Provinces	auto	Q21176716	David Clouston	Scottish agriculturalist, horticulturalist and author	1871	1948		David Clouston	agriculturist,~agriculturist,writer	1	
P000798	named	E. Gordon Reeves	21	1887	1908	author of letter | Speaker | Speaker on introduction of sericulture | applicant for land grant, Kalebokka district	none									0	
P000799	named	F. J. Holloway	21	1901	1934	author of letter | author of report on Para rubber | planter | acting member	none									0	
P000800	surname_pool	Firminger	21	1881	1912	author | author of Manual of Gardening | author of description | author cited regarding jelly	none									0	
P000801	named	G. A. Dick	21	1881	1906	estate proprietor | plantation owner | Manager of Kirklees and Gampaha | Chairman, Uda, pussellawa Association	none									0	
P000802	named	G. K. Newton	21	1892	1945	Member of the Board | Chairman, Planters' Association of Ceylon | visitor | Member	none									0	
P000803	named	G. Pandittesekere	21	1914	1942	member | Member | Board Member | Member of the Board	none									0	
P000804	named	George Bird	21	1885	1911	planter | first of Ceylon Coffee planters | opened lands at Gampola | Planter, Sinnapitia	review	Q20711817	George Bird	British Army officer and coffee planter	1792	1857		George Bird	military,planter	2	Q5536989 George Bird (American Major League Baseball player)
P000805	named	George L. de Silva	21	1922	1935	artist | artist/illustrator | prepared the diagrams for the press | illustrator	none									0	
P000806	named	Gordon Frazer	21	1888	1906	Director | author of the letter | author of report on China tea samples | leaseholder, subscriber, Colombo	review	Q29253050	Gordon Frazer	Australian electrical engineer			electrical engineer	Gordon Frazer		1	
P000807	named	H. A. Tempany	21	1910	1941	author | Director of Agriculture, Mauritius | Acting Government Analytical Chemist, and Superintendent of Agriculture for the  | Superintendent of Agriculture for the Leeward Islands	none									0	
P000808	named	H. Wilfarth	21	1893	1912	researcher | Principal of the Ducal Agricultural Experimental Station, Bernburg | German investigator | experimenter on leguminous plants	review	Q1613080	Hermann Wilfarth	German chemist (1853-1904)	1853	1904	scientist|agronomist|chemist|agricultural chemist	Hermann Wilfarth	scientist	1	
P000809	named	Henry P. Stevens	21	1907	1936	author | M.A., F.I.C. | member of the test committee | author of paper on paper supply	none									0	
P000810	named	J. P. Obeyesekera	21	1919	1945	Member | member | Mudaliyar, Siyane Korale East | Mudaliyar, attendee	none									0	
P000811	named	James Caird	21	1881	1909	Director | author of pamphlet on the 'Condition of India' | Chairman | presided at the meeting	review	Q5600885	James Caird	British politician (1816–1892)	1816	1892	politician|statistician|agronomist	James Caird	~administrator	2	Q2715400 James Key Caird (British mathematician (1837–1916))
P000812	named	James Inglis	21	1881	1908	Commissioner for India | Minister of Public Instruction in New South Wales | Executive Commissioner for India | Commissioner for India to the Melbourne International Exhibition	auto	Q16031724	James Inglis	Australian writer and politician in colonial New South Wales	1845	1908	politician	James Inglis	politician,~administrator	6	Q21457156 James Inglis (Scottish photographer and painter (1835-) ; Q56248464 James Inglis ((1813-1851)) ; Q6131242 James Charles Inglis (British civil engineer (1851-1911)) ; Q104857364 James Inglis (Canadian psychologist) ; Q106770373 James Inglis (Scottish tailor who served James VI of S)
P000813	named	L. Wray	21	1883	1939	superintendent | reporter on gutta rambong | of Perak | prepared summary for Perak Government	review	Q126556610	Leonard Wray, Jr.	British civil servant and museum director in Malaya (1852-1942)	1852	1942	civil servant	Leonard Wray, Jr.		1	
P000814	named	Leonard Tregay	21	1898	1902	Mining Engineer | mining expert | signatory | report author	none									0	
P000815	surname_pool	Lord Salisbury	21	1885	1900	recipient of report | sent a telegram to the Brazilian Government | head of Ministry | official correspondent	none									0	
P000816	surname_pool	Lord Stanmore	21	1894	1927	Governor | Speaker in the House of Lords | Chairman, G.C.M.G. | recipient of complaint letter	auto	Q335510	Arthur Hamilton-Gordon, 1st Baron Stanmore	British politician and colonial administrator (1829-1912)	1829	1912	politician	Lord Stanmore	administrator,~administrator	1	
P000817	named	Marcus Fernando	21	1906	1941	member of Board of Agriculture | participant in discussion | M.D. | author of paper on cattle breeding	review	Q6758160	Marcus Fernando	pre-independence Ceylonese statesman, physician and banker	1864	1936		Marcus Fernando		1	
P000818	named	N. A. Cobb	21	1891	1941	author | author, The Sheep Fluke | investigator | Author	review	Q1664295	Nathan Cobb	American nematologist (1859-1932)	1859	1932	zoologist|biologist|botanist|mycologist|nematologist	Nathan Cobb	~agriculturist	1	
P000819	surname_pool	Oorloff	21	1899	1901	Observer, Vangalachettykulam | Observer, Vangalachettikulam | Observer, Vangalahettykulam | observer, Vangalachettykulam	none									0	
P000820	named	Otto Stapf	21	1895	1936	author | botanist | identified the grass | identified the grass species	auto	Q78630	Otto Stapf	Austrian botanist (1857-1933)	1857	1933	university teacher|botanist|scientific collector	Otto Stapf	botanist	1	
P000821	named	P. C. Oswald	21	1896	1903	Director | member of the Board | Banker | director	none									0	
P000822	named	P. D. Millie	21	1881	1901	correspondent | correspondent, Edinburgh | old Ceylon planter | author of letter	none									0	
P000823	named	R. Huyshe Eliot	21	1895	1918	Director | Hon'ble Member | signatory | Managing Director	none									0	
P000824	named	R. W. Ivers	21	1885	1930	present at meeting | President of the Society | member of Committee | President	none									0	
P000825	named	S. W. Illangakoon	21	1918	1927	Mudaliyar | member | attendee, working committee member | beekeeper	none									0	
P000826	surname_pool	Tocke	21	1892	1901	Observer, Bandarawela | observer, Bandarawela | Observer | forester in Northern Province	none									0	
P000827	named	A. B. Attygalle	20	1904	1944	Manager, Experiment Station, Wariyapola | Manager, Central Agricultural Station, Wariyapola | Agricultural Instructor | Veyangoda	none									0	
P000828	named	A. H. Reid	20	1887	1936	member | Member of the Board | absent member | member of the Estate Products Committee	none									0	
P000829	named	A. J. Boyd	20	1883	1922	author | writer | Editor of the Queensland Agricultural Journal | Editor	review	Q19595527	Andrew Boyd	(1566-1636)	1566	1636	poet	Andrew Boyd	~journalist,writer	6	Q138033446 A. J. Boyd (Canadian political candidate from Nova S) ; Q4785290 Arch Boyd (Australian rugby union player) ; Q4786225 Archibald Boyd (Dean of Exeter) ; Q2644744 Alfred Boyd (Canadian politician (1835–1908)) ; Q106259844 Anderson Boyd (Mississippi state legislator)
P000830	named	A. J. Ewart	20	1883	1933	author | Deputy Professor of Botany | Government Botanist and Professor of Botany in the Melbourne University | writer	auto	Q614703	Alfred James Ewart	English-Australian botanist (1872-1937)	1872	1937	university teacher|botanist|botanical collector	Alfred James Ewart	botanist	1	
P000831	named	A. J. R. de Soysa	20	1894	1926	gold medalist for Cinnamon | exhibitor, palmirah fibre, indian corn, liberian coffee | exhibitor of Best Cow (Cross-bred English) | Committee member	review	Q28355726	Alfred Joseph Richard de Soysa	Ceylonese politician (1869–1939)	1869		politician	Alfred Joseph Richard de Soysa		1	
P000832	named	A. Orchard	20	1894	1902	Director | shareholder | director | shareholder by proxy	none									0	
P000833	named	A. Van Starrex	20	1882	1910	author of letter | superintendent | shareholder | correspondent	none									0	
P000834	named	Andrew Nicol	20	1882	1911	planter | pioneer of Rangala | pioneer of coffee and coconut planting, founder of mercantile house in Colombo | Tropical Agriculturist Portrait Gallery, No. VI	review	Q102423021	Andrew Nicol	Ph.D. The Ohio State University 2014				Andrew Nicol		4	Q108612201 Andrew Nicol (soldier in the Argyll and Sutherland Hig) ; Q76213396 Andrew Nicol (Peerage person ID=609121) ; Q125484704 Andrew J. Nicol (researcher)
P000835	named	B. F. Scherffius	20	1914	1936	author | Tobacco Expert | Tobacco Planter | Member	none									0	
P000836	named	C. B. Clarke	20	1881	1900	botanist | now of Kew | intendant of Mungpo plantation | of the Bengal Education Department	auto	Q2659116	Charles Baron Clarke	British botanist (1832-1906)	1832	1906	pedagogue|botanical collector|scientific collector|teacher|barrister	Charles Baron Clarke	botanist	1	
P000837	named	C. J. Donald	20	1892	1897	Director | shareholder | Secretary | Shareholder	none									0	
P000838	named	E. J. Livera	20	1887	1941	Visitor | visitor | Divisional Agricultural Officer, North-Western Division | Divisional Agricultural Officer, North-Western	review	Q19056540	E.J. Livera	botanist	1897		botanist|botanical collector	E.J. Livera	~agriculturist	1	
P000839	named	F. H. Price	20	1888	1910	Mayor of Colombo | Government Agent | local Civil Service | Assistant Government Agent, Kegalla	none									0	
P000840	named	F. R. Saunders	20	1881	1908	Committee member | author of Administration Report | resident in Ceylon | present at demonstration	none									0	
P000841	named	F. R. Senanayake	20	1913	1925	member of the Committee | Member | member | Member of the Estate Products Committee	none									0	
P000842	named	Frank Benton	20	1881	1903	author | author of the paper | manipulating a colony of bameras | bee researcher, Cyprus	review	Q5684445	Frank Benton	U.S. beekeeper (1852–1919)	1852	1919	inventor|beekeeper|entomologist	Frank Benton		1	
P000843	named	H. A. Webb	20	1903	1933	member of the Board of Agriculture | member | Hon. Secretary | Attendee	none									0	
P000844	named	H. E. S. Wickramaratne	20	1924	1944	Mudaliyar | Member of the Board | Mudaliyar, absent member | Matara District Agricultural Committee	none									0	
P000845	named	Ivor Etherington	20	1906	1909	author | photographer | Sub-Editor | attendee	none									0	
P000846	named	J. A. Wyllie	20	1896	1909	Indian Staff Corps | manager, St. Martins | correspondent | author of letter	none									0	
P000847	named	J. Alexander	20	1882	1897	shareholder | exhibitor | correspondent | gentleman of the planting community	none									0	
P000848	named	J. G. F. Marshall	20	1882	1913	correspondent, Tavoy | correspondent | author of the letter | author of letter	none									0	
P000849	named	J. R. Fairweather	20	1889	1909	shareholder | Provisional Director | shareholder, Superintendent of Estates | Director	review	Q75695173	John Robert Fairweather	professor of rural sociology in New Zealand				John Robert Fairweather		1	
P000850	surname_pool	Kretser	20	1898	1901	Observer, Kayts | buyer | Observer, Jaffna | Observer, Elephant Pass	none									0	
P000851	named	P. B. Nugawela	20	1906	1928	Ratemahatmaya | member | Ratemahatmaya and Diyawadana Nilame | Ratemahatmaya of Harispattu	none									0	
P000852	named	Pehr Olsson-Seffer	20	1906	1911	author | head of the new Rubber Experiment Station in Mexico | second Vice-President, Rubber Planters' Association of Mexico | speaker on rubber preparation	review	Q16945419	Pehr Olsson-Seffer	botanist (1873-1911)	1873	1911	botanist	Pehr Olsson-Seffer		1	
P000853	named	R. C. Wright	20	1882	1912	purchaser | Director, Deaculla, Maputale | Chairman | Ceylon planter, formerly of Deaculla estate	none									0	
P000854	named	R. Davidson	20	1887	1910	Director | attorney, shareholder | shareholder | shareholder representative	none									0	
P000855	named	R. T. Baker	20	1889	1913	Curator, Technological Museum, Sydney | Assistant Curator and Botanist, Technological Museum | botanist at the Technological Museum | Assistant Curator, Technological Museum, Sydney	auto	Q7329451	Richard Thomas Baker	Australian botanist (1854-1941)	1854	1941	botanical collector|curator|university teacher|botanist	Richard Thomas Baker	botanist	1	
P000856	named	Ralph Tatham	20	1886	1901	Agent to Arbuthnot & Co. | signatory | Agent, Arbuthnot & Co. | signatory for Alston, Low & Co.	review	Q7288151	Ralph Tatham	British academic	1778	1857	writer	Ralph Tatham		1	
P000857	surname_pool	Ramasami	20	1883	1898	coolie | typical coolie | worker | eats coffee rats	none									0	
P000858	named	Rudolf Gygax	20	1884	1899	author of report on ruby matrix | extracted pink dye from coconut husk | author of report | geologist and mineralogist	none									0	
P000859	named	S. C. Paul	20	1928	1942	Member | member | Member of the Board | attendee	review	Q7387402	S. C. Paul	Sri Lankan surgeon	1868	1942	surgeon	S. C. Paul		1	
P000860	named	W. G. Freeman	20	1894	1933	author | shareholder | Royal College of Science, London | scientific visitor	auto	Q17000443	William George Freeman	British agronomist, botanist and botanical collector (1874 - )	1874		botanist|botanical collector|agronomist	William George Freeman	agriculturist,~agriculturist	1	
P000861	named	W. J. Smith	20	1896	1906	Director | director | elected to the vacancy on the Board | proposed Director	none									0	
P000862	named	W. Moir	20	1892	1913	shareholder | Director | Auditor | agent and secretary	none									0	
P000863	named	W. Rowson	20	1881	1888	planter | manager | Assistant Superintendent, Government Chinchona Plantations, Niddiwuttum | Assistant Superintendent	none									0	
P000864	named	W. S. Lockhart	20	1881	1898	member of the Institution of Civil Engineers | inventor of a gem-separator, Mem. Inst. C.E. | inventor | inventor of the Gem-Separator	none									0	
P000865	named	William Rollo	20	1885	1904	Director | visitor to Ceylon | visiting agent, Ceylon Company, Limited | Visiting Agent of the Ceylon Company	none									0	
P000866	named	A. A. Bowie	19	1893	1935	Member | Hon. Secy. Dimbula P. A. | prize winner, poultry and dogs | purchaser	none									0	
P000867	named	A. Bethune	19	1890	1915	Director | Superintendent | shareholder | proprietor Madooltenne, Veyangoda	review	Q137395320	A. BETHUNE	Canadian political candidate			politician	A. BETHUNE		1	
P000868	named	A. C. Attygalle	19	1935	1940	Member | member | Member of the Board | member enquiring about Advisory Boards	none									0	
P000869	named	A. Godefroy-Lebeuf	19	1900	1902	correspondent | author of letter | correspondent, Paris | confrère, Paris	none									0	
P000870	named	A. S. Pagden	19	1890	1919	Vice-President | Hon. Mr. | Hon'ble | present	none									0	
P000871	named	A. Stephen Wilson	19	1882	1910	author | Cryptogamist, independent landed proprietor in Aberdeenshire | author of the letter | researcher on potato-disease and cereal seeds	none									0	
P000872	named	A. W. Lushington	19	1894	1909	District Forest Officer, Kistna | author | correspondent | Hon. Secretary	auto	Q5483380	Alfred Wyndham Lushington	Anglo-Indian dendrologist, forester and botanical collector (1860-1920)	1860	1920	botanist|forestry scientist	Alfred Wyndham Lushington	forester,~forester	1	
P000873	named	Alexander Brown	19	1882	1896	took an active part in this operation | Secretary of the Planters' Association | author of Planters' Manual | late, identified with Ceylon Planters' Association	review	Q108283917	Alexander Brown	British Royal Navy officer, lieutenant in 1822			naval officer	Alexander Brown		7	Q111512371 Alexander Brown (Soldier of the Argyll and Sutherland Hig) ; Q59668761 Alexander Brown (researcher, University of Colorado Bould) ; Q18526369 Alexander Brown (Scots-Irish merchant and banker (1764-18) ; Q75326105 Alexander Brown ((1817-1849)) ; Q87382003 Alexander Brown (researcher, medicine) ; Q75415211 Alexander Leonard Dominic Brown (Peerage person ID=127438)
P000874	named	Alexander Carlyle	19	1885	1897	author quoted | author | author of Autobiography | author of definition of despair	review	Q110193301	Alexander Carlyle	(1843-1931)	1843	1931		Alexander Carlyle		1	
P000875	named	Alexander Hosie	19	1884	1912	author | Chinese Consular service | reporter of a tour through Central Sechuen | author of report on journey through Central Tsu-ch'uan	auto	Q18042777	Alexander Hosie	British diplomat, traveller and writer	1853	1925	diplomat|explorer	Alexander Hosie	administrator,writer	1	
P000876	named	Alexander Moon	19	1884	1944	Superintendent | superintendent of the garden | Late indefatigable Botanist, founder of the Garden | botanist, Superintendent of Peradeniya Gardens	none									0	
P000877	named	Ambrose Shea	19	1890	1901	Governor of the Bahamas | Governor | Governor of the islands | developer of Sisal industry	review	Q4741868	Ambrose Shea	Canadian businessman and politician	1815	1905	politician|journalist	Ambrose Shea	~administrator	1	
P000878	named	C. Driebberg	19	1889	1922	Secretary | Superintendent of the School of Agriculture | Superintendent of School Gardens, Colombo | author of letter	none									0	
P000879	named	Colman Macaulay	19	1882	1902	author | writer | officer of the Bengal Government | deputed to the Chinese Court	review	Q20991949	Colman Macaulay		1849	1890		Colman Macaulay		1	
P000880	named	Daniel Hanbury	19	1882	1945	author | botanist | botanist who defined the tree | gave full botanical definition of the tree	auto	Q5217417	Daniel Hanbury	English botanist and pharmacologist (1825-1875)	1825	1875	scientist|botanical collector|scientific collector|pharmacologist|botanist	Daniel Hanbury	botanist	1	
P000881	named	E. A. Andrews	19	1917	1932	author | Entomologist to the Indian Tea Association | Entomologist | Entomologist, Indian Tea Association	review	Q11245900	Ethan Allen Andrews	U.S. biologist (1859-1956)	1859	1956	zoologist|biologist	Ethan Allen Andrews	~entomologist	1	
P000882	named	E. A. Watson	19	1881	1893	pioneer of the Pulai range of Johore | proprietor of Woodcote | energetic planting pioneer of Johore | Ceylon planter	none									0	
P000883	named	Edward Pettit	19	1889	1903	Director | director | shareholder | Director, of the firm of Messrs. E. & A. Deacon	review	Q123694898	Edward Pettit					Edward Pettit		1	
P000884	named	F. C. Miquel	19	1881	1899	botanist | Professor | private contributor | author	none									0	
P000885	named	F. Liesching	19	1888	1906	Director | shareholder | correspondent | Proctor for Plaintiff and Appellant	none									0	
P000886	named	G. A. Gammie	19	1887	1924	author | Imperial Cotton Specialist | Cotton Specialist | son of Mr. J. A. Gammie, collector	review	Q21513729	George Alexander Gammie	British botanist (1864–1935)	1864	1934	botanist	George Alexander Gammie		1	
P000887	named	Gustav Briegleb	19	1888	1894	principal buyer | buyer, Amsterdam | buyer | principal buyer, Amsterdam	none									0	
P000888	named	H. St J. Oscar Thompson	19	1896	1904	Director | Director retiring | patent holder, Teignmouth, South Devon | of "Jadoo" fame	none									0	
P000889	named	H. T. S. Ward	19	1899	1913	Director of Irrigation | member | Member of the Board | member of the Board	review	Q76013970	Henry Thomas Simpson Ward	Director of Irrigation, Ceylon	1849			Henry Thomas Simpson Ward		1	
P000890	named	Hans Fitting	19	1909	1913	researcher | author of 'Physiologische Grundlagen zur Bewertung der Zapfmethoden bei Kautschu | German scientist | author of treatise on rubber tapping	none									0	
P000891	named	Harcourt Skrine	19	1890	1901	witness, Osborne estate | defendant in previous case | owner of Osborne Estate, Dikoya | potential witness	none									0	
P000892	named	J. A. Holmes	19	1910	1922	Secretary, C. A. E., and Superintendent, E. S. P. | Secretary C. A. E., and Superintendent, E. S. P. | Secretary | Secretary, C. A. E., and Superintendent, Experiment Station, Peradeniya	none									0	
P000893	named	J. F. Dickson	19	1883	1937	Government Agent of Kandy | Government Agent of the Central Province | C.M.G. | officer	auto	Q22674050	John Frederick Dickson	British colonial civil servant (1835-1891)	1835	1891	civil servant|orientalist|colonial administrator	John Frederick Dickson	administrator	1	
P000894	named	J. Huntley Thring	19	1887	1899	Managing Director | Director | director | subscriber, Alford Castle, Carey, Somersett	none									0	
P000895	named	J. P. William	19	1881	1910	of Henaratgoda | correspondent | enterprising native gentleman | author of pamphlet on Liberian coffee cultivation	none									0	
P000896	named	J. R. Mosse	19	1884	1895	Director of Public Works in Ceylon | author of the paper | reader of the Paper | professional man, in charge of large works in Ceylon	none									0	
P000897	named	John Martin	19	1885	1909	planter | member of Sub-Committee | planter, Mount Vernon | exile	review	Q1700977	John Martin	(1833-1913) United States Senator from Kansas	1833	1913	judge|politician|lawyer	John Martin		3	Q115677244 John Martin (Carmel pioneer who purchased land in the) ; Q21182994 John Martin (judge of the Cherokee Tribal Court (1784)
P000898	named	Joseph Jones	19	1884	1921	Curator of the Botanic Station, Dominica | inventor of wood preservation method | curator | co-author of manurial experiments summary	review	Q6287313	Joseph T. Jones	American businessman (1842–1916)	1842	1916	businessperson	Joseph T. Jones		5	Q113803309 Joseph Jones () ; Q87672370 Joseph R Jones (researcher) ; Q19565232 Joseph Jones (Surgeon in the Confederate States Army; ) ; Q6284436 Joseph Jones (Ironmaster, Mayor of Wolverhampton)
P000899	named	L. F. Davies	19	1889	1902	Director | shareholder | Member | Gow, Wilson, and Stanton	none									0	
P000900	named	L. H. Bailey	19	1886	1940	author | author of summary | Professor of Horticulture in the Agricultural Department of the United States | Professor at the Agricultural College for Cornell University	review	Q152366	Liberty Hyde Bailey	U.S. botanist (1858-1954)	1858	1954	writer|chemist|botanist|botanical collector|horticulturist	Liberty Hyde Bailey	~agriculturist,~horticulturist,writer	1	
P000901	named	L. W. Wickremasinghe	19	1927	1945	Member | member | Rev. Father | member of the Committee	none									0	
P000902	named	M. Nobbe	19	1882	1901	Professor | researcher on plant nutrition | authority, Tharand | constructed and used a special plough	none									0	
P000903	named	M. S. Ramalingam	19	1919	1931	Gate Mudaliyar | Mudaliyar | Chief Mudaliyar | Kachcheri Mudaliyar	none									0	
P000904	named	P. Coomaraswamy	19	1894	1941	Tamil Member, Legislature | Committee member | Hon. | owner of properties in Negombo and Chilaw districts	review	Q18646072	P. Coomaraswamy	Ceylon Tamil lawyer (1849-1906)	1849	1906	politician	P. Coomaraswamy		1	
P000905	surname_pool	Philpot	19	1893	1894	correspondent | author of a letter | signatory of a letter | tea expert	review	Q4723291	Alfred Philpott	New Zealand museum curator, entomologist, and writer (1870–1930)	1870	1930	writer|curator|entomologist|scientific illustrator|museum professional	Alfred Philpot	writer	1	
P000906	named	R. Garnier	19	1920	1923	member | absent member | member of the Committee | sent regret	review	Q47117706	R. Garnier	mycologist			botanist	R. Garnier		1	
P000907	named	R. P. Harding	19	1882	1898	Director | Chairman | Chairman, manager (agricultural) in Ceylon | director	none									0	
P000908	surname_pool	Raiffeisen	19	1906	1928	founder of the loan and savings banks | model for village banks | German reformer | pioneer of co-operation	none									0	
P000909	named	Robert Christison	19	1882	1895	researcher | eminent physician | address to the Royal Botanical Society of Edinburgh | of Edinburgh, obtained varying results	auto	Q3434803	Robert Christison	British baronet, toxicologist, and physician (1797-1882)	1797	1882	physician|surgeon|pathologist|toxicologist|medical examiner	Robert Christison	physician	2	Q7342925 Robert Christison (Australian pastoralist (1837–1915))
P000910	named	Solomon Seneviratne	19	1894	1914	Hon. Mr. | Atapattu Mudaliyar | Attapattu Mudaliyar | member	none									0	
P000911	named	V. Casipillai	19	1906	1923	Unofficial Member, Northern Province | Nominated Member, Northern Province | Northern Province | Proctor, Jaffna	none									0	
P000912	named	W. Cradwick	19	1896	1921	Superintendent of Hope Garden | author of notes on curing cacao | Travelling Instructor | Department of Agriculture, Jamaica	none									0	
P000913	named	W. I. Pieris	19	1930	1943	Agricultural Assistant | Agricultural Assistant, Rubber Research Scheme (Ceylon) | Staff member | Smallholdings Propaganda Officer	none									0	
P000914	named	W. Molegoda	19	1909	1945	Agricultural Instructor | Agricultural Officer, Propaganda | Senior Agricultural Instructor, Central Division | visitor	none									0	
P000915	named	W. Sandys Thomas	19	1882	1908	Chairman, Dimbula Association | member of Sub-Committee | Chairman, Dumbula Association | planter, Lindula	none									0	
P000916	named	W. T. Hody Cox	19	1881	1888	cinchona planter | author | author of letter | correspondent	none									0	
P000917	named	Walter Raleigh	19	1882	1930	brought potato to England | explorer | introduced tobacco to England | brought potato from America	review	Q126038581	Walter Raleigh					Walter Raleigh		3	Q7965909 Walter Raleigh (British academic (1861–1922)) ; Q96081948 Walter Raleigh ()
P000918	named	A. A. Wickremasinghe	18	1921	1941	member | Member | Proctor, S. C., Kegalle | present	none									0	
P000919	named	A. R. T. Gibbon	18	1934	1945	member | member of the Board | Member | Member of the Board	none									0	
P000920	named	A. V. Chelvanayagam	18	1917	1939	Agricultural Instructor | Agricultural Instructor, Trincomalie | Trincomalie | Instructor, Trincomalie	none									0	
P000921	named	A. W. Knapp	18	1914	1939	author | person to confer on experiments | Chemist of Messrs. Cadbury Bros. Ltd. | Chemist for Cadbury	none									0	
P000922	named	Albert Gale	18	1883	1902	author | writer on Apiculture | writer | author, Influence of Bees on Crops	none									0	
P000923	named	Alfred Moloney	18	1887	1904	Governor | Governor of Lagos | author, Governor of the Colony of Lagos | author	none									0	
P000924	named	B. F. de Silva	18	1931	1942	Member | Board member | Member of the Board | Member of Board of Management	none									0	
P000925	named	Bayley Balfour	18	1881	1903	botanist | identified the species | author in Annals of Botany | Professor of Botany in Edinburgh University	none									0	
P000926	named	C. L. Blume	18	1882	1908	botanist | botanist and Inspector of the Civil Medical Service | first Director of the Buitenzorg gardens | celebrated botanist	auto	Q76816	Carl Ludwig Blume	German-Dutch botanist (1796–1862)	1796	1862	physician|university teacher|mycologist|botanist|entomologist	Carl Ludwig Blume	botanist,~botanist	1	
P000927	named	C. M. Hutchinson	18	1904	1931	author | Agricultural Bacteriologist | Imperial Agricultural Bacteriologist | Chief Scientific Officer, Indian Tea Association	none									0	
P000928	named	C. W. Wardlaw	18	1930	1941	author | author of the article | author, Low Temperature Research Station | Low Temperature Research Station, Trinidad	review	Q5129066	Claude Wardlaw	Scottish botanist (1901-1985)	1901	1985	botanist|mycologist	Claude Wardlaw		1	
P000929	named	Campbell Walker	18	1881	1908	Conservator of Forests | officer who previously reported on the subject | reporter | Examiner of plantations, 1878	review	Q119582876	Campbell Walker					Campbell Walker		1	
P000930	named	D. A. Sibthorp	18	1881	1889	professional Tea-taster | representative of the Calcutta Tea Syndicate | tea expert, Agent of the Government of India and the Tea Syndicate | author of report on tea trade	none									0	
P000931	named	D. F. Shillington	18	1885	1901	author | correspondent | author of letter | author of the letter	none									0	
P000932	named	F. Macindoe	18	1895	1900	shareholder | Director | attorney for G. J. Jameson and signatory | Provisional Director	none									0	
P000933	named	G. G. Ross Clarke	18	1892	1935	author | letter writer | member | present at meeting	none									0	
P000934	named	G. Panditsekere	18	1932	1941	Board Member | member | Board member | Member	none									0	
P000935	named	H. A. Ballou	18	1903	1932	Entomologist | Government Entomologist | Entomologist on the Staff of the Imperial Department of Agriculture | Entomologist on staff of the Imperial Department of Agriculture for the West Ind	none									0	
P000936	named	H. A. Gilliat	18	1882	1884	author of the letter | author | manager, Peradeniya Estate | planter and speaker	none									0	
P000937	named	H. A. Hancock	18	1891	1903	Director | director | subscriber, 28, Mincing Lane | leading spirit in promotion of Asiatic Produce Company	none									0	
P000938	named	H. J. Huxham	18	1936	1945	Financial Secretary | Member of the Board | The Hon. The Financial Secretary | The Financial Secretary	none									0	
P000939	named	H. Lyster Jameson	18	1888	1908	lecturer | author of paper on the origin of pearls | Fishery expert | author of paper	none									0	
P000940	surname_pool	Herodotus	18	1881	1945	historian | Historian	review	Q26825	Herodotus	Greek historian and geographer (c. 484–c. 425 BC)	-483	-424	historian	Herodotus	writer	5	Q20003033 Herodotus (Greek writer and brother of Democritus) ; Q18603907 Herodotus (ancient Greek physician (1st-2nd century) ; Q11925546 Herodotus (Greek historian and brother of Menander ) ; Q110891880 Herodotus ()
P000941	named	J. B. Rorer	18	1909	1925	Mycologist, Board of Agriculture, Trinidad | Mycologist to the Trinidad Board of Agriculture | Mycologist to the Board of Agriculture in Trinidad | Mycologist to the Board of Agriculture, Trinidad	none									0	
P000942	named	J. L. Hullett	18	1883	1896	tea planter, Natal | exhibitor | tea manufacturer | Member of the Legislative Council, Kearsney Estate	none									0	
P000943	named	J. Medley Wood	18	1887	1913	curator | Curator | Botanic Garden, Durban | curator of the Berea Botanical Gardens	auto	Q1701052	John Medley Wood	South African botanist (1827-1915)	1827	1915	mycologist|botanical collector|botanist|pteridologist|scientific collector	John Medley Wood	botanist,~botanist	1	
P000944	named	J. Wickwar	18	1887	1904	member | donor in the Colony | prize winner | of Nuwara Eliya	none									0	
P000945	named	James Anderson	18	1885	1904	Shareholder | manager | subscriber | shareholder by proxy	review	Q108162428	James Anderson	British Royal Navy officer, lieutenant in 1816 (died 1846)		1846	naval officer	James Anderson		6	Q108162405 James Anderson (British Royal Navy officer, commander in) ; Q108162416 James Anderson (British Royal Navy officer, commander in) ; Q6128697 Sir James Anderson (British politician and manufacturer) ; Q137673063 James Anderson (Scottish poet and songwriter (1835–1922)) ; Q16146039 James Anderson (Missionary in China (19th century))
P000946	named	James Hendrick	18	1896	1924	University of Aberdeen | author | analyst | author of bulletin	none									0	
P000947	named	Keith Rollo	18	1885	1917	Director | director | planter | Shareholder	none									0	
P000948	surname_pool	Lord Elphinstone	18	1882	1941	planter | sugar planter | vice-chairman | late	review	Q8008580	William Elphinstone, 15th Lord Elphinstone	British peer (1828-1893)	1828	1893	politician	William Buller Fullerton Elphinstone	~administrator	1	
P000949	named	Louis Pasteur	18	1882	1912	scientist | researcher on fungi and fermentation | developer of cattle vaccination process | authority on bacteria	review	Q529	Louis Pasteur	French chemist and microbiologist (1822-1895)	1822	1895	chemist|portrait painter|botanist|biochemist|university teacher	Louis Pasteur		1	
P000950	named	M. P. Evans	18	1881	1903	Director | Chairman | plantation owner | merchant, subscriber and director	none									0	
P000951	named	Marco Polo	18	1881	1900	traveler | traveller | Venetian traveller | historical figure mentioned	none									0	
P000952	named	P. H. Rolfs	18	1899	1941	author | pathologist in charge of the Subtropical Laboratory at Miami | Pathologist in charge of the Subtropical Laboratory and Garden | Biologist and Horticulturist to this Station	none									0	
P000953	named	P. Ramanathan	18	1888	1923	committee member | Member of Committee | Member of the Legislative Council | Member	review	Q3048077	Ponnambalam Ramanathan sinhala	Solicitor-General of Ceylon and Sri Lankan Tamil political leader	1851	1930	politician	Sir Ponnambalam Ramanathan		1	
P000954	named	R. D. Beeston	18	1885	1894	late of the Bengal Army | shipper of produce | sender of Borneo produce samples | author of letter	review	Q16197377	R. Beeston	English cricketer (1765-?)	1765		cricketer	R. Beeston		2	Q138855792 Robert Dudley Beeston (government official in British North Bor)
P000955	named	R. E. Paranagama	18	1906	1922	member | Ratemahatmaya | Nominated Member, Central Province, R.M. | Ratemahatmeya of Pata Dumbara	none									0	
P000956	named	R. H. Spencer-Schrader	18	1936	1945	Member | member | member of the Board | author	none									0	
P000957	named	R. O. Iliffe	18	1921	1927	Economic Botanist | Economic Botanist, Department of Agriculture, Ceylon | officer of the Department of Agriculture | Acting Divisional Agricultural Officer, Northern Division	none									0	
P000958	named	R. P. Macfarlane	18	1886	1899	Director | planter, Cannavarella estate | director | recipient of lithograph forms	review	Q18734333	Robert MacFarlane	Scottish judge	1802	1880	judge	Robert MacFarlane		1	
P000959	named	Roper Lethbridge	18	1887	1904	president | speaker | committee member | Chairman of the Directors	review	Q7366736	Roper Lethbridge	British politician	1840	1919	politician|barrister|Indologist	Roper Lethbridge		1	
P000960	named	S. C. Obeysekere	18	1899	1918	Vice-President | judge | member present | Member of the Society	review	Q17072667	Stanley Obeysekere	first Solicitor-General of Ceylon				Stanley Obeysekere		1	
P000961	named	S. F. Press	18	1889	1912	correspondent | author | Editor | Reporter	none									0	
P000962	named	S. M. K. B. Madukande	18	1934	1939	member | Dissawe | Member | Dissawa	none									0	
P000963	named	S. P. Jeffery	18	1899	1906	Observer, Avisawella | member of Provisional Committee | Hon. Secretary and Treasurer | member	none									0	
P000964	surname_pool	Schweinfurth	18	1881	1914	writer from Aden | Cairo | traveller | African traveller	auto	Q63126	Georg August Schweinfurth	German explorer and scientist (1836-1925)	1836	1925	naturalist|geologist|zoologist|botanist|botanical collector	Georg August Schweinfurth	explorer	2	Q18508154 Ernst Schweinfurth (German artist (1818–1877))
P000965	named	Staniforth Green	18	1882	1900	shareholder | entomologist | reviser | inspected specimens	none									0	
P000966	surname_pool	Sultan Johore	18	1887	1938	ruler of Johore | granted concession | owner of ground planted with cinchona | owner of an estate	none									0	
P000967	named	T. B. Wood	18	1900	1935	author | University of Cambridge | Drapers Professor of Agriculture, and Director of the Animal Nutrition Research  | Professor of Agriculture, Cambridge University	review	Q22111164	Tom G. Wood	acarologist and entomologist			entomologist|acarologist	Tom Wood	~agriculturist	6	Q7795282 Thomas Wood (English politician (1777-1860)) ; Q109465989 Tom R. Wood (American cartoonist and illustrator) ; Q7795287 Thomas Wood (bishop, born 1607) ; Q7795288 Thomas Wood (Chaplain to Mary I of England) ; Q105962564 Thomas Wood (British sculptor)
P000968	named	T. J. Grigg	18	1881	1894	author of letter | correspondent | of Theberton | of Theberton, Ambagamuwa	review	Q28727444	Thomas Grigg	Australian violinist and conductor	1859	1944	violinist	Thomas Grigg		1	
P000969	named	T. J. Lawrance	18	1888	1903	Director | director | shareholder | representative of Ceylon Produce Company	none									0	
P000970	named	Temple A. J. Smith	18	1885	1920	Tobacco Expert | Chief Field Officer | writer | judge	none									0	
P000971	named	Tom Gray	18	1881	1902	author | inventor of sifting method | individual who ordered to grow a sucker on coffee stumps | ex-Ceylon resident	review	Q108567095	Tom Gray	head coach			head coach	Tom Gray		5	Q111369813 Tom Gray (British painter) ; Q113614206 Tom Gray (British musician and activist) ; Q22278015 Tom Gray () ; Q64349759 Tom Gray (researcher)
P000972	named	V. G. Perera	18	1891	1923	Agricultural Instructor | student, Class 2 | Paldeniya | Agricultural Instructor, Mahawela	none									0	
P000973	named	W. E. Death	18	1884	1893	engineer | Engineer and Director, General Fibre Company | present at conference | author of report on fibre profits	none									0	
P000974	named	W. Fream	18	1891	1924	author | author of 'Elements of Agriculture' | Steven lecturer in the University of Edinburgh | historian of the Rothamsted experiments	auto	Q18762123	William Fream	English agriculturist and writer	1854	1906	writer	William Fream	agriculturist,writer	1	
P000975	named	W. H. Davies	18	1886	1934	Director | of Colombo | arranging tea grades | Shareholder	review	Q985138	W. H. Davies	Welsh poet and writer (1871–1940)	1871	1940	writer|poet	W. H. Davies		1	
P000976	named	W. H. Gourlay	18	1941	1945	Member of the Board | Board Member | member of the Board | Member	review	Q20713398	Walter Gourlay	golfer (1850-)	1850		golfer	Walter Gourlay		1	
P000977	named	W. Schlich	18	1884	1925	Inspector-General of Forests | Professor of Forestry at the Royal College of Engineering, Coopers-hill | correspondent | Principal Professor of Forestry at Cooper's Hill	auto	Q124937	Wilhelm Philipp Daniel Schlich	English forester (1840–1925)	1840	1925	university teacher|Indian Civil Service|forester|botanist	Wilhelm Philipp Daniel Schlich	forester,~forester	1	
P000978	named	W. T. Thistlethwaite	18	1882	1911	Secretary to Sir Joseph Hooker at Kew Gardens | official at Kew | author of communication on caoutchouc-yielding plants | O.M.G.	none									0	
P000979	named	A. Canagasingham	17	1924	1939	Member | member | Vanniah Tamblegam | Vanniya Tamblegam	none									0	
P000980	named	A. H. Hassall	17	1881	1894	analyst | chemist | food analyst | author of quote	auto	Q4134106	Arthur Hill Hassall	British physician (1817-1894)	1817	1894	physician|physicist|chemist|botanical collector|botanist	Arthur Hill Hassall	chemist	1	
P000981	named	A. H. Thompson	17	1886	1898	Broker | member present | tea expert | London Tea Broker	review	Q15429972	Alfred Thompson	British musical theatre librettist and artist (1831-1895)	1831	1895	writer|playwright|painter|costume designer|journalist	Alfred Thompson		5	Q4758717 Andrew Thompson (Australian parasitologist) ; Q4821529 Augustus Rivers Thompson (administrator in British Burma) ; Q4733874 Almon Harris Thompson (American geologist (1839–1906)) ; Q60761092 Andrew Thompson (prominent figure in early colonial Austr)
P000982	named	A. M. Fernando	17	1885	1926	author | candidate | prize winner, Agriculture | late of the School of Agriculture	none									0	
P000983	named	A. R. Jeremiah	17	1893	1898	recorder | recorder of rainfall | prize student from the Straits Settlements | student at the Agricultural School	none									0	
P000984	named	A. Steinmann	17	1921	1930	author | Tea Experiment Station, Buitenzorg | lecturer on budding | Proefstation voor Thee at Buitenzorg	review	Q21609739	(B.) Alfred Steinmann	botanist (1892–1974)	1892	1974	geographer|ethnologist|botanist	(B.) Alfred Steinmann	~agriculturist	1	
P000985	named	A. W. Hill	17	1889	1942	Director of the Royal Botanic Gardens, Kew | representative of the Royal Botanic Gardens, Kew | Assistant Director of Kew | Consulted for appointment	auto	Q2593473	Arthur William Hill	British botanist and taxonomist (1875-1941)	1875	1941	botanist|botanical collector	Arthur William Hill	botanist	5	Q15990040 Alexander Hill (English physician, academic and Master o) ; Q4799074 Arthur Hill (British soldier and Unionist politician) ; Q30122646 Allan Hill () ; Q6678928 Arthur Hill (Anglo-Irish soldier and Conservative pol)
P000986	named	Albin B. Tomkins	17	1891	1904	Secretary | shareholder | attendee	none									0	
P000987	named	Arthur Birch	17	1886	1898	shareholder | Commissioner | attended Ceylon Dinner | former Colonial Secretary	auto	Q4798011	Arthur Birch	British colonial governor (1836-1914)	1836	1914		Arthur Birch	administrator	1	
P000988	named	C. B. Smith	17	1882	1904	Director | shareholder | owner of Badulla property | tea estate owner, managing director in England	review	Q106453153	Charles B. Smith	politician in Massachusetts, US (born 1857)	1857		politician	Charles B. Smith		2	Q107107496 Cyrus Burnet Smith (politician in Massachusetts, US (1839-18)
P000989	named	C. Benson	17	1881	1920	Deputy Director of Agriculture | Assistant Director | late Acting Superintendent of Government Farms | Agricultural Reporter to the Government of Madras	none									0	
P000990	named	C. J. Magee	17	1926	1937	Assistant Plant Pathologist | researcher | author | researcher in Australia	review	Q1095314	Clare Magee	American politician (1899-1969)	1899	1969	politician|lawyer|farmer	Clare Magee		2	Q5112791 Christopher Magee (American politician (1848-1901))
P000991	named	Channing Esdaile	17	1886	1911	planter | proprietor of Verellapattina | author | visitor	none									0	
P000992	named	D. I. Evans	17	1927	1934	Biochemist | Bio-Chemist | Junior Chemist | Bio-Chemist, Tea Research Institute	review	Q5294321	Donald Evans	American poet (1884-1921)	1884	1921	poet	Donald Evans		4	Q98522487 David Evans () ; Q105837797 Dudley Evans (American businessman and politician) ; Q18546446 Diego Evans ()
P000993	named	David Thomatis	17	1899	1913	author of note in Queensland Agricultural Gazette | inventor of Caravonica Cotton | commentator on rubber study | recommends tapping practices	review	Q111518598	David Thomatis	Italian educator and agriculturalist	1851	1919		David Thomatis		1	
P000994	named	E. E. Megget	17	1924	1935	visitor | Manager, Balangoda Group, Bogawantalawa | member | Visitor	none									0	
P000995	named	E. Mathieu	17	1897	1926	author | estimated net profit | of Singapore | author/commentator	review	Q3579957	Édouard Mathieu	French politician	1830		politician	Édouard Mathieu		4	Q37793404 Eugène Mathieu (French composer) ; Q286161 Émile Léonard Mathieu (French mathematician (1835-1890)) ; Q8078480 Étienne Mathieu (Canadian politician (1804-1872))
P000996	named	E. V. Wilcox	17	1909	1917	Director of the Hawaii Experiment Station | author | director of the U. S. Agricultural Experiment Station | Director of the local Federal Experiment Station	review	Q16199266	Edwin Wilcox	American politician in Connecticut (born 1841)	1841		politician	Edwin Wilcox		1	
P000997	named	Edmund Peiris	17	1919	1927	Mudaliyar | Nominated by Food Production Committee, Western Province (Kalutara) | Totamune Mudaliyar | Mudaliyar, Member	review	Q16227967	Edmund Peiris	Ceylonese colonial-era headman and philanthropist				Edmund Peiris		2	Q11856568 Edmund Peiris (Catholic bishop in Sri Lanka (1897–1989))
P000998	named	F. H. Layard	17	1908	1938	member | Member | Board member | Vice-President	none									0	
P000999	named	G. D. Austin	17	1922	1938	Assistant to Entomologist | Assistant Entomologist | Acting Entomologist | researcher	none									0	
P001000	named	G. R. Hilson	17	1911	1945	Cotton Specialist to the Government of Madras | Deputy Director of Agriculture, Northern Division | Dy. Director of Agriculture, Northern Division, Bellary | Deputy Director of Agriculture, Northern Division, Madras	none									0	
P001001	named	G. S. Saxton	17	1887	1919	Government Agent of the North-Western Province | Government Agent | Exhibitor | Author of Administration Report for 1890, Matale	none									0	
P001002	named	Gautama Buddha	17	1886	1902	religious figure | figure | founder of Buddhism | subject of a sedent figure	none									0	
P001003	named	H. A. Lee	17	1889	1945	author | author (1921) | Bureau of Agriculture at Manila | researcher (1921)	review	Q63377962	Hyang Burm Lee	researcher			researcher|mycologist	Hyang-Burm Lee	mycologist,~agriculturist	6	Q21337689 Hee-Soon Lee (microbiologist) ; Q104650489 Henry Lee (English surgeon (1817–1898)) ; Q27496634 Hodan Lee (Korean entomologist) ; Q5724782 Henry Lee (English naturalist (1826–1888)) ; Q21338429 Hue-Ru Lee (South Korean entomologist)
P001004	named	H. F. Parfitt	17	1926	1936	Member of the Board | Member | member | absent member	none									0	
P001005	named	H. H. Cousins	17	1897	1933	Director of Agriculture | author | Director of Agriculture, Jamaica | Agricultural Chemist	auto	Q1608438	Herbert Henry Cousins	British chemist (1869–1949)	1869	1949	chemist|university teacher	Herbert Henry Cousins	chemist,~agriculturist	1	
P001006	named	H. H. Rusby	17	1886	1910	author | lecturer, New York | scientist, author of account before Academy of Sciences | of New York	review	Q2611285	Henry Hurd Rusby	American botanist, pharmacist and explorer (1855-1940)	1855	1940	pharmacist|curator|botanist|botanical collector|anthropologist	Henry Hurd Rusby		1	
P001007	named	Harry Jayawardene	17	1906	1928	Mudaliyar | Gate Mudaliyar | Mudaliyar, Southern Province | Unofficial Member, Southern Province	none									0	
P001008	named	Henry Poett	17	1881	1893	planter | ex-Ceylon planter, explorer of the Northern Territory | practical planter | Manager of a coffee and cinchona plantation, Northern Territory	none									0	
P001009	named	I. H. Burkill	17	1901	1945	author | Reporter on Economic Products in India | botanist | director of the botanical garden in Singapore	auto	Q4084920	Isaac Henry Burkill	British botanist (1870-1965)	1870	1965	botanical collector|forester|scientific collector|botanist	Isaac Henry Burkill	botanist,~botanist	1	
P001010	named	J. B. Boussingault	17	1896	1937	author | agricultural chemist | experimenter | conducted experiments on salt	review	Q22915205	Jean-Louis Boussingault	French printmaker, painter and lithographer (1883-1943)	1883	1943	painter|draftsperson|printmaker|lithographer	Jean-Louis Boussingault		2	Q503318 Jean-Baptiste Boussingault (French chemist who made significant cont)
P001011	named	J. B. Leslie Rogers	17	1881	1904	author | author of the article | Indian tea authority | correspondent	none									0	
P001012	named	J. D. Dunlop	17	1918	1930	Member | member | Absent member | member of the Estates Products Committee	review	Q85235224	James Dunlop	Scotland international rugby football player (1854-1923)	1854	1923	rugby union player	James Dunlop		4	Q126391796 John Dunlop (surgeon) ; Q16062285 James Dunlop (Scottish footballer (1870-1892)) ; Q6230439 John Dunlop (American football player and coach (1874)
P001013	named	J. D. Farquharson	17	1936	1943	member | Member | Manager, Vogan Estate, Neboda | nominated by the Planters' Association of Ceylon	none									0	
P001014	named	J. E. Brown	17	1884	1898	Conservator of Forests | Conservator of Forests in South Australia | Conservator of Forests for South Australia | conservator of forests under the South Australian Government	review	Q15925279	John Ednie Brown	British botanist and silvologist (1848-1899)	1848	1899	author|silviculturist|botanist	John Ednie Brown	~forester	1	
P001015	named	J. Everard	17	1881	1884	Jury member | juror, agent for Japan tea | chairman of the sub-jury | chairman of the sub-jury on tea	review	Q23765937	John Breedon Everard	English civil engineer and architect	1844	1923	architect|civil engineer	John Breedon Everard		1	
P001016	named	J. F. Wingate	17	1885	1889	prize winner | exhibitor | agent for distribution | Ceylon planter	none									0	
P001017	named	J. G. Tennekoon	17	1910	1922	R.M. | Unofficial Member, North-Western Province | Ratamahatmaya of Hiriyala hatpattu | Ratemahatmaya	none									0	
P001018	named	J. J. Willis	17	1888	1910	author | author, Harpenden | author of the summary | author of the article	none									0	
P001019	named	J. L. Vanderstraaten	17	1881	1901	author | author of paper on silkworm rearing | Retired Colonial Surgeon, W.P., and Principal Ceylon Medical College | died at St. Helena	none									0	
P001020	named	J. S. Kennedy	17	1926	1938	Director of Irrigation | Acting Director of Irrigation | Divisional Irrigation Engineer, W.D. | Divisional Irrigation Engineer	review	Q29876183	Julian Kennedy	American engineer (1852–1932)	1852	1932	mechanical engineer	Julian Kennedy	engineer	6	Q16013019 John Stodart Kennedy (British zoologist) ; Q6113445 Jack Kennedy (American train robber) ; Q16067446 Jimmy Kennedy (Irish hurler for Cork) ; Q6242851 John Kennedy (American slalom canoer (1970s)) ; Q29790333 Jonathan Kennedy (zoologist at the Center for Macroecology)
P001021	named	J. Schweizer	17	1927	1938	author | researcher | Author | writer on Erysiphaceae from Java	review	Q94987043	J. Schweizer					J. Schweizer		2	Q111993247 Joseph Schweizer (Catholic priest (1879-1952))
P001022	named	J. W. Oliver	17	1891	1898	author | planter | Conservator of Forests | Conservator of Forests, and Offg. Director of the Forest School, Dehra Dún	none									0	
P001023	named	James Emerson Tennent	17	1881	1935	author | writer on Ceylon | writer | author of a work on Ceylon	none									0	
P001024	named	James Stewart	17	1887	1909	author | member | professor | Master-Attendant of Colombo	review	Q108162206	James Stewart	British Royal Navy officer, lieutenant in 1828			naval officer	James Stewart	military	4	Q16031302 James Stewart (physician and missionary from Scotland () ; Q15526925 James Stewart (English politician and MP for Honiton) ; Q114709196 James Stewart (British diplomat and colonial administra)
P001025	named	Jethro Tull	17	1894	1925	father of modern husbandry | agricultural writer | farmer in Berkshire | inventor of seed drills	none									0	
P001026	named	John Coode	17	1884	1897	Chairman | associated with new harbour | present at demonstration | speaker	review	Q6226989	John Coode	British civil engineer (1816–1892)	1816	1892	engineer|civil engineer	John Coode		2	Q96077543 Sir John Henry Coode (Royal Navy officer (1779-1858))
P001027	named	John Dent Young	17	1881	1900	translator | correspondent | sender of specimens | of Rosita, Dimbula, formerly of the P. W. D.	none									0	
P001028	named	John Paterson	17	1882	1906	Director | shareholder | Shareholder | correspondent	review	Q107224823	John Paterson	person in the Aberdeen Register of Returned Convicts 1869-1939	1873			John Paterson		3	Q56425133 John R. Paterson (Australian paleontologist) ; Q16065598 John Paterson (politician and pastoralist in colonial N)
P001029	named	Jules Lepine	17	1887	1914	analyst | author | physician | source for mineral constituents removed by coconut trees	none									0	
P001030	named	L. B. von Donop	17	1881	1888	author | author of the letter | Author of the diary | N. Borneo	none									0	
P001031	named	L. C. Brown	17	1882	1917	author | Inspector of Coconut Trees, F.M.S. | Inspector of Coconut Plantations | importer of grass cutter, Glugor	none									0	
P001032	surname_pool	Logie	17	1883	1903	proprietor | visitor, tin explorer | gentleman known in Ceylon | pseudonym for G. D. Elphinstone	none									0	
P001033	surname_pool	Lord Wenlock	17	1891	1896	Governor of Madras | Governor | official | Governor of Madras Presidency	none									0	
P001034	named	M. H. Thomas	17	1881	1911	purchaser | capitalist | tea planter | observer of snake incident	none									0	
P001035	named	M. J. Berkeley	17	1887	1900	author of description in Gardeners' Chronicle | authority on mycology | botanist | biologist	auto	Q662338	Miles Joseph Berkeley	British botanist (1803-1889)	1803	1889	zoologist|theologian|mycologist|botanical collector|botanist	Miles Joseph Berkeley	botanist,clergy,mycologist,~botanist,~mycologist	1	
P001036	named	M. Shanks	17	1907	1928	apiculturist | Harbour Works Department | the Society's adviser in Apiculture | working committee member	none									0	
P001037	named	North C. Davidson	17	1897	1904	sportsman, author of letter | member | Esq. | member present	none									0	
P001038	named	P. H. Carpenter	17	1885	1938	Chief Scientific Officer | author | Acting Chief Scientific Officer | Lecturer	review	Q7183729	Philip Herbert Carpenter	British naturalist (1852–1891)	1852	1891	naturalist|zoologist|paleontologist	Philip Herbert Carpenter		1	
P001039	named	R. C. Wood	17	1908	1944	author | Deputy Director of Agriculture, Northern Division, Madras | Deputy Director of Agriculture, Northern Division | artist	review	Q104601079	Rodney Carrington Wood	naturalist	1889	1962	scientific collector	Rodney Carrington Wood	~agriculturist	3	Q19847689 Roger C. Wood (U.S. herpetologist and paleontologist) ; Q75766557 Robert Crooke Wood (American Union Army surgeon)
P001040	named	R. E. Stubbs	17	1913	1935	Colonial Secretary, Vice-President | Colonial Secretary | Officer Administering the Government, Ceylon | Vice-Patron	none									0	
P001041	named	R. S. Duff Tytler	17	1892	1898	Honorary Secretary, Pussellawa Association | member | Sabaragamuwa | Rakwana	none									0	
P001042	named	Stamford Raffles	17	1882	1911	historical figure | Historical figure | explorer | English Governor	none									0	
P001043	surname_pool	Student	17	1899	1941	statistician | correspondent | referenced in text | author of On Testing Varieties of Cereals	none									0	
P001044	named	Thomas Wood	17	1890	1903	planter | manager | representing Uva | Manager of Spring Valley Estate	review	Q29643860	Thomas J. Wood	US entomologist			zoologist|researcher|entomologist	Thomas J. Wood		7	Q7795282 Thomas Wood (English politician (1777-1860)) ; Q7795283 Thomas Wood (British politician (1804–1872)) ; Q38362277 Thomas K. Wood (researcher) ; Q122677708 Thomas Wood (1790 -) ; Q56872767 Thomas J Wood (researcher) ; Q75462095 Thomas Wood (Peerage person ID=157080)
P001045	named	V. L. Solomon	17	1887	1914	biblical figure | King | Representative (S.A.) | Hebrew King	none									0	
P001046	named	W. Bowden Smith	17	1892	1901	London Agent | Partner in Sabonadière & Co. | Owner of Ramboda | Planter, Visiting Agent and Merchant, M.L.C., J.P.	none									0	
P001047	named	W. H. Bartlett	17	1897	1906	Secretary | signatory | purchaser of the plantation | Member present	review	Q328705	William Henry Bartlett	English artist (1809-1854)	1809	1854	painter|illustrator|traveler|draftsperson|printmaker	William Henry Bartlett		3	Q27924885 William Bartlett (British painter, draughtsman, illustrato) ; Q61014609 William Henry Bartlett (New Zealand commercial photographer (187)
P001048	named	W. R. Matthew	17	1919	1925	member | member of the Committee | absent member | Member of Estate Products Committee	none									0	
P001049	named	W. R. Tringham	17	1889	1901	correspondent | of Nuwara Eliya | deputed by the Assistant Government Agent | planter	none									0	
P001050	named	A. A. L. Rutgers	16	1917	1929	author | researcher | Director of the General Experimental Station of the A.V.R.O.S. | Director of Het Algemeen Proefstation	none									0	
P001051	named	A. B. Griffiths	16	1886	1913	author of a treatise on manures | author on manures | conducted experiments on potato disease | author of book on manures	none									0	
P001052	named	A. Chevalier	16	1908	1929	author | botanist | observer | author of the original note	auto	Q766644	Auguste Chevalier	French botanist (1873-1956)	1873	1956	geographer|botanist|botanical collector|explorer|ethnobotanist	Auguste Chevalier	botanist	3	Q17718635 A. Chevalier (French veterinarian) ; Q19548390 Adolf Chevalier (German landscape painter)
P001053	named	A. Chinniah	16	1899	1906	Veterinary Surgeon | author | Veterinary Surgeon, Colombo | Vet. Surgeon	none									0	
P001054	named	A. F. Brown	16	1890	1912	Conservator of Forests | Deputy Conservator of Forests | committee member | author of the report	review	Q4647746	A. F. Brown	Scottish industrialist (1825–1910)				A. F. Brown		1	
P001055	named	A. G. Fraser	16	1907	1922	Unofficial Member, Central Province | Central Province | Principal, Trinity College, Kandy | late Lieut.-Governor of Bengal	review	Q89301002	Alan Fraser	medical researcher in New Zealand			researcher|gastroenterologist	Alan Fraser		1	
P001056	named	A. K. Coomaraswamy	16	1899	1940	author | of University College, London | worker in laboratory | read a "Note on the Scenery of Ceylon"	auto	Q379589	Ananda Coomaraswamy	Sri Lankan Tamil metaphysician (1877–1947)	1877	1947	writer|translator|geologist|art historian|philosopher	Ananda Coomaraswamy	geologist,writer	1	
P001057	named	A. T. Rettie	16	1888	1909	Manager of Spring Valley | friend of the author | planter | Manager	none									0	
P001058	named	Albert Kœbele	16	1889	1899	entomologist | Assistant Entomologist to the United States Department of Agriculture | Assistant-Entomologist to the United States Department of Agriculture | Entomologist in Hawaii	none									0	
P001059	named	Augustus Voelcker	16	1884	1904	chemist, London | Consulting Chemist to the Royal Agricultural Society of England | of London | co-operator in experiments	auto	Q4821561	Augustus Voelcker	Anglo-German chemist (1822-1884)	1822	1884	chemist	Augustus Voelcker	chemist,~agriculturist	1	
P001060	named	C. Driemberg	16	1898	1934	Secretary | Hon. Secretary | Hon. Secy. | Honorary Secretary	none									0	
P001061	named	C. Hannen	16	1887	1903	Director | Commissioner at Foochow | director | Commissioner of Customs, Foochow	none									0	
P001062	named	C. P. Hayley	16	1893	1910	member | Vice-President | Director | of Galle	none									0	
P001063	named	C. S. Vaughan	16	1899	1920	Chairman | Government Agent | Chairman, Central Province | Government Agent, C.P.	none									0	
P001064	named	Cecil Clementi Smith	16	1883	1902	Governor of the Straits Settlements | sanctioned railway extension | Trustee for the Debenture Holders | formerly Governor of the Straits Settlements	auto	Q5056012	Cecil Clementi Smith	British colonial administrator	1840	1916	administrator of the government	Cecil Clementi Smith	administrator	1	
P001065	named	Clayton Beadle	16	1886	1917	researcher | present at conference | British authority on wood pulp | provided patent specifications	review	Q52149604	Clayton Beadle	English chemist	1868	1917	chemist	Clayton Beadle		1	
P001066	named	D. D. Cunningham	16	1883	1902	makes vegetable blights a special study | expert | investigator of potato blight | Professor of Physiology in the Medical College, Calcutta	none									0	
P001067	named	D. Sandmann	16	1908	1910	author | author of the article | writer, sent by German Colonial Office to study rubber industry | expert, German Colonial Office	none									0	
P001068	named	David Crole	16	1897	1909	author | lecturer | lecturer, expert chemist, former tea planter in Assam | lecturer, author of paper on tea chemistry	review	Q117267054	David A Crole	researcher			researcher	David A Crole	scientist	1	
P001069	named	Donald Ferguson	16	1897	1909	reader of the paper | correspondent | translator | author of source text	review	Q5294345	Donald Ferguson	Canadian politician (1839–1909)	1839	1909	politician|farmer	Donald Ferguson		2	Q137890809 Donald Ferguson (college basketball player (2023–2024) Co)
P001070	named	E. J. Buultjens	16	1912	1927	member | Plant Pest Inspector | new member | Proctor, member	none									0	
P001071	named	E. J. Thwaites	16	1882	1922	exhibitor | predecessor | exhibitor of garden annuals | prize winner	none									0	
P001072	named	E. Maberley Byrde	16	1891	1927	member | absent member | Government Agent | member of the Committee	none									0	
P001073	surname_pool	Edge	16	1899	1901	Observer, Chadaiyantalawa | Observer | Observer, Irrakkamam | Observer, Chadaiyanatalawa	review	Q110242755	Edge	artist			artist	Edge		2	Q113835338 Edge (French rapper)
P001074	named	F. G. Spring	16	1912	1927	author | Agriculturist, F.M.S. | Superintendent, Government Plantations, F.M.S. | conducted experiments on girth measurements	none									0	
P001075	named	F. L. Engledow	16	1926	1939	author | Chairman of Committee on Recruitment, Training and Interchange of Workers | author of yield trials | Chairman, Recruitment, Training and Interchange of workers	none									0	
P001076	named	F. Moore	16	1882	1932	entomologist | author | of the Bethnal-green Museum | Assistant Curator of the East India Company's Museum	review	Q75878928	F. Moore	Peerage person ID=375493				F. Moore		1	
P001077	named	G. W. R. Campbell	16	1882	1897	attendee | ex-Ceylon resident | potential investor | shareholder	none									0	
P001078	named	George Hamilton	16	1881	1901	Secretary of State for India | Hon. George Hamilton, son of Lord Some-one | politician | chairman of Currency Committee	auto	Q333628	Lord George Hamilton	British politician (1845-1927)	1845	1927	politician|statistician|cricketer	Lord George Hamilton	politician	3	Q17626754 George Hamilton (senior police officer in the Colony of S) ; Q108559503 George Hamilton ()
P001079	named	Giles Walker	16	1882	1903	observer at Bogawantalawa | provider of statistics | observer of stars and temperature | authority on coffee cultivation	review	Q75347638	Giles Walker	Peerage person ID=78954				Giles Walker		1	
P001080	named	H. Nevill	16	1882	1922	C.C.S. | Ceylon Civil Service | donor of seeds or plants | Source of plants	none									0	
P001081	named	H. O. Hoseason	16	1887	1908	Director | management of estate | committee member | Member of the Thirty Committee	none									0	
P001082	named	H. T. Brooks	16	1887	1899	Chairman | merchant, subscriber | merchant | exhibitor	none									0	
P001083	named	Hew Kennedy	16	1909	1928	member | winner | member of Show Committee | committee member	none									0	
P001084	named	Horace Plunkett	16	1898	1933	Chairman, M.P. | founder of the Irish Agricultural Organisation Society | Restorer of agriculture in Ireland | started the co-operative movement in Ireland	auto	Q3140471	Horace Plunkett	Irish politician (1854-1932)	1854	1932	politician|agronomist	Horace Plunkett	agriculturist	1	
P001085	named	J. A. Froude	16	1886	1903	author | writer | historian | visited the valley in 1886	none									0	
P001086	named	J. A. Henderson	16	1889	1903	Director | elected Hon. Secretary | signatory | representative of a firm	review	Q75733249	J. A. Henderson	Peerage person ID=307229				J. A. Henderson		1	
P001087	named	J. C. Harvey	16	1900	1915	rubber planter, Mexico | planter | of "Buena Ventura" Plantation, Isthmus of Tehuatenpec | describer of the new pine variety	none									0	
P001088	named	J. C. Ratwatte	16	1914	1931	donor of prize | Dissawe | owner of Mahayaya property | present	review	Q16931553	J. C. Ratwatte II	Sri Lankan politician			politician	J. C. Ratwatte II		1	
P001089	named	J. C. Umney	16	1891	1915	author | author of paper on citronella oil | examined commercial samples of oil | author of article in Chemist and Druggist	none									0	
P001090	named	J. E. Holdsworth	16	1882	1903	son of a member of Osborne, Bauer & Cheeseman | of Sandhurst | naturalist | transported specimens	none									0	
P001091	named	J. P. Williams	16	1881	1902	missionary | gum, resins, and wax, Heneratgoda | seedsmen at Henaratgoda | seedsman, Henaratgoda	review	Q126038984	J. P. Williams					J. P. Williams		1	
P001092	named	J. W. Hockin	16	1882	1898	Honorary Secretary | Secretary, Planting Member | planter of Vayitiri, South Wynaad | speaker at meeting	none									0	
P001093	named	K. Ramiah	16	1923	1943	author | researcher | Paddy Specialist | investigator	review	Q16007650	K. Ramiah	Indian writer	1892	1974	politician	K. Ramiah	writer	1	
P001094	named	Karoly Furdö	16	1881	1892	correspondent | author of letter | author of a letter | author of the letter	none									0	
P001095	named	L. W. Booth	16	1900	1912	Nominated Member, Western Province | Member of the Board | member of the Board | Government Agent, of the Province of Sabaragamuwa	none									0	
P001096	named	M. Bremer	16	1882	1927	author of letter | Author of letter | recipient of letter | Director	none									0	
P001097	surname_pool	Marquis Salisbury	16	1887	1900	recipient of report | recipient of trade report | directing the response | recipient of letter	none									0	
P001098	named	Maxwell T. Masters	16	1881	1902	author | author of 'Plant Life' | botanist | expert on the specimen	auto	Q787355	Maxwell Tylden Masters	British botanist (1833-1907)	1833	1907	taxonomist|botanist	Maxwell Tylden Masters	botanist	1	
P001099	named	N. H. W. Dulling	16	1938	1944	Chairman, Planters' Association of Ceylon | visitor | vice Chairman, Planters' Association of Ceylon | Member, Vice-Chairman, Planters' Association of Ceylon	none									0	
P001100	named	Norman Stewart	16	1889	1903	Director | Member of the Board | member of the Board | planter	review	Q19472688	Norman Stewart	film director			film director	Norman Stewart		3	Q75799955 Norman Edward Stewart (Peerage person ID=339846) ; Q100927721 Norman Stewart (college basketball player (1999–1999) Ar)
P001101	named	P. Playfair	16	1884	1902	author of the letter | Calcutta | author of letter on Tea and Exchange | author of letter to Indian Currency Association	none									0	
P001102	surname_pool	Queen Elizabeth	16	1881	1937	historical figure | reign during which a pearl was valued | monarch during Drake's cruises | Monarch	review	Q7207	Elizabeth I of England	Queen of England and Ireland from 1558 to 1603 (1533-1603)	1533	1603	queen	Lady Elizabeth	royalty	2	Q229214 Elizabeth Woodville (Queen consort of England)
P001103	named	R. C. Proctor	16	1908	1931	speaker in discussion | member | of Chilaw | participant in experiments at Chilaw	none									0	
P001104	named	R. MacLure	16	1886	1909	correspondent | respondent to questions | Hon. Secy., M. F. C. | author of letter	none									0	
P001105	named	Richard Temple	16	1881	1908	participant in discussion | President of the Richmond Athenæum | chair | Chairman	review	Q3431266	Sir Richard Temple, 1st Baronet	British politician (1826-1902)	1826	1902	politician|diplomat|Indian Civil Service|beamter	Sir Richard Temple		5	Q120648010 Richard Temple (soldier, artist) ; Q112316072 Richard Temple () ; Q75986649 Richard Temple ((1800-1874)) ; Q75238028 Richard Temple (Peerage person ID=719)
P001106	named	S. C. Harland	16	1919	1940	author | researcher | D.Sc. (London), F.L.S. | scientist	none									0	
P001107	named	S. K. Thuraisingham	16	1935	1945	Divisional Agricultural Officer, Central Division | Technical Assistant, Department of Agriculture | Agricultural Officer, Jaffna | Sub-Divisional Agricultural Officer, Jaffna	none									0	
P001108	named	Samuel Pepys	16	1887	1912	diarist | author of Diary | author of diary entries on tea | writer	review	Q106143	Samuel Pepys	English diarist and administrator (1633–1703)	1633	1703	judge|writer|politician|secretary of state|justice of the peace	Samuel Pepys	writer	3	Q76026780 Samuel Pepys ((born 1600)) ; Q7412384 Samuel Pepys Cockerell (English architect)
P001109	named	Sandy Brown	16	1881	1903	planter | character in the Planters' Manual | life and soul of the Association | Visiting Agent	none									0	
P001110	named	T. S. Grigson	16	1892	1906	shareholder | Director | of Messrs. Geo. Stewart & Co. | chairman	none									0	
P001111	named	W. A. Tytler	16	1886	1914	author | correspondent | author of letter | observer and writer	none									0	
P001112	named	W. A. Udugama	16	1923	1933	Ratemahatmaya, Matale South | Ratemahatmaya | Ratemahatmaya, South | Adigar, member of the Board	none									0	
P001113	named	W. J. Allen	16	1888	1925	author | Fruit Expert | The Fruit Expert | writer	review	Q121126823	W. J. Allen				producer	W. J. Allen		2	Q75798389 W. J. Allen (Peerage person ID=339085)
P001114	named	W. R. Bibile	16	1906	1919	Ratemahatmaya | R.M., Province of Uva | Unofficial Member, Province of Uva | reporter on Kiushu and Honduras Paddy	none									0	
P001115	named	W. Saville-Kent	16	1889	1903	Commissioner of Fisheries | informed by a curer | Late Commissioner of Fisheries to the Governments of Queensland and Western Aust | Late Commissioner of Fisheries, Tasmania, Victoria, Queensland, and Western Aust	none									0	
P001116	named	W. Sinclair	16	1896	1921	member | Chairman, Cardamom Committee, Kandy | member of sub-Committee | committee member	none									0	
P001117	named	William Ramsay	16	1898	1925	chemist | consultant | great chemist | author	review	Q2580340	William Ramsay, 1st Earl of Dalhousie	Scottish nobleman, army officer and politician	1650	1672	politician	William Ramsay	royalty,~administrator	10	Q950726 William Ramsay (Scottish chemist (1852–1916)) ; Q55762065 William Ramsay (Scottish Royal Navy rear-admiral (1796-1) ; Q131438328 William Ramsay () ; Q104417814 William Ramsay (Minister of the Church of Scotland, d. 1) ; Q326308 William Mitchell Ramsay (Scottish archaeologist and New Testament) ; Q8017345 William Ramsay (British classical scholar; (1806-1865)) ; Q15440816 William Ramsay, 3r
P001118	named	A. C. White	15	1889	1901	partner in Colombo firm | purchaser | proprietor | seller	none									0	
P001119	named	A. H. Thomas	15	1885	1908	correspondent | planter | contractor | friend	none									0	
P001120	named	A. J. Stephens	15	1881	1901	expert on coffee leaf disease | formerly of Ceylon | Assisted Dr. McGregor in experiments | planter, Alpha Estate	none									0	
P001121	named	A. S. Long-Price	15	1913	1922	member | absent member | Member | Absent	none									0	
P001122	named	A. Staines Manders	15	1908	1915	Organising Manager | Editor of the Rubber, Cotton, Fibres, etc., Handbook | Manager of the International Rubber and Allied Trades Exhibition, London | manager of the Exhibition	none									0	
P001123	named	A. Y. Daniel	15	1886	1908	auctioneer | Auctioneer | Auctioneer and Commission Agent | Judge	none									0	
P001124	named	Archibald Colquhoun	15	1883	1891	author | author of 'Across Chryse' | author of paper on journey | author of paper on 'Condition of China'	review	Q1960581	Archibald Ross Colquhoun	Rhodesian politician (1848–1914)	1848	1914	writer|politician|engineer|journalist|colonial administrator	Archibald Ross Colquhoun	writer	5	Q110178743 Archibald Colquhoun () ; Q111227795 Archibald Colquhoun (American politician – Minnesota -- ""A.") ; Q75614142 Archibald Colquhoun (Peerage person ID=245666) ; Q4786272 Archibald Campbell Colquhoun (Scottish politician and lawyer (1756-182)
P001125	named	Arnold Theiler	15	1912	1939	researcher | Director of Veterinary Education and Research, South Africa | researcher in South Africa | pioneer in mineral deficiency research	auto	Q119270	Arnold Theiler	Swiss-South African veterinarian (1867-1936)	1867	1936	veterinarian|university teacher	Arnold Theiler	veterinarian	1	
P001126	named	B. Horsburgh	15	1909	1930	Government Agent of the Province | committee member | Government Agent, N.P. | member of the Board	none									0	
P001127	named	B. Ribbentrop	15	1886	1902	author | Inspector-General of Forests | correspondent | Inspector-General of Forests for India	none									0	
P001128	named	Bertram de Zylva	15	1938	1945	member | Member | Member of the Board | Anuradhapura District Agricultural Committee	none									0	
P001129	named	C. Maries	15	1884	1890	author | Superintendent of the Durbhunga Raj gardens and parks | authority on the mango | of Durbhangah, Bengal	none									0	
P001130	named	C. Meikle	15	1893	1902	Member of Committee | member | manager | representative of Setapakdale estate	none									0	
P001131	named	C. P. Thunberg	15	1885	1922	botanist | Scandinavian naturalist | botanical traveller, Danish Physician | Professor of Botany at Upsala	none									0	
P001132	named	C. R. Karunaratne	15	1936	1945	Agricultural Instructor, Katugastota | Agricultural Instructor | Dip. Agric. (Poona) | Agricultural Officer, Grade II	none									0	
P001133	named	Charles Stouter	15	1887	1909	Head Clerk of the Anuradhapura Kachcheri | Audit Office, Colombo | Colombo | exhibitor of Plantain Flour	none									0	
P001134	surname_pool	Cullen	15	1882	1901	reporter of graphite in Travancore | Promoted Indian gutta | translator | resident at the Court of Mysore	review	Q462762	William Cullen	Scottish physician, chemist and agriculturalist; (1710-1790)	1710	1790	writer|physician|psychiatrist|farmer|chemist	William Cullen	physician	10	Q59747241 Mark R. Cullen (researcher ORCID ID = 0000-0001-7996-186) ; Q125321926 Cullen (architect) ; Q16239382 Rushout Cullen (English politician (1661-1730)) ; Q98690259 Christopher Noel Cullen (British psychologist) ; Q323473 James Cullen (Irish mathematician) ; Q22017481 William James Cullen, Lord Cullen (Scottish judge (1859–1941); Senator of t) ; Q6227832 John Cullen (Police officer and comm
P001135	named	Cyril Baxendale	15	1900	1915	planter | author | native cultivator, correspondent | brother of C. E. S. Baxendale, cotton grower	none									0	
P001136	named	D. A. C. Scott	15	1889	1912	Director | shareholder | director | sent tea leaves to Calcutta	none									0	
P001137	named	D. E. Hutchins	15	1881	1911	author | Conservator of Forests | Deputy Conservator of Forests | forester/observer	none									0	
P001138	named	D. M. Salmond	15	1897	1908	Superintendent | Superintendent of Mariawatte | planter, Maria-watte tea estate, Gampola, Ceylon | Manager of Mariawatte	none									0	
P001139	named	Daniel Hall	15	1920	1938	author | organizer of agricultural education and research | Permanent Secretary to the Ministry of Agriculture | presided at the meeting	auto	Q4722515	Alfred Daniel Hall	British botanist (1864-1942)	1864	1942	scientist|agronomist|botanist	Daniel Hall	agriculturist,~agriculturist	5	Q111025395 Daniel Hall (American lawyer (1832–1920)) ; Q42842656 Daniel E. Hall (American surgeon (University of Pittsbur) ; Q102169994 Daniel B. Hall (American professor of statistics) ; Q86320397 Daniel P. Hall (American molecular biologist)
P001140	surname_pool	Dioscorides	15	1881	1945	ancient author | ancient writer | army surgeon | Ancient writer	review	Q11917291	Dioscorides	ancient Greek poet			poet|epigrammatist	Dioscorides	writer	5	Q297776 Pedanius Dioscorides (Greco-Roman physician and pharmacologist) ; Q12278791 Dioscorides (Stoic philosopher (fl. 225 BC)) ; Q16628948 Dioscorides (general of Ptolemy VI) ; Q16190930 Dioscorides (ancient writer and physician from Alexan)
P001141	named	E. H. Edwards	15	1882	1906	old Ceylon planter | author | formerly of Rangala and Madulisma, but now of the Seychelles | author, former Ceylon coffee planter	none									0	
P001142	named	E. L. Fraser	15	1933	1937	Member of the Board | Board member | member of the Board, nominated to act for Col. T. Y. Wright | former Board member	none									0	
P001143	named	E. R. Squibb	15	1882	1893	author | called attention to cocaine quality | process developer | author of paper on Assays of Cinchona	review	Q5322110	E. R. Squibb	American physician and manufacturer (1819-1900)	1819	1900	physician|pharmacologist	E. R. Squibb		1	
P001144	named	Edward Conder	15	1885	1894	Director | member of the Board	none									0	
P001145	named	Edward Kinch	15	1882	1910	author | Professor of Chemistry | chemical lecturer at Cirencester | sent specimen from Japan	auto	Q31090518	Edward Kinch	British agricultural chemist	1848	1920	agricultural chemist	Edward Kinch	agriculturist,chemist,~agriculturist,~chemist	1	
P001146	named	F. R. Parnell	15	1914	1940	Government Economic Botanist | author | worker in India | Government Botanist	none									0	
P001147	named	F. R. Sabonadiere	15	1883	1903	veteran Ceylon planter and merchant | Manager in Ceylon | potential source of information | pioneer of the colony	none									0	
P001148	named	F. W. South	15	1911	1938	Mycologist | author | Mycologist of the Staff of the Imperial Department of Agriculture for the West I | Chief Agricultural Inspector, F.M.S.	none									0	
P001149	named	G. J. Mulder	15	1884	1901	chemist | Professor | author | Physiological Chemist	none									0	
P001150	named	G. M. Crabbe	15	1895	1906	planter in Ceylon, bound for Nyassaland | interviewee, coffee planter | superintendent of Nyassaland Coffee Co.'s property in Milanji | resigned position owing to ill-health	none									0	
P001151	named	George White	15	1888	1902	shareholder | tea broker | Member | head of the well-known firm of London tea-brokers	review	Q1359312	George White	British Army officer (1835–1912)	1835	1912	military officer|Generalfeldmarschall	George White		7	Q374494 George White (Ohio politician (1872-1953)) ; Q106983018 George White (Irish newspaper founder, editor; Registr) ; Q108285660 George White (British Royal Navy officer, commander in) ; Q110944988 George White (Lord Mayor of Manchester 1939-1940) ; Q5546218 George White (American preacher, historian (1802–1887)) ; Q87787334 George L. White (Canadian politician (1858–1917))
P001152	surname_pool	Günther	15	1882	1909	eminent authority on fish | head of the Department | author of work on the Reptiles of British India | scientist at British Museum	review	Q64642	Johann Christian Günther	German poet (1695-1723)	1695	1723	writer|playwright|poet|librettist	Johann Christian Günther	writer	5	Q57514  (Anglo-German zoologist (1830–1914)) ; Q96665 Siegmund Günther (German mathematician, historian of mathe) ; Q15480039 Paul Günther (German mathematician and university teac) ; Q525374 Ignaz Günther (German sculptor and woodcarver (1725–177)
P001153	named	H. C. Begg	15	1894	1924	Chairman | Vice-Chairman | Member of the General Committee | of Messrs. Begg Dunlop & Co.	none									0	
P001154	named	H. D. Elhart	15	1898	1904	in charge of the hatcheries and stew ponds of the Ceylon Fishing Club | Curator of the Nuwara Eliya Hatchery | reader of annual report | supervisor of hatcheries	none									0	
P001155	named	H. H. Hume	15	1908	1945	author | researcher | Author of The Cultivation of Citrus fruits | author on cultivation of citrus fruits	review	Q5661120	Harold Hume	American university professor, horticulturalist (1875-1965)	1875	1965	botanist|mycologist|university teacher|horticulturist	Harold Hume	scientist	1	
P001156	named	H. W. Cave	15	1890	1923	author of Picturesque Ceylon | attendee | Ceylon man present | compiler of Picturesque Ceylon	review	Q97731318	Henry William Cave	English photographer and publisher (1854–1913)	1854	1913	photographer	Henry William Cave		1	
P001157	named	Henry C. Pearson	15	1904	1920	Editor of the India Rubber World | editor of the India Rubber World | author | Editor of the "India Rubber World."	none									0	
P001158	named	Henry Earnshaw	15	1885	1899	secretary of the Jokai Tea Company | proposed for general committee | compiler of statistics | publisher/agent	none									0	
P001159	named	Henry Thompson	15	1884	1900	Engineer | presiding | doctor | author of Food and Feeding	review	Q108533709	Henry Thompson	photographer			photographer	Henry Thompson		6	Q117259499 Henry Thompson () ; Q100935149 Henry Thompson (college basketball player (1971–1973) De) ; Q845755 Sir Henry Thompson, 1st Baronet (British surgeon and polymath (1820–1904)) ; Q88954413 Henry J Thompson (researcher) ; Q2661566 Henry Thompson (United States Navy sailor, recipient of )
P001160	named	Herbert Bruce Sandford	15	1881	1893	Director | director, large shareholder | former manager, Lanka Plantations Company | seconded the motion	none									0	
P001161	named	Hugh B. Roberts	15	1891	1904	member | member of Sub-Committee | Dikoya | Member	none									0	
P001162	named	Hugh Falconer	15	1881	1902	Superintendent | Botanist | Superintendent of the Garden; Palæontologist | author	review	Q223013	Hugh Falconer	Scottish scientist (1808–1865)	1808	1865	geologist|paleoanthropologist|paleontologist|botanical collector|botanist	Hugh Falconer	botanist,~horticulturist	2	Q76037335 Hugh Falconer (Peerage person ID=485474)
P001163	named	J. A. Wickremaratne	15	1906	1921	Gate Mudaliyar, Southern Province | Unofficial Member, Southern Province | Mudaliyar | Mudaliyar, author	none									0	
P001164	named	J. B. Thurston	15	1883	1902	Governor of Fiji | Governor | Colonial Secretary, Fiji | Lieut-Governor	auto	Q6221079	John Bates Thurston	Governor of Fiji	1836	1897	governor|diplomat|official|botanist|local government officer	John Bates Thurston	administrator	1	
P001165	named	J. Fraser	15	1888	1913	correspondent | member | suffering from drinking strong tea | Resident in Ceylon	review	Q112024672	J. Fraser	Titanic victim		1912		J. Fraser		5	Q52732316 John J. Fraser (American orthopedic physical therapist) ; Q75406002 J. Fraser (Peerage person ID=121836) ; Q75832102 J. Fraser (Peerage person ID=352110) ; Q109665784 James W. Fraser (American educationalist, pastor, and aca)
P001166	named	J. H. Titterington	15	1926	1932	absent member | member | visitor | Member	none									0	
P001167	named	J. K. Ingleton	15	1885	1892	Manager | sent samples of Dumbara cigars to the Exhibition | cigar manufacturer | exhibitor, Rajawalla	none									0	
P001168	named	J. M. Maitland Kirwan	15	1882	1903	Secretary | author of the letter | signatory of the letter | Member	none									0	
P001169	named	J. Stanley Gardiner	15	1886	1902	researcher | Expedition leader | Cambridge scientist | author of the letter	review	Q1886993	John Stanley Gardiner	British zoologist and oceanographer (1872-1946)	1872	1946	zoologist|biologist|university teacher|non-fiction writer	John Stanley Gardiner	writer	1	
P001170	named	J. V. H. Owen	15	1882	1898	correspondent | exhibitor | Ceylon | resident	none									0	
P001171	named	J. W. Mollison	15	1893	1903	Deputy Director of Agriculture, Poona | superintendent of the Poona dairy, lecturer on agriculture | Officiating Director, Department of Agriculture, Bombay | author, M.R.A.C.	none									0	
P001172	named	John Cotton	15	1884	1915	1st prize, strawberry | gardener, Nuwara Eliya | fruit grower, Nuwara Eliya | orchard owner	none									0	
P001173	named	John Gordon	15	1885	1906	Estate Inspector | Director | late, of Ceylon | Superintendent	review	Q13529912	John Gordon	British politician (1850–1915)	1850	1915	politician	John Gordon		6	Q6235765 John Gordon (Scottish soldier and Tory politician (17) ; Q108285987 John Gordon (British Royal Navy officer, captain in 1) ; Q116005941 John Gordon () ; Q108498319 John Gordon (British KC) ; Q6263246 John Watson Gordon (British painter (1788-1864))
P001174	named	K. Bandara-Beddewela	15	1910	1925	Unofficial Member, Central Province | Central Province | recipient of lac sticks | member	none									0	
P001175	named	K. C. Pillai	15	1917	1921	Agricultural Instructor, Batticaloa | Agricultural Instructor | Agricultural Instructor, Jaffna | Jaffna	review	Q6323230	K. C. Pillai	Indian priest	1901	1970	priest	K. C. Pillai		1	
P001176	named	L. L. Hunter	15	1934	1945	Member | member | Government Agent, N.C.P. | Government Agent, North-Central Province	auto	Q77176639	L. L. Hunter	Ceylonese civil servant and politician	1890			L. L. Hunter	administrator,~administrator	1	
P001177	named	L. O. Howard	15	1893	1934	entomologist | author of note on kerosene | Professor, Department of Agriculture | agrees Japan is original home of species	auto	Q553918	Leland Ossian Howard	American entomologist (1857-1950)	1857	1950	biologist|zoologist|journalist|entomologist|ecologist	Leland Ossian Howard	entomologist,~agriculturist,~entomologist	2	Q93141494 Leonidas ""Leon"" Howard (American politician)
P001178	named	L. W. Wickremesinghe	15	1931	1945	member | Rev. Father | member of the Board | Member	none									0	
P001179	surname_pool	Lord Elgin	15	1883	1908	Viceroy | associated with treaty | mission leader | referenced regarding the rupee difficulty	auto	Q335098	Thomas Bruce, 7th Earl of Elgin	British nobleman and diplomat (1766–1841)	1766	1841	diplomat	Thomas Elgin	administrator,royalty	1	
P001180	surname_pool	Lord Knutsford	15	1889	1908	Secretary of State for the Colonies | Secretary of State | Governor of Ceylon | Secretary for the Colonies	none									0	
P001181	named	M. C. Cooke	15	1881	1903	author | author of the report | fungologist | botanist	auto	Q2351239	Mordecai Cubitt Cooke	English botanist and mycologist (1825–1914)	1825	1914	biologist|botanist|mycologist|botanical collector|illustrator	Mordecai Cubitt Cooke	botanist,mycologist,~botanist,~mycologist	1	
P001182	named	M. Payen	15	1882	1893	analyst | chemist | scientist | provided analysis of commercial gutta-percha	none									0	
P001183	surname_pool	Martius	15	1881	1908	botanist | author | author cited regarding history of smoking | author of Flora Brasiliensis	auto	Q77131	Carl Friedrich Philipp von Martius	German botanist (1794-1868)	1794	1868	naturalist|writer|physician|ethnologist|university teacher	Carl Friedrich Philipp von Martius	botanist,~botanist,writer	1	
P001184	named	Michael Faraday	15	1882	1933	scientist | chemist | author | experimental philosopher	auto	Q8750	Michael Faraday	British scientist (1791–1867)	1791	1867	writer|inventor|chemist|university teacher|physicist	Michael Faraday	chemist,scientist	2	Q37782670 Michael Faraday (painter)
P001185	named	Paul Cooreman	15	1910	1919	Unofficial Member, Southern Province | Southern Province | new member on the Board | Meedeniya Dissava	review	Q115820611	Paul Cooreman		1863	1919		Paul Cooreman		1	
P001186	named	Quintin Hogg	15	1894	1910	Chairman | Chairman of the Oriental Estates Company | presided | chairman of the company	auto	Q3523736	Quintin Hogg	Merchant and philanthropist (1845–1903)	1845	1903	association football player|cricketer|merchant	Quintin Hogg	businessperson	1	
P001187	named	Rivers Hicks	15	1884	1892	author of letter | correspondent | well-known authority on cinchona, London | supplier of quinine	none									0	
P001188	named	Robert Wallace	15	1886	1915	Professor of Agriculture and Rural Economy in the University of Edinburgh | Professor of Agriculture and Rural Economy at the University of Edinburgh | author of the report | Professor of Agriculture in the University of Edinburgh	auto	Q21283011	Robert Wallace	Scottish agricultural academic (1853-1939)	1853	1939	naturalist|university teacher	Robert Wallace	agriculturist,~agriculturist,scientist	8	Q7350808 Robert Wallace (British classics teacher, minister, prof) ; Q7350806 Robert Wallace (Irish army officer and barrister (1860-1) ; Q7350812 Robert Wallace (English Unitarian minister) ; Q56515852 Robert M Wallace (American engineer) ; Q386136 Robert M. Wallace (American politician (1856-1942)) ; Q22110206 Robert L. Wallace (American biologist) ; Q13217462 Robert S. Wallace (botanist)
P001189	named	Ruiz Et Pavon	15	1881	1888	botanist | botanist authority | botanist who named C. succirubra | Spanish botanist	none									0	
P001190	named	Rutherford Alcock	15	1882	1898	Chairman | namesake of the pass | Chairman of the Company | chairman	review	Q939063	Rutherford Alcock	British diplomat (1809–1897)	1809	1897	physician|diplomat|botanical collector	Rutherford Alcock		1	
P001191	named	S. E. J. Clarke	15	1890	1908	Secretary | Secy. | Secretary of the Calcutta Branch of the Association, and of the Chamber of Comme | Secretary, Indian Tea Association	none									0	
P001192	named	S. Israel	15	1886	1899	planter | coffee planter | proprietor | settler, B. C. Africa	none									0	
P001193	named	S. T. Richmond	15	1884	1902	Auditor | partner in Nicol, Cargill & Co. | auditor | Partner and manager	none									0	
P001194	named	Thiselton Dyer	15	1881	1919	speaker at the meeting | encourager of cinchona cultivation | of Kew | Director of Kew	review	Q2065240	William Turner Thiselton-Dyer	British botanist (1843-1928)	1843	1928	university teacher|botanist|botanical illustrator	Willian Turner Thiselton Dyer	botanist	1	
P001195	named	Thistleton Dyer	15	1882	1908	author of preface | botanist | botanist at Kew | official at Kew	none									0	
P001196	named	Victor Signoret	15	1883	1900	entomologist | taxonomist | entomologist, Paris | French entomologist	auto	Q2628625	Victor Antoine Signoret	French entomologist (1816–1889)	1816	1889	physician|pharmacist|zoologist|entomologist	Victor Antoine Signoret	entomologist,~botanist,~entomologist	1	
P001197	named	W. B. Wilson	15	1884	1936	Tobacco Adviser | Tobacco Expert | Director of Revenue Settlement and Agriculture | author of the account	review	Q16037929	William Wilson	British politician (1855-1921)	1855	1921	politician	William Wilson		4	Q8020431 William Wilson (Irish politician (1836-1879)) ; Q8020438 William Wilson (American politician from Pennsylvania (1) ; Q59301139 William L. Wilson (researcher ORCID ID = 0000-0003-2755-761)
P001198	named	W. Brown	15	1899	1940	author | member of General Committee | Curator, Botanic Station, Accra | of Messrs. Finlay, Muir & Co.	review	Q83286614	W. Brown				artist|illustrator	W. Brown		3	Q8016751 William Penn Brown (American stamp dealer and philatelist (1) ; Q8006017 William Brown (British psychologist and psychiatrist (1)
P001199	named	W. E. Moses	15	1882	1894	biblical figure | Assistant to Prof. W. G. Brown | infant | tanner of Armidale	none									0	
P001200	named	W. G. Smith	15	1883	1941	author | identified the fungus | author of the note | artist for title-page	review	Q387724	Worthington George Smith	British botanist (1835-1917)	1835	1917	illustrator|cartoonist|botanist|mycologist|archaeologist	Worthington George Smith		3	Q71866967 W. G. Smith (manufacturer of vegetarian soaps and can) ; Q44679731 William George Pogson Smith ((1863-1907), entomologist, editor of Hob)
P001201	named	W. H. Harrison	15	1910	1938	author | Agricultural Chemist | Agricultural Chemist, Coimbatore | Government Agricultural Chemist at Coimbatore	review	Q11869	William Henry Harrison	president of the United States in 1841 (1773-1841)	1773	1841	politician|governor|diplomat|military officer|statesperson	William Henry Harrison		6	Q30599440 William Henry Harrison (American politician in Georgia (born 184) ; Q80364880 William Harrison (English engraver, active in the U.S.) ; Q18672784 William Harrison (English antiquarian (1802-1884)) ; Q8010939 William Harrison (British merchant navy officer, born 1812) ; Q41757087 William H. Harrison (U.S. Marine Corps Brigadier General)
P001202	named	W. J. Thompson	15	1885	1902	tea broker, witness | expert witness | attendee, of the well-known Broking Firm | Cairns	review	Q75507307	W. J. Thompson	Peerage person ID=183400				W. J. Thompson		1	
P001203	named	W. Morey	15	1883	1895	Consul | United States Consul | United States Consul at Ceylon | P. M. and P. T.	none									0	
P001204	named	W. N. Gunawardena	15	1942	1945	Member | member | representative of the L.C.P.A. | Board member	none									0	
P001205	named	W. S. Campbell	15	1890	1903	author | writer | author of report | of the Department	review	Q76159869	W. S. Campbell	Peerage person ID=571631				W. S. Campbell		2	Q75481953 W. S. Campbell (Peerage person ID=168626)
P001206	named	W. T. Swingle	15	1899	1945	author | Washington | researcher | associated with date palm industry	none									0	
P001207	named	W. T. Thistleton Dyer	15	1883	1888	Assistant Director, Royal Gardens, Kew | author | Director of the Royal Gardens, Kew | author of the letter	none									0	
P001208	named	William Bentinck	15	1882	1931	Governor-General | historical figure | government official | Viceroy of India	review	Q128336	William Bentinck, 4th Duke of Portland	English noble	1768	1854	politician	William Bentinck	~administrator	5	Q128333 William Cavendish-Bentinck, 6th Duke of Portland (Duke of Portland (1857-1943)) ; Q334530 William Cavendish-Scott-Bentinck, 5th Duke of Portland (British politician (1800-1879)) ; Q75789893 William Fulford Bentinck ((1850-1862)) ; Q75613640 William Bentinck (Peerage person ID=245357)
P001209	named	William Harcourt	15	1886	1898	Chancellor of the Exchequer | Member of Parliament | Chancellor of the Exchequer (implied by Budget speech) | Chancellor of the Exchequer (implied by Budget context)	review	Q107671613	William Harcourt	British artist, active 19th century			artist	William Harcourt		4	Q8019713 William Vernon Harcourt (British scientist and priest (1789-1871)) ; Q75250301 William Harcourt ((died 1846)) ; Q93380283 William D Harcourt (researcher (ORCID 0000-0003-3897-3193))
P001210	named	William Roberts	15	1882	1901	responded to the toast | manager of the Jorhat Company | steered the affairs of the Jorehaut Tea Company | General Manager	review	Q63437079	William Roberts	engraver, b. about 1829 in New York			engraver	William Roberts		17	Q8016529 William Page Roberts (British clergyman) ; Q131561945 William Roberts (Scottish civil engineer (1848–1918)) ; Q8012139 William Henry Roberts (Baptist minister, missionary (1847-1919)) ; Q21068925 William Roberts (Australian politician) ; Q20804833 William Roberts (Welsh Calvinistic Methodist minister, ed) ; Q8017657 William Roberts (British 19th-century physician) ; Q16225342 William Robe
P001211	named	Woodford Birch	15	1890	1913	Government Agent | official | Assistant Government Agent | Agent at Batticaloa	none									0	
P001212	named	A. C. Lawrie	14	1887	1901	Exhibitor | prize winner | donor in the Colony | District Judge	none									0	
P001213	named	A. E. De S. Rajapakse	14	1917	1919	member | Mudaliyar, member | Member | Chairman, Planters' Association of Ceylon	none									0	
P001214	named	A. Henry	14	1886	1928	collector of specimens | botanist, Kew Herbarium | commentator on Kew | plant collector	review	Q15717686	A. Henry		1830			A. Henry		2	Q67484234 A. Henry (researcher)
P001215	named	A. J. Denison	14	1891	1904	Director | Inspector of Estates | Member | Manager of the C. & O. Company's estates in Ceylon	none									0	
P001216	named	A. Walker	14	1887	1898	Manager | Member of Committee | Acting Director of Public Instruction | manager	review	Q141286979	A. Walker				manufacturer	A. Walker		1	
P001217	named	Alexander Fairlie	14	1894	1913	Member present | Member | attendee | Chairman of the Chamber of Commerce	review	Q43915952	Alexander Fairlie	person associated with the witch trials in Scotland				Alexander Fairlie		1	
P001218	named	Axel Preyer	14	1900	1922	author | author of article in Tropenpflanze | author of essay on Fermentation of Cacao | of Berlin	review	Q23925269	Axel Thierry Preyer		1877		writer|consul|biologist|agronomist	Axel Thierry Preyer	writer	2	Q47124704 Axel Preyer (botanist)
P001219	named	B. G. L. Bremner	14	1890	1899	Secretary | shareholder | counsel for the defendants | deceased member	none									0	
P001220	named	B. Samaraweera	14	1906	1924	member | of Weligama | author of the article | reporter from Weligama	none									0	
P001221	named	British Resident	14	1888	1913	official | official who suggested McIvor's services | Official in Travancore | government official	none									0	
P001222	named	C. A. Murray	14	1881	1941	Assistant Government Agent from Ratnapura | Assistant Government Agent | C.C.S. | official involved in planting	auto	Q5083746	Charles Wyndham Murray	British politician (1844-1928)	1844	1928	politician|diplomat	Charles Murray	administrator,~administrator	1	
P001223	named	C. B. Antram	14	1908	1919	Entomologist to the Indian Tea Association | author | author of 'Mosquito Blight of Tea' | inventor of the treatment	none									0	
P001224	named	C. C. Wilson	14	1902	1925	member | absent member | Committee member | Member of the Committee	review	Q16029273	Charles Coker Wilson	American architect, active in South Carolina	1864	1933	architect	Charles Coker Wilson		4	Q162900 Charles Thomson Rees Wilson (Scottish physicist and meteorologist (18) ; Q5079744 Charles Wilson (New Zealand politician (1862–1934)) ; Q28976458 Charles G. Wilson (American businessman and public official)
P001225	named	C. Charavanapavan	14	1938	1945	Research Assistant in Food Technology | author | Research Probationer in Food Technology | Research Assistant in Food Technology, Chemical Division	none									0	
P001226	named	C. L. Wickremesinghe	14	1924	1941	Commissioner of Lands | Land Commissioner | Assistant Government Agent, Mannar | Assistant Government Agent	none									0	
P001227	named	C. O. Macadam	14	1904	1913	manager | of Heatherley estate | attendee | Agent in Ceylon	none									0	
P001228	named	C. T. D. Vigors	14	1899	1912	member of the Board | Member of the Board | present | A. G. A., Kalutara	none									0	
P001229	named	C. W. Wallace	14	1894	1901	committee member | member | Attendee | R. G. Shaw and Co.	none									0	
P001230	named	Charles Elliott	14	1884	1914	began developing planting operations in St. Helena in 1864 | encouraged tobacco cultivation | Lieutenant-Governor of Bengal | observer on soil fertility	auto	Q18526767	Charles Alfred Elliott	British administrator in India	1835	1911		Charles Alfred Elliott	administrator	6	Q5080338 Charles Loring Elliott (American artist (1812-1868)) ; Q5077362 Charles Elliott (New Zealand politician and editor) ; Q504071 Andrew Charles Elliott (Canadian politician (1829-1889)) ; Q15994423 Charles Boileau Elliott (English travel writer) ; Q20985223 Charles B. Elliott (American jurist (1861-1935))
P001231	named	Charles MacCarthy	14	1893	1911	Governor | Governor of Ceylon | late Governor | visited Ballangodde	review	Q16826323	Charles Justin MacCarthy	Governor of British Ceylon	1811	1864	politician	Charles Justin MacCarthy	administrator,~administrator	4	Q116887007 Charles MacCarthy (Irish Jacobite politician (died 1704)) ; Q76118407 Charles MacCarthy (Peerage person ID=543671) ; Q21288643 Charles Maccarthy (British artist)
P001232	surname_pool	Confucius	14	1881	1908	philosopher and moralist | historical figure referenced for context | scholar | authority cited in discussion	review	Q4604	Confucius	5th-century BCE Chinese philosopher and politician	-550	-478	teacher|writer|philosopher	Confucius		1	
P001233	named	D. Cruickshank	14	1885	1901	chairman | speaker at the annual meeting of the Calcutta Tea Association | present at meeting on labour question | Member of the Committee	none									0	
P001234	named	D. E. Hamilton	14	1882	1943	Chairman, Planters' Association of Ceylon | former Acting Chairman of the Planters' Association of Ceylon | Former Chairman, Planters' Association of Ceylon | Former member of the Board	none									0	
P001235	named	Dodwell Browne	14	1892	1902	counsel | counsel for defendants | counsel for the defence | counsel for the defendant	review	Q66087676	Dodwell Francis Browne	(1841-1921)	1841	1921		Dodwell Francis Browne		1	
P001236	named	E. C. De Fonseca (Jr.)	14	1936	1940	Member | member | Member of the Board | Member of Sub-Committee	none									0	
P001237	named	E. G. Windle	14	1897	1912	planter | original applicant and planter | seconded resolution | speaker at meeting	none									0	
P001238	named	E. S. Fox	14	1894	1900	Director | Observer, Tangalla | shareholder, director | director	review	Q76175200	E. S. Fox	Peerage person ID=582380				E. S. Fox		1	
P001239	named	Edgar Thurston	14	1890	1901	Madras Central Museum | author | reporter on Economic Products to the Government of India | Superintendent, Govt. Central Museum	review	Q5337491	Edgar Thurston	British indologist (1855-1935)	1855	1935	zoologist|ethnologist|Indologist|botanist	Edgar Thurston		1	
P001240	named	Edward Balfour	14	1881	1897	Surgeon-General | author | Surgeon-General, author of 'The Agricultural Pests of India' | Surgeon General, late Indian Medical Department	auto	Q5341724	Edward Green Balfour	British (Scottish) surgeon, orientalist and pioneering environmentalist in India (1813 – 1889)	1813	1889	surgeon|orientalist|environmentalist	Edward Green Balfour	physician	3	Q127426924 Edward Balfour (1859-) ; Q66659064 Edward Balfour (English cricketer (1833-1856))
P001241	named	F. C. Cooke	14	1930	1943	author | researcher | Assistant Chemist for Copra Investigations, Department of Agriculture, S.S. & F. | Acting Chemist for Copra Research	none									0	
P001242	named	G. C. Bliss	14	1895	1913	Member | factory owner | member of Ceylon Planters' party | Chairman	none									0	
P001243	named	G. D. Hope	14	1910	1931	author | Indian Tea Association | Scientific Officer of the I.T.A. | Author	none									0	
P001244	named	G. W. Suhren	14	1890	1903	Director | Shareholder | subscriber, Colombo | Director, filled place of W. Kingsbury	none									0	
P001245	surname_pool	Goork	14	1899	1900	Observer, Caledonia | observer, Caledonia | Observer, Ciledonia	none									0	
P001246	named	H. C. Smith	14	1883	1897	Chairman | inventor | inventor of the machine | patentee of the fibre machine, of Mauritius	review	Q15996433	Harry Clay Smith	African American newspaper editor and politician (1863-1941)	1863	1941	composer|politician|editor	Harry Clay Smith		2	Q106612883 Harvey C. Smith (politician in Massachusetts, US)
P001247	named	H. Caine	14	1886	1891	tobacco expert | Tobacco Expert | Assistant Manager, Poosa Tobacco Farms, Tirhoot | author of the report	none									0	
P001248	named	H. Gribble	14	1885	1901	author of paper on preparation of Japan tea | author of paper on tea preparation in Japan | author of botanical description | author of the paper	none									0	
P001249	named	H. Martin Leake	14	1900	1933	author | going in for plant pathology | economic botanist to the Government of the United Provinces | geneticist working on cotton in India	none									0	
P001250	named	H. S. Ashton	14	1894	1903	Chairman | Member of the General Committee | Chairman of the Association | Chairman of the Indian Tea Association	none									0	
P001251	named	H. Warth	14	1883	1898	author of note | Scientist conducting experiments | conducted experiments in 1877 | Professor of Geology and Chemistry	none									0	
P001252	named	Henry A. Perera	14	1898	1922	Committee member | Mudaliyar | Atapattu Mudaliyar, Western Province | Unofficial Member, Western Province	none									0	
P001253	named	Herbert Stone	14	1899	1909	expert referee of the Imperial Institute | Expert Referee of the Institute | author of paper on identification of wood | authority on Timbers	review	Q16066801	Herbert Stone	English footballer (1873-?)	1873		association football player	Herbert Stone		2	Q21609898 Herbert Stone (botanist)
P001254	named	Howard Vincent	14	1888	1911	contributor to Daily Graphic | author | author of remarks on the China tea trade | Chancellor of the Exchequer	review	Q5921151	Howard Vincent	British politician (1849-1908)	1849	1908	jurist|politician|police officer|barrister	Howard Vincent		1	
P001255	named	J. F. Anderson	14	1894	1906	secretary | Secretary | agent and secretary | subscriber, merchant	none									0	
P001256	named	J. F. Baker	14	1882	1898	represented by proxy | Shareholder | Ceylon | donor of seeds or plants	none									0	
P001257	named	J. G. J. A. Maas	14	1921	1933	author | researcher | lecturer on Modern Rubber Cultivation | Agriculturist of the Experimental Station	none									0	
P001258	named	J. J. Heider	14	1938	1945	Member | member | Representative on the Board | Puttalam and Chilaw Districts Agricultural Committee	none									0	
P001259	named	J. L. Parsons	14	1882	1940	Government Resident in the Northern Territory | Minister of Education | Minister of Education, South Australia | Government Resident	auto	Q6243979	John Langdon Parsons	South Australian politician (1837–1903)	1837	1903	politician|merchant|Anglican priest	John Langdon Parsons	politician	2	Q111675735 J. L. Parsons ()
P001260	named	J. Lambourne	14	1925	1942	author | researcher | conducted experiments with A. Sharples | author of cited study	none									0	
P001261	named	J. S. T. de Silva	14	1924	1944	Secretary | Secretary, Paddy Advisory Board | attended the Show | author	none									0	
P001262	named	J. Tyagaraja	14	1930	1939	Member of the Board of Management | Chairman, Low-Country Products Association | proposed member | Chairman of the Low-Country Products' Association	review	Q96279288	J. Tyagaraja	Ceylon Tamil barrister, politician	1895		barrister	J. Tyagaraja		1	
P001263	named	J. Van Leenhoff	14	1899	1936	tobacco expert | author | Government Tobacco Expert | Chief of Tobacco Division of the Transvaal; late Government Tobacco Expert of Po	none									0	
P001264	named	J. W. Grant	14	1881	1940	author | author of Agricultural Survey No. 17 | Deputy Director of Agriculture, Burma | Author	none									0	
P001265	named	James Petley	14	1882	1899	of Tongoo | coffee planter, Upper Burma | retired officer, coffee planter, Upper Burma | in charge of the cultivation	none									0	
P001266	surname_pool	Jayewardane	14	1899	1901	Observer, Topare | observer, Topare | Observer	none									0	
P001267	named	John Ruskin	14	1882	1936	author | author of the quoted lecture | interested in primitive crimping method | teacher of the dignity of labour	review	Q179126	John Ruskin	English writer and art critic (1819–1900)	1819	1900	art critic|art historian|literary critic|philosopher|aesthetician	John Ruskin	writer	2	Q96089352 John Ruskin ((1734-1780))
P001268	named	John Walker	14	1885	1902	visitor to Ceylon | of Homebush, former proprietor | founder of Bon Accord Iron Works | designer, founder of Messrs. John Walker & Co.	review	Q108162248	John Walker	British Royal Navy officer, lieutenant in 1827			naval officer	John Walker		2	Q108162247 John Walker (British Royal Navy officer, lieutenant i)
P001269	named	Joseph De Verteuil	14	1912	1930	author | Superintendent of Field Experiments | author of the article | Agricultural Chemist of the Department of Agriculture	none									0	
P001270	named	K. D. S. S. Nanayakkara	14	1926	1945	Assistant in Economic Botany | supervision of the field work | supervision of experiments | assisted in supervising field work	none									0	
P001271	named	Lepel Griffin	14	1889	1899	Chairman of the Ruby Mines Company | chairman of the Burma Ruby Mine Company | visitor and inspector of the Burma Ruby Mines Company property | member of syndicate	review	Q6527341	Lepel Griffin	British administrator and diplomat (1838–1908)	1838	1908	writer|diplomat	Lepel Griffin		1	
P001272	named	M. Arnaud	14	1882	1898	researcher | chemist | author | isolated cinchonamine	review	Q75964815	M. Arnaud	Peerage person ID=434757				M. Arnaud		1	
P001273	named	M. C. Potter	14	1889	1922	of Cambridge | botanist, Cambridge | lecturer on Botany at Cambridge | author of paper	auto	Q21523151	Michael Cressé Potter	botanist (1858-1948)	1858	1948	botanist	Michael Cressé Potter	botanist	1	
P001274	named	M. Fremy	14	1883	1891	chemist | French chemist, member of the Institute of France | French inventor | read a memoir on researches to artificially produce ruby	none									0	
P001275	named	M. Muntz	14	1882	1898	researcher | scientist | discoverer of fermentation microbe | expert on horse feeding	none									0	
P001276	named	Norman Evans	14	1890	1901	author of letter recommending laboratory investigation | expert on fibre experiments | Consulting Chemist to the Paper Makers' Corporation of Great Britain and Ireland | observer at Poyle Mills	review	Q108511810	Norman Evans	Lance Serjeant in Lincolnshire Regiment, British Army		1916		Norman Evans		3	Q105553392 Norman Evans (English speedway rider who raced at Kilb) ; Q17016693 Norman Evans (British architect)
P001277	named	Oswald C. Magniac	14	1881	1906	Director | M.P. | retires from the Board | signatory, Hays Wharf, Southwark	none									0	
P001278	named	P. Arens	14	1913	1930	author | researcher | author of pamphlet, Experiment Station, Malang | Rubber Experiment Station, Malang	review	Q50636671	Paul Arens	researcher			researcher	Paul Arens	scientist	1	
P001279	named	P. D. G. Clark	14	1892	1922	correspondent, expedition to Peru | assistant at the Royal Botanic Gardens, Peradeniya | member of the Gardening staff of the Royal Botanic Gardens, Ceylon | Nominated Member, Sabaragamuwa Province	none									0	
P001280	named	P. G. Schrader	14	1900	1910	author | author of article | correspondent | Life Member	none									0	
P001281	named	P. R. May	14	1933	1943	Visiting Agent | Board member | Manager, Dalkeith Group | Member	none									0	
P001282	named	R. McLachlan	14	1883	1898	entomologist | F.R.S. | author of report on insect | F.R.S., F.L.S.	none									0	
P001283	named	R. O. Williams	14	1903	1939	author | Curator Royal Botanic Gardens and St. Clair Experiment Station, Trinidad | Curator, Royal Botanic Gardens | Curator, Botanic Gardens, Trinidad; Superintendent of Agriculture, Grenada	review	Q75854244	R. O. Williams	Peerage person ID=357320				R. O. Williams		1	
P001284	named	R. W. Smith	14	1902	1913	Director of Irrigation | author | of the Ceylon P. W. D. | Member of the Board	none									0	
P001285	named	S. R. Breckenridge	14	1909	1911	Agricultural Instructor | Agricultural Instructor at Batticaloa | Conductor in connection with the tobacco experiment | Instructor	none									0	
P001286	named	S. S. Viramuttu	14	1892	1901	Observer, Haldummulla | Observer, Haldumulla | Observer, Haldummulu | student	none									0	
P001287	named	S. Sivapalan	14	1940	1945	Member | Trincomalee District Agricultural Committee | member | Member (absent)	review	Q7387899	S. Sivapalan	Sri Lankan politician	1890	1960	politician	S. Sivapalan		1	
P001288	named	Samuel Grenier	14	1890	1895	prize donor | Attorney-General | visitor | Knight, supporter of agricultural education	review	Q16859074	Samuel Grenier	Barrister, Attorney General of Ceylon (1840–1892)	1840	1892	barrister	Samuel Grenier		1	
P001289	surname_pool	Sanmukam	14	1899	1900	Observer, Mullaitivu | Observer, Mullaittiyu | Observer, Mullaittivu | observer, Mullaitivu	none									0	
P001290	named	Spencer Brett	14	1906	1910	tea brokers, London | author | London manufacturer | Rubber Judge	none									0	
P001291	named	Spencer Pickering	14	1906	1931	author | of the Woburn Experimental Fruit Farm | researcher | writer	review	Q11208130	Percival Spencer Umfreville Pickering	British chemist (1858-1920)	1858	1920	chemist	Percival Spencer Umfreville Pickering		1	
P001292	named	T. C. A. de Soysa	14	1939	1942	member | Member | member, Low-Country Products Association	none									0	
P001293	named	Theodore Roosevelt	14	1896	1915	President | President of the United States | president of the United States | subject of cartoon	auto	Q449894	Theodore Roosevelt Jr.	US Army Medal of Honor recipient (1886–1944)	1887	1944	writer|politician|businessperson|governor|army officer	Theodore Roosevelt Jr.	administrator,~administrator	2	Q3564517 Theodore Roosevelt Sr. (American businessman, father of U.S. Pre)
P001294	named	V. M. Muttukumar	14	1908	1924	member | donor of Silver Medal | Maniagar | Maniagar, Northern Province	none									0	
P001295	named	W. A. Fernando	14	1881	1913	exhibitor, Ceylon | plumbage, Colombo | plumbago dealer | Browning Street, Colombo	none									0	
P001296	named	W. Crowther	14	1893	1897	Curator, Botanic Station, Gold Coast Colony | Curator | reporter, Botanical Station, Aburi | author of report	none									0	
P001297	named	W. G. B. Dickson	14	1888	1921	Absent member | member | Visitor | Lt.-Col., member	review	Q18164607	W. G. B. Dickson	ceylon Defence Force acting Commander			military officer	W. G. B. Dickson	military	1	
P001298	named	W. J. Hooker	14	1882	1910	botanist | author | received sample | named the plant Isonandra gutta	auto	Q472639	William Jackson Hooker	English botanist and botanical illustrator (1785-1865)	1785	1865	writer|illustrator|director|university teacher|botanist	William Jackson Hooker	botanist	1	
P001299	named	W. M. Maskell	14	1887	1910	entomologist | registrar of the University of New Zealand | author | Entomologist identifying Coccids	auto	Q3568828	William Miles Maskell	British born New Zealand farmer, politician and entomologist (1839–1898)	1839	1898	farmer|politician|archivist|botanist|entomologist	William Miles Maskell	entomologist	1	
P001300	named	W. McRae	14	1910	1935	author | Offg. Imperial Mycologist | expert mycologist | mycologist	none									0	
P001301	named	W. R. Thompson	14	1881	1942	author | provider of Calcium cyanamide | Superintendent of the Laboratory | author of paper on biological control	review	Q76221582	W. R. Thompson	Peerage person ID=615475				W. R. Thompson		2	Q138580644 W. R. Thompson (researcher)
P001302	named	Whitelaw Ainslie	14	1882	1896	author | English physician | author of Indian Materia Medica | historical source	review	Q7996129	Whitelaw Ainslie	Surgeon, writer (1767-1837)	1767	1837	physician|surgeon|botanist	Whitelaw Ainslie	writer	1	
P001303	named	William Aitchison	14	1882	1900	planter, Dooloo estate | of Cachar | author of paper on the Flora of the Kuram Valley | of Dalu, Cachar	review	Q53094582	William (Bill) Aitchison				author|performing artist|scenographer	William (Bill) Aitchison	writer	3	Q75348246 William Aitchison (Peerage person ID=79389) ; Q94664880 William Aitchison (1794-1875)
P001304	named	William Wicherley	14	1910	1915	author | London Ceara rubber expert | correspondent, Lewisham | author of notes on Para Rubber Seed	none									0	
P001305	named	A. B. Lake	13	1892	1910	Member of Committee | Member | manager | proprietor	none									0	
P001306	named	A. E. de Silva	13	1898	1934	Member of the Board | Member | purchaser | Member of Board of Management	review	Q4647736	A. E. de Silva	Sri Lanka businessman				A. E. de Silva		1	
P001307	named	A. P. Aitken	13	1882	1908	Chemist to the Highland and Agricultural Society | Chemist to the Highland and Agricultural Society of Scotland | chemist for the Highland Society | author of paper	none									0	
P001308	named	A. P. Green	13	1887	1903	entomological referee | travelling companion of Dr. Trimen | expert providing identification | Director	review	Q76263650	A. P. Green	(1777-1858)	1777	1858		A. P. Green		1	
P001309	named	A. T. Reeve	13	1915	1925	Plant Pest Inspector | Visitor | mycologist | officer of the Department of Agriculture	none									0	
P001310	named	A. W. K. de Jong	13	1909	1931	author | researcher | investigator | author of bulletin on Hevea tapping	none									0	
P001311	named	Alexander Ashmore	13	1903	1914	Lt.-Governor and Colonial Secretary | Lieut.-Governor | late member | late Lieut.-Governor of the Colony	none									0	
P001312	named	Andrew Clarke	13	1881	1902	Governor of the Straits Settlements | land grantor | Sir | physician	review	Q4756615	Andrew Clarke	British Army officer, Governor of the Straits Settlements 1873–1875, and surveyor and politician in Australia (1824–1902)	1824	1902	engineer	Andrew Clarke	administrator,military,~administrator	7	Q504099 Andrew Clarke (Governor of Western Australia 1846–1847) ; Q4756614 Andrew Clarke (British politician (1868-1940)) ; Q125211755 Andrew Clarke (Canadian architect) ; Q60722021 Andrew Clarke (researcher ORCID ID = 0000-0002-9575-313) ; Q47502372 Andrew C. Clarke (researcher) ; Q89542127 Andrew Clarke (researcher (ORCID 0000-0003-1324-8032))
P001313	named	B. A. Baptist	13	1941	1945	Entomologist | Acting Entomologist | The Entomologist | Entomologist of the Department of Agriculture	none									0	
P001314	surname_pool	Beyerinck	13	1885	1927	scientist | misspelling of Beyerinck | naturalist | naturalist in Holland	none									0	
P001315	named	C. Barrington Brown	13	1883	1909	author of the report | collector of minerals | author of report on the region | author of report on gem mining	none									0	
P001316	named	C. Curtis	13	1888	1912	Assistant Superintendent in the Forest Department | Assistant Superintendent of Forests | Assistant Superintendent of Forests, Penang | planter	auto	Q5076604	Charles Curtis	British botanist (1853–1928)	1853	1928	botanical collector|horticulturist|botanist|scientific collector	Charles Curtis	botanist,~forester,~horticulturist	5	Q127253764 C. Curtis (American football player (1904), Syracus) ; Q58109156 Chris Curtis (researcher, ORCID id # 0000-0002-6597-21) ; Q64014304 C. Curtis () ; Q75968936 C. Curtis (Peerage person ID=437745)
P001317	named	C. K. Sathasivam	13	1910	1913	Agricultural Instructor, Eastern Province | Agricultural Instructor | Instructor | Instructor stationed at Batticaloa	none									0	
P001318	named	C. M. Gwatkin	13	1890	1897	shareholder | Director | Shareholder	none									0	
P001319	named	C. P. de Silva	13	1913	1922	member | Member of the Estate Products Committee | replaced member | member of the Committee	none									0	
P001320	named	Charles Mitchell	13	1888	1909	Governor | Governor of the Straits Settlements | Governor of the Colony | H. E., decision maker	auto	Q5080991	Charles Mitchell	British Royal Marines officer and colonial administrator	1836	1899	politician	Charles Mitchell	administrator,~administrator	7	Q121315185 Charles Mitchell () ; Q42154355 Charles E. Mitchell (researcher) ; Q100240135 Charles E. Mitchell (artist) ; Q5080992 Charles Mitchell (Scottish engineer and shipbuilder) ; Q18730075 Charles Mitchell (English advertising agent and publisher ) ; Q75256081 Charles Hamilton Mitchell ((died 1964))
P001321	named	Claude Crozier	13	1918	1922	member | beekeeper, Demetagoda | local beekeeper | close student of the life and habits of the Ceylon honey bee	none									0	
P001322	surname_pool	Cosmopolite	13	1886	1912	author | correspondent | author, former Australian and New Zealand pioneer, ex-Colombo merchant, ex-Ranga | author of 'Netherton' in the 'wilds of Buchan'	none									0	
P001323	named	D. Oliver	13	1887	1903	botanist | botanist, described the plant | described the species | conducted microscopical examination	auto	Q1161960	Daniel Oliver	English botanist (1830–1916)	1830	1916	librarian|university teacher|botanist|pteridologist|scientific collector	Daniel Oliver	botanist	1	
P001324	surname_pool	Delmar	13	1882	1941	planter | agent of tobacco plantation | sugar planter | owner of experimental estate	none									0	
P001325	surname_pool	Duke Buckingham	13	1881	1912	Governor of Madras | landowner | supervised thinning | host of B.	none									0	
P001326	named	E. B. Skinner	13	1894	1915	member | representative of Batu Caves estate | Committee Member | Committee, S. P. A.	none									0	
P001327	named	E. G. Harding	13	1882	1896	host | Manager of the Lanka Company | promoter of Gem Syndicate | will probably have the Colombo agency	none									0	
P001328	named	E. R. Waldock	13	1895	1904	Director | shareholder | shareholder, auditor | Shareholder, Director	none									0	
P001329	named	E. Webb	13	1892	1903	member of Executive Committee | Chairman | member | Member present	review	Q105090056	E. Webb	American artist, active 19th century			artist	E. Webb		1	
P001330	named	E. de Alwis	13	1922	1941	Assistant in Entomology | author | Laboratory Assistant | researcher	none									0	
P001331	named	F. Duplock	13	1890	1897	agent | Tea trader | member | Agent on the spot	none									0	
P001332	named	F. G. Maguire	13	1889	1901	joint-inventor | chief visiting engineer for the Colombo branch | chief visiting engineer of the Colombo branch | personal director of the London branch	none									0	
P001333	named	F. H. M. Corbet	13	1889	1903	attendee | for Director | of London | Ceylon Commissioner	none									0	
P001334	named	F. H. Wiggins	13	1892	1904	Director | director | Present at meeting | factory owner	none									0	
P001335	named	F. Lugard	13	1892	1910	author | sent specimens home for examination | Governor | speaker	none									0	
P001336	named	Frank Swettenham	13	1898	1917	Governor of the Straits | author | Resident-General | Resident-General of the Malaya States	auto	Q4209641	Frank Swettenham	British colonial official (1850-1946)	1850	1946	photographer	Frank Swettenham	administrator	1	
P001337	named	Franz Junghuhn	13	1883	1901	cinchona pioneer | eminent Dutch botanist | naturalist and scientific investigator | charged with the management of the Government Cinchona Culture in Java	review	Q215842	Franz Wilhelm Junghuhn	Prussian-Dutch botanist (1809–1864)	1809	1864	naturalist|photographer|physician|geographer|geologist	Franz Wilhelm Junghuhn	naturalist,~naturalist	1	
P001338	named	G. L. Yonge	13	1882	1896	Secretary | Honorary Secretary | Honorary Secretary, Wynaad Planting and Mining Association | author of paper	none									0	
P001339	named	G. M. Henry	13	1917	1937	author | Colombo Museum | Examiner | Assistant Entomologist, Dept. of Agric.	none									0	
P001340	named	G. T. Nicholas	13	1893	1913	official met by Dr. Willis | author of the letter | supplier of coconuts | supplier of coconut seed	none									0	
P001341	named	George Murray	13	1883	1900	took part in discussion | Keeper of Botany at the British Museum (Nat: Hist:) | Keeper of Botany, British Museum (Natural History) | Keeper of Botany, at the British Museum (natural history)	auto	Q2003863	George Robert Milne Murray	British botanist (1858-1911)	1858	1911	naturalist|botanist|explorer|marine biologist	George Robert Milne Murray	botanist,naturalist,~botanist,~naturalist	7	Q333471 George Murray (British Army general, politician and col) ; Q108748917 George Murray (farmer and explorer in 1840s New Zealand) ; Q110180473 George Murray (Australian printer 1832-1898) ; Q125474405 George Murray (South African Rhodes Scholar) ; Q131752369 George Murray (mayor) ; Q5542716 George Murray (Bishop of Rochester and Dean of Worceste)
P001342	surname_pool	Grisebach	13	1882	1895	botanist | author of Flora British West Indian Islands | botanist authority | author	auto	Q76351	August Grisebach	German botanist and phytogeographer (1814-1879)	1814	1879	naturalist|botanist|botanical collector|ecologist|scientific collector	August Grisebach	botanist,~botanist	1	
P001343	named	H. Cumberbatch	13	1896	1902	Director | chairman | Member of the Thirty Committee | former Director	none									0	
P001344	named	H. D. Lewis	13	1887	1902	author | sub-inspector of schools | Assistant Master of the Agricultural School, Colombo | sub-inspector of schools, Kandy, and late head-master	none									0	
P001345	named	H. E. Annett	13	1909	1939	author | Agricultural Chemist | Professor of Comparative Pathology, University of Liverpool | Member, Department of Agriculture, India	none									0	
P001346	named	H. S. Saunders	13	1883	1902	donor of seeds or plants | resident | Source of plants | exhibitor of garden perennials	none									0	
P001347	named	H. Scoble Nicholson	13	1930	1933	Board member | Member of the Board | appointed to act | Agency representative	none									0	
P001348	surname_pool	Heber	13	1881	1894	author of hymn | author of quoted sentiment | author quoted | author of word-picture of Ceylon	none									0	
P001349	named	Henry Hopkinson	13	1888	1900	Chairman, late Chief Commissioner of Assam | compiler | resigned office | late chairman of the Indian Tea Association	review	Q75615591	Henry Hopkinson	(1820-1899)	1820	1899		Henry Hopkinson		1	
P001350	named	Humphry Davy	13	1887	1935	scientist | philosopher | quoted on crimping fish | brother of Sir Humphry Davy	none									0	
P001351	named	J. B. Orr	13	1924	1945	author | Director of the Rowett Research Institute, Aberdeen | Director of the Rowett Research Institute | addressed the British Association on nutrition	review	Q315143	John Boyd Orr	Scottish nutritionist, Director-General of the United Nations Food and Agriculture Organization (1880-1971)	1880	1971	physician|politician|university teacher|director general|biologist	John Boyd Orr		1	
P001352	named	J. G. Macfarlane	13	1884	1897	exhibitor | Member | collector of specimens | prize winner	none									0	
P001353	named	J. L. Anstruther	13	1887	1903	Director | correspondent | shareholder | Member	none									0	
P001354	named	J. L. Stewart	13	1882	1944	botanist | speaker on leaf disease | Assam planter | member of committee	none									0	
P001355	named	J. Lamb	13	1881	1945	Tea Technologist | Biochemist | exhibitor, Penang | Candidate for Tea Technologist	review	Q105090378	J. Lamb	British artist, active 1892			artist	J. Lamb		1	
P001356	named	J. Lewkowitsch	13	1900	1941	author of standard work | speaker | chair | chairman	none									0	
P001357	named	J. M. MacMartin	13	1892	1904	director | Director | individual | director, Ardross Estate, Ceylon (vendor)	none									0	
P001358	named	J. Mahon	13	1897	1915	author | reporter to the Foreign Office | author of report | author of official report	review	Q121391674	John Mahon	Irish gardener, forester, curator at the Entebbe Botanic Garden and botanical collector in Malawi and Uganda (1870 - 1906)	1870	1906	gardener|curator|forester|botanical collector	John Mahon		1	
P001359	named	J. P. Anderson	13	1886	1909	Director, Estate Inspector | Visiting Agent | author | subscriber, Dolosbage	review	Q16611514	John Parker Anderson	British civil servant	1841	1925	civil servant	John Parker Anderson		1	
P001360	named	J. R. Foster	13	1894	1896	exhibitor of teas, coffee, cardamoms | Artistic decoration of Ceylon Court | recipient of tea grant | tea promoter	review	Q110219279	J. R. Foster	American photographer			photographer	J. R. Foster		1	
P001361	named	J. Reynolds Green	13	1885	1902	author | Professor, D.Sc., F.R.S. | Professor | took part in discussion	review	Q15633424	Joseph Reynolds Green	British botanist (1848-1914)	1848	1914	chemist|physiologist|botanist	Joseph Reynolds Green	scientist	1	
P001362	named	J. S. Valentine	13	1881	1896	Honorary Secretary | member | seconder of resolution | Hon Secy. T. P. A.	review	Q46134799	John Sutherland Valentine	British civil engineer	1813	1898	civil engineer	John Sutherland Valentine		1	
P001363	named	J. Stanley M. Ross	13	1884	1902	manager of the properties | Manager | Manager in Ceylon | General Manager	none									0	
P001364	named	J. T. White	13	1882	1897	Director | of Messrs. Murray, Robertson & Co. | director | Member of the Legislative Council	review	Q6144102	James Terry White	American publisher and poet (1845–1920)	1845	1920	poet|publisher	James Terry White		1	
P001365	named	J. W. Vanderstraaten	13	1892	1903	Director | shareholder | purchaser | Committee of Management member	none									0	
P001366	named	J. West Ridgeway	13	1896	1913	Governor | Governor of Ceylon | Retired Governor of Ceylon | Governor of the Colony	auto	Q527319	West Ridgeway	British civil servant and colonial administrator (1844-1930)	1844	1930	politician|diplomat|civil servant	Sir Joseph West Ridgeway	administrator,~administrator	1	
P001367	named	James Forbes (Jr.)	13	1931	1940	Member | member | Member of the Board | member of the Estate Products Committee	none									0	
P001368	named	James Wright	13	1882	1928	of Kandaloja | visitor | predecessor of John Martin | Veteran planter, Dimbula district	review	Q122236432	James Wright	New Zealand sculptor			sculptor	James Wright		4	Q112920858 James Wright (academic) ; Q100963242 James Wright (college basketball player (1977–1977) Ar) ; Q126847802 James Wright (candidate in the 2024 United Kingdom gen)
P001369	named	John B. Lawes	13	1882	1920	patent holder for dissolving mineral phosphates | author | author on 'The Action of Manures' | scientist at Rothamsted	none									0	
P001370	named	John Bull	13	1881	1913	personification of Britain | personification of England | personification of the British public | personification of the English consumer	review	Q105842349	John Bull	est. 1739 - est. 1796				John Bull		1	
P001371	named	John Chinaman	13	1881	1910	coffee planter | gold seeker | reference to Chinese consumers | personification of Chinese laborer	none									0	
P001372	named	John Drummond	13	1881	1901	correspondent | sender of cacao pod | writer | subscriber, Dolosbage	review	Q21535357	John Drummond	(?-?) public servant			civil servant	John Drummond		4	Q75274994 John Drummond ((1791-1864)) ; Q75274988 John Drummond (banker (1766-1833)) ; Q43916154 John Drummond (person associated with the witch trials )
P001373	named	John Wilson	13	1887	1918	Director | present at conference | planter | signatory of memorandum	review	Q18917551	John Wilson	British agriculturist (1812-1888)	1812	1888	agronomist	John Wilson	agriculturist,~planter	20	Q16850621 John Wilson (Governor of Ceylon (1780-1856)) ; Q6218648 John Alexander Wilson (New Zealand farmer, soldier, public serv) ; Q86736590 John Wilson () ; Q18810465 John Waterloo Wilson (Dutch-Belgian art collector (1815-1883);) ; Q108162135 John Wilson (British Royal Navy officer, captain in 1) ; Q6264292 John William Wilson (British politician (1858-1932)) ; Q108162137 John Wilson (British 
P001374	named	L. E. Campbell	13	1883	1922	Member | Mr. | committee member | author	none									0	
P001375	surname_pool	Lord Derby	13	1881	1896	political figure | first Secretary of State for India | recipient of memorial | president, donor	none									0	
P001376	surname_pool	Lourenz	13	1899	1901	Observer, Udukiriwila | Observer, Udukirilla | Observer, Uaukiriwila | Observer, Udukiwila	none									0	
P001377	named	M. M. Ebrahim	13	1938	1944	Member | Member of the Board | member | absent member	review	Q47386337	M. M. Ebrahim	Skri Lankan Member of Parliament (1896–1957)	1896	1957	politician	M. M. Ebrahim		1	
P001378	named	Marianne North	13	1882	1908	artist | artist, studying vegetation in Chili | owner of Gallery of Botanical Paintings | writer	review	Q271648	Marianne North	English philanthropist, painter, biologist and botanical artist (1830-1890)	1830	1890	writer|painter|biologist|botanical collector|botanical illustrator	Marianne North		2	Q75339370 Marianne Eva North ((died 1916))
P001379	named	Monyram Dewan	13	1881	1899	official | seller of old tea patch | official commenting on financial results | chief minister	none									0	
P001380	named	Oscar Loew	13	1908	1926	Physiologist | author | researcher | author of essay on Fermentation of Cacao and of Coffee	none									0	
P001381	named	P. A. Dyke	13	1882	1911	Government Agent of the Northern Province | civilian and administrator | late, demonstrated vine growing | Government Agent of the Northern Provinces	none									0	
P001382	named	R. B. Arthur	13	1881	1903	planter, Kirkoswald | correspondent | of Dikoya, suggested the work | tea planter, Aberdeen	none									0	
P001383	named	R. C. Bowie	13	1882	1906	Director | director | subscriber, director | author	none									0	
P001384	named	R. Hedger Wallace	13	1892	1912	author of the paper | lecturer | contributor | author of Malay Archipelago	review	Q7350809	Robert Wallace	British politician and judge (1850-1939)	1850	1939	politician|barrister	Sir Robert Wallace		2	Q15994811 Robert Wallace (Scottish minister and economist (1697-17)
P001385	named	R. M. Fernando	13	1917	1931	present | author | speaker on Poultry keeping | son of author, conducting cross-breeding experiment	none									0	
P001386	named	R. Neville Rolfe	13	1920	1937	Member | member | speaker | Member of the Board	none									0	
P001387	named	R. S. Templer	13	1900	1906	Director | of Messrs. Cumberbatch & Co. | former Director	none									0	
P001388	named	R. T. Chelliah	13	1944	1945	member | Member | moved the resolution | Speaker supporting the motion	none									0	
P001389	named	R. W. Forbes	13	1886	1904	Director | director | shareholder | Present at meeting	review	Q64760102	R. W. Forbes	researcher			researcher	R. W. Forbes		1	
P001390	named	R. W. Giles	13	1882	1887	author of 'Notes on the Pharmacy of Cinchona' | author | author of the paper | pharmacist	none									0	
P001391	named	S. Samarakkody	13	1936	1944	Board member | Board Member, State Council representative | Sub-Committee member | Board Member	review	Q62537638	Siripala Samarakkody	ceylonese lawyer and politician	1907	1944	barrister	Siripala Samarakkody		2	Q110776405 Stephen Samarakkody (Sri Lankan politician (1919–1969))
P001392	surname_pool	Stenhouse	13	1883	1898	analyst | analyst of coffee leaves | examined the seeds of the plant | chemist	none									0	
P001393	named	Sulpiz Kurz	13	1887	1910	author | Curator of the Calcutta Herbarium | collector of wood specimens | private contributor	auto	Q2587569	Wilhelm Sulpiz Kurz	German botanist (1834-1878)	1834	1878	botanist|botanical collector	Sulpiz Kurz	botanist	1	
P001394	surname_pool	Swaddy	13	1881	1884	correspondent | author of the letter | author | author of paper on bees and leaf-disease	none									0	
P001395	named	T. B. Ellepola	13	1921	1944	Member | Ratemahatmaya, Matale North | member | Ratemahatmaya	none									0	
P001396	named	T. Fairhurst	13	1885	1903	land applicant | proprietor of Ferham and St. Andrews estates | Ceylon tea proprietor, owner of Ferham and St. Andrew's estates | Speaker on Oolongs	none									0	
P001397	named	T. J. Ferguson	13	1883	1910	Calicut | of Messrs. Hinde and Co. | conductor of experiments | experimentor	review	Q64604920	T. J. Ferguson				researcher	T. J. Ferguson		1	
P001398	named	T. Stretch	13	1891	1901	member of Ceylon Association | Member | signatory, Billiter-square-buildings, E.C. | member of the Tea and Produce Committee	none									0	
P001399	surname_pool	Van Imhoff	13	1883	1924	Governor | Dutch Governor of Colombo | formerly Governor of Ceylon, later Governor-General at Batavia | Governor-General	review	Q55852854	Leopold Freiherr von Imhoff	governor of Liechtenstein from 1914 to 1918	1869	1922	politician|civil servant	Leopold Freiherr von Imhoff	administrator,~administrator	10	Q1978328 Gustaaf Willem van Imhoff (politician (1767-1830)) ; Q2474826 Gustaaf Willem Hendrik van Imhoff (Dutch politician (1801–1890)) ; Q4895571 Berthold Imhoff (German-Canadian painter (1868-1939)) ; Q76744 Gustaaf Willem van Imhoff (Dutch aristocrats) ; Q20729963 Wilhelm Joseph Imhoff (German artist and sculptor (1791-1858)) ; Q96475571 Gustaf van Imhoff (Dutch male curler) ; Q3266230 Ludwig I
P001400	named	W. E. Maxwell	13	1883	1925	signed Official Note on behalf of Straits Government | reader of paper on The Malay Peninsula | Resident at Selangor | lecturer	review	Q15854649	William Edward Maxwell	British High Commissioner in Malaya, Governor of the Straits Settlements and Governor of the Gold Coast	1846	1897	colonial administrator	William Edward Maxwell		1	
P001401	named	W. E. Mitchell	13	1890	1903	shareholder | member present | Director | Member present	none									0	
P001402	named	W. H. Cowley	13	1888	1904	author of letter | Ceylon planter, German East Africa | planter in German East Africa | ex-Ceylon planter	none									0	
P001403	named	W. McK.	13	1881	1901	correspondent | author | critic | V.A. (Visiting Agent), advocate for tea in Maskeliya	none									0	
P001404	named	W. Prowett Ferdinands	13	1881	1900	correspondent | author of the letter | author of letter | author	none									0	
P001405	named	W. R. Hindson	13	1887	1899	owner of Clifton, Cobham, and Nonoti estates | tea-growing in this country | original owner, managing director | tea planter, Nonoti	none									0	
P001406	named	W. R. Thomson	13	1882	1941	scientist | Agricultural Officer, Agricultural Service Bureau for Calcium Cyanamide, Ceylon | supplied sample manures | author	none									0	
P001407	named	Walter Agar	13	1883	1898	Director | correspondent | source of specimens | witness	none									0	
P001408	named	Walter Towgood	13	1899	1917	author | manager, Geekianakanda | advocate of preventive destruction of nesting places	none									0	
P001409	named	William Austin	13	1894	1902	Director | director | signatory, Sunnyside, South Norwood | prize winner	review	Q8004709	William Austin	American author	1778	1841	writer|lawyer|politician	William Austin		5	Q108283501 William Austin (British Royal Navy officer, lieutenant i) ; Q109529223 William Austin (paleoclimatologist) ; Q131350059 William Austin ((1802-1857), alleged son of Caroline of ) ; Q121436028 William Austin (professor at the School of Geography & S)
P001410	named	William Cotton Rohde	13	1884	1894	Managing Director | Director | shareholder | managing director	none									0	
P001411	named	William Griffith	13	1882	1900	officiating Superintendent | private contributor | author | botanist and traveller	auto	Q11705310	William Griffith	British doctor and naturalist in South Asia (1810-1845)	1810	1845	scientific collector|naturalist|physician|botanist|botanical collector	William Griffith	botanist,~botanist	10	Q8010219 William Griffith (United States federal judge) ; Q113810335 William Griffith (legal scholar (1830-1898)) ; Q132774985 William Griffith (Archaeological worker employed by Alexan) ; Q118903180 William Griffith (chancellor of the dioceses of Bangor and) ; Q20734621 William Griffith (Independent minister and hymn-writer (18) ; Q75795921 William Griffith (of Penrhyn) ; Q54945774 William Griffi
P001412	named	William Reid	13	1886	1903	old Demarara planter | associated with Spring Valley | Scotchman, married Princess Munda | Baronet, planter in Demerara, coffee enterprise in Ceylon	review	Q3568904	William Reid	British Army general (1791–1858)	1791	1858	military personnel|meteorologist	William Reid		4	Q116215119 William Reid (Minister of the Church of Scotland) ; Q116215120 William Reid (Minister of the Church of Scotland (Aber) ; Q76138326 William Reid ((1800-1848))
P001413	named	A. B. Talgodapitiya	12	1919	1927	member | Member | member of Kandy Food Production Committee | member of committee	none									0	
P001414	named	A. Brown	12	1892	1903	author of sketch of knife used at Gubat | defendant | friend of the author | former owner of Angamone	review	Q101122373	Adrian Jon Brown	planetary scientist			researcher	Adrian Jon Brown		2	Q76207902 A. Brown (Peerage person ID=604634)
P001415	named	A. Crabbe	12	1893	1903	Secretary | Secy. | subscriber to Association | merchant	none									0	
P001416	named	A. Despeissis	12	1885	1925	author | author, late Consulting Viticulturist, Department of Agriculture, N. S. Wales | author of article on Planting | author, Western Australia	none									0	
P001417	named	A. G. L. Dupuis	12	1884	1904	Director | late of Nayabedde | committee member | Consul	none									0	
P001418	named	A. M. Gepp	12	1887	1896	author of the paper | lecturer | author of paper on tea cultivation | tea tasting instructor	none									0	
P001419	named	A. M. Hurst	12	1887	1921	bidder at sale | proprietor | member of Committee | purchaser	none									0	
P001420	named	A. P. Goonatillake	12	1908	1928	author | author, beekeeper | pioneer in apiculture | author of paper on Bee Culture	none									0	
P001421	named	A. R. Ekanayake	12	1937	1943	member | Board Member | Board member | member of the Board	none									0	
P001422	named	A. R. Sanderson	12	1922	1931	researcher | author | lecturer | author of the article	review	Q21607695	Arthur Rufus Sanderson	British botanist and entomologist (1877-1932)	1877	1932	botanist|entomologist	Arthur Rufus Sanderson		1	
P001423	named	A. Smythies	12	1882	1902	Assistant Conservator, in charge of the Jaunsa Division | author | Forest Service | Assistant Conservator of Forests, Central Provinces	none									0	
P001424	named	A. T. Broadhurst	12	1886	1902	Manager | former owner of Patirajah | political figure | Visiting Agent	none									0	
P001425	named	A. W. Kannangara	12	1926	1941	Assistant to the Agricultural Officer, Propaganda | attendee | visitor | Assistant to Agricultural Officer, Propaganda	none									0	
P001426	named	A. W. Ruxton	12	1928	1931	absent member | member | Member | member of the committee	none									0	
P001427	named	Alfred Chatterton	12	1884	1919	author | Director of Industries, Madras | author of the address | of the Madras Department of Industries	review	Q102242712	Alfred Chatterton	British engineer and industry pioneer in India (1866-1958)	1866	1958	official	Alfred Chatterton		1	
P001428	named	Alfred Horatio Bell Sharpe	12	1886	1908	inventor | Engineer, 32, Foss Bank, Lincoln | Engineer | Engineer, Lincoln	none									0	
P001429	named	B. A. Keen	12	1915	1942	author | researcher at Rothamsted | Assistant Director, Rothamsted Experimental Station | scholar	none									0	
P001430	named	B. Bunting	12	1915	1942	author | Agriculturist, Department of Agriculture, S.S. & F.M.S. | Agriculturist | Agriculturist to the Department of Agriculture, S.S. & F.M.S.	none									0	
P001431	named	B. T. Galloway	12	1891	1937	author | Chief of Bureau | author of circular on mildew treatment | United States Department of Agriculture	none									0	
P001432	named	C. A. Loos	12	1900	1942	author | Assistant in Mycology, Tea Research Institute of Ceylon | Mycologist and Assistant in Mycology, Tea Research Institute | photographer	review	Q55065155	Kurt Loos	ornithologist	1859	1933	ornithologist|entomologist	Curt Loos	~mycologist	1	
P001433	named	C. M. W. Davies	12	1939	1945	member | Visitor | vice the Chairman, Planters' Association of Ceylon | Acting Member	none									0	
P001434	named	Claud Bald	12	1896	1931	author | author of book on Indian Tea | author of 'Indian Tea: its Culture and Manufacture' | Manager, Tukvar Co., Ltd., Darjeeling	none									0	
P001435	surname_pool	Duke Bedford	12	1884	1914	author | Collector | solicitor for the conversion of Kew gardens | patron	none									0	
P001436	named	E. C. A. Sharrer	12	1894	1901	proprietor | coffee planter | largest owner of estates | leading trader	none									0	
P001437	named	E. D. Harrison	12	1896	1942	Director | valuer | Estate Inspector | late holder of estate	none									0	
P001438	named	E. H. Skrine	12	1882	1901	author of letter | correspondent | member of the Committee | defendant, Osborne estate, Dikoya	none									0	
P001439	named	E. Jeffries	12	1890	1902	Director | committee member | member of Committee | leased and worked the estate in cocoa, coconuts, pepper, and arecanuts	none									0	
P001440	named	E. L. Cleaver	12	1882	1885	chemist | conducting experiments | manufacturer of febrifuges at Calicut | sender of samples	none									0	
P001441	named	F. A. Roberts	12	1882	1904	Secretary | committee member | member | member of the general committee	none									0	
P001442	named	F. A. Swettenham	12	1887	1910	Resident-General | recipient of letter | British Resident | Administrator of Perak	auto	Q4209641	Frank Swettenham	British colonial official (1850-1946)	1850	1946	photographer	Frank Swettenham	administrator	1	
P001443	named	F. Booth-Tucker	12	1899	1914	Commissioner | author | Commissioner of the Salvation Army | Salvation Army official	review	Q5497396	Frederick Booth-Tucker	British Salvation Army officer	1853	1929	writer|missionary	Frederick Booth-Tucker	writer	1	
P001444	named	F. M. Laurie	12	1894	1906	Director | Shareholder | director | shareholder	none									0	
P001445	named	Forbes Royle	12	1884	1903	botanist | author of book | author of a book quoted | experimented with rhea fibre strength	review	Q713874	John Forbes Royle	British botanist (1799-1858)	1799	1858	physician|botanical collector|botanist	J. Forbes Royle	botanist	1	
P001446	named	G. A. Marinitsch	12	1888	1904	Agent of the Austro-Hungarian Lloyd's | applicant | importer of tea shooks | Correspondent	none									0	
P001447	named	G. F. Abayakoon	12	1920	1927	Hony. Secretary | Kachcheri Mudaliyar | Agricultural Instructor | Hon. Secretary	none									0	
P001448	named	G. F. Deane	12	1890	1910	Manager | witness, Dmbetenne | Manager of Loole Condura | Manager of Loolecondra estate	none									0	
P001449	named	G. F. Plant	12	1906	1917	Assistant Government Agent, Kalutara | Assistant Government Agent | Assistant Government Agent of Kalutara | successor to Mr. Conroy	none									0	
P001450	named	G. H. Gollidge	12	1904	1924	member | committee member | planter | Member	none									0	
P001451	named	G. W. Drummond	12	1893	1897	reporter, Kearsney | of Kearney | tea grower, Kearsney | tea planter, Kearsney	none									0	
P001452	named	George Vanderspar	12	1891	1906	shareholder | Director | Italian Consul | contract party	review	Q17421984	George Vanderspar	English cricketer (1858-1940)	1858	1940	cricketer	George Vanderspar		1	
P001453	named	H. A. Beachcroft	12	1898	1918	member of the Committee of Agricultural Experiments | Visitor | Present at meeting | member of the Committee	none									0	
P001454	named	H. C. Henricksen	12	1906	1930	author | author, Havana | Specialist in Farm Management | author quoted for yield data	none									0	
P001455	named	H. C. Pinching	12	1919	1928	author of Sections I and II | Mycologist, Rubber Growers' Association | lecturer | Senior Scientific Officer of the Rubber Growers Association	none									0	
P001456	named	H. G. Smith	12	1897	1924	Technological Museum, Sydney | chemist, collaborator on manna and eucalyptus oil | Chemist/Analyst | analyst of oil samples	review	Q3130292	Henley Grose-Smith	entomologist (1833-1911)	1833	1911	lepidopterist|botanist|entomologist	Henley Grose-Smith		7	Q76030963 H. G. Smith (Peerage person ID=480675) ; Q106935273 Henry G. Smith (American judge (1807–1878)) ; Q742431 Henry John Stephen Smith (Irish mathematician (1826–1883)) ; Q3786739 Horace Smith (American gunsmith, inventor, and busines) ; Q106711965 Horatio G. Smith (American photographer) ; Q1631715 H. Alexander Smith (American politician (1880-1966))
P001457	named	H. Huttenbach	12	1892	1899	proprietor | proprietor and manager | representative of Selangor estate | Hon. Secretary	none									0	
P001458	named	H. Inglis	12	1888	1914	member | correspondent | Nominated Member, Western Province | Board member	none									0	
P001459	named	H. M. Darby	12	1895	1908	member | Member | elected member | conducted the author over the property	none									0	
P001460	named	H. Mackenzie	12	1886	1890	representative | Melbourne | Ceylon Planter, pushing teas in Australia | recipient of grant	review	Q131451218	Hayden Mackenzie	New Zealand manager; former geologist			researcher	Hayden Mackenzie		1	
P001461	named	H. O. Forbes	12	1883	1899	author | collector | English traveller | author, F. R. G. S.	review	Q1349901	Henry Ogg Forbes	Scottish explorer, ornithologist and botanist (1851-1932)	1851	1932	botanist|ornithologist|botanical collector|ethnologist|explorer	Henry Ogg Forbes		1	
P001462	named	H. R. Briton-Jones	12	1927	1941	Trinidad | author | researcher in West Indies | Professor of Mycology and Bacteriology, Imperial College of Tropical Agriculture	none									0	
P001463	named	H. S. Thomas	12	1884	1922	of the Madras Civil Service, supplied fish | c.s. | sender of shell specimens | author of the "Rod in India"	none									0	
P001464	named	H. St C. Bowle Evans	12	1895	1908	Director | Superintendent | Chairman, Director | purchaser	none									0	
P001465	named	H. W. Boyagoda	12	1906	1922	Ratemahatmaya | Acting Ratemahatmeya | Member | Committee Member	none									0	
P001466	named	H. W. Hornby	12	1886	1904	director | Director | signatory | correspondent	none									0	
P001467	named	Hans Sloane	12	1881	1920	collector of materials | author referencing Chocho | writer | collector of seeds	review	Q5650727	Hans Sloane	British politician; (1739-1827)	1739	1827	politician	Hans Sloane	~administrator	3	Q310326 Hans Sloane (Irish botanist, doctor, and collector (1) ; Q76296602 Hans Sloane (Peerage person ID=670302)
P001468	named	Hugh Blacklaw	12	1884	1900	Vendor | member, Ambegamuwa | Ambagamuwa | director	none									0	
P001469	named	J. A. Campbell	12	1881	1913	selected trees for analysis | member of the planting community | planter | sent samples of bark from Ceylon	review	Q1699162	John Archibald Campbell	American politician and jurist (1811-1889)	1811	1889	judge|lawyer|politician|jurist	John Archibald Campbell		3	Q110017759 John Archibald Campbell (Scottish architect (1859-1909)) ; Q16026971 James Archibald Campbell (American , 1st President of Campbell Uni)
P001470	named	J. A. Martin	12	1893	1898	shareholder | Director | grocer, London | director	review	Q108771649	J. A. Martin			1917		J. A. Martin		2	Q111325264 J. A. Martin ()
P001471	named	J. A. V. Perera	12	1910	1923	beekeeper | bee-keeper, Regent Street, Colombo | working committee member | local beekeeper	none									0	
P001472	named	J. Allanson Picton	12	1888	1896	Member of Parliament | member for Leicester | proposer of motion for free breakfast table | protester against tea duty	auto	Q6128609	James Allanson Picton	British independent minister, author, philosopher and Liberal politician (1832–1910)	1832	1910	writer|politician|Christian minister|philosopher	James Allanson Picton	politician	1	
P001473	named	J. Carson-Parker	12	1928	1933	visitor | member, Estate Products Committee | Chairman, Uva P.A. | Chairman of the Uva District Planters' Association	none									0	
P001474	named	J. E. Senaratna	12	1936	1943	Assistant in Systematic Botany | photographer | Department of Agriculture, Ceylon | author	none									0	
P001475	named	J. G. MacVicar	12	1885	1901	author | Scottish Chaplain at Colombo, agriculturist | Scottish chaplain | first Chaplain of the Scotch Church in Ceylon	none									0	
P001476	named	J. H. Roberts	12	1883	1893	partner in Messrs. S. Rucker & Co. | director | merchant or agent | tea broker, London	review	Q86497089	James H. Roberts	researcher			researcher	James H. Roberts		1	
P001477	named	J. M. Maitland-Kirwan	12	1888	1899	correspondent, 38, Mincing-lane | proprietor | passenger on P. & O. steamer, inspector of properties | correspondent from Moscow	none									0	
P001478	named	J. R. W. Pigott	12	1889	1908	Asst. Administrator, Imperial British East Africa Co. | formerly of Dikoya and Matala | Acting Administrator | ex-Ceylon planter, representative of the Company	none									0	
P001479	named	James F. W. Johnston	12	1884	1898	Agricultural Chemist | author of works on agricultural chemistry | lecturer on agricultural chemistry, Edinburgh | author	none									0	
P001480	named	James Hill	12	1886	1906	Director | signatory | shareholder | Provisional Director	review	Q6136057	James Hill	British footballer			association football player	James Hill		4	Q120612017 James Hill () ; Q112024901 James Hill (Titanic victim) ; Q116496411 James Hill (Australian rugby league footballer)
P001481	named	James Pink	12	1883	1918	of the Botanic Gardens | author | author of paper on hybridisation | author, Brisbane Botanic Gardens	none									0	
P001482	named	John A. Perera	12	1918	1932	Member of the Board | Member | Member, Board of Management | Member, J.P., U.P.M.	none									0	
P001483	named	John Bailey	12	1883	1912	Resident Manager | official in attendance | Civil Service | Assistant Agent for Uva	review	Q100723854	John Bailey	American college basketball player (1971–1971)			basketball player	John Bailey		2	Q118165374 John Bailey (British poet, writer, and artist)
P001484	named	John Keith Jolly	12	1883	1900	pioneer of the colony | First Chairman of the Planters' Association | First Chairman of the Planters' Association of Ceylon; Proprietary Planter | Chairman	none									0	
P001485	named	John Kyle	12	1881	1899	concrete, Colombo | M.I.C.E., Executive Engineer | exhibitor, Breakwater concrete | diver owner	review	Q58619687	John Kyle	researcher ORCID ID = 0000-0001-7409-2751			researcher	John Kyle		2	Q1699705 John Kyle (American politician (1851-1913))
P001486	named	L. J. M. Peiris	12	1937	1941	Board member | Member of the Board | member of the Board | Member of the Board of Management	none									0	
P001487	surname_pool	Lady de Soysa	12	1892	1900	employer of W. E. Fernando | owner of Mausa | proprietor | Proprietor of extensive coconut, cinnamon and other lowcountry estates	none									0	
P001488	surname_pool	Lord Brassey	12	1888	1902	Chairman | shareholder | petitioner for the Charter | chair	none									0	
P001489	named	M. B. Boange	12	1920	1945	Agricultural Instructor | Junior Staff | Wahacotte | Agricultural Instructor, Wahacotte	none									0	
P001490	named	M. Pasteur	12	1882	1895	scientist | vaccination researcher | vaccinator, scientist | discoverer of cattle vaccination	none									0	
P001491	named	Maurice Holtze	12	1882	1907	director of the Port Darwin Botanic Garden | Director of the Gardens | Director of the Palmerston gardens | Director of the garden	review	Q6793541	Maurice William Holtze	German botanist (1840-1923)	1840	1923	botanical collector|botanist	Maurice William Holtze	~horticulturist	1	
P001492	named	N. Cantley	12	1883	1903	Superintendent of the Botanical Gardens, Singapore | Superintendent | Superintendent of the Botanic Garden, Singapore | author of the report on forests	auto	Q21390352	Nathaniel Cantley	botanist (1847-1888)	1847	1888	botanist	Nathaniel Cantley	botanist	1	
P001493	named	N. Marshall	12	1921	1939	Divisional Agricultural Officer, Northern Division | Divisional Agricultural Officer | author | Participant in discussion	none									0	
P001494	named	Otto Kuntze	12	1883	1919	botanist | author | botanical authority | botanist asserting hybrid origin	auto	Q62853	Otto Kuntze	German botanist (1843–1907)	1843	1907	geologist|biologist|botanical collector|botanist|traveler	Otto Kuntze	botanist,~botanist	1	
P001495	named	P. G. Spence	12	1888	1903	Chairman | Director | shareholder | advocate for Ceylon Planters	none									0	
P001496	named	P. Van de Bona	12	1894	1895	recorder | recorder of rainfall | student, Agriculture (Practical) and Mathematics	none									0	
P001497	surname_pool	Palla	12	1881	1902	supplier of silkworm eggs | introducing silkworm rearing | silkworm cultivator | benevolent attempts to establish the silk industry in Ceylon	review	Q5818912	Eduard Palla	Austrian botanist and mycologist (1864–1922)	1864	1922	botanist|mycologist|explorer	Eduard Palla		1	
P001498	surname_pool	Pugh	12	1885	1938	researcher | investigator | agricultural chemist | experimenter on plant nitrogen assimilation	review	Q16734771	Herbert Pugh	Irish landscape-painter (1735–1788)	1735	1788	painter	Herbert Pugh		1	
P001499	named	R. A. Galton	12	1896	1906	Member | member | Member of the Thirty Committee | Managing Director	none									0	
P001500	named	R. A. Senior White	12	1919	1924	Honorary Secretary | Hony. Secretary | Nominated by Food Production Committee, Central Province (Matale) | Hon. Secretary	review	Q7364625	Ronald A. Senior-White	British entomologist	1891	1954	entomologist	Ronald A. Senior-White		1	
P001501	named	R. A. Senior-White	12	1914	1921	Honorary Secretary | visitor | of Suduganga Estate, Matale | member	review	Q7364625	Ronald A. Senior-White	British entomologist	1891	1954	entomologist	Ronald A. Senior-White		1	
P001502	named	R. A. Sharrocks	12	1934	1939	Board member | Acting member | member | Acting Member of the Board	none									0	
P001503	named	R. G. Shaw	12	1888	1899	Member of the Special Committee | member, Assam, Frontier Co. | Attendee | Member of the American and Foreign Tea Committee	review	Q713931	Robert Gould Shaw	Union United States Army officer (1837-1863)	1837	1863	military personnel|colonel	Robert Gould Shaw		1	
P001504	named	R. Pantling	12	1881	1900	of Alnwick | of the Cinchona Plantation, supervisor of native collectors | Deputy-Superintendent of the Cinchona plantation | former second assistant, transferred to Calcutta	review	Q4385599	Robert Pantling	British botanist and scientific illustrator (1856-1910)	1856	1910	botanical collector|botanist|scientific illustrator|scientific collector	Robert Pantling		1	
P001505	named	R. S. Imray	12	1890	1902	Committee member | Chairman | Committee | member	none									0	
P001506	named	R. W. Sindall	12	1906	1915	investigating on behalf of the India Office | British authority on wood pulp | expert who visited Burma to report on paper-making | London Paper expert	none									0	
P001507	named	R. Warrington	12	1882	1900	author | Agricultural Laboratory, Rothamstead | researcher at Rothamstead | author of letter in Nature	none									0	
P001508	named	Robert Craig	12	1882	1910	coffee and sugar planter | sugar planter | advised on Bonemeal | writer opposing scheme	review	Q2156783	Robert Craig	American politician from Virginia	1792	1852	politician	Robert Craig		5	Q116477387 Robert Craig (rugby league footballer) ; Q106650585 Robert Craig (American artist, active 1870) ; Q57022604 Robert A Craig (researcher) ; Q10363165 Robert Craig (Canadian programmer)
P001509	named	Robert Giffen	12	1887	1902	statistic | author of letters to the Times on financial outlook | Chancellor of the Exchequer | proposed tea duty increase	auto	Q961773	Robert Giffen	British statistician (1837-1910)	1837	1910	writer|economist|political economist|statistician	Robert Giffen	economist	1	
P001510	named	Robert Hartig	12	1886	1914	pioneer in the study of forest-tree pathology | author of the book | proponent of the Nutrition Theory | author of timber book	auto	Q76004	Robert Hartig	German forestry scientist and mycologist (1839–1901)	1839	1901	writer|biologist|university teacher|forester|botanist	Robert Hartig	mycologist,~mycologist,writer	2	Q137058836 Robert Hartig (Berlin bookseller)
P001511	named	Robert Trefusis	12	1919	1924	Private Secretary to His Excellency the Governor | Private Secretary | visitor | Hon'ble, Visitor	review	Q7350466	Robert Trefusis	British bishop (1843–1930)	1843	1930	Anglican priest	Robert Trefusis		3	Q75826119 Robert Trefusis (Peerage person ID=349595) ; Q75826121 Robert Trefusis (Peerage person ID=349596)
P001512	named	Roland Trimen	12	1883	1900	Director of the South African Museum | Kew authority, retained cocoa plants | botanist, Kew | Director of the South African Museum, entomologist	auto	Q932702	Roland Trimen	British entomologist (1840-1916)	1840	1916	naturalist|lepidopterist|curator|botanist|entomologist	Roland Trimen	entomologist,~entomologist	1	
P001513	named	Rudyard Kipling	12	1890	1908	author | poet | author of contribution | author quoted	none									0	
P001514	named	S. M. P. Vanderkoen	12	1929	1933	absent member | member, Estate Products Committee | Mudaliyar | member	none									0	
P001515	named	S. W. Foulkes	12	1881	1891	care of Panadure property | Special Agencies for the sale of Ceylon Teas | tea dealer, Melbourne | ex-Ceylon planter	none									0	
P001516	named	Stuart Cranston	12	1882	1896	Glasgow grocer | author of the letter | tea dealer, Glasgow | author of the pamphlet	review	Q18528514	Stuart Cranston	Cranston [married name Cochrane], Catherine [Kate] (1849–1934), tea-room proprietor	1849	1934		Stuart Cranston		1	
P001517	named	T. A. Williams	12	1898	1910	Secretary | Blackwood Coffee Company | Secretary and Officers | Secy.	review	Q6146014	Thomas Albert Williams	American botanist (1865-1900)	1865	1900	botanist|botanical collector|explorer|scientific collector	Thomas Albert Williams		2	Q7795184 Thomas Williams (New Zealand ironfounder, born 1846)
P001518	named	T. B. Campbell	12	1890	1906	Director | Shareholder | purchaser | Secretary	none									0	
P001519	named	T. B. L. Moonemale	12	1914	1928	Hon'ble | Member | recipient of brood lac | present	none									0	
P001520	named	T. E. T. Bond	12	1940	1945	author | Assistant Mycologist | Phloem necrosis research officer | Mycology Division, Tea Research Institute of Ceylon	none									0	
P001521	named	T. J. Lawrence	12	1888	1906	Director | speaker | retiring Director | director	review	Q98835144	Thomas Joseph Lawrence	Scholar of international law	1849	1919	jurist	Thomas Joseph Lawrence		1	
P001522	named	T. J. Wilson	12	1908	1932	member | Secretary of the Nizam Club (Hyderabad), new member | Ratemahatmaya of Walapane | present	none									0	
P001523	named	T. N. Bagnall	12	1897	1904	sportsman, trout culture | fisherman | Committee member, in charge of trout cultural operations | Trout culture officer	none									0	
P001524	surname_pool	Vishnu	12	1884	1915	deity | Hindu god | deity to whom the tree is sacred | deity worshipped with Tulasi	none									0	
P001525	named	W. C. Gibson	12	1884	1921	Colonial Secretary | former Colonial Secretary | Master Attendant | first member of new Civil Service	review	Q16466646	W. C. Gibson	British colonial official				W. C. Gibson	administrator	1	
P001526	named	W. Cross Buchanan	12	1888	1904	Director | Dimbula | Dimbula and Kandy | member, Dimbulla and Kandy	none									0	
P001527	named	W. G. Sandison	12	1883	1895	author | planter, Rakwana, Maskeliya, and Kuruvitte | donor of seeds or plants | planter, Sana estate	none									0	
P001528	named	W. G. Vallipuram	12	1919	1928	Office Assistant, Secretary | Office Assistant to A. G. A. | Secretary | Office Assistant	none									0	
P001529	named	W. M. Crocker	12	1881	1926	of Sarawak | gentleman of long local experience | Assistant Commissioner | author of remarks on sago cultivation	none									0	
P001530	named	W. N. C. Belgrave	12	1918	1935	author | compiler of the bulletin | author of cited study | expert	none									0	
P001531	named	W. N. Tisdall	12	1898	1912	Manager of the estate | V.A. to Blackwater | present at the meeting | member of the Committee	none									0	
P001532	named	W. W. Froggatt	12	1897	1927	author | Entomologist | Government Entomologist | Entomologist to the Department of Agriculture	auto	Q3565925	Walter Wilson Froggatt	Australian economic entomologist (1858–1937)	1858	1937	geologist|entomologist|botanical collector|scientific collector	Walter Wilson Froggatt	entomologist	1	
P001533	named	William Bois	12	1885	1892	Secretary | Secy.	none									0	
P001534	named	William Kynsey	12	1887	1900	official | retired | author of leading article | medical officer, Colombo	none									0	
P001535	named	William Mitchell	12	1882	1908	author of the letter | correspondent | juror in the Portswood tea factory | Manager, K. V. T. Asso. Ltd.	review	Q2580019	William Mitchell	American congressman (1807–1865)	1807	1865	politician|lawyer	William Mitchell		6	Q108162688 William Mitchell (British Royal Navy officer, lieutenant i) ; Q8015689 William Mitchell (politician, born 1851 (1851–1926)) ; Q8015680 William Mitchell (British politician (1838-1914)) ; Q110424805 William Mitchell () ; Q112100552 William Mitchell (archaeologist)
P001536	named	William Walker	12	1881	1897	London | owner of the garden at Strathkinness | tea taster | member of the Calcutta House	review	Q8019908	William Walker	American composer, born 1809	1809	1875	writer|composer|hymnwriter	William Walker		7	Q108162615 William Walker (British Royal Navy officer, lieutenant i) ; Q108162613 William Walker (British Royal Navy officer, commander in) ; Q110944555 William Walker (Lord Mayor of Manchester 1932-1933) ; Q8019906 William Walker (Wyandot leader (1800–1874)) ; Q8019904 William Walker (aviator) ; Q111229551 William Walker (American politician – Minnesota -- ""Bil)
P001537	named	A. Campbell	11	1883	1896	speaker on cinchona shaving | member of Sub-Committee | planter | tester of the machine	auto	Q43555062	Andrew Campbell	British (Scottish) Missionary in Chota Nagpur, a Santali Scholar & Santali author	1845	1919		Andrew Campbell	clergy	7	Q126894690 A. Campbell () ; Q88059154 Angela Campbell (researcher) ; Q4798193 Archibald Campbell (British surgeon and superintendent of Da) ; Q76135987 A. Campbell (Peerage person ID=556132) ; Q107301272 A. Campbell () ; Q88807025 A. Campbell (botanist)
P001538	named	A. Cooke	11	1893	1903	proposer of a scheme for a tea reserve | tea manufacturer, Chota Nagore Tea Company | of Chola Nagpore | author of a scheme for regulating tea sale	review	Q75356301	A. Cooke	Peerage person ID=84662				A. Cooke		1	
P001539	named	A. De Bary	11	1881	1899	botanist | of Strasbourg | researcher | scientist cited regarding disease hibernation	auto	Q58806	Heinrich Anton de Bary	German surgeon, botanist, microbiologist, and mycologist (1831–1888)	1831	1888	surgeon|university teacher|botanical collector|botanist|entomologist	Anton de Bary	botanist,~botanist	1	
P001540	named	A. F. Dowling	11	1885	1902	compiler, of the Kormahal Association, Chittagong | author, manager of Kornafuli Association | estate manager | author of the article	none									0	
P001541	named	A. Forsyth	11	1888	1908	ex-Ceylon man | of Messrs. Delmege, Reid & Co. | coffee planter, Medan, Deli | planter	none									0	
P001542	named	A. M. Forbes	11	1893	1904	purchaser | managing Director of The Panawal Tea Company | shareholder | member of Ceylon Planters' party	none									0	
P001543	named	A. M. Walker	11	1883	1922	acting Conservator of Forests | Assistant Conservator, Southern Province | student at Dehra Dun forest school | senior Assistant Conservator	none									0	
P001544	named	A. N. Birch	11	1884	1895	present at the meeting | C.M.G., Commissioner | Executive Commissioner for Ceylon, Chairman | Member of Sub-Committee	none									0	
P001545	named	A. Tocher	11	1896	1913	of Messrs. Duncan Bros. & Co. | member of General Committee | Sub-Committee member | Vice Chairman	none									0	
P001546	named	A. Wanderer	11	1891	1900	correspondent | author of notes | author of circular notes | author	none									0	
P001547	named	Alexander Johnstone	11	1887	1895	Edinburgh University | Professor, Edinburgh University | late of the Edinburgh University | lent picture	review	Q76329947	Alexander Johnstone	Peerage person ID=693135				Alexander Johnstone		2	Q75344687 Alexander Johnstone (Peerage person ID=76905)
P001548	named	Alfred L. Jones	11	1893	1910	head of Liverpool syndicate | Liverpool shipowner | author | President	none									0	
P001549	named	Asa Gray	11	1883	1920	botanist | author of a paper on weeds | author of note | author	auto	Q347356	Asa Gray	American botanist (1810–1888)	1810	1888	writer|curator|botanical collector|botanist|university teacher	Asa Gray	botanist,writer	1	
P001550	named	Augustus Adderley	11	1886	1901	author | Royal and Executive Commissioner | author of sketch in Official Hand-book | author of paper on the West Indies	none									0	
P001551	named	Bernard Coventry	11	1888	1937	Manager of the Dalsing-Serai indigo concern, appointed Principal | Director of the Agricultural Research Institute, and Principal of the Agricultur | Director of Agricultural Research College, Pusa | expert on tobacco curing	auto	Q75590690	Bernard Coventry	English agricultural research administrator in India (1859-1929)	1859	1929		Bernard Coventry	agriculturist	1	
P001552	surname_pool	Bretschneider	11	1882	1912	author on Chinese varnish | physician to the Russian Legation, Pekin | scholar | quoted D'Entrecalles	review	Q1651802	Johann Michael Bretschneider	German artist (1680-1729)	1680	1729	painter	Johann Michael Bretschneider		1	
P001553	named	C. B. R. King	11	1929	1945	Entomologist | Senior Scientific Staff | Invited guest | visitor	none									0	
P001554	named	C. C. T. Sharp	11	1927	1945	Botanist | temporary Botanist | Author of The History and Description of Clones of Hevea Brasiliensis | Botanist, Rubber Research Scheme	none									0	
P001555	named	C. E. Welldon	11	1883	1929	donor of seeds or plants | Honry. Secretary | Dimbula planter | Ceylon planter	none									0	
P001556	named	C. H. Wood	11	1881	1900	chemist | author | author of letter | late Government Quinologist, Bengal	review	Q108127251	C. H. Wood	Superintendent, Examiner of Head Office Accounts (Fourth Division), Karnál			postal official	C. H. Wood		1	
P001557	named	C. J. Rowe	11	1889	1900	author | Director | author of letter | advocate for abolition of tea duty	none									0	
P001558	named	C. L. Willdenow	11	1883	1908	botanist | botanist associated with P. odoratissimum	none									0	
P001559	named	C. M. Fernando	11	1891	1938	present | Attendee | author of letter on Sigiriya Frescoes | Council member	none									0	
P001560	named	C. O. Naftel	11	1888	1904	Pussellawa planter, Visiting Agent to Messrs. Cumberbatch & Co., late Inspector  | late Inspector of Plantations in Ceylon | author of report | gentleman in Mexico	none									0	
P001561	named	C. Ragunathan	11	1920	1930	Assistant Registrar of Co-operative Societies | lecturer | transferred to Division of Mycology | member of staff, Department of Agriculture	none									0	
P001562	named	C. W. Jones	11	1913	1927	author | Hon. Secretary and Treasurer | took cock to England | Honorary Secretary, Ceylon Poultry Club	review	Q61774754	C. W. Jones	Australian politician	1858	1934	politician|merchant|ironmonger	C. W. Jones		1	
P001563	named	Charles Bruce	11	1882	1906	Governor | Committee member | author of article in New Review | author	auto	Q5075843	Charles Bruce	British diplomat	1836	1920	professor|librarian|diplomat|colonial administrator	Charles Bruce	administrator	8	Q101400777 Charles Bruce ((17 Aug 1826 - certain 6 Oct 1896)) ; Q108284096 Charles Bruce (British Royal Navy officer, lieutenant i) ; Q110175157 Charles Bruce () ; Q6679038 Lord Charles Bruce (British politician (1834-1897)) ; Q70029115 Charles Bruce (researcher) ; Q76327231 Charles Rowland Henry Bruce ((born 1860)) ; Q75780013 Charles Bruce (Peerage person ID=330241)
P001564	named	Charles Byrde	11	1883	1897	of Ambalangoda | accompanying Mr. Bettison | veteran, purchaser of coconut estates | purchaser of the estates	none									0	
P001565	named	Cosmo Newbery	11	1881	1911	analyst | supervisor of analyses | reporter on quartz character | Industrial and Technological Museum Laboratory	none									0	
P001566	surname_pool	Czar	11	1891	1931	Russian ruler | owner of mines | reigning | rules over 120,000,000	none									0	
P001567	named	Douglas R. Smith	11	1882	1899	Secretary | secretary | Scottish Ceylon Tea Company | author of the report	review	Q102399124	Douglas R. Smith	Ph.D. Duke University 1979				Douglas R. Smith		1	
P001568	surname_pool	Duke Argyll	11	1881	1901	Secretary of State | first to see the value of the improvement suggested | contributor | absent from the meeting	none									0	
P001569	named	E. De Wildeman	11	1901	1915	author | botanist | Curator of the Botanical Gardens at Brussels | read a paper on African rubber vines	auto	Q2628388	Émile Auguste Joseph De Wildeman	Belgian botanist (1866–1947)	1866	1947	university teacher|botanist|phycologist|botanical collector	Émile Auguste Joseph De Wildeman	botanist	1	
P001570	named	E. F. Tranchell	11	1883	1906	Director | author of the letter | signatory and director | Chairman	none									0	
P001571	named	E. Heckel	11	1885	1912	author | author of original article | researcher | author of the article	none									0	
P001572	named	E. Ludovici	11	1892	1921	Unofficial Member, Southern Province | author | Nominated Member, Southern Province | Board member	none									0	
P001573	named	E. O. Darley	11	1895	1901	formerly of the Knuckles | old Ceylon planter | author, ex-Ceylon Planter | Knuckles coffee planter	none									0	
P001574	named	E. W. Glanville	11	1899	1900	manager, St. John Del Rey | St. John Del Rey, Bogawantalawa	none									0	
P001575	named	E. Wollny	11	1882	1919	German agriculturist | observer of soil temperature | conducted experiments with artificial fertilisers | author of papers on soil moisture	none									0	
P001576	surname_pool	Earl Kimberley	11	1881	1901	Secretary of State | Her Majesty's Principal Secretary of State for the Colonies | declined memorial on railway extension | Secretary of State for the Colonies	none									0	
P001577	named	Everard Im Thurn	11	1883	1913	Colonial Secretary | on the platform | author | Governor of Fiji	auto	Q717391	Everard F. im Thurn	British colonial administrator, explorer and author (1852-1932)	1852	1932	photographer|naturalist|writer|politician|botanist	Everard im Thurn	administrator,~administrator,writer	1	
P001578	named	F. Gleadow	11	1897	1903	author | correspondent | author of the review | correspondent on Poinciana Elata	none									0	
P001579	named	Francis A. Bringloe	11	1890	1901	Secretary | secretary	none									0	
P001580	named	Frederick Nicholson	11	1908	1924	I.C.S., K.C.M.G., authority on agriculture in the Civil Service of India | eminent Madras civilian | appointed to make a special inquiry into co-operative credit | Lecturer, honorary member of the Industrial Missionary Conference	review	Q76115598	Frederick Nicholson	(born 1864)	1864			Frederick Nicholson		2	Q5496000 Fred Nicholson (Australian rugby union player)
P001581	named	G. C. Rambukpota	11	1936	1942	Member | absent member | member, nominated by Uva District Agricultural Committee | Member of the Board	none									0	
P001582	named	G. D. Jamieson	11	1882	1904	author of letter | shipped large quantities of Ceylon tea to New Zealand | visitor to Ceylon | witness for defence, Mariawatte	none									0	
P001583	named	G. D. Miller	11	1887	1899	correspondent | owner of Rajakaduluwa estate | planter, Rajakadaluwa | pioneer, European planter	none									0	
P001584	named	G. Seeligmann	11	1898	1908	author | author of 'Le Caoutchouc et la Gutta-percha' | author of work on caoutchouc preparation | author of cited work	none									0	
P001585	named	G. V. Wickremasekera	11	1922	1945	Acting Economic Botanist | Assistant Farm School Officer | Visitor | author	none									0	
P001586	named	Gabrielle L. C. Howard	11	1910	1929	author | wife of Albert Howard | Second Imperial Economic Botanist, India | Second Imperial Economic Botanist	none									0	
P001587	named	George Baden-Powell	11	1884	1902	author of paper | author of previous paper | colonial observer | author	review	Q3101405	George Baden-Powell	British politician and author	1847	1898	writer|politician	George Baden-Powell	writer	1	
P001588	named	George V	11	1902	1942	Sovereign of this Empire | planted Cannon-ball Tree in 1901 | patron | King, patron of College	auto	Q269412	George V	King of the United Kingdom from 1910 to 1936	1865	1936	monarch|politician|philatelist|aristocrat	George V	royalty	1	
P001589	named	George Weerakoon	11	1900	1908	Mudaliyar of Wellawoda Pattu, Matara | Mudaliyar, Wellaboda Pattu, Matara | Mudaliyar of Wela-boda Pattu, Matara | Mudaliyar of the Wellabeda Pattu, Matara	none									0	
P001590	named	Gregor Mendel	11	1896	1941	Austrian monk | Austrian Abbot, discoverer of facts regarding heredity | researcher | discoverer of the foundations of genetics	review	Q37970	Gregor Mendel	Moravian scientist and Augustinian friar (1822–1884)	1822	1884	naturalist|Catholic priest|mathematician|beekeeper|biologist	Gregor Mendel	scientist	1	
P001591	named	Grme Sinclair	11	1897	1923	committee member | Member | farmer | absent	none									0	
P001592	named	H. Gordon	11	1889	1906	assistant in starting Passara Branch | buyer | subscriber, Aranayaka | member of Committee	review	Q111049245	H. Gordon	photographer, Aberdeen, active 1860s			photographer	H. Gordon		1	
P001593	named	H. Maxwell-Lefroy	11	1903	1919	Imperial Entomologist | Professor | author | Entomologist to the Government of India	auto	Q5661696	Harold Maxwell-Lefroy	British entomologist (1877–1925)	1877	1925	lepidopterist|entomologist	Harold Maxwell-Lefroy	entomologist	1	
P001594	named	H. S. Rix	11	1896	1900	shareholder | Shareholder represented by Proxy | Shareholder | attending the funeral	none									0	
P001595	named	H. S. Stevens	11	1911	1921	new member | member | Member | foundation member of the Association	review	Q15506342	Henry Stevens	American bibliographer (1819-1886)	1819	1886	writer|bibliographer|antiquarian bookseller	Henry Stevens		9	Q1598959 Heinrich Stevens (German journalist (1881–1940)) ; Q82032610 Harry Stevens (British constructor) ; Q1400308 Hubert Stevens (bobsledder (1890–1950)) ; Q5902153 Horace Stevens (Operatic bass-baritone (1876-1950)) ; Q24004589 Henry Stevens (Australian politician) ; Q112317157 Henry Stevens (American politician (1818–1875)) ; Q104873407 Harold Stevens () ; Q16031060 Hiram F. Stevens (American
P001596	named	H. Sutcliffe	11	1922	1931	researcher | author | researcher on vegetative characters	review	Q24266608	H. Sutcliffe	cricketer			cricketer	H. Sutcliffe		1	
P001597	named	H. White	11	1889	1900	for Colonial Secretary | of Guy's Hospital | Asst. Govt. Agen., Kegalla | Council member	review	Q15487346	Henry Luke White	Australian ornithologist	1860	1927	ornithologist|pastoralist	Henry Luke White		1	
P001598	named	H. Wilkinson	11	1917	1929	visitor | Visitor | absent | Member, Estates Products Committee	none									0	
P001599	named	Henry Gilbert	11	1892	1902	gave permission for soil samples | chemist | author of pamphlets | researcher	review	Q16023431	Henry Gilbert	British writer (1868-1937)	1868	1937	writer|children's writer	Henry Gilbert	writer	5	Q132528618 Henry Gilbert () ; Q946522 Henry F. Gilbert (American composer (1868-1928)) ; Q75556759 Henry Gilbert (Irish peerage person ID=210878) ; Q41968374 Henry Gilbert (Gilbert, Henry; class of 1819)
P001600	surname_pool	Homer	11	1886	1918	ancient poet | author of article on homing pigeons | author quoted | ancient writer who mentioned the olive-tree	review	Q344838	Winslow Homer	American landscape painter (1836–1910)	1836	1910	photographer|illustrator|painter|printmaker	Winslow Homer		1	
P001601	named	Isaac D'Israeli	11	1887	1902	author quoted | Chancellor of the Exchequer | Parliamentary member | author/historian	review	Q983351	Isaac D'Israeli	British writer (1766–1848)	1766	1848	writer|biographer|opinion journalist|literary critic|literary historian	Isaac D'Israeli	writer	1	
P001602	named	J. A. Balfour	11	1915	1917	Vice-President | Director of Irrigation, Ceylon | Vice-President of the Board of Agriculture | Vice-President, Board of Agriculture	none									0	
P001603	named	J. A. M. Bond	11	1913	1941	Member | visitor | member of the Board of Agriculture | representative on the Board of Agriculture	none									0	
P001604	named	J. A. Spence	11	1891	1904	Medamahanuwara | shareholder | Member | exhibitor	none									0	
P001605	named	J. A. Swettenham	11	1881	1911	for Colonial Secretary | For Colonial Secretary | intermediary for seeds | Acting Colonial Secretary	none									0	
P001606	named	J. Bancroft	11	1885	1901	President | late, owner of garden in Ann street | sender of plants | donor	none									0	
P001607	named	J. F. Drieberg	11	1881	1903	exhibitor | cinnamon, bronze, Ekelle Estate | cinnamon grower | practical planter	none									0	
P001608	named	J. Farley Elford	11	1908	1932	Member of Board of Management | Member | member of the Board | Member of the Board	none									0	
P001609	named	J. G. Shrikhande	11	1935	1943	Research Assistant, Department of Agricultural Chemistry | Research Assistant, Agricultural Chemistry | Junior Scientific Staff | Representative of the Junior Staff Association	none									0	
P001610	named	J. H. Eaton	11	1888	1893	P. M. | Speaker | P.M. | agent at Miaco	none									0	
P001611	named	J. Hodgkin	11	1882	1889	chemist | author | analyst | author, F.I.C., F.C.S.	review	Q75429430	J. Hodgkin	(died 1878)		1878		J. Hodgkin		1	
P001612	named	J. J. Nock	11	1912	1939	Curator, Botanic Gardens, Hakgala | Curator, Hakgala | Curator | Curator at Hakgala	none									0	
P001613	named	J. M. Costello	11	1881	1899	coffee grower, Alexandra | planter | pioneer of coffee in Queensland | coffee planter	none									0	
P001614	named	J. N. Milsum	11	1917	1942	author | Assistant Agriculturist, Department of Agriculture, F.M.S. & S.S. | Assistant Agriculturist, author | Superintendent of Government Plantations, Kuala Lumpur	none									0	
P001615	named	J. Nisbet	11	1894	1908	author | correspondent | author of paper in Indian Forester | some time Conservator of Forests in Burma	none									0	
P001616	named	J. P. Obeyesekere	11	1909	1944	exhibitor | attendee, working committee member | member | Mudaliyar of the Korale	none									0	
P001617	named	J. R. Johnston	11	1908	1925	author | expert on coconut trees | expert on fungoid disease | late of the United States Department of Agriculture	review	Q61483550	John R. Johnston	American panoramic painter, photographer, and photographic colorist (1826-1895)	1826	1895	photographer|painter	John R. Johnston		4	Q25183189 James Johnston (politician) ; Q6284430 Joseph Johnston (Irish judge) ; Q21069996 James Johnston (British missionary, photographer, doctor)
P001618	named	J. Sheridan Paterson	11	1896	1922	Unofficial Member, North-Western Province | member | North-Western Province | Unofficial Member	none									0	
P001619	named	J. W. Munro	11	1885	1940	opened coffee estate | director of the Entomological Department | author of report on insect infestation | author of paper on pests of stored products	none									0	
P001620	named	J. Whitehead	11	1902	1908	Visitor | giving exhibition of cotton ginning and dyeing | demonstration in cotton ginning and dyeing | visitor	review	Q127500666	John M. Whitehead	Scottish photographer, ca. 1864-1949			photographer	John M. Whitehead		4	Q88832546 John Whitehead (British cotton operative, botanist and c) ; Q125740872 Jay Whitehead (environmental economist in New Zealand) ; Q137395302 J. Whitehead (Canadian political candidate)
P001621	named	James Henry Attfield	11	1882	1903	oil and colour man, Harlesden | analyst of nut composition | commentator | signatory of the official award	none									0	
P001622	named	James Labouchere	11	1889	1899	chairman of the Tambracherry Estates Company, Limited | president | Chairman | represented by proxy	none									0	
P001623	named	James Polson	11	1897	1904	Director | Director, Estate Inspector | Shareholder represented by Proxy | director	review	Q75680696	James Polson	(1803-1884)	1803	1884		James Polson		2	Q85895811 James M Polson (researcher)
P001624	named	James Robertson	11	1881	1901	P. W. D. | Company's manager in Fiji | author of letter | author of the letter	review	Q1348650	James Robertson	English photographer and gem and coin engraver (1813-1888)	1813	1888	photographer|journalist|engraver|war photographer	James Robertson		5	Q1766003 James Robertson, Baron Robertson (British politician (1845–1909)) ; Q108162573 James Robertson (British Royal Navy officer, lieutenant i) ; Q112762017 James Robertson (Scottish armalade manufacturer, founder ) ; Q18529909 James Robertson-Walker (Scottish naval officer (1783-1858))
P001625	named	James Rodway	11	1889	1937	author | author, F.L.S. | editor | scientific writer	review	Q16785340	James Rodway	botanist (1848-1926)	1848	1926	historian|botanist	James Rodway	writer	1	
P001626	named	Jesse P. Battershall	11	1889	1894	analyst | author of 'Food Adulteration', New York | author of work on Food Adulteration | United States chemist	auto	Q94375632	Jesse P. Battershall	American chemist (1851-1891)	1851	1891	scientist|chemist	Jesse P. Battershall	chemist	1	
P001627	named	John Bennett Lawes	11	1886	1912	agriculturist | founder of the Rothamsted experimental station | Promoter of manure industry | agricultural experimenter	none									0	
P001628	named	John Gavin	11	1888	1902	old Ceylon planter | Tropical Agriculturist Portrait Gallery, No. VIII | Planter and Merchant, head of Keir, Dundas & Co. | planter, Kandy	review	Q102229373	John Gavin	Ph.D. University of Bath 1995				John Gavin		4	Q117441941 John Gavin (Irish association football player) ; Q6234993 John Gavin ((1875–1938) Australian film director) ; Q75856957 John Gavin (Peerage person ID=359238)
P001629	named	John M. Maisch	11	1882	1896	author | assayer | researcher cited for previous assay results | supplied enumeration of Myrtaceæ	none									0	
P001630	named	John McCarthy	11	1882	1888	Government Analyst | Secretary | Assistant Commissioner for Trinidad | assistant to sugar report, of Trinidad	review	Q113800107	John McCarthy	human geographer			human geographer	John McCarthy		5	Q1700621 John McCarthy (American politician (1857-1943)) ; Q129084725 John McCarthy (American missionary to China and explore) ; Q100881466 John Mccarthy (college basketball player (1991–1991) De) ; Q62035710 John W McCarthy (augmentative and alternative communicati)
P001631	named	John Roger	11	1892	1903	tea planter, Ceylon | tea planter in Ceylon | gentleman with experience of tea planting in Ceylon | patentee	review	Q112538799	John Roger					John Roger		2	Q120594570 John Roger ()
P001632	named	John Stephens	11	1882	1902	resident of the Diggings, near Gampola | of Gampola | planter, Dolosbage | resident in Dolosbage	review	Q56635	John Lloyd Stephens	American explorer, writer, and diplomat (1805–1852)	1805	1852	writer|lawyer|historian|diplomat|traveler	John Lloyd Stephens		8	Q108285482 John Stephens (British Royal Navy officer, lieutenant i) ; Q18913337 John William Watson Stephens (British parasitologist, tropical physici) ; Q112133093 John Stephens () ; Q112577837 John Stephens () ; Q124474747 John Stephens (Canadian Anglican bishop) ; Q6262564 John Walter Stephens (American politician) ; Q111144745 John James Stephens (palaeontologist)
P001633	named	Joseph Sortain	11	1890	1897	preacher, Brighton | late, of Batticaloa | estate owner | author of letter on coconuts	review	Q6287103	Joseph Sortain	English nonconformist minister and novelist	1809	1860	writer	Joseph Sortain		2	Q76062377 Joseph Sortain ((died 1860))
P001634	named	K. Kanagasabai	11	1930	1945	author | author of paper | Member (absent) | Batticaloa District Agricultural Committee	none									0	
P001635	named	L. B. Bogahalande	11	1908	1917	R.M. | R.M., North-Western Province | Unofficial Member, North-Western Province | Nominated Member, North-Western Province	none									0	
P001636	named	L. Bayly	11	1920	1923	member | Member of the Estate Products Committee | Lt.-Col., sent letter | absent member	none									0	
P001637	named	L. F. Lee	11	1894	1900	Principal Collector of Customs | Principal Collector | member of Commission | member of the Commission	none									0	
P001638	surname_pool	Lady Blake	11	1891	1911	wife of Sir Henry Blake | author, Jamaica | present at opening | Governor's wife, personated Queen Isabella	review	Q75655727	Elizabeth Blake, Lady Wallscourt	British novelist	1806	1877	artist|novelist	Elizabeth Blake, Lady Wallscourt	writer	2	Q16155835 Edith Bernal Blake (Irish painter, botanical collector and a)
P001639	surname_pool	Lord Ripon	11	1881	1908	Secretary of State | Viceroy of India | Viceroy | Interested in Land Taxation and Agriculture	auto	Q333111	George Robinson, 1st Marquess of Ripon	British politician (1827–1909)	1827	1909	politician|diplomat	Lord Ripon	administrator,~administrator	1	
P001640	surname_pool	Lord Torrington	11	1889	1900	Governor | Governor of Ceylon | recipient of Gygax's report | Resident at the Pavilion	review	Q7792728	Thomas Newport, 1st Baron Torrington	British politician and Baron	1654	1719	politician	Thomas Newport Torrington	~administrator	1	
P001641	named	M. G. Perera	11	1892	1928	from the Forest Department | Clerk and Foreman of Hakgala Garden | Clerk & Foreman | clerk and foreman	none									0	
P001642	named	M. M. Subramaniam	11	1906	1933	author | member of sub-Committee | Hon. Member, Visitor | M.L.C.	review	Q28147573	M. M. Subramaniam	ceylon Tamil lawyer and politician	1870	1945	politician	M. M. Subramaniam		1	
P001643	named	M. MacDonnell	11	1890	1901	Observer, Jaffna | old resident | official | Observer	none									0	
P001644	named	M. Rogivne	11	1890	1902	correspondent | Director-general of Rogivne & Co., Ltd. | Ceylon Commissioner for Russia | representative of the Ceylon planters	none									0	
P001645	named	M. Ville	11	1882	1902	agricultural scientist | French chemist | author | agricultural chemist	none									0	
P001646	named	M. Winogradsky	11	1892	1901	researcher | researcher on nitrifying organisms | prepared microscopic slides of the 'nitrous' organism | researcher on soil bacteria	none									0	
P001647	named	N. A. S. Jayasuriya	11	1908	1917	garden owner | experimenter | managing the Experimental Garden | Garden supervisor	none									0	
P001648	named	P. C. Dedigama	11	1921	1926	Ratemahatmaya | Committee Member | Ratemahatmaya, Beligal Korale | judge, Beligal Korale	none									0	
P001649	named	P. M. Gaywala	11	1938	1941	author | Demonstrator in Cultivation, School of Agriculture, Peradeniya | Demonstrator in Cultivation, Farm School, Peradeniya | Visitor	none									0	
P001650	named	P. van Romburgh	11	1893	1908	author | leader of trial plantation at Tjipetir | botanist | author cited	auto	Q1463162	Pieter van Romburgh	Dutch chemist and botanist (1855-1945)	1855	1945	chemist|university teacher|civil servant|botanist	Pieter van Romburgh	chemist	1	
P001651	surname_pool	Queen	11	1891	1898	previous recipient of similar gift | visiting Grasse | recipient of grapes | recipient of Rock Lily specimen	none									0	
P001652	named	R. C. Grant	11	1884	1908	Manager in Ceylon | manager | Manager | shareholder	none									0	
P001653	named	R. C. Haldane	11	1881	1899	author | writer of the Essay on 'Coffee Grub' | author of pamphlet | author of letter	review	Q334078	Richard Haldane, 1st Viscount Haldane	British politician (1856-1928)	1856	1928	judge|politician|lawyer|jurist|minister	Richard Haldane		2	Q7345160 Robert Haldane (Scottish churchman)
P001654	named	R. C. L. Notley	11	1943	1945	Member | member | Representative of the Planters Association of Ceylon | retiring member	none									0	
P001655	named	R. H. Goldie	11	1895	1899	Committee | Officer, took chair pro tem | Committee member | Chairman	none									0	
P001656	named	R. H. J. Frank	11	1884	1894	botanist | scientist | first overseer, first class | investigator of truffle culture	none									0	
P001657	named	R. Jackson	11	1897	1908	purchaser | prize winner, cucumber | recipient for Sita Eliya | committee member	review	Q63225148	Robert R. Jackson	1870-1942 , Chicago politician, African-American baseball manager	1870	1942	politician|baseball manager	Robert R. Jackson		5	Q2149883 Richard Jackson (U.S. Representative from Rhode Island) ; Q20016920 R. M. Jackson (association football player) ; Q125447674 Reginald Jackson (American politician in Mississippi) ; Q96402527 Ronald Jackson (bishop)
P001658	named	R. R. Tatlock	11	1882	1898	analyst | City Analyst for Glasgow | City Analyst of Glasgow and Chemist to the Glasgow Agricultural Society | Glasgow City Analyst, and Chemist to the Agricultural Society of that city	none									0	
P001659	named	R. Sri Pathmanathan	11	1934	1935	member of the Board | Chairman, Low-Country Products Association | speaker supporting motion | Member of the Board	review	Q96254174	R. Sri Pathmanathan			1943	barrister	R. Sri Pathmanathan		1	
P001660	named	Rama Nathan	11	1882	1885	speaker | speaker at the meeting | present at meeting | Hon. member who opened the discussion	none									0	
P001661	named	Ray Lankester	11	1881	1906	prepared report | author of the paper | Professor, laboratory at Plymouth | recommends a mission	review	Q704696	Ray Lankester	British zoologist (1847-1929)	1847	1929	writer|zoologist|university teacher|biologist|journalist	Ray Lankester	writer	1	
P001662	named	Robert Thompson	11	1881	1939	author | author of illustrations | formerly of the Botanical Department Jamaica | formerly at the head of the Government Gardens and Plantations in Jamaica	review	Q93393	Robert A. Thompson	U.S. Representative from Virginia (1805–1876)	1805	1876	lawyer|politician	Robert A. Thompson		7	Q109501845 Robert Thompson (19th century publisher) ; Q7347603 Robert Means Thompson (American naval officer and businessman () ; Q115722725 Robert Thompson (British association football player) ; Q106574385 Robert Thompson (American politician (born 1830)) ; Q132757642 Robert Thompson () ; Q123706749 Robert Thompson (rugby league footballer)
P001663	named	S. Leefmans	11	1924	1938	author | researcher | author of short article | researcher on Helopeltis	review	Q55064589	Salomon Leefmans		1884	1954	university teacher|entomologist	Salomon Leefmans		1	
P001664	named	S. P. Blackmore	11	1897	1926	present by proxy | Member of deputation | Signatory | first subscriber	none									0	
P001665	named	Sidney Morgan	11	1914	1930	author | Senior scientific officer | author of article in India Rubber Journal | author of book	review	Q1306984	Sidney Morgan	film director, screenwriter, film producer, actor (1874-1946)	1874	1946	screenwriter|actor|film director|film actor|film producer	Sidney Morgan	writer	2	Q21546675 Sidney Morgan ()
P001666	surname_pool	Siebold	11	1882	1929	botanist resident in Japan | introduced tea seeds to Java | introduced tea seeds and other plants | suggested a process for removing astringent principles	review	Q77140	Philipp Franz von Siebold	German biologist and traveller (1796-1866)	1796	1866	naturalist|physician|diplomat|ethnologist|botanist	Philipp Franz von Siebold		1	
P001667	surname_pool	Siva	11	1888	1915	deity | Hindu god | deity worshipped with Bilpati | god	review	Q7668719	T. Siva	Film producer and distributor			actor|film producer	T. Siva		2	Q127417739 Anniyur Siva (Indian politician)
P001668	surname_pool	Sultan Zanzibar	11	1882	1901	ruler of Zanzibar | ruler | ceded territory to the Company | levies duty of 30 per cent ad valorem	none									0	
P001669	named	T. W. Hall	11	1890	1898	Director | shareholder | Agent and Secretary | purchaser	none									0	
P001670	surname_pool	Tennyson	11	1883	1901	poet	review	Q173869	Alfred Tennyson	British Poet Laureate (1809–1892)	1809	1892	writer|poet|politician	Alfred Tennyson	writer	1	
P001671	named	Thomas Berwick	11	1882	1888	C.C.S. | present at meeting | member | speaker	auto	Q106291635	Thomas Berwick	Scottish judge and advocate	1826	1915	judge|advocate	Thomas Berwick	lawyer	3	Q7787607 Thomas Berwick (Ex convict teacher (1825–1891)) ; Q52440226 Thomas Berwick (of Berwick by Attingham, and Shrewsbury,)
P001672	named	V. Canagaratnam	11	1922	1933	visitor | Visitor | Dipl. Agric. (Poona.), Department of Agriculture, (Ceylon) | Agricultural Officer, Batticaloa	none									0	
P001673	named	W. A. Gibbs	11	1882	1897	inventor of hot-air machine | author of letter | correspondent, Waltham Abbey | patentee	none									0	
P001674	named	W. A. Goodacre	11	1919	1925	Senior Apiary Inspector | Senior Apiary Instructor	review	Q28946056	William Goodacre	British cricketer (1873-1948)	1873	1948	cricketer	William Goodacre		1	
P001675	named	W. B. Jackson	11	1883	1909	estate manager | speaker on cinchona shaving | Sub-Committee member | of Agrapatana	review	Q106513740	William B. Jackson	politician in Massachusetts, US (born 1866)	1866		politician	William B. Jackson		1	
P001676	named	W. Botting Hemsley	11	1884	1908	Indian Assistant in the Kew Herbarium | botanist | catalogue preparer | Kew Herbarium	none									0	
P001677	named	W. F. H. Blandford	11	1883	1899	entomologist | author | identified Xyleborus fornicatus | leading Entomological authority	none									0	
P001678	named	W. H. Gregory	11	1881	1897	Governor of Ceylon | author of letter | former Governor of Ceylon | Ex-Governor	none									0	
P001679	named	W. H. Ravenscroft	11	1881	1900	Auditor-General | Commissioner | Auditor-General of Ceylon | chairman	review	Q16466639	W. H. Ravenscroft	18th Auditor General and Accountant General and Controller of Revenue of Ceylon	1843	1890	Auditor General of Sri Lanka	W. H. Ravenscroft		1	
P001680	named	W. Harris	11	1889	1919	author | Superintendent of Public Gardens | Superintendent of Public Gardens and Plantations | author of account in Bulletin for 1901	review	Q2543810	Walter Burton Harris	British journalist (1866-1933)	1866	1933	writer|author|journalist|traveler	Walter Burton Harris	writer	9	Q76124729 W. Harris (Peerage person ID=548123) ; Q59671263 William S Harris (American professor and nutrition researc) ; Q8010913 William Harris (English landowner, member of the Parliam) ; Q97657040 W. Hunt Harris (lawyer and politician from Florida, USA) ; Q2579456 William J. Harris (American politician (1868-1932)) ; Q8010920 William Harris (American politician (1757-1812)) ; Q18672693 Walter H
P001681	named	W. L. Watson	11	1888	1895	subscriber | director | Director | Ceylon	none									0	
P001682	named	W. M. Hall	11	1888	1915	Manager | member | manager of the Galaha Factory | P.W.D.	none									0	
P001683	named	W. N. Fernando	11	1928	1945	Assistant in Economic Botany | calculated experimental errors | assistance in the statistical examination of results | Department of Agriculture, Ceylon	none									0	
P001684	named	W. S. Burnett	11	1928	1933	member of the Estate Products Committee | absent member | author of paper on Green Manure | author, Wanaraja Estate	review	Q7994099	Whit Burnett	American writer, teacher and editor of Story Magazine (1900-1972)	1899	1973	writer|teacher|editor|publisher|journalist	Whit Burnett	writer	1	
P001685	named	W. S. D. Tudhope	11	1908	1913	Director of Agriculture | member present | present | Director of Agriculture, Gold Coast	none									0	
P001686	named	W. S. T. Saunders	11	1881	1906	Managing Director in Ceylon | director | Provisional Director | Director	none									0	
P001687	named	W. T. Carter	11	1881	1935	member of the Committee | member of the Indian Tea Fund Committee | Esq., Calcutta | communicator of the note	none									0	
P001688	named	W. W. A. Phillips	11	1930	1940	Secretary of the Game Protection Society | member, nominated by Matale District Agricultural Committee | Author | Member of Experimental and Estate Sub-Committee	review	Q47067972	William Watt Addison Phillips	British tea planter and amateur zoologist	1892	1981	naturalist|zoologist|planter class	William Watt Addison Phillips		1	
P001689	named	William Hunter	11	1888	1919	author of paper on industrial era in India | lecturer | botanist | Director of the Dooars Tea Co.	review	Q2579380	William Hunter	American politician and diplomat (1774-1849)	1774	1849	politician|lawyer|diplomat	William Hunter		6	Q108512656 William Hunter (Warrant Engineer in Royal Navy, British ) ; Q110667751 William Hunter (Scottish merchant based in Edinburgh and) ; Q131130392 William Hunter (researcher (ORCID 0009-0000-9973-4132)) ; Q125257948 William Hunter (1797-1845) ; Q724677 William Wilson Hunter (Scottish historian and statistician (184)
P001690	named	William Jones	11	1882	1906	scholar | orientalist | Oriental scholar | writer	review	Q8013725	William Jones	British politician; (1859-1915)	1859	1915	teacher|politician	William Jones		5	Q18531423 William Jones (Welsh army officer) ; Q8013740 William Jones (English maker of optical and other scien) ; Q2804408 William Jones (recipient of the Victoria Cross (1839–19) ; Q108162140 William Jones (British Royal Navy officer, captain in 1)
P001691	named	William King	11	1882	1897	cautious observer | planter | of the Indian Geological Survey | geologist	review	Q8020337	William Wickham King	British geologist	1862	1959	geologist	William Wickham King	geologist	18	Q1344095 William King (Anglo-Irish geologist) ; Q61054202 William David King (politician (b. 1829, d. 1902)) ; Q541787 William King (American merchant, shipbuilder, army off) ; Q8014017 William King (Scottish engineer (1851–1929)) ; Q922916 William H. King (American politician (1863–1949)) ; Q30323406 William Paul King (American mechanical engineer) ; Q3568763 William King (British physician and p
P001692	named	Wilson Popenoe	11	1918	1945	researcher | Agricultural Explorer of the United States Department of Agriculture | American Agricultural Explorer | author of Tropical and Sub-tropical Fruits	auto	Q5869109	Wilson Popenoe	American plant explorer (1892-1975)	1892	1975	agronomist|botanist	Wilson Popenoe	agriculturist,explorer,~agriculturist	1	
P001693	named	A. A. Jayasinghe	10	1914	1938	Agricultural Instructor, Kegalla | under training at the Experiment Station, Peradeniya | Agricultural Instructor | former staff member at Kegalle	none									0	
P001694	named	A. A. Ward	10	1882	1921	member | new member | Rev. | President of the American Mission Agents' Co-operative Society	none									0	
P001695	named	A. D. Shamel	10	1908	1938	Tobacco Expert of the U.S. Department of Agriculture | investigator | author on citrus fruit improvement | researcher on bud mutations	review	Q125989758	A. D. Shamel	American plant physiologist	1877	1956	gardener|plant physiologist	A. D. Shamel	scientist	1	
P001696	named	A. J. Campbell	10	1881	1910	Naturalist | in charge of carriages and vehicles | winner, Surreys | Superintendent of Experimental Plantations	review	Q4757398	Andrew J. Campbell	American politician, New York	1828	1894	politician	Andrew J. Campbell		4	Q24239498 Alexander Campbell ((1805-1890) farmer and mariner) ; Q60055407 Andrew Campbell (American biologist, academic) ; Q4798193 Archibald Campbell (British surgeon and superintendent of Da)
P001697	named	A. J. Pearson	10	1890	1914	witness | pioneer in systematic fruit-farming | fruit grower, Mildura | of Messrs. Brown and Co.	none									0	
P001698	named	A. J. Ultee	10	1910	1931	author | researcher | experimenter | Director of the Besoeki Experiment Station, Djember, Java	none									0	
P001699	named	A. P. Kandasamy	10	1937	1944	Acting Superintendent, Observatory | Assistant Superintendent, Colombo Observatory | for Acting Superintendent, Observatory | Acting Assistant Superintendent, i.e. Observatory	none									0	
P001700	named	A. R. Wilson-Wood	10	1894	1912	Director | shareholder | committee member | signatory, Kotagala	none									0	
P001701	named	A. Sapapathy	10	1908	1921	committee secretary | Secretary | Hon. | Nominated by Food Production Committee, Northern Province (Jaffna)	none									0	
P001702	named	A. Scott-Blacklaw	10	1882	1890	author | correspondent | Manager of the Rio de Janeiro Central Sugar Factories Company	none									0	
P001703	named	A. Zimmermann	10	1891	1931	author | researcher | subscriber, 51, Lime Street, E.C. | director	review	Q131288443	Alfred Zimmermann	German professor, focusing on digital transformation and digital enterprise architecture, digital strategy, artificial intelligence			computer scientist|university teacher	Alfred Zimmermann	scientist	3	Q872079 Albert Zimmermann (German painter (1808-1888)) ; Q5663851 Albrecht Zimmermann (German botanist and mycologist (1860-193)
P001704	named	Albert J. Chalmers	10	1902	1912	Registrar to the Ceylon Medical College | member of Dairy Committee | Dairy Committee member | Registrar of the Medical College and lecturer on biology and allied subjects	auto	Q21337745	Albert John Chalmers	botanist (1870-1920)	1870	1920	physician|botanist|microbiologist	Albert John Chalmers	physician	1	
P001705	named	Alexander Gibson	10	1884	1930	purchaser | merchant | of Bombay | planter	auto	Q2833121	Alexander Gibson	Canadian businessman and political figure in New Brunswick (1852-1920)	1852	1920	businessperson|politician	Alexander Gibson	businessperson	5	Q2833120 Alexander Gibson (Scottish surgeon and botanist in India () ; Q43910969 Alexander Gibson (person associated with the witch trials ) ; Q55206031 Alexander R Gibson (researcher) ; Q18670660 Alexander Craig Gibson (English folklorist (1813-1874))
P001706	named	Alexander Tait	10	1887	1927	shareholder | shareholder by proxy	review	Q108178453	Alexander Tait	British Royal Navy officer, commander in 1825			naval officer	Alexander Tait		6	Q64338863 Alexander Tait (New Zealand commercial photographer, act) ; Q88709107 Alexander N. Tait (researcher in Canada) ; Q75454902 Alexander Tait (Peerage person ID=152607) ; Q63293463 Alexander Tait (poet (1720-)) ; Q124719809 Alex Tait (the Geographer at the National Geographi)
P001707	named	Alfred Deakin	10	1887	1895	probable future Premier of Victoria | Victorian ex-Minister | M.P. (Victoria), author | late Chief Secretary of Victoria	review	Q313805	Alfred Deakin	Australian politician (1856–1919)	1856	1919	poet|politician|diplomat|journalist	Alfred Deakin	writer	1	
P001708	named	Anthony Musgrave	10	1881	1895	Governor | Governor of Jamaica | late Governor of Jamaica | Governor, owner of coffee plantations	auto	Q573690	Anthony Musgrave	Governor of Newfoundland, Vancouver Island and British Columbia, Natal, South Australia, Jamaica, and Queensland (1828-1888)	1828	1888	politician|governor|colonial administrator	Anthony Musgrave	administrator,~administrator	2	Q109854703 Anthony Musgrave ()
P001709	named	Anton Kessler	10	1887	1892	author | owner of coffee and cinchona plantation in Java | author of a letter | planter	review	Q116191174	Anton Kessler		1824	1895		Anton Kessler		2	Q27443408 Anton Kessler (German administrative lawyer)
P001710	named	B. G. Buultjens	10	1919	1923	Matara | A. A. I. Matara | Instructor, Matara | student, Class 2	none									0	
P001711	surname_pool	Bridgman	10	1899	1904	manager, Pambagana | manager, Pambagama | medical practitioner	review	Q106872853	Bridgman	British painter			painter	Bridgman		2	Q1452786 Frederick Arthur Bridgman (American artist (1847-1928))
P001712	named	Buxton Laurie	10	1893	1902	Director | shareholder | had one at Claverton | in charge of the group	none									0	
P001713	named	C. B. Klein	10	1889	1907	of Lichfield-street, Christchurch, New Zealand | scientist who tested samples | author of observations | researcher on parasites and milk-borne diseases	none									0	
P001714	named	C. E. Hamilton	10	1924	1943	Member | judge | Visitor | visitor	none									0	
P001715	named	C. F. Kinman	10	1917	1945	author | Author of The Mango in Porto Rico | Porto Rico | author of notes on mango varieties	none									0	
P001716	named	C. H. Bois	10	1939	1944	Chairman, Ceylon Estates Proprietary Association | Chairman, C.E.P.A. | Former Chairman, Ceylon Estates Proprietary Association | Acting Chairman, C.E.P.A.	none									0	
P001717	named	C. K. Smithett	10	1906	1909	attendee | London | informant on manufacturers' position | author of the paper	none									0	
P001718	named	C. R. Harler	10	1922	1933	author | Chemist, Indian Tea Association | Chemist of the Indian Tea Association | Lecturer	none									0	
P001719	named	C. W. W. Kannangara	10	1925	1936	Member | Hon. Member, Visitor | Hon'ble Mr. | member	review	Q469045	C. W. W. Kannangara	Sri Lankan politician (1884-1969)	1884	1969	politician|diplomat|minister	C. W. W. Kannangara		1	
P001720	surname_pool	Cade	10	1899	1900	Observer, Mamadola | observer, Mamadola	none									0	
P001721	named	Charles Dilke	10	1892	1903	speaker on China tea trade | made a remark at a meeting of the Chelsea Board of Guardians | speaker at Chelsea Board of Guardians | politician who made statements on tea consumption	review	Q338114	Sir Charles Dilke, 2nd Baronet	British politician (1843-1911)	1843	1911	writer|politician|barrister|journalist|statistician	Sir Charles Dilke		2	Q46998161 Sir Charles Wentworth Dilke, 3rd Baronet (b. 19 September 1874, d. 7 December 1918)
P001722	named	Charles Kingsley	10	1883	1910	author | author of At Large | Author | author of quoted words	review	Q353238	Charles Kingsley	British clergyman, historian and novelist (1819–1875)	1819	1875	priest|writer|poet|historian|cleric	Charles Kingsley	writer	3	Q18756614 Charles Kingsley (Church of England clergyman, 1781-1860) ; Q107107490 Charles M. Kingsley (politician in Massachusetts, US (1811-18)
P001723	named	D. Edwards	10	1885	1903	shareholder | subscriber | Kandy | sole representative of the Company in Ceylon	review	Q102235919	D. Edwards	jockey			jockey	D. Edwards		2	Q136370088 Daniel Edwards (volunteer weather observer for meteorolo)
P001724	named	D. M. Seneviratne	10	1906	1924	Kachcheri Mudaliyar | Kachcheri Mudaliyar, Province of Sabaragamuwa | Unofficial Member, Province of Sabaragamuwa | student	none									0	
P001725	named	Donald Stewart	10	1882	1921	owner of Hanchi Betta estate | "King of Coorg" | late Mr., planter | superintendent of Madulkelly, subsequently King of Coorg	review	Q111325474	Donald Stewart	politician	1842	1917	politician	Donald Stewart		6	Q3713648 Sir Donald Stewart, 1st Baronet (British field marshal (1824–1900)) ; Q64968891 Donald Stewart (health researcher at Griffith University) ; Q25206278 Donald Stewart (North Dakota politician) ; Q75690271 Donald Stewart (Peerage person ID=289755) ; Q1239773 Donald Charles Stewart (British tennis player (1859-1885))
P001726	surname_pool	Dragendorff	10	1885	1906	chemist | method developer | author of Plant Analysis | superintendent of analysis	none									0	
P001727	named	E. Brand	10	1904	1921	Unofficial Member, Eastern Province | Eastern Province | assistant in the Agricultural Department of the Protectorate | Eastern Province member	none									0	
P001728	named	E. C. Buck	10	1881	1907	Director, Department of Agriculture and Commerce, North-Western Provinces, and O | President, Government of India Committee for Melbourne International Exhibition | C. S. Secretary to the Government of India, Revenue and Agricultural Department  | signed Official Note on behalf of Indian Government	review	Q130394108	E. C. Buck	American politician	1852	1925	politician	E. C. Buck		1	
P001729	named	E. C. Byers	10	1885	1899	owner of Letchamiatte | proprietor | estate owner | pioneer of coffee planting in Badulla	none									0	
P001730	named	E. C. Davies	10	1882	1915	witness | Government Factory | forestry expert in Australia | Committee of Management member	none									0	
P001731	named	E. E. Abrahamson	10	1881	1896	Timber Merchant | resident Manager in Sandakan | Managing Director | signatory	review	Q130259210	E. E. Abrahamson	botanical collector in Malaysia (fl. 1884)			botanical collector	E. E. Abrahamson		1	
P001732	named	E. E. Cheesman	10	1924	1941	author | directed attention to collection of crop varieties | Demonstrator in Botany | Professor of Botany, devised aims of the botanical section	none									0	
P001733	named	E. F. Edirisinghe	10	1922	1926	Mudaliyar | of St. Winifred's Farm, Newara Eliya | Mudaliyar, mover of motion | Hony. Secretary	none									0	
P001734	named	E. F. Langdale	10	1895	1903	in charge of teahouse | director | partner, tea planter | conductor of Indian Tea House	none									0	
P001735	named	E. F. Smith	10	1898	1936	researcher who named the organism | authority on bacterial diseases of plants | author, Department of Agriculture | Scientist who studied disease in Cuba	review	Q88504759	Emily F. Smith	researcher			researcher	Emily F. Smith	scientist	2	Q107140739 Edward F. Smith (politician in Massachusetts, US (1835-19)
P001736	named	E. H. Cameron	10	1881	1898	exhibitor, Ceylon | cinchona bark | correspondent, Agra Patana | planter	none									0	
P001737	named	E. H. Richards	10	1918	1940	author | researcher | Managing Director | scientific investigator	none									0	
P001738	named	E. O. Felsinger	10	1908	1937	coconut estate owner | correspondent | attendee | author of memorandum on drainage	none									0	
P001739	named	E. P. Stebbing	10	1895	1917	author | author of the paper | Anglo-Indian entomologist | Lecturer in Forestry, University of Edinburgh	none									0	
P001740	named	E. Scott	10	1893	1908	Director | Nominated Member, North-Western Province | cacao planter, Morankanda | purchaser	review	Q12899967	Frank Edwin Scott	American painter (1863-1929)	1863	1929	painter	Edwin Scott		1	
P001741	surname_pool	Earl Derby	10	1884	1933	recipient of despatches | recipient of report | Right Hon. | political figure	none									0	
P001742	named	Edward Grey	10	1897	1912	addressee | Commissioner | Royal Commissioner | recipient of report	auto	Q335187	Edward Grey, 1st Viscount Grey of Fallodon	British Liberal statesman (1862-1933)	1862	1933	politician|ornithologist|member of parliament|aristocrat|author	Sir Edward Grey, Bt	administrator,~administrator	4	Q122871794 Edward Grey (pseudonym of the unidentified author of ) ; Q75723593 Edward Grey ((1845-1905)) ; Q75723548 Edward Grey (Peerage person ID=302938)
P001743	named	Edward Heelis	10	1881	1898	gentleman, associated with Dimbula | observer | late, recorder of rainfall records | author of letter No. II	none									0	
P001744	named	F. B. Hicks	10	1896	1901	Member | elected member | member | Surveyor, passenger on the Symmetry	none									0	
P001745	named	F. H. King	10	1883	1938	author | Professor, Wisconsin | researcher | author of Farmers of Forty Centuries	review	Q5491574	Franklin Hiram King	American agronomist	1848	1911	university teacher|agronomist	Franklin Hiram King	~chemist	1	
P001746	named	F. J. F. Shaw	10	1889	1940	author | Mycologist | Second Imperial Mycologist | researcher	none									0	
P001747	named	F. J. Lloyd	10	1886	1903	speaker | author of article on sulphate of ammonia | Lecturer on Agriculture at King's College, London | lecturer	none									0	
P001748	named	F. W. Keeble	10	1894	1936	botanist | of Caius College, Cambridge | author of the paper | author of paper on Loranthaceae	none									0	
P001749	named	F. W. Urich	10	1896	1928	F.E.S. of Trinidad | Entomologist to the Board of Agriculture, Trinidad | Department of Agriculture, Trinidad | author	none									0	
P001750	named	Francis Pears	10	1902	1912	planter | author | writer from Muar | manager and proprietor of Lanadron Estate	none									0	
P001751	named	Francis Peek	10	1884	1899	President of the Wholesale Tea Dealers' Association | speaker, of the firm of Francis Peek, Winch & Co. | presiding at the annual meeting | president	review	Q116544765	Francis Peek		1833	1899		Francis Peek		1	
P001752	named	Frederick Abel	10	1886	1908	Director of the Imperial Institute | visitor | correspondent on smokeless powder | Honorary Secretary and Director of the Institute	review	Q528631	Frederick Abel	British chemist 1827-1902	1827	1902	inventor|chemist	Frederick Abel		1	
P001753	named	G. F. R. Browning	10	1904	1923	Government Agent, N.C.P. | Office Assistant | Assistant Government Agent of Kegalle | Asst. Govt. Agent, Kegalle	none									0	
P001754	named	G. F. Traill	10	1890	1911	shareholder | Managing Director | director | mortgagee	none									0	
P001755	named	G. M. Barton	10	1884	1891	Secretary | Assistant Secretary | Asst. Secy. | Assistant Secretary, Indian Tea Association	none									0	
P001756	named	G. Valder	10	1893	1926	author | Under Secretary for Agriculture, New South Wales | author of Vegetable Novelties | Author	none									0	
P001757	named	G. W. Hunter-Blair	10	1924	1926	member of the Estates Products Committee | member | Regretted inability to attend | regretted inability to attend	none									0	
P001758	named	George H. Green	10	1890	1897	correspondent | author of letter | signatory to the memorandum | Dalhousie	none									0	
P001759	named	George Madugalle	10	1917	1927	Agricultural Instructor | student, Class 2 | Godakawela | Instructor, Godakawela	none									0	
P001760	named	George Vane	10	1886	1902	C.M.G. | Ceylon Colonist present | Inspector and Collector of Customs | author of paper on Pearl Fisheries of Ceylon	review	Q123507791	George Vane					George Vane		1	
P001761	named	Gordon Cumming	10	1882	1908	author | artist | author of book on Hawaii | exhibitor of pictures	none									0	
P001762	named	Graham Panditsekera	10	1914	1945	member | Board member | prize donor | member of the Board	none									0	
P001763	named	Greville Williams	10	1882	1912	chemist | devoted attention to chinoline | discoverer of chinoline | sent specimens of chinoline	none									0	
P001764	named	H. C. P. Bell	10	1887	1901	Archaeological Commissioner | for Colonial Secretary | author of the letter | Hony. Secretary	review	Q1562561	Harry Charles Purvis Bell	British archaeologist (1851–1937)	1851	1937	photographer|art historian|archaeologist|anthropologist	Harry Charles Purvis Bell		1	
P001765	named	H. H. Kirby	10	1887	1904	author of letter | correspondent | subscribed R4	none									0	
P001766	named	H. L. Wendt	10	1891	1902	Committee member | counsel for defendant | counsel | attendee	none									0	
P001767	named	H. O. Newport	10	1896	1899	member of the Lower Pulneys Association | Honorary Secretary of the Lower Pulneys Association | supported Hodgson's remarks | sent to Australia	none									0	
P001768	named	H. P. Rudd	10	1890	1908	Visitor | shareholder | Director | represented by proxy	none									0	
P001769	named	H. Pittier	10	1899	1911	author | author of report on diseases | collector of samples | author of article	review	Q116003	Henri François Pittier	Swiss botanist (1857-1950)	1857	1950	naturalist|engineer|geographer|botanical collector|botanist	Henri François Pittier		1	
P001770	named	H. W. Pritchett	10	1881	1895	Director | director | coadjutor, agent of the Ecuador Land Company | fellow-labourer	none									0	
P001771	named	H. Ward	10	1882	1913	Governor | contemplated restoration of ancient irrigation works | regime official | regime during which dam was built	none									0	
P001772	surname_pool	Hance	10	1881	1892	author of paper | collector | Whampoa | collector of specimens	review	Q2657692	Henry Fletcher Hance	British diplomat and botanist (1827-1886)	1827	1886	diplomat|botanist|botanical collector|scientific collector	Henry Fletcher Hance		1	
P001773	named	Henri Jumelle	10	1900	1931	botanist | professor of the Faculty of Sciences at Marseilles | Science Professor and Lecturer in Marseilles | author, of Marseilles	none									0	
P001774	named	Henry B. Brady	10	1881	1899	signatory of the official award | Author, F.R.S. | traveller, author of paper | donor of Foraminifera	none									0	
P001775	named	Henry Barter	10	1882	1895	author | writer | collected specimen | Applicant for duty-free salt	none									0	
P001776	named	Henry Parker	10	1883	1912	hydraulic engineer | calculated weight of dislodged trees | Irrigation adviser | Ceylon Irrigation Officer	review	Q108285141	Henry Parker	British Royal Navy officer, commander in 1814			naval officer	Henry Parker		4	Q130461861 Henry Parker (African American autobiographer, enslave) ; Q123704303 Henry Parker (rugby league footballer) ; Q98804132 Henry Parker (born 1842; died 1917)
P001777	named	Hermann Hellriegel	10	1896	1909	scientific investigator, Germany | scientist whose discoveries are referenced | of Burnburg, in Anhalt | researcher	review	Q72003	Hermann Hellriegel	German chemist (1831–1895)	1831	1895	chemist|agronomist|physiologist|botanist|agricultural chemist	Hermann Hellriegel	scientist	1	
P001778	named	J. A. Coombe	10	1921	1930	visitor | member of the Committee | member | Member, Estates Products Committee	none									0	
P001779	named	J. A. D. Finch Noyes	10	1931	1933	Member of the Board | Member of Board of Management | member of the Board | representing Messrs. George Stuart & Co.	none									0	
P001780	named	J. A. Ferdinandus	10	1887	1900	official at Royal Botanic Gardens, Peradeniya | sender of whip and nose strings | public servant, Peradeniya Gardens | late clerk and foreman at Pêrádeniya	none									0	
P001781	named	J. C. Brunnich	10	1900	1915	Agricultural Chemist | F.C.S. | author | author of paper on boric acid	none									0	
P001782	named	J. E. Fernando	10	1889	1906	Prize winner | Best student of the year | Government Veterinary Scholar | recipient of Government Veterinary Scholarship	none									0	
P001783	named	J. E. O'Conor	10	1882	1908	Director-General of Statistics to the Government of India | author of report on foreign trade of India | author of trade review | compiled a table with respect to the cinchona industry in India	none									0	
P001784	named	J. F. Baker	10	1881	1899	Director | coffee, silver, Polwatte Mills, Yakkabendakelle Estate | proprietor of the land | Agent and Secretary	none									0	
P001785	named	J. G. Fraser	10	1912	1921	Hon'ble | present | G.A., W.P. | proposed Vice-President	none									0	
P001786	named	J. Hawke	10	1881	1901	correspondent | author of the letter | owner of Orion estate	review	Q65679743	John Hawke	British commercial photographer (1831-)	1831		photographer	John Hawke		1	
P001787	named	J. L. Thompson	10	1888	1897	author | principal of the Dookie Agricultural College | of the Dookie Experimental Farm	review	Q6144192	James Thompson	English journalist and local historian (1817–1877)	1817	1877	historian|journalist	James Thompson	writer	7	Q24225592 Joe Thompson ((1838-1909) bookmaker) ; Q6260653 John Thompson (official and judge in Louisiana who died) ; Q137168804 Jonathan Thompson (American lawyer and land speculator (178) ; Q107276410 Jacobus Thompson () ; Q16062971 Joseph Thompson (American pioneer (1797-1885)) ; Q1343059 James Thompson (politician and jurist from Pennsylvania )
P001788	named	J. P. Abraham	10	1882	1907	correspondent | sender of sarsaparilla sample | prize-taker, Flowers | nursery owner	review	Q111227129	J. P. Abraham	American politician – Minnesota -House 1859-60 (District 4)			politician	J. P. Abraham		1	
P001789	named	J. R. Watson	10	1888	1935	author | author of the letter | manager of the Port Dickson Coffee Company's estate | Member of Committee	review	Q21765413	John Reay Watson	Australian novelist & literary columnist (1872-1944)	1872	1944	bank teller|columnist|correspondent|novelist|reviewer	John Reay Watson	writer	2	Q117409666 John R. Watson (UK international development scholar (fl)
P001790	named	J. Roydon Hughes	10	1881	1907	author of letter | respondent to questions | authenticated the yield figures | signatory, Dimbula estate, Kotagala	none									0	
P001791	named	J. W. Cotton	10	1904	1917	Province of Uva | Unofficial Member, Province of Uva | seconder | correspondent	none									0	
P001792	named	James Duncan	10	1892	1919	assistant in starting Passara Branch | Committee member, Auditor | Hospital Visitor | Nominated Member, Province of Uva	review	Q46512247	James Duncan	Canadian painter and lithographer (1806–1881)	1806	1881	painter|lithographer	James Duncan		7	Q16209655 James Duncan (Scottish footballer, who played for East) ; Q119873091 James Duncan (Scottish tailor and landowner) ; Q16058672 James K. L. Duncan (American sailor (1845–1913); Medal of Ho) ; Q124641774 James Duncan () ; Q61526333 James R Duncan (researcher ORCID ID = 0000-0002-0337-880) ; Q6132932 James Duncan (Scottish naturalist (1804-1861))
P001793	named	James Hadlington	10	1914	1924	author | Poultry Expert | contributor | Author of 'Poultry Farming in New South Wales'	none									0	
P001794	named	James Michael	10	1884	1890	witness, at inception of Forest Service in India | arranger of the Indian collection | arranged the Indian section | Conservator of Forests	none									0	
P001795	named	Johannes Gandrup	10	1922	1931	author | researcher | Director of Rubber Experiment Station | observer	none									0	
P001796	named	John Armitage	10	1882	1900	late | sugarcane planter | well-known and enterprising merchant | imported the fig tree from Syria	auto	Q112109065	John Armitage	scottish-American textile businessman and politician	1812	1893	businessperson|politician|manager	John Armitage	businessperson	4	Q104853745 John Armitage (British priest) ; Q88138051 John Armitage (researcher) ; Q60775648 John J Armitage (researcher ORCID ID = 0000-0003-2806-818)
P001797	named	John Clark	10	1885	1921	correspondent | member of Sub-Committee | Assistant Superintendent | owner of Glencoe and Woodland estates	review	Q52083654	John Clark	Latvian-Russian painter (1830-1905)	1830	1905	painter	John Clark		4	Q108162327 John Clark (British Royal Navy officer, commander in) ; Q113471494 John Clark (director) ; Q655809 John Bullock Clark Jr. (Confederate Army general and politician )
P001798	named	John Dalgleish	10	1896	1904	Auditor | auditor	review	Q133822629	John James Dalgleish		1836	1921	ornithologist	John James Dalgleish		4	Q96316391 John Dalgleish () ; Q92145129 John Dalgleish (researcher (ORCID 0000-0002-6205-7091)) ; Q93353800 John Dalgleish (Minister of the Church of Scotland)
P001799	named	John Ellis	10	1882	1934	author | gentleman who sent for birds and seed | Presenter of tea-plant to Kew | got birds from coast of Guinea	review	Q934747	John Ellis	linen merchant, botanist and naturalist (1710-1776)	1710	1776	naturalist|merchant|zoologist|botanist|botanical illustrator	John Ellis		6	Q108162636 John Ellis (British Royal Navy officer, commander in) ; Q108314531 John Ellis (British Royal Navy officer (died 1798)) ; Q104528143 John Ellis (Irish painter, active from ca. 1766, die) ; Q104528132 John Ellis (cartographer (1750-1800)) ; Q42190408 John Ellis (biology researcher)
P001800	named	John Evelyn	10	1882	1912	author | author of Acetaria | author of diary | author of 'Sylvæ'	review	Q342712	John Evelyn	writer, gardener and diarist (1620-1706)	1620	1706	writer|architect|gardener|art historian|diarist	John Evelyn	writer	4	Q7527768 Sir John Evelyn, 4th Baronet (British aristocrat) ; Q68164067 John Evelyn le Jeune (English translator) ; Q16239506 Sir John Evelyn, 2nd Baronet (British aristocrat and politician)
P001801	named	John Peter Grant	10	1883	1910	Governor of Jamaica | Governor | Director | Rev., D.D.	auto	Q6252637	John Peter Grant	British colonial administrator (1807-1893)	1807	1893	civil servant|colonial administrator	John Peter Grant	administrator	4	Q17180624 John Peter Grant (Scottish politician) ; Q7174336 Peter Grant (Scottish Baptist minister and songwriter) ; Q6236016 John Grant (stone mason trade unionist and politicia)
P001802	named	John Tilly	10	1882	1917	author | Chairman | Jur. | resident of Talawakele	none									0	
P001803	named	Keith F. Arbuthnot	10	1896	1908	Director | Chairman of the Company | Commissioner appointed by the Assam Government	none									0	
P001804	named	Kenneth Morford	10	1918	1945	visitor | member | Visitor | Member, representative of the Planters' Association of Ceylon	none									0	
P001805	named	L. H. S. Peiris	10	1919	1924	member | sent letter | Visitor | member of the Committee	none									0	
P001806	named	L. Zehntner	10	1901	1928	author | author of letter | entomologist, Java | investigator of cacao diseases	review	Q21062329	Leo Zehntner	Swiss naturalist (1864-1961)	1864	1961	naturalist|zoologist|local historian|botanical collector|entomologist	Leo Zehntner	writer	1	
P001807	surname_pool	Lord Kitchener	10	1899	1915	military commander | praises tea | appreciated the product | brother of General Kitchener	review	Q216129	Horatio Kitchener, 1st Earl Kitchener	Irish officer and colonial administrator in the British Army (1850–1916)	1850	1916	engineer|politician|minister|diplomat|military officer	Horatio Kitchener		2	Q5498213 Frederick Kitchener (English cricketer (1871-1948))
P001808	named	Lorenzo D. Baker	10	1885	1910	Banana King, president and tropical manager of the Boston Fruit Company | skipper, president and tropical manager of the Boston Fruit Company | founder of the banana trade in Jamaica | fruit trader	auto	Q6680698	Lorenzo Dow Baker	American sailor	1840	1908	businessperson	Lorenzo Dow Baker	businessperson	1	
P001809	named	M. B. Mapitigama	10	1918	1926	Ratemahatmaya | Committee Member | Rate Mahatmeya of Parana Kuru Korale | judge, Paranakuru Korale	none									0	
P001810	named	M. E. Couchman	10	1908	1912	Director of Agriculture | Director of Agriculture, Madras | Director of Agriculture in Madras | author	none									0	
P001811	named	M. E. Grant Duff	10	1887	1899	author of the Review Minute | His Excellency, granted exemption | official | former Governor	none									0	
P001812	named	M. Girard	10	1881	1924	formerly president of the Entomological Society of France | researcher | chemist, chief of the Paris Municipal Laboratory | author of paper on tree leaves as fodder	review	Q1393855	Marius Girard	French Provençal writer (1838-1906)	1838	1906	architect|poet	Marius Girard	writer	1	
P001813	named	M. M. Hartog	10	1894	1922	inventor of banana meal method | Assistant Director of the Gardens | Asst. Director, Royal Botanic Gardens | Cork University	auto	Q6758216	Marcus Hartog	British scientist (1851-1924)	1851	1924	zoologist|botanist	Marcus Hartog	botanist,~botanist	1	
P001814	named	M. S. Kariappar	10	1945	1945	Member | member | Gate Mudaliyar | mover of resolution	none									0	
P001815	named	M. S. Parry	10	1896	1912	elected member | member | Hon. Secretary of the Federated Malay States U P A | Hon. Secretary of the Federated States U P A	none									0	
P001816	named	M. Suppramaniam	10	1906	1909	Visitor | Broker | Broker of Colombo | present	none									0	
P001817	named	Mark Twain	10	1884	1908	author | author referenced for analogy | American humourist | American humorist	review	Q7245	Mark Twain	American author and humorist (1835–1910)	1835	1910	writer|teacher|printer|maritime pilot|journalist	Mark Twain	writer	1	
P001818	named	Martin Conway	10	1900	1914	explorer | lecturer | author of the paper | explorer who found flowering plants	auto	Q2034158	Martin Conway, 1st Baron Conway of Allington	British politician (1856-1937)	1856	1937	writer|politician|historian|university teacher|cartographer	Martin Conway	explorer,writer	1	
P001819	named	N. Senathiraja	10	1922	1940	Manager, Experiment Station, Jaffna | Asst. Farm School Officer, Jaffna | Farm Manager, Jaffna Experiment Station | Farm Manager, Experiment Station, Jaffna	none									0	
P001820	named	Nemesio B. Mendiola	10	1924	1942	author | introduced variety from Java | researcher | investigator	none									0	
P001821	named	Octave Collet	10	1903	1908	author | Belgian rubber expert | visitor to the island, critic | expert in rubber	review	Q109675924	Octave Collet					Octave Collet		1	
P001822	named	P. Vageler	10	1933	1940	author | author of book on tropical soils | author on tropical soils | scholar	none									0	
P001823	named	R. Chelvadurai-Proctor	10	1914	1917	author | Interpreter Mudaliyar | author of the paper | Mudaliyar	none									0	
P001824	named	R. Helms	10	1895	1909	author | Bureau of Agriculture | collector | author of the account	review	Q19877827	Richard Helms	German born Australian/New Zealand botanist, entomologist, explorer and collector (1842-1914)	1842	1914	entomologist|explorer|scientific collector|zoological collector|naturalist	Richard Helms		1	
P001825	named	R. J. Booth	10	1898	1909	exhibitor of tea | tea producer | attendee | Chairman of the Brazilian Rubber Trust Ltd.	none									0	
P001826	named	R. R. Muras	10	1930	1934	Assistant Secretary | Accountant | Actg. Asst. Secretary | Acting Assistant Secretary	none									0	
P001827	named	R. T. Prowse	10	1889	1900	Secretary, Customs | Custom House, London | signatory of reply | signatory of the order	none									0	
P001828	surname_pool	Resident-General	10	1897	1909	official | official to be applied to for information | official thanked for immigration system | official interviewed by Chairman and Mr. Bailey	none									0	
P001829	surname_pool	Rheede	10	1882	1945	botanist | author cited | author of Hort. Malab. | governor of the territory of Malabar	auto	Q741104	Hendrik van Rheede	Dutch botanist (1637-1691)	1637	1691	botanist|explorer	Hendrik van Rheede	botanist	1	
P001830	named	Robert Buchanan	10	1886	1897	Hon. Secretary | correspondent | correspondent, estate owner | member of the firm, studying tobacco manufacture	review	Q5589250	Robert Williams Buchanan	Scottish poet, novelist and dramatist (1841–1901)	1841	1901	writer|poet|playwright|literary critic|journalist	Robert Williams Buchanan		8	Q21486116 Robert Buchanan (Free Church of Scotland minister) ; Q21486108 Robert Buchanan (Scottish socialist (1813–1866)) ; Q104188924 Robert Buchanan (Minister of the Church of Scotland) ; Q17423417 Robert Buchanan (Scottish minister and academic, dramatis) ; Q7342486 Robert Buchanan (Scottish footballer (1867-1907)) ; Q90226850 Robert M Buchanan (researcher) ; Q76322167 Robert Buchanan (Peerage 
P001831	named	Robert Chalmers	10	1899	1941	Governor of Ceylon | Secretary of the Indian Currency Committee | new President | Speaker at the Prize Distribution at the Royal College	review	Q102398859	Robert Chalmers	Ph.D. University of California, Santa Barbara 2004			computer scientist	Robert Chalmers		3	Q75568478 Robert Chalmers ((1894-1915)) ; Q98394974 Robert Chalmers (researcher)
P001832	named	Robert King	10	1890	1900	Director, retiring | reappointed director | of Paddington | Director	review	Q22114403	Robert Lethbridge King	Church of England clergyman and entomologist (1823–1897)	1823	1897	artist|entomologist|clergyman|draftsperson	Robert Lethbridge King		1	
P001833	named	S. L. Harries	10	1889	1903	shareholder | Director | Visiting Agent | director	none									0	
P001834	named	S. R. K. Menon	10	1934	1942	researcher | expert from India | researcher on coconut fibre to paper pulp | author	none									0	
P001835	named	Subba Rao	10	1888	1910	author | inventor of water-lift | of the Revenue Board | author of paper	review	Q4833900	B. A. Subba Rao	Indian film director		1987	screenwriter|film director|film producer	B. A. Subba Rao	writer	2	Q13009447 Vavilikolanu Subbarao (Telugu writer)
P001836	named	T. E. B. Skinner	10	1894	1897	son of Capt. Skinner | Roadmaker of Ceylon; Pioneer in Coffee Planting | Surveyor-General, Pioneer of Planting | Civil Engineer and Commissioner of Roads	review	Q7794006	Thomas Skinner	British soldier and author (1800–1843)	1800	1843	travel writer|soldier	Thomas Skinner	military	4	Q66580055 Thomas Skinner (English etcher (1819–1881)) ; Q7668722 T. Skinner (English cricketer) ; Q106617048 Thomas Skinner (American television and film executive)
P001837	named	T. F. Bourdillon	10	1882	1900	Secretary, Travancore Planters' Association | author of notes | elected Fellow | correspondent	review	Q3525143	T. F. Bourdillon	Indian conservationist (1849–1930)	1849	1930	naturalist|botanist	T. F. Bourdillon	~forester	1	
P001838	named	T. Hanbury	10	1886	1922	donor, Ventimiglia | gift or exchange recipient, Italy | benefactor | gardener	none									0	
P001839	named	Thomas Gidden	10	1899	1906	manager, Campion | Attendee | visiting for the Company	none									0	
P001840	named	Thomas Oxley	10	1882	1897	Senior Surgeon of the Settlement of Prince of Wales' Island, Singapore and Malac | author | Senior Surgeon of the Settlement of Prince of Wales Island, Singapore and Malacc | Proprietor	review	Q64757520	Thomas Oxley	Surgeon of the Straits Settlements and plantation owner	1805	1886		Thomas Oxley	physician	2	Q107584833 Thomas R. Oxley (British photographer, entomologist, lepi)
P001841	named	Thomas Stanes	10	1884	1898	owner of Glendale estate | author | of Oonoor | proprietor of Glendale and other tea and cinchona estates on the Nilgiris	review	Q7794157	Thomas Stanes	Anglo-Indian businessman	1837	1905	businessperson	Thomas Stanes		1	
P001842	surname_pool	Vahl	10	1884	1930	botanist | chemist | first writer to cite Forskael | constructs a formula from mean temperatures	auto	Q353283	Martin Vahl	Danish-Norwegian botanist (1749-1804)	1749	1804	naturalist|zoologist|botanical collector|botanist|pedagogue	Martin Vahl	botanist,~botanist	1	
P001843	named	W. Bally	10	1923	1930	author | researcher | Researcher | conducted an experiment	none									0	
P001844	named	W. C. Lester Smith	10	1913	1936	Plant Pest Inspector, Southern | Inspector, Southern | attendee | Acting Manager, Experiment Station, Peradeniya	none									0	
P001845	named	W. G. Forbes	10	1883	1911	of the Civil Service | Her Majesty's Mint, Calcutta | care of, H. M. Mint, Calcutta | Esq., Her Majesty's Mint, Calcutta	none									0	
P001846	named	W. G. Rockwood	10	1891	1907	purchaser | Member of the Board | Vice-President | Member of the Association	review	Q17334056	W. G. Rockwood	Ceylon Tamil physician	1843	1909	surgeon	W. G. Rockwood		1	
P001847	named	W. G. Wood	10	1885	1919	exhibitor of fret-work | winner, Wood Carving | Exhibitor, Bogambera, Kandy | Exhibitor	review	Q8015029	William Madison Wood	American businessman (1858–1926)	1858	1926	businessperson	William Wood		4	Q107630428 William Wood (American ventriloquist and stage magicia) ; Q8015270 William Maxwell Wood (American surgeon and United States Navy ) ; Q55640458 Walter Wood (UK editor and author (1866-1961), usuall)
P001848	named	W. Haslam	10	1886	1903	member present | shareholder | member of Ceylon Association | Attendee	review	Q19654895	William Haslam	South Australian politician (1850–1898)	1850	1898	politician	William Haslam		1	
P001849	named	W. Haworth	10	1883	1896	speaker | eminent and well-known authority on tea | Doyen of the class representing Anglo-Saxon enterprise in India, father of the I | inventor of a tea roller	none									0	
P001850	named	W. Laing Malcolmson	10	1882	1909	vineyard owner | vine grower, son of James Malcolmson | fruit-grower in California | patent holder	none									0	
P001851	named	W. N. Evans	10	1881	1894	author | analyst, Tanners' Laboratory Taunton | authority on practical tanning | Tanner's Laboratory at Taunton	review	Q30597880	William J. Evans	American chemist			chemist	William Evans	chemist	1	
P001852	named	W. N. Sands	10	1900	1941	author | Curator, Botanic Gardens Antigua | Curator of Botanic Station | Agricultural Superintendent, St. Vincent	review	Q8009349	William Franklin Sands	American diplomat (1874–1946)	1874	1946	writer|diplomat|university teacher	William Sands	writer	3	Q28970626 William Sands, senior (English architect and mason who worked i) ; Q28966598 William Sands, junior ()
P001853	named	W. Ormiston	10	1898	1932	author | hon. secretary | resident | Hon. Secy. of the Haputale Branch of the C G P S	review	Q21395679	Walter Ormiston	British tea planter and entomologist			farmer|lepidopterist|entomologist	Walter Ormiston		1	
P001854	named	W. P. Kelley	10	1920	1934	researcher | author | representative of Brown & Co.	review	Q55720896	W. P. Kelley	American soil chemist	1878	1965	chemist	W. P. Kelley		1	
P001855	named	W. P. Metcalfe	10	1891	1904	Director | Chairman | Provisional Director | shareholder	none									0	
P001856	named	W. R. Fisher	10	1882	1928	author | Author of 'Forest Protection' | Director | author of account in 'Manual of Forestry'	review	Q8009075	William Fisher	British Royal Navy officer and novelist (1780-1852)	1780	1852	writer|admiral|naval officer|novelist	William Fisher	writer	3	Q110051638 Walter Fisher (medical missionary who worked in Zambia) ; Q5077676 Walter Fisher (American baseball player)
P001857	named	W. T. McK.	10	1882	1903	author | correspondent | author of the letter | correspondent in Sumatra	none									0	
P001858	named	W. W. Woods	10	1921	1934	Colonial Treasurer | Colonial Auditor | Board member | Absent member	review	Q16466622	Wilfrid Wentworth Woods	British colonial financial administrator (1876-1947)	1876	1947		Wilfrid Wentworth Woods		1	
P001859	named	William Manning	10	1913	1945	Governor | Governor of Ceylon | Governor of Ceylon and President of the Agricultural Society | Opened the Chemical Laboratory	auto	Q15072961	William Manning	British soldier and colonial administrator	1863	1932	military personnel	William Manning	administrator	8	Q107061999 William Manning (politician in Massachusetts, US (b. 1823) ; Q110183185 William Manning (1848-1905) ; Q105773533  (politician in Massachusetts, US) ; Q94818820 William Albert Manning (Ph.D. Stanford University 1904) ; Q8015741 William Montagu Manning (politician and judge from New South Wale) ; Q18735869 William Oke Manning (English legal writer) ; Q8019096 William T. Manning (Episcopal
P001860	named	Y. D. Wad	10	1934	1941	author | researcher on compost | author cited | author, Institute of Plant Industry, Indore	none									0	
