pid	display	mentions	years	roles	decision	co_person_id	co_name	co_birth	co_listed	co_postings	shared_role_words	co_wikidata_qid	co_wikidata_label	n_candidates
P000001	Henry Trimen	863	1881-1944	botanist | Director | author	auto	kgp_col1889-p554b20	HENRY TRIMEN		1867-1896	1880 director Royal Botanical Gardens	botanic,gardens,royal			1
P000002	D. Morris	581	1881-1941	author | of Kew | lecturer	auto	kgp_col1925-p947b7	DANIEL MORRIS	1844	1877-1932	1877 assistant director ; 1878 on special duty, "coffee leaf disease inquiry" ; 1879 on special duty "coffee leaf disease inquiry"	agricul,commiss,gardens,indies,jamaica,plantat,royal	Q20733957	Daniel Morris	1
P000005	J. C. Willis	499	1896-1942	author | Director | abstractor	auto	kgp_col1908-p750b3	JOHN CHRISTOPHER WILLIS	1868	1870-1912	1896 director bot. garden ; 1896 director of royal bot. gardens	botanic,gardens,royal			1
P000007	T. Petch	387	1906-1943	author | Government Mycologist | Mycologist	auto	kgp_col1918-p821b11	TOM PETCH	1872	1905-1925	1905 botanist and mycologist ; 1906 botanist and mycologist ; 1914 acting director of agriculture	botanis,mycolog			1
P000011	F. A. Stockdale	324	1908-1945	Director of Agriculture | author | Director of Agriculture, Ceylon	auto	kgp_col1939-p1110b17	FRANK ARTHUR STOCKDALE	1883	1905-1949	1916 chairman, executive committee, Ceylon rubber research scheme ; 1916 director, agr., registrar, co-op. societies and vice-president, agrl. soc. ; 1916 director of agriculture and registrar of co-op. soc.	adviser,agricul,state,vice-pr			1
P000018	G. W. Sturgess	252	1895-1938	Government Veterinary Surgeon | G.V.S. | Colonial Veterinary Surgeon	auto	kgp_col1933-p1009b17	GEORGE WILLIAM STURGESS	1871	1895-1933	1895 government vet. surgeon	surgeon,veterin			1
P000023	J. B. Carruthers	222	1893-1941	author | Cryptogamist | Government Mycologist	auto	kgp_col1910-p651b16	JOHN BENNETT CARRUTHERS	1869	1892-1910	1898 investigator of cacao disease ; 1900 mycologist to government of Ceylon and assistant director, Royal Bot. Gardens	cacao,disease,investi,mycolog			1
P000029	H. M. Fernando	198	1884-1941	member | Member | present	review	kgp_col1927-p912b6	HILARION MARCUS FERNANDO	1864	1890-1936	1890 analyst to government of Ceylon ; 1890 assistant colonial surg. and registrar ; 1890 registrar of Ceylon medical college, lecturer on pathology				1
P000030	G. H. K. Thwaites	188	1881-1944	botanist | of Peradeniya | naturalist	auto	kgp_col1879-p460b3	G. H. K. THWAITES		1849-1880	1849 director of the royal botanic gardens	botanic,gardens			1
P000033	M. Crawford	186	1924-1944	Government Veterinary Surgeon | Deputy Director (Animal Husbandry) and Government Veterinary Surgeon | Acting Government Veterinary Surgeon	review	kgp_dol1935-p866b10	MATTHEW CRAWFORD	1901	1924-1937	1924 acting government vety. surg. ; 1924 assistant vety. surg. ; 1931 acting government vety. surg.				1
P000040	Malcolm Park	167	1921-1945	Mycologist | author | Acting Deputy Director of Agriculture	auto	kgp_col1958-p405b14	M. PARK	1900	1921-1966	1921 assistant mycol. ; 1931 mycol. (plant path.) ; 1943 controller, state chenas	agricul,plant			1
P000048	J. J. Grinlinton	151	1885-1903	Commissioner | Managing Director | director	auto	kgp_col1907-p660b10	J. J. GRINLINTON	1828	1855-1912	1857 assistant surveyor ; 1866 official councillor of the municipality of Colombo ; 1887 councillor of municipality of Colombo	commiss			1
P000058	Ferdinand von Mueller	130	1881-1923	botanist | author | author of Eucalyptographia	review	kgp_col1880-p408b7	FERDINAND MUELLER		1877-1886	None Government botanist (Victoria)	botanis			2
P000068	William Gregory	122	1881-1943	Governor | Governor of Ceylon | late Governor	auto	kgp_col1889-p486b10	WILLIAM HENRY GREGORY		1842-1890	1871 governor	governo	Q20823179	William Henry Gregory	1
P000074	E. Rodrigo	111	1932-1944	Chairman | Acting Director of Agriculture | Director of Agriculture	auto	kgp_col1940-p1036b3	EDMUND RODRIGO	1889	1912-1940	1912 cadet ; 1915 mun. magistrate ; 1915 office assistant to government agent	agricul			1
P000077	A. W. Beven	108	1889-1925	member | Member | present	review	kgp_col1924-p792b9	ALLAN BEVEN	1867	1892-1927	1892 cadet, local division, Ceylon civil service ; 1893 assistant collector of customs ; 1895 additional magistrate				1
P000079	J. H. Hart	107	1882-1931	author | Superintendent, Royal Botanic Gardens, Trinidad | superintendent	auto	kgp_col1908-p662b7	JOHN HINCHLEY HART		1875-1909	1875 superintendent Kings House, Gardens, and Grounds (Jamaica) ; 1881 superintendent, government cinchona plantations (Jamaica) ; 1886 acting director public gardens and plantations (Jamaica)	botanic,gardens,superin,trinida			1
P000085	E. B. Creasy	103	1881-1904	Agent in Colombo, Ceylon | Agent in Colombo | correspondent	review	kgp_col1897-p481b11	E. CREASY		1868-1900	1868 Private secretary to his father Sir Edward Creasy, Chief Justice of Ceylon ; 1871 assistant to the surveyor general ; 1876 district surveyor				1
P000090	F. P. Jepson	100	1913-1942	Assistant Entomologist | visitor | Visitor	auto	kgp_col1939-p1027b18	FRANK PRICE JEPSON	1885	1908-1939	1919 assistant entomologist ; 1923 acting entomologist in addn. ; 1925 acting entomologist in addn.	agricul,entomol			1
P000103	H. N. Ridley	94	1885-1941	author | Director of the Botanic Gardens, Singapore | Director	auto	kgp_col1913-p772b11	HENRY NICHOLAS RIDLEY		1880-1921	1880 assistant in botanic department (Br. Museum) ; 1888 director of gardens and forests (S. Sttlmts.) ; 1890 sent on visit of inspection (Cocos-Keeling and Christmas Is.)	botanic,forests,gardens			1
P000108	Henry Blake	92	1887-1945	Governor | Governor of Jamaica | Governor of Ceylon	auto	kgp_col1913-p636b20	HENRY ARTHUR BLAKE	1840	1859-1917	1903 governor	governo	Q2607896	Henry Arthur Blake	1
P000112	W. W. Mitchell	91	1882-1913	shareholder | Director | Hon.	review	kgp_col1911-p735b14	WM. WILSON MITCHELL	1840	1875-1915	1875 M.L.C. ; 1881 unoffl. M.L.C.				1
P000121	A. Bruce	86	1893-1945	author | present | Unofficial Member, Western Province	review	kgp_col1925-p829b22	ALAN C. F. BRUCE	1894	1914-1927	1923 assistant master attendant ; 1924 addnl. joint police magistrate ; None acting master attendant				1
P000133	Arthur Havelock	83	1885-1914	Governor | Governor of Ceylon | His Excellency	auto	kgp_col1906-p683b12	ARTHUR ELIBANK HAVELOCK	1844	1862-1908	1890 governor of Ceylon	governo,madras	Q709735	Arthur Havelock	1
P000138	L. Lord	82	1926-1941	author | Economic Botanist, Ceylon | Economic Botanist	auto	kgp_col1958-p380b21	L. LORD	1893	1914-1958	1926 econ. bot., department of agriculture ; 1935 i/c exper. stn. ; 1935 principal, school of trop. agriculture	agricul			1
P000141	Hercules Robinson	81	1881-1917	Governor | Governor of Ceylon | former employer of Mr. Cockburn Stewart	auto	kgp_col1897-p554b10	HERCULES G. R. ROBINSON		1846-1897	1865 governor of Ceylon	employe,fiji,governo	Q336750	Hercules Robinson, 1st Baron Rosmead	1
P000149	Henry Ward	78	1881-1935	Governor | Governor of Ceylon | official	review	kgp_col1906-p753b5	HENRY THOS. SIMPSON WARD		1876-1908	1876 Suptdg. officer of irrigtn. ; 1886 district engineer ; 1894 prov. engineer				1
P000152	W. Small	77	1915-1934	Mycologist, Department of Agriculture, Ceylon | Acting Director of Agriculture | Mycologist, Department of Agriculture	auto	kgp_col1933-p1000b12	WILLIAM SMALL	1885	1913-1937	1926 mycologist	agricul,mycolog			1
P000156	W. Youngman	76	1930-1945	Chairman | Director of Agriculture | Chairman of the Board	auto	kgp_col1933-p1039b15	WILLIAM YOUNGMAN	1880	1918-1935	1931 director, agr.	agricul			1
P000161	R. N. Lyne	74	1897-1942	Director of Agriculture | Director of Agriculture, Zanzibar | author	auto	kgp_col1914-p758b16	ROBERT NUNEZ LYNE	1864	1912-1915	1912 director of agriculture	agricul			1
P000168	William Jackson	73	1884-1925	inventor of the Excelsior machine | Engineer | tea machinist	auto	kgp_col1917-p787b9	WM. HENRY JACKSON		1879-1920	1879 Cadet ; 1886 police magistrate ; 1895 assistant government agent	agent			1
P000175	E. B. Denham	71	1904-1945	Director of Education | Secretary, Ceylon Agricultural Society | Secretary of the Ceylon Agricultural Society	auto	kgp_col1937-p894b13	EDWARD BRANDIS DENHAM	1876	1899-1937	1899 cadet ; 1899 extra officer assistant government agent West. Prov. ; 1902 assistant government agent	agricul,educati,food,product	Q1291745	Edward Brandis Denham	1
P000176	Hugh Low	71	1881-1913	Resident of Perak | Resident | British Resident	auto	kgp_col1886-p466b11	HUGH LOW	1824	1848-1905	1848 entered the colonial service () ; 1848 Secretary to government (Labuan) ; 1850 police magistrate (Labuan)	adminis,british,residen	Q3100084	Hugh Low	1
P000180	C. H. Collins	69	1919-1943	Treasury Representative | Deputy Financial Secretary | Acting Financial Secretary	review	kgp_col1931-p985b15	CHARLES HENRY COLLINS	1887	1910-1940	1910 cadet, Ceylon civil service ; 1912 acting office assistant to government agent ; 1912 acting police magistrate				1
P000183	Francis Watts	69	1892-1941	author | Commissioner of Agriculture for the West Indies | Government Chemist	auto	kgp_col1925-p1013b14	FRANCIS WATTS	1859	1889-1930	1889 analytical chemist (Antigua) ; 1897 member legislative couns. (Antigua) ; 1898 analytical and agricultural chemist (Jamaica)	agricul,analyti,chemist,commiss,imperia,indies,leeward,superin			1
P000204	John Anderson	64	1889-1925	Director | Governor | Kandy and Matale West	auto	kgp_col1917-p691b13	JOHN ANDERSON	1858	1879-1917	1915 governor, Ceylon	governo			1
P000205	John Hamilton	64	1881-1903	author | correspondent | of Messrs. S. Rucker & Co.	review	kgp_col1894-p487b12	JOHN HERBERT FEARNSLEY HAMILTON		1879-1896	1879 acting commissioner; court of requests and police magistrate various districts ; 1879 attached to various Kachcheris ; 1879 cadet Ceylon service				1
P000209	W. Fawcett	64	1882-1945	author | Director of Public Gardens and Plantations | Director, Public Gardens and Plantations	auto	kgp_col1909-p709b20	WILLIAM FAWCETT	1851	1880-1921	1880 assistant botanical department (Br. Museum) ; 1886 director public gardens and plantations (Jamaica) ; 1887 member board of govs., Jamaica institute (Jamaica)	botanic,gardens,jamaica,plantat			1
P000216	H. W. Green	62	1882-1941	Director of Public Instruction | Director | speaker	auto	kgp_col1894-p483b22	HENRY WATKINS GREEN		1870-1896	1870 writer ; 1871 acting assistant government agent ; 1873 acting assistant government agent	instruc			1
P000221	J. B. Harrison	61	1883-1941	author | Professor | Barbados Professor of Chemistry	auto	kgp_col1923-p833b4	JOHN BURCHMORE HARRISON	1856	1879-1925	1879 Professor of Chemistry and Agricultural Science (Barbados) ; 1889 government analyst and prof. of chem. (Br. Guiana) ; 1905 director of department of science and agriculture (B. Guiana)	agricul,analyst,chemist,profess,science	Q136164477	John Burchmore Harrison	1
P000234	P. Arunachalam	59	1894-1941	Vice-President | present | Member of the Board	review	kgp_col1918-p679b18	PONNAMBALAM ARUNACHALAM	1853	1875-1924	1875 appointed to Ceylon civil service ; 1875 commissioner of requests and district judge ; 1875 entered Ceylon Civil Service				1
P000256	John Fraser	55	1888-1927	correspondent | member | author	review	kgp_col1928-p1055b6	JOHN GEORGE FRASER	1864	1887-1940	1887 cadet Ceylon civil service ; 1894 acting district judge ; 1899 assistant government agent				1
P000258	C. E. Jones	54	1926-1945	Deputy Financial Secretary | Treasury Representative | absent member	auto	kgp_col1940-p972b13	CHARLES ERNEST JONES	1892	1914-1940	1914 attd. to Kegalla kach. ; 1914 cadet, Ceylon civil service ; 1915 Ratnapura kach.	agent,treasur			1
P000260	Henry Walker	54	1881-1908	Commissioner of Lands | Commissioner of Lands, British North Borneo | writer	auto	kgp_col1889-p559b7	HENRY WALKER		1883-1921	1883 acting commissnr., lands, and recorder of lands (Kudat) ; 1883 assistant suptdt., lands and public works (Kudat) ; 1887 acting suptdt., P. W. department (Br. N. Borneo)	commiss,lands			1
P000267	Thomas Dickson	52	1881-1898	Managing Director | correspondent | Managing Director, Scottish Trust & Loan Company	review	kgp_col1908-p636b4	THOMAS DICKSON	1860	1900-1913	1900 served in Boer war in 1st. cont., Ceylon M.I. ; 1901 served in S.A.C.				1
P000270	E. Noel Walker	51	1888-1941	Colonial Secretary | Director | planter	review	kgp_col1905-p724b5	EDWARD NOEL WALKER	1842	1862-1908	1887 colonial secretary ; 1888 admstd. government ; 1890 lieut.-gov.				1
P000273	G. Bryce	51	1912-1928	Assistant Botanist and Mycologist | author | Assistant Mycologist	auto	kgp_col1940-p890b6	GEORGE BRYCE	1885	1913-1940	1913 assistant botanist and mycologist	botanis,mycolog,researc			1
P000291	G. G. Auchinleck	49	1910-1930	Divisional Agricultural Officer, Central | Divisional Agricultural Officer | author	auto	kgp_col1931-p950b17	GILBERT GRAHAME AUCHINLECK	1884	1902-1939	1920 divnl., agriculture officer	agricul,superin			1
P000294	Hugh Clifford	49	1899-1937	Colonial Secretary | Governor | author	auto	kgp_col1920-p789b5	HUGH CHARLES CLIFFORD	1866	1883-1940	1907 admstd. government ; 1907 colonial secretary ; 1909 admstd. government	governo	Q957756	Hugh Clifford	1
P000300	F. Burnett	48	1921-1931	Divisional Agricultural Officer | Divisional Agricultural Officer, Central | Divisional Agricultural Officer, Southern	auto	kgp_col1940-p891b12	FREDERICK BURNETT	1890	1914-1951	1925 divl. agrl. officer ; 1926 assistant regis., co-op. socs. ; 1926 vice-prin., agrl. college	agricul			1
P000313	John Kirk	47	1881-1919	planter of tea bushes | Consul-General | botanist	auto	kgp_col1909-p745b22	JOHN KIRK	1832	1880-1921	None H.M.'s polit. agent and consul-gen. (Zanzibar) ; None polit. agent and consul-gen. (Zanzibar)	consul-			1
P000317	S. C. Obeyesekere	47	1890-1921	Member of the Board | member of the Board | present	review	kgp_col1931-p1099b17	STANLEY OBEYESEKERE	1882	1912-1932	1912 crown council ; 1925 deputy solr.gen. ; 1929 acting attorney-general				1
P000321	D. Prain	46	1888-1944	author | Curator of the Herbarium | botanist	auto	kgp_col1927-p1009b16	DAVID PRAIN	1857	1882-1940	1882 demonstrator of anatomy (Edin.) ; 1883 demonstrator of anatomy (Aberdeen) ; 1884 entd. Indian medical service ()	botanic,curator,gardens,indian,medical,superin			1
P000335	H. L. Crawford	45	1890-1912	for Colonial Secretary | Member of the Board | Acting Colonial Secretary	auto	kgp_col1912-p656b10	HENRY LEIGHTON CRAWFORD	1855	1877-1921	1877 mr. Ceylon service ; 1877 writer ; 1880 police magistrate district judge, and assistant government agent	agent,collect,princip			1
P000346	J. Donnan	44	1882-1903	Master Attendant | Inspector of Pearl Banks | made practical remarks	auto	kgp_col1867-p225b9	J. DONNAN	1837	1859-1915	1859 comdr. of government steamers, "Manchester" and "Pearl" ; 1863 master attendant ; None commander of government steamer, 'Pearl'	attenda,master,pearl			1
P000365	J. I. Gnanamuttu	42	1925-1944	Secretary | visitor | Secretary, Board of Agriculture	auto	kgp_col1937-p917b21	JOSEPH ISAAC GNANAMUTTU	1879	1925-1937	1934 office assistant, Batticaloa kach. ; 1935 acting office assistant, Badulla kach.	agricul,coconut,rubber			1
P000371	William Twynam	42	1887-1917	Vice-President | author of Report on Pearl Fisheries | author of report	auto	kgp_col1867-p267b27	W. C. TWYNAM		1845-1899	1845 writer to the government ; 1848 assistant government agent ; 1852 acting assistant government agent	agent,fisheri,pearl			1
P000372	B. J. Eaton	41	1908-1931	author | researcher | writer	auto	kgp_col1931-p1006b7	BERTIE JAMES EATON	1883	1904-1936	1904 assistant research chem. (Imperial Institute) ; 1906 government chem. (F.M.S.) ; 1910 acting director of agr. (F.M.S.)	agricul,f.m.s,researc			1
P000391	William MacGregor	40	1889-1913	Governor | Administrator of British New Guinea | Administrator	auto	kgp_col1917-p809b12	WILLIAM MACGREGOR	1847	1873-1919	1873 assistant government medical officer (Seychelles) ; 1874 superintendent, lun. asyl., and res. surg., Civil Hosp. (Port Louis, Mauritius) ; 1875 chief medical officer (Fiji)	adminis,governo,guinea,lieut.-	Q2579853	William MacGregor	1
P000396	C. W. Bickmore	39	1929-1934	Deputy Financial Secretary | Acting Financial Secretary | Member of the Board	auto	kgp_col1934-p848b13	CHARLES WILLIAM BICKMORE	1888	1911-1934	1911 attached to Colombo kach. ; 1911 cadet ; 1912 colonial sec.'s office	treasur			1
P000412	G. M. Fowler	38	1890-1911	committee member | member | Government Agent	auto	kgp_col1920-p819b3	GEORGE MERRICK FOWLER	1852	1874-1921	1874 writer ; 1876 acting assistant collector of customs ; 1876 officer of class V.	agent			1
P000433	S. M. Burrows	37	1887-1909	Hon. Secretary | Director of Public Instruction | Assistant to the Government Agent	auto	kgp_col1908-p616b5	STEPHEN MONTAGU BURROWS		1880-1908	1880 attached to the Kandy Kachcheri ; 1880 writer in the Ceylon civil service ; 1881 justice of the peace and additional coroner for Colombo	agent,civil,instruc			1
P000436	J. Harward	36	1899-1913	member of the Board | Director of Public Instruction | Member of the Board	review	kgp_col1915-p727b19	JOHN HARWARD		1892-1915	1892 Principal, Royal college ; 1903 director of public instn. ; 1913 director of education				1
P000444	C. P. Layard	35	1881-1935	Government Agent | Revenue Officer | author of dictum on rice cultivation	review	kgp_col1888-p499b19	C. P. LAYARD		1830-1890	1830 extra-assistant in the colonial secretary's office ; 1831 fiscal and magistrate ; 1832 assistant to the collector	agent,judge			2
P000450	H. R. Freeman	35	1908-1944	Member | committee member | Member of the Board	auto	kgp_col1917-p756b5	HERBERT RAYNER FREEMAN	1864	1885-1919	1885 cadet ; 1891 assistant college of customs ; 1892 commissioner of requests and police magistrate	agent			1
P000455	A. Haly	34	1882-1900	Director of the Colombo Museum | Director | speaker	auto	kgp_col1897-p505b16	AMYRALD HALY		1875-1900	1875 Director, Colombo museum	museum			1
P000469	William Robinson	34	1886-1910	Governor of Trinidad | Governor | His Excellency	auto	kgp_col1910-p756b3	WILLIAM ROBINSON	1836	1854-1912	1854 assistant junior () ; 1854 clerk in the C.O. () ; 1858 priv. secretary to Mr. Herman Merivale ()	governo,trinida	Q839215	William Robinson	1
P000472	A. N. Galbraith	33	1903-1941	Secretary, Ceylon Agricultural Society | Secretary | Secretary of the Society	auto	kgp_col1915-p712b12	ALEXANDER NORMAN GALBRAITH	1878	1901-1915	1901 cadet ; 1903 officer assistant to government agent ; 1905 officer assistant to government agent	judge			1
P000510	J. P. Lewis	32	1890-1922	author | Government Agent | member	auto	kgp_col1914-p755b8	JOHN PENBY LEWIS	1854	1877-1921	1877 attached to Colombo Kachcheri ; 1877 attached to Kandy Kachchéri ; 1877 to Kandy Kachcheri	agent			1
P000525	H. A. Alford Nicholls	31	1881-1930	author | author of Tropical Agriculture | author of 'Tropical Agriculture'	auto	kgp_col1924-p926b15	HENRY ALFRED ALFORD NICHOLLS	1851	1875-1924	1875 Crown nominee in legislative assem. (Dominica) ; 1877 medical superintendent of Dominica Yaws Hosp. (Dominica) ; 1879 surgeon, Roseau Infirmary (Dominica)	agricul,dominic,medical,tropica	Q27733785	Henry Alfred Alford Nicholls	1
P000527	H. Creasy	31	1894-1918	Director | shareholder | subscriber, Colombo	review	kgp_col1930-p946b12	HAROLD THOMAS CREASY	1873	1897-1932	1897 district engineer, public works department ; 1909 acting provl. engineer ; 1910 provl. engineer				1
P000540	F. R. Dias	30	1899-1933	member | visitor | Member	review	kgp_col1919-p752b22	FELIX REGINALD DIAS		1887-1921	1889 police magistrate and commissioner of requests ; 1893 crown counsel for the island ; 1893 crown counsel for the island				1
P000550	Robert Macbride	30	1884-1904	Observer, Mihintale | Director of Public Works | Member of the Institution of Civil Engineers	review	kgp_col1894-p508b10	ROBERT KNOX MACBRIDE	1844	1866-1905	1866 Superintending officer, public works department ; 1872 irrigation assistant ; 1874 provincial assistant				1
P000553	W. C. Ondaatje	30	1883-1922	exhibitor | Acting Botanical Superintendent | Colonial Surgeon of Ceylon	auto	kgp_col1883-p427b20	W. C. ONDAATJE		1846-1883	1846 medical sub-assistant to the government of Ceylon ; 1851 medical sub-assistant to the government of Ceylon ; 1856 medical sub-assistant to the government of Ceylon	surgeon			1
P000566	Henry McCallum	29	1908-1941	Governor | Secretary of State | Governor, presided	auto	kgp_col1910-p722b20	HENRY EDWARD McCALLUM	1852	1874-1919	1907 governor of Ceylon	commiss,governo	Q5720760	Henry Edward McCallum	1
P000569	J. Stewart J. McCall	29	1908-1945	Director of Agriculture, Nyasaland | author | Director of Agriculture for Nyasaland	auto	kgp_col1921-p875b19	JACOBUS STEWART JOHNSON MCCALL		1905-1921	1905 lecturer on agriculture and biology (Egyptian government agriculture college) ; 1908 director of agriculture (Nyasaland protectorate) ; 1917 chairman (Nyasaland protectorate)	agricul,lecture			1
P000570	James E. Mason	29	1881-1897	owner of Alpha estate | proprietor of Alpha | of the Alpha estate Taviuni	auto	kgp_col1888-p510b4	JAMES EDWARD MASON		1880-1888	1880 M.L.C. (Fiji) ; 1886 executive commissioner for Fiji at Colonial Exhibition (Fiji)	commiss,executi,fiji,m.l.c			1
P000583	W. L. Kindersley	29	1899-1930	Chairman | Government Agent, Central Province | Government Agent	auto	kgp_col1923-p855b3	WILLIAM LORING KINDERSLEY	1868	1893-1928	1893 cadet ; 1893 priv. secretary to lieut.-govr. ; 1895 additional police magistrate	agent			1
P000597	James Longden	28	1881-1912	Governor | Governor of Ceylon | speaker	auto	kgp_col1886-p466b5	JAMES R. LONGDEN		1844-1890	1877 governor	governo	Q6142212	James Robert Longden	1
P000600	P. Carmody	28	1898-1920	Government Analyst | Govt. Analyst | Government Analyst, Trinidad	auto	kgp_col1899-p491b13	P. CARMODY		1876-1917	1876 entered imperial service () ; 1880 inland rev. laboratory scholarship () ; 1881 assistant Analyst (Somerset House)	agricul,analyst,chemist,profess			1
P000609	Tom Gibson	28	1884-1900	Hon. Secretary | Secretary | donor of plants from Miriasedela	review	kgp_col1883-p389b3	T. M. GIBSON		1871-1886	1871 writer in the Ceylon civil service ; 1877 acting commissioner of requests ; 1877 assistant agent				1
P000614	A. Sharples	27	1915-1937	author | researcher | Mycologist, Department of Agriculture, S.S. & F.M.S.	auto	kgp_col1934-p1003b12	ARNOLD SHARPLES	1887	1912-1934	1912 assistant mycologist (F.M.S.) ; 1916 mycologist (F.M.S.) ; 1917 2nd lieut. (on probation), R.E., Inland Waterways and Dock Section (F.M.S.)	mycolog,researc			1
P000616	Arthur Willey	27	1894-1909	Director of the Colombo Museum | author | F.R.S.	auto	kgp_col1912-p798b3	ARTHUR WILLEY	1867	1902-1912	1902 director of Colombo museum ; 1902 lecturer on biology at Ceylon medical college ; 1903 editor of Spolia Zeylanica	editor,museum,spolia,zeylani			1
P000617	C. E. Ford	27	1882-1945	Geneticist | Superintendent of the Botanical and Afforestation Department | released for military service	review	kgp_col1880-p372b17	CHARLES FORD		1877-1886	1877 superintendent of the Botanic Gardens (Hong Kong)	botanic,superin			1
P000620	F. C. Loos	27	1884-1921	Director | Chairman | resident	review	kgp_col1917-p804b15	FREDERICK CHRISTIAN LOOS	1861	1907-1921	1907 deputy registrar, supreme court ; 1908 acting registrar ; 1910 acting registrar				1
P000660	R. H. Bassett	26	1938-1944	Commissioner for the Development of Agricultural Marketing | Commissioner for Development of Agricultural Marketing | Marketing Commissioner	auto	kgp_col1939-p932b5	RALPH HENRY BASSETT	1896	1914-1940	1920 cadet ; 1921 attd. to Ratnapura Kach. ; 1922 acting police magistrate	agricul,commiss,marketi			1
P000663	W. H. Treacher	26	1883-1912	Governor | Resident-General | Acting Consul-General	auto	kgp_col1914-p825b8	W. H. TREACHER	1849	1871-1918	1871 acting police magistrate (Labuan) ; 1873 acting colonial secretary and auditor (Labuan) ; 1874 member of the legislative council (Labuan)	borneo,british,consul-,governo,north,residen	Q1701295	William Hood Treacher	1
P000665	W. Nowell	26	1902-1941	author | Mycologist of the Imperial Department | first to observe the association of the nematode with the disease	auto	kgp_col1936-p969b16	WILLIAM NOWELL	1880	1900-1937	1900 on mily. service (S. Africa) ; 1911 assistant superintendent, agr. (Barbados) ; 1913 mycologist and agrl. lecturer (W. Indies)	agricul,mycolog,researc			1
P000671	G. A. Joseph	25	1895-1919	present | member of the Board | member	auto	kgp_col1914-p744b10	GERARD ABRAHAM JOSEPH	1870	1891-1922	1891 acting librarian and y. Colombo museum ; 1891 Priv. secretary to Mr. justice Clarence ; 1892 acting librarian and y. Colombo museum	librari,museum			1
P000675	H. W. Jack	25	1921-1940	author | Economic Botanist | Economic Botanist, Department of Agriculture, F.M.S. & S.S.	auto	kgp_col1939-p1024b18	HENRY WALTER JACK	1891	1914-1940	1914 agr. inspector (F.M.S.) ; 1915 agr. instr. (F.M.S.) ; 1919 ec. botanist (S.S. & F.M.S.)	agricul,botanis,economi,malaya,rice			1
P000676	Henry A. Blake	25	1890-1941	Governor | Founder | Founder of the Ceylon Agricultural Society	auto	kgp_col1913-p636b20	HENRY ARTHUR BLAKE	1840	1859-1917	1903 governor	governo	Q2607896	Henry Arthur Blake	1
P000682	L. J. De S. Seneviratne	25	1944-1945	Chairman | Acting Director of Agriculture (Chairman) | Director of Agriculture	review	kgp_col1940-p1043b17	LEOPOLD JAMES DE SILVA SENEVIRATNE	1899	1923-1940	1923 attd. ; 1923 cadet ; 1924 attd.				1
P000686	W. E. Davidson	25	1885-1941	Mayor of Colombo | Secretary | Honorary Secretary	auto	kgp_col1919-p747b11	WALTER EDWARD DAVIDSON	1859	1880-1923	1880 attached to Kandy Kachcheri ; 1880 writer ; 1881 transferred to Colombo Kachcheri	adminis,agent,mayor	Q3565744	Walter Edward Davidson	1
P000687	A. B. Murray	24	1886-1912	Director | shareholder | Director, 33 Renfield Street, Glasgow; and Rosebank, Patrick	review	kgp_col1909-p768b20	ALEXANDER MURRAY	1850	1871-1909	1871 Pioneer officer ; 1871 superintendent ; 1874 chief assistant	geologi			1
P000689	Alfred Ernest Caldicott	24	1899-1904	Observer, Ambanpitiya | Observer, Urubokka | District Engineer of the Public Works Department of Ceylon	auto	kgp_col1922-p757b14	ALFRED ERNEST CALDICOTT	1866	1886-1922	1889 district engineer ; 1890 district engineer ; 1891 district engineer	enginee			1
P000693	F. R. Ellis	24	1887-1941	Government Agent of the Western Province | Exhibitor | Government Agent, W. P.	auto	kgp_col1914-p702b11	FRANCIS ROBT. ELLIS	1849	1871-1915	1871 Writer in the Ceylon civil service ; 1874 additional police magistrate ; 1876 office assistant to government agent	agent	Q16466626	F. R. Ellis	1
P000702	J. B. Cull	24	1885-1899	Director of Public Instruction | new Director of Public Instruction | present at meeting	auto	kgp_col1894-p464b5	J. B. CULL		1878-1900	1878 Principal of the Royal College ; 1879 Principal of the Royal College ; 1890 director of public instruction	college,instruc,princip,royal			1
P000704	John Douglas	24	1883-1922	author | Lieut.-Governor | purchaser in the new Barolin township	auto	kgp_col1883-p378b17	JOHN DOUGLAS	1828	1859-1905	1868 poor law commissioner ; 1869 auditor-general ; 1873 colonial secretary	lieut.-,residen	Q3181373	John Douglas	1
P000725	Frederick Weld	23	1881-1895	Governor of the Straits Settlements | Governor | late Governor of the Straits Settlements	auto	kgp_col1888-p556b6	FREDERICK ALOYSIUS WELD	1823	1843-1890	1843 emigrated (New Zealand) ; 1854 member of the executive council (New Zealand) ; 1860 minister for native affairs (New Zealand)	governo	Q328269	Frederick Weld	1
P000726	G. H. Withers	23	1881-1900	counsel | counsel for plaintiff | Judge	auto	kgp_col1894-p560b12	G. H. WITHERS		1892-1900	1892 Puisne judge	judge			1
P000731	H. Wace	23	1895-1912	Chairman | Government Agent | author of Administration Report	auto	kgp_col1905-p723b20	HERBERT WACE	1851	1873-1906	1873 writer ; 1876 assistant collector of customs ; 1886 acting government agent	agent			1
P000750	William Taylor	23	1881-1920	Manager | shareholder | M.D., of the A. B. C. F. M. Mission, Osaka, Japan	auto	kgp_col1923-p940b5	W. T. TAYLOR	1848	1879-1931	1895 acting colonial secretary ; 1895 audr.-gen. ; 1896 acting colonial secretary	commiss	Q16466628	William Thomas Taylor	1
P000755	C. J. R. Le Mesurier	22	1885-1904	Assistant Government Agent of Nuwara Eliya | Ceylon Civil Service | member of a Commission appointed by the New Zealand Government	auto	kgp_col1886-p464b8	C. J. R. LE MESURIER		1875-1894	1875 attached colonial secretary's office ; 1875 attached Kandy Kachcheri ; 1875 attached Kandy Kachchéri	agent,judge			1
P000757	C. V. Brayne	22	1907-1936	Government Agent | Assistant Government Agent, and Chairman Mullaitive Agricultural Society | Assistant Government Agent Mullaittivu, Chairman of the Branch Society	auto	kgp_col1933-p850b15	CHARLES VALENTINE BRAYNE	1877	1901-1935	1901 cadet ; 1903 officer assistant to government agent ; 1906 assistant government agent	agent			1
P000773	Joseph Bosisto	22	1881-1888	President of the Victorian Commission | manufacturer of eucalyptus oil | exhibitor	auto	kgp_col1889-p447b9	JOSEPH BOSISTO		1886-1898	1886 President, Victorian Commission for the Colonial and Indian Exhibition (Victoria) ; 1886 President (Victorian Commission for the Colonial and Indian Exhibition) ; 1888 executive commissioner (Melbourne)	commiss,exhibit,victori			1
P000792	C. Rasanayagam	21	1907-1933	Mudaliyar | Mudaliyar, Secretary of the Dumbara Branch | author	review	kgp_col1924-p943b12	CHELLAPPAH RASANAYAGAM	1870	1923-1929	1923 appointed to class V., Ceylon civil service ; 1923 extra office assistant				1
P000794	C. W. Meaden	21	1894-1904	Manager of the Government Farm, Trinidad | Manager | Manager of the Trinidad Government Farm	auto	kgp_col1896-p620b9	C. W. MEADEN		1870-1923	1870 14th Hussars and 5th Dragoon Gds. () ; 1877 convict service (England) ; 1885 suptd. of Chaguanas convict depot (Trinidad)	convict,depot,farm,manager,trinida			1
P000807	H. A. Tempany	21	1910-1941	author | Director of Agriculture, Mauritius | Acting Government Analytical Chemist, and Superintendent of Agriculture for the 	auto	kgp_col1948-p548b17	HAROLD AUGUSTINE TEMPANY	1881	1903-1951	1903 assistant governor chemist (Leeward Is.) ; 1905 member, Antigua Defence Reserve (Antigua) ; 1906 acting government chemist and superintendent of agriculture (Leeward Is.)	agricul,chemist,leeward,superin			1
P000812	James Inglis	21	1881-1908	Commissioner for India | Minister of Public Instruction in New South Wales | Executive Commissioner for India	auto	kgp_col1897-p513b16	JAMES INGLIS	1845	1875-1911	1875 famine commissioner (Bhangulpore) ; 1881 executive commissioner for the government of India (Melbourne) ; 1885 entered parliament (N.S.W.)	commiss,executi,india,ministe			1
P000813	L. Wray	21	1883-1939	superintendent | reporter on gutta rambong | of Perak	auto	kgp_col1905-p731b15	LEONARD, junior WRAY	1852	1877-1908	1877 telegraph engineers () ; 1881 entered public works department (Perak) ; 1882 superintendent, Government Hill Garden (Larut)	curator,geologi,perak,state,superin			1
P000839	F. H. Price	20	1888-1910	Mayor of Colombo | Government Agent | local Civil Service	auto	kgp_col1913-p766b16	FERDINANDO HAMLYN PRICE	1855	1878-1914	1878 attached to the Colombo Kachcheri ; 1878 attached to the Kandy Kachcheri ; 1878 writer to the government	agent,mayor			1
P000840	F. R. Saunders	20	1881-1908	Committee member | author of Administration Report | resident in Ceylon	auto	kgp_col1897-p557b7	FREDERICK RICHARD SAUNDERS	1838	1857-1910	1857 assistant surveyor ; 1860 acting assistant agent ; 1862 assistant agent	agent,ratnapu	Q23932719	Frederick Richard Saunders	1
P000860	W. G. Freeman	20	1894-1933	author | shareholder | Royal College of Science, London	auto	kgp_col1928-p1055b15	WILLIAM GEORGE FREEMAN	1874	1896-1929	1896 priv. assistant to director of Royal Bot. Gardens ; 1897 demonstrator in Botany	agricul,royal,scienti			1
P000870	A. S. Pagden	19	1890-1919	Vice-President | Hon. Mr. | Hon'ble	auto	kgp_col1921-p903b19	A. S. PAGDEN		1881-1921	1881 writer, Ceylon civil service ; 1887 police magistrate ; 1890 office assistant to the government agent	control,revenue			1
P000877	Ambrose Shea	19	1890-1901	Governor of the Bahamas | Governor | Governor of the islands	auto	kgp_col1896-p646b7	AMBROSE SHEA		1850-1905	1850 Member of assembly (Newfoundland) ; 1854 delegate to Washington on reciprocity treaty (Washington) ; 1855 speaker (Newfoundland)	governo	Q4741868	Ambrose Shea	1
P000889	H. T. S. Ward	19	1899-1913	Director of Irrigation | member | Member of the Board	review	kgp_col1906-p753b5	HENRY THOS. SIMPSON WARD		1876-1908	1876 Suptdg. officer of irrigtn. ; 1886 district engineer ; 1894 prov. engineer				1
P000893	J. F. Dickson	19	1883-1937	Government Agent of Kandy | Government Agent of the Central Province | C.M.G.	auto	kgp_col1886-p431b9	J. F. DICKSON		1859-1890	1859 attached to the colonial secretary's office ; 1859 Writer to the government ; 1860 acting secretary to the school commission	agent			1
P000896	J. R. Mosse	19	1884-1895	Director of Public Works in Ceylon | author of the paper | reader of the Paper	auto	kgp_col1877-p399b16	J. R. MOSSE		1854-1883	1871 director of public works and director general of the railway	enginee			1
P000898	Joseph Jones	19	1884-1921	Curator of the Botanic Station, Dominica | inventor of wood preservation method | curator	auto	kgp_col1922-p834b16	JOSEPH JONES		1892-1925	1892 curator, botanic gardens (Dominica) ; None secretary to agriculture experiments committee (Dominica) ; None secretary to permanent exhibtn. committee (Dominica)	botanic,curator,experim			1
P000938	H. J. Huxham	18	1936-1945	Financial Secretary | Member of the Board | The Hon. The Financial Secretary	review	kgp_col1940-p966b7	HAROLD JAMES HUXHAM	1889	1929-1940	1929 income tax advr. ; 1932 commissioner, income tax and stamps ; 1934 finan. secretary				1
P000953	P. Ramanathan	18	1888-1923	committee member | Member of Committee | Member of the Legislative Council	auto	kgp_col1927-p1012b6	PONNAMBALAM RAMANATHAN	1851	1873-1931	1873 advoc., sup. court ; 1876 advocate, supreme court ; 1878 advocate, supreme court	legisla,solicit			1
P000970	Temple A. J. Smith	18	1885-1920	Tobacco Expert | Chief Field Officer | writer	review	kgp_col1886-p500b18	T. SMITH		1868-1898	1868 Superintending officer, public works department ; 1871 draftsman and framer of estimates ; 1877 provincial assistant				1
P000987	Arthur Birch	17	1886-1898	shareholder | Commissioner | attended Ceylon Dinner	auto	kgp_col1888-p440b8	ARTHUR N. BIRCH		1855-1914	1873 colonial secretary ; 1873 col. secretary Ceylon ; 1874 administered the govt.	bank,commiss,england,lieut.-	Q4798011	Arthur Birch	1
P001001	G. S. Saxton	17	1887-1919	Government Agent of the North-Western Province | Government Agent | Exhibitor	auto	kgp_col1912-p767b9	GEORGE SHADWELL SAXTON	1858	1878-1915	1878 writer ; 1887 assistant government agent ; 1887 police magistrate	agent			1
P001005	H. H. Cousins	17	1897-1933	Director of Agriculture | author | Director of Agriculture, Jamaica	auto	kgp_col1930-p944b19	HERBERT HENRY COUSINS		1894-1932	1894 lecturer in chemistry (Ventnor) ; 1900 government analytical and agriculture chemist (Jamaica) ; 1907 nominated M.L.C. (Jamaica)	agricul,chemist,college,experim			1
P001019	J. L. Vanderstraaten	17	1881-1901	author | author of paper on silkworm rearing | Retired Colonial Surgeon, W.P., and Principal Ceylon Medical College	auto	kgp_col1888-p552b19	J. L. VANDERSTRAATEN		1863-1900	1863 Medical assistant ; 1867 assistant colonial surgeon, second class ; 1868 assistant colonial surgeon, first class	college,medical,princip,surgeon			1
P001020	J. S. Kennedy	17	1926-1938	Director of Irrigation | Acting Director of Irrigation | Divisional Irrigation Engineer, W.D.	auto	kgp_col1937-p952b14	JOHN SINCLAIR KENNEDY	1891	1935-1937	1935 director irrigation	irrigat			1
P001024	James Stewart	17	1887-1909	author | member | professor	review	kgp_col1886-p502b22	J. T. STEWART		1866-1889	1866 Superintending officer public works department				1
P001027	John Dent Young	17	1881-1900	translator | correspondent | sender of specimens	auto	kgp_col1879-p470b12	J. D. YOUNG		1851-1880	1851 district road officer ; 1852 district road officer ; 1852 superintending officer	road			1
P001030	L. B. von Donop	17	1881-1888	author | author of the letter | Author of the diary	auto	kgp_col1890-p562b8	LIONEL BRUNTON VAN DONOP		1881-1890	1881 Suptdt. of agriculture (Br. N. Borneo) ; 1885 priv. secretary to governor Treacher (Br. N. Borneo) ; 1886 assistant colonial secretary (Br. N. Borneo)	agricul			1
P001040	R. E. Stubbs	17	1913-1935	Colonial Secretary, Vice-President | Colonial Secretary | Officer Administering the Government, Ceylon	auto	kgp_col1939-p1112b17	REGINALD EDWARD STUBBS	1876	1900-1940	1913 colonial secretary ; 1913 col. secretary ; 1913 O.A.G.	adminis	Q2607987	Reginald Edward Stubbs	1
P001055	A. G. Fraser	16	1907-1922	Unofficial Member, Central Province | Central Province | Principal, Trinity College, Kandy	auto	kgp_col1931-p1017b9	ALEXANDER GARDEN FRASER	1873	1900-1940	1904 principal	princip			1
P001063	C. S. Vaughan	16	1899-1920	Chairman | Government Agent | Chairman, Central Province	auto	kgp_col1921-p954b6	CHARLES STEWART VAUGHAN	1866	1889-1921	1889 cadet ; 1891 officer assistant to government agent ; 1896 fiscal	agent			1
P001064	Cecil Clementi Smith	16	1883-1902	Governor of the Straits Settlements | sanctioned railway extension | Trustee for the Debenture Holders	auto	kgp_col1909-p797b9	CECIL CLEMENTI SMITH	1840	1862-1915	1885 lieut.-gov. and colonial secretary	adminis,governo	Q5056012	Cecil Clementi Smith	1
P001074	F. G. Spring	16	1912-1927	author | Agriculturist, F.M.S. | Superintendent, Government Plantations, F.M.S.	auto	kgp_col1932-p1044b8	FREDERICK GEORGE SPRING	1887	1910-1934	1910 superintendent, government plantations (F.M.S.) ; 1912 agriculturist, agri. department (F.M.S.) ; 1925 agriculturist (rubber) (F.M.S.)	agricul,plantat,rubber,superin			1
P001077	G. W. R. Campbell	16	1882-1897	attendee | ex-Ceylon resident | potential investor	auto	kgp_col1883-p366b9	GEORGE W. R. CAMPBELL		1855-1905	1866 cholera commissioner ; 1866 inspector-general ; 1866 organised the present Ceylon police	governo			1
P001095	L. W. Booth	16	1900-1912	Nominated Member, Western Province | Member of the Board | member of the Board	auto	kgp_col1917-p705b15	LEONARD WM. BOOTH	1856	1878-1921	1878 writer ; 1880 police magistrate ; 1886 office assistant to government agent	agent			1
P001126	B. Horsburgh	15	1909-1930	Government Agent of the Province | committee member | Government Agent, N.P.	auto	kgp_col1923-p841b6	B. HORSBURGH	1868	1889-1923	1889 cadet ; 1891 acting office assistant ; 1891 had charge of a camp of Boer prisoners of war at Hambantota	agent			1
P001137	D. E. Hutchins	15	1881-1911	author | Conservator of Forests | Deputy Conservator of Forests	auto	kgp_col1908-p669b19	DAVID ERNEST HUTCHINS	1850	1872-1911	1872 assistant conservator of forests, India, 3rd grade (India) ; 1875 assistant conservator of forests, India, 2nd grade (India) ; 1878 assistant conservator of forests, India, 1st grade (India)	cape,conserv,forestr,forests,reporte			1
P001148	F. W. South	15	1911-1938	Mycologist | author | Mycologist of the Staff of the Imperial Department of Agriculture for the West I	auto	kgp_col1937-p1024b16	FRANCOIS WILTON SOUTH	1886	1909-1937	1909 mycologist and lect. in agrl. sci. (W. Indies) ; 1913 chief agrl. inspector (F.M.S.) ; 1924 chief agrl. field officer (F.M.S.)	agricul,field,inspect,malaya,mycolog			1
P001164	J. B. Thurston	15	1883-1902	Governor of Fiji | Governor | Colonial Secretary, Fiji	auto	kgp_col1897-p569b14	JOHN BATES THURSTON		1866-1897	1866 Entered the British consulate (Fiji and Tonga) ; 1867 acting consul (Fiji and Tonga) ; 1872 chief secretary and minister for foreign relations (Fiji)	adminis,fiji,governo	Q6221079	John Bates Thurston	1
P001165	J. Fraser	15	1888-1913	correspondent | member | suffering from drinking strong tea	auto	kgp_col1928-p1055b6	JOHN GEORGE FRASER	1864	1887-1940	1887 cadet Ceylon civil service ; 1894 acting district judge ; 1899 assistant government agent	agent			1
P001176	L. L. Hunter	15	1934-1945	Member | member | Government Agent, N.C.P.	auto	kgp_dol1935-p919b8	LOUIS LUCIEN HUNTER	1889	1914-1937	1914 att. to Colombo kach. ; 1914 cadet, local division, Ceylon civil service ; 1915 addtl. commissioner of requests and police magistrate	agent,commiss			1
P001198	W. Brown	15	1899-1940	author | member of General Committee | Curator, Botanic Station, Accra	review	kgp_col1931-p969b17	WILLIAM BROWN	1872	1901-1931	1901 irrigation engineer ; 1911 division irrigation engineer ; 1920 acting assistant director, irrigation				1
P001212	A. C. Lawrie	14	1887-1901	Exhibitor | prize winner | donor in the Colony	auto	kgp_col1897-p523b4	ARCHIBALD CAMPBELL LAWRIE		1873-1900	1873 District judge ; 1873 District judge ; 1892 issne judge, sup. court	commiss,judge,puisne			1
P001222	C. A. Murray	14	1881-1941	Assistant Government Agent from Ratnapura | Assistant Government Agent | C.C.S.	review	kgp_col1886-p478b17	C. A. MURRAY		1866-1900	1866 Writer, Ceylon civil service ; 1870 acting landing surveyor ; 1870 assistant government agent	agent			2
P001226	C. L. Wickremesinghe	14	1924-1941	Commissioner of Lands | Land Commissioner | Assistant Government Agent, Mannar	auto	kgp_col1928-p1205b18	CYRIL LEONARD WICKREMESINGHE	1890	1909-1940	1912  ; 1912 cadet, local division ; 1913 office assistant to government agent	agent			1
P001228	C. T. D. Vigors	14	1899-1912	member of the Board | Member of the Board | present	review	kgp_col1912-p791b18	CHARLES THORNTON DOGNE VIGORS		1878-1912	1878 writer ; 1883 police magistrate ; 1884 assistant collector of customs				1
P001235	Dodwell Browne	14	1892-1902	counsel | counsel for defendants | counsel for the defence	review	kgp_col1894-p452b4	DODWELL F. BROWNE		1892-1905	1892 District judge				1
P001246	H. C. Smith	14	1883-1897	Chairman | inventor | inventor of the machine	review	kgp_col1905-p712b10	HENRY SMITH		1886-1905	1886 joined Mauritius police force (Mauritius) ; 1897 inspector of police (Seychelles)	mauriti			1
P001255	J. F. Anderson	14	1894-1906	secretary | Secretary | agent and secretary	review	kgp_col1917-p691b13	JOHN ANDERSON	1858	1879-1917	1915 governor, Ceylon	agent			1
P001259	J. L. Parsons	14	1882-1940	Government Resident in the Northern Territory | Minister of Education | Minister of Education, South Australia	review	kgp_col1894-p525b20	J. L. PARSONS		1881-1897	1881 Minister of education (South Australia) ; 1885 government resident (northern territory) ; 1890 M.L.A. (northern territory)	educati,ministe,residen			2
P001269	Joseph De Verteuil	14	1912-1930	author | Superintendent of Field Experiments | author of the article	review	kgp_col1932-p912b20	JOSEPH DE VERTEUIL	1874	1899-1935	1899 assistant government analyst (Trinidad) ; 1913 superintendent, field experiments (Trinidad) ; 1920 agnl. chem. (Trinidad)	experim,field,superin			2
P001283	R. O. Williams	14	1903-1939	author | Curator Royal Botanic Gardens and St. Clair Experiment Station, Trinidad | Curator, Royal Botanic Gardens	auto	kgp_col1940-p1079b18	ROBERT ORCHARD WILLIAMS	1891	1916-1940	1916 curator, botanic gardens (Trinidad) ; 1920 superintendent, agr. (Grenada) ; 1931 economic botanist (Grenada)	agricul,botanic,botanis,curator,gardens,superin			1
P001284	R. W. Smith	14	1902-1913	Director of Irrigation | author | of the Ceylon P. W. D.	review	kgp_col1911-p771b20	RICHARD WILLIAM SMITH	1856	1879-1913	1892 D.E., irrgn. department ; 1894 acting prov. engineer ; 1902 returned to Ceylon				1
P001288	Samuel Grenier	14	1890-1895	prize donor | Attorney-General | visitor	auto	kgp_col1888-p481b17	S. GRENIER		1886-1890	1886 Attorney-general	attorne			1
P001320	Charles Mitchell	13	1888-1909	Governor | Governor of the Straits Settlements | Governor of the Colony	review	kgp_col1897-p535b17	C. B. H., R.M. MITCHELL		1868-1899	1868 Colonial secretary (Br. Honduras) ; 1868 Colonial secretary (British Honduras) ; 1870 administered the government (Br. Honduras)	governo	Q5080991	Charles Mitchell	2
P001333	F. H. M. Corbet	13	1889-1903	attendee | for Director | of London	review	kgp_col1896-p567b8	FREDERICK H. M. CORBET	1862	1885-1924	1886 librarian of Colombo museum ; 1886 librn. ; 1887 honorary secretary				1
P001336	Frank Swettenham	13	1898-1917	Governor of the Straits | author | Resident-General	auto	kgp_dol1935-p1006b3	FRANK ATHELSTANE SWETTENHAM	1850	1870-1940	1870 Appointed to the civil service (Straits Settlements) ; 1870 cadet (S. Sttlmts.) ; 1870 cadet (Straits Settlements)	commiss,governo,malay,residen,states,straits	Q4209641	Frank Swettenham	1
P001355	J. Lamb	13	1881-1945	Tea Technologist | Biochemist | exhibitor, Penang	review	kgp_col1958-p373b15	J. LAMB	1909	1933-1966	1934 tea research inst.				1
P001359	J. P. Anderson	13	1886-1909	Director, Estate Inspector | Visiting Agent | author	review	kgp_col1917-p691b13	JOHN ANDERSON	1858	1879-1917	1915 governor, Ceylon	agent			1
P001366	J. West Ridgeway	13	1896-1913	Governor | Governor of Ceylon | Retired Governor of Ceylon	auto	kgp_col1930-p1070b10	J. WEST RIDGEWAY	1844	1881-1940	1895 governor of Ceylon	governo,lieut.-			1
P001429	B. A. Keen	12	1915-1942	author | researcher at Rothamsted | Assistant Director, Rothamsted Experimental Station	review	kgp_col1949-p496b17	Bernard Augustus KEEN	1890	1912-1949	1912 soil physicist (Rothamsted exper. stn.) ; 1914 on military service () ; 1919 head of physics department (Rothamsted exper. stn.)				1
P001430	B. Bunting	12	1915-1942	author | Agriculturist, Department of Agriculture, S.S. & F.M.S. | Agriculturist	auto	kgp_col1939-p952b14	BENJAMIN BUNTING	1889	1914-1940	1930 on sp. duty	agricul			1
P001442	F. A. Swettenham	12	1887-1910	Resident-General | recipient of letter | British Resident	auto	kgp_dol1935-p1006b3	FRANK ATHELSTANE SWETTENHAM	1850	1870-1940	1870 Appointed to the civil service (Straits Settlements) ; 1870 cadet (S. Sttlmts.) ; 1870 cadet (Straits Settlements)	british,governo,residen	Q4209641	Frank Swettenham	1
P001449	G. F. Plant	12	1906-1917	Assistant Government Agent, Kalutara | Assistant Government Agent | Assistant Government Agent of Kalutara	auto	kgp_col1939-p1080b15	GEORGE FREDERIC PLANT	1877	1901-1939	1901 cadet ; 1902 officer assistant ; 1903 acting office assistant to government agent	agent			1
P001483	John Bailey	12	1883-1912	Resident Manager | official in attendance | Civil Service	auto	kgp_col1897-p458b6	J. B. A. BAILEY		1863-1900	1863 writer to the Ceylon government ; 1865 acting assistant government agent ; 1865 commissioner of requests and police magistrate of Kalpitya	agent			1
P001491	Maurice Holtze	12	1882-1907	director of the Port Darwin Botanic Garden | Director of the Gardens | Director of the Palmerston gardens	auto	kgp_col1909-p733b17	MAURICE WM. HOLTZE		1878-1915	1878 Govt. gardener (Port Darwin) ; 1880 botanic gardener (Port Darwin) ; 1891 director botanic garden (Adelaide)	botanic,garden,gardene			1
P001512	Roland Trimen	12	1883-1900	Director of the South African Museum | Kew authority, retained cocoa plants | botanist, Kew	auto	kgp_col1888-p550b18	ROLAND TRIMEN		1860-1898	1860 clerk of third class in auditor-general's office (Cape Town) ; 1862 transferred to colonial secretary's office (Cape Town) ; 1865 second-class clerk (Cape Town)	african,cape,congres,delegat,museum,phyllox,south			1
P001514	S. M. P. Vanderkoen	12	1929-1933	absent member | member, Estate Products Committee | Mudaliyar	review	kgp_col1922-p929b20	SUSAIPILLAI MUDALIYAR PHILIP VANDERKOEN	1864	1922-1924	None office assistant to assistant government agent				1
P001525	W. C. Gibson	12	1884-1921	Colonial Secretary | former Colonial Secretary | Master Attendant	auto	kgp_col1867-p231b3	W. C. GIBSON		1832-1890	1832 appointed to the Ceylon civil service ; 1833 assistant collector of customs ; 1833 assistant government agent	agent,civil			1
P001528	W. G. Vallipuram	12	1919-1928	Office Assistant, Secretary | Office Assistant to A. G. A. | Secretary	auto	kgp_col1927-p1054b4	WILLIAM GEORGE VALLIPURAM	1868	1917-1928	1917 acting police magistrate ; 1919 appointed to class V. of civil service, local divn. ; 1922 police magistrate	magistr,police			1
P001530	W. N. C. Belgrave	12	1918-1935	author | compiler of the bulletin | author of cited study	auto	kgp_col1940-p877b3	WILLIAM NORMAN CUMMINS BELGRAVE	1891	1914-1940	1914 assistant mycologist (F.M.S.) ; 1920 plant physiologist (F.M.S.) ; 1927 chief, divn. of soils and plant physiology (F.M.S.)	agricul,physiol,plant			1
P001534	William Kynsey	12	1887-1900	official | retired | author of leading article	auto	kgp_col1905-p671b8	W. R. KYNSEY	1840	1875-1908	1875 principal civil medical officer, and inspr.-gen. of hospitals	civil,medical,princip			1
P001535	William Mitchell	12	1882-1908	author of the letter | correspondent | juror in the Portswood tea factory	review	kgp_col1911-p735b14	WM. WILSON MITCHELL	1840	1875-1915	1875 M.L.C. ; 1881 unoffl. M.L.C.				1
P001544	A. N. Birch	11	1884-1895	present at the meeting | C.M.G., Commissioner | Executive Commissioner for Ceylon, Chairman	auto	kgp_col1888-p440b8	ARTHUR N. BIRCH		1855-1914	1873 colonial secretary ; 1873 col. secretary Ceylon ; 1874 administered the govt.	commiss,executi,lieut.-	Q4798011	Arthur Birch	1
P001549	Asa Gray	11	1883-1920	botanist | author of a paper on weeds | author of note	review	kgp_col1877-p377b6	A. GRAY		1871-1880	1871 writer ; 1873 acting assistant government agent				1
P001550	Augustus Adderley	11	1886-1901	author | Royal and Executive Commissioner | author of sketch in Official Hand-book	auto	kgp_col1905-p603b14	AUGUSTUS JOHN ADDERLEY	1835	1883-1905	1883 special commissioner (Bahamas and Jamaica) ; 1883 Special Commissioner for the Bahamas (Bahamas) ; 1885 executive commissioner (West Indies and Br. Honduras sections)	commiss,executi			1
P001563	Charles Bruce	11	1882-1906	Governor | Committee member | author of article in New Review	review	kgp_col1917-p712b24	CHARLES BRUCE	1837	1863-1920	1878 director of public instruction		Q5075843	Charles Bruce	1
P001570	E. F. Tranchell	11	1883-1906	Director | author of the letter | signatory and director	review	kgp_col1889-p554b12	E. F. TRANCHELL		1848-1890	1848 served in the Ceylon rifle regiment ; 1864 commandant of Jaffna ; 1866 commandant of Kandy				1
P001597	H. White	11	1889-1900	for Colonial Secretary | of Guy's Hospital | Asst. Govt. Agen., Kegalla	review	kgp_col1910-p786b6	HERBERT WHITE	1857	1886-1910	1886 police magistrate ; 1895 acting government agent ; 1895 assistant agent				1
P001602	J. A. Balfour	11	1915-1917	Vice-President | Director of Irrigation, Ceylon | Vice-President of the Board of Agriculture	auto	kgp_col1917-p696b6	JOHN AYLMER BALFOUR	1874	1900-1918	1900 irrigtn. engineer ; 1907 acting assistant director of irrigtn. ; 1908 acting assistant director of irrigatn	irrigat			1
P001605	J. A. Swettenham	11	1881-1911	for Colonial Secretary | For Colonial Secretary | intermediary for seeds	auto	kgp_col1924-p972b7	J. ALEXANDER SWETTENHAM	1846	1868-1933	1868 writer ; 1870 acting police magistrate ; 1870 police magistrate	auditor,governo	Q31534106	James Alexander Swettenham	1
P001614	J. N. Milsum	11	1917-1942	author | Assistant Agriculturist, Department of Agriculture, F.M.S. & S.S. | Assistant Agriculturist, author	auto	kgp_col1950-p570b9	JOHN NOEL MILSUM	1890	1913-1951	1913 assistant superintendent, governor plantations (F.M.S.) ; 1920 assistant agriculturalist (F.M.S.) ; 1921 on sp. duty in Sumatra (Sumatra)	agricul,plantat,superin			1
P001624	James Robertson	11	1881-1901	P. W. D. | Company's manager in Fiji | author of letter	review	kgp_col1886-p492b18	J. ROBERTSON		1877-1898	1878 Superintending officer, public works department				2
P001630	John McCarthy	11	1882-1888	Government Analyst | Secretary | Assistant Commissioner for Trinidad	auto	kgp_col1890-p514b20	JOHN McCARTHY		1871-1890	1871 entered the home service by open competition () ; 1875 assistant analyst at the government laboratory, Somerset House, London (London) ; 1879 professor of chemistry Queen's Royal College, and College of the Immaculate Conception (Trinidad)	analyst,chemist,commiss,trinida			1
P001637	L. F. Lee	11	1894-1900	Principal Collector of Customs | Principal Collector | member of Commission	auto	kgp_col1897-p523b17	LIONEL FREDERIC LEE		1864-1899	1864 writer, Ceylon service ; 1864 Writer in the Ceylon civil service ; 1865 acting assistant government agent	collect,commiss,customs,princip			1
P001671	Thomas Berwick	11	1882-1888	C.C.S. | present at meeting | member	auto	kgp_col1883-p359b4	T. BERWICK		1851-1890	1851 admitted an advocate of the supreme court of Ceylon ; 1851 appointed to the Queen's advocate's department ; 1851 deputy Queen's advocate for the southern and midland circuits	judge			1
P001678	W. H. Gregory	11	1881-1897	Governor of Ceylon | author of letter | former Governor of Ceylon	auto	kgp_col1889-p486b10	WILLIAM HENRY GREGORY		1842-1890	1871 governor	governo	Q20823179	William Henry Gregory	1
P001679	W. H. Ravenscroft	11	1881-1900	Auditor-General | Commissioner | Auditor-General of Ceylon	auto	kgp_col1886-p490b5	W. H. RAVENSCROFT		1861-1890	1877 auditor-general, accountant-general, and controller of revenue of Ceylon ; 1878 acted as colonial secretary ; 1879 acted as colonial secretary	auditor,commiss			1
P001685	W. S. D. Tudhope	11	1908-1913	Director of Agriculture | member present | present	auto	kgp_col1922-p928b5	WILLIAM STEEL DYKES TUDHOPE	1877	1901-1925	1901 on staff (W. of Scotland agriculture college) ; 1907 director of agr. (Gold Coast) ; 1911 del. of Gold Coast (Lond.)	agricul,coast,gold			1
P001690	William Jones	11	1882-1906	scholar | orientalist | Oriental scholar	review	kgp_col1888-p450b2_s1	William West Jones		1874-1908	1874 Archbishop of Cape Town (Cape Town) ; 1874 Consecrated () ; 1874 2nd Bishop of Cape Town (Cape Town)				1
P001704	Albert J. Chalmers	10	1902-1912	Registrar to the Ceylon Medical College | member of Dairy Committee | Dairy Committee member	review	kgp_col1909-p652b10	ALBERT JOHN CHALMERS	1870	1897-1912	1901 registrar, med college lect. on pathology	college,medical,registr			2
P001707	Alfred Deakin	10	1887-1895	probable future Premier of Victoria | Victorian ex-Minister | M.P. (Victoria), author	auto	kgp_col1914-p691b16	ALFRED DEAKIN		1883-1919	1883 Commissioner of public works, and minister of water supply (Victoria) ; 1883 solr.-gen. (Victoria) ; 1883 vice-president board of land and works (Victoria)	austral,ministe,supply,water			1
P001708	Anthony Musgrave	10	1881-1895	Governor | Governor of Jamaica | late Governor of Jamaica	review	kgp_col1888-p516b22	ANTHONY MUSGRAVE		1850-1888	1850 private secretary to Mr. Mackintosh (Leeward Islands) ; 1852 treasury accountant (Antigua) ; 1854 colonial secretary (Antigua)	governo	Q573690	Anthony Musgrave	2
P001727	E. Brand	10	1904-1921	Unofficial Member, Eastern Province | Eastern Province | assistant in the Agricultural Department of the Protectorate	auto	kgp_col1929-p888b5	EDMUND BRAND	1878	1921-1930	None Ceylon Mounted Rifles ; None Ceylon Planters' Rifle Corps	agricul			1
P001749	F. W. Urich	10	1896-1928	F.E.S. of Trinidad | Entomologist to the Board of Agriculture, Trinidad | Department of Agriculture, Trinidad	auto	kgp_col1910-p780b14	FREDERICK WILLIAM URICH		1894-1918	1894 acting secretary to agriculture socy. (Trinidad) ; 1895 accountant (Trinidad) ; 1895 ledger keeper (Trinidad)	agricul,entomol			1
P001753	G. F. R. Browning	10	1904-1923	Government Agent, N.C.P. | Office Assistant | Assistant Government Agent of Kegalle	auto	kgp_col1925-p829b20	GEORGE FREDERICK REGINALD BROWNING	1878	1902-1925	1902 cadet ; 1904 officer assistant to government agent ; 1904 officer assistant to government agent	agent			1
P001760	George Vane	10	1886-1902	C.M.G. | Ceylon Colonist present | Inspector and Collector of Customs	auto	kgp_col1886-p510b10	GEORGE VANE		1831-1890	1846 comptroller of customs ; 1846 comptroller of customs ; 1847 collector of customs	collect,customs,fisheri,pearl			1
P001763	Greville Williams	10	1882-1912	chemist | devoted attention to chinoline | discoverer of chinoline	review	kgp_col1888-p557b13	G. S. Williams		1861-1900	1861 writer to the government ; 1862 acting assistant government agent ; 1865 acting district judge				1
P001764	H. C. P. Bell	10	1887-1901	Archaeological Commissioner | for Colonial Secretary | author of the letter	auto	kgp_col1908-p603b9	HARRY CHARLES PURVIS BELL	1851	1873-1912	1873 writer ; 1874 extra office assistant to government agent ; 1875 police magistrate	archaeo,commiss			1
P001766	H. L. Wendt	10	1891-1902	Committee member | counsel for defendant | counsel	review	kgp_col1908-p747b8	HENRY LORENZ WENDT		1880-1911	1880 Advoc. sup. court ; 1895 unof. member of legislative counc. ; 1900 acting attorney-general				1
P001771	H. Ward	10	1882-1913	Governor | contemplated restoration of ancient irrigation works | regime official	review	kgp_col1906-p753b5	HENRY THOS. SIMPSON WARD		1876-1908	1876 Suptdg. officer of irrigtn. ; 1886 district engineer ; 1894 prov. engineer				1
P001776	Henry Parker	10	1883-1912	hydraulic engineer | calculated weight of dislodged trees | Irrigation adviser	review	kgp_col1905-p693b5	HENRY PARKER		1873-1905	1873 Entd. Ceylon civil service ; 1873 irrigtn. officer ; 1898 irrigtn. assistant				1
P001785	J. G. Fraser	10	1912-1921	Hon'ble | present | G.A., W.P.	auto	kgp_col1928-p1055b6	JOHN GEORGE FRASER	1864	1887-1940	1887 cadet Ceylon civil service ; 1894 acting district judge ; 1899 assistant government agent	agent			1
P001801	John Peter Grant	10	1883-1910	Governor of Jamaica | Governor | Director	auto	kgp_col1886-p446b8	JOHN PETER GRANT		1828-1890	1828 entered the Bengal civil service (Bengal) ; 1837 secretary to the Indian law commission (Bengal) ; 1844 commissioner for the debts of the Raja of Mysore (Bengal)	governo,jamaica	Q6252637	John Peter Grant	1
P001831	Robert Chalmers	10	1899-1941	Governor of Ceylon | Secretary of the Indian Currency Committee | new President	auto	kgp_col1917-p721b11	ROBERT CHALMERS	1858	1903-1937	1913 assumed government ; 1913 assumed govt. ; 1913 governor of Ceylon	currenc,governo,indian,royal	Q3815649	Robert Chalmers, 1st Baron Chalmers	1
P001836	T. E. B. Skinner	10	1894-1897	son of Capt. Skinner | Roadmaker of Ceylon; Pioneer in Coffee Planting | Surveyor-General, Pioneer of Planting	auto	kgp_col1886-p499b19	T. E. B. SKINNER		1860-1896	1860 Writer to the government ; 1862 acting assistant agent ; 1863 assistant agent	fiscal,postmas,telegra			1
P001846	W. G. Rockwood	10	1891-1907	purchaser | Member of the Board | Vice-President	review	kgp_col1888-p533b4	W. G. ROCKWOOD		1866-1898	1866 Medical assistant, civil medical department ; 1867 assistant colonial surg., 2nd class ; 1874 assistant colonial surg., 1st class				1
P001852	W. N. Sands	10	1900-1941	author | Curator, Botanic Gardens Antigua | Curator of Botanic Station	auto	kgp_col1932-p1031b6	WILLIAM NORMAN SANDS	1875	1899-1932	1899 curator, botanic and experiment stations (Antigua, W. Indies) ; 1904 agrl. superintendent (St. Vincent) ; 1920 assistant economic botanist, agrl. department (F.M.S.)	agricul,botanic,botanis,curator,economi,station,superin			1
P001858	W. W. Woods	10	1921-1934	Colonial Treasurer | Colonial Auditor | Board member	auto	kgp_dol1935-p1031b3	WILFRID WENTWORTH WOODS	1876	1901-1936	1908 assistant colonial auditor ; 1915 colonial auditor ; None acting colonial auditor	auditor,treasur			1
P001859	William Manning	10	1913-1945	Governor | Governor of Ceylon | Governor of Ceylon and President of the Agricultural Society	auto	kgp_col1923-p875b10	WM. HENRY MANNING	1863	1886-1931	1918 assumed government ; 1918 governor, Ceylon	governo			1
P001872	A. K. Beven	9	1899-1912	Copra exhibitor | author of the paper | copra producer	review	kgp_col1924-p792b9	ALLAN BEVEN	1867	1892-1927	1892 cadet, local division, Ceylon civil service ; 1893 assistant collector of customs ; 1895 additional magistrate				1
P001889	B. G. Meaden	9	1919-1934	Divisional Irrigation Engineer | Director of Irrigation | D.I.E.; Assistant Government Agent, Puttalam and Chilaw	auto	kgp_col1933-p958b12	BERTRAM GRANT MEADEN	1879	1905-1935	1905 irrigation engineer ; 1928 deputy director, irrigation ; 1931 acting director, irrigation	enginee,irrigat			1
P001950	G. S. Schneider	9	1908-1930	Member | new member | Advocate	review	kgp_col1934-p1000b12	GUALTERUS STEWART SCHNEIDER	1864	1921-1937	1921 acting puisne justice ; 1921 commissioner of assize ; 1926 acting chief justice				1
P001957	Godwin de Livera	9	1913-1917	North-Central Province | Unofficial Member, North-Central Province | Member	review	kgp_col1920-p802b12	GODWIN DE LIVERA	1876	1917-1921	1917 acting extra office assistant ; 1919 appointed to class V. of civil service, local divn.				1
P001959	H. C. Nicolle	9	1906-1909	Member of the Board | Treasurer and Actg. Auditor-General | member	auto	kgp_col1908-p703b4	HILGROVE CLEMENT NICOLLE	1855	1880-1909	1904 treasurer and commissioner of stamps ; 1905 acting aud.-gen. ; None chief commissioner of loan board	auditor,treasur			1
P001984	J. Conroy	9	1908-1917	Assistant Government Agent | Assistant Government Agent of Kalutara | member	auto	kgp_col1915-p683b17	JAMES CONROY	1875	1899-1915	1899 cadet ; 1902 police magistrate ; 1903 officer assistant	agent			1
P001990	J. R. Bovell	9	1903-1913	author, West Indian Bulletin | author | author of paper on cost of growing sugar-canes	auto	kgp_col1923-p762b20	JOHN REDMAN BOVELL	1855	1882-1925	1882 parochial treasurer and collector of rates (parish of St. John, Barbados) ; 1883 superintendent, reformatory and industrial school (Barbados) ; 1885 member local committee, colonial and Ind. exhibn. (Barbados)	agricul,barbado,superin			1
P002002	John Horne	9	1881-1913	author | Director of Forests and Gardens, Mauritius | Director of the Botanical Gardens and of Woods and Forests	auto	kgp_col1888-p490b20	JOHN HORNE		1861-1890	1861 Assistant gardener (Mauritius) ; 1864 acting director (Mauritius) ; 1866 sub-director (Mauritius)	forests,gardens,sub-dir,woods			1
P002008	L. A. Bernays	9	1882-1913	vice-president | life and soul of the Society | author, F.R.S.	auto	kgp_col1908-p605b5	LEWIS ADOLPHUS BERNAYS	1831	1853-1908	1853 officer of Parl't. (N.S. Wales) ; 1859 clerk of the legislative assem. (Queensland) ; None local director of various public instns. (Brisbane)	brisban			1
P002014	L. Wray Jr.	9	1884-1892	Curator, Perak Museum | sent seeds from Perak | sent herbarium specimens	auto	kgp_col1905-p731b15	LEONARD, junior WRAY	1852	1877-1908	1877 telegraph engineers () ; 1881 entered public works department (Perak) ; 1882 superintendent, Government Hill Garden (Larut)	curator,geologi,museum,perak			1
P002040	R. B. Strickland	9	1906-1910	Acting Director of Public Instruction, Chairman of Committee | Member of the Board | Member	review	kgp_col1910-p772b20	R. B. STRICKLAND		1894-1914	1902 Insptr. of schools				1
P002077	W. Dias	9	1899-1903	exhibitor of Ducks | exhibitor, vanilla | certificate, pair of turkeys; silver medal, pair of geese; silver medal, pair of	auto	kgp_col1877-p365b27	W. DIAS		1862-1899	1862 assistant colonial surgeon, 1st class ; 1862 Colonial surgeon ; 1862 medical assistant	surgeon			1
P002080	W. H. Jackson	9	1898-1913	Acting Collector of Custom | member | Hon'ble member	auto	kgp_col1917-p787b9	WM. HENRY JACKSON		1879-1920	1879 Cadet ; 1886 police magistrate ; 1895 assistant government agent	collect,control,customs,princip			1
P002098	A. De A. Seneviratne	8	1890-1900	Advocate, for lessees | Member of the Association | present at the exhibition	auto	kgp_col1896-p645b20	ALEXANDER DE ALWIS SENEVIRATNE		1894-1915	None advocate of the Supreme Court ; None advoc. of the sup. court ; None chairman Ceylon national association	advocat,associa			1
P002133	C. A. Bruce	8	1885-1900	reputed discoverer of tea in the Assam Valley, Superintendent of Tea Culture | discoverer of indigenous tea | awarded gold medal for services in Assam	review	kgp_col1917-p712b24	CHARLES BRUCE	1837	1863-1920	1878 director of public instruction		Q5075843	Charles Bruce	1
P002140	C. R. Cumberland	8	1911-1919	Government Agent | A. G. A. of Chilaw | Government Agent, N.-W. P. (President)	auto	kgp_col1920-p797b10	CHAS. RUSSELL CUMBERLAND	1866	1889-1921	1889 entd. Ceylon civil service ; 1891 attached to the secretariat ; 1893 police magistrate	agent			1
P002152	D. H. Grist	8	1918-1936	author | Agricultural Economist | researcher	auto	kgp_col1934-p914b16	DONALD HONEY GRIST	1891	1914-1940	1921 on duty	agricul,economi			1
P002178	F. H. Watkins	8	1894-1908	Commissioner of the Islands | Commissioner of Montserrat | Commissioner	auto	kgp_col1920-p950b9	FREDERICK HENRY WATKINS	1859	1882-1923	1882 revenue officer (St. Lucia) ; 1882 rev. officer (St. Lucia) ; 1883 inspector of schls. (St. Vincent)	commiss			1
P002180	F. J. Smith	8	1895-1928	For Colonial Secretary | Director of Food Production | Director of Agriculture, Director of Food Production Designate	auto	kgp_col1928-p1175b8	FRANCIS JAGOE SMITH		1896-1928	1896 attached to colonial sec.'s officer ; 1896 cadet ; 1898 office assistant to government agent, and deputy fiscal	food,product,treasur			1
P002185	F. Smith	8	1899-1914	Deputy Director of Agriculture, Bengal | M.R.C.V.S. | partner in Mackwoods & Co.	review	kgp_col1928-p1175b8	FRANCIS JAGOE SMITH		1896-1928	1896 attached to colonial sec.'s officer ; 1896 cadet ; 1898 office assistant to government agent, and deputy fiscal				1
P002198	G. J. A. Skeen	8	1885-1903	lecturer | Government Printer, Ceylon | lecturer on Printing	auto	kgp_col1897-p561b8	G. J. A. SKEEN		1869-1906	1869 Extra assistant government printer ; 1872 assistant government printer ; 1875 acting government printer	printer			1
P002203	G. de Soyza	8	1938-1944	Acting Registrar of Co-operative Societies | Registrar of Co-operative Societies	auto	kgp_col1939-p974b16	GUNASENA DE SOYZA	1902	1926-1940	1926 attd. ; 1926 cadet ; 1927 attd. to	registr			1
P002206	George Waddell	8	1898-1904	Observer | recruiting labour force for Seychelles | of the Ceylon P. W. D., seconded for service in Seychelles	auto	kgp_col1917-p878b6	GEORGE WADDELL	1862	1884-1917	1886 assistant surveyor ; 1887 district surveyor ; 1888 district engineer	enginee,seychel			1
P002215	H. Cockburn Stewart	8	1883-1912	Chief Civil Commissioner | Administrator | Administrator of the Seychelles Islands	auto	kgp_col1899-p571b6	HENRY COCKBURN STEWART		1865-1899	1865 Private secretary to Sir Hercules Robinson, governor of Ceylon ; 1872 Private secretary to the Right honorary Sir W. H. Gregory, governor of Ceylon ; 1872 Priv. secretary to Sir W. H. Gregory	adminis,commiss			1
P002218	H. D. Larymore	8	1903-1903	Resident, Kabba Province | Resident of the Kappa Province | author of letter in Times	auto	kgp_col1911-p716b8	H. D. LARYMORE	1867	1886-1921	1886 entered Artil. Militia () ; 1886 lieut., R.A. () ; 1887 capt. ()	capt			1
P002219	H. E. Jansz	8	1942-1945	Land Commissioner | Acting Commissioner of Lands | member of the Board	review	kgp_col1933-p929b6	HERBERT ERIC JANSZ	1890	1914-1940	1914 att., Batticaloa kach. ; 1914 att. Kandy kach. ; 1914 cadet, local division, Ceylon civil service				1
P002227	Henry Norman	8	1888-1902	Governor of Jamaica | former Governor of Jamaica | suggested Training Hospital for Midwives	auto	kgp_col1897-p540b4	HENRY WYLIE NORMAN		1844-1900	1844 joined the Bengal Army () ; 1848 adjutant to the 31st native infantry (Punjab) ; 1850 brigade major or assistant adjutant-general (Peshawur frontier)	commiss,governo,royal	Q466914	Henry Wylie Norman	1
P002240	J. D. Brown	8	1920-1923	Chairman | Chairman, Matara Food Production Committee | Assistant Government Agent, Matara	auto	kgp_col1932-p884b13	JOHN DUNCAN BROWN	1884	1906-1935	1906 cadet ; 1907 assistant superintendent of police ; 1907 seconded assistant superintendent of police	agent			1
P002303	P. A. Templer	8	1890-1898	Government Agent, Southern Province | Government Agent | Government Agent of the Central Province	auto	kgp_col1898-p544b12	P. A. TEMPLER		1863-1900	1863 writer to the government ; 1864 deputy fiscal ; 1865 acting assistant government agent	adminis,agent			1
P002319	R. Reid	8	1892-1924	Principal Collector | Present at meeting | shareholder by proxy	auto	kgp_col1896-p637b12	ROBERT REID		1866-1896	1866 writer ; 1868 commissioner of requests, &c. ; 1869 assistant government agent	collect,customs,princip			1
P002336	S. Phillipson	8	1921-1941	Secretary | Actg. Deputy Financial Secretary | Acting Deputy Financial Secretary	review	kgp_col1936-p977b15	SYDNEY PHILLIPSON	1892	1915-1954	1919 attchd. to Kandy kach. ; 1919 cadet Ceylon civil service ; 1922 police magistrate				1
P002348	T. A. Strong	8	1940-1945	Conservator of Forests	auto	kgp_col1949-p562b4	Thomas Arthur STRONG	1899	1921-1950	1939 consvtr., forests and game warden	forests			1
P002357	T. Wilson Main	8	1908-1910	author | Botanic Gardens, Singapore | of the Botanic Gardens, Singapore	auto	kgp_col1909-p758b17	T. W. MAIN		1906-1925	1906 superintendent, public gardens (Selangor) ; 1906 superintendent of government plantations (Perak) ; 1908 assistant curator, botanic gardens (Singapore)	botanic,gardens			1
P002376	W. K. H. Campbell	8	1919-1934	Assistant Government Agent | Joint Registrar, Co-operative Societies | Joint-Registrar	auto	kgp_dol1935-p853b12	WILLIAM KENNETH HUNTER CAMPBELL	1886	1909-1935	1909 cadet ; 1910 off. assistant to govt. agent ; 1910 officer assistant to government agent	agent,joint,societi			1
P002397	A. G. Clayton	7	1900-1904	for Colonial Secretary | Colonial Secretary	review	kgp_col1917-p724b15	ARTHUR GARDNER CLAYTON		1880-1918	1899 office assistant to colonial secretary ; 1900 acting 2nd assistant colonial secretary and clerk to legislative council ; 1901 addtl. assistant colonial secretary				1
P002405	A. R. Dawson	7	1885-1898	Government Agent | present at meeting | Grain Commissioner	auto	kgp_col1883-p375b3	A. R. DAWSON		1866-1900	1866 acting assistant government agent ; 1866 acting police magistrate, &c. ; 1866 Writer, Ceylon civil service	agent,commiss,grain			1
P002416	Anton Bertram	7	1912-1924	Chief Justice | new member | Member	auto	kgp_col1929-p880b6	ANTON BERTRAM		1902-1940	1911 attorney-general ; 1911 member of executive and legislative couns. ; 1918 acting chief justice	justice			1
P002430	C. C. Woolley	7	1922-1927	Secretary | Assistant Government Agent, Chairman | Office Assistant to the Government Agent, N. C. P. (Secretary)	auto	kgp_col1940-p1084b2	CHARLES CAMPBELL WOOLLEY	1893	1914-1952	1921 attd., Kandy Kach. ; 1921 cadet, Ceylon civil service ; 1924 4th assistant colonial secretary	agent			1
P002433	C. J. D. Lanktree	7	1945-1945	Deputy Financial Secretary | Acting Deputy Financial Secretary	review	kgp_col1940-p981b17	CHARLES JOSEPH DANE LANKTREE	1895	1914-1940	1921 attd. Colombo kach. ; 1921 cadet ; 1924 office assistant Kandy kach.				1
P002444	Cecil Wray	7	1895-1901	Acting District Magistrate | Administrator of Lower Perak | planter	auto	kgp_col1908-p753b11	CECIL WRAY	1880	1881-1908	1881 Entered public works department (Perak) ; 1881 public works deputy (Perak) ; 1882 acting chief clerk of treasury (Perak)	collect,magistr			1
P002451	Charles Vandeleur Creagh	7	1888-1896	Governor | Governor of British North Borneo | Governor of the Colony of Labuan	auto	kgp_col1913-p663b21	C. V. CREAGH	1842	1867-1917	1867 deputy superintendent (Hong Kong) ; 1867 raised the Sikh police (Hong Kong) ; 1868 assistant superintendent of the fire brigade (Hong Kong)	british,governo,residen	Q656912	Charles Vandeleur Creagh	1
P002458	D. G. Mantell	7	1891-1895	Surveyor-General | forest officer | Forest Settlement officer	auto	kgp_col1894-p512b13	D. G. MANTELL		1850-1896	1850 employed on the unfixed establishment of the surveyor-general's department ; 1858 employed on the unfixed establishment of the surveyor-general's department ; 1871 assistant surveyor	surveyo			1
P002478	E. H. Lucette	7	1934-1943	Registrar, Co-operative Societies | Registrar of Co-operative Societies | Register, Co-operative Societies	review	kgp_col1937-p964b9	EDWARD HENRY LUCETTE	1896	1915-1937	1921 attd. ; 1921 cadet ; 1922 attd.				1
P002480	E. J. Wayland	7	1935-1942	author | author cited | geologist who described the rocks	auto	kgp_col1939-p1130b18	EDWARD JAMES WAYLAND	1888	1912-1939	1912 assistant minister surveyor ; None acting O.C., 3rd Water Boring secretary ; None forward demolition reconnaissance officer (IVth Army)	geologi			1
P002482	E. N. Atherton	7	1886-1893	Assistant Agent at Ratnapura | owner of the estate | owner of multiple estates	auto	kgp_col1883-p354b7	E. N. ATHERTON		1852-1883	1852 writer ; 1853 assistant government agent and police magistrate of Mullaitivu ; 1853 assistant government agent and police magistrate	agent,judge,ratnapu			1
P002518	G. Whitfield Smith	7	1888-1922	member of Coffee Commission | of this Colony | inquirer	auto	kgp_col1922-p911b6	GEORGE WHITFIELD SMITH		1879-1922	1879 clerk, public library (Barbados) ; 1882 3rd treasury clerk (St. Lucia) ; 1882 sub-collr. of taxes, 1st district (St. Lucia)	commiss			1
P002535	H. F. Tomalin	7	1894-1919	Exhibitor | present at meeting | visitor	review	kgp_col1920-p941b19	HERBERT FREDERIC TOMALIN	1862	1880-1921	1886 district engineer public works department ; 1887 district engineer Colombo harb., foreshore, and drainage works ; 1887 reported on projected lighthouse sites, southern coast of Ceylon				1
P002539	H. Powell	7	1898-1915	author | author of the report | author of the account	auto	kgp_col1927-p1009b9	HENRY POWELL		1890-1931	1890 curator (St. Vincent) ; 1903 assistant to director of agriculture (E. Africa protectorate) ; 1903 chief of economic plants division (St. Vincent)	curator,divisio,economi			1
P002543	H. W. Codrington	7	1896-1930	Government Agent, Central Province | Honorary Secretary | Chairman	auto	kgp_col1931-p984b10	HUMPHREY WILLIAM CODRINGTON	1879	1903-1933	1903 cadet ; 1904 officer assistant ; 1905 officer assistant	agent			1
P002557	J. A. Robertson	7	1886-1898	of Dimbula fame | Special Agencies for the sale of Ceylon Teas | Officiating Director-General of Statistics	review	kgp_col1886-p492b18	J. ROBERTSON		1877-1898	1878 Superintending officer, public works department	superin			1
P002568	J. F. Churchill	7	1884-1895	Member of the Institution of Civil Engineers | visitor | member of Ceylon Association	auto	kgp_col1883-p369b10	J. F. CHURCHILL		1856-1883	1856 Assistant civil engineer and commissioner of roads ; 1859 acted as civil engineer, &c., of the island ; 1859 civil engineer &c.	civil,enginee			1
P002574	J. H. de Saram	7	1890-1917	land settlement agent | conducted experimental land settlement | member of Executive Committee	review	kgp_col1886-p430b5	J. H. DE SARAM	1844	1863-1920	1863 acting police magistrate ; 1863 acting police magistrate ; 1865 acting police magistrate				1
P002632	O. T. Faulkner	7	1912-1942	author | visitor | mycologist	auto	kgp_col1939-p990b4	ODIN TOM FAULKNER	1890	1912-1940	1912 mycologist and agtl. expert to Rubber Growers' Assocn. (Malaya) ; 1914 deputy director, agr. to government of Punjab (Punjab) ; 1921 director, agr. (Nigeria)	agricul,mycolog,princip			1
P002645	R. B. Hellings	7	1906-1919	Government Agent, Sabaragamuwa | Government Agent, C.P. | Hon'ble	auto	kgp_col1918-p761b5	ROBERT BAILEY HELLINGS	1863	1885-1921	1885 cadet ; 1888 additional police magistrate ; 1888 assistant collector, etc., customs	agent			1
P002657	R. W. Ievers	7	1892-1912	Govt. Agent | Government Agent of the North-Central Province | G. A. in the Northern Province	auto	kgp_col1905-p662b21	R. W. IEVERS	1850	1872-1905	1872 writer ; 1878 assistant government agent ; 1885 assistant col secretary	agent			1
P002682	Samuel Griffith	7	1885-1902	Premier | politician | author of a manifesto on Polynesian labour	auto	kgp_col1907-p660b4	SAMUEL WALKER GRIFFITH	1845	1867-1920	1867 called to the Queensland bar (Queensland) ; 1872 entered the legislative assem. (Queensland) ; 1874 attorney-general (Queensland)	justice,premier,queensl	Q3471137	Samuel Griffith	1
P002707	W. Dunuwille	7	1906-1941	Member | Nominated Member, Central Province, Disava | Disava, Member, Central Province	review	kgp_col1911-p667b8	WILLIAM DUNUWILLE	1855	1891-1912	1891 commissioner of requests and police magistrate ; 1894 acting district judge ; 1897 acting fiscal				1
P002708	W. E. Davidson	7	1892-1903	late member, subject of Memorial | late of Madulkele | assistant to working committee	review	kgp_col1919-p747b11	WALTER EDWARD DAVIDSON	1859	1880-1923	1880 attached to Kandy Kachcheri ; 1880 writer ; 1881 transferred to Colombo Kachcheri		Q3565744	Walter Edward Davidson	1
P002718	W. J. L. Rogerson	7	1919-1927	Secretary | Chairman | Assistant Government Agent (Chairman)	auto	kgp_col1939-p1092b15	WALTER JOHN LANCASHIRE ROGERSON	1889	1912-1940	1912 cadet ; 1914 addtl. office assistant ; 1914 office assistant to government agent	agent			1
P002721	W. L. Murphy	7	1919-1938	President | Chairman | Asst. Govt. Agent, in the Chair	auto	kgp_dol1935-p959b17	WILLIAM LINDSAY MURPHY	1887	1910-1951	1910 attd. ; 1910 attd. Kandy kach. ; 1910 cadet	agent,commiss	Q8014579	William Lindsay Murphy	1
P002728	W. Robson	7	1908-1922	Curator of the Botanic Station, Montserrat | Curator of the Botanic Station | Curator of the Station	auto	kgp_col1922-p897b4	WILLIAM ROBSON		1905-1923	1905 curator (Montserrat) ; None honorary secretary (Montserrat)	curator			1
P002739	William Scott	7	1883-1900	inspector of tin mines in Larut | assistant director at Pamplemousses | Acting Director of Woods and Forests	auto	kgp_col1878-p431b4	W. H. SCOTT		1864-1878	1864 Local superintendent, Mauritius railways (Mauritius) ; 1864 locomotive and carriage superintendent, government railways (Mauritius) ; 1870 acting general manager (Mauritius)	mauriti,railway			1
P002750	A. E. Collens	6	1921-1933	Member, B. W. I. | analyst | investigator of corrosive action of citric acid	auto	kgp_dol1935-p861b16	ARCHIBALD EDGAR COLLENS		1900-1937	1900 Lab. assistant, and chem. demstr. to the prof. of chemy. (Trinidad) ; 1902 lect., agri. chemy. (Trinidad) ; 1906 science master (Trinidad)	agricul,analyst,superin			1
P002759	A. J. W. Hornby	6	1929-1938	Agricultural Chemist of Nyasaland | author | author of Denudation and Soil Erosion in Nyasaland	auto	kgp_col1939-p1019b2	ARTHUR JOHN WARD HORNBY	1893	1914-1940	1914 R.F.A. () ; 1921 agtl. chemist (Nyasaland) ; 1931 assistant director, agr. and agtl. chemist (Nyasaland)	agricul,chemist			1
P002764	A. R. Venning	6	1888-1898	landscape designer | caretaker of Sydney Lake and Gardens | honorary member, old Ceylon planter	auto	kgp_col1908-p743b10	ALFRED REID VENNING		1876-1908	1876 Unoff. J.P., and deputy coroner	treasur			1
P002777	Arthur E. Havelock	6	1890-1904	Governor of Ceylon | Governor | official	auto	kgp_col1906-p683b12	ARTHUR ELIBANK HAVELOCK	1844	1862-1908	1890 governor of Ceylon	governo	Q709735	Arthur Havelock	1
P002798	C. C. Knollys	6	1886-1903	Inspector-General of Police | Colonial Secretary, author of account for Barbados | Acting Governor	auto	kgp_col1905-p670b10	C. C. KNOLLYS	1849	1874-1905	1874 sub-receiver (Trinidad) ; 1874 sub-receiver and harbour master (San Fernando, Trinidad) ; 1879 audit.-gen. of Barbados (Barbados)	barbado,governo,trinida	Q5131306	Clement Courtenay Knollys	1
P002801	C. F. Baker	6	1908-1918	author | Professor of Agronomy in the University of the Philippines | Chief of the Department of Agronomy	review	kgp_col1921-p759b15	CLARENCE FRANK STEWART BAKER	1873	1892-1923	1901 irrigation engineer ; 1911 acting assistant director of irrigation ; 1911 divisional irrigation engineer				1
P002804	C. Harrison-Jones	6	1926-1935	Assistant Government Agent, Chairman | Assistant Government Agent | Government Agent, N. W. P.	auto	kgp_col1932-p948b7	CHARLES HARRISON-JONES	1884	1907-1937	1907 cadet ; 1909 police magistrate ; 1912 acting assistant governor agent	agent			1
P002837	D. W. Ferguson	6	1885-1900	present at meeting | expert on ancient literature | cousin of John Ferguson	review	kgp_col1909-p710b3	DONALD FERGUSON	1839	1878-1909	1878 elected to provincial legislature (Pr. Ed. Is.) ; 1879 appointed to provl. cabinet (Pr. Ed. Is.) ; 1880 appointed provl. secretary and commissioner of public lands (Pr. Ed. Is.)				1
P002870	F. A. Stockdale	6	1917-1942	planted Tabebuia rosea in 1919 | attendee | planter of Tabebuia rosea	review	kgp_col1939-p1110b17	FRANK ARTHUR STOCKDALE	1883	1905-1949	1916 chairman, executive committee, Ceylon rubber research scheme ; 1916 director, agr., registrar, co-op. societies and vice-president, agrl. soc. ; 1916 director of agriculture and registrar of co-op. soc.				1
P002907	G. S. Williams	6	1885-1909	Acting Government Agent of the North-Western Province | Government Agent, Kurunegala | shareholder by proxy	auto	kgp_col1888-p557b13	G. S. Williams		1861-1900	1861 writer to the government ; 1862 acting assistant government agent ; 1865 acting district judge	agent,collect,princip			1
P002927	H. Conway Belfield	6	1897-1901	reporter on Selangor Ramie estate | Commissioner of Lands and Mines | author of report on Lands, Mines and Surveys	auto	kgp_col1918-p685b16	HENRY CONWAY BELFIELD		1884-1922	1884 acting chief magistrate and commissr. of lds. (Selangor) ; 1884 magistrate, collector of land rev., and inspector of schls. (Sélangor) ; 1884 magistrate, collector of ld. rev., and inspector of schools (Selangor)	commiss,lands,mines			1
P002948	H. S. Perera	6	1900-1922	Helamada | Agricultural Instructor, Helamada | teacher	review	kgp_col1933-p977b4	HENRY SAMUEL PERERA	1885	1922-1936	1922 divnl. inspector, schls. ; 1932 principal, training college				1
P002977	J. D. Sargent	6	1902-1928	Conservator of Forests | attendee | of the Scottish Vulcanite Company	auto	kgp_col1925-p979b20	JOHN DENYS SARGENT	1885	1909-1934	1909 assistant conserv., forests ; 1917 deputy conserv., grade II ; 1919 grade I	conserv,forests			1
P002992	J. J. Thorburn	6	1895-1900	for Colonial Secretary | Assistant Agent	auto	kgp_col1912-p785b15	J. JAMIESON THORBURN		1886-1920	1886 Writer ; 1889 acting officer assistant to government agts. in various dists. ; 1889 acting officer assistant to government agts. in various dists.	agent	Q6144235	James Thorburn	1
P003004	J. S. Coates	6	1923-1942	author | Principal Mineral Surveyor | Prime Minister of New Zealand	auto	kgp_col1927-p883b12	JOHN SPENSER COATES	1878	1910-1934	1910 principal minister surveyor	ministe,princip,surveyo			1
P003006	J. Sydney Dash	6	1924-1941	author | author of article on Animal Nutrition | Professor, R.S.A.	review	kgp_col1939-p970b17	JOHN SYDNEY DASH	1887	1905-1940	1905 various posts (Barbados) ; 1913 plant pathologist (Br. Columbia) ; 1914 assistant superintendent, agr. (Barbados)				1
P003008	J. W. Douglas	6	1884-1899	entomologist | author | first described the insect	review	kgp_col1883-p378b17	JOHN DOUGLAS	1828	1859-1905	1868 poor law commissioner ; 1869 auditor-general ; 1873 colonial secretary		Q3181373	John Douglas	1
P003050	Lucius Nicholls	6	1913-1942	author | co-author of joint essay | Department of Medical and Sanitary Services	auto	kgp_col1920-p894b15	LUCIUS NICHOLLS	1884	1907-1936	1915 director, bact. institute ; 1916 acting medical superintendent lun. asylum	medical			1
P003063	M. Stevenson	6	1904-1913	Office Assistant | Assistant Government Agent and Chairman of the Local Agricultural Society | Assistant Government Agent, Kegalla	auto	kgp_col1927-p1039b7	MALCOLM STEVENSON	1878	1901-1927	1901 cadet ; 1902 officer assistant to government agent ; 1904 officer assistant to government agent	agent	Q6742650	Malcolm Stevenson	1
P003109	R. H. Wickramasinghe	6	1938-1938	Secretary | Secretary, Central Board of Agriculture	auto	kgp_col1940-p1077b23	REGINALD HUGH WICKRAMASINGHE	1907	1930-1940	1930 attd. dulla kach. ; 1930 cadet ; 1932 office assistant	agricul			1
P003118	R. S. Templeton	6	1896-1912	member | member of the Board | Solicitor to the Company	review	kgp_col1915-p821b11	ROBERT STANSER TEMPLETON	1855	1887-1915	1887 assistant surveyor ; 1890 district surveyor ; 1899 superintendent of topographical surveys				1
P003124	Richard Cayley	6	1892-1903	late Chief Justice of Ceylon | Member | Member of the Association	auto	kgp_col1888-p451b22	RICHARD CAYLEY	1833	1863-1908	1863 advocate supreme court of Ceylon ; 1863 advoc. sup. court of Ceylon ; 1867 acting deputy Queen's advocate	justice			1
P003134	S. Simpson	6	1907-1913	Director of Agriculture, Uganda | cotton expert, Zomba | Senior Lecturer on Agriculture at the Government Agricultural College, Egypt	auto	kgp_col1927-p1030b18	SAMUEL SIMPSON	1876	1905-1929	1905 cotton expert (B.C.A. protectorate) ; 1906 cotton expert (B.O.A. protectorate) ; 1912 director of agriculture (Uganda)	agricul,cotton,lecture,uganda			1
P003146	Staniforth Smith	6	1908-1917	Director of Agriculture | Commissioner for Lands and Surveys, Director of Mines, Director of Agriculture,  | Director of Mines and Agriculture	auto	kgp_col1909-p799b4	STANIFORTH SMITH		1908-1909	1908 administrator (Papua) ; None director of agriculture, mines, and public works (Papua)	agricul,mines			1
P003149	T. E. De Sampayo	6	1891-1921	member present | present | Advocate	review	kgp_col1925-p857b13	THOMAS EDWARD DE SAMPAYO	1855	1915-1928	1915 puisne justice ; 1923 acting chief justice				1
P003166	V. A. Beckley	6	1923-1938	Senior Agricultural Chemist | Lecturer in Chemistry, Grootfontein School of Agriculture, Middelburg, Cape | Agricultural Chemist, Kenya	auto	kgp_col1948-p415b7	Verey Alfred BECKLEY	1893	1916-1948	1916 lieut. () ; 1920 lecturer in chem. (S.A.) ; 1924 agriculture chmst. (Kenya)	agricul,lecture			1
P003167	V. Coomaraswamy	6	1938-1939	Acting Conservator of Forests | Land Commissioner | Conservator of Forests	review	kgp_col1939-p967b12	VELUPILLAI COOMARASWAMY	1892	1913-1940	1913 acting addnl. office assistant ; 1913 Cadet ; 1914 acting police magistrate	commiss,conserv,forests			2
P003179	W. C. Price	6	1896-1940	Secretary | horse owner | author cited	review	kgp_col1918-p825b14	WALTER CROMWELL PRICE		1880-1920	1887 district engineer, public works department ; 1888 in charge of irrigtn. works ; 1896 acting prov. engineer				1
P003186	W. E. Wait	6	1917-1936	Assistant Government Agent, Puttalam | absent member | Colonial Treasurer	auto	kgp_col1932-p1063b16	WALTER ERNEST WAIT	1878	1902-1934	1902 cadet ; 1905 additional assistant to government agent ; 1905 assistant land settlmt. officer	agent,treasur			1
P003187	W. Ellis	6	1882-1897	author of description | author of Polynesian Researches | land owner	review	kgp_col1889-p473b15	W. ELLIS		1871-1890	1871 acting colonial chaplain ; 1871 Colonial chaplain ; 1873 Colonial chaplain				1
P003190	W. G. Lang	6	1903-1909	Director | proposed director | proposed for election to the Board	review	kgp_col1886-p462b9	WM. LANG		1863-1900	1863 Health officer (Carriacou, Grenada) ; 1867 medical officer (St. Andrew's parish) ; 1880 of District No. 3 (St. Andrew's parish)				1
P003191	W. G. VanDort	6	1882-1900	Committee member | Council member | Council Member	review	kgp_col1877-p422b13	W. G. VANDORT		1864-1877	1864 Medical assistant ; 1867 assistant colonial surgeon, second class ; 1869 first class				1
P003212	Walter Sendall	6	1888-1901	formerly in the Ceylon Service | speaker at Colonial Institute | Governor of Cyprus	auto	kgp_col1900-p603b11	WALTER JOSEPH SENDALL		1859-1900	1859 entered education branch of Ceylon civil service ; 1860 inspector of schls. for colonial ; 1870 director of public instrectn.	commiss,governo,high	Q7965298	Walter Joseph Sendall	1
P003260	A. W. Seymour	5	1906-1924	Government Agent, North-Central Province | Honorary Secretary, Kurunegala | President of the Nuwara Eliya Agri-Horticultural Show	auto	kgp_col1937-p1017b7	ALFRED WALLACE SEYMOUR	1881	1905-1937	1905 cadet ; 1906 officer assistant to government agent ; 1907 officer assistant to government agent	agent			1
P003274	Alfred Lewis	5	1913-1914	representing the Ceylon Poultry Club | Judge | Secretary of the Ceylon Poultry Club	review	kgp_col1936-p942b1_s6	ALFRED DALE LEWIS	1881	1905-1940	1905 public works department (India) ; 1907 circle engineer, irrig. department (Cape and Union of S. Africa) ; 1915 major, R.E. (France)				1
P003285	Arthur Folkard	5	1882-1892	correspondent | Ceylon | Member	review	kgp_col1877-p371b10	A. C. FOLKARD		1856-1880	1856 assistant civil engineer and commissioner of roads ; 1866 provincial assistant ; 1868 office assistant				1
P003293	B. Constantine	5	1919-1923	Government Agent, N. P. | G.A., N.P., Chairman | Government Agent	auto	kgp_col1922-p769b14	BAXANDALL CONSTANTINE	1868	1891-1923	1891 cadet ; 1895 officer assistant to government agent ; 1896 police magistrate	agent			1
P003307	C. A. Hartley	5	1891-1926	author | committee member | author of paper on Inland Navigation of Europe	review	kgp_col1909-p729b10	CHAS. HARTLEY		1896-1921	1896 lecturer in English and modern languages ; 1903 principal				1
P003402	E. W. Birch	5	1893-1920	author of the report | Acting British Resident of Selangor | British Resident	auto	kgp_col1923-p759b6	ERNEST WOODFORD BIRCH	1857	1876-1929	1876 cadet (S. Sttlmts.) ; 1876 cadet (Straits Settlements) ; 1876 employed in the C.O., Downing-street (Downing-street)	borneo	Q1356587	Ernest Woodford Birch	1
P003411	F. C. Loos Jr.	5	1894-1908	Flower garden owner | Flower exhibitor | prize winner, phlox and bouquets	review	kgp_col1917-p804b15	FREDERICK CHRISTIAN LOOS	1861	1907-1921	1907 deputy registrar, supreme court ; 1908 acting registrar ; 1910 acting registrar				1
P003415	F. D. Peries	5	1922-1939	Inspector | judge | Senior Agricultural Instructor	auto	kgp_col1924-p936b10	FRANCOIS DANIEL PERIES	1864	1904-1924	1904 police magistrate ; 1905 acting commissioner of requests and police magistrate ; 1906 acting police magistrate	judge			1
P003473	G. N. Thomson	5	1899-1906	Managing Director | lessee | director	review	kgp_col1933-p1015b14	GRAEME THOMSON	1875	1900-1933	1919 colonial secretary ; 1920 officer admstg. government ; 1931 governor and commdr.-in-ch.		Q1541336	Graeme Thomson	1
P003476	G. S. Wodeman	5	1920-1925	Assistant Government Agent, in the Chair | Asst. Govt. Agent, in the chair | in the chair	auto	kgp_col1933-p1036b4	GUY STANLEY WODEMAN	1886	1909-1940	1909 cadet ; 1910 office assistant to government agent ; 1912 police magistrate	agent			1
P003503	H. Calvert	5	1920-1930	author | Commissioner, Rawalpindi Division | investigator	review	kgp_col1937-p872b14	HUBERT CALVERT	1875	1935-1940	1935 registrar, co-op. socs.				1
P003511	H. Hesketh Bell	5	1900-1915	Administrator of Dominica | author of account in the Times | Administrator	auto	kgp_col1930-p914b3	HENRY HESKETH JOUDOU BELL	1864	1882-1951	1882 3rd clerk governor in-chief's office (Barbados) ; 1882 3rd clerk gov.-in chief's office (Barb.) ; 1883 inland revenue officer (St. Andrew's, Grenada)	adminis,dominic	Q3132827	Henry Hesketh Bell	1
P003526	H. W. Brodhurst	5	1895-1910	member of the Board | author of the report | acting Treasurer	auto	kgp_col1913-p644b4	HENRY WM. FRED. COTTINGHAM BRODHURST	1856	1877-1921	1877 writer ; 1880 police magistrate ; 1891 assistant government agent	treasur			1
P003541	Henry Wylie Norman	5	1885-1899	Commissioner, Governor of Jamaica | Chairman | in the chair	auto	kgp_col1897-p540b4	HENRY WYLIE NORMAN		1844-1900	1844 joined the Bengal Army () ; 1848 adjutant to the 31st native infantry (Punjab) ; 1850 brigade major or assistant adjutant-general (Peshawur frontier)	commiss,governo	Q466914	Henry Wylie Norman	1
P003572	J. Cosmo Newbery	5	1881-1883	analyst | supervisor | Government analyst	auto	kgp_col1890-p527b12	JAMES COSMO NEWBERY		1880-1894	1880 Honorary superintendent of juries and awards (Melbourne) ; None analyst, department of mines (Melbourne) ; None government inspector of explosives (Melbourne)	analyst			1
P003584	J. F. Waby	5	1883-1922	author | author of the gardening book | reporter of abnormal growth case	review	kgp_col1877-p423b19	JOHN WABY		1873-1883	1873 head gardener to botanic gardens (Trinidad)				1
P003612	J. Pope Hennessy	5	1883-1890	Governor | Government | author of report on the Mauritius Blue Book	auto	kgp_col1877-p381b16	JOHN POPE HENNESSY		1859-1890	1859 M.P. for the King's county () ; 1859 M.P. for the King's County (King's County) ; 1867 governor of Labuan, and consul-general for Borneo (Labuan)	governo	Q2607815	John Pope Hennessy	1
P003613	J. R. Longden	5	1882-1896	Governor | late Governor of Ceylon	auto	kgp_col1886-p466b5	JAMES R. LONGDEN		1844-1890	1877 governor	governo	Q6142212	James Robert Longden	1
P003614	J. R. Mackie	5	1931-1941	author | researcher	review	kgp_col1939-p1055b13	JAMES RICHARD MACKIE	1896	1921-1940	1921 superintendent, agr. (Nigeria) ; 1928 deputy assistant director, agr. (Nigeria) ; 1929 assistant director, agr. (Nigeria)				1
P003615	J. R. O. Aldworth	5	1893-1897	District Officer | District officer, Klang | Acting District Officer, Ulu Langat	review	kgp_col1920-p753b6	JOHN RICHARD OLIVER ALDWORTH	1866	1889-1921	1889 assistant college and magistrate (Rawang) ; 1889 assistant district officer (Kuala Selangor) ; 1889 first assistant college and magistrate (Klang)				1
P003629	J. W. Gregory	5	1914-1927	Author | author | presidential address to the Geological Society of Glasgow	review	kgp_col1959-p366b10	J. W. GREGORY	1894	1914-1959	1914 military service () ; 1920 officer superintendent, commissioner and ind. (Pal.) ; 1924 officer surveyor, customs, excise and trade (Pal.)				1
P003638	James Fraser	5	1887-1900	Proprietor of the Seafeld Estate | Chairman | member	review	kgp_col1886-p440b16	J. J. FRASER		1883-1909	1883 puisne judge (supreme court, New Brunswick) ; 1883 puisne judge, sup. court (N. Brunswick) ; None Attorney-general and premier (province of New Brunswick, Canada)				1
P003685	L. Lewton-Brain	5	1910-1932	author in West Indian Bulletin | Director of Agriculture, F. M. S | Mycologist	auto	kgp_col1922-p847b6	LAWRENCE LEWTON-BRAIN	1879	1900-1922	1900 demonstrator, botany (Cambridge university) ; 1902 mycologist and lecturer in agriculture (Imp. department of Agr., W.I.) ; 1905 assistant director, division of pathology and physiology (Hawaiian Sugar Planters' Assoc. experiment station)	agricul,mycolog			1
P003720	M. H. French	5	1937-1941	Biochemist, Department of Veterinary Science and Animal Husbandry, Tanganyika Te | Biochemist, Veterinary Department, Tanganyika Territory | of the Veterinary Laboratory, Mpwapwa, Tanganyika Territory	auto	kgp_col1956-p321b10	M. H. FRENCH	1909	1931-1957	1931 biochemist (Tang.) ; 1941 assistant food (animal products) contrl. (Tang.) ; 1944 E.A. hides and leather contrl. (Tang.)	animal,biochem			1
P003728	M. M. Wedderburn	5	1919-1919	Chairman | A. G. A. (Chairman) | A. G. A., in the chair	review	kgp_col1940-p1075b14	MAXWELL MACLAGAN WEDDERBURN	1883	1906-1951	1906 cadet ; 1908 police magistrate ; 1908 police magistrate		Q16932828	Maxwell MacLagan Wedderburn	1
P003736	M. T. Dawe	5	1904-1923	Botanic Gardens, Entebbe | officer in charge, Forest and Scientific Department, Uganda | author of description in Tropical Life	auto	kgp_col1939-p976b5	MORLEY THOMAS DAWE	1880	1902-1940	1902 assistant botanist (Uganda) ; 1903 head of department (Uganda) ; 1910 director, agriculture (Mozambique)	botanic			1
P003766	Oliver Marks	5	1891-1903	Supt., Govt. Plantations, Perak | Superintendent Government Plantations | Resident General	auto	kgp_col1921-p883b3	OLIVER MARKS	1866	1891-1921	1891 superintendent government plants (Perak) ; 1894 acting assistant magistrate (Kinta) ; 1894 2nd class magistrate (Perak)	superin			1
P003799	R. A. G. Festing	5	1912-1926	Government Agent | Assistant Government Agent | Chairman, Batticaloa Food Production Committee	auto	kgp_col1927-p912b8	RICHARD ARTHUR GRINDALL FESTING	1875	1899-1927	1899 cadet ; 1902 acting assistant government agent ; 1903 assistant government agent	agent			1
P003800	R. Aluwihare	5	1922-1939	Secretary | Office Assistant | officer of the Department of Agriculture	auto	kgp_col1939-p923b24	RICHARD ALUWIHARE	1895	1915-1940	1920 cadet ; 1922 office assistant to director, agr. ; 1923 police magistrate	agricul			1
P003802	R. B. Reid	5	1892-1906	director | shareholder | Director	review	kgp_col1896-p637b12	ROBERT REID		1866-1896	1866 writer ; 1868 commissioner of requests, &c. ; 1869 assistant government agent				1
P003833	Richard Morgan	5	1887-1900	late | resident of Modara | late, tried experiment	review	kgp_col1905-p686b15	RICHARD HENRY MORGAN		1875-1907	1875 Sub. assistant surveyor ; 1877 assistant surveyor				1
P003839	S. E. N. Nicholas	5	1883-1931	author | Colonial Chaplain of St. Paul's, Colombo | in charge of Colombo Ragged Schools	review	kgp_col1867-p251b13	S. NICHOLAS		1864-1883	1864 Portuguese colonial chaplain	chaplai			1
P003842	S. Haughton	5	1902-1904	Government Agent | Government Agent, Eastern Province | Acting Government Agent C. P.	auto	kgp_col1900-p558b13	S. HAUGHTON		1870-1900	1870 writer ; 1872 acting police magistrate ; 1872 assistant government agent	agent			1
P003877	Sydney Olivier	5	1897-1915	Colonial Secretary of Jamaica | secretary | Chairman of the Board of Management	auto	kgp_col1930-p1053b6	SYDNEY OLIVIER	1859	1882-1940	1882 clerk in the office of the S. of S. for cols. () ; 1890 acting colonial secretary (Br. Honduras) ; 1895 acting auditor-gen. (Leeward Is.)	jamaica	Q1810503	Sydney Olivier, 1st Baron Olivier	1
P003878	T. A. Hodson	5	1920-1938	Asst. Govt. Agent | Assistant Government Agent, Kalutara; President of the show | Asst. Govt. Agent, in the Chair	auto	kgp_col1932-p954b13	THOMAS ARTHUR HODSON	1882	1905-1939	1905 cadet, Ceylon civil service ; 1906 seconded assistant superintendent of police ; 1908 assistant superintendent of police	agent			1
P003890	T. Reid	5	1907-1925	Assistant Government Agent | new member | visitor	auto	kgp_col1932-p1022b20	THOMAS REID	1881	1905-1932	1905 cadet ; 1907 officer assistant to government agent ; 1909 mun. magistrate	agent			1
P003937	W. J. Boake	5	1885-1900	present at meeting | Assistant to the Government Agent of the Northern Province | author of Monograph of Mannar	auto	kgp_col1888-p441b22	W. J. S. BOAKE		1867-1890	1867 writer ; 1868 acting police magistrate ; 1871 acting assistant collector and landing surveyor	agent			1
P003973	William Jervois	5	1881-1892	recipient of breakwater plan | ex-Governor, Royal Engineer | Governor of the Straits Settlements	auto	kgp_col1883-p404b12	WILLIAM FRANCIS DRUMMOND JERVOIS		1841-1896	1841 served at the Cape of Good Hope (Cape of Good Hope) ; 1842 brigade-major (Cape of Good Hope) ; 1845 visited Natal (Natal)	governo,royal,settlem,straits	Q2579525	William Jervois	1
P004003	A. J. Brooks	4	1913-1922	Agricultural Superintendent, St. Lucia | author | Works Overseer	auto	kgp_col1931-p968b15	ARCHIBALD JOSEPH BROOKS	1881	1902-1934	1902 entd. (Royal Gardens, Kew) ; 1903 officer in charge, agriculture school (Dominica) ; 1904 acting curator, botanic gardens (Dominica)	agricul,superin			1
P004034	A. T. Dew	4	1881-1896	estate proprietor | District Magistrate | author of the annual report	auto	kgp_col1907-p640b21	ARTHUR TOMKYNS DEW		1867-1908	1867 Naval cadet () ; 1869 midshipman () ; 1874 Expedition to the Linggi and Lukut Rivers (Linggi and Lukut Rivers)	magistr			1
P004082	Arthur Lawley	4	1902-1909	Administrator of Matabeleland | laid the foundation-stone	auto	kgp_col1915-p753b3	ARTHUR LAWLEY	1860	1896-1940	1896 dep.-administrn. (Matabeleland) ; 1896 deputy administrn. (Matabeleland) ; 1896 secretary to administrn. (S. Rhodesia)	adminis			1
P004090	B. G. de Glanville	4	1919-1927	Assistant Government Agent, Mannar | Asst. Govt. Agent | Assistant Government Agent, Kalutara	auto	kgp_col1930-p953b4	BERTRAM GEORGE DE GLANVILLE	1885	1908-1932	1908 cadet ; 1909 assistant college of customs and police magistrate ; 1911 acting additional commissioner of requests and addtl. police magistrate	agent			1
P004104	Bertram Hill	4	1913-1919	member | Government Agent | Government Agent, N.-W.P.	auto	kgp_col1917-p777b11	BERTRAM HILL	1864	1888-1918	1888 cadet ; 1890 police magistrate ; 1891 officer assistant to government agent	agent			1
P004135	C. H. Knowles	4	1912-1926	reporter on leaf disease | writer | author	auto	kgp_col1934-p944b14	CHARLES HENRY KNOWLES	1878	1902-1940	1902 res. master, agriculture school (St. Vincent) ; 1905 superintendent of agriculture (Fiji) ; 1912 M.L.C. (Fiji)	experim			1
P004142	C. K. Bancroft	4	1914-1917	author | author of report	review	kgp_col1918-p682b9	CLAUDE KEITH BANCROFT	1885	1910-1918	1910 assistant mycologist (F.M.S.) ; 1912 mycologist (F.M.S.) ; 1913 assistant director, science and agriculture (B. Guiana)				1
P004148	C. M. Lushington	4	1904-1909	member | member present | Government Agent, Southern Province	auto	kgp_col1912-p723b10	CHARLES MORANT LUSHINGTON	1854	1876-1912	1876 writer ; 1878 magistrate ; 1878 office assistant to government agent	agent			1
P004159	C. W. A. Bruce	4	1895-1896	author | Assistant Conservator of Forests | Div. Forest Officer, Upper Chindwin	review	kgp_col1917-p712b24	CHARLES BRUCE	1837	1863-1920	1878 director of public instruction		Q5075843	Charles Bruce	1
P004166	C. X. Furtado	4	1923-1934	Botanic Gardens, Singapore | correspondent	review	kgp_col1951-p542b18	Cajetano Xavier FURTADO	1897	1923-1951	1923 fld. assistant (S'pore) ; 1926 assistant botanist (S'pore) ; 1933 res. works (Berlin, Kew, Lond. and Florence Bot. Inst.)				1
P004189	Charles Stewart	4	1886-1896	Naturalist and Geologist | President | Brassfounder	review	kgp_col1888-p544b13	C. H. STEWART		1845-1894	1845 deputy Queen's advocate ; 1848 deputy Queen's advocate ; 1852 deputy Queen's advocate and one of the law officers of the crown for the island				1
P004194	Clement Wragge	4	1882-1902	author of recipe in English Mechanic | meteorologist | expert who reported on climate and soil	review	kgp_col1889-p564b14	CLEMENT I. WRAGGE	1852	1876-1907	1876 surveyor-general's department (Adelaide) ; 1887 met. observer (Queensland)				1
P004197	Cockburn Stewart	4	1881-1898	acting Civil Commissioner of the Seychelles | Civil Commissioner of the Seychelles Group | Administrator	review	kgp_col1888-p544b13	C. H. STEWART		1845-1894	1845 deputy Queen's advocate ; 1848 deputy Queen's advocate ; 1852 deputy Queen's advocate and one of the law officers of the crown for the island				1
P004248	Dyson Blair	4	1896-1899	teacher of Surveying | Municipal Surveyor | Survey Department	auto	kgp_col1927-p860b20	DYSON BLAIR	1874	1891-1929	1891 appointed to survr.-gen.'s department ; 1897 officer in charge of topographical survey party ; 1898 assistant superintendent of surveys	survey,surveyo			1
P004268	E. Hose	4	1910-1928	planter in the service of the Borneo Company Ltd., Sarawak | correspondent in Borneo | discoverer of the cover crop	review	kgp_col1925-p902b11	EDWARD SHAW HOSE	1871	1891-1928	1891 assistant financial assistant (Kuala Kangsar) ; 1891 junior officer (Perak, F.M.S.) ; 1893 assistant district magistrate (Kuala Kangsar)				1
P004271	E. M. De C. Short	4	1901-1904	Chairman | Assistant Government Agent | Assistant Government Agent of Nuwara Eliya	auto	kgp_col1911-p767b19	EDWARD MORRISON DE COURCY SHORT	1857	1878-1915	1878 writer ; 1883 police magistrate ; 1884 acting district judge	agent			1
P004287	Edith Tranchell	4	1885-1889	prize winner | exhibitor	review	kgp_col1889-p554b12	E. F. TRANCHELL		1848-1890	1848 served in the Ceylon rifle regiment ; 1864 commandant of Jaffna ; 1866 commandant of Kandy				1
P004314	F. E. V. Smith	4	1930-1941	Jamaica | researcher | author	auto	kgp_col1951-p652b5	FRANCIS EDWARD VINEY SMITH	1902	1921-1951	1921 department sci. and indust. research () ; 1924 minister of agriculture (Eng.) ; 1924 senior assistant mycologist (Eng.)	jamaica,researc			1
P004407	George Watts	4	1884-1902	sent to Naga and Lushai country | author of the book | author of Dictionary of the Economic Products of India	auto	kgp_col1910-p785b7	GEORGE KEMPTHORNE WATTS		1875-1911	1875 Ch. engineer, India public works department (India) ; 1881 executive engineer (Hyderabad) ; 1886 assistant to suptdg. engineer (Hyderabad)	india			1
P004411	Gerald Browne	4	1888-1898	P.S. | Acting Secretary to Government | prisoner	review	kgp_col1900-p525b5	GERALD BROWNE		1879-1906	1883 priv. secretary to governor ; 1890 priv. secretary to govnor. ; 1893 secretary central irrigation board				1
P004454	H. H. Cameron	4	1894-1900	Mayor of Colombo | Judge | present at the meeting	auto	kgp_col1900-p527b17	H. H. CAMERON		1868-1900	1868 writer ; 1871 acting assistant government agent ; 1872 acting assistant government agent, &c.	judge,mayor			1
P004516	Herbert White	4	1895-1941	author of compilation for Uva | author of Manual of Uva | member, retired from Public Service	review	kgp_col1910-p786b6	HERBERT WHITE	1857	1886-1910	1886 police magistrate ; 1895 acting government agent ; 1895 assistant agent				1
P004549	J. C. W. Rock	4	1935-1936	Registrar-General and Director of Commercial Intelligence | Registrar-General	auto	kgp_col1932-p1027b5	JOHN CHRISTOPHER WILBERFORCE ROCK	1882	1905-1939	1905 cadet ; 1906 officer assistant to government agent ; 1908 officer assistant to government agent	registr			1
P004550	J. C. Willis	4	1906-1937	planted Cassia grandis in 1911 | Wife of the Director of Botanic Gardens | Attendee	auto	kgp_col1908-p750b3	JOHN CHRISTOPHER WILLIS	1868	1870-1912	1896 director bot. garden ; 1896 director of royal bot. gardens	botanic,gardens			1
P004587	J. L. Dow	4	1884-1896	M. L. A. | M.P. | of Victoria	review	kgp_col1888-p465b20	JOHN LAMONT DOW		1886-1906	1886 commissioner of crown lands and survey (Victoria) ; 1886 Minister of lands and agriculture, president board of lands and works (Victoria) ; 1886 minister of mines and agriculture (Victoria)				1
P004593	J. M. Robertson	4	1882-1898	founder of the firm of J. M. Robertson & Co. | companion | manager of the Arcuttipore Tea Company's Gardens	review	kgp_col1886-p492b18	J. ROBERTSON		1877-1898	1878 Superintending officer, public works department				1
P004623	J. W. Scharff	4	1935-1941	author of account on trials in Malaya | Chief Health Officer, Singapore | researcher who found Paris Green leaves no trace	auto	kgp_col1940-p1041b7	JOHN WILLIAM SCHARFF	1895	1915-1940	1915 surgn. sub.-lieut., R.N.V.R. () ; 1920 health officer (S.S.) ; 1921 honorary secretary for Malaya of the Far Eastn. Assoc. of Trop. medical (Malaya)	health,malaya			1
P004626	James Campbell	4	1883-1900	planter, deceased | lieutenant-governor | Lieut.-Governor	review	kgp_col1907-p626b4	J. CATHEY CAMPBELL		1890-1910	1890 served in traffic department ; 1891 Ceylon pris. department ; 1893 1st class inspector				1
P004632	James Garrick	4	1882-1893	present at demonstration | Agent-General for Queensland | Counsel	auto	kgp_col1907-p653b16	J. F. GARRICK	1836	1878-1907	1878 attorney-general (Queensland) ; 1878 secretary for public lands and mines (Queensland) ; 1883 colonial treasurer (Queensland)	attorne	Q6134157	James Francis Garrick	1
P004634	James Hector	4	1890-1907	author | author of publication on Phormium tenax | author of work	review	kgp_col1905-p658b6	JAMES HECTOR	1834	1877-1907	None director of geological surveys and curator of the colonial museum (N. Zealand)		Q675726	James Hector	1
P004643	James Watt	4	1890-1909	improver of the steam-engine | Secretary of Bathing Club | inventor of steam engines	auto	kgp_col1867-p269b30	J. WATT		1866-1888	1866 colonial chaplain of the Scot's Kirk	chaplai			1
P004656	John Gorrie	4	1883-1891	Hon. the Colonial Secretary | author of scheme for guaranteed mortgages | His Honour	review	kgp_col1888-p479b16	JOHN GORRIE		1859-1890	1859 Captain Q.E.R.V. () ; 1860 one of the honorary advocate-deputies for Scotland (Scotland) ; 1862 practised in London (London)				1
P004678	Joseph Needham	4	1885-1901	Chief Justice of Trinidad | late	auto	kgp_col1888-p517b13	JOSEPH NEEDHAM		1840-1894	1840 certificated special pleader () ; 1865 chief justice (Vancouver Island) ; 1866 royal commissioner ()	justice			1
P004705	L. H. Clayton	4	1901-1903	District Officer, Christmas Island | reporter on visit to Christmas Island | district officer at Christmas Island	review	kgp_col1921-p790b4	L. H. CLAYTON		1895-1921	1895 cadet (S. Sttlmts.) ; 1895 Cadet S.S. () ; 1897 acting assistant protectorate of Chinese (Singapore)				1
P004707	L. J. B. Turner	4	1923-1935	Director of Statistics	auto	kgp_col1932-p1059b14	LEWIS JAMES BARNETSON TURNER	1880	1908-1933	1908 cadet ; 1909 officer assistant to government agent ; 1909 officer assistant to government agent	statist			1
P004710	L. S. Woolf	4	1909-1912	Assistant Government Agent | Assistant Government Agent of Hambantota	auto	kgp_col1912-p802b3	LEONARD SIDNEY WOOLF	1880	1904-1912	1904 cadet ; 1905 additional police magistrate ; 1906 acting assistant government agent	agent			1
P004760	M. K. T. Sandys	4	1924-1938	Asst. Govt. Agent, Mullaittivu | Chair | visitor	auto	kgp_col1939-p1096b7	MELVILL KEVERNE TRELAWNY SANDYS	1890	1914-1940	1919 attd. ; 1919 cadet ; 1922 office assistant to government agent	agent			1
P004765	M. S. Crawford	4	1890-1894	report on the Mannar District | Assistant Government Agent | official	review	kgp_col1890-p469b17	MARCUS SYNNOT CRAWFORD		1877-1890	1877 writer ; 1885 police magistrate				1
P004802	N. P. Trevenen	4	1881-1892	exhibitor | Assistant Executive Commissioner | reporting on a visit to Sarawak	auto	kgp_col1896-p657b17	NOEL PENROSE TREVENEN		1873-1900	1873 a magistrate of police and commissioner, court of requests (Penang) ; 1874 Cadet (Straits Settlements) ; 1874 Cadet (S. Sttlmts.)	commiss,exhibit,sarawak			1
P004832	P. D. Warren	4	1894-1910	member of the Board | present	review	kgp_col1925-p1012b11	PHILIP DAVID WARREN	1851	1878-1932	1878 assistant surveyor ; 1879 district surveyor ; 1879 Dist. surveyor				1
P004856	Philip Wodehouse	4	1890-1911	Governor of British Guiana | Governor | planter	auto	kgp_col1878-p447b3	PHILIP E. WODEHOUSE		1828-1886	1828 writer ; 1833 assistant colonial secretary and clerk of the executive and legislative councils ; 1840 district judge	agent,governo	Q1800510	Philip Edmond Wodehouse	1
P004917	Robert Massie	4	1892-1910	Assistant Government Agent | suggested fungus habitat search | of Kew	auto	kgp_col1888-p510b7	ROBERT MASSIE		1865-1890	1865 writer in the Ceylon civil service ; 1866 acting assistant government agent ; 1866 acting assistant government agent	agent			1
P005001	T. Jackson	4	1909-1917	Curator | Member of the Executive Committee | Supervisor of the Onion House	auto	kgp_col1910-p706b8	T. JACKSON		1905-1930	1905 Curator, botanic station (Antigua, Leeward Is.)	curator,station			1
P005076	W. E. Thompson Sharpe	4	1887-1917	M.P. | member for Ceylon | Government Agent, Central Province	auto	kgp_col1867-p261b5	W. E. T. SHARPE		1857-1890	1857 writer to the government ; 1858 acting assistant to the government agent ; 1860 assistant government agent	agent			1
P005090	W. H. Penney	4	1889-1910	The Protector | Protector | prize winner	review	kgp_col1915-p787b17	WILLIAM HUGHES PENNEY		1888-1915	1888 appointed to treasury department (B. N. Borneo) ; 1891 acting treas.-genl. (B. N. Borneo) ; 1895 P.M.G. (B. N. Borneo)	protect			2
P005094	W. J. Gorman Jr.	4	1890-1891	Superintendent | witness | author of paper on diving	review	kgp_col1894-p482b13	W. J. GORMAN		1858-1896	1858 assistant commissary-general ; 1863 acting deputy commissary-general ; 1863 assistant commissary-general				1
P005099	W. M. Aders	4	1912-1915	author | author of Leaflet No. 2	review	kgp_col1928-p977b7	WALTER MANSFIELD ADERS	1881	1903-1931	1903 engaged on research work (Plymouth) ; 1905 assistant to pathologist (Cairo) ; 1905 curator of pathological museum (Cairo)				1
P005126	W. T. Taylor	4	1899-1908	committee member | Chairman | Resident-General, Federated Malay States	review	kgp_col1923-p940b5	W. T. TAYLOR	1848	1879-1931	1895 acting colonial secretary ; 1895 audr.-gen. ; 1896 acting colonial secretary		Q16466628	William Thomas Taylor	1
P005128	W. V. Legge	4	1904-1917	authority on bird | Author of the "Birds of Ceylon" | author of the Birds of Ceylon	review	kgp_col1894-p505b4	W. V. LEGGE		1882-1900	1882 Commandant and inspecting field officer (Tasmania)				1
P005174	A. A. King	3	1886-1898	Govt. Agent | Government Agent	auto	kgp_col1897-p518b15	AE. A. KING		1865-1899	1865 Writer in the Ceylon civil service ; 1866 acting assistant government agent ; 1866 commissioner of requests, &c.	agent			1
P005229	A. H. Unwin	3	1910-1933	Provincial Forest Officer, Benin City | consignor of Marodi rubber | researcher, Great Britain	auto	kgp_col1934-p1026b4	ARTHUR HAROLD UNWIN		1903-1936	1903 Forestry branch (Canada) ; 1904 assistant conservator and senior conservator, of forests (Nigeria) ; 1917 office of woods, timber supply department (England)	forest			1
P005244	A. J. Swann	3	1894-1896	writer from the Zambezi River | traveller | correspondent	review	kgp_col1908-p736b3	ALFRED JAMES SWANN	1855	1893-1909	1893 employed in contracting treaties with chiefs north of Lake Tanganyika on behalf of British government (north of Lake Tanganyika) ; 1894 collector of revs. (Br. Cent. Africa protectorate) ; 1895 in charge of expedn. against Mwasi and Saidi Kasungu (Br. Cent. Africa)				1
P005264	A. M. Ashmore	3	1889-1894	for Colonial Secretary | Acting Colonial Secretary at Cape Coast Castle	review	kgp_col1906-p630b7	ALEX. MURRAY. ASHMORE	1855	1876-1906	1876 Writer, Ceylon vice ; 1884 office assistant government agent ; 1887 acting 2nd assistant colonial secretary				1
P005266	A. M. Ferguson Sr.	3	1884-1896	proprietor | recipient of the letter | pioneer in tea	review	kgp_col1883-p383b3	ALASTAIR MACKENZIE FERGUSON		1880-1890	1880 Commissioner (Melbourne)				1
P005272	A. N. Strong	3	1925-1926	Assistant Government Agent, Chairman | Asst. Government Agent, in the Chair | Assistant Government Agent and Chairman of the Committee	auto	kgp_col1929-p1061b4	ARTHUR NESBITT STRONG	1890	1913-1936	1913 cadet, Ceylon civil service ; 1914 acting office assistant to government agent ; 1914 addtl. police magistrate	agent			1
P005291	A. S. Baxendale	3	1903-1911	of the Federated Malay States Service | author of letter to Federal Secretary | author of communication on rubber reserves	review	kgp_col1896-p548b4	ARTHUR SALISBURY BAXENDALE		1888-1906	1888 superintendent of posts and telegraphs (Selangor)				1
P005303	A. T. D. Berrington	3	1891-1902	Senior Magistrate | Commissioner of Lands and Mines, F.M.S. | companion	auto	kgp_col1908-p605b6	ARTHUR T. D. BERRINGTON		1888-1908	1888 private secretary to Sir H. Bulwer (Cyprus) ; 1890 acting chief magistrate (Selangor) ; 1890 private secretary to Sir Frederick Dickson (Straits Settlements)	commiss,magistr			1
P005309	A. Vandermeersch	3	1890-1894	Acting Surveyor-General | Acting Surveyor-General, Mauritius	review	kgp_col1886-p510b6	A. VANDERMEERSCH		1868-1890	1868 Assistant engineer and architect (Mauritius) ; 1883 engineer and architect (Mauritius)				1
P005351	Alfred A. Clark	3	1898-1900	Director | Resigned Member | retired from the Board	review	kgp_col1908-p623b6	ALFRED ALLEN CLARK		1875-1908	1875 Forester ; 1889 assistant conservator of forests ; 1901 acting conservator				1
P005353	Alfred Clark	3	1900-1901	author | of the same department	review	kgp_col1908-p623b6	ALFRED ALLEN CLARK		1875-1908	1875 Forester ; 1889 assistant conservator of forests ; 1901 acting conservator				1
P005362	Allan Perry	3	1906-1911	Principal Civil Medical Officer and Inspector-General of Hospitals | gave advice on estate health	auto	kgp_col1928-p1144b6	ALLAN PERRY	1860	1897-1940	1897 principal ; None member ; None president	civil,medical,princip			1
P005378	Arthur C. Hansard	3	1894-1904	formerly of the Ceylon Rifles and the Police Department | staff member | staff member returning to Canada	review	kgp_col1890-p495b12	ARTHUR HANSARD		1856-1890	1856 Ensign ; 1858 Attached to the surveyor-general's department ; 1859 Lieut.	police			1
P005467	C. A. Smith	3	1917-1931	Singo Estate, Ltd., Kampala | new member | Kew gardener	review	kgp_col1905-p711b14	C. A. JEFFREY SMITH		1870-1915	1870 apprentice (Jamaica) ; 1875 assistant to chief superintendent (Jamaica) ; 1877 assistant to chief superintendent (Jamaica)				1
P005470	C. Brooke	3	1882-1910	Rajah of Sarawak | Rajah	auto	kgp_col1889-p449b23	C. J. BROOKE		1889-1890	None Rajah of Sarawak (Sarawak)	rajah,sarawak			1
P005498	C. J. Rhodes	3	1895-1900	Premier of Cape Colony | presenter of lioness	auto	kgp_col1898-p528b22_s10	CECIL JOHN RHODES		1883-1900	1883 member of executive council (Barkly, Cape) ; 1883 member of executive council (Cape) ; 1889 director of chartered British South Africa Co. (Cape)	cape,premier			1
P005519	C. R. Turbet	3	1935-1945	Specialist in Animal Husbandry | member of special committee | writer	auto	kgp_col1950-p625b13	CHARLES RUPERT TURBET	1897	1915-1951	1945 specialist in animal husbandry	animal,husband,special			1
P005555	Cecil Clementi	3	1923-1933	Colonial Secretary | Governor of the Straits Settlements | Officer Administering the Government	auto	kgp_col1931-p982b10	CECIL CLEMENTI		1899-1940	1922 admnstd. government ; 1922 colonial secretary ; 1925 admnstd. government	adminis,governo,straits	Q839225	Cecil Clementi	1
P005562	Charles Clifford	3	1885-1888	Chairman of the Colonial Institute | chairman	review	kgp_col1888-p454b18	CHARLES CLIFFORD		1883-1890	None First speaker of the House of Representatives (New Zealand)				1
P005580	Charles Tupper	3	1894-1896	of Canada, speaker at Speech Day | High Commissioner | author	auto	kgp_col1897-p572b7	C., BART. TUPPER	1821	1855-1915	1855 member of the Nova Scotia Assembly (Cumberland) ; 1855 represented Cumberland in parlimt. for 29 years in N.S. Assem. (N.S.) ; 1855 sat for Cumberland, in Nova Scotia assembly (Nova Scotia)	canada,commiss,high	Q128672	Charles Tupper	1
P005700	E. Ballard	3	1921-1932	Entomologist, Government of Madras | Commonwealth Cotton Entomologist | author	auto	kgp_col1937-p851b2	EDWARD BALLARD	1889	1911-1937	1911 entomologist (Nyasaland protectorate) ; 1911 government entomologist (Nyasaland) ; 1914 govt. entomologist (Madras)	commonw,cotton,entomol			1
P005734	E. J. Cooray	3	1940-1945	Acting Registrar of Co-operative Societies | Registrar, Co-operative Societies	review	kgp_col1939-p967b18	EDMUND JOSEPH COORAY	1907	1931-1940	1931 attd. Colombo kach. ; 1931 attd. Colombo kach. ; 1931 cadet				1
P005742	E. Kidson	3	1929-1930	Director of Meteorological Services, New Zealand | author | estimates cost for heating orchards	auto	kgp_col1937-p953b4	ERNEST KIDSON	1882	1921-1939	1921 on staff (Australian Commonwealth meteorological bureau) ; 1923 assistant director (Australian Commonwealth meteorological bureau) ; 1927 director, meteorological services (N.Z.)	meteoro,service			1
P005757	E. P. Gueritz	3	1890-1898	Assistant Resident in Kudat | author of paper on British Borneo | cultivator	auto	kgp_col1909-p725b9	EDWARD PEREGRINE GUERITZ		1874-1911	1874 Cadet and district officer (Sarawak) ; 1874 Cadet and district officer and res. (Sarawak government) ; 1882 assistant president (Br. N. Borneo)	borneo	Q1293230	Edward Peregrine Gueritz	1
P005785	Edgar Layard	3	1882-1900	writer, British Consulate, Noumea | Her Majesty's Consul at Noumea	auto	kgp_col1894-p504b12	EDGAR LEOPOLD LAYARD		1874-1899	1874 administered the government (Fiji) ; None consul (New Caledonia) ; None Her Majesty's consul (Fiji)	consul			1
P005802	Edward William Price	3	1881-1883	Government Resident | Government Resident of the Northern Territory	auto	kgp_col1877-p408b5	EDWARD WILLIAM PRICE		1846-1888	1846 naval cadet () ; 1860 appointed to civil service (South Australia) ; 1873 stipendiary magistrate (South Australia)	residen			1
P005837	F. Birkinshaw	3	1918-1932	inspector of societies | author	auto	kgp_col1940-p880b9	FRANK BIRKINSHAW	1887	1912-1940	1912 assistant agri. superintendent and sc. mast., gram. school (St. Vincent) ; 1915 agri. instr. (Mauritius) ; 1915 inspector, co-op. credit socs. in addn. (Mauritius)	inspect			1
P005856	F. G. Tyrrell	3	1904-1922	Office Assistant | horse owner | Government Agent, N.-W. Province	auto	kgp_col1949-p571b8	FRANCOIS GRAEME TYRRELL	1876	1900-1951	1900 cadet ; 1901 acting priv. secretary to H.E. the governor ; 1902 priv. secretary to H.E. the officer admstg. the government	agent	Q16003769	Francis Graeme Tyrrell	1
P005859	F. H. Grinlinton	3	1898-1900	Surveyor-General of the Island | Surveyor-General of the island | advisor	auto	kgp_col1907-p660b9	F. H. GRINLINTON	1853	1870-1924	1870 Apptd. to Ceylon survey department ; 1877 district surveyor ; 1881 chief surveyor	surveyo			1
P005863	F. J. Clarke	3	1883-1909	President of Barbados Agricultural Society | President of the Barbados Agricultural Society | occupier of Eechemodai Garden	auto	kgp_dol1935-p858b6	FREDERICK JAMES CLARKE		1887-1940	1887 member, H.A. (Barbados) ; 1898 speaker, H. of A. (Barbados) ; 1905 M.E.C. (Barbados)	agricul,barbado			1
P005869	F. M. Hodgson	3	1903-1912	Governor | Colonial representative, Barbadoes	auto	kgp_col1919-p791b5	FREDERIC MITCHELL HODGSON	1851	1868-1925	1868 employed in the sec.'s office () ; 1870 clerk in the secretary's office () ; 1872 captain ()	barbado,governo			1
P005909	Francis Crowther	3	1909-1935	Acting Secretary for Native Affairs | Secretary for Native Affairs | author	auto	kgp_col1917-p732b18	FRANCIS G. CROWTHER		1898-1917	1898 draughtsman, public works department (G. Coast) ; 1901 inspector of schls. (G. Coast) ; 1902 acting director of education and secretary to board of education (G. Coast)	affairs,native			1
P005929	G. A. Baumgartner	3	1897-1908	author of Report for 1896 | Government Agent | Organizer of Agri-Horticultural gathering at Matara	auto	kgp_col1900-p517b19	G. A. BAUMGARTNER		1871-1907	1871 Attached to Colombo Kachcheri ; 1871 writer in the Ceylon Civil Service ; 1873 additional police magistrate	agent			1
P005965	G. O'Brien	3	1884-1903	author of letter on coffee preparation | Governor of Fiji | former Governor of the Fijian Islands	auto	kgp_col1897-p540b16	GEORGE THOMAS MICHAEL O'BRIEN	1844	1867-1906	1867 additional police magistrate ; 1867 additional police magistrate ; 1867 writer	governo	Q3101960	George O'Brien	1
P006010	George C. Bellamy	3	1894-1894	District Officer, Selangor | reporter from Kuala Selangor	review	kgp_col1896-p549b12	GEORGE CUMING BELLAMY		1883-1896	1883 secretary to Br. resdt. (Selangor) ; 1884 acting colonial and magistrate (Ulu Langat) ; 1884 in charge of courts and treasurer (Selangor)				1
P006046	Gilbert Carter	3	1896-1899	Governor | of Lagos	auto	kgp_col1922-p760b6	GILBERT T. CARTER	1848	1864-1925	1864 entered navy () ; 1870 paymr. of colonial steamer "Sherbro" (S. Leone) ; 1875 priv. secretary to governor (Leeward Is.)	governo	Q1524074	Gilbert Thomas Carter	1
P006058	Graham Berry	3	1882-1890	arch-Protectionist, Victoria | present at demonstration	auto	kgp_col1900-p519b20	GRAHAM BERRY		1860-1900	1860 Mem. of the Victorian legislative Assem. (Victoria) ; 1875 premier, chief secretary, and treasurer (Victoria) ; 1877 premier (Victoria)	victori			1
P006082	H. C. Cottle	3	1894-1919	Government Printer | attendee	auto	kgp_col1914-p685b14	HENRY CHAS. COTTLE	1857	1885-1921	1885 2nd assistant government printer ; 1888 assistant government printer ; 1890 acting government printer	printer			1
P006116	H. Jerningham	3	1897-1899	author of report on the condition of Trinidad | initiator of cattle importation | reporter, Trinidad	review	kgp_col1912-p707b13	HUBERT EDWARD HENRY JERNINGHAM	1842	1866-1914	1866 attaché () ; 1866 employed in foreign office () ; 1867 attaché at Paris (Paris)		Q5927395	Hubert Jerningham	1
P006119	H. L. Moysey	3	1888-1899	Ceylon Colonist present | Principal Collector | author of Administration Report for 1896	auto	kgp_col1905-p687b6	HENRY LUTTRELL MOYSEY	1849	1870-1906	1870 writer ; 1872 police magistrate ; 1873 acting assistant government agent	collect,princip			1
P006133	H. Martin	3	1922-1935	pupil | Long Ashton Research Station	review	kgp_col1918-p800b9	HENRY ALEXANDER MARTIN		1884-1927	1897 financial assistant and accountant, public works department ; 1905 accountant and fin. assistant, general treasury				1
P006136	H. P. Baumgartner	3	1888-1893	Assistant Government Agent | Asst. Govt. Agent | A. G. A. of Matara	auto	kgp_col1888-p436b22	HARRY PERCY BAUMGARTNER		1875-1900	1875 Writer ; 1877 attached to police court ; 1877 extra office assistant at Colombo to government agent, western province	agent			1
P006160	H. Trotter	3	1883-1891	acting administrator | Protector of Immigrants in Mauritius | author of letter on 'The Land and Laborers'	review	kgp_col1897-p571b6	HENRY TROTTER		1852-1897	1865 inspector of post offices ; 1866 postmaster-general and inspector of post offices ; 1870 acting postmaster-general				1
P006222	Herbert James Stanley	3	1928-1930	Governor | Governor, presided	auto	kgp_col1936-p1005b17	HERBERT JAMES STANLEY	1872	1897-1951	1927 governor	governo	Q14945531	Herbert Stanley	1
P006239	Horace Tozer	3	1899-1902	investigator | author of address to Fellows of the Institute | Home Secretary	review	kgp_col1914-p825b4	H. TOZER	1844	1898-1915	1898 agt.-gen. for Queensland (London) ; None colonial secretary (Queensland)		Q5902193	Horace Tozer	1
P006268	J. B. Carruthers	3	1910-1922	recipient of letter of condolence | planted African Breadfruit in 1902	review	kgp_col1910-p651b16	JOHN BENNETT CARRUTHERS	1869	1892-1910	1898 investigator of cacao disease ; 1900 mycologist to government of Ceylon and assistant director, Royal Bot. Gardens				1
P006327	J. H. Marsh	3	1891-1893	Attendee | late Principal of the Royal College | on behalf of the company	auto	kgp_col1889-p514b19	J. H. MARSH		1857-1890	1857 Second Master of Queen's College and Colombo Academy ; 1860 exchanged duties temporarily with the inspector of schools ; 1862 resumed own duty	college,princip			1
P006335	J. J. Bowrey	3	1887-1904	Analytical chemist, Jamaica | Analyst to the Jamaica Government | author of analysis	auto	kgp_col1890-p454b19	J. J. BOWREY		1870-1898	1870 Analytical chemist (Jamaica) ; None curator of the Institute of Jamaica (Jamaica)	analyti,chemist,jamaica			1
P006377	J. P. Rodger	3	1890-1895	Acting British Resident | British Resident	auto	kgp_col1897-p553b12	JOHN PICKERSGILL RODGER	1851	1882-1910	1882 chief magistrate and commissioner of lands (Selangor) ; 1884 acting British resident (Selangor) ; 1884 acting Br. res. (Selangor)	british,residen	Q6252868	John Pickersgill Rodger	1
P006386	J. R. Williams	3	1906-1911	Inspector of Schools, Jamaica | author | author of book on School Gardens	auto	kgp_col1913-p810b6	JAMES ROWLAND WILLIAMS	1860	1884-1915	1884 inspector of schls. (Jamaica) ; 1906 acting assistant colonial secretary (Jamaica) ; 1908 government deleg. to Canadian reciprocity confce. (Barbados)	inspect			1
P006387	J. Robertson	3	1885-1891	exhibitor | defendant in claim | accompanied Mr. Robertson	review	kgp_col1886-p492b18	J. ROBERTSON		1877-1898	1878 Superintending officer, public works department				2
P006455	James Van Langenberg	3	1888-1909	Board member | Ceylon | filling temporary vacancy	review	kgp_col1877-p423b4	J. VAN LANGENBERG		1876-1883	1876 Member of the legislative council				1
P006501	John Lewis Rosedale	3	1925-1941	author, Biochemical Laboratory, King Edward VII. College of Medicine, Singapore | Professor | researcher	auto	kgp_col1936-p990b11	JOHN LEWIS ROSEDALE	1889	1927-1940	1927 prof. of biochemistry (Singapore) ; 1930 official deleg. (Bangkok) ; 1934 official deleg. (Nanking)	biochem			1
P006536	Julius Vogel	3	1881-1884	editor | started a syndicate	review	kgp_col1888-p554b3	JULIUS VOGEL		1861-1899	1861 arrived in New Zealand (New Zealand) ; 1862 member of the provincial council of Otago (Otago) ; 1863 returned to the New Zealand house of representatives (New Zealand)		Q1363572	Julius Vogel	1
P006616	Leicester P. Beaufort	3	1895-1897	Governor of British North Borneo | Governor	auto	kgp_col1925-p815b8	L. P. BEAUFORT		1888-1925	1888 member (London) ; 1889 government secretary and judicial commissioner (Brit. North Borneo) ; 1895 governor and comdr.-in-chief (Labuan and North Borneo)	governo			1
P006705	M. Prasad	3	1935-1936	Government Agent, North-Western Province | Acting Government Agent, N.W.P. | former member	auto	kgp_col1940-p1026b15	MURARI PRASAD	1888	1912-1940	1912 cadet ; 1913 acting police magistrate ; 1913 attached	agent			1
P006710	M. S. Sreshta	3	1919-1921	member	review	kgp_col1925-p992b3	MAURICE SALVADOR SRESHTA	1873	1896-1928	1896 cadet ; 1898 off. assistant to govt. agent ; 1898 off. assistant to govt. agent				1
P006775	N. Craig	3	1935-1940	researcher of 1908 experiment	review	kgp_col1955-p293b18	N. CRAIG	1898	1916-1956	1916 military service, lieut. () ; 1924 lect. in agriculture chem. (Maur.) ; 1929 biochem. and soil physicist (Maur.)				1
P006834	P. C. Nicholas	3	1907-1919	Mudaliyar | member, Mudaliyar	review	kgp_col1923-p891b16	PAUL CHINNATURAI NICHOLAS	1868	1917-1924	1917 acting office assistant ; 1920 acting office assistant to government agent ; 1920 appointed to class V. of Ceylon civil service				1
P006857	P. Saravanamuttu	3	1920-1927	Hony. Secretary | C. C. S., Hony. Secretary | Assistant Government Agent	review	kgp_col1939-p1096b11	PAIKIASOTHY SARAVANAMUTTU	1894	1919-1940	1919 attd. ; 1919 cadet ; 1921 addnl. district judge	agent			2
P006911	R. C. Grey	3	1897-1897	District Officer, Ulu Selangor | Acting District Magistrate, Krian	auto	kgp_col1909-p723b16	ROBT. CAMPBELL GREY	1868	1888-1910	1888 junior officer treasury (Selangor) ; 1889 assistant in land officer (Krian) ; 1890 assistant magistrate (Kinta)	magistr			1
P006912	R. C. Marshall	3	1925-1939	Conservator of Forests, Trinidad and Tobago | author	auto	kgp_col1936-p955b13	REGINALD CHARLES MARSHALL	1893	1914-1940	1914 2nd lieut. () ; 1915  (Gallipoli) ; 1916  (Mesopotamia)	conserv,forests			1
P006925	R. E. Hunter	3	1932-1936	author | Researcher at Trinidad	review	kgp_col1951-p572b9	Robert HUNTER	1894	1915-1951	1915 on military service () ; 1926 assistant mstr. (Ken.) ; 1932 principal (Eldoret)				1
P006953	R. K. MacBride	3	1894-1894	Director of Public Works	review	kgp_col1894-p508b10	ROBERT KNOX MACBRIDE	1844	1866-1905	1866 Superintending officer, public works department ; 1872 irrigation assistant ; 1874 provincial assistant				1
P006958	R. Logan Jack	3	1885-1902	discussed artesian water supply | Queensland Government Geologist	auto	kgp_col1897-p514b7	R. L. JACK		1867-1898	1867 employed on Geological Survey (Scotland) ; 1877 government geologist (Queensland)	geologi			1
P006966	R. Morgan	3	1881-1885	stated in Council in 1872 | writer from Ootacamund | member of the Irrigation and Paddy Commission	review	kgp_col1905-p686b15	RICHARD HENRY MORGAN		1875-1907	1875 Sub. assistant surveyor ; 1877 assistant surveyor				1
P007014	Robert Tytler	3	1885-1914	friend | introduced tobacco to Dumbara	review	kgp_col1905-p722b10	R. DUFF TYTLER		1903-1909	1903 Supt. of immigrn.				1
P007037	S. F. Amerasinghe	3	1938-1945	Additional Land Commissioner (E) | Member of the Central Board of Agriculture	review	kgp_col1940-p866b20	SAMSON FELIX AMERASINGHE	1902	1926-1940	1926 attd. ; 1926 attd. ; 1926 cadet				1
P007153	T. G. Willett	3	1920-1920	Secretary	review	kgp_col1931-p1166b19	THOMAS GRAHAM WILLETT	1883	1906-1932	1906 cadet ; 1908 officer assistant to government agent ; 1909 police magistrate				1
P007161	T. Hunter	3	1922-1922	Superintendent of Agriculture, Dunkwa, Gold Coast Colony | author of article	review	kgp_col1927-p947b14	THOMAS GILBERT HUNTER		1900-1928	1900 inspector of mines ; 1921 acting, principal minister surveyor in addn.				1
P007200	Thomas Dickson Sr.	3	1893-1896	director/manager | Chairman | proprietor	review	kgp_col1908-p636b4	THOMAS DICKSON	1860	1900-1913	1900 served in Boer war in 1st. cont., Ceylon M.I. ; 1901 served in S.A.C.				1
P007206	Thomas McIlwraith	3	1882-1890	visitor to Japan | Premier | Queensland premier	auto	kgp_col1897-p529b7	THOMAS MCILWRAITH	1835	1854-1900	1854 civil engineer to the Government railways (Melbourne) ; 1861 engaged in squatting pursuits (Queensland) ; 1869 member of Parliament (Warrego)	premier	Q3525408	Thomas McIlwraith	1
P007209	Thomas Smith	3	1893-1902	Chairman Dolosbage and Yakkessa Planters' Association | reporter on estates | Visiting Agent	review	kgp_col1886-p500b18	T. SMITH		1868-1898	1868 Superintending officer, public works department ; 1871 draftsman and framer of estimates ; 1877 provincial assistant				1
P007233	V. Naz	3	1884-1898	chairman of the committee of the whole Council on the supply of labour | member of Legislative Council | leader of the planter's association	review	kgp_col1898-p518b8	VIRGILE NAZ		1883-1900	1896 unofficially nominated member of council (Mauritius) ; None Member of the council of government (Mauritius) ; None Mem. of the council of government (Mauritius)				1
P007313	W. H. Read	3	1881-1890	exhibitor | informant on dividends | shareholder	review	kgp_col1889-p534b14	WILLIAM HENRY MACLEOD READ		1867-1909	1867 Member of legislative council (Straits Settlements) ; 1867 M.L.C. (Straits Settlements)				1
P007346	W. Murray	3	1894-1918	signatory | Committee member | member	review	kgp_col1889-p521b20	W. SHEPHERD MURRAY		1868-1900	1868 Dep. fiscal. ; 1873 acting police magistrate and commis. of requests ; 1873 assistant suptdt. police				1
P007357	W. R. Brown	3	1924-1945	Agricultural Officer, N. W. Frontier Province	review	kgp_col1931-p969b17	WILLIAM BROWN	1872	1901-1931	1901 irrigation engineer ; 1911 division irrigation engineer ; 1920 acting assistant director, irrigation				1
P007362	W. S. Shaw	3	1896-1926	senior partner of Messrs. Parry & Co. of Madras, and President of the Board of D | Tea Specialist (now under training at Tocklai) to the Scientific Department of t | Tea Scientific Officer, U.P.A.S.I.	review	kgp_col1927-p1029b4	WALTER SIDNEY SHAW	1863	1906-1937	1914 puisne justice ; 1916 acting chief justice				1
P007366	W. Scott	3	1892-1935	Proprietor | developed lalang and stick drains	review	kgp_col1922-p904b3	WALTER DARE SCOTT	1870	1891-1923	1891 chief clerk (Ulu Selangor) ; 1893 assistant district officer (Kuala Lumpur) ; 1903 assistant district officer (Krian)				1
P007385	Walter Egerton	3	1903-1922	Inspector | Governor | author of the report	auto	kgp_col1909-p706b5	WALTER EGERTON	1858	1880-1940	1880 cadet (S. Sttlmts.) ; 1880 cadet (S. S.) ; 1881 assistant to the Chinese protectorate (S. Sttlmts.)	governo,inspect	Q7964753	Walter Egerton	1
P007386	Walter Hely-Hutchinson	3	1895-1900	Governor of Grenada | Governor of Natal | His Excellency	auto	kgp_col1907-p665b9	WALTER FRANCIS HELY-HUTCHINSON	1849	1874-1913	1874 private secretary (Fiji) ; 1874 special attaché (Fiji) ; 1875 private secretary (New South Wales)	governo	Q7965114	Walter Hely-Hutchinson	1
P007390	Walter Wragg	3	1887-1898	late of Ceylon | judge | formerly of the Ceylon Civil Service	auto	kgp_col1897-p581b3	W. T. WRAGG		1865-1913	1868 acting commissioner of requests ; 1868 commsr. of requests ; 1868 writer in the Ceylon civil service	civil,judge			1
P007396	William A. Taylor	3	1906-1910	Department of Agriculture | Bureau of Plant Industry | president of the society, gave presidential address	review	kgp_col1915-p821b7	WILLIAM AINSLIE CHARLES TAYLOR	1877	1905-1915	1905 assistant storekeeper and accountant ; 1908 storekeeper				1
P007402	William Dias	3	1902-1920	retired Colonial Surgeon of the Southern Province | late owner of Yakella estate | retired Government servant	auto	kgp_col1877-p365b27	W. DIAS		1862-1899	1862 assistant colonial surgeon, 1st class ; 1862 Colonial surgeon ; 1862 medical assistant	surgeon			1
P007407	William Fox	3	1885-1910	of the Laboratory, Great Tower Street | F.C.S., of the laboratory, Great Tower-street, London | Superintendent of Forests and Gardens	review	kgp_col1888-p474b10	WILLIAM FOX		1856-1890	1856 Attorney general (New Zealand) ; 1861 Attorney general (New Zealand) ; 1863 colonial secretary (New Zealand)		Q1356502	William Fox	1
P007413	William Henry Manning	3	1918-1919	Governor of Ceylon and President, Ceylon Agricultural Society | Governor of Ceylon | Governor	auto	kgp_col1923-p875b10	WM. HENRY MANNING	1863	1886-1931	1918 assumed government ; 1918 governor, Ceylon	governo			1
P007423	William Robinson	3	1892-1892	Governor of the Straits Settlements | ex-Governor of Western Australia | ex-Governor of the Straits	auto	kgp_col1897-p553b4	WILLIAM C. F. ROBINSON		1855-1897	1855 private secretary (St. Kitts) ; 1855 private secretary (Hong Kong) ; 1862 president (Montserrat)	governo	Q2577723	William Robinson	1
