id	timestamp	url
54	20240919203715	https://www.historyofceylontea.com/tea-estates/estates-registry/andiatenne--54.html
55	20240908071336	https://www.historyofceylontea.com/tea-estates/estates-registry/beddewelle--55.html
331	20241004115512	https://www.historyofceylontea.com/tea-estates/estates-registry/--331.html
799	20241011050147	https://www.historyofceylontea.com/tea-estates/estates-registry/bambragalla-no-1-midlands--799.html
800	20241004203810	https://www.historyofceylontea.com/tea-estates/estates-registry/bambragalla--800.html
805	20240919211002	https://www.historyofceylontea.com/tea-estates/estates-registry/carragahatenne--805.html
808	20240814132455	https://www.historyofceylontea.com/tea-estates/estates-registry/dawatagahatenne-christie-s-land--808.html
809	20241107074449	https://www.historyofceylontea.com/tea-estates/estates-registry/coladatchy--809.html
810	20240521112713	https://www.historyofceylontea.com/tea-estates/estates-registry/crystal-hill-erameniya--810.html
811	20241101193051	https://www.historyofceylontea.com/tea-estates/estates-registry/pitakanda-group--811.html
813	20241013005301	https://www.historyofceylontea.com/tea-estates/estates-registry/dawick--813.html
814	20240810200846	https://www.historyofceylontea.com/tea-estates/estates-registry/dickumbure--814.html
815	20230201160030	https://www.historyofceylontea.com/tea-estates/estates-registry/dooroomadella--815.html
816	20240724181857	https://www.historyofceylontea.com/tea-estates/estates-registry/dromoland-ewhurst-and-park--816.html
817	20240522024350	https://www.historyofceylontea.com/tea-estates/estates-registry/dunuwille--817.html
819	20240912093523	https://www.historyofceylontea.com/tea-estates/estates-registry/galekolua--819.html
821	20241004200419	https://www.historyofceylontea.com/tea-estates/estates-registry/godapolla-no-1--821.html
822	20241107073729	https://www.historyofceylontea.com/tea-estates/estates-registry/godapolla-no-2--822.html
824	20210124002149	https://www.historyofceylontea.com/tea-estates/estates-registry/hattanwella-and-rock-park--824.html
825	20240619130647	https://www.historyofceylontea.com/tea-estates/estates-registry/hingurawatte--825.html
826	20240815054503	https://www.historyofceylontea.com/tea-estates/estates-registry/kalludawelle-or-mahaletcheme--826.html
829	20240916023938	https://www.historyofceylontea.com/tea-estates/estates-registry/katon--829.html
830	20240305095237	https://www.historyofceylontea.com/tea-estates/estates-registry/kattikitool--830.html
832	20241112200924	https://www.historyofceylontea.com/tea-estates/estates-registry/kingston--832.html
834	20241103232441	https://www.historyofceylontea.com/tea-estates/estates-registry/kooda-oya--834.html
835	20241008003404	https://www.historyofceylontea.com/tea-estates/estates-registry/kottagalla--835.html
841	20240814142832	https://www.historyofceylontea.com/tea-estates/estates-registry/meddakande--841.html
844	20240617002522	https://www.historyofceylontea.com/tea-estates/estates-registry/mousaheria--844.html
846	20240914134437	https://www.historyofceylontea.com/tea-estates/estates-registry/--846.html
847	20240521111924	https://www.historyofceylontea.com/tea-estates/estates-registry/mahola-oya--847.html
848	20240807002317	https://www.historyofceylontea.com/tea-estates/estates-registry/owella--848.html
849	20240521112323	https://www.historyofceylontea.com/tea-estates/estates-registry/oodelamana--849.html
851	20220819235830	https://www.historyofceylontea.com/tea-estates/estates-registry/park--851.html
852	20240715025213	https://www.historyofceylontea.com/tea-estates/estates-registry/petikanda--852.html
853	20240911131859	https://www.historyofceylontea.com/tea-estates/estates-registry/pittawelle--853.html
854	20220703181857	https://www.historyofceylontea.com/tea-estates/estates-registry/poengalla--854.html
858	20240815213210	https://www.historyofceylontea.com/tea-estates/estates-registry/strathisla-and-aberfeldie--858.html
859	20241112170822	https://www.historyofceylontea.com/tea-estates/estates-registry/sylvakanda--859.html
860	20241004211146	https://www.historyofceylontea.com/tea-estates/estates-registry/telgama-old--860.html
861	20241012103345	https://www.historyofceylontea.com/tea-estates/estates-registry/tynan--861.html
864	20240617185642	https://www.historyofceylontea.com/tea-estates/estates-registry/warriapolla--864.html
865	20221126095305	https://www.historyofceylontea.com/tea-estates/estates-registry/weharagamma--865.html
866	20230204020450	https://www.historyofceylontea.com/tea-estates/estates-registry/wattegodde--866.html
873	20241016020133	https://www.historyofceylontea.com/tea-estates/estates-registry/ballacadua--873.html
880	20240919213911	https://www.historyofceylontea.com/tea-estates/estates-registry/ettapolla--880.html
881	20220706033456	https://www.historyofceylontea.com/tea-estates/estates-registry/ettrick-forest--881.html
883	20241105172625	https://www.historyofceylontea.com/tea-estates/estates-registry/forest-land-352--883.html
885	20241103232923	https://www.historyofceylontea.com/tea-estates/estates-registry/gorala-ella--885.html
889	20240624190543	https://www.historyofceylontea.com/tea-estates/estates-registry/ingrogalla--889.html
892	20240714052720	https://www.historyofceylontea.com/tea-estates/estates-registry/kent--892.html
894	20240715180451	https://www.historyofceylontea.com/tea-estates/estates-registry/maculoosa--894.html
911	20240813051012	https://www.historyofceylontea.com/tea-estates/estates-registry/avoca--911.html
912	20240717154625	https://www.historyofceylontea.com/tea-estates/estates-registry/bloomfield--912.html
913	20240518162640	https://www.historyofceylontea.com/tea-estates/estates-registry/--913.html
914	20240913054617	https://www.historyofceylontea.com/tea-estates/estates-registry/bunyan--914.html
915	20240717174143	https://www.historyofceylontea.com/tea-estates/estates-registry/caskieben--915.html
916	20240916221302	https://www.historyofceylontea.com/tea-estates/estates-registry/--916.html
918	20240528082519	https://www.historyofceylontea.com/tea-estates/estates-registry/glentilt--918.html
920	20240812062930	https://www.historyofceylontea.com/tea-estates/estates-registry/laxapane--920.html
922	20241110172047	https://www.historyofceylontea.com/tea-estates/estates-registry/maskeloya--922.html
923	20240813124517	https://www.historyofceylontea.com/tea-estates/estates-registry/midlothian--923.html
927	20240812082224	https://www.historyofceylontea.com/tea-estates/estates-registry/queensland--927.html
928	20240912100410	https://www.historyofceylontea.com/tea-estates/estates-registry/standstead--928.html
930	20240715021455	https://www.historyofceylontea.com/tea-estates/estates-registry/suluganga--930.html
931	20240721172258	https://www.historyofceylontea.com/tea-estates/estates-registry/tarf--931.html
932	20240813125848	https://www.historyofceylontea.com/tea-estates/estates-registry/the-neuk--932.html
933	20240912095816	https://www.historyofceylontea.com/tea-estates/estates-registry/ugieside--933.html
934	20241112171709	https://www.historyofceylontea.com/tea-estates/estates-registry/warburton--934.html
935	20240912090519	https://www.historyofceylontea.com/tea-estates/estates-registry/--935.html
936	20240812071350	https://www.historyofceylontea.com/tea-estates/estates-registry/--936.html
939	20240809185853	https://www.historyofceylontea.com/tea-estates/estates-registry/allecollewewe--939.html
940	20240920065425	https://www.historyofceylontea.com/tea-estates/estates-registry/--940.html
941	20241104214629	https://www.historyofceylontea.com/tea-estates/estates-registry/alma--941.html
942	20200807180538	https://www.historyofceylontea.com/tea-estates/estates-registry/cabin-ella--942.html
944	20240907152105	https://www.historyofceylontea.com/tea-estates/estates-registry/donnachie--944.html
945	20221207105830	https://www.historyofceylontea.com/tea-estates/estates-registry/ella-mulle--945.html
946	20240414043958	https://www.historyofceylontea.com/tea-estates/estates-registry/galella--946.html
947	20240908053523	https://www.historyofceylontea.com/tea-estates/estates-registry/gona-pattiya--947.html
948	20240916014134	https://www.historyofceylontea.com/tea-estates/estates-registry/goodwood--948.html
949	20240908071857	https://www.historyofceylontea.com/tea-estates/estates-registry/greymont-terrace-hill--949.html
950	20240421092821	https://www.historyofceylontea.com/tea-estates/estates-registry/keenagolle--950.html
951	20240809114115	https://www.historyofceylontea.com/tea-estates/estates-registry/leangwelle--951.html
952	20240814194156	https://www.historyofceylontea.com/tea-estates/estates-registry/mandara-newera--952.html
953	20250220085401	https://www.historyofceylontea.com/tea-estates/estates-registry/marigold-new--953.html
954	20241214215031	https://www.historyofceylontea.com/tea-estates/estates-registry/marigold-old--954.html
957	20240527061941	https://www.historyofceylontea.com/tea-estates/estates-registry/seaton--957.html
959	20241013004222	https://www.historyofceylontea.com/tea-estates/estates-registry/ahnamallie--959.html
960	20240815045918	https://www.historyofceylontea.com/tea-estates/estates-registry/amanadowa--960.html
964	20241104054832	https://www.historyofceylontea.com/tea-estates/estates-registry/coodadowa--964.html
966	20240912084121	https://www.historyofceylontea.com/tea-estates/estates-registry/doonheendekelle--966.html
967	20240916235708	https://www.historyofceylontea.com/tea-estates/estates-registry/forest-hill--967.html
968	20240810065825	https://www.historyofceylontea.com/tea-estates/estates-registry/galloolla--968.html
970	20240807003413	https://www.historyofceylontea.com/tea-estates/estates-registry/hanipha--970.html
971	20241113114944	https://www.historyofceylontea.com/tea-estates/estates-registry/loonagalla--971.html
972	20241113131007	https://www.historyofceylontea.com/tea-estates/estates-registry/maha-dowa--972.html
973	20240521100437	https://www.historyofceylontea.com/tea-estates/estates-registry/mallaboddedowa--973.html
974	20240915232109	https://www.historyofceylontea.com/tea-estates/estates-registry/ootambe--974.html
976	20241012101314	https://www.historyofceylontea.com/tea-estates/estates-registry/verellapatna--976.html
978	20240724181416	https://www.historyofceylontea.com/tea-estates/estates-registry/cocogalla-group--978.html
979	20240912083543	https://www.historyofceylontea.com/tea-estates/estates-registry/dehigalla--979.html
980	20210616120031	https://www.historyofceylontea.com/tea-estates/estates-registry/dorapothe--980.html
981	20240912083426	https://www.historyofceylontea.com/tea-estates/estates-registry/eleyakelly--981.html
983	20241004201345	https://www.historyofceylontea.com/tea-estates/estates-registry/hewa-ellia--983.html
984	20240912094701	https://www.historyofceylontea.com/tea-estates/estates-registry/kaloogalla--984.html
985	20241106154527	https://www.historyofceylontea.com/tea-estates/estates-registry/kosgahadowa--985.html
986	20241106133518	https://www.historyofceylontea.com/tea-estates/estates-registry/mausa--986.html
987	20240809061107	https://www.historyofceylontea.com/tea-estates/estates-registry/roeberry-group--987.html
988	20240908063915	https://www.historyofceylontea.com/tea-estates/estates-registry/wevebedde--988.html
1005	20240911143808	https://www.historyofceylontea.com/tea-estates/estates-registry/kobanilla--1005.html
1010	20240805040842	https://www.historyofceylontea.com/tea-estates/estates-registry/nawanagalla--1010.html
1015	20240715030949	https://www.historyofceylontea.com/tea-estates/estates-registry/waitalawa--1015.html
1016	20240715030019	https://www.historyofceylontea.com/tea-estates/estates-registry/wattekelle--1016.html
1017	20191020004036	https://www.historyofceylontea.com/tea-estates/estates-registry/woodside--1017.html
1018	20240723104746	https://www.historyofceylontea.com/tea-estates/estates-registry/--1018.html
1037	20240813063226	https://www.historyofceylontea.com/tea-estates/estates-registry/--1037.html
1038	20220815160909	https://www.historyofceylontea.com/tea-estates/estates-registry/valleyfield--1038.html
1042	20241006192948	https://www.historyofceylontea.com/tea-estates/estates-registry/alice-holt--1042.html
1043	20240715233947	https://www.historyofceylontea.com/tea-estates/estates-registry/castle-milk--1043.html
1044	20240915040127	https://www.historyofceylontea.com/tea-estates/estates-registry/colgrain--1044.html
1046	20240908055355	https://www.historyofceylontea.com/tea-estates/estates-registry/erin--1046.html
1047	20240915044319	https://www.historyofceylontea.com/tea-estates/estates-registry/galloway-knowe--1047.html
1048	20240810200321	https://www.historyofceylontea.com/tea-estates/estates-registry/gigran-ella--1048.html
1049	20240615112457	https://www.historyofceylontea.com/tea-estates/estates-registry/godawella--1049.html
1050	20241110181436	https://www.historyofceylontea.com/tea-estates/estates-registry/goorook-ella--1050.html
1051	20240805032929	https://www.historyofceylontea.com/tea-estates/estates-registry/haloya-upper--1051.html
1052	20240725122619	https://www.historyofceylontea.com/tea-estates/estates-registry/haloya-lower--1052.html
1053	20240907133015	https://www.historyofceylontea.com/tea-estates/estates-registry/haloya-old--1053.html
1054	20230602090007	https://www.historyofceylontea.com/tea-estates/estates-registry/hanagalla--1054.html
1055	20240913035226	https://www.historyofceylontea.com/tea-estates/estates-registry/hermitage--1055.html
1057	20240614225748	https://www.historyofceylontea.com/tea-estates/estates-registry/kirawana--1057.html
1059	20240911122935	https://www.historyofceylontea.com/tea-estates/estates-registry/le-vallon--1059.html
1060	20241105172949	https://www.historyofceylontea.com/tea-estates/estates-registry/moreahana--1060.html
1061	20240617195753	https://www.historyofceylontea.com/tea-estates/estates-registry/new-forest--1061.html
1062	20240911164918	https://www.historyofceylontea.com/tea-estates/estates-registry/--1062.html
1064	20230929075005	https://www.historyofceylontea.com/tea-estates/estates-registry/pusatenne--1064.html
1065	20240813121426	https://www.historyofceylontea.com/tea-estates/estates-registry/vedehette-east--1065.html
1066	20240723113757	https://www.historyofceylontea.com/tea-estates/estates-registry/vedehette-west--1066.html
1067	20241011125016	https://www.historyofceylontea.com/tea-estates/estates-registry/vedehette-north--1067.html
1068	20240920072725	https://www.historyofceylontea.com/tea-estates/estates-registry/wariagalla-upper--1068.html
1069	20241013020430	https://www.historyofceylontea.com/tea-estates/estates-registry/warigalla-lower--1069.html
1084	20240919204601	https://www.historyofceylontea.com/tea-estates/estates-registry/forest-land--1084.html
1086	20241011113332	https://www.historyofceylontea.com/tea-estates/estates-registry/attabag--1086.html
1089	20241016003855	https://www.historyofceylontea.com/tea-estates/estates-registry/delta-north-1st-division--1089.html
1091	20241006202523	https://www.historyofceylontea.com/tea-estates/estates-registry/delta-south--1091.html
1092	20241006193057	https://www.historyofceylontea.com/tea-estates/estates-registry/delta-west--1092.html
1093	20241016020055	https://www.historyofceylontea.com/tea-estates/estates-registry/delta-east-1st-division--1093.html
1094	20241016005329	https://www.historyofceylontea.com/tea-estates/estates-registry/delta-east-2nd-division--1094.html
1095	20240813112646	https://www.historyofceylontea.com/tea-estates/estates-registry/doragalla--1095.html
1101	20240518033515	https://www.historyofceylontea.com/tea-estates/estates-registry/hellebodde--1101.html
1105	20211204195110	https://www.historyofceylontea.com/tea-estates/estates-registry/mahavilla--1105.html
1106	20240812074635	https://www.historyofceylontea.com/tea-estates/estates-registry/melfort--1106.html
1110	20240721162550	https://www.historyofceylontea.com/tea-estates/estates-registry/nayapane--1110.html
1114	20240908090512	https://www.historyofceylontea.com/tea-estates/estates-registry/new-peacock--1114.html
1120	20240722060116	https://www.historyofceylontea.com/tea-estates/estates-registry/rookatenne--1120.html
1122	20240722150936	https://www.historyofceylontea.com/tea-estates/estates-registry/rothschild--1122.html
1123	20220808172502	https://www.historyofceylontea.com/tea-estates/estates-registry/sanquhar--1123.html
1124	20211019192355	https://www.historyofceylontea.com/tea-estates/estates-registry/sogama--1124.html
1125	20220817143156	https://www.historyofceylontea.com/tea-estates/estates-registry/stellenberg--1125.html
1129	20240916220828	https://www.historyofceylontea.com/tea-estates/estates-registry/bluefield-s-lillie-s-land--1129.html
1130	20240918151954	https://www.historyofceylontea.com/tea-estates/estates-registry/condegalla--1130.html
1131	20240809181255	https://www.historyofceylontea.com/tea-estates/estates-registry/choisy--1131.html
1133	20241104220121	https://www.historyofceylontea.com/tea-estates/estates-registry/labookelle--1133.html
1135	20240916034840	https://www.historyofceylontea.com/tea-estates/estates-registry/pallagolla--1135.html
1136	20240714103331	https://www.historyofceylontea.com/tea-estates/estates-registry/pallerakelle--1136.html
1137	20241012105018	https://www.historyofceylontea.com/tea-estates/estates-registry/poojagodde--1137.html
1138	20240528072920	https://www.historyofceylontea.com/tea-estates/estates-registry/rambodde--1138.html
1139	20240911135936	https://www.historyofceylontea.com/tea-estates/estates-registry/rangbodde--1139.html
1141	20241005053209	https://www.historyofceylontea.com/tea-estates/estates-registry/tavalamtenne--1141.html
1142	20240908062817	https://www.historyofceylontea.com/tea-estates/estates-registry/wavendon--1142.html
1143	20240920170511	https://www.historyofceylontea.com/tea-estates/estates-registry/--1143.html
1144	20241004205335	https://www.historyofceylontea.com/tea-estates/estates-registry/eton--1144.html
1145	20190821223108	https://www.historyofceylontea.com/tea-estates/estates-registry/fernlands--1145.html
1146	20241112185552	https://www.historyofceylontea.com/tea-estates/estates-registry/harrow--1146.html
1147	20241106140041	https://www.historyofceylontea.com/tea-estates/estates-registry/kalloo-oya--1147.html
1148	20240714105156	https://www.historyofceylontea.com/tea-estates/estates-registry/--1148.html
1150	20240911173306	https://www.historyofceylontea.com/tea-estates/estates-registry/meddatenne--1150.html
1152	20241105161339	https://www.historyofceylontea.com/tea-estates/estates-registry/pundaloya-north--1152.html
1153	20240920064522	https://www.historyofceylontea.com/tea-estates/estates-registry/--1153.html
1154	20221206140432	https://www.historyofceylontea.com/tea-estates/estates-registry/weywahena--1154.html
1155	20240913060456	https://www.historyofceylontea.com/tea-estates/estates-registry/angroowelle--1155.html
1157	20240722170959	https://www.historyofceylontea.com/tea-estates/estates-registry/caddetoragalla-or-deyinillekelly--1157.html
1158	20240809112240	https://www.historyofceylontea.com/tea-estates/estates-registry/cottaganga-estate--1158.html
1159	20241009225815	https://www.historyofceylontea.com/tea-estates/estates-registry/--1159.html
1160	20241007051327	https://www.historyofceylontea.com/tea-estates/estates-registry/galbodde--1160.html
1162	20240912214855	https://www.historyofceylontea.com/tea-estates/estates-registry/gonawelle--1162.html
1164	20241110170702	https://www.historyofceylontea.com/tea-estates/estates-registry/illagolla--1164.html
1165	20240809131121	https://www.historyofceylontea.com/tea-estates/estates-registry/loonoogalla--1165.html
1166	20241011063212	https://www.historyofceylontea.com/tea-estates/estates-registry/lovegrove--1166.html
1167	20240722180518	https://www.historyofceylontea.com/tea-estates/estates-registry/madooltenne--1167.html
1168	20240518065937	https://www.historyofceylontea.com/tea-estates/estates-registry/poodlegodde--1168.html
1169	20240714041125	https://www.historyofceylontea.com/tea-estates/estates-registry/rangalla--1169.html
1170	20240718104554	https://www.historyofceylontea.com/tea-estates/estates-registry/rangallakelley--1170.html
1171	20231202141930	https://www.historyofceylontea.com/tea-estates/estates-registry/ranwelle--1171.html
1172	20240813130718	https://www.historyofceylontea.com/tea-estates/estates-registry/wattagalla--1172.html
1187	20241016083749	https://www.historyofceylontea.com/tea-estates/estates-registry/aigburth--1187.html
1218	20240721164900	https://www.historyofceylontea.com/tea-estates/estates-registry/amherst-stork-hill--1218.html
1219	20240521095711	https://www.historyofceylontea.com/tea-estates/estates-registry/beckington--1219.html
1220	20241004204152	https://www.historyofceylontea.com/tea-estates/estates-registry/delmar--1220.html
1221	20240907152346	https://www.historyofceylontea.com/tea-estates/estates-registry/galcottua--1221.html
1223	20250126221909	https://www.historyofceylontea.com/tea-estates/estates-registry/gampaha--1223.html
1224	20220702110702	https://www.historyofceylontea.com/tea-estates/estates-registry/gordon--1224.html
1226	20240815045106	https://www.historyofceylontea.com/tea-estates/estates-registry/kirklees--1226.html
1227	20241013015233	https://www.historyofceylontea.com/tea-estates/estates-registry/kirklees-old--1227.html
1228	20240807003746	https://www.historyofceylontea.com/tea-estates/estates-registry/mousakellie--1228.html
1230	20240620045042	https://www.historyofceylontea.com/tea-estates/estates-registry/oulton--1230.html
1232	20240907142312	https://www.historyofceylontea.com/tea-estates/estates-registry/rappahannock--1232.html
1233	20241113142614	https://www.historyofceylontea.com/tea-estates/estates-registry/st-margaret-s--1233.html
1234	20240806235359	https://www.historyofceylontea.com/tea-estates/estates-registry/stafford--1234.html
1236	20240714042101	https://www.historyofceylontea.com/tea-estates/estates-registry/tulloes--1236.html
1237	20241110013024	https://www.historyofceylontea.com/tea-estates/estates-registry/waldemar--1237.html
1238	20240722132333	https://www.historyofceylontea.com/tea-estates/estates-registry/--1238.html
1242	20220819234525	https://www.historyofceylontea.com/tea-estates/estates-registry/moolhalkelle--1242.html
1245	20220811183756	https://www.historyofceylontea.com/tea-estates/estates-registry/bawagamma--1245.html
1248	20240805194420	https://www.historyofceylontea.com/tea-estates/estates-registry/burn-the--1248.html
1250	20240811094809	https://www.historyofceylontea.com/tea-estates/estates-registry/dotella--1250.html
1251	20241113113650	https://www.historyofceylontea.com/tea-estates/estates-registry/gallemudena--1251.html
1253	20241010115106	https://www.historyofceylontea.com/tea-estates/estates-registry/horagalla--1253.html
1254	20191209084617	https://www.historyofceylontea.com/tea-estates/estates-registry/ingoya--1254.html
1258	20240812063119	https://www.historyofceylontea.com/tea-estates/estates-registry/nagastenne--1258.html
1259	20241005085311	https://www.historyofceylontea.com/tea-estates/estates-registry/palampittia--1259.html
1260	20241113093231	https://www.historyofceylontea.com/tea-estates/estates-registry/ryhope--1260.html
1261	20240810193806	https://www.historyofceylontea.com/tea-estates/estates-registry/shamrock--1261.html
1262	20221126082506	https://www.historyofceylontea.com/tea-estates/estates-registry/siune-lebbe-totum--1262.html
1263	20240720042903	https://www.historyofceylontea.com/tea-estates/estates-registry/stenshall--1263.html
1277	20240722045008	https://www.historyofceylontea.com/tea-estates/estates-registry/belungala--1277.html
1280	20240916215318	https://www.historyofceylontea.com/tea-estates/estates-registry/beltoff--1280.html
1281	20241105160530	https://www.historyofceylontea.com/tea-estates/estates-registry/coodoogalla--1281.html
1283	20231002170331	https://www.historyofceylontea.com/tea-estates/estates-registry/farm-group-the--1283.html
1285	20250911222640	https://www.historyofceylontea.com/tea-estates/estates-registry/geragama--1285.html
1286	20240918154656	https://www.historyofceylontea.com/tea-estates/estates-registry/allagala-dekande--1286.html
1288	20240715014214	https://www.historyofceylontea.com/tea-estates/estates-registry/alpitakande--1288.html
1296	20241012093645	https://www.historyofceylontea.com/tea-estates/estates-registry/bearwell--1296.html
1298	20240920155655	https://www.historyofceylontea.com/tea-estates/estates-registry/goodview--1298.html
1302	20200929041502	https://www.historyofceylontea.com/tea-estates/estates-registry/kurugama--1302.html
1303	20240809055023	https://www.historyofceylontea.com/tea-estates/estates-registry/maligatenna--1303.html
1304	20240920174723	https://www.historyofceylontea.com/tea-estates/estates-registry/summerville--1304.html
1308	20240814205109	https://www.historyofceylontea.com/tea-estates/estates-registry/wigton--1308.html
1314	20240518062418	https://www.historyofceylontea.com/tea-estates/estates-registry/agarsland--1314.html
1315	20240624191403	https://www.historyofceylontea.com/tea-estates/estates-registry/aberdeen--1315.html
1320	20181012143352	http://www.historyofceylontea.com:80/tea-estates/estates-registry/amugomawatta--1320.html
1321	20241004214853	https://www.historyofceylontea.com/tea-estates/estates-registry/ambecotta--1321.html
1322	20200921163549	https://www.historyofceylontea.com/tea-estates/estates-registry/angoda--1322.html
1324	20240814144119	https://www.historyofceylontea.com/tea-estates/estates-registry/barnagalla--1324.html
1325	20240916233312	https://www.historyofceylontea.com/tea-estates/estates-registry/alluta--1325.html
1327	20180803194211	http://www.historyofceylontea.com:80/tea-estates/estates-registry/alicia--1327.html
1329	20240722035912	https://www.historyofceylontea.com/tea-estates/estates-registry/amblamana--1329.html
1330	20241004204601	https://www.historyofceylontea.com/tea-estates/estates-registry/columbia--1330.html
1331	20240912221428	https://www.historyofceylontea.com/tea-estates/estates-registry/eastland--1331.html
1333	20241109070659	https://www.historyofceylontea.com/tea-estates/estates-registry/forestland--1333.html
1336	20240523151838	https://www.historyofceylontea.com/tea-estates/estates-registry/gallahakelle--1336.html
1337	20240722164953	https://www.historyofceylontea.com/tea-estates/estates-registry/gomadiyapokuna--1337.html
1338	20240720092933	https://www.historyofceylontea.com/tea-estates/estates-registry/gonavy--1338.html
1340	20241104202820	https://www.historyofceylontea.com/tea-estates/estates-registry/hanguranketa--1340.html
1341	20240809052649	https://www.historyofceylontea.com/tea-estates/estates-registry/hope--1341.html
1343	20240724192350	https://www.historyofceylontea.com/tea-estates/estates-registry/meeriatenne--1343.html
1344	20240908090911	https://www.historyofceylontea.com/tea-estates/estates-registry/mooloya--1344.html
1346	20241012084242	https://www.historyofceylontea.com/tea-estates/estates-registry/rahatungoda--1346.html
1349	20240518073033	https://www.historyofceylontea.com/tea-estates/estates-registry/riverdale--1349.html
1350	20241101195724	https://www.historyofceylontea.com/tea-estates/estates-registry/rookwood--1350.html
1351	20240522151328	https://www.historyofceylontea.com/tea-estates/estates-registry/abergeldie--1351.html
1352	20241004211804	https://www.historyofceylontea.com/tea-estates/estates-registry/arslena--1352.html
1363	20241112193457	https://www.historyofceylontea.com/tea-estates/estates-registry/--1363.html
1365	20241110175551	https://www.historyofceylontea.com/tea-estates/estates-registry/bogahapitiya--1365.html
1368	20240813125529	https://www.historyofceylontea.com/tea-estates/estates-registry/beranawa--1368.html
1369	20221208130715	https://www.historyofceylontea.com/tea-estates/estates-registry/agra--1369.html
1370	20191120131913	https://www.historyofceylontea.com/tea-estates/estates-registry/alikahena--1370.html
1371	20221002094736	https://www.historyofceylontea.com/tea-estates/estates-registry/atlanta-y--1371.html
1372	20240724174413	https://www.historyofceylontea.com/tea-estates/estates-registry/--1372.html
1379	20241112173054	https://www.historyofceylontea.com/tea-estates/estates-registry/galla-ellay--1379.html
1394	20240813114832	https://www.historyofceylontea.com/tea-estates/estates-registry/agar-oya--1394.html
1395	20241004202828	https://www.historyofceylontea.com/tea-estates/estates-registry/agrawatte--1395.html
1397	20240805185251	https://www.historyofceylontea.com/tea-estates/estates-registry/ashbourne--1397.html
1400	20240721165650	https://www.historyofceylontea.com/tea-estates/estates-registry/benachie--1400.html
1402	20240809051915	https://www.historyofceylontea.com/tea-estates/estates-registry/--1402.html
1404	20220811150854	https://www.historyofceylontea.com/tea-estates/estates-registry/--1404.html
1406	20240722170937	https://www.historyofceylontea.com/tea-estates/estates-registry/binoya--1406.html
1407	20241010103237	https://www.historyofceylontea.com/tea-estates/estates-registry/barkindale--1407.html
1409	20240814201303	https://www.historyofceylontea.com/tea-estates/estates-registry/battalgalla--1409.html
1411	20230127153626	https://www.historyofceylontea.com/tea-estates/estates-registry/--1411.html
1412	20240920163320	https://www.historyofceylontea.com/tea-estates/estates-registry/--1412.html
1413	20230330203114	https://www.historyofceylontea.com/tea-estates/estates-registry/ambagamuwa--1413.html
1414	20240919214216	https://www.historyofceylontea.com/tea-estates/estates-registry/--1414.html
1415	20240519043728	https://www.historyofceylontea.com/tea-estates/estates-registry/maratenna--1415.html
1417	20240812070449	https://www.historyofceylontea.com/tea-estates/estates-registry/--1417.html
1418	20240722170743	https://www.historyofceylontea.com/tea-estates/estates-registry/kandawatta--1418.html
1420	20220706071529	https://www.historyofceylontea.com/tea-estates/estates-registry/kadawella--1420.html
1421	20220815155311	https://www.historyofceylontea.com/tea-estates/estates-registry/ambagahavila--1421.html
1423	20240720093055	https://www.historyofceylontea.com/tea-estates/estates-registry/blinkbonnie--1423.html
1424	20240720042152	https://www.historyofceylontea.com/tea-estates/estates-registry/detenegalla--1424.html
1425	20240908173240	https://www.historyofceylontea.com/tea-estates/estates-registry/karandagalla--1425.html
1427	20241107061433	https://www.historyofceylontea.com/tea-estates/estates-registry/--1427.html
1428	20240714050530	https://www.historyofceylontea.com/tea-estates/estates-registry/bossward--1428.html
1429	20240524100141	https://www.historyofceylontea.com/tea-estates/estates-registry/katugastota--1429.html
1430	20240919203904	https://www.historyofceylontea.com/tea-estates/estates-registry/blackstone--1430.html
1431	20240715021635	https://www.historyofceylontea.com/tea-estates/estates-registry/cecilton--1431.html
1432	20240420225908	https://www.historyofceylontea.com/tea-estates/estates-registry/coldstream-group--1432.html
1443	20240522021644	https://www.historyofceylontea.com/tea-estates/estates-registry/comar-and-killin--1443.html
1444	20241016080519	https://www.historyofceylontea.com/tea-estates/estates-registry/blackwater--1444.html
1445	20240914153918	https://www.historyofceylontea.com/tea-estates/estates-registry/bon-accord--1445.html
1446	20220529000033	https://www.historyofceylontea.com/tea-estates/estates-registry/pambagolla--1446.html
1448	20240805185152	https://www.historyofceylontea.com/tea-estates/estates-registry/--1448.html
1450	20240913045436	https://www.historyofceylontea.com/tea-estates/estates-registry/kondesalle--1450.html
1451	20240914150234	https://www.historyofceylontea.com/tea-estates/estates-registry/bridgend--1451.html
1452	20241104220816	https://www.historyofceylontea.com/tea-estates/estates-registry/drumlanrig--1452.html
1453	20170818210245	http://www.historyofceylontea.com:80/tea-estates/estates-registry/kolongaha--1453.html
1454	20241113113203	https://www.historyofceylontea.com/tea-estates/estates-registry/cattarem--1454.html
1455	20240617125648	https://www.historyofceylontea.com/tea-estates/estates-registry/dandukelawa--1455.html
1456	20240419181437	https://www.historyofceylontea.com/tea-estates/estates-registry/broad-oak--1456.html
1459	20240912082854	https://www.historyofceylontea.com/tea-estates/estates-registry/midford-group-including-donnybrook--1459.html
1461	20241013020832	https://www.historyofceylontea.com/tea-estates/estates-registry/mahaberiatenne--1461.html
1463	20240814192847	https://www.historyofceylontea.com/tea-estates/estates-registry/--1463.html
1464	20240622034201	https://www.historyofceylontea.com/tea-estates/estates-registry/cholankandei--1464.html
1465	20241107060348	https://www.historyofceylontea.com/tea-estates/estates-registry/goodnestene--1465.html
1467	20230320165918	https://www.historyofceylontea.com/tea-estates/estates-registry/carfax-late-may-fair--1467.html
1468	20240625045519	https://www.historyofceylontea.com/tea-estates/estates-registry/anganaketiya--1468.html
1472	20240715183754	https://www.historyofceylontea.com/tea-estates/estates-registry/--1472.html
1473	20240809063455	https://www.historyofceylontea.com/tea-estates/estates-registry/hardenhuish--1473.html
1474	20240723124156	https://www.historyofceylontea.com/tea-estates/estates-registry/mahaweliganga--1474.html
1476	20240920080413	https://www.historyofceylontea.com/tea-estates/estates-registry/cooroondoowatta--1476.html
1478	20240809184741	https://www.historyofceylontea.com/tea-estates/estates-registry/chapelton--1478.html
1479	20240915234959	https://www.historyofceylontea.com/tea-estates/estates-registry/ellawala--1479.html
1482	20241013002500	https://www.historyofceylontea.com/tea-estates/estates-registry/anniewatte--1482.html
1483	20240914150708	https://www.historyofceylontea.com/tea-estates/estates-registry/denegama--1483.html
1484	20240714041724	https://www.historyofceylontea.com/tea-estates/estates-registry/claverton--1484.html
1485	20231207162026	https://www.historyofceylontea.com/tea-estates/estates-registry/heidri--1485.html
1486	20241007053208	https://www.historyofceylontea.com/tea-estates/estates-registry/--1486.html
1487	20240916033006	https://www.historyofceylontea.com/tea-estates/estates-registry/arupola--1487.html
1489	20241007232952	https://www.historyofceylontea.com/tea-estates/estates-registry/donhead--1489.html
1491	20240717163950	https://www.historyofceylontea.com/tea-estates/estates-registry/--1491.html
1492	20240803164457	https://www.historyofceylontea.com/tea-estates/estates-registry/kehelgama--1492.html
1494	20240714110140	https://www.historyofceylontea.com/tea-estates/estates-registry/lonach--1494.html
1495	20240912231520	https://www.historyofceylontea.com/tea-estates/estates-registry/augusta--1495.html
1496	20240809121548	https://www.historyofceylontea.com/tea-estates/estates-registry/dickoya--1496.html
1497	20240722044246	https://www.historyofceylontea.com/tea-estates/estates-registry/dunbar--1497.html
1499	20241005072231	https://www.historyofceylontea.com/tea-estates/estates-registry/gallebodde--1499.html
1500	20180614182839	http://www.historyofceylontea.com:80/tea-estates/estates-registry/dolakanda--1500.html
1501	20220706162541	https://www.historyofceylontea.com/tea-estates/estates-registry/donnybrook-and-miford-norton-donnybrook-and-miford--1501.html
1502	20241011124338	https://www.historyofceylontea.com/tea-estates/estates-registry/--1502.html
1505	20240305141310	https://www.historyofceylontea.com/tea-estates/estates-registry/--1505.html
1509	20240418101258	https://www.historyofceylontea.com/tea-estates/estates-registry/morland--1509.html
1510	20241105160820	https://www.historyofceylontea.com/tea-estates/estates-registry/elhedde--1510.html
1513	20240715053623	https://www.historyofceylontea.com/tea-estates/estates-registry/craighead--1513.html
1514	20241007060917	https://www.historyofceylontea.com/tea-estates/estates-registry/dunekeyaalawa--1514.html
1515	20241105172443	https://www.historyofceylontea.com/tea-estates/estates-registry/mount-jean--1515.html
1516	20240810202544	https://www.historyofceylontea.com/tea-estates/estates-registry/eltofts--1516.html
1517	20241004202056	https://www.historyofceylontea.com/tea-estates/estates-registry/norton--1517.html
1518	20240725133027	https://www.historyofceylontea.com/tea-estates/estates-registry/pallekelly-group--1518.html
1519	20240422025003	https://www.historyofceylontea.com/tea-estates/estates-registry/apthorpe--1519.html
1521	20240916023930	https://www.historyofceylontea.com/tea-estates/estates-registry/angodde--1521.html
1522	20240715030403	https://www.historyofceylontea.com/tea-estates/estates-registry/--1522.html
1523	20220702113936	https://www.historyofceylontea.com/tea-estates/estates-registry/glenfern-group--1523.html
1525	20240814191053	https://www.historyofceylontea.com/tea-estates/estates-registry/erroll--1525.html
1527	20240715164619	https://www.historyofceylontea.com/tea-estates/estates-registry/ekkeralle-incldg-opa-garden-y97--1527.html
1528	20240519041727	https://www.historyofceylontea.com/tea-estates/estates-registry/fetteresso--1528.html
1532	20180609180610	http://www.historyofceylontea.com:80/tea-estates/estates-registry/ferndale--1532.html
1533	20241011104259	https://www.historyofceylontea.com/tea-estates/estates-registry/fordyce--1533.html
1534	20220704122546	https://www.historyofceylontea.com/tea-estates/estates-registry/doalwella--1534.html
1535	20240421081354	https://www.historyofceylontea.com/tea-estates/estates-registry/handungala--1535.html
1538	20241113123600	https://www.historyofceylontea.com/tea-estates/estates-registry/dedugalla--1538.html
1539	20210226003723	https://www.historyofceylontea.com/tea-estates/estates-registry/rajawella--1539.html
1541	20240809054612	https://www.historyofceylontea.com/tea-estates/estates-registry/hangranoya--1541.html
1544	20240907140200	https://www.historyofceylontea.com/tea-estates/estates-registry/friedland--1544.html
1546	20240615110201	https://www.historyofceylontea.com/tea-estates/estates-registry/--1546.html
1548	20241110180505	https://www.historyofceylontea.com/tea-estates/estates-registry/taplow--1548.html
1550	20240908060608	https://www.historyofceylontea.com/tea-estates/estates-registry/hapugastenne--1550.html
1551	20241007043302	https://www.historyofceylontea.com/tea-estates/estates-registry/fruit-hill--1551.html
1553	20240914135130	https://www.historyofceylontea.com/tea-estates/estates-registry/talwatte--1553.html
1554	20220815150559	https://www.historyofceylontea.com/tea-estates/estates-registry/--1554.html
1556	20240719151256	https://www.historyofceylontea.com/tea-estates/estates-registry/--1556.html
1557	20240725125510	https://www.historyofceylontea.com/tea-estates/estates-registry/dunally-and-n-vedehette--1557.html
1558	20240720031437	https://www.historyofceylontea.com/tea-estates/estates-registry/armitage-hill--1558.html
1559	20181014132233	http://www.historyofceylontea.com:80/tea-estates/estates-registry/hopewell-new--1559.html
1560	20240625043146	https://www.historyofceylontea.com/tea-estates/estates-registry/--1560.html
1562	20240617203928	https://www.historyofceylontea.com/tea-estates/estates-registry/hentleys--1562.html
1563	20241011062642	https://www.historyofceylontea.com/tea-estates/estates-registry/--1563.html
1564	20241102083718	https://www.historyofceylontea.com/tea-estates/estates-registry/templestowe--1564.html
1567	20241005061116	https://www.historyofceylontea.com/tea-estates/estates-registry/hyndford--1567.html
1568	20240813131515	https://www.historyofceylontea.com/tea-estates/estates-registry/vellai-oya--1568.html
1569	20240915222324	https://www.historyofceylontea.com/tea-estates/estates-registry/ion--1569.html
1571	20240723105923	https://www.historyofceylontea.com/tea-estates/estates-registry/wattawelia--1571.html
1572	20240913040014	https://www.historyofceylontea.com/tea-estates/estates-registry/glen-taaffe--1572.html
1574	20240911142859	https://www.historyofceylontea.com/tea-estates/estates-registry/--1574.html
1575	20241110191201	https://www.historyofceylontea.com/tea-estates/estates-registry/keenagaha-ella--1575.html
1576	20241010103919	https://www.historyofceylontea.com/tea-estates/estates-registry/--1576.html
1579	20240720030545	https://www.historyofceylontea.com/tea-estates/estates-registry/keppoch--1579.html
1582	20240715020050	https://www.historyofceylontea.com/tea-estates/estates-registry/--1582.html
1583	20241112184913	https://www.historyofceylontea.com/tea-estates/estates-registry/woodland-no2--1583.html
1584	20240920175052	https://www.historyofceylontea.com/tea-estates/estates-registry/massena--1584.html
1585	20240811082438	https://www.historyofceylontea.com/tea-estates/estates-registry/halloowella--1585.html
1587	20240907141518	https://www.historyofceylontea.com/tea-estates/estates-registry/woodstock--1587.html
1588	20241110013625	https://www.historyofceylontea.com/tea-estates/estates-registry/medahinna--1588.html
1589	20240814201320	https://www.historyofceylontea.com/tea-estates/estates-registry/hatton-inc-poolbank--1589.html
1593	20240919213151	https://www.historyofceylontea.com/tea-estates/estates-registry/--1593.html
1594	20241006172540	https://www.historyofceylontea.com/tea-estates/estates-registry/--1594.html
1595	20241007060302	https://www.historyofceylontea.com/tea-estates/estates-registry/meddakande-group--1595.html
1596	20240920181345	https://www.historyofceylontea.com/tea-estates/estates-registry/albion--1596.html
1597	20241110183749	https://www.historyofceylontea.com/tea-estates/estates-registry/ingestre--1597.html
1601	20240912213448	https://www.historyofceylontea.com/tea-estates/estates-registry/morahela-group--1601.html
1603	20241112152422	https://www.historyofceylontea.com/tea-estates/estates-registry/ellagalla--1603.html
1606	20240811084729	https://www.historyofceylontea.com/tea-estates/estates-registry/aldourie--1606.html
1608	20240810211012	https://www.historyofceylontea.com/tea-estates/estates-registry/atuwagalla-k1--1608.html
1609	20220703184133	https://www.historyofceylontea.com/tea-estates/estates-registry/imboolpittia--1609.html
1610	20240912233338	https://www.historyofceylontea.com/tea-estates/estates-registry/boscombe--1610.html
1611	20241006155515	https://www.historyofceylontea.com/tea-estates/estates-registry/ardallie--1611.html
1613	20240714033832	https://www.historyofceylontea.com/tea-estates/estates-registry/panane--1613.html
1614	20220528103823	https://www.historyofceylontea.com/tea-estates/estates-registry/pettiagalla-new--1614.html
1616	20240416223145	https://www.historyofceylontea.com/tea-estates/estates-registry/kenilworth-group--1616.html
1617	20240814200526	https://www.historyofceylontea.com/tea-estates/estates-registry/--1617.html
1618	20240521200554	https://www.historyofceylontea.com/tea-estates/estates-registry/pettiagalla--1618.html
1619	20241113105545	https://www.historyofceylontea.com/tea-estates/estates-registry/baddegama--1619.html
1620	20240720031003	https://www.historyofceylontea.com/tea-estates/estates-registry/putupahina--1620.html
1622	20241113151206	https://www.historyofceylontea.com/tea-estates/estates-registry/blue-spec--1622.html
1623	20240812195834	https://www.historyofceylontea.com/tea-estates/estates-registry/randola--1623.html
1624	20240721162012	https://www.historyofceylontea.com/tea-estates/estates-registry/argyll--1624.html
1625	20240524112416	https://www.historyofceylontea.com/tea-estates/estates-registry/emilton--1625.html
1626	20240908103521	https://www.historyofceylontea.com/tea-estates/estates-registry/rasagalla--1626.html
1628	20241013015103	https://www.historyofceylontea.com/tea-estates/estates-registry/--1628.html
1630	20230331232429	https://www.historyofceylontea.com/tea-estates/estates-registry/avoca--1630.html
1632	20240915223652	https://www.historyofceylontea.com/tea-estates/estates-registry/rye--1632.html
1634	20240715182608	https://www.historyofceylontea.com/tea-estates/estates-registry/s-joseph--1634.html
1636	20241011030559	https://www.historyofceylontea.com/tea-estates/estates-registry/balmoral--1636.html
1641	20230331193640	https://www.historyofceylontea.com/tea-estates/estates-registry/tanketia--1641.html
1642	20240803171741	https://www.historyofceylontea.com/tea-estates/estates-registry/gangwarily--1642.html
1644	20241102094225	https://www.historyofceylontea.com/tea-estates/estates-registry/udugama--1644.html
1648	20241012100021	https://www.historyofceylontea.com/tea-estates/estates-registry/--1648.html
1649	20240907140645	https://www.historyofceylontea.com/tea-estates/estates-registry/wallawe--1649.html
1651	20240908054717	https://www.historyofceylontea.com/tea-estates/estates-registry/beraliaddera--1651.html
1653	20240810071842	https://www.historyofceylontea.com/tea-estates/estates-registry/rye-wikiliya--1653.html
1654	20240617172355	https://www.historyofceylontea.com/tea-estates/estates-registry/--1654.html
1655	20241016081852	https://www.historyofceylontea.com/tea-estates/estates-registry/adelaide--1655.html
1659	20241105161309	https://www.historyofceylontea.com/tea-estates/estates-registry/hamdalkelle--1659.html
1661	20241012091503	https://www.historyofceylontea.com/tea-estates/estates-registry/belgravia--1661.html
1662	20241013022019	https://www.historyofceylontea.com/tea-estates/estates-registry/bogahawatte--1662.html
1664	20240810193344	https://www.historyofceylontea.com/tea-estates/estates-registry/braemore--1664.html
1668	20220811235757	https://www.historyofceylontea.com/tea-estates/estates-registry/--1668.html
1670	20240920074814	https://www.historyofceylontea.com/tea-estates/estates-registry/galaha-factory--1670.html
1671	20240421073458	https://www.historyofceylontea.com/tea-estates/estates-registry/havilland-group--1671.html
1672	20240722181443	https://www.historyofceylontea.com/tea-estates/estates-registry/chelsea-3500-to-4600-ft-w-273--1672.html
1673	20240810080317	https://www.historyofceylontea.com/tea-estates/estates-registry/calsay--1673.html
1674	20240518071810	https://www.historyofceylontea.com/tea-estates/estates-registry/clarendon--1674.html
1678	20220521123627	https://www.historyofceylontea.com/tea-estates/estates-registry/ambethenna--1678.html
1679	20240625061730	https://www.historyofceylontea.com/tea-estates/estates-registry/chrystler--1679.html
1681	20240810202759	https://www.historyofceylontea.com/tea-estates/estates-registry/clarendon--1681.html
1683	20241004111837	https://www.historyofceylontea.com/tea-estates/estates-registry/hermitage--1683.html
1684	20240523114711	https://www.historyofceylontea.com/tea-estates/estates-registry/kellie--1684.html
1685	20240521100514	https://www.historyofceylontea.com/tea-estates/estates-registry/midland-group--1685.html
1688	20230606130852	https://www.historyofceylontea.com/tea-estates/estates-registry/clydesdale--1688.html
1689	20240714052508	https://www.historyofceylontea.com/tea-estates/estates-registry/conon--1689.html
1696	20240913055021	https://www.historyofceylontea.com/tea-estates/estates-registry/cobo--1696.html
1698	20240619063516	https://www.historyofceylontea.com/tea-estates/estates-registry/coreen--1698.html
1702	20240920162017	https://www.historyofceylontea.com/tea-estates/estates-registry/oolapane--1702.html
1704	20240913054008	https://www.historyofceylontea.com/tea-estates/estates-registry/kelvin--1704.html
1705	20240620055237	https://www.historyofceylontea.com/tea-estates/estates-registry/hindugalla-and-shrubs-hilly--1705.html
1706	20241012084558	https://www.historyofceylontea.com/tea-estates/estates-registry/penrhos-group--1706.html
1709	20240725135900	https://www.historyofceylontea.com/tea-estates/estates-registry/craigie--1709.html
1712	20241012102644	https://www.historyofceylontea.com/tea-estates/estates-registry/claremont--1712.html
1715	20240617194833	https://www.historyofceylontea.com/tea-estates/estates-registry/borakanda-group--1715.html
1716	20240913055242	https://www.historyofceylontea.com/tea-estates/estates-registry/dik-mukelane--1716.html
1717	20200927195834	https://www.historyofceylontea.com/tea-estates/estates-registry/kimberley--1717.html
1718	20241102092146	https://www.historyofceylontea.com/tea-estates/estates-registry/hopewell--1718.html
1719	20241112200841	https://www.historyofceylontea.com/tea-estates/estates-registry/cranley--1719.html
1720	20240912082730	https://www.historyofceylontea.com/tea-estates/estates-registry/kitulgala--1720.html
1722	20240716005436	https://www.historyofceylontea.com/tea-estates/estates-registry/craigforest--1722.html
1725	20240907152032	https://www.historyofceylontea.com/tea-estates/estates-registry/carolina-group--1725.html
1728	20241112165234	https://www.historyofceylontea.com/tea-estates/estates-registry/malgolla--1728.html
1729	20240714103513	https://www.historyofceylontea.com/tea-estates/estates-registry/ingrogalla--1729.html
1732	20240911142956	https://www.historyofceylontea.com/tea-estates/estates-registry/--1732.html
1735	20240624193109	https://www.historyofceylontea.com/tea-estates/estates-registry/meddegodde--1735.html
1737	20240715043837	https://www.historyofceylontea.com/tea-estates/estates-registry/st-clive--1737.html
1738	20241011023012	https://www.historyofceylontea.com/tea-estates/estates-registry/kaluwana--1738.html
1739	20240920072746	https://www.historyofceylontea.com/tea-estates/estates-registry/craigmore-w-107--1739.html
1740	20241106142913	https://www.historyofceylontea.com/tea-estates/estates-registry/meangalla-and-kintore--1740.html
1741	20240908072759	https://www.historyofceylontea.com/tea-estates/estates-registry/dell--1741.html
1743	20240908154525	https://www.historyofceylontea.com/tea-estates/estates-registry/dodangalla--1743.html
1745	20241007060151	https://www.historyofceylontea.com/tea-estates/estates-registry/derryclare--1745.html
1747	20241006192131	https://www.historyofceylontea.com/tea-estates/estates-registry/monte-cristo-galbodde--1747.html
1749	20240813131054	https://www.historyofceylontea.com/tea-estates/estates-registry/dessford-lorne--1749.html
1750	20240911175045	https://www.historyofceylontea.com/tea-estates/estates-registry/gangapittia--1750.html
1751	20241113142740	https://www.historyofceylontea.com/tea-estates/estates-registry/strathellie--1751.html
1752	20240908063815	https://www.historyofceylontea.com/tea-estates/estates-registry/cullen--1752.html
1753	20240724191919	https://www.historyofceylontea.com/tea-estates/estates-registry/citrus-group--1753.html
1755	20240723123052	https://www.historyofceylontea.com/tea-estates/estates-registry/kitoolamoola--1755.html
1756	20240522143955	https://www.historyofceylontea.com/tea-estates/estates-registry/devo--1756.html
1757	20240305102218	https://www.historyofceylontea.com/tea-estates/estates-registry/tilton-group--1757.html
1758	20240908110211	https://www.historyofceylontea.com/tea-estates/estates-registry/daisy-valley--1758.html
1759	20241104043708	https://www.historyofceylontea.com/tea-estates/estates-registry/--1759.html
1760	20221204054753	https://www.historyofceylontea.com/tea-estates/estates-registry/nagastenne-group--1760.html
1761	20240522030225	https://www.historyofceylontea.com/tea-estates/estates-registry/daphne--1761.html
1764	20240908070626	https://www.historyofceylontea.com/tea-estates/estates-registry/delmar--1764.html
1765	20220926223942	https://www.historyofceylontea.com/tea-estates/estates-registry/deviturai--1765.html
1766	20240614213225	https://www.historyofceylontea.com/tea-estates/estates-registry/gangawatte--1766.html
1767	20201030191427	https://www.historyofceylontea.com/tea-estates/estates-registry/weraloogastenne--1767.html
1770	20241011045850	https://www.historyofceylontea.com/tea-estates/estates-registry/fawnhope--1770.html
1774	20241004115110	https://www.historyofceylontea.com/tea-estates/estates-registry/demodera-group-incldg-weywelhena-octumbe-rossett-netherwille-southam--1774.html
1775	20240718102726	https://www.historyofceylontea.com/tea-estates/estates-registry/diyanilakele--1775.html
1778	20240618052244	https://www.historyofceylontea.com/tea-estates/estates-registry/drayton--1778.html
1780	20241215232317	https://www.historyofceylontea.com/tea-estates/estates-registry/guru-oya--1780.html
1781	20240912220559	https://www.historyofceylontea.com/tea-estates/estates-registry/--1781.html
1782	20241007232105	https://www.historyofceylontea.com/tea-estates/estates-registry/hapugasmulle--1782.html
1785	20241004125057	https://www.historyofceylontea.com/tea-estates/estates-registry/deensland--1785.html
1786	20240519060317	https://www.historyofceylontea.com/tea-estates/estates-registry/henegahawella--1786.html
1787	20240813125615	https://www.historyofceylontea.com/tea-estates/estates-registry/dickwella--1787.html
1788	20240415082524	https://www.historyofceylontea.com/tea-estates/estates-registry/doone-vale--1788.html
1789	20241009220515	https://www.historyofceylontea.com/tea-estates/estates-registry/kattukitulle--1789.html
1790	20240618021300	https://www.historyofceylontea.com/tea-estates/estates-registry/dyraaba--1790.html
1793	20180511163535	http://www.historyofceylontea.com:80/tea-estates/estates-registry/east-helyrood--1793.html
1796	20240815052804	https://www.historyofceylontea.com/tea-estates/estates-registry/ellawattie-dabaragalla--1796.html
1797	20241013001051	https://www.historyofceylontea.com/tea-estates/estates-registry/paragalla--1797.html
1799	20241112151915	https://www.historyofceylontea.com/tea-estates/estates-registry/patitalawa--1799.html
1801	20241109074344	https://www.historyofceylontea.com/tea-estates/estates-registry/eildon-hall--1801.html
1802	20241104060255	https://www.historyofceylontea.com/tea-estates/estates-registry/gallipoli--1802.html
1805	20241004112640	https://www.historyofceylontea.com/tea-estates/estates-registry/--1805.html
1806	20241104202650	https://www.historyofceylontea.com/tea-estates/estates-registry/glenalvah--1806.html
1807	20240720033243	https://www.historyofceylontea.com/tea-estates/estates-registry/elladalluwa--1807.html
1808	20241113151414	https://www.historyofceylontea.com/tea-estates/estates-registry/penylan--1808.html
1812	20230206194719	https://www.historyofceylontea.com/tea-estates/estates-registry/fairfield--1812.html
1814	20241011112527	https://www.historyofceylontea.com/tea-estates/estates-registry/raxawa--1814.html
1816	20241012092442	https://www.historyofceylontea.com/tea-estates/estates-registry/ellawella--1816.html
1820	20240914153005	https://www.historyofceylontea.com/tea-estates/estates-registry/hapugastenne-or-tjomal--1820.html
1822	20240908152135	https://www.historyofceylontea.com/tea-estates/estates-registry/mahawatte--1822.html
1823	20221129111758	https://www.historyofceylontea.com/tea-estates/estates-registry/faithlie--1823.html
1825	20240522021141	https://www.historyofceylontea.com/tea-estates/estates-registry/hatterabage-new--1825.html
1828	20240809114313	https://www.historyofceylontea.com/tea-estates/estates-registry/fassifern-e--1828.html
1832	20220811153135	https://www.historyofceylontea.com/tea-estates/estates-registry/freds-ruhe-a-division--1832.html
1834	20241004204042	https://www.historyofceylontea.com/tea-estates/estates-registry/elmshurst--1834.html
1836	20240716011825	https://www.historyofceylontea.com/tea-estates/estates-registry/fassifern-w--1836.html
1838	20240911131326	https://www.historyofceylontea.com/tea-estates/estates-registry/shamrock--1838.html
1839	20230607215752	https://www.historyofceylontea.com/tea-estates/estates-registry/inehyra--1839.html
1840	20240417192415	https://www.historyofceylontea.com/tea-estates/estates-registry/galapitakanda--1840.html
1841	20211021060508	https://www.historyofceylontea.com/tea-estates/estates-registry/oyawatte--1841.html
1842	20240718112032	https://www.historyofceylontea.com/tea-estates/estates-registry/hittuwalena--1842.html
1847	20240912080837	https://www.historyofceylontea.com/tea-estates/estates-registry/gallahena--1847.html
1848	20240413061413	https://www.historyofceylontea.com/tea-estates/estates-registry/galkandewatte--1848.html
1851	20240805023051	https://www.historyofceylontea.com/tea-estates/estates-registry/tamaravelly-group--1851.html
1853	20240918144808	https://www.historyofceylontea.com/tea-estates/estates-registry/hopewell--1853.html
1854	20240719144706	https://www.historyofceylontea.com/tea-estates/estates-registry/tebuwatte--1854.html
1855	20240619124805	https://www.historyofceylontea.com/tea-estates/estates-registry/--1855.html
1857	20240809130544	https://www.historyofceylontea.com/tea-estates/estates-registry/glen-alpin-group--1857.html
1858	20241011031526	https://www.historyofceylontea.com/tea-estates/estates-registry/galkande--1858.html
1859	20240920165946	https://www.historyofceylontea.com/tea-estates/estates-registry/ivanhoc--1859.html
1860	20240911130129	https://www.historyofceylontea.com/tea-estates/estates-registry/theydon-bois--1860.html
1862	20241110010123	https://www.historyofceylontea.com/tea-estates/estates-registry/glassaugh--1862.html
1863	20181012152404	http://www.historyofceylontea.com:80/tea-estates/estates-registry/wordford--1863.html
1864	20241016012033	https://www.historyofceylontea.com/tea-estates/estates-registry/gleneagles--1864.html
1868	20240721170938	https://www.historyofceylontea.com/tea-estates/estates-registry/--1868.html
1871	20240915222514	https://www.historyofceylontea.com/tea-estates/estates-registry/--1871.html
1872	20240624202412	https://www.historyofceylontea.com/tea-estates/estates-registry/kunderagalla--1872.html
1874	20241008000538	https://www.historyofceylontea.com/tea-estates/estates-registry/mappanawatura--1874.html
1876	20220701221006	https://www.historyofceylontea.com/tea-estates/estates-registry/lankabarony--1876.html
1878	20240908064650	https://www.historyofceylontea.com/tea-estates/estates-registry/gowerakelle--1878.html
1882	20240809115641	https://www.historyofceylontea.com/tea-estates/estates-registry/meewatura--1882.html
1883	20240803161107	https://www.historyofceylontea.com/tea-estates/estates-registry/gilcroft--1883.html
1884	20241104221717	https://www.historyofceylontea.com/tea-estates/estates-registry/mount-pleasant--1884.html
1885	20240619083204	https://www.historyofceylontea.com/tea-estates/estates-registry/--1885.html
1887	20240913054543	https://www.historyofceylontea.com/tea-estates/estates-registry/killin--1887.html
1888	20241007051157	https://www.historyofceylontea.com/tea-estates/estates-registry/ginniedominie--1888.html
1890	20241007042205	https://www.historyofceylontea.com/tea-estates/estates-registry/giragoda--1890.html
1893	20240908095118	https://www.historyofceylontea.com/tea-estates/estates-registry/gotetuwa--1893.html
1894	20240806225234	https://www.historyofceylontea.com/tea-estates/estates-registry/harrington--1894.html
1896	20230205203623	https://www.historyofceylontea.com/tea-estates/estates-registry/hermont--1896.html
1897	20230204025951	https://www.historyofceylontea.com/tea-estates/estates-registry/lovat--1897.html
1899	20240918151549	https://www.historyofceylontea.com/tea-estates/estates-registry/hauteville-group--1899.html
1901	20220813181720	https://www.historyofceylontea.com/tea-estates/estates-registry/hillside--1901.html
1903	20240522014739	https://www.historyofceylontea.com/tea-estates/estates-registry/mousagalla--1903.html
1905	20241101191813	https://www.historyofceylontea.com/tea-estates/estates-registry/hindagalla-group--1905.html
1908	20240722132101	https://www.historyofceylontea.com/tea-estates/estates-registry/oodewelle--1908.html
1909	20241008005611	https://www.historyofceylontea.com/tea-estates/estates-registry/hingurugama--1909.html
1910	20240916220528	https://www.historyofceylontea.com/tea-estates/estates-registry/homadola--1910.html
1911	20240913060301	https://www.historyofceylontea.com/tea-estates/estates-registry/holbrook--1911.html
1912	20241113120242	https://www.historyofceylontea.com/tea-estates/estates-registry/betworth--1912.html
1913	20240915030349	https://www.historyofceylontea.com/tea-estates/estates-registry/bokkawala--1913.html
1914	20240619141808	https://www.historyofceylontea.com/tea-estates/estates-registry/ooragalla--1914.html
1916	20241113112537	https://www.historyofceylontea.com/tea-estates/estates-registry/kaloogala--1916.html
1919	20240814190714	https://www.historyofceylontea.com/tea-estates/estates-registry/bogasheina--1919.html
1920	20240522152606	https://www.historyofceylontea.com/tea-estates/estates-registry/peradeniya-old--1920.html
1921	20240417000800	https://www.historyofceylontea.com/tea-estates/estates-registry/pettiagalla-old--1921.html
1922	20240814204955	https://www.historyofceylontea.com/tea-estates/estates-registry/kandahena--1922.html
1923	20241011105748	https://www.historyofceylontea.com/tea-estates/estates-registry/bollagalla--1923.html
1925	20240720103214	https://www.historyofceylontea.com/tea-estates/estates-registry/peradeniya-new--1925.html
1926	20240622024807	https://www.historyofceylontea.com/tea-estates/estates-registry/keenakelle--1926.html
1929	20241106153958	https://www.historyofceylontea.com/tea-estates/estates-registry/plevna--1929.html
1931	20240725130803	https://www.historyofceylontea.com/tea-estates/estates-registry/prospect-hill--1931.html
1933	20240914144630	https://www.historyofceylontea.com/tea-estates/estates-registry/rowley--1933.html
1934	20240722145254	https://www.historyofceylontea.com/tea-estates/estates-registry/st-heliers--1934.html
1935	20241112172547	https://www.historyofceylontea.com/tea-estates/estates-registry/richmond-hill-and-hirisagalle--1935.html
1941	20220705054831	https://www.historyofceylontea.com/tea-estates/estates-registry/dea-ella--1941.html
1942	20241113130540	https://www.historyofceylontea.com/tea-estates/estates-registry/shannon--1942.html
1946	20240809183441	https://www.historyofceylontea.com/tea-estates/estates-registry/kowlahena--1946.html
1949	20241006164611	https://www.historyofceylontea.com/tea-estates/estates-registry/roseneath--1949.html
1950	20241005060049	https://www.historyofceylontea.com/tea-estates/estates-registry/lamiliere--1950.html
1952	20240419181238	https://www.historyofceylontea.com/tea-estates/estates-registry/galagedara--1952.html
1954	20240614213419	https://www.historyofceylontea.com/tea-estates/estates-registry/laagdale--1954.html
1956	20240912100442	https://www.historyofceylontea.com/tea-estates/estates-registry/galagedara-no-2--1956.html
1957	20240809055139	https://www.historyofceylontea.com/tea-estates/estates-registry/lindoola--1957.html
1958	20240717160229	https://www.historyofceylontea.com/tea-estates/estates-registry/godapola--1958.html
1965	20240913043206	https://www.historyofceylontea.com/tea-estates/estates-registry/kinross--1965.html
1966	20240810192303	https://www.historyofceylontea.com/tea-estates/estates-registry/lippakelle--1966.html
1970	20220526142729	https://www.historyofceylontea.com/tea-estates/estates-registry/tennekumbura--1970.html
1971	20240617210032	https://www.historyofceylontea.com/tea-estates/estates-registry/lochiel--1971.html
1977	20240810065308	https://www.historyofceylontea.com/tea-estates/estates-registry/ledgerwatte--1977.html
1983	20241112191739	https://www.historyofceylontea.com/tea-estates/estates-registry/greenwood--1983.html
1984	20241112161329	https://www.historyofceylontea.com/tea-estates/estates-registry/rajawella-no-1-up--1984.html
1985	20240619132941	https://www.historyofceylontea.com/tea-estates/estates-registry/lizziewille--1985.html
1987	20240714054856	https://www.historyofceylontea.com/tea-estates/estates-registry/maha-eliya--1987.html
1989	20241004205048	https://www.historyofceylontea.com/tea-estates/estates-registry/--1989.html
1990	20241104050559	https://www.historyofceylontea.com/tea-estates/estates-registry/rajawella-no-3-low--1990.html
1991	20240412195458	https://www.historyofceylontea.com/tea-estates/estates-registry/vellai-oya-south--1991.html
1993	20240614210835	https://www.historyofceylontea.com/tea-estates/estates-registry/rajawella-no-2--1993.html
1994	20240722163815	https://www.historyofceylontea.com/tea-estates/estates-registry/--1994.html
1995	20240521101430	https://www.historyofceylontea.com/tea-estates/estates-registry/mayfield-group--1995.html
1999	20241012091834	https://www.historyofceylontea.com/tea-estates/estates-registry/victoria--1999.html
2000	20240715184959	https://www.historyofceylontea.com/tea-estates/estates-registry/meddecombra-north-division--2000.html
2002	20241101194527	https://www.historyofceylontea.com/tea-estates/estates-registry/warrakettia-or-kingolla--2002.html
2010	20241010114657	https://www.historyofceylontea.com/tea-estates/estates-registry/middleton--2010.html
2014	20241112185629	https://www.historyofceylontea.com/tea-estates/estates-registry/woodland--2014.html
2015	20231002184759	https://www.historyofceylontea.com/tea-estates/estates-registry/mornington--2015.html
2021	20240810064957	https://www.historyofceylontea.com/tea-estates/estates-registry/mount-vernon--2021.html
2022	20240815051138	https://www.historyofceylontea.com/tea-estates/estates-registry/nahavilla--2022.html
2023	20240908095958	https://www.historyofceylontea.com/tea-estates/estates-registry/wattapulluwa--2023.html
2024	20240416225024	https://www.historyofceylontea.com/tea-estates/estates-registry/mousa-ella--2024.html
2025	20240717160312	https://www.historyofceylontea.com/tea-estates/estates-registry/--2025.html
2026	20241004211052	https://www.historyofceylontea.com/tea-estates/estates-registry/napier--2026.html
2027	20241012085157	https://www.historyofceylontea.com/tea-estates/estates-registry/new-preston--2027.html
2029	20241101190512	https://www.historyofceylontea.com/tea-estates/estates-registry/neluwa--2029.html
2031	20241102073918	https://www.historyofceylontea.com/tea-estates/estates-registry/malgre-moi--2031.html
2032	20220701034953	https://www.historyofceylontea.com/tea-estates/estates-registry/wattegoda--2032.html
2033	20240912211020	https://www.historyofceylontea.com/tea-estates/estates-registry/nutbourne--2033.html
2034	20240914092057	https://www.historyofceylontea.com/tea-estates/estates-registry/atherton--2034.html
2035	20240908085731	https://www.historyofceylontea.com/tea-estates/estates-registry/rockhill--2035.html
2037	20240615103937	https://www.historyofceylontea.com/tea-estates/estates-registry/newburgh--2037.html
2038	20191020003824	https://www.historyofceylontea.com/tea-estates/estates-registry/barcaple--2038.html
2040	20241113112616	https://www.historyofceylontea.com/tea-estates/estates-registry/ouvahkellie--2040.html
2043	20240814201349	https://www.historyofceylontea.com/tea-estates/estates-registry/oodoowerre--2043.html
2045	20220704030828	https://www.historyofceylontea.com/tea-estates/estates-registry/aberdeen-lovat--2045.html
2047	20210115204049	https://www.historyofceylontea.com/tea-estates/estates-registry/periya-wawatenne--2047.html
2048	20241005053740	https://www.historyofceylontea.com/tea-estates/estates-registry/polmont--2048.html
2049	20241011052305	https://www.historyofceylontea.com/tea-estates/estates-registry/pingarawa-x--2049.html
2051	20240805184248	https://www.historyofceylontea.com/tea-estates/estates-registry/delgahalanda--2051.html
2052	20240920164142	https://www.historyofceylontea.com/tea-estates/estates-registry/portmore-aldourie--2052.html
2053	20220704112035	https://www.historyofceylontea.com/tea-estates/estates-registry/john-singho-s-land--2053.html
2054	20240615213222	https://www.historyofceylontea.com/tea-estates/estates-registry/powyaland--2054.html
2055	20240614230535	https://www.historyofceylontea.com/tea-estates/estates-registry/preston--2055.html
2056	20240807194211	https://www.historyofceylontea.com/tea-estates/estates-registry/queenstown--2056.html
2058	20241110021124	https://www.historyofceylontea.com/tea-estates/estates-registry/raddola--2058.html
2059	20241016010525	https://www.historyofceylontea.com/tea-estates/estates-registry/kalugalatenna--2059.html
2063	20240523151915	https://www.historyofceylontea.com/tea-estates/estates-registry/rahanwatte-group--2063.html
2064	20240919214714	https://www.historyofceylontea.com/tea-estates/estates-registry/forest-land--2064.html
2065	20230930035720	https://www.historyofceylontea.com/tea-estates/estates-registry/--2065.html
2066	20171210082306	http://www.historyofceylontea.com:80/tea-estates/estates-registry/kurundugolla--2066.html
2067	20240522015538	https://www.historyofceylontea.com/tea-estates/estates-registry/--2067.html
2068	20240720040958	https://www.historyofceylontea.com/tea-estates/estates-registry/--2068.html
2071	20240915041442	https://www.historyofceylontea.com/tea-estates/estates-registry/lucklands--2071.html
2072	20240914152146	https://www.historyofceylontea.com/tea-estates/estates-registry/gallipoli--2072.html
2075	20240522153244	https://www.historyofceylontea.com/tea-estates/estates-registry/magurudeniya--2075.html
2076	20241005053340	https://www.historyofceylontea.com/tea-estates/estates-registry/sandringham--2076.html
2078	20240421084033	https://www.historyofceylontea.com/tea-estates/estates-registry/mahatenne--2078.html
2079	20220521082610	https://www.historyofceylontea.com/tea-estates/estates-registry/springfield--2079.html
2080	20240810072515	https://www.historyofceylontea.com/tea-estates/estates-registry/birchwood--2080.html
2085	20241007044202	https://www.historyofceylontea.com/tea-estates/estates-registry/rookatenne--2085.html
2087	20220703170216	https://www.historyofceylontea.com/tea-estates/estates-registry/roseland--2087.html
2088	20241011114534	https://www.historyofceylontea.com/tea-estates/estates-registry/majuba-hill--2088.html
2090	20220526015221	https://www.historyofceylontea.com/tea-estates/estates-registry/royston--2090.html
2093	20240523161016	https://www.historyofceylontea.com/tea-estates/estates-registry/sapumaltenne--2093.html
2094	20240715062610	https://www.historyofceylontea.com/tea-estates/estates-registry/meegastenne--2094.html
2096	20240810191400	https://www.historyofceylontea.com/tea-estates/estates-registry/stirling--2096.html
2097	20200930054846	https://www.historyofceylontea.com/tea-estates/estates-registry/meelagasheina--2097.html
2099	20240803164749	https://www.historyofceylontea.com/tea-estates/estates-registry/coldstream-n-s--2099.html
2100	20240809180947	https://www.historyofceylontea.com/tea-estates/estates-registry/sutton--2100.html
2101	20220813144035	https://www.historyofceylontea.com/tea-estates/estates-registry/talawakelle-group--2101.html
2103	20241010105907	https://www.historyofceylontea.com/tea-estates/estates-registry/talankande--2103.html
2104	20220526235308	https://www.historyofceylontea.com/tea-estates/estates-registry/serendib--2104.html
2105	20240718141504	https://www.historyofceylontea.com/tea-estates/estates-registry/morankande-group-including-mousava-and-bonaccord--2105.html
2107	20240718142023	https://www.historyofceylontea.com/tea-estates/estates-registry/mousava--2107.html
2109	20241005063742	https://www.historyofceylontea.com/tea-estates/estates-registry/tangakelle--2109.html
2110	20240809114722	https://www.historyofceylontea.com/tea-estates/estates-registry/taprobane--2110.html
2112	20240908054636	https://www.historyofceylontea.com/tea-estates/estates-registry/tasmania--2112.html
2115	20240916001543	https://www.historyofceylontea.com/tea-estates/estates-registry/gleneagles--2115.html
2121	20240810204804	https://www.historyofceylontea.com/tea-estates/estates-registry/tillicoultry--2121.html
2122	20240908092024	https://www.historyofceylontea.com/tea-estates/estates-registry/pallagalle--2122.html
2124	20241007051708	https://www.historyofceylontea.com/tea-estates/estates-registry/torrington--2124.html
2125	20241005070759	https://www.historyofceylontea.com/tea-estates/estates-registry/troup--2125.html
2128	20241102094750	https://www.historyofceylontea.com/tea-estates/estates-registry/patirada-including-ambecumbura--2128.html
2130	20241016064044	https://www.historyofceylontea.com/tea-estates/estates-registry/rillagalla--2130.html
2132	20240725124503	https://www.historyofceylontea.com/tea-estates/estates-registry/uda-radella--2132.html
2133	20220704033440	https://www.historyofceylontea.com/tea-estates/estates-registry/dotiegalla--2133.html
2135	20240722133416	https://www.historyofceylontea.com/tea-estates/estates-registry/galbodde--2135.html
2137	20240715183542	https://www.historyofceylontea.com/tea-estates/estates-registry/rookgolle--2137.html
2138	20220701045251	https://www.historyofceylontea.com/tea-estates/estates-registry/--2138.html
2139	20240911123101	https://www.historyofceylontea.com/tea-estates/estates-registry/waltrim--2139.html
2141	20240806232420	https://www.historyofceylontea.com/tea-estates/estates-registry/forest-land--2141.html
2142	20240715050335	https://www.historyofceylontea.com/tea-estates/estates-registry/wangie-oya--2142.html
2143	20240715021850	https://www.historyofceylontea.com/tea-estates/estates-registry/stratheden--2143.html
2144	20220523011209	https://www.historyofceylontea.com/tea-estates/estates-registry/st-george--2144.html
2150	20240420080231	https://www.historyofceylontea.com/tea-estates/estates-registry/talpitigalla--2150.html
2152	20240805195705	https://www.historyofceylontea.com/tea-estates/estates-registry/galbodde-lower--2152.html
2154	20240525085432	https://www.historyofceylontea.com/tea-estates/estates-registry/tipperary-group--2154.html
2158	20230607223355	https://www.historyofceylontea.com/tea-estates/estates-registry/trafford-hill-group--2158.html
2159	20241010102010	https://www.historyofceylontea.com/tea-estates/estates-registry/ampittia--2159.html
2164	20240809115331	https://www.historyofceylontea.com/tea-estates/estates-registry/telbedde--2164.html
2165	20221207100725	https://www.historyofceylontea.com/tea-estates/estates-registry/west-holyrood--2165.html
2170	20240724193102	https://www.historyofceylontea.com/tea-estates/estates-registry/wootten-charing-cross--2170.html
2172	20241005072547	https://www.historyofceylontea.com/tea-estates/estates-registry/ythanside--2172.html
2174	20240619130805	https://www.historyofceylontea.com/tea-estates/estates-registry/the-ledge--2174.html
2175	20241105162005	https://www.historyofceylontea.com/tea-estates/estates-registry/yoxford--2175.html
2176	20240721163913	https://www.historyofceylontea.com/tea-estates/estates-registry/yuillefield-group--2176.html
2177	20220701225432	https://www.historyofceylontea.com/tea-estates/estates-registry/woodslee-group--2177.html
2178	20220811232339	https://www.historyofceylontea.com/tea-estates/estates-registry/--2178.html
2179	20230207190328	https://www.historyofceylontea.com/tea-estates/estates-registry/yahalatenne--2179.html
2180	20240721173649	https://www.historyofceylontea.com/tea-estates/estates-registry/abbotsford--2180.html
2183	20240813111807	https://www.historyofceylontea.com/tea-estates/estates-registry/--2183.html
2184	20241006205233	https://www.historyofceylontea.com/tea-estates/estates-registry/tonacombe--2184.html
2185	20240815052001	https://www.historyofceylontea.com/tea-estates/estates-registry/gotta-kokella--2185.html
2186	20241113151525	https://www.historyofceylontea.com/tea-estates/estates-registry/unugalla--2186.html
2187	20240812065727	https://www.historyofceylontea.com/tea-estates/estates-registry/uva-dickarawa--2187.html
2188	20220815214032	https://www.historyofceylontea.com/tea-estates/estates-registry/ancumbura--2188.html
2189	20241010113632	https://www.historyofceylontea.com/tea-estates/estates-registry/agrakande--2189.html
2190	20180609175612	http://www.historyofceylontea.com:80/tea-estates/estates-registry/uva-highlands--2190.html
2192	20241016020507	https://www.historyofceylontea.com/tea-estates/estates-registry/doonoomadolawa--2192.html
2196	20240812202222	https://www.historyofceylontea.com/tea-estates/estates-registry/debrooghur--2196.html
2197	20241006173557	https://www.historyofceylontea.com/tea-estates/estates-registry/--2197.html
2201	20240617172943	https://www.historyofceylontea.com/tea-estates/estates-registry/--2201.html
2202	20230323051926	https://www.historyofceylontea.com/tea-estates/estates-registry/koladenia--2202.html
2203	20240912101930	https://www.historyofceylontea.com/tea-estates/estates-registry/koodaoya--2203.html
2204	20241004215150	https://www.historyofceylontea.com/tea-estates/estates-registry/agrakellie--2204.html
2206	20230320151558	https://www.historyofceylontea.com/tea-estates/estates-registry/walawoowatta--2206.html
2209	20241109081828	https://www.historyofceylontea.com/tea-estates/estates-registry/mastnawatte--2209.html
2210	20241106142222	https://www.historyofceylontea.com/tea-estates/estates-registry/--2210.html
2214	20240811090008	https://www.historyofceylontea.com/tea-estates/estates-registry/battagolla--2214.html
2215	20241009222622	https://www.historyofceylontea.com/tea-estates/estates-registry/--2215.html
2216	20240815050959	https://www.historyofceylontea.com/tea-estates/estates-registry/yelverton--2216.html
2218	20240908092747	https://www.historyofceylontea.com/tea-estates/estates-registry/amurthavelly--2218.html
2219	20240301141523	https://www.historyofceylontea.com/tea-estates/estates-registry/angurumulle--2219.html
2220	20241104035730	https://www.historyofceylontea.com/tea-estates/estates-registry/dotlands--2220.html
2221	20240528081105	https://www.historyofceylontea.com/tea-estates/estates-registry/hillside--2221.html
2222	20241011061258	https://www.historyofceylontea.com/tea-estates/estates-registry/middlemarch--2222.html
2223	20220704121815	https://www.historyofceylontea.com/tea-estates/estates-registry/belgodde--2223.html
2225	20241011051433	https://www.historyofceylontea.com/tea-estates/estates-registry/hormusjie--2225.html
2227	20241005072023	https://www.historyofceylontea.com/tea-estates/estates-registry/--2227.html
2228	20191207123952	https://www.historyofceylontea.com/tea-estates/estates-registry/netherville--2228.html
2231	20241013005557	https://www.historyofceylontea.com/tea-estates/estates-registry/plaiderie--2231.html
2232	20240812072217	https://www.historyofceylontea.com/tea-estates/estates-registry/ravenswood--2232.html
2233	20240809113757	https://www.historyofceylontea.com/tea-estates/estates-registry/hunugalla--2233.html
2234	20240815063650	https://www.historyofceylontea.com/tea-estates/estates-registry/stisted--2234.html
2237	20200807184852	https://www.historyofceylontea.com/tea-estates/estates-registry/--2237.html
2238	20240722165618	https://www.historyofceylontea.com/tea-estates/estates-registry/wattewelle--2238.html
2239	20241016073939	https://www.historyofceylontea.com/tea-estates/estates-registry/galcande--2239.html
2240	20240908060340	https://www.historyofceylontea.com/tea-estates/estates-registry/ingurugalla--2240.html
2248	20241010110309	https://www.historyofceylontea.com/tea-estates/estates-registry/kallugalla--2248.html
2249	20240815054552	https://www.historyofceylontea.com/tea-estates/estates-registry/galaha--2249.html
2255	20241113150616	https://www.historyofceylontea.com/tea-estates/estates-registry/galoya--2255.html
2258	20240715063317	https://www.historyofceylontea.com/tea-estates/estates-registry/gloucester--2258.html
2266	20240810070052	https://www.historyofceylontea.com/tea-estates/estates-registry/ballagalla--2266.html
2268	20240907135313	https://www.historyofceylontea.com/tea-estates/estates-registry/hantane--2268.html
2270	20240914140436	https://www.historyofceylontea.com/tea-estates/estates-registry/dotiegalla--2270.html
2271	20241105165943	https://www.historyofceylontea.com/tea-estates/estates-registry/boccawella--2271.html
2272	20240912100208	https://www.historyofceylontea.com/tea-estates/estates-registry/forest-land--2272.html
2273	20241214203824	https://www.historyofceylontea.com/tea-estates/estates-registry/hantana-new--2273.html
2274	20241109072954	https://www.historyofceylontea.com/tea-estates/estates-registry/bonair--2274.html
2275	20241011113853	https://www.historyofceylontea.com/tea-estates/estates-registry/maryland--2275.html
2278	20240522024305	https://www.historyofceylontea.com/tea-estates/estates-registry/--2278.html
2279	20241104060837	https://www.historyofceylontea.com/tea-estates/estates-registry/caledonia--2279.html
2283	20241104201426	https://www.historyofceylontea.com/tea-estates/estates-registry/bambrebedde--2283.html
2290	20230331193514	https://www.historyofceylontea.com/tea-estates/estates-registry/hindogatta--2290.html
2291	20241016065800	https://www.historyofceylontea.com/tea-estates/estates-registry/meenagalla--2291.html
2292	20240814205918	https://www.historyofceylontea.com/tea-estates/estates-registry/spring-valley--2292.html
2293	20220707021430	https://www.historyofceylontea.com/tea-estates/estates-registry/milligatenna--2293.html
2294	20240912231445	https://www.historyofceylontea.com/tea-estates/estates-registry/chrystler-s-farm--2294.html
2295	20240624190751	https://www.historyofceylontea.com/tea-estates/estates-registry/bollagalla-upper--2295.html
2296	20220707022945	https://www.historyofceylontea.com/tea-estates/estates-registry/narrangalla--2296.html
2297	20240423050205	https://www.historyofceylontea.com/tea-estates/estates-registry/edengrove-watta--2297.html
2298	20240814135856	https://www.historyofceylontea.com/tea-estates/estates-registry/horagalla--2298.html
2301	20240617162906	https://www.historyofceylontea.com/tea-estates/estates-registry/--2301.html
2304	20241110014422	https://www.historyofceylontea.com/tea-estates/estates-registry/oorakanda--2304.html
2313	20180605025250	http://www.historyofceylontea.com:80/tea-estates/estates-registry/butawa--2313.html
2316	20240815045549	https://www.historyofceylontea.com/tea-estates/estates-registry/cannavarelle--2316.html
2317	20241105171235	https://www.historyofceylontea.com/tea-estates/estates-registry/massena-mukelano--2317.html
2318	20241016011328	https://www.historyofceylontea.com/tea-estates/estates-registry/coombe-wood--2318.html
2319	20200921165501	https://www.historyofceylontea.com/tea-estates/estates-registry/cotacalce--2319.html
2324	20241008003747	https://www.historyofceylontea.com/tea-estates/estates-registry/--2324.html
2325	20240919214831	https://www.historyofceylontea.com/tea-estates/estates-registry/saint-rumbold--2325.html
2328	20240912232228	https://www.historyofceylontea.com/tea-estates/estates-registry/somerset--2328.html
2331	20241112183336	https://www.historyofceylontea.com/tea-estates/estates-registry/salem--2331.html
2334	20240714035056	https://www.historyofceylontea.com/tea-estates/estates-registry/wayveltalawa--2334.html
2335	20240912100542	https://www.historyofceylontea.com/tea-estates/estates-registry/bon-accord--2335.html
2336	20241104060822	https://www.historyofceylontea.com/tea-estates/estates-registry/craigie-lea--2336.html
2337	20241006192252	https://www.historyofceylontea.com/tea-estates/estates-registry/debedde--2337.html
2338	20231003174633	https://www.historyofceylontea.com/tea-estates/estates-registry/cwm-the--2338.html
2340	20240912220917	https://www.historyofceylontea.com/tea-estates/estates-registry/cymru--2340.html
2342	20240715182215	https://www.historyofceylontea.com/tea-estates/estates-registry/stanmore-hill--2342.html
2343	20241004120100	https://www.historyofceylontea.com/tea-estates/estates-registry/bareaple--2343.html
2348	20241011110657	https://www.historyofceylontea.com/tea-estates/estates-registry/welewala-mukelane--2348.html
2353	20240418075334	https://www.historyofceylontea.com/tea-estates/estates-registry/wewelkellie--2353.html
2354	20231128134919	https://www.historyofceylontea.com/tea-estates/estates-registry/--2354.html
2357	20240815063043	https://www.historyofceylontea.com/tea-estates/estates-registry/windsor-forest--2357.html
2358	20240918145814	https://www.historyofceylontea.com/tea-estates/estates-registry/--2358.html
2359	20241005055906	https://www.historyofceylontea.com/tea-estates/estates-registry/de-portal--2359.html
2360	20240809053939	https://www.historyofceylontea.com/tea-estates/estates-registry/yellangowry--2360.html
2362	20240806224848	https://www.historyofceylontea.com/tea-estates/estates-registry/forest-land--2362.html
2363	20240912100759	https://www.historyofceylontea.com/tea-estates/estates-registry/forest-land--2363.html
2364	20181013195738	http://www.historyofceylontea.com:80/tea-estates/estates-registry/aliceville--2364.html
2365	20240809050023	https://www.historyofceylontea.com/tea-estates/estates-registry/galanne--2365.html
2367	20241006154323	https://www.historyofceylontea.com/tea-estates/estates-registry/deyanila-kaele--2367.html
2369	20241012102254	https://www.historyofceylontea.com/tea-estates/estates-registry/gallebodde-lower--2369.html
2370	20181013203915	http://www.historyofceylontea.com:80/tea-estates/estates-registry/allagalla--2370.html
2371	20240912214931	https://www.historyofceylontea.com/tea-estates/estates-registry/amblakande--2371.html
2373	20241006192725	https://www.historyofceylontea.com/tea-estates/estates-registry/--2373.html
2376	20240415083418	https://www.historyofceylontea.com/tea-estates/estates-registry/galmadua-padi--2376.html
2378	20181013195541	http://www.historyofceylontea.com:80/tea-estates/estates-registry/bella-s-garaden--2378.html
2380	20241102094614	https://www.historyofceylontea.com/tea-estates/estates-registry/gonakely--2380.html
2381	20181012134527	http://www.historyofceylontea.com:80/tea-estates/estates-registry/berrewella--2381.html
2382	20240413071441	https://www.historyofceylontea.com/tea-estates/estates-registry/gongaltenne--2382.html
2384	20241110181325	https://www.historyofceylontea.com/tea-estates/estates-registry/earlscourt--2384.html
2385	20240813124555	https://www.historyofceylontea.com/tea-estates/estates-registry/--2385.html
2386	20240912100512	https://www.historyofceylontea.com/tea-estates/estates-registry/goowerakelle--2386.html
2387	20240911160822	https://www.historyofceylontea.com/tea-estates/estates-registry/coodham--2387.html
2388	20241004201034	https://www.historyofceylontea.com/tea-estates/estates-registry/ferham--2388.html
2389	20240618193843	https://www.historyofceylontea.com/tea-estates/estates-registry/dalleagles--2389.html
2390	20240303065003	https://www.historyofceylontea.com/tea-estates/estates-registry/kandewatte--2390.html
2391	20240617125055	https://www.historyofceylontea.com/tea-estates/estates-registry/damblagolla--2391.html
2394	20230926160858	https://www.historyofceylontea.com/tea-estates/estates-registry/denmark--2394.html
2396	20240418082253	https://www.historyofceylontea.com/tea-estates/estates-registry/--2396.html
2397	20240718140135	https://www.historyofceylontea.com/tea-estates/estates-registry/morankande--2397.html
2398	20240914153808	https://www.historyofceylontea.com/tea-estates/estates-registry/galatea--2398.html
2402	20240721161515	https://www.historyofceylontea.com/tea-estates/estates-registry/donoughmore--2402.html
2403	20240920065028	https://www.historyofceylontea.com/tea-estates/estates-registry/kitulkelle--2403.html
2404	20240916002131	https://www.historyofceylontea.com/tea-estates/estates-registry/shoreham--2404.html
2406	20241004110431	https://www.historyofceylontea.com/tea-estates/estates-registry/kottagodde--2406.html
2407	20240720084422	https://www.historyofceylontea.com/tea-estates/estates-registry/glenomera--2407.html
2409	20230206201102	https://www.historyofceylontea.com/tea-estates/estates-registry/ellawatte--2409.html
2410	20240812080143	https://www.historyofceylontea.com/tea-estates/estates-registry/epplewatte--2410.html
2411	20240809191537	https://www.historyofceylontea.com/tea-estates/estates-registry/mahapellagalla--2411.html
2414	20240715232824	https://www.historyofceylontea.com/tea-estates/estates-registry/fairlie-group--2414.html
2416	20240523162615	https://www.historyofceylontea.com/tea-estates/estates-registry/--2416.html
2418	20240813111341	https://www.historyofceylontea.com/tea-estates/estates-registry/holyrood--2418.html
2419	20241011053414	https://www.historyofceylontea.com/tea-estates/estates-registry/galbodde--2419.html
2421	20240718122059	https://www.historyofceylontea.com/tea-estates/estates-registry/mowsagalla--2421.html
2422	20240519041157	https://www.historyofceylontea.com/tea-estates/estates-registry/balakotenne--2422.html
2427	20220701232634	https://www.historyofceylontea.com/tea-estates/estates-registry/kellewatte--2427.html
2429	20240912095952	https://www.historyofceylontea.com/tea-estates/estates-registry/namanacooley-kelly--2429.html
2430	20240811084842	https://www.historyofceylontea.com/tea-estates/estates-registry/--2430.html
2431	20220707005600	https://www.historyofceylontea.com/tea-estates/estates-registry/havilland--2431.html
2432	20240715015622	https://www.historyofceylontea.com/tea-estates/estates-registry/kotagaloya--2432.html
2433	20220706214608	https://www.historyofceylontea.com/tea-estates/estates-registry/narangalla--2433.html
2434	20240419182940	https://www.historyofceylontea.com/tea-estates/estates-registry/--2434.html
2439	20240805194502	https://www.historyofceylontea.com/tea-estates/estates-registry/lamiljere--2439.html
2441	20240716004533	https://www.historyofceylontea.com/tea-estates/estates-registry/inverugie--2441.html
2442	20240620063443	https://www.historyofceylontea.com/tea-estates/estates-registry/jack-tree-hill--2442.html
2443	20241110032604	https://www.historyofceylontea.com/tea-estates/estates-registry/oodoowera--2443.html
2444	20220526014550	https://www.historyofceylontea.com/tea-estates/estates-registry/netherton--2444.html
2445	20240422031655	https://www.historyofceylontea.com/tea-estates/estates-registry/kintail--2445.html
2448	20230330212146	https://www.historyofceylontea.com/tea-estates/estates-registry/ootombye--2448.html
2449	20241102082932	https://www.historyofceylontea.com/tea-estates/estates-registry/kintore--2449.html
2450	20241008003555	https://www.historyofceylontea.com/tea-estates/estates-registry/llan-thomas--2450.html
2451	20241008001024	https://www.historyofceylontea.com/tea-estates/estates-registry/lindcola--2451.html
2452	20241010114922	https://www.historyofceylontea.com/tea-estates/estates-registry/maratenne--2452.html
2453	20241011115249	https://www.historyofceylontea.com/tea-estates/estates-registry/pallagolla--2453.html
2456	20200921162119	https://www.historyofceylontea.com/tea-estates/estates-registry/papalgashena--2456.html
2458	20240805190654	https://www.historyofceylontea.com/tea-estates/estates-registry/ping-arawe--2458.html
2460	20240622024605	https://www.historyofceylontea.com/tea-estates/estates-registry/pattiagalla-mukelane--2460.html
2465	20241110180425	https://www.historyofceylontea.com/tea-estates/estates-registry/--2465.html
2466	20240617204733	https://www.historyofceylontea.com/tea-estates/estates-registry/rajawella-upper-and-lower--2466.html
2467	20240721170828	https://www.historyofceylontea.com/tea-estates/estates-registry/logie--2467.html
2471	20220814185241	https://www.historyofceylontea.com/tea-estates/estates-registry/unagalla--2471.html
2472	20241011033605	https://www.historyofceylontea.com/tea-estates/estates-registry/louisa--2472.html
2473	20240301111534	https://www.historyofceylontea.com/tea-estates/estates-registry/ury--2473.html
2476	20230127141425	https://www.historyofceylontea.com/tea-estates/estates-registry/moausaelle--2476.html
2479	20240912215739	https://www.historyofceylontea.com/tea-estates/estates-registry/maria--2479.html
2480	20241106135903	https://www.historyofceylontea.com/tea-estates/estates-registry/--2480.html
2481	20241104041202	https://www.historyofceylontea.com/tea-estates/estates-registry/mattakelle--2481.html
2482	20240811093838	https://www.historyofceylontea.com/tea-estates/estates-registry/wewakella--2482.html
2484	20240725135754	https://www.historyofceylontea.com/tea-estates/estates-registry/gandanawa--2484.html
2492	20240718121336	https://www.historyofceylontea.com/tea-estates/estates-registry/wewakella--2492.html
2493	20241112171552	https://www.historyofceylontea.com/tea-estates/estates-registry/--2493.html
2494	20220703083043	https://www.historyofceylontea.com/tea-estates/estates-registry/meddecombra--2494.html
2495	20240911173145	https://www.historyofceylontea.com/tea-estates/estates-registry/ferryhill--2495.html
2496	20240919215421	https://www.historyofceylontea.com/tea-estates/estates-registry/mousagalla--2496.html
2498	20221206131706	https://www.historyofceylontea.com/tea-estates/estates-registry/mclrose--2498.html
2499	20240916023639	https://www.historyofceylontea.com/tea-estates/estates-registry/patirade--2499.html
2500	20240722035121	https://www.historyofceylontea.com/tea-estates/estates-registry/melton-estate--2500.html
2502	20240415092244	https://www.historyofceylontea.com/tea-estates/estates-registry/andeniwela--2502.html
2505	20201022231136	https://www.historyofceylontea.com/tea-estates/estates-registry/nagastenna--2505.html
2506	20241104200457	https://www.historyofceylontea.com/tea-estates/estates-registry/pondappo--2506.html
2507	20220526024315	https://www.historyofceylontea.com/tea-estates/estates-registry/--2507.html
2508	20241106150310	https://www.historyofceylontea.com/tea-estates/estates-registry/rondura--2508.html
2509	20230208074626	https://www.historyofceylontea.com/tea-estates/estates-registry/nana-oya--2509.html
2511	20240521215934	https://www.historyofceylontea.com/tea-estates/estates-registry/saint-catherine--2511.html
2512	20241016082001	https://www.historyofceylontea.com/tea-estates/estates-registry/oddington--2512.html
2516	20240618022023	https://www.historyofceylontea.com/tea-estates/estates-registry/saint-helens--2516.html
2517	20240615211746	https://www.historyofceylontea.com/tea-estates/estates-registry/--2517.html
2518	20220926232014	https://www.historyofceylontea.com/tea-estates/estates-registry/niagara--2518.html
2519	20240414043846	https://www.historyofceylontea.com/tea-estates/estates-registry/bandarabedde--2519.html
2521	20241104205314	https://www.historyofceylontea.com/tea-estates/estates-registry/--2521.html
2523	20240524095545	https://www.historyofceylontea.com/tea-estates/estates-registry/kilmornock--2523.html
2528	20240811095612	https://www.historyofceylontea.com/tea-estates/estates-registry/--2528.html
2529	20240810081345	https://www.historyofceylontea.com/tea-estates/estates-registry/palmerston--2529.html
2531	20220704023826	https://www.historyofceylontea.com/tea-estates/estates-registry/--2531.html
2532	20240916233540	https://www.historyofceylontea.com/tea-estates/estates-registry/pallaradella--2532.html
2534	20230328095932	https://www.historyofceylontea.com/tea-estates/estates-registry/--2534.html
2535	20240916020344	https://www.historyofceylontea.com/tea-estates/estates-registry/--2535.html
2536	20220707073804	https://www.historyofceylontea.com/tea-estates/estates-registry/--2536.html
2537	20240810073206	https://www.historyofceylontea.com/tea-estates/estates-registry/--2537.html
2539	20241109073213	https://www.historyofceylontea.com/tea-estates/estates-registry/queenwood--2539.html
2540	20181012131738	http://www.historyofceylontea.com:80/tea-estates/estates-registry/alluhadenia--2540.html
2541	20221006140225	https://www.historyofceylontea.com/tea-estates/estates-registry/carolina-no02--2541.html
2542	20241011022727	https://www.historyofceylontea.com/tea-estates/estates-registry/mount-jean--2542.html
2543	20240716011808	https://www.historyofceylontea.com/tea-estates/estates-registry/radella--2543.html
2544	20240415101153	https://www.historyofceylontea.com/tea-estates/estates-registry/rhanwatte--2544.html
2545	20240912090149	https://www.historyofceylontea.com/tea-estates/estates-registry/fultonsland--2545.html
2546	20241007044532	https://www.historyofceylontea.com/tea-estates/estates-registry/--2546.html
2547	20240714095658	https://www.historyofceylontea.com/tea-estates/estates-registry/rathnilokelle--2547.html
2549	20240811080706	https://www.historyofceylontea.com/tea-estates/estates-registry/--2549.html
2550	20230205213006	https://www.historyofceylontea.com/tea-estates/estates-registry/ritnageria--2550.html
2551	20220814183557	https://www.historyofceylontea.com/tea-estates/estates-registry/frome-lata-ex-mouth--2551.html
2553	20241011121403	https://www.historyofceylontea.com/tea-estates/estates-registry/--2553.html
2557	20241016011146	https://www.historyofceylontea.com/tea-estates/estates-registry/--2557.html
2558	20241006171616	https://www.historyofceylontea.com/tea-estates/estates-registry/springkell--2558.html
2559	20240912101914	https://www.historyofceylontea.com/tea-estates/estates-registry/--2559.html
2560	20240422031758	https://www.historyofceylontea.com/tea-estates/estates-registry/gandanawa--2560.html
2561	20241112203633	https://www.historyofceylontea.com/tea-estates/estates-registry/stonycliff--2561.html
2562	20241006193317	https://www.historyofceylontea.com/tea-estates/estates-registry/--2562.html
2565	20241004213847	https://www.historyofceylontea.com/tea-estates/estates-registry/walaboda--2565.html
2566	20241016003552	https://www.historyofceylontea.com/tea-estates/estates-registry/kalugalla-1--2566.html
2568	20241107061314	https://www.historyofceylontea.com/tea-estates/estates-registry/st-clair--2568.html
2570	20240521235350	https://www.historyofceylontea.com/tea-estates/estates-registry/--2570.html
2573	20240916024232	https://www.historyofceylontea.com/tea-estates/estates-registry/--2573.html
2574	20241016063909	https://www.historyofceylontea.com/tea-estates/estates-registry/talawakelle--2574.html
2576	20240908101225	https://www.historyofceylontea.com/tea-estates/estates-registry/tallankanda--2576.html
2577	20240911175300	https://www.historyofceylontea.com/tea-estates/estates-registry/the-agra--2577.html
2578	20240915024038	https://www.historyofceylontea.com/tea-estates/estates-registry/deaker-s-grant--2578.html
2579	20220519224111	https://www.historyofceylontea.com/tea-estates/estates-registry/--2579.html
2581	20240618061744	https://www.historyofceylontea.com/tea-estates/estates-registry/union--2581.html
2582	20241006194853	https://www.historyofceylontea.com/tea-estates/estates-registry/dewatura--2582.html
2584	20240716011525	https://www.historyofceylontea.com/tea-estates/estates-registry/deyanewatte--2584.html
2586	20240907142220	https://www.historyofceylontea.com/tea-estates/estates-registry/wotton--2586.html
2587	20200921165036	https://www.historyofceylontea.com/tea-estates/estates-registry/doon-hinda--2587.html
2588	20240908172745	https://www.historyofceylontea.com/tea-estates/estates-registry/woodland--2588.html
2590	20220704062050	https://www.historyofceylontea.com/tea-estates/estates-registry/woodslee-lower--2590.html
2591	20240618015626	https://www.historyofceylontea.com/tea-estates/estates-registry/moorootie--2591.html
2593	20240721162813	https://www.historyofceylontea.com/tea-estates/estates-registry/--2593.html
2594	20240915041604	https://www.historyofceylontea.com/tea-estates/estates-registry/east-gowrakelle--2594.html
2595	20240620065554	https://www.historyofceylontea.com/tea-estates/estates-registry/--2595.html
2600	20240522020628	https://www.historyofceylontea.com/tea-estates/estates-registry/indian-walk--2600.html
2603	20241112170431	https://www.historyofceylontea.com/tea-estates/estates-registry/ellawatte--2603.html
2604	20240725134613	https://www.historyofceylontea.com/tea-estates/estates-registry/heatherton--2604.html
2609	20171124105604	http://www.historyofceylontea.com:80/tea-estates/estates-registry/agra-kande--2609.html
2611	20240918160330	https://www.historyofceylontea.com/tea-estates/estates-registry/elldalua--2611.html
2616	20220819104655	https://www.historyofceylontea.com/tea-estates/estates-registry/karagoda--2616.html
2621	20240806230933	https://www.historyofceylontea.com/tea-estates/estates-registry/fermoyle--2621.html
2623	20240810072532	https://www.historyofceylontea.com/tea-estates/estates-registry/katandola--2623.html
2630	20241010102535	https://www.historyofceylontea.com/tea-estates/estates-registry/kirimettia--2630.html
2632	20240617194116	https://www.historyofceylontea.com/tea-estates/estates-registry/galtengawa-including-hingoora-and-bootawa--2632.html
2638	20240423180125	https://www.historyofceylontea.com/tea-estates/estates-registry/kowlahena--2638.html
2639	20240719153333	https://www.historyofceylontea.com/tea-estates/estates-registry/kurundakande--2639.html
2641	20240907135055	https://www.historyofceylontea.com/tea-estates/estates-registry/bismark--2641.html
2643	20240615113556	https://www.historyofceylontea.com/tea-estates/estates-registry/lened--2643.html
2644	20240908055003	https://www.historyofceylontea.com/tea-estates/estates-registry/balangoda-group--2644.html
2654	20180614182844	http://www.historyofceylontea.com:80/tea-estates/estates-registry/metewiliya--2654.html
2655	20240920164955	https://www.historyofceylontea.com/tea-estates/estates-registry/midella--2655.html
2656	20241011122352	https://www.historyofceylontea.com/tea-estates/estates-registry/bromley--2656.html
2657	20240807181513	https://www.historyofceylontea.com/tea-estates/estates-registry/glenury--2657.html
2661	20240920062341	https://www.historyofceylontea.com/tea-estates/estates-registry/st-aubins--2661.html
2662	20240805024823	https://www.historyofceylontea.com/tea-estates/estates-registry/gonakelle--2662.html
2663	20241113075845	https://www.historyofceylontea.com/tea-estates/estates-registry/miriswella--2663.html
2665	20240719155234	https://www.historyofceylontea.com/tea-estates/estates-registry/--2665.html
2668	20240813045244	https://www.historyofceylontea.com/tea-estates/estates-registry/gondanava--2668.html
2673	20240912085610	https://www.historyofceylontea.com/tea-estates/estates-registry/gowrakelle--2673.html
2675	20230206071051	https://www.historyofceylontea.com/tea-estates/estates-registry/nakiadeniya-group--2675.html
2679	20240615202339	https://www.historyofceylontea.com/tea-estates/estates-registry/--2679.html
2685	20240805192614	https://www.historyofceylontea.com/tea-estates/estates-registry/olympus-group--2685.html
2687	20220704064025	https://www.historyofceylontea.com/tea-estates/estates-registry/opata-group--2687.html
2688	20240615103647	https://www.historyofceylontea.com/tea-estates/estates-registry/paraduwa--2688.html
2689	20241112182044	https://www.historyofceylontea.com/tea-estates/estates-registry/happuwella--2689.html
2690	20240719144401	https://www.historyofceylontea.com/tea-estates/estates-registry/paragoda--2690.html
2691	20240415085526	https://www.historyofceylontea.com/tea-estates/estates-registry/pannapitiya--2691.html
2692	20220519211131	https://www.historyofceylontea.com/tea-estates/estates-registry/pati-rajah--2692.html
2694	20240614220357	https://www.historyofceylontea.com/tea-estates/estates-registry/carlabeck--2694.html
2701	20220815182612	https://www.historyofceylontea.com/tea-estates/estates-registry/charing-cross--2701.html
2721	20240911174130	https://www.historyofceylontea.com/tea-estates/estates-registry/st-james-mount--2721.html
2723	20240418073639	https://www.historyofceylontea.com/tea-estates/estates-registry/ugieside--2723.html
2730	20241012091946	https://www.historyofceylontea.com/tea-estates/estates-registry/coombewond--2730.html
2731	20240718104050	https://www.historyofceylontea.com/tea-estates/estates-registry/fieldriew--2731.html
2733	20240805193149	https://www.historyofceylontea.com/tea-estates/estates-registry/seenigoda--2733.html
2734	20241104201336	https://www.historyofceylontea.com/tea-estates/estates-registry/s-leys--2734.html
2735	20240722163305	https://www.historyofceylontea.com/tea-estates/estates-registry/andangodi--2735.html
2736	20240418073033	https://www.historyofceylontea.com/tea-estates/estates-registry/s-leonards--2736.html
2739	20240908100421	https://www.historyofceylontea.com/tea-estates/estates-registry/armagh--2739.html
2740	20240810193545	https://www.historyofceylontea.com/tea-estates/estates-registry/cranley-upper--2740.html
2742	20220521025501	https://www.historyofceylontea.com/tea-estates/estates-registry/sirikandura--2742.html
2744	20240920065716	https://www.historyofceylontea.com/tea-estates/estates-registry/stokesland-group--2744.html
2745	20240617174138	https://www.historyofceylontea.com/tea-estates/estates-registry/sunnyside--2745.html
2746	20240418083205	https://www.historyofceylontea.com/tea-estates/estates-registry/talangaha--2746.html
2749	20240714051557	https://www.historyofceylontea.com/tea-estates/estates-registry/cruachan--2749.html
2750	20220811171202	https://www.historyofceylontea.com/tea-estates/estates-registry/powergolla--2750.html
2751	20230330210512	https://www.historyofceylontea.com/tea-estates/estates-registry/talgaswella--2751.html
2754	20240814130942	https://www.historyofceylontea.com/tea-estates/estates-registry/tuduwa-group--2754.html
2756	20241007054857	https://www.historyofceylontea.com/tea-estates/estates-registry/debatagama--2756.html
2761	20240519045013	https://www.historyofceylontea.com/tea-estates/estates-registry/wallahanduwa--2761.html
2762	20240918133702	https://www.historyofceylontea.com/tea-estates/estates-registry/walpita-group--2762.html
2764	20240916000409	https://www.historyofceylontea.com/tea-estates/estates-registry/welandawa--2764.html
2765	20240718145139	https://www.historyofceylontea.com/tea-estates/estates-registry/welielamanana--2765.html
2769	20170829120129	http://www.historyofceylontea.com:80/tea-estates/estates-registry/wicklow-galdola-group--2769.html
2770	20241109060936	https://www.historyofceylontea.com/tea-estates/estates-registry/--2770.html
2773	20221128142446	https://www.historyofceylontea.com/tea-estates/estates-registry/winterton--2773.html
2777	20241008004716	https://www.historyofceylontea.com/tea-estates/estates-registry/diyagama-west--2777.html
2780	20241007232409	https://www.historyofceylontea.com/tea-estates/estates-registry/diyagama-1st-division--2780.html
2785	20240916220250	https://www.historyofceylontea.com/tea-estates/estates-registry/diyagama-2nd-division--2785.html
2788	20240809115923	https://www.historyofceylontea.com/tea-estates/estates-registry/diyagama-2nd-division--2788.html
2789	20240918141440	https://www.historyofceylontea.com/tea-estates/estates-registry/diyagama-2nd-division--2789.html
2790	20240810210321	https://www.historyofceylontea.com/tea-estates/estates-registry/diyagama-4td-division--2790.html
2791	20240916232653	https://www.historyofceylontea.com/tea-estates/estates-registry/diyagama-east--2791.html
2792	20220811140259	https://www.historyofceylontea.com/tea-estates/estates-registry/dimbula--2792.html
2793	20240912214346	https://www.historyofceylontea.com/tea-estates/estates-registry/edinburgh--2793.html
2794	20240413061657	https://www.historyofceylontea.com/tea-estates/estates-registry/tanketiya--2794.html
2795	20220706213544	https://www.historyofceylontea.com/tea-estates/estates-registry/beau-sejour--2795.html
2798	20231128140406	https://www.historyofceylontea.com/tea-estates/estates-registry/--2798.html
2799	20220527010955	https://www.historyofceylontea.com/tea-estates/estates-registry/--2799.html
2800	20230607214330	https://www.historyofceylontea.com/tea-estates/estates-registry/--2800.html
2801	20240305101305	https://www.historyofceylontea.com/tea-estates/estates-registry/forest-crcek--2801.html
2802	20220526234145	https://www.historyofceylontea.com/tea-estates/estates-registry/keenagashena--2802.html
2807	20241104201517	https://www.historyofceylontea.com/tea-estates/estates-registry/apuhalay--2807.html
2811	20241010102810	https://www.historyofceylontea.com/tea-estates/estates-registry/--2811.html
2813	20200921165401	https://www.historyofceylontea.com/tea-estates/estates-registry/koskelle--2813.html
2814	20240224204636	https://www.historyofceylontea.com/tea-estates/estates-registry/glasgow--2814.html
2815	20240911124041	https://www.historyofceylontea.com/tea-estates/estates-registry/kotakelle--2815.html
2816	20240812071208	https://www.historyofceylontea.com/tea-estates/estates-registry/--2816.html
2817	20240724180218	https://www.historyofceylontea.com/tea-estates/estates-registry/glessaugh--2817.html
2818	20240810195619	https://www.historyofceylontea.com/tea-estates/estates-registry/glenlyon--2818.html
2819	20241113145214	https://www.historyofceylontea.com/tea-estates/estates-registry/mahapahagalla--2819.html
2820	20240809184510	https://www.historyofceylontea.com/tea-estates/estates-registry/glenemera--2820.html
2821	20240915044949	https://www.historyofceylontea.com/tea-estates/estates-registry/mahatenne-7410--2821.html
2822	20190824072147	https://www.historyofceylontea.com/tea-estates/estates-registry/maryland--2822.html
2825	20240720031138	https://www.historyofceylontea.com/tea-estates/estates-registry/oodoowelle--2825.html
2827	20240809050854	https://www.historyofceylontea.com/tea-estates/estates-registry/mansagala--2827.html
2829	20221007114840	https://www.historyofceylontea.com/tea-estates/estates-registry/moner-kande-s278--2829.html
2832	20240615120837	https://www.historyofceylontea.com/tea-estates/estates-registry/green-hayes--2832.html
2833	20240624183630	https://www.historyofceylontea.com/tea-estates/estates-registry/morogalla--2833.html
2834	20240919210458	https://www.historyofceylontea.com/tea-estates/estates-registry/mortlake--2834.html
2835	20240912095250	https://www.historyofceylontea.com/tea-estates/estates-registry/coles-s-block--2835.html
2836	20240907152210	https://www.historyofceylontea.com/tea-estates/estates-registry/naminacooley--2836.html
2838	20230607212408	https://www.historyofceylontea.com/tea-estates/estates-registry/madawallu-kande--2838.html
2839	20240811085259	https://www.historyofceylontea.com/tea-estates/estates-registry/holmwood--2839.html
2844	20221126192501	https://www.historyofceylontea.com/tea-estates/estates-registry/primrose-hill--2844.html
2845	20241010102613	https://www.historyofceylontea.com/tea-estates/estates-registry/holyrood-east--2845.html
2846	20240725132506	https://www.historyofceylontea.com/tea-estates/estates-registry/holyrood-west--2846.html
2847	20241013020724	https://www.historyofceylontea.com/tea-estates/estates-registry/nuwara-eliya-inverness--2847.html
2849	20240810080608	https://www.historyofceylontea.com/tea-estates/estates-registry/richmond-hill--2849.html
2850	20190826075450	https://www.historyofceylontea.com/tea-estates/estates-registry/--2850.html
2851	20241005063412	https://www.historyofceylontea.com/tea-estates/estates-registry/lona--2851.html
2852	20240721172505	https://www.historyofceylontea.com/tea-estates/estates-registry/katukella--2852.html
2853	20191020004704	https://www.historyofceylontea.com/tea-estates/estates-registry/passera--2853.html
2854	20220814070421	https://www.historyofceylontea.com/tea-estates/estates-registry/digdola--2854.html
2855	20241007234117	https://www.historyofceylontea.com/tea-estates/estates-registry/rosemount-or-maha-yawa--2855.html
2857	20240812064003	https://www.historyofceylontea.com/tea-estates/estates-registry/popalgashena--2857.html
2859	20240525140536	https://www.historyofceylontea.com/tea-estates/estates-registry/pawul-pawa--2859.html
2861	20240914150152	https://www.historyofceylontea.com/tea-estates/estates-registry/kelliewatte--2861.html
2862	20241102093835	https://www.historyofceylontea.com/tea-estates/estates-registry/shrub-s-hill--2862.html
2863	20240618064707	https://www.historyofceylontea.com/tea-estates/estates-registry/carolina-no01--2863.html
2867	20240528070729	https://www.historyofceylontea.com/tea-estates/estates-registry/tennecombra--2867.html
2870	20240419175212	https://www.historyofceylontea.com/tea-estates/estates-registry/walawatta--2870.html
2872	20220813173216	https://www.historyofceylontea.com/tea-estates/estates-registry/uplands--2872.html
2874	20241106140810	https://www.historyofceylontea.com/tea-estates/estates-registry/watterantenne--2874.html
2876	20221007121019	https://www.historyofceylontea.com/tea-estates/estates-registry/watterantenne-no-2--2876.html
2877	20240916001811	https://www.historyofceylontea.com/tea-estates/estates-registry/pingarawe--2877.html
2880	20240725133806	https://www.historyofceylontea.com/tea-estates/estates-registry/--2880.html
2884	20240718111901	https://www.historyofceylontea.com/tea-estates/estates-registry/arapola--2884.html
2885	20240919215814	https://www.historyofceylontea.com/tea-estates/estates-registry/--2885.html
2887	20240916223912	https://www.historyofceylontea.com/tea-estates/estates-registry/lian-thomas--2887.html
2888	20240303063546	https://www.historyofceylontea.com/tea-estates/estates-registry/nartakandey--2888.html
2889	20240615210119	https://www.historyofceylontea.com/tea-estates/estates-registry/--2889.html
2890	20241011124014	https://www.historyofceylontea.com/tea-estates/estates-registry/lindula--2890.html
2894	20240522015916	https://www.historyofceylontea.com/tea-estates/estates-registry/--2894.html
2895	20240815063905	https://www.historyofceylontea.com/tea-estates/estates-registry/sarnia--2895.html
2896	20240417001007	https://www.historyofceylontea.com/tea-estates/estates-registry/fred-s-ruhe--2896.html
2897	20241006172458	https://www.historyofceylontea.com/tea-estates/estates-registry/lonmay--2897.html
2899	20241006165055	https://www.historyofceylontea.com/tea-estates/estates-registry/anniewatte--2899.html
2900	20230529191652	https://www.historyofceylontea.com/tea-estates/estates-registry/st-mary-s--2900.html
2903	20241105164641	https://www.historyofceylontea.com/tea-estates/estates-registry/bowellicadde--2903.html
2904	20240619130847	https://www.historyofceylontea.com/tea-estates/estates-registry/telwatte--2904.html
2905	20201020143607	https://www.historyofceylontea.com/tea-estates/estates-registry/dodanwelle--2905.html
2906	20240912080651	https://www.historyofceylontea.com/tea-estates/estates-registry/--2906.html
2907	20240518162911	https://www.historyofceylontea.com/tea-estates/estates-registry/loxa--2907.html
2909	20241012084435	https://www.historyofceylontea.com/tea-estates/estates-registry/macdull--2909.html
2911	20191209084611	https://www.historyofceylontea.com/tea-estates/estates-registry/tillyeairn--2911.html
2912	20240912081650	https://www.historyofceylontea.com/tea-estates/estates-registry/--2912.html
2914	20241011051619	https://www.historyofceylontea.com/tea-estates/estates-registry/diggings-no-2--2914.html
2915	20240717174745	https://www.historyofceylontea.com/tea-estates/estates-registry/mausa-ella--2915.html
2916	20240912102019	https://www.historyofceylontea.com/tea-estates/estates-registry/--2916.html
2918	20240418072810	https://www.historyofceylontea.com/tea-estates/estates-registry/--2918.html
2919	20240912093837	https://www.historyofceylontea.com/tea-estates/estates-registry/--2919.html
2920	20240805024501	https://www.historyofceylontea.com/tea-estates/estates-registry/vellangolla--2920.html
2921	20240809193226	https://www.historyofceylontea.com/tea-estates/estates-registry/meddecombra-middle-division--2921.html
2922	20241004220835	https://www.historyofceylontea.com/tea-estates/estates-registry/aspahanai--2922.html
2923	20240915223140	https://www.historyofceylontea.com/tea-estates/estates-registry/nugawatte--2923.html
2924	20240716000136	https://www.historyofceylontea.com/tea-estates/estates-registry/--2924.html
2925	20240912094514	https://www.historyofceylontea.com/tea-estates/estates-registry/--2925.html
2926	20240809131104	https://www.historyofceylontea.com/tea-estates/estates-registry/--2926.html
2928	20240912085408	https://www.historyofceylontea.com/tea-estates/estates-registry/--2928.html
2929	20241109072648	https://www.historyofceylontea.com/tea-estates/estates-registry/meddecombra-new-clearing-division--2929.html
2930	20240912091242	https://www.historyofceylontea.com/tea-estates/estates-registry/--2930.html
2932	20240915041318	https://www.historyofceylontea.com/tea-estates/estates-registry/wevekellie--2932.html
2933	20230330202425	https://www.historyofceylontea.com/tea-estates/estates-registry/meddecombra-upper-division--2933.html
2935	20230330205218	https://www.historyofceylontea.com/tea-estates/estates-registry/meddecombra-eastern-division--2935.html
2936	20230321151916	https://www.historyofceylontea.com/tea-estates/estates-registry/meddecombra-worka-store--2936.html
2940	20240301115643	https://www.historyofceylontea.com/tea-estates/estates-registry/meddecombra-poothumalley-division--2940.html
2942	20240725134843	https://www.historyofceylontea.com/tea-estates/estates-registry/meddecombra-south-division--2942.html
2946	20240415095916	https://www.historyofceylontea.com/tea-estates/estates-registry/--2946.html
2947	20240920062002	https://www.historyofceylontea.com/tea-estates/estates-registry/bambragalla--2947.html
2948	20240720090605	https://www.historyofceylontea.com/tea-estates/estates-registry/--2948.html
2950	20220704025920	https://www.historyofceylontea.com/tea-estates/estates-registry/--2950.html
2951	20240619141900	https://www.historyofceylontea.com/tea-estates/estates-registry/--2951.html
2952	20240722055356	https://www.historyofceylontea.com/tea-estates/estates-registry/--2952.html
2953	20240908054919	https://www.historyofceylontea.com/tea-estates/estates-registry/gordon-estate--2953.html
2954	20220704023750	https://www.historyofceylontea.com/tea-estates/estates-registry/--2954.html
2955	20240423045604	https://www.historyofceylontea.com/tea-estates/estates-registry/--2955.html
2957	20240911162205	https://www.historyofceylontea.com/tea-estates/estates-registry/newton--2957.html
2959	20241007233948	https://www.historyofceylontea.com/tea-estates/estates-registry/--2959.html
2961	20241007054736	https://www.historyofceylontea.com/tea-estates/estates-registry/kew--2961.html
2962	20241113130003	https://www.historyofceylontea.com/tea-estates/estates-registry/nithsdale--2962.html
2963	20241016001125	https://www.historyofceylontea.com/tea-estates/estates-registry/--2963.html
2964	20240907135237	https://www.historyofceylontea.com/tea-estates/estates-registry/killarney--2964.html
2965	20240813120724	https://www.historyofceylontea.com/tea-estates/estates-registry/--2965.html
2966	20240911140910	https://www.historyofceylontea.com/tea-estates/estates-registry/--2966.html
2967	20241010102849	https://www.historyofceylontea.com/tea-estates/estates-registry/kotiyagalla--2967.html
2968	20240806230828	https://www.historyofceylontea.com/tea-estates/estates-registry/--2968.html
2969	20211019181500	https://www.historyofceylontea.com/tea-estates/estates-registry/--2969.html
2974	20221007133239	https://www.historyofceylontea.com/tea-estates/estates-registry/leangahaelle--2974.html
2975	20220704122904	https://www.historyofceylontea.com/tea-estates/estates-registry/lathenty-group--2975.html
2976	20240718122600	https://www.historyofceylontea.com/tea-estates/estates-registry/talakotuwa--2976.html
2977	20240809045944	https://www.historyofceylontea.com/tea-estates/estates-registry/loinorn--2977.html
2978	20240915024214	https://www.historyofceylontea.com/tea-estates/estates-registry/--2978.html
2979	20241107073304	https://www.historyofceylontea.com/tea-estates/estates-registry/lynford--2979.html
2980	20221206080136	https://www.historyofceylontea.com/tea-estates/estates-registry/lynsted--2980.html
2981	20240715171153	https://www.historyofceylontea.com/tea-estates/estates-registry/penmynydd--2981.html
2982	20241109075444	https://www.historyofceylontea.com/tea-estates/estates-registry/deaker-s-grant--2982.html
2983	20241109060653	https://www.historyofceylontea.com/tea-estates/estates-registry/morar--2983.html
2984	20240419180105	https://www.historyofceylontea.com/tea-estates/estates-registry/--2984.html
2985	20241011113236	https://www.historyofceylontea.com/tea-estates/estates-registry/--2985.html
2986	20241104220624	https://www.historyofceylontea.com/tea-estates/estates-registry/north-cove-t--2986.html
2987	20241106153059	https://www.historyofceylontea.com/tea-estates/estates-registry/--2987.html
2988	20240720023619	https://www.historyofceylontea.com/tea-estates/estates-registry/--2988.html
2989	20240919214754	https://www.historyofceylontea.com/tea-estates/estates-registry/osborne-incldg-lewer-claverten--2989.html
2991	20240809115736	https://www.historyofceylontea.com/tea-estates/estates-registry/--2991.html
2992	20240811083730	https://www.historyofceylontea.com/tea-estates/estates-registry/panmure--2992.html
2993	20240717162621	https://www.historyofceylontea.com/tea-estates/estates-registry/poolbank--2993.html
2994	20240914153833	https://www.historyofceylontea.com/tea-estates/estates-registry/pertree--2994.html
2998	20241107063545	https://www.historyofceylontea.com/tea-estates/estates-registry/robgill-group--2998.html
3002	20241011065124	https://www.historyofceylontea.com/tea-estates/estates-registry/rothes--3002.html
3004	20220528114349	https://www.historyofceylontea.com/tea-estates/estates-registry/--3004.html
3005	20240805190423	https://www.historyofceylontea.com/tea-estates/estates-registry/del-rey--3005.html
3012	20210725133008	https://www.historyofceylontea.com/tea-estates/estates-registry/st-leys--3012.html
3013	20200921162651	https://www.historyofceylontea.com/tea-estates/estates-registry/--3013.html
3014	20240722151839	https://www.historyofceylontea.com/tea-estates/estates-registry/--3014.html
3015	20240911160225	https://www.historyofceylontea.com/tea-estates/estates-registry/--3015.html
3016	20240907151226	https://www.historyofceylontea.com/tea-estates/estates-registry/strathdon--3016.html
3018	20240809182727	https://www.historyofceylontea.com/tea-estates/estates-registry/theresia--3018.html
3019	20241007043342	https://www.historyofceylontea.com/tea-estates/estates-registry/tientsin--3019.html
3021	20240616235218	https://www.historyofceylontea.com/tea-estates/estates-registry/venture-group-incldg-lawrence--3021.html
3022	20240815052737	https://www.historyofceylontea.com/tea-estates/estates-registry/wanarajah-group--3022.html
3024	20220526231855	https://www.historyofceylontea.com/tea-estates/estates-registry/wanarajah-south--3024.html
3025	20241007231324	https://www.historyofceylontea.com/tea-estates/estates-registry/warleigh--3025.html
3027	20240715033020	https://www.historyofceylontea.com/tea-estates/estates-registry/horawala--3027.html
3028	20241113124639	https://www.historyofceylontea.com/tea-estates/estates-registry/--3028.html
3032	20230127141631	https://www.historyofceylontea.com/tea-estates/estates-registry/pasbage--3032.html
3035	20220927195020	https://www.historyofceylontea.com/tea-estates/estates-registry/--3035.html
3039	20241102080937	https://www.historyofceylontea.com/tea-estates/estates-registry/rosita--3039.html
3041	20240915222634	https://www.historyofceylontea.com/tea-estates/estates-registry/--3041.html
3042	20240908155255	https://www.historyofceylontea.com/tea-estates/estates-registry/--3042.html
3043	20240521193152	https://www.historyofceylontea.com/tea-estates/estates-registry/castlereagh--3043.html
3044	20240720044206	https://www.historyofceylontea.com/tea-estates/estates-registry/cameron-s-land--3044.html
3045	20241112184957	https://www.historyofceylontea.com/tea-estates/estates-registry/chalcot--3045.html
3047	20241106142609	https://www.historyofceylontea.com/tea-estates/estates-registry/--3047.html
3048	20180831191225	http://www.historyofceylontea.com:80/tea-estates/estates-registry/kakirikanda--3048.html
3049	20241106153508	https://www.historyofceylontea.com/tea-estates/estates-registry/--3049.html
3051	20230208072245	https://www.historyofceylontea.com/tea-estates/estates-registry/scalpa--3051.html
3052	20241110032111	https://www.historyofceylontea.com/tea-estates/estates-registry/kosgallekande--3052.html
3053	20221007131124	https://www.historyofceylontea.com/tea-estates/estates-registry/suringawatta--3053.html
3054	20240723112503	https://www.historyofceylontea.com/tea-estates/estates-registry/labugolla--3054.html
3055	20210725131928	https://www.historyofceylontea.com/tea-estates/estates-registry/duke--3055.html
3057	20240912053225	https://www.historyofceylontea.com/tea-estates/estates-registry/--3057.html
3060	20240812075840	https://www.historyofceylontea.com/tea-estates/estates-registry/--3060.html
3061	20241112194855	https://www.historyofceylontea.com/tea-estates/estates-registry/st-andrews--3061.html
3062	20240918152030	https://www.historyofceylontea.com/tea-estates/estates-registry/ellbedde-east-and-west--3062.html
3065	20230930023434	https://www.historyofceylontea.com/tea-estates/estates-registry/bandong--3065.html
3066	20240809131038	https://www.historyofceylontea.com/tea-estates/estates-registry/st-clair--3066.html
3068	20240912090639	https://www.historyofceylontea.com/tea-estates/estates-registry/--3068.html
3070	20240912094843	https://www.historyofceylontea.com/tea-estates/estates-registry/grant-s-land--3070.html
3071	20240803171525	https://www.historyofceylontea.com/tea-estates/estates-registry/gonagalla--3071.html
3072	20241004122303	https://www.historyofceylontea.com/tea-estates/estates-registry/yahalatenne--3072.html
3073	20230208073824	https://www.historyofceylontea.com/tea-estates/estates-registry/brampton--3073.html
3074	20240803161723	https://www.historyofceylontea.com/tea-estates/estates-registry/st-comba--3074.html
3076	20201127114837	https://www.historyofceylontea.com/tea-estates/estates-registry/st-george--3076.html
3077	20241106140314	https://www.historyofceylontea.com/tea-estates/estates-registry/--3077.html
3079	20240920170750	https://www.historyofceylontea.com/tea-estates/estates-registry/hiralouvah--3079.html
3083	20220814060850	https://www.historyofceylontea.com/tea-estates/estates-registry/maminadolla--3083.html
3087	20240525200018	https://www.historyofceylontea.com/tea-estates/estates-registry/king-s-lynn-group--3087.html
3089	20220815014534	https://www.historyofceylontea.com/tea-estates/estates-registry/hindogalla--3089.html
3090	20240720044632	https://www.historyofceylontea.com/tea-estates/estates-registry/st-regulus--3090.html
3094	20240918144257	https://www.historyofceylontea.com/tea-estates/estates-registry/--3094.html
3095	20241016063352	https://www.historyofceylontea.com/tea-estates/estates-registry/somerset--3095.html
3096	20240423045505	https://www.historyofceylontea.com/tea-estates/estates-registry/hurlingham--3096.html
3098	20240522141629	https://www.historyofceylontea.com/tea-estates/estates-registry/springkell--3098.html
3099	20240528072931	https://www.historyofceylontea.com/tea-estates/estates-registry/--3099.html
3102	20241007053849	https://www.historyofceylontea.com/tea-estates/estates-registry/moulvie--3102.html
3104	20241004124405	https://www.historyofceylontea.com/tea-estates/estates-registry/stair--3104.html
3106	20240916021910	https://www.historyofceylontea.com/tea-estates/estates-registry/new-kinsgton--3106.html
3107	20241006191321	https://www.historyofceylontea.com/tea-estates/estates-registry/kalugalla--3107.html
3113	20240916235013	https://www.historyofceylontea.com/tea-estates/estates-registry/overton--3113.html
3119	20241007055708	https://www.historyofceylontea.com/tea-estates/estates-registry/nakiyadeniya--3119.html
3121	20240812064439	https://www.historyofceylontea.com/tea-estates/estates-registry/ardlaw--3121.html
3123	20241006174744	https://www.historyofceylontea.com/tea-estates/estates-registry/fankerton--3123.html
3125	20241112170110	https://www.historyofceylontea.com/tea-estates/estates-registry/--3125.html
3126	20240722151750	https://www.historyofceylontea.com/tea-estates/estates-registry/--3126.html
3127	20241005060012	https://www.historyofceylontea.com/tea-estates/estates-registry/craigie-lea-forest-creek--3127.html
3128	20240719145550	https://www.historyofceylontea.com/tea-estates/estates-registry/--3128.html
3130	20200921155933	https://www.historyofceylontea.com/tea-estates/estates-registry/--3130.html
3132	20240419194037	https://www.historyofceylontea.com/tea-estates/estates-registry/--3132.html
3133	20220706003930	https://www.historyofceylontea.com/tea-estates/estates-registry/mossend--3133.html
3134	20240916001313	https://www.historyofceylontea.com/tea-estates/estates-registry/paramatta--3134.html
3135	20241110012409	https://www.historyofceylontea.com/tea-estates/estates-registry/portree--3135.html
3136	20240916234323	https://www.historyofceylontea.com/tea-estates/estates-registry/meeriatenne--3136.html
3138	20240617001007	https://www.historyofceylontea.com/tea-estates/estates-registry/ampittiakande--3138.html
3139	20241102092649	https://www.historyofceylontea.com/tea-estates/estates-registry/arnhall--3139.html
3140	20240918141520	https://www.historyofceylontea.com/tea-estates/estates-registry/talbot-s-land--3140.html
3141	20200921165132	https://www.historyofceylontea.com/tea-estates/estates-registry/letchumwattie--3141.html
3142	20241004211129	https://www.historyofceylontea.com/tea-estates/estates-registry/meeriakandura--3142.html
3145	20231211101323	https://www.historyofceylontea.com/tea-estates/estates-registry/avon--3145.html
3147	20240916223410	https://www.historyofceylontea.com/tea-estates/estates-registry/vellekelle--3147.html
3148	20240814193801	https://www.historyofceylontea.com/tea-estates/estates-registry/--3148.html
3149	20240810063415	https://www.historyofceylontea.com/tea-estates/estates-registry/nagrak--3149.html
3151	20241008005212	https://www.historyofceylontea.com/tea-estates/estates-registry/wallaha--3151.html
3152	20240915044211	https://www.historyofceylontea.com/tea-estates/estates-registry/--3152.html
3155	20241113161536	https://www.historyofceylontea.com/tea-estates/estates-registry/batgodde--3155.html
3156	20240615120749	https://www.historyofceylontea.com/tea-estates/estates-registry/nonpareil--3156.html
3157	20240615105127	https://www.historyofceylontea.com/tea-estates/estates-registry/manickwatte--3157.html
3162	20240813130037	https://www.historyofceylontea.com/tea-estates/estates-registry/aislaby--3162.html
3165	20170804164344	http://www.historyofceylontea.com:80/tea-estates/estates-registry/ampitiatenne--3165.html
3167	20241016005838	https://www.historyofceylontea.com/tea-estates/estates-registry/ohiya-lower--3167.html
3168	20191209084201	https://www.historyofceylontea.com/tea-estates/estates-registry/--3168.html
3173	20240815064839	https://www.historyofceylontea.com/tea-estates/estates-registry/aden--3173.html
3174	20240915025643	https://www.historyofceylontea.com/tea-estates/estates-registry/--3174.html
3175	20241113093823	https://www.historyofceylontea.com/tea-estates/estates-registry/balagolla-ella--3175.html
3177	20240714105333	https://www.historyofceylontea.com/tea-estates/estates-registry/meenerakande--3177.html
3180	20240624203038	https://www.historyofceylontea.com/tea-estates/estates-registry/morogalla--3180.html
3181	20240915033444	https://www.historyofceylontea.com/tea-estates/estates-registry/--3181.html
3182	20230329031533	https://www.historyofceylontea.com/tea-estates/estates-registry/ohiya-upper-lower-giniheriya--3182.html
3183	20230327144318	https://www.historyofceylontea.com/tea-estates/estates-registry/ratmaherre--3183.html
3185	20240916033606	https://www.historyofceylontea.com/tea-estates/estates-registry/yarravale--3185.html
3186	20240618192530	https://www.historyofceylontea.com/tea-estates/estates-registry/berragalla--3186.html
3189	20240521231142	https://www.historyofceylontea.com/tea-estates/estates-registry/blackwood--3189.html
3193	20201023052108	https://www.historyofceylontea.com/tea-estates/estates-registry/ratmaherre-kelle--3193.html
3194	20201023045007	https://www.historyofceylontea.com/tea-estates/estates-registry/--3194.html
3195	20241016003742	https://www.historyofceylontea.com/tea-estates/estates-registry/--3195.html
3196	20240723110303	https://www.historyofceylontea.com/tea-estates/estates-registry/craig--3196.html
3197	20240814200550	https://www.historyofceylontea.com/tea-estates/estates-registry/egedekande--3197.html
3198	20240805023427	https://www.historyofceylontea.com/tea-estates/estates-registry/udaveria--3198.html
3199	20241004120126	https://www.historyofceylontea.com/tea-estates/estates-registry/west-haputale--3199.html
3200	20240809114751	https://www.historyofceylontea.com/tea-estates/estates-registry/--3200.html
3203	20240911163445	https://www.historyofceylontea.com/tea-estates/estates-registry/maha-dambatenne--3203.html
3204	20241110192348	https://www.historyofceylontea.com/tea-estates/estates-registry/riseland--3204.html
3210	20230205205846	https://www.historyofceylontea.com/tea-estates/estates-registry/deaculla--3210.html
3212	20230127135756	https://www.historyofceylontea.com/tea-estates/estates-registry/deemaya-group--3212.html
3213	20240810065059	https://www.historyofceylontea.com/tea-estates/estates-registry/aadneven--3213.html
3215	20241227112740	https://www.historyofceylontea.com/tea-estates/estates-registry/doteloya--3215.html
3219	20240811081738	https://www.historyofceylontea.com/tea-estates/estates-registry/berar--3219.html
3221	20241009213500	https://www.historyofceylontea.com/tea-estates/estates-registry/callander--3221.html
3227	20200921163514	https://www.historyofceylontea.com/tea-estates/estates-registry/--3227.html
3231	20241005054029	https://www.historyofceylontea.com/tea-estates/estates-registry/gonamotawa--3231.html
3233	20240815063517	https://www.historyofceylontea.com/tea-estates/estates-registry/--3233.html
3234	20241007234936	https://www.historyofceylontea.com/tea-estates/estates-registry/haldummulle--3234.html
3235	20240914144858	https://www.historyofceylontea.com/tea-estates/estates-registry/agrapatana--3235.html
3236	20220704060057	https://www.historyofceylontea.com/tea-estates/estates-registry/--3236.html
3239	20241004111028	https://www.historyofceylontea.com/tea-estates/estates-registry/agra-ouvah--3239.html
3240	20240912083813	https://www.historyofceylontea.com/tea-estates/estates-registry/horagonne--3240.html
3241	20240915225547	https://www.historyofceylontea.com/tea-estates/estates-registry/--3241.html
3242	20240920065621	https://www.historyofceylontea.com/tea-estates/estates-registry/denegamme--3242.html
3243	20240624194138	https://www.historyofceylontea.com/tea-estates/estates-registry/idulgashena--3243.html
3244	20240805192804	https://www.historyofceylontea.com/tea-estates/estates-registry/sinnegodde-and-bellevue--3244.html
3246	20240809120324	https://www.historyofceylontea.com/tea-estates/estates-registry/ettric--3246.html
3248	20240718105217	https://www.historyofceylontea.com/tea-estates/estates-registry/kahambillia--3248.html
3252	20240803162601	https://www.historyofceylontea.com/tea-estates/estates-registry/--3252.html
3255	20240722150414	https://www.historyofceylontea.com/tea-estates/estates-registry/keenapitiya--3255.html
3258	20241013001741	https://www.historyofceylontea.com/tea-estates/estates-registry/kelburne-group--3258.html
3261	20241013020124	https://www.historyofceylontea.com/tea-estates/estates-registry/gallagamma--3261.html
3262	20240615201319	https://www.historyofceylontea.com/tea-estates/estates-registry/--3262.html
3264	20241007050549	https://www.historyofceylontea.com/tea-estates/estates-registry/st-leys--3264.html
3265	20241109081036	https://www.historyofceylontea.com/tea-estates/estates-registry/koslanda--3265.html
3267	20241016020325	https://www.historyofceylontea.com/tea-estates/estates-registry/genikeriya--3267.html
3269	20241007041709	https://www.historyofceylontea.com/tea-estates/estates-registry/leangawella--3269.html
3270	20241008005455	https://www.historyofceylontea.com/tea-estates/estates-registry/galbokka--3270.html
3272	20241110012052	https://www.historyofceylontea.com/tea-estates/estates-registry/lunugalla--3272.html
3273	20260125022741	https://www.historyofceylontea.com/tea-estates/estates-registry/macaldeniya--3273.html
3274	20241110191234	https://www.historyofceylontea.com/tea-estates/estates-registry/st-leonards-on-sea--3274.html
3275	20240721173829	https://www.historyofceylontea.com/tea-estates/estates-registry/begelly--3275.html
3278	20240915032341	https://www.historyofceylontea.com/tea-estates/estates-registry/huanuco--3278.html
3280	20211018082911	https://www.historyofceylontea.com/tea-estates/estates-registry/--3280.html
3282	20230607220654	https://www.historyofceylontea.com/tea-estates/estates-registry/--3282.html
3285	20240620055152	https://www.historyofceylontea.com/tea-estates/estates-registry/glennimond--3285.html
3288	20241004203656	https://www.historyofceylontea.com/tea-estates/estates-registry/miriswatte--3288.html
3289	20241004122038	https://www.historyofceylontea.com/tea-estates/estates-registry/monarakande--3289.html
3292	20241104050620	https://www.historyofceylontea.com/tea-estates/estates-registry/keenagala-ella--3292.html
3294	20240302103210	https://www.historyofceylontea.com/tea-estates/estates-registry/--3294.html
3297	20240721160158	https://www.historyofceylontea.com/tea-estates/estates-registry/lentran--3297.html
3298	20240915040909	https://www.historyofceylontea.com/tea-estates/estates-registry/tillyeairn--3298.html
3302	20240809131240	https://www.historyofceylontea.com/tea-estates/estates-registry/needwood-group--3302.html
3303	20221126190554	https://www.historyofceylontea.com/tea-estates/estates-registry/udagama--3303.html
3304	20200927210351	https://www.historyofceylontea.com/tea-estates/estates-registry/--3304.html
3308	20240715025938	https://www.historyofceylontea.com/tea-estates/estates-registry/dorothea--3308.html
3309	20241104060439	https://www.historyofceylontea.com/tea-estates/estates-registry/oakwell--3309.html
3311	20201026104352	https://www.historyofceylontea.com/tea-estates/estates-registry/niadova--3311.html
3312	20240722133712	https://www.historyofceylontea.com/tea-estates/estates-registry/--3312.html
3314	20240809064201	https://www.historyofceylontea.com/tea-estates/estates-registry/pita-ratmalie--3314.html
3318	20240416205158	https://www.historyofceylontea.com/tea-estates/estates-registry/bombaheena-and-ratkarawa--3318.html
3320	20190502113728	https://www.historyofceylontea.com/tea-estates/estates-registry/roehampton--3320.html
3321	20241102073445	https://www.historyofceylontea.com/tea-estates/estates-registry/yelatenne-lot-no-7395--3321.html
3323	20241105171459	https://www.historyofceylontea.com/tea-estates/estates-registry/dunlow--3323.html
3325	20241104054414	https://www.historyofceylontea.com/tea-estates/estates-registry/yelatenne-lot-no7387--3325.html
3326	20240912095430	https://www.historyofceylontea.com/tea-estates/estates-registry/yelatenne-lot-no-7388--3326.html
3329	20240912232708	https://www.historyofceylontea.com/tea-estates/estates-registry/sherwood--3329.html
3332	20241016014604	https://www.historyofceylontea.com/tea-estates/estates-registry/elstree--3332.html
3334	20240418075008	https://www.historyofceylontea.com/tea-estates/estates-registry/--3334.html
3339	20240915043105	https://www.historyofceylontea.com/tea-estates/estates-registry/--3339.html
3340	20241011050923	https://www.historyofceylontea.com/tea-estates/estates-registry/talipotenne--3340.html
3343	20241007053617	https://www.historyofceylontea.com/tea-estates/estates-registry/thotullagalla--3343.html
3345	20240913060617	https://www.historyofceylontea.com/tea-estates/estates-registry/udahena--3345.html
3351	20240720091646	https://www.historyofceylontea.com/tea-estates/estates-registry/wiharegalla--3351.html
3352	20220811230530	https://www.historyofceylontea.com/tea-estates/estates-registry/--3352.html
3353	20220813181257	https://www.historyofceylontea.com/tea-estates/estates-registry/--3353.html
3354	20240718110636	https://www.historyofceylontea.com/tea-estates/estates-registry/wiharatenna--3354.html
3358	20241106142530	https://www.historyofceylontea.com/tea-estates/estates-registry/--3358.html
3360	20230327135837	https://www.historyofceylontea.com/tea-estates/estates-registry/--3360.html
3361	20240522150648	https://www.historyofceylontea.com/tea-estates/estates-registry/craniey-upper--3361.html
3363	20230127144951	https://www.historyofceylontea.com/tea-estates/estates-registry/beauvais--3363.html
3370	20240417092226	https://www.historyofceylontea.com/tea-estates/estates-registry/berrugalla--3370.html
3371	20210725124306	https://www.historyofceylontea.com/tea-estates/estates-registry/garbaun--3371.html
3372	20241016012910	https://www.historyofceylontea.com/tea-estates/estates-registry/bogieside--3372.html
3374	20240420221042	https://www.historyofceylontea.com/tea-estates/estates-registry/cabragalla--3374.html
3375	20191207123908	https://www.historyofceylontea.com/tea-estates/estates-registry/--3375.html
3377	20240518063350	https://www.historyofceylontea.com/tea-estates/estates-registry/catton--3377.html
3379	20211026120301	https://www.historyofceylontea.com/tea-estates/estates-registry/--3379.html
3386	20240420064933	https://www.historyofceylontea.com/tea-estates/estates-registry/easdale--3386.html
3387	20240911153115	https://www.historyofceylontea.com/tea-estates/estates-registry/--3387.html
3388	20241007051902	https://www.historyofceylontea.com/tea-estates/estates-registry/elgin-kelly-hill--3388.html
3389	20240916014617	https://www.historyofceylontea.com/tea-estates/estates-registry/delgama--3389.html
3390	20241110032426	https://www.historyofceylontea.com/tea-estates/estates-registry/dicapittia--3390.html
3391	20220814055415	https://www.historyofceylontea.com/tea-estates/estates-registry/fassifern--3391.html
3392	20240803161653	https://www.historyofceylontea.com/tea-estates/estates-registry/hilton--3392.html
3393	20240715184109	https://www.historyofceylontea.com/tea-estates/estates-registry/diaculla--3393.html
3394	20241012093238	https://www.historyofceylontea.com/tea-estates/estates-registry/--3394.html
3396	20240809054005	https://www.historyofceylontea.com/tea-estates/estates-registry/fellside--3396.html
3397	20240814210551	https://www.historyofceylontea.com/tea-estates/estates-registry/--3397.html
3398	20240715044752	https://www.historyofceylontea.com/tea-estates/estates-registry/hauteville-d57--3398.html
3400	20241110013438	https://www.historyofceylontea.com/tea-estates/estates-registry/henfold--3400.html
3401	20221129115351	https://www.historyofceylontea.com/tea-estates/estates-registry/--3401.html
3404	20241009230933	https://www.historyofceylontea.com/tea-estates/estates-registry/bombragalla--3404.html
3405	20220704003123	https://www.historyofceylontea.com/tea-estates/estates-registry/henfold-and-s-regulus-t-till--3405.html
3406	20240301115255	https://www.historyofceylontea.com/tea-estates/estates-registry/--3406.html
3407	20240720084145	https://www.historyofceylontea.com/tea-estates/estates-registry/golconda--3407.html
3408	20240814194510	https://www.historyofceylontea.com/tea-estates/estates-registry/--3408.html
3410	20240908153426	https://www.historyofceylontea.com/tea-estates/estates-registry/happootella--3410.html
3411	20240912082118	https://www.historyofceylontea.com/tea-estates/estates-registry/cole-s-block--3411.html
3412	20240615211259	https://www.historyofceylontea.com/tea-estates/estates-registry/katook-ella--3412.html
3413	20241105162153	https://www.historyofceylontea.com/tea-estates/estates-registry/kahagalla--3413.html
3414	20221210020221	https://www.historyofceylontea.com/tea-estates/estates-registry/--3414.html
3415	20240920175751	https://www.historyofceylontea.com/tea-estates/estates-registry/kitoolkelle--3415.html
3416	20240619143730	https://www.historyofceylontea.com/tea-estates/estates-registry/--3416.html
3417	20220524224907	https://www.historyofceylontea.com/tea-estates/estates-registry/morske--3417.html
3418	20240911175404	https://www.historyofceylontea.com/tea-estates/estates-registry/mahakanda-and-kandapolla--3418.html
3419	20240812080607	https://www.historyofceylontea.com/tea-estates/estates-registry/marlborough--3419.html
3420	20220704025356	https://www.historyofceylontea.com/tea-estates/estates-registry/--3420.html
3421	20241013010620	https://www.historyofceylontea.com/tea-estates/estates-registry/malvern--3421.html
3427	20241012102925	https://www.historyofceylontea.com/tea-estates/estates-registry/meeriabedde-east-west--3427.html
3428	20241016002636	https://www.historyofceylontea.com/tea-estates/estates-registry/--3428.html
3429	20230331232443	https://www.historyofceylontea.com/tea-estates/estates-registry/montefiore--3429.html
3430	20240916034224	https://www.historyofceylontea.com/tea-estates/estates-registry/land-s-end--3430.html
3433	20240912231303	https://www.historyofceylontea.com/tea-estates/estates-registry/mousakelle--3433.html
3435	20241005091937	https://www.historyofceylontea.com/tea-estates/estates-registry/--3435.html
3436	20240915042327	https://www.historyofceylontea.com/tea-estates/estates-registry/--3436.html
3437	20240907150421	https://www.historyofceylontea.com/tea-estates/estates-registry/nahkettia--3437.html
3438	20240807181404	https://www.historyofceylontea.com/tea-estates/estates-registry/deaker-s-grant--3438.html
3440	20240911125116	https://www.historyofceylontea.com/tea-estates/estates-registry/--3440.html
3441	20241106143901	https://www.historyofceylontea.com/tea-estates/estates-registry/--3441.html
3442	20241007055744	https://www.historyofceylontea.com/tea-estates/estates-registry/needwood-forest--3442.html
3443	20241005061855	https://www.historyofceylontea.com/tea-estates/estates-registry/poyston--3443.html
3446	20240617013235	https://www.historyofceylontea.com/tea-estates/estates-registry/ormiston--3446.html
3447	20240912222040	https://www.historyofceylontea.com/tea-estates/estates-registry/macduff--3447.html
3448	20240715042713	https://www.historyofceylontea.com/tea-estates/estates-registry/--3448.html
3449	20220528101934	https://www.historyofceylontea.com/tea-estates/estates-registry/--3449.html
3450	20240918140419	https://www.historyofceylontea.com/tea-estates/estates-registry/poonagalla--3450.html
3453	20210725123449	https://www.historyofceylontea.com/tea-estates/estates-registry/st-lys--3453.html
3455	20200921153642	https://www.historyofceylontea.com/tea-estates/estates-registry/--3455.html
3456	20241009221827	https://www.historyofceylontea.com/tea-estates/estates-registry/sherne--3456.html
3461	20241016013827	https://www.historyofceylontea.com/tea-estates/estates-registry/ohiya--3461.html
3463	20240912081907	https://www.historyofceylontea.com/tea-estates/estates-registry/ranasinghakelley--3463.html
3467	20241013004447	https://www.historyofceylontea.com/tea-estates/estates-registry/strathmore--3467.html
3469	20221007120430	https://www.historyofceylontea.com/tea-estates/estates-registry/--3469.html
3470	20230202152356	https://www.historyofceylontea.com/tea-estates/estates-registry/venture-upper--3470.html
3471	20240614212237	https://www.historyofceylontea.com/tea-estates/estates-registry/wana-raja--3471.html
3472	20240714041051	https://www.historyofceylontea.com/tea-estates/estates-registry/meddecombra-new-middle-division--3472.html
3476	20240722040315	https://www.historyofceylontea.com/tea-estates/estates-registry/ernest-valley--3476.html
3479	20240301140854	https://www.historyofceylontea.com/tea-estates/estates-registry/gallahakelle--3479.html
3482	20241110030729	https://www.historyofceylontea.com/tea-estates/estates-registry/hanguranketta-group--3482.html
3488	20220813154559	https://www.historyofceylontea.com/tea-estates/estates-registry/rahatungoda-group--3488.html
3492	20240810211127	https://www.historyofceylontea.com/tea-estates/estates-registry/rockwood-group--3492.html
3496	20240815054201	https://www.historyofceylontea.com/tea-estates/estates-registry/wilpasse--3496.html
3505	20241011053112	https://www.historyofceylontea.com/tea-estates/estates-registry/weemalle--3505.html
3506	20220813152744	https://www.historyofceylontea.com/tea-estates/estates-registry/--3506.html
3509	20240912082259	https://www.historyofceylontea.com/tea-estates/estates-registry/--3509.html
3513	20241113074607	https://www.historyofceylontea.com/tea-estates/estates-registry/happansha--3513.html
3517	20220521025422	https://www.historyofceylontea.com/tea-estates/estates-registry/broughton--3517.html
3518	20241106153543	https://www.historyofceylontea.com/tea-estates/estates-registry/--3518.html
3519	20240523122431	https://www.historyofceylontea.com/tea-estates/estates-registry/pittenweem--3519.html
3520	20240617190002	https://www.historyofceylontea.com/tea-estates/estates-registry/--3520.html
3522	20240625063943	https://www.historyofceylontea.com/tea-estates/estates-registry/portmore--3522.html
3524	20240423054212	https://www.historyofceylontea.com/tea-estates/estates-registry/--3524.html
3525	20240908055829	https://www.historyofceylontea.com/tea-estates/estates-registry/powys-land--3525.html
3526	20250730170410	https://www.historyofceylontea.com/tea-estates/estates-registry/coslanda--3526.html
3528	20200813002254	https://www.historyofceylontea.com/tea-estates/estates-registry/--3528.html
3530	20241006205949	https://www.historyofceylontea.com/tea-estates/estates-registry/--3530.html
3531	20220526232850	https://www.historyofceylontea.com/tea-estates/estates-registry/--3531.html
3532	20240919201844	https://www.historyofceylontea.com/tea-estates/estates-registry/daminatenne--3532.html
3534	20240907135202	https://www.historyofceylontea.com/tea-estates/estates-registry/keenagaswatte--3534.html
3535	20240415101714	https://www.historyofceylontea.com/tea-estates/estates-registry/yelatenne-w33--3535.html
3536	20210616102448	https://www.historyofceylontea.com/tea-estates/estates-registry/--3536.html
3538	20241004214215	https://www.historyofceylontea.com/tea-estates/estates-registry/--3538.html
3539	20240229030914	https://www.historyofceylontea.com/tea-estates/estates-registry/golconda-and-avon--3539.html
3540	20240912232258	https://www.historyofceylontea.com/tea-estates/estates-registry/--3540.html
3541	20240721162840	https://www.historyofceylontea.com/tea-estates/estates-registry/rahanwatte--3541.html
3542	20240915031912	https://www.historyofceylontea.com/tea-estates/estates-registry/--3542.html
3543	20240615112302	https://www.historyofceylontea.com/tea-estates/estates-registry/--3543.html
3545	20190824200349	https://www.historyofceylontea.com/tea-estates/estates-registry/--3545.html
3546	20240716010426	https://www.historyofceylontea.com/tea-estates/estates-registry/hockworthy--3546.html
3547	20240915033616	https://www.historyofceylontea.com/tea-estates/estates-registry/--3547.html
3548	20241004220432	https://www.historyofceylontea.com/tea-estates/estates-registry/moragalla--3548.html
3549	20240912231011	https://www.historyofceylontea.com/tea-estates/estates-registry/sealpa--3549.html
3552	20240518063507	https://www.historyofceylontea.com/tea-estates/estates-registry/--3552.html
3554	20240518073436	https://www.historyofceylontea.com/tea-estates/estates-registry/indulgaspatana--3554.html
3557	20241016005041	https://www.historyofceylontea.com/tea-estates/estates-registry/--3557.html
3559	20240911162032	https://www.historyofceylontea.com/tea-estates/estates-registry/laymastotte--3559.html
3560	20241011033926	https://www.historyofceylontea.com/tea-estates/estates-registry/layegrove--3560.html
3564	20240719153216	https://www.historyofceylontea.com/tea-estates/estates-registry/st-margarets--3564.html
3567	20201022233306	https://www.historyofceylontea.com/tea-estates/estates-registry/--3567.html
3568	20240622040756	https://www.historyofceylontea.com/tea-estates/estates-registry/meeriyabedda-east-west-upper--3568.html
3569	20200921164324	https://www.historyofceylontea.com/tea-estates/estates-registry/--3569.html
3573	20200921154448	https://www.historyofceylontea.com/tea-estates/estates-registry/pelgahalanda--3573.html
3574	20240806235253	https://www.historyofceylontea.com/tea-estates/estates-registry/--3574.html
3575	20241109081841	https://www.historyofceylontea.com/tea-estates/estates-registry/nahavilla--3575.html
3576	20240908054326	https://www.historyofceylontea.com/tea-estates/estates-registry/--3576.html
3577	20231211165254	https://www.historyofceylontea.com/tea-estates/estates-registry/puattgahamaddi--3577.html
3585	20240915042627	https://www.historyofceylontea.com/tea-estates/estates-registry/tillicairn--3585.html
3590	20240915041524	https://www.historyofceylontea.com/tea-estates/estates-registry/--3590.html
3593	20240915030843	https://www.historyofceylontea.com/tea-estates/estates-registry/--3593.html
3594	20230131110750	https://www.historyofceylontea.com/tea-estates/estates-registry/agar-s-land--3594.html
3595	20200812005602	https://www.historyofceylontea.com/tea-estates/estates-registry/amunamooli--3595.html
3597	20240912083736	https://www.historyofceylontea.com/tea-estates/estates-registry/bamberalalkande--3597.html
3600	20240812195930	https://www.historyofceylontea.com/tea-estates/estates-registry/clarendon--3600.html
3601	20241016073254	https://www.historyofceylontea.com/tea-estates/estates-registry/debroogbur--3601.html
3602	20240419180831	https://www.historyofceylontea.com/tea-estates/estates-registry/--3602.html
3603	20240615104220	https://www.historyofceylontea.com/tea-estates/estates-registry/--3603.html
3604	20240914140858	https://www.historyofceylontea.com/tea-estates/estates-registry/detenagalla--3604.html
3606	20241012094423	https://www.historyofceylontea.com/tea-estates/estates-registry/kirimetia--3606.html
3607	20240809181427	https://www.historyofceylontea.com/tea-estates/estates-registry/dick-mukelane--3607.html
3608	20240920074539	https://www.historyofceylontea.com/tea-estates/estates-registry/maha-oya--3608.html
3611	20241008004822	https://www.historyofceylontea.com/tea-estates/estates-registry/--3611.html
3612	20240807183058	https://www.historyofceylontea.com/tea-estates/estates-registry/dik-mukelane--3612.html
3613	20230206060155	https://www.historyofceylontea.com/tea-estates/estates-registry/--3613.html
3614	20240813114108	https://www.historyofceylontea.com/tea-estates/estates-registry/donhead-fawnhope--3614.html
3619	20240617191020	https://www.historyofceylontea.com/tea-estates/estates-registry/drumlanrig--3619.html
3620	20240720044256	https://www.historyofceylontea.com/tea-estates/estates-registry/marymount--3620.html
3625	20241104214710	https://www.historyofceylontea.com/tea-estates/estates-registry/--3625.html
3626	20241011113117	https://www.historyofceylontea.com/tea-estates/estates-registry/neuga-candura--3626.html
3631	20241109075407	https://www.historyofceylontea.com/tea-estates/estates-registry/yakabendekelle--3631.html
3636	20240724175741	https://www.historyofceylontea.com/tea-estates/estates-registry/amunamulla--3636.html
3637	20180609180240	http://www.historyofceylontea.com:80/tea-estates/estates-registry/ferndale--3637.html
3642	20241105172735	https://www.historyofceylontea.com/tea-estates/estates-registry/--3642.html
3644	20241110020000	https://www.historyofceylontea.com/tea-estates/estates-registry/--3644.html
3652	20240911123016	https://www.historyofceylontea.com/tea-estates/estates-registry/rose--3652.html
3653	20241104215958	https://www.historyofceylontea.com/tea-estates/estates-registry/shamrock--3653.html
3654	20240908053034	https://www.historyofceylontea.com/tea-estates/estates-registry/thistle--3654.html
3655	20241005070846	https://www.historyofceylontea.com/tea-estates/estates-registry/abbotsleigh--3655.html
3656	20240914141531	https://www.historyofceylontea.com/tea-estates/estates-registry/hope-tea--3656.html
3657	20240618065727	https://www.historyofceylontea.com/tea-estates/estates-registry/katukitula--3657.html
3658	20240714104404	https://www.historyofceylontea.com/tea-estates/estates-registry/wevatenne--3658.html
3659	20240617000212	https://www.historyofceylontea.com/tea-estates/estates-registry/gala-uda--3659.html
3668	20180609175127	http://www.historyofceylontea.com:80/tea-estates/estates-registry/hopewell-new--3668.html
3671	20220706224433	https://www.historyofceylontea.com/tea-estates/estates-registry/--3671.html
3672	20240803171323	https://www.historyofceylontea.com/tea-estates/estates-registry/antigua--3672.html
3674	20191207123709	https://www.historyofceylontea.com/tea-estates/estates-registry/--3674.html
3676	20240715181953	https://www.historyofceylontea.com/tea-estates/estates-registry/--3676.html
3678	20221129103110	https://www.historyofceylontea.com/tea-estates/estates-registry/--3678.html
3680	20241005060342	https://www.historyofceylontea.com/tea-estates/estates-registry/--3680.html
3681	20240916023819	https://www.historyofceylontea.com/tea-estates/estates-registry/--3681.html
3682	20240524105348	https://www.historyofceylontea.com/tea-estates/estates-registry/--3682.html
3683	20220706015902	https://www.historyofceylontea.com/tea-estates/estates-registry/--3683.html
3684	20240812064932	https://www.historyofceylontea.com/tea-estates/estates-registry/--3684.html
3685	20240618182626	https://www.historyofceylontea.com/tea-estates/estates-registry/--3685.html
3687	20220706014518	https://www.historyofceylontea.com/tea-estates/estates-registry/--3687.html
3690	20241016003130	https://www.historyofceylontea.com/tea-estates/estates-registry/--3690.html
3699	20241011114359	https://www.historyofceylontea.com/tea-estates/estates-registry/bogawantalawa-estate--3699.html
3701	20240916025814	https://www.historyofceylontea.com/tea-estates/estates-registry/--3701.html
3702	20240913052104	https://www.historyofceylontea.com/tea-estates/estates-registry/llandast--3702.html
3706	20241004212008	https://www.historyofceylontea.com/tea-estates/estates-registry/ledgerland--3706.html
3707	20240714095038	https://www.historyofceylontea.com/tea-estates/estates-registry/darrawella--3707.html
3709	20241013010101	https://www.historyofceylontea.com/tea-estates/estates-registry/--3709.html
3710	20220812004958	https://www.historyofceylontea.com/tea-estates/estates-registry/dorothea--3710.html
3711	20240714042743	https://www.historyofceylontea.com/tea-estates/estates-registry/ambiamana--3711.html
3713	20221203154716	https://www.historyofceylontea.com/tea-estates/estates-registry/dunlwr--3713.html
3714	20240524111135	https://www.historyofceylontea.com/tea-estates/estates-registry/ampittiapolwatta--3714.html
3716	20240810195705	https://www.historyofceylontea.com/tea-estates/estates-registry/ethodde--3716.html
3717	20240911154925	https://www.historyofceylontea.com/tea-estates/estates-registry/elstree--3717.html
3718	20240803173109	https://www.historyofceylontea.com/tea-estates/estates-registry/dunally-and-n-oodewella--3718.html
3721	20240803155931	https://www.historyofceylontea.com/tea-estates/estates-registry/erlamere--3721.html
3729	20230330203429	https://www.historyofceylontea.com/tea-estates/estates-registry/--3729.html
3731	20240806230413	https://www.historyofceylontea.com/tea-estates/estates-registry/foriyee--3731.html
3732	20220705154228	https://www.historyofceylontea.com/tea-estates/estates-registry/lawn--3732.html
3733	20180930174230	http://www.historyofceylontea.com:80/tea-estates/estates-registry/gontawalatenna--3733.html
3735	20240815052230	https://www.historyofceylontea.com/tea-estates/estates-registry/--3735.html
3738	20240916004611	https://www.historyofceylontea.com/tea-estates/estates-registry/--3738.html
3740	20240522135424	https://www.historyofceylontea.com/tea-estates/estates-registry/--3740.html
3742	20241006204031	https://www.historyofceylontea.com/tea-estates/estates-registry/hadow-s-land--3742.html
3745	20240622025327	https://www.historyofceylontea.com/tea-estates/estates-registry/invery-waterloo--3745.html
3756	20240717162736	https://www.historyofceylontea.com/tea-estates/estates-registry/--3756.html
3763	20240715061932	https://www.historyofceylontea.com/tea-estates/estates-registry/kew--3763.html
3766	20240523125547	https://www.historyofceylontea.com/tea-estates/estates-registry/kingloch--3766.html
3767	20200929233237	https://www.historyofceylontea.com/tea-estates/estates-registry/kirikowald--3767.html
3768	20221007131307	https://www.historyofceylontea.com/tea-estates/estates-registry/kotiygalla--3768.html
3769	20220707003525	https://www.historyofceylontea.com/tea-estates/estates-registry/--3769.html
3770	20220706155758	https://www.historyofceylontea.com/tea-estates/estates-registry/lawrence--3770.html
3774	20240809052622	https://www.historyofceylontea.com/tea-estates/estates-registry/rutland--3774.html
3777	20240920065454	https://www.historyofceylontea.com/tea-estates/estates-registry/oakfield--3777.html
3782	20230130181833	https://www.historyofceylontea.com/tea-estates/estates-registry/lioncorn--3782.html
3783	20230201155240	https://www.historyofceylontea.com/tea-estates/estates-registry/lyusted--3783.html
3784	20211021043907	https://www.historyofceylontea.com/tea-estates/estates-registry/yitaral-lillie--3784.html
3786	20200921163358	https://www.historyofceylontea.com/tea-estates/estates-registry/polgahalanda-formerly-letchimywatte--3786.html
3788	20240518035759	https://www.historyofceylontea.com/tea-estates/estates-registry/pitaral-lillie--3788.html
3791	20241006174450	https://www.historyofceylontea.com/tea-estates/estates-registry/mayfair--3791.html
3794	20230320162816	https://www.historyofceylontea.com/tea-estates/estates-registry/--3794.html
3797	20240813115005	https://www.historyofceylontea.com/tea-estates/estates-registry/rosebury--3797.html
3800	20241004115734	https://www.historyofceylontea.com/tea-estates/estates-registry/st-catherine-s--3800.html
3804	20240715062435	https://www.historyofceylontea.com/tea-estates/estates-registry/--3804.html
3806	20240522153520	https://www.historyofceylontea.com/tea-estates/estates-registry/mowbray--3806.html
3809	20240615110533	https://www.historyofceylontea.com/tea-estates/estates-registry/talipottenne--3809.html
3811	20240619145411	https://www.historyofceylontea.com/tea-estates/estates-registry/praosemri--3811.html
3812	20230329032559	https://www.historyofceylontea.com/tea-estates/estates-registry/--3812.html
3815	20240720093341	https://www.historyofceylontea.com/tea-estates/estates-registry/upper-blackwood--3815.html
3816	20240718101257	https://www.historyofceylontea.com/tea-estates/estates-registry/witharatenne--3816.html
3817	20240714114003	https://www.historyofceylontea.com/tea-estates/estates-registry/ouery--3817.html
3818	20240915035349	https://www.historyofceylontea.com/tea-estates/estates-registry/tillycairn--3818.html
3823	20220810202156	https://www.historyofceylontea.com/tea-estates/estates-registry/--3823.html
3832	20241104043742	https://www.historyofceylontea.com/tea-estates/estates-registry/weyvelhena-octumbe--3832.html
3834	20240814192317	https://www.historyofceylontea.com/tea-estates/estates-registry/dambekello--3834.html
3839	20210727001601	https://www.historyofceylontea.com/tea-estates/estates-registry/st-lys--3839.html
3840	20240912224856	https://www.historyofceylontea.com/tea-estates/estates-registry/st-vigeans--3840.html
3845	20241007042641	https://www.historyofceylontea.com/tea-estates/estates-registry/stamford-hill--3845.html
3858	20240812071415	https://www.historyofceylontea.com/tea-estates/estates-registry/--3858.html
3864	20240908103555	https://www.historyofceylontea.com/tea-estates/estates-registry/gertiville--3864.html
3865	20240620053247	https://www.historyofceylontea.com/tea-estates/estates-registry/kandapola--3865.html
3867	20240915025728	https://www.historyofceylontea.com/tea-estates/estates-registry/--3867.html
3870	20230206053518	https://www.historyofceylontea.com/tea-estates/estates-registry/wana-raja--3870.html
3874	20241011060722	https://www.historyofceylontea.com/tea-estates/estates-registry/glenalmond--3874.html
3875	20241007232143	https://www.historyofceylontea.com/tea-estates/estates-registry/mahakanda--3875.html
3877	20200812230845	https://www.historyofceylontea.com/tea-estates/estates-registry/hapugahawatta--3877.html
3878	20240916004022	https://www.historyofceylontea.com/tea-estates/estates-registry/meeriabedde-up--3878.html
3879	20220703090544	https://www.historyofceylontea.com/tea-estates/estates-registry/ellawattie--3879.html
3880	20240919212414	https://www.historyofceylontea.com/tea-estates/estates-registry/--3880.html
3905	20240620051623	https://www.historyofceylontea.com/tea-estates/estates-registry/jaktreehill--3905.html
3907	20240912082211	https://www.historyofceylontea.com/tea-estates/estates-registry/--3907.html
3908	20240814130724	https://www.historyofceylontea.com/tea-estates/estates-registry/bittacy--3908.html
3909	20240417184635	https://www.historyofceylontea.com/tea-estates/estates-registry/kalugalla--3909.html
3910	20201029104228	https://www.historyofceylontea.com/tea-estates/estates-registry/kurunduwatta--3910.html
3911	20220526140404	https://www.historyofceylontea.com/tea-estates/estates-registry/lantern-hil--3911.html
3913	20240915025805	https://www.historyofceylontea.com/tea-estates/estates-registry/--3913.html
3920	20240914141920	https://www.historyofceylontea.com/tea-estates/estates-registry/--3920.html
3921	20220701230447	https://www.historyofceylontea.com/tea-estates/estates-registry/kellie-group--3921.html
3926	20230607231513	https://www.historyofceylontea.com/tea-estates/estates-registry/--3926.html
3929	20240720033251	https://www.historyofceylontea.com/tea-estates/estates-registry/meddegoda--3929.html
3930	20240814195545	https://www.historyofceylontea.com/tea-estates/estates-registry/--3930.html
3931	20240418110826	https://www.historyofceylontea.com/tea-estates/estates-registry/--3931.html
3932	20241010114014	https://www.historyofceylontea.com/tea-estates/estates-registry/millegatenne--3932.html
3934	20240622024218	https://www.historyofceylontea.com/tea-estates/estates-registry/--3934.html
3939	20240911174428	https://www.historyofceylontea.com/tea-estates/estates-registry/eistree--3939.html
3940	20241110014605	https://www.historyofceylontea.com/tea-estates/estates-registry/ullandupitiya--3940.html
3941	20240915033112	https://www.historyofceylontea.com/tea-estates/estates-registry/mahatenne--3941.html
3945	20240722175627	https://www.historyofceylontea.com/tea-estates/estates-registry/mossville--3945.html
3947	20240715012848	https://www.historyofceylontea.com/tea-estates/estates-registry/narangalla--3947.html
3948	20241006162438	https://www.historyofceylontea.com/tea-estates/estates-registry/florence--3948.html
3949	20241012101548	https://www.historyofceylontea.com/tea-estates/estates-registry/oonankande--3949.html
3953	20241013001654	https://www.historyofceylontea.com/tea-estates/estates-registry/paragalla--3953.html
3955	20240714101153	https://www.historyofceylontea.com/tea-estates/estates-registry/st-catherine--3955.html
3956	20240718105357	https://www.historyofceylontea.com/tea-estates/estates-registry/st-helens--3956.html
3957	20200921154609	https://www.historyofceylontea.com/tea-estates/estates-registry/polgahalanda-late-letchimywatte--3957.html
3958	20240807004748	https://www.historyofceylontea.com/tea-estates/estates-registry/yellekelle--3958.html
3959	20241110015419	https://www.historyofceylontea.com/tea-estates/estates-registry/glengariffe--3959.html
3961	20220706073350	https://www.historyofceylontea.com/tea-estates/estates-registry/gonagalla--3961.html
3962	20240519053123	https://www.historyofceylontea.com/tea-estates/estates-registry/--3962.html
3963	20240815063813	https://www.historyofceylontea.com/tea-estates/estates-registry/wattegodde--3963.html
3964	20240805182417	https://www.historyofceylontea.com/tea-estates/estates-registry/--3964.html
3965	20240417190002	https://www.historyofceylontea.com/tea-estates/estates-registry/--3965.html
3966	20220704061900	https://www.historyofceylontea.com/tea-estates/estates-registry/--3966.html
3967	20221130080357	https://www.historyofceylontea.com/tea-estates/estates-registry/--3967.html
3970	20241113140954	https://www.historyofceylontea.com/tea-estates/estates-registry/waverley--3970.html
3971	20241016004934	https://www.historyofceylontea.com/tea-estates/estates-registry/kalugalatenna--3971.html
3973	20220527002020	https://www.historyofceylontea.com/tea-estates/estates-registry/wellington--3973.html
3976	20240916235243	https://www.historyofceylontea.com/tea-estates/estates-registry/wewesse--3976.html
3977	20240715060930	https://www.historyofceylontea.com/tea-estates/estates-registry/--3977.html
3978	20240810072301	https://www.historyofceylontea.com/tea-estates/estates-registry/ireby--3978.html
3982	20220810202642	https://www.historyofceylontea.com/tea-estates/estates-registry/--3982.html
3986	20240718132119	https://www.historyofceylontea.com/tea-estates/estates-registry/debatgama--3986.html
3987	20240722130556	https://www.historyofceylontea.com/tea-estates/estates-registry/kinloch--3987.html
3991	20240918134711	https://www.historyofceylontea.com/tea-estates/estates-registry/doteloya-cardamom-estate--3991.html
3992	20240620054811	https://www.historyofceylontea.com/tea-estates/estates-registry/--3992.html
3993	20240807002226	https://www.historyofceylontea.com/tea-estates/estates-registry/--3993.html
3997	20240811084543	https://www.historyofceylontea.com/tea-estates/estates-registry/gallemudena--3997.html
3999	20210419121253	https://www.historyofceylontea.com/tea-estates/estates-registry/lionorn--3999.html
4002	20230206060546	https://www.historyofceylontea.com/tea-estates/estates-registry/--4002.html
4011	20241004121957	https://www.historyofceylontea.com/tea-estates/estates-registry/dangolla--4011.html
4012	20240919204821	https://www.historyofceylontea.com/tea-estates/estates-registry/--4012.html
4015	20241104060847	https://www.historyofceylontea.com/tea-estates/estates-registry/--4015.html
4018	20250124233234	https://www.historyofceylontea.com/tea-estates/estates-registry/north-cove--4018.html
4019	20240720085809	https://www.historyofceylontea.com/tea-estates/estates-registry/norwood--4019.html
4022	20240809181155	https://www.historyofceylontea.com/tea-estates/estates-registry/--4022.html
4030	20240714115248	https://www.historyofceylontea.com/tea-estates/estates-registry/mount-prospect-kalugalla--4030.html
4035	20241016020248	https://www.historyofceylontea.com/tea-estates/estates-registry/--4035.html
4044	20241005062404	https://www.historyofceylontea.com/tea-estates/estates-registry/warieigh--4044.html
4046	20240723113357	https://www.historyofceylontea.com/tea-estates/estates-registry/campion--4046.html
4047	20240719151638	https://www.historyofceylontea.com/tea-estates/estates-registry/campelton--4047.html
4048	20240919215920	https://www.historyofceylontea.com/tea-estates/estates-registry/claverton--4048.html
4051	20220707021726	https://www.historyofceylontea.com/tea-estates/estates-registry/--4051.html
4052	20240911144026	https://www.historyofceylontea.com/tea-estates/estates-registry/devonford--4052.html
4053	20241004204002	https://www.historyofceylontea.com/tea-estates/estates-registry/--4053.html
4054	20240618050730	https://www.historyofceylontea.com/tea-estates/estates-registry/bell-s-garden--4054.html
4057	20240523130936	https://www.historyofceylontea.com/tea-estates/estates-registry/elstree--4057.html
4063	20240721171437	https://www.historyofceylontea.com/tea-estates/estates-registry/oyanwatte--4063.html
4065	20240719162353	https://www.historyofceylontea.com/tea-estates/estates-registry/florence--4065.html
4069	20241110173849	https://www.historyofceylontea.com/tea-estates/estates-registry/gonagalla-paramatta--4069.html
4071	20240523112829	https://www.historyofceylontea.com/tea-estates/estates-registry/weyvelhena-group-comprising-weyvelhena-octumbe-papolgashena-and-ingurugama--4071.html
4074	20221128143500	https://www.historyofceylontea.com/tea-estates/estates-registry/datton--4074.html
4077	20240423164033	https://www.historyofceylontea.com/tea-estates/estates-registry/--4077.html
4082	20230926154624	https://www.historyofceylontea.com/tea-estates/estates-registry/dunally-group--4082.html
4083	20241009214403	https://www.historyofceylontea.com/tea-estates/estates-registry/--4083.html
4084	20241011033817	https://www.historyofceylontea.com/tea-estates/estates-registry/wirawa--4084.html
4086	20241105160922	https://www.historyofceylontea.com/tea-estates/estates-registry/bernewa--4086.html
4088	20240525075902	https://www.historyofceylontea.com/tea-estates/estates-registry/attampittia--4088.html
4089	20240911131846	https://www.historyofceylontea.com/tea-estates/estates-registry/--4089.html
4090	20241005061820	https://www.historyofceylontea.com/tea-estates/estates-registry/--4090.html
4091	20240617013458	https://www.historyofceylontea.com/tea-estates/estates-registry/--4091.html
4092	20241008004240	https://www.historyofceylontea.com/tea-estates/estates-registry/--4092.html
4093	20240618014226	https://www.historyofceylontea.com/tea-estates/estates-registry/--4093.html
4094	20240908092213	https://www.historyofceylontea.com/tea-estates/estates-registry/--4094.html
4095	20240523142822	https://www.historyofceylontea.com/tea-estates/estates-registry/new-forest--4095.html
4096	20240908155109	https://www.historyofceylontea.com/tea-estates/estates-registry/cloyne--4096.html
4098	20241006160333	https://www.historyofceylontea.com/tea-estates/estates-registry/--4098.html
4099	20240908062143	https://www.historyofceylontea.com/tea-estates/estates-registry/demodera-group-comprising-weyvelhena-octumbe-papolgashena-rossett-ingurugama--4099.html
4109	20220521084916	https://www.historyofceylontea.com/tea-estates/estates-registry/ginniedominie--4109.html
4113	20240807185128	https://www.historyofceylontea.com/tea-estates/estates-registry/galapitakanda-goussa--4113.html
4114	20180609175344	http://www.historyofceylontea.com:80/tea-estates/estates-registry/gordon--4114.html
4116	20241007051315	https://www.historyofceylontea.com/tea-estates/estates-registry/gotetuwa--4116.html
4119	20240418105023	https://www.historyofceylontea.com/tea-estates/estates-registry/gallahakelle--4119.html
4122	20240724180925	https://www.historyofceylontea.com/tea-estates/estates-registry/keenakelle-group-including-keenakelle-keenagashena-serendib--4122.html
4123	20240813052837	https://www.historyofceylontea.com/tea-estates/estates-registry/hanguranketta-group-d-142--4123.html
4130	20240715234056	https://www.historyofceylontea.com/tea-estates/estates-registry/luckyland--4130.html
4134	20240724180820	https://www.historyofceylontea.com/tea-estates/estates-registry/nagastenne--4134.html
4137	20191209084601	https://www.historyofceylontea.com/tea-estates/estates-registry/--4137.html
4152	20200812013105	https://www.historyofceylontea.com/tea-estates/estates-registry/kitulwitigala--4152.html
4157	20240810195106	https://www.historyofceylontea.com/tea-estates/estates-registry/kurunduwatte--4157.html
4158	20240805191636	https://www.historyofceylontea.com/tea-estates/estates-registry/roopysana--4158.html
4160	20241012091910	https://www.historyofceylontea.com/tea-estates/estates-registry/--4160.html
4161	20241104041333	https://www.historyofceylontea.com/tea-estates/estates-registry/maguam--4161.html
4166	20201205032635	https://www.historyofceylontea.com/tea-estates/estates-registry/mapalagama--4166.html
4167	20240809191356	https://www.historyofceylontea.com/tea-estates/estates-registry/--4167.html
4172	20240418110322	https://www.historyofceylontea.com/tea-estates/estates-registry/--4172.html
4174	20240920170301	https://www.historyofceylontea.com/tea-estates/estates-registry/moragalla--4174.html
4176	20241110173250	https://www.historyofceylontea.com/tea-estates/estates-registry/tonacombe-group-including-tonacombe-dewatura-fermoyle--4176.html
4181	20220706222307	https://www.historyofceylontea.com/tea-estates/estates-registry/nakiadeniya-group--4181.html
4184	20201124031949	https://www.historyofceylontea.com/tea-estates/estates-registry/neruluyana--4184.html
4188	20240718142425	https://www.historyofceylontea.com/tea-estates/estates-registry/rutland--4188.html
4189	20240915224745	https://www.historyofceylontea.com/tea-estates/estates-registry/paragoda--4189.html
4191	20240814194047	https://www.historyofceylontea.com/tea-estates/estates-registry/--4191.html
4212	20201020135547	https://www.historyofceylontea.com/tea-estates/estates-registry/ratmalierre-kelle--4212.html
4227	20220819113932	https://www.historyofceylontea.com/tea-estates/estates-registry/saumarez--4227.html
4230	20240805184105	https://www.historyofceylontea.com/tea-estates/estates-registry/seenigodde-and-pauapitiya--4230.html
4232	20240807194140	https://www.historyofceylontea.com/tea-estates/estates-registry/st-leys--4232.html
4238	20240813064516	https://www.historyofceylontea.com/tea-estates/estates-registry/st-vincent--4238.html
4242	20240813051534	https://www.historyofceylontea.com/tea-estates/estates-registry/stokesland--4242.html
4254	20220814194226	https://www.historyofceylontea.com/tea-estates/estates-registry/toktiamulla--4254.html
4256	20240619144530	https://www.historyofceylontea.com/tea-estates/estates-registry/ella-pass--4256.html
4262	20240719150737	https://www.historyofceylontea.com/tea-estates/estates-registry/mahakande--4262.html
4264	20240716004452	https://www.historyofceylontea.com/tea-estates/estates-registry/--4264.html
4265	20220707052618	https://www.historyofceylontea.com/tea-estates/estates-registry/--4265.html
4269	20240714114035	https://www.historyofceylontea.com/tea-estates/estates-registry/--4269.html
4272	20240918153229	https://www.historyofceylontea.com/tea-estates/estates-registry/new-dunbar--4272.html
4276	20241113143313	https://www.historyofceylontea.com/tea-estates/estates-registry/--4276.html
4277	20181016222359	http://www.historyofceylontea.com:80/tea-estates/estates-registry/nahavilla--4277.html
4280	20241011125429	https://www.historyofceylontea.com/tea-estates/estates-registry/ottery--4280.html
4282	20241105151833	https://www.historyofceylontea.com/tea-estates/estates-registry/nayabedde--4282.html
4286	20240811083347	https://www.historyofceylontea.com/tea-estates/estates-registry/needwood--4286.html
4287	20240620051421	https://www.historyofceylontea.com/tea-estates/estates-registry/--4287.html
4289	20240916001921	https://www.historyofceylontea.com/tea-estates/estates-registry/--4289.html
4290	20240805191106	https://www.historyofceylontea.com/tea-estates/estates-registry/boscrea--4290.html
4293	20240723111034	https://www.historyofceylontea.com/tea-estates/estates-registry/st-john-del-rey--4293.html
4294	20240912220719	https://www.historyofceylontea.com/tea-estates/estates-registry/pita-ratmalie--4294.html
4297	20211021012057	https://www.historyofceylontea.com/tea-estates/estates-registry/pilarat-lillie--4297.html
4300	20241113161917	https://www.historyofceylontea.com/tea-estates/estates-registry/poonagalla--4300.html
4303	20220813152527	https://www.historyofceylontea.com/tea-estates/estates-registry/--4303.html
4305	20240423054056	https://www.historyofceylontea.com/tea-estates/estates-registry/--4305.html
4311	20240913060228	https://www.historyofceylontea.com/tea-estates/estates-registry/--4311.html
4314	20241005063501	https://www.historyofceylontea.com/tea-estates/estates-registry/--4314.html
4315	20241110015615	https://www.historyofceylontea.com/tea-estates/estates-registry/thotulagalla--4315.html
4320	20240918152537	https://www.historyofceylontea.com/tea-estates/estates-registry/--4320.html
4321	20241110191550	https://www.historyofceylontea.com/tea-estates/estates-registry/bogawana--4321.html
4327	20240419192013	https://www.historyofceylontea.com/tea-estates/estates-registry/broad-oak--4327.html
4328	20241009221440	https://www.historyofceylontea.com/tea-estates/estates-registry/--4328.html
4333	20240714041415	https://www.historyofceylontea.com/tea-estates/estates-registry/banchory--4333.html
4337	20241011111836	https://www.historyofceylontea.com/tea-estates/estates-registry/battawatte-group--4337.html
4338	20240911163555	https://www.historyofceylontea.com/tea-estates/estates-registry/--4338.html
4341	20240722150715	https://www.historyofceylontea.com/tea-estates/estates-registry/cocoawatte-birkin-and-pallikerewe--4341.html
4344	20240916030624	https://www.historyofceylontea.com/tea-estates/estates-registry/devenick--4344.html
4346	20230930015612	https://www.historyofceylontea.com/tea-estates/estates-registry/dorapotha-quedgeley--4346.html
4351	20240619142745	https://www.historyofceylontea.com/tea-estates/estates-registry/--4351.html
4357	20240522133732	https://www.historyofceylontea.com/tea-estates/estates-registry/--4357.html
4358	20241228081524	https://www.historyofceylontea.com/tea-estates/estates-registry/hopton-group--4358.html
4361	20241006162326	https://www.historyofceylontea.com/tea-estates/estates-registry/florence--4361.html
4364	20240919220951	https://www.historyofceylontea.com/tea-estates/estates-registry/kehelwatta-and-clifton--4364.html
4366	20240617193405	https://www.historyofceylontea.com/tea-estates/estates-registry/arawa--4366.html
4367	20240912214430	https://www.historyofceylontea.com/tea-estates/estates-registry/bibile-group--4367.html
4368	20240719161309	https://www.historyofceylontea.com/tea-estates/estates-registry/glencairn--4368.html
4370	20240714043923	https://www.historyofceylontea.com/tea-estates/estates-registry/dunedin--4370.html
4372	20240528081525	https://www.historyofceylontea.com/tea-estates/estates-registry/--4372.html
4374	20241009213205	https://www.historyofceylontea.com/tea-estates/estates-registry/lunuvissa--4374.html
4376	20240419194253	https://www.historyofceylontea.com/tea-estates/estates-registry/mausa-and-kosgahadova--4376.html
4377	20221007132532	https://www.historyofceylontea.com/tea-estates/estates-registry/quedgeley--4377.html
4380	20241010114206	https://www.historyofceylontea.com/tea-estates/estates-registry/uva-and-arawa--4380.html
4383	20240803162050	https://www.historyofceylontea.com/tea-estates/estates-registry/madulsima--4383.html
4384	20240714114839	https://www.historyofceylontea.com/tea-estates/estates-registry/mahadova--4384.html
4389	20240813131337	https://www.historyofceylontea.com/tea-estates/estates-registry/invery-waterloo--4389.html
4390	20241011020857	https://www.historyofceylontea.com/tea-estates/estates-registry/--4390.html
4395	20240908071934	https://www.historyofceylontea.com/tea-estates/estates-registry/shawlands--4395.html
4397	20240619061629	https://www.historyofceylontea.com/tea-estates/estates-registry/swinton--4397.html
4398	20240714104256	https://www.historyofceylontea.com/tea-estates/estates-registry/the-park-group--4398.html
4399	20240714052231	https://www.historyofceylontea.com/tea-estates/estates-registry/uvakellie--4399.html
4400	20240812195806	https://www.historyofceylontea.com/tea-estates/estates-registry/--4400.html
4402	20241113115804	https://www.historyofceylontea.com/tea-estates/estates-registry/verallapatna--4402.html
4403	20240920082227	https://www.historyofceylontea.com/tea-estates/estates-registry/welipitiya--4403.html
4404	20241006203224	https://www.historyofceylontea.com/tea-estates/estates-registry/yapame--4404.html
4410	20240720085351	https://www.historyofceylontea.com/tea-estates/estates-registry/montefiore--4410.html
4411	20240413161318	https://www.historyofceylontea.com/tea-estates/estates-registry/--4411.html
4413	20240523143629	https://www.historyofceylontea.com/tea-estates/estates-registry/cabriabokka--4413.html
4415	20241007235904	https://www.historyofceylontea.com/tea-estates/estates-registry/st-james--4415.html
4419	20220811152312	https://www.historyofceylontea.com/tea-estates/estates-registry/st-leya--4419.html
4422	20241010102255	https://www.historyofceylontea.com/tea-estates/estates-registry/stamford-hill--4422.html
4423	20241010100325	https://www.historyofceylontea.com/tea-estates/estates-registry/strathdon--4423.html
4426	20220706171902	https://www.historyofceylontea.com/tea-estates/estates-registry/tillyrie--4426.html
4427	20240806230754	https://www.historyofceylontea.com/tea-estates/estates-registry/forest-land--4427.html
4430	20241006210054	https://www.historyofceylontea.com/tea-estates/estates-registry/agra-oya--4430.html
4431	20240813130436	https://www.historyofceylontea.com/tea-estates/estates-registry/elbedde--4431.html
4434	20241005062158	https://www.historyofceylontea.com/tea-estates/estates-registry/auckland--4434.html
4437	20220703182137	https://www.historyofceylontea.com/tea-estates/estates-registry/--4437.html
4442	20240523121348	https://www.historyofceylontea.com/tea-estates/estates-registry/ladley--4442.html
4448	20230927211914	https://www.historyofceylontea.com/tea-estates/estates-registry/doonoolagahalanda--4448.html
4454	20240915022215	https://www.historyofceylontea.com/tea-estates/estates-registry/galboda--4454.html
4455	20240715170954	https://www.historyofceylontea.com/tea-estates/estates-registry/--4455.html
4462	20240724181801	https://www.historyofceylontea.com/tea-estates/estates-registry/--4462.html
4464	20240615105250	https://www.historyofceylontea.com/tea-estates/estates-registry/westmorland--4464.html
4465	20241016064454	https://www.historyofceylontea.com/tea-estates/estates-registry/--4465.html
4469	20240720023837	https://www.historyofceylontea.com/tea-estates/estates-registry/newton--4469.html
4471	20240722050043	https://www.historyofceylontea.com/tea-estates/estates-registry/norwood--4471.html
4472	20240714103545	https://www.historyofceylontea.com/tea-estates/estates-registry/osborne--4472.html
4474	20241004210617	https://www.historyofceylontea.com/tea-estates/estates-registry/eos--4474.html
4482	20240722163430	https://www.historyofceylontea.com/tea-estates/estates-registry/hingurukaduwa--4482.html
4483	20240718114128	https://www.historyofceylontea.com/tea-estates/estates-registry/--4483.html
4489	20241109081504	https://www.historyofceylontea.com/tea-estates/estates-registry/--4489.html
4500	20241101185518	https://www.historyofceylontea.com/tea-estates/estates-registry/melrose--4500.html
4502	20240920080953	https://www.historyofceylontea.com/tea-estates/estates-registry/seafield--4502.html
4507	20240615195217	https://www.historyofceylontea.com/tea-estates/estates-registry/portree--4507.html
4509	20241004220919	https://www.historyofceylontea.com/tea-estates/estates-registry/--4509.html
4510	20241008005033	https://www.historyofceylontea.com/tea-estates/estates-registry/--4510.html
4513	20240814195714	https://www.historyofceylontea.com/tea-estates/estates-registry/elemane--4513.html
4514	20241113114715	https://www.historyofceylontea.com/tea-estates/estates-registry/new-forest--4514.html
4515	20241104200615	https://www.historyofceylontea.com/tea-estates/estates-registry/amballangoda--4515.html
4516	20240809044719	https://www.historyofceylontea.com/tea-estates/estates-registry/roscrea--4516.html
4524	20241013014415	https://www.historyofceylontea.com/tea-estates/estates-registry/birkin--4524.html
4527	20241104042340	https://www.historyofceylontea.com/tea-estates/estates-registry/breadalbane--4527.html
4530	20240714114808	https://www.historyofceylontea.com/tea-estates/estates-registry/cabriabokka-no-2--4530.html
4533	20240715043959	https://www.historyofceylontea.com/tea-estates/estates-registry/deysbrook--4533.html
4538	20241101202157	https://www.historyofceylontea.com/tea-estates/estates-registry/--4538.html
4540	20241011063132	https://www.historyofceylontea.com/tea-estates/estates-registry/--4540.html
4544	20240915034341	https://www.historyofceylontea.com/tea-estates/estates-registry/letchimuwatte--4544.html
4548	20240810074149	https://www.historyofceylontea.com/tea-estates/estates-registry/nidhanagalla--4548.html
4550	20200930000322	https://www.historyofceylontea.com/tea-estates/estates-registry/--4550.html
4551	20240807195218	https://www.historyofceylontea.com/tea-estates/estates-registry/veralugolly--4551.html
4554	20240615205410	https://www.historyofceylontea.com/tea-estates/estates-registry/dagenham--4554.html
4555	20240806231252	https://www.historyofceylontea.com/tea-estates/estates-registry/ella-upper--4555.html
4560	20240518165212	https://www.historyofceylontea.com/tea-estates/estates-registry/--4560.html
4561	20240908104814	https://www.historyofceylontea.com/tea-estates/estates-registry/--4561.html
4563	20240915225851	https://www.historyofceylontea.com/tea-estates/estates-registry/--4563.html
4566	20241107075953	https://www.historyofceylontea.com/tea-estates/estates-registry/--4566.html
4571	20240720042729	https://www.historyofceylontea.com/tea-estates/estates-registry/dromore--4571.html
4572	20230331225153	https://www.historyofceylontea.com/tea-estates/estates-registry/doomoo--4572.html
4574	20240714094928	https://www.historyofceylontea.com/tea-estates/estates-registry/ingurugalla-group--4574.html
4575	20220528100141	https://www.historyofceylontea.com/tea-estates/estates-registry/houthstcek--4575.html
4581	20240423043340	https://www.historyofceylontea.com/tea-estates/estates-registry/wiharatenne--4581.html
4582	20241110174324	https://www.historyofceylontea.com/tea-estates/estates-registry/parragalla--4582.html
4588	20241007045819	https://www.historyofceylontea.com/tea-estates/estates-registry/ballagalla-ella--4588.html
4589	20240907151541	https://www.historyofceylontea.com/tea-estates/estates-registry/tommeiebeg--4589.html
4590	20230927225616	https://www.historyofceylontea.com/tea-estates/estates-registry/beragalla--4590.html
4591	20221130112739	https://www.historyofceylontea.com/tea-estates/estates-registry/kinagoda--4591.html
4592	20240417100904	https://www.historyofceylontea.com/tea-estates/estates-registry/--4592.html
4721	20240714052647	https://www.historyofceylontea.com/tea-estates/estates-registry/dickapittia--4721.html
4804	20181012143151	http://www.historyofceylontea.com:80/tea-estates/estates-registry/amugenawatta--4804.html
4806	20240916022204	https://www.historyofceylontea.com/tea-estates/estates-registry/eurick--4806.html
4807	20220811140339	https://www.historyofceylontea.com/tea-estates/estates-registry/maskeliya-oya--4807.html
4808	20211018105642	https://www.historyofceylontea.com/tea-estates/estates-registry/--4808.html
4810	20240716000017	https://www.historyofceylontea.com/tea-estates/estates-registry/windsor-forest-group--4810.html
4811	20241104044943	https://www.historyofceylontea.com/tea-estates/estates-registry/kalupahani--4811.html
4814	20211018110730	https://www.historyofceylontea.com/tea-estates/estates-registry/--4814.html
4818	20241007042601	https://www.historyofceylontea.com/tea-estates/estates-registry/theydon-bois-group--4818.html
4831	20240722175015	https://www.historyofceylontea.com/tea-estates/estates-registry/berkin--4831.html
4833	20240915044421	https://www.historyofceylontea.com/tea-estates/estates-registry/medumpitiya--4833.html
4834	20240723114207	https://www.historyofceylontea.com/tea-estates/estates-registry/--4834.html
4835	20220524205751	https://www.historyofceylontea.com/tea-estates/estates-registry/ella-lower--4835.html
4836	20241007051339	https://www.historyofceylontea.com/tea-estates/estates-registry/dambatenne--4836.html
4838	20241007231445	https://www.historyofceylontea.com/tea-estates/estates-registry/ettrick--4838.html
4839	20240813130615	https://www.historyofceylontea.com/tea-estates/estates-registry/uda-radella--4839.html
4840	20240814204920	https://www.historyofceylontea.com/tea-estates/estates-registry/glenanore--4840.html
4841	20241004105243	https://www.historyofceylontea.com/tea-estates/estates-registry/doonhinda--4841.html
4843	20241007052615	https://www.historyofceylontea.com/tea-estates/estates-registry/haldamulle--4843.html
4845	20241008002048	https://www.historyofceylontea.com/tea-estates/estates-registry/agra-patana--4845.html
4846	20241112172915	https://www.historyofceylontea.com/tea-estates/estates-registry/--4846.html
4847	20221206130450	https://www.historyofceylontea.com/tea-estates/estates-registry/ayoea--4847.html
4849	20240527063752	https://www.historyofceylontea.com/tea-estates/estates-registry/meeriswatte--4849.html
4850	20240810070857	https://www.historyofceylontea.com/tea-estates/estates-registry/loughton--4850.html
4854	20240417193123	https://www.historyofceylontea.com/tea-estates/estates-registry/cockburn-s-land--4854.html
4857	20241109055404	https://www.historyofceylontea.com/tea-estates/estates-registry/helbeck--4857.html
4858	20241110174933	https://www.historyofceylontea.com/tea-estates/estates-registry/--4858.html
4859	20240720090846	https://www.historyofceylontea.com/tea-estates/estates-registry/iona--4859.html
4861	20240622030048	https://www.historyofceylontea.com/tea-estates/estates-registry/adawatte--4861.html
4862	20240715013935	https://www.historyofceylontea.com/tea-estates/estates-registry/mahapatana--4862.html
4863	20230131101434	https://www.historyofceylontea.com/tea-estates/estates-registry/logie-and-belgravia--4863.html
4865	20240721154343	https://www.historyofceylontea.com/tea-estates/estates-registry/mayfield--4865.html
4866	20241109064646	https://www.historyofceylontea.com/tea-estates/estates-registry/meddecombra-tea-factory--4866.html
4867	20241112190241	https://www.historyofceylontea.com/tea-estates/estates-registry/golconda--4867.html
4868	20240911124841	https://www.historyofceylontea.com/tea-estates/estates-registry/haputale--4868.html
4871	20240624190919	https://www.historyofceylontea.com/tea-estates/estates-registry/hookworthy--4871.html
4874	20241110014853	https://www.historyofceylontea.com/tea-estates/estates-registry/--4874.html
4877	20240810211108	https://www.historyofceylontea.com/tea-estates/estates-registry/--4877.html
4878	20241004202908	https://www.historyofceylontea.com/tea-estates/estates-registry/ampitiakanda-arnhall--4878.html
4884	20170516054107	http://www.historyofceylontea.com:80/tea-estates/estates-registry/kinellan--4884.html
4887	20240615103327	https://www.historyofceylontea.com/tea-estates/estates-registry/metikandera--4887.html
4888	20200207041333	https://www.historyofceylontea.com/tea-estates/estates-registry/muppane--4888.html
4889	20241004220018	https://www.historyofceylontea.com/tea-estates/estates-registry/ambatenne-udawela--4889.html
4890	20220703165057	https://www.historyofceylontea.com/tea-estates/estates-registry/ampittiakanda-arnhall--4890.html
4892	20210125235002	https://www.historyofceylontea.com/tea-estates/estates-registry/--4892.html
4893	20240718150042	https://www.historyofceylontea.com/tea-estates/estates-registry/herragalla--4893.html
4897	20240724172745	https://www.historyofceylontea.com/tea-estates/estates-registry/beau-sejour--4897.html
4905	20240618053851	https://www.historyofceylontea.com/tea-estates/estates-registry/lyegrove-lower--4905.html
4909	20220704040236	https://www.historyofceylontea.com/tea-estates/estates-registry/deviturai--4909.html
4913	20241102082614	https://www.historyofceylontea.com/tea-estates/estates-registry/fred-s-ruhe-k49--4913.html
4914	20241101192338	https://www.historyofceylontea.com/tea-estates/estates-registry/--4914.html
4918	20240814193143	https://www.historyofceylontea.com/tea-estates/estates-registry/--4918.html
4921	20240807185002	https://www.historyofceylontea.com/tea-estates/estates-registry/--4921.html
4922	20240807193211	https://www.historyofceylontea.com/tea-estates/estates-registry/--4922.html
4923	20240722152007	https://www.historyofceylontea.com/tea-estates/estates-registry/--4923.html
4924	20241110013935	https://www.historyofceylontea.com/tea-estates/estates-registry/--4924.html
4925	20240807184124	https://www.historyofceylontea.com/tea-estates/estates-registry/--4925.html
4932	20240722175108	https://www.historyofceylontea.com/tea-estates/estates-registry/--4932.html
4933	20220814072951	https://www.historyofceylontea.com/tea-estates/estates-registry/--4933.html
4940	20220707075751	https://www.historyofceylontea.com/tea-estates/estates-registry/ratmaberre--4940.html
4941	20201023052411	https://www.historyofceylontea.com/tea-estates/estates-registry/--4941.html
4942	20240415101733	https://www.historyofceylontea.com/tea-estates/estates-registry/s-leonerds-on-sea-k34--4942.html
4943	20240814131720	https://www.historyofceylontea.com/tea-estates/estates-registry/st-vincent--4943.html
4944	20220811143625	https://www.historyofceylontea.com/tea-estates/estates-registry/st-coombs--4944.html
4945	20230331213053	https://www.historyofceylontea.com/tea-estates/estates-registry/st-regulus--4945.html
4946	20240717163110	https://www.historyofceylontea.com/tea-estates/estates-registry/thornfield--4946.html
4947	20220811141709	https://www.historyofceylontea.com/tea-estates/estates-registry/adams-peak--4947.html
4949	20240720031537	https://www.historyofceylontea.com/tea-estates/estates-registry/annandale--4949.html
4950	20240914131020	https://www.historyofceylontea.com/tea-estates/estates-registry/bargany--4950.html
4951	20240813052622	https://www.historyofceylontea.com/tea-estates/estates-registry/--4951.html
4952	20240420074337	https://www.historyofceylontea.com/tea-estates/estates-registry/talgaswella--4952.html
4953	20241110172716	https://www.historyofceylontea.com/tea-estates/estates-registry/mettikandura--4953.html
4954	20240805191042	https://www.historyofceylontea.com/tea-estates/estates-registry/bargrove--4954.html
4955	20240422032028	https://www.historyofceylontea.com/tea-estates/estates-registry/beaconafield--4955.html
4956	20241112152335	https://www.historyofceylontea.com/tea-estates/estates-registry/bitterne--4956.html
4957	20211026124710	https://www.historyofceylontea.com/tea-estates/estates-registry/blairavon--4957.html
4958	20240624194508	https://www.historyofceylontea.com/tea-estates/estates-registry/braemar--4958.html
4961	20240805025324	https://www.historyofceylontea.com/tea-estates/estates-registry/wallahanduwa-k10--4961.html
4962	20240715014752	https://www.historyofceylontea.com/tea-estates/estates-registry/bunyan-ovoea--4962.html
4963	20240717172948	https://www.historyofceylontea.com/tea-estates/estates-registry/caskieben--4963.html
4964	20241005071656	https://www.historyofceylontea.com/tea-estates/estates-registry/cleveland--4964.html
4967	20240716000732	https://www.historyofceylontea.com/tea-estates/estates-registry/corfu--4967.html
4968	20240614223649	https://www.historyofceylontea.com/tea-estates/estates-registry/cruden-lower--4968.html
4970	20240918145732	https://www.historyofceylontea.com/tea-estates/estates-registry/deeside--4970.html
4971	20240810081545	https://www.historyofceylontea.com/tea-estates/estates-registry/dotala--4971.html
4973	20221207104308	https://www.historyofceylontea.com/tea-estates/estates-registry/ekolaund--4973.html
4974	20241113142314	https://www.historyofceylontea.com/tea-estates/estates-registry/bombahina-and-batkirawa--4974.html
4975	20241110024738	https://www.historyofceylontea.com/tea-estates/estates-registry/atuwagale-k1--4975.html
4976	20241105172915	https://www.historyofceylontea.com/tea-estates/estates-registry/elfindale--4976.html
4977	20240916015018	https://www.historyofceylontea.com/tea-estates/estates-registry/ella-oya--4977.html
4978	20241105164243	https://www.historyofceylontea.com/tea-estates/estates-registry/emelina--4978.html
4979	20241112183728	https://www.historyofceylontea.com/tea-estates/estates-registry/fairlawn-group--4979.html
4980	20201126185958	https://www.historyofceylontea.com/tea-estates/estates-registry/--4980.html
4981	20240809192036	https://www.historyofceylontea.com/tea-estates/estates-registry/bean-sojour-k55--4981.html
4982	20240618064159	https://www.historyofceylontea.com/tea-estates/estates-registry/frogmore--4982.html
4983	20240525213058	https://www.historyofceylontea.com/tea-estates/estates-registry/gallawattie--4983.html
4984	20240916232732	https://www.historyofceylontea.com/tea-estates/estates-registry/bittern--4984.html
4985	20240920182014	https://www.historyofceylontea.com/tea-estates/estates-registry/bentota-group--4985.html
4986	20230722004857	https://www.historyofceylontea.com/tea-estates/estates-registry/gartmore--4986.html
4987	20240724192451	https://www.historyofceylontea.com/tea-estates/estates-registry/geddes--4987.html
4990	20240805041115	https://www.historyofceylontea.com/tea-estates/estates-registry/glenugie--4990.html
4991	20230206190558	https://www.historyofceylontea.com/tea-estates/estates-registry/uva-kotawella--4991.html
4992	20240722165338	https://www.historyofceylontea.com/tea-estates/estates-registry/--4992.html
4993	20241010104850	https://www.historyofceylontea.com/tea-estates/estates-registry/souravilla-up-cruden--4993.html
4997	20240920063146	https://www.historyofceylontea.com/tea-estates/estates-registry/hapugastaenne--4997.html
4998	20220704123840	https://www.historyofceylontea.com/tea-estates/estates-registry/kelaneiya-and-braemar--4998.html
4999	20241011013910	https://www.historyofceylontea.com/tea-estates/estates-registry/kincora--4999.html
5000	20240908155741	https://www.historyofceylontea.com/tea-estates/estates-registry/kintyre--5000.html
5001	20240815052524	https://www.historyofceylontea.com/tea-estates/estates-registry/ladbroke--5001.html
5002	20240809183034	https://www.historyofceylontea.com/tea-estates/estates-registry/lammermoor--5002.html
5004	20241102083219	https://www.historyofceylontea.com/tea-estates/estates-registry/kalupane--5004.html
5006	20240807182754	https://www.historyofceylontea.com/tea-estates/estates-registry/forest-thistle-court--5006.html
5009	20240807193718	https://www.historyofceylontea.com/tea-estates/estates-registry/--5009.html
5010	20241113115321	https://www.historyofceylontea.com/tea-estates/estates-registry/laxapana--5010.html
5011	20240809185943	https://www.historyofceylontea.com/tea-estates/estates-registry/laxapanagala--5011.html
5012	20241004110628	https://www.historyofceylontea.com/tea-estates/estates-registry/--5012.html
5014	20240916232416	https://www.historyofceylontea.com/tea-estates/estates-registry/mahagalla--5014.html
5015	20240617143454	https://www.historyofceylontea.com/tea-estates/estates-registry/maha-nilu--5015.html
5016	20240722150840	https://www.historyofceylontea.com/tea-estates/estates-registry/maskeliya--5016.html
5017	20240226073153	https://www.historyofceylontea.com/tea-estates/estates-registry/meeria-cotta-and-caledonia--5017.html
5018	20220815221940	https://www.historyofceylontea.com/tea-estates/estates-registry/midlethian--5018.html
5020	20240722172242	https://www.historyofceylontea.com/tea-estates/estates-registry/mincing-lane--5020.html
5023	20220706020343	https://www.historyofceylontea.com/tea-estates/estates-registry/minna--5023.html
5024	20240714105555	https://www.historyofceylontea.com/tea-estates/estates-registry/mocha--5024.html
5025	20240224204636	https://www.historyofceylontea.com/tea-estates/estates-registry/moray-group--5025.html
5026	20241101210658	https://www.historyofceylontea.com/tea-estates/estates-registry/mottingham--5026.html
5027	20240720023023	https://www.historyofceylontea.com/tea-estates/estates-registry/giragoda-k16--5027.html
5029	20241113094351	https://www.historyofceylontea.com/tea-estates/estates-registry/nyanza--5029.html
5030	20211204204127	https://www.historyofceylontea.com/tea-estates/estates-registry/mentenne--5030.html
5031	20240920081611	https://www.historyofceylontea.com/tea-estates/estates-registry/ormidale--5031.html
5033	20220528230047	https://www.historyofceylontea.com/tea-estates/estates-registry/rajamally--5033.html
5034	20240620052711	https://www.historyofceylontea.com/tea-estates/estates-registry/rickarton--5034.html
5036	20241007045223	https://www.historyofceylontea.com/tea-estates/estates-registry/s-andrew-s-group--5036.html
5037	20241004110750	https://www.historyofceylontea.com/tea-estates/estates-registry/stockholm--5037.html
5038	20240722151943	https://www.historyofceylontea.com/tea-estates/estates-registry/strathspey-group--5038.html
5042	20240815052643	https://www.historyofceylontea.com/tea-estates/estates-registry/igalkanda--5042.html
5043	20240522020020	https://www.historyofceylontea.com/tea-estates/estates-registry/indian-walk-k60--5043.html
5045	20180831191252	http://www.historyofceylontea.com:80/tea-estates/estates-registry/kakiriskanda-kohilawagura--5045.html
5046	20241112190206	https://www.historyofceylontea.com/tea-estates/estates-registry/kitulwitigala-k17--5046.html
5050	20240715181634	https://www.historyofceylontea.com/tea-estates/estates-registry/knronduwatte--5050.html
5054	20241009213915	https://www.historyofceylontea.com/tea-estates/estates-registry/lower-kanake--5054.html
5055	20240814140100	https://www.historyofceylontea.com/tea-estates/estates-registry/maharappola--5055.html
5057	20240714113230	https://www.historyofceylontea.com/tea-estates/estates-registry/mayfield-and-pittanweem--5057.html
5059	20241110175950	https://www.historyofceylontea.com/tea-estates/estates-registry/nagahatenne-k29--5059.html
5060	20241109060845	https://www.historyofceylontea.com/tea-estates/estates-registry/altwood--5060.html
5061	20240620063835	https://www.historyofceylontea.com/tea-estates/estates-registry/ambena--5061.html
5062	20241113150431	https://www.historyofceylontea.com/tea-estates/estates-registry/annamally--5062.html
5070	20240722165814	https://www.historyofceylontea.com/tea-estates/estates-registry/--5070.html
5071	20241113122712	https://www.historyofceylontea.com/tea-estates/estates-registry/--5071.html
5072	20240809060605	https://www.historyofceylontea.com/tea-estates/estates-registry/bandarapolla-group--5072.html
5076	20240813123333	https://www.historyofceylontea.com/tea-estates/estates-registry/brebelholz-or-ovilla--5076.html
5082	20240913040757	https://www.historyofceylontea.com/tea-estates/estates-registry/cabragalla--5082.html
5087	20201126091233	https://www.historyofceylontea.com/tea-estates/estates-registry/cabroosa-ella--5087.html
5101	20241005054344	https://www.historyofceylontea.com/tea-estates/estates-registry/cattaratenne--5101.html
5102	20241107054342	https://www.historyofceylontea.com/tea-estates/estates-registry/clodagh--5102.html
5103	20241016015748	https://www.historyofceylontea.com/tea-estates/estates-registry/laxapane-east-west--5103.html
5105	20240725123423	https://www.historyofceylontea.com/tea-estates/estates-registry/dangkande--5105.html
5107	20241105160950	https://www.historyofceylontea.com/tea-estates/estates-registry/dromoland-ewhurst-park--5107.html
5108	20241011111953	https://www.historyofceylontea.com/tea-estates/estates-registry/ellagalla--5108.html
5109	20240809064133	https://www.historyofceylontea.com/tea-estates/estates-registry/ewhurst--5109.html
5110	20240305081256	https://www.historyofceylontea.com/tea-estates/estates-registry/forest-hill--5110.html
5112	20241110031831	https://www.historyofceylontea.com/tea-estates/estates-registry/gammaduwa-group--5112.html
5113	20191120131847	https://www.historyofceylontea.com/tea-estates/estates-registry/gamwasama--5113.html
5114	20240614211641	https://www.historyofceylontea.com/tea-estates/estates-registry/gansarapola--5114.html
5115	20241007225822	https://www.historyofceylontea.com/tea-estates/estates-registry/halgolla--5115.html
5116	20240812210410	https://www.historyofceylontea.com/tea-estates/estates-registry/jesserwatte--5116.html
5117	20240618065856	https://www.historyofceylontea.com/tea-estates/estates-registry/hingurawatte--5117.html
5119	20241103231122	https://www.historyofceylontea.com/tea-estates/estates-registry/kaikawala--5119.html
5122	20240518061606	https://www.historyofceylontea.com/tea-estates/estates-registry/kandenewera--5122.html
5123	20241104220738	https://www.historyofceylontea.com/tea-estates/estates-registry/karagahatenne--5123.html
5125	20241103233034	https://www.historyofceylontea.com/tea-estates/estates-registry/kensington--5125.html
5126	20240813120245	https://www.historyofceylontea.com/tea-estates/estates-registry/koladatechy--5126.html
5127	20240521231738	https://www.historyofceylontea.com/tea-estates/estates-registry/koswana--5127.html
5128	20230929033053	https://www.historyofceylontea.com/tea-estates/estates-registry/kotagalla--5128.html
5129	20240916220410	https://www.historyofceylontea.com/tea-estates/estates-registry/kuda-oya--5129.html
5130	20241006194609	https://www.historyofceylontea.com/tea-estates/estates-registry/kumbaloluwa--5130.html
5133	20240723105814	https://www.historyofceylontea.com/tea-estates/estates-registry/longville--5133.html
5135	20241205122541	https://www.historyofceylontea.com/tea-estates/estates-registry/madakumbura--5135.html
5136	20241011114804	https://www.historyofceylontea.com/tea-estates/estates-registry/midlands--5136.html
5137	20241110174632	https://www.historyofceylontea.com/tea-estates/estates-registry/mousagalla-no-1-galaoula--5137.html
5139	20240813053453	https://www.historyofceylontea.com/tea-estates/estates-registry/mausakande-group-dooroomadella--5139.html
5140	20241103232849	https://www.historyofceylontea.com/tea-estates/estates-registry/mousava--5140.html
5142	20220814064501	https://www.historyofceylontea.com/tea-estates/estates-registry/talangaba--5142.html
5143	20240918144823	https://www.historyofceylontea.com/tea-estates/estates-registry/nagalla-group--5143.html
5144	20220704022329	https://www.historyofceylontea.com/tea-estates/estates-registry/naangalla--5144.html
5145	20240815053734	https://www.historyofceylontea.com/tea-estates/estates-registry/nichola-oya-group-oodesmana-and-amaradawelle--5145.html
5147	20220704112651	https://www.historyofceylontea.com/tea-estates/estates-registry/talgaswela--5147.html
5148	20240812193839	https://www.historyofceylontea.com/tea-estates/estates-registry/opalgalla-group--5148.html
5151	20240814132527	https://www.historyofceylontea.com/tea-estates/estates-registry/tokatiamulla--5151.html
5152	20240914141336	https://www.historyofceylontea.com/tea-estates/estates-registry/ravelston--5152.html
5153	20240524102806	https://www.historyofceylontea.com/tea-estates/estates-registry/sacombe--5153.html
5155	20240815050137	https://www.historyofceylontea.com/tea-estates/estates-registry/alton--5155.html
5158	20240807004240	https://www.historyofceylontea.com/tea-estates/estates-registry/spring-mount--5158.html
5160	20210117032810	https://www.historyofceylontea.com/tea-estates/estates-registry/urauwela--5160.html
5161	20260320123206	https://www.historyofceylontea.com/tea-estates/estates-registry/suduganga--5161.html
5163	20241104044136	https://www.historyofceylontea.com/tea-estates/estates-registry/wana-ranee--5163.html
5164	20240813063551	https://www.historyofceylontea.com/tea-estates/estates-registry/watagoda--5164.html
5166	20241110191052	https://www.historyofceylontea.com/tea-estates/estates-registry/wiharegama--5166.html
5167	20240813044748	https://www.historyofceylontea.com/tea-estates/estates-registry/yelam-mellai--5167.html
5168	20241109063915	https://www.historyofceylontea.com/tea-estates/estates-registry/brae-group-dell-lauragalla--5168.html
5169	20240805030155	https://www.historyofceylontea.com/tea-estates/estates-registry/cinchona--5169.html
5171	20230202154426	https://www.historyofceylontea.com/tea-estates/estates-registry/ensalkande--5171.html
5172	20241007043945	https://www.historyofceylontea.com/tea-estates/estates-registry/gallapowla--5172.html
5173	20200927195702	https://www.historyofceylontea.com/tea-estates/estates-registry/sembuwatte--5173.html
5174	20240302111114	https://www.historyofceylontea.com/tea-estates/estates-registry/gonakande--5174.html
5175	20240419192304	https://www.historyofceylontea.com/tea-estates/estates-registry/kaloopana--5175.html
5178	20240809050603	https://www.historyofceylontea.com/tea-estates/estates-registry/telgama-new--5178.html
5179	20241110181750	https://www.historyofceylontea.com/tea-estates/estates-registry/yailarisymally--5179.html
5191	20241106153653	https://www.historyofceylontea.com/tea-estates/estates-registry/cheat--5191.html
5192	20240809055050	https://www.historyofceylontea.com/tea-estates/estates-registry/uva-ketawella--5192.html
5193	20241113115405	https://www.historyofceylontea.com/tea-estates/estates-registry/daphne-k58--5193.html
5195	20240809063756	https://www.historyofceylontea.com/tea-estates/estates-registry/hapugahalande--5195.html
5196	20240911122413	https://www.historyofceylontea.com/tea-estates/estates-registry/hantanwella-and-rock-park--5196.html
5197	20240915223047	https://www.historyofceylontea.com/tea-estates/estates-registry/gallugodde--5197.html
5198	20241105152310	https://www.historyofceylontea.com/tea-estates/estates-registry/lagalla-group--5198.html
5199	20241011061852	https://www.historyofceylontea.com/tea-estates/estates-registry/homadola-k55--5199.html
5200	20180831191229	http://www.historyofceylontea.com:80/tea-estates/estates-registry/kakiriskanda-and-kohilawagura--5200.html
5203	20240813124641	https://www.historyofceylontea.com/tea-estates/estates-registry/monerieff--5203.html
5206	20240421000503	https://www.historyofceylontea.com/tea-estates/estates-registry/mausaheria--5206.html
5212	20241113115109	https://www.historyofceylontea.com/tea-estates/estates-registry/arambapolla--5212.html
5214	20240810065951	https://www.historyofceylontea.com/tea-estates/estates-registry/caton--5214.html
5219	20241005060749	https://www.historyofceylontea.com/tea-estates/estates-registry/dell--5219.html
5223	20240807184356	https://www.historyofceylontea.com/tea-estates/estates-registry/foyers--5223.html
5228	20240814134715	https://www.historyofceylontea.com/tea-estates/estates-registry/galboda-holloway-s-land--5228.html
5233	20241110015141	https://www.historyofceylontea.com/tea-estates/estates-registry/marnagalla--5233.html
5237	20220704025636	https://www.historyofceylontea.com/tea-estates/estates-registry/narangalla--5237.html
5240	20240914130138	https://www.historyofceylontea.com/tea-estates/estates-registry/ross-dalgaha--5240.html
5241	20240916023901	https://www.historyofceylontea.com/tea-estates/estates-registry/kotiyagala--5241.html
5242	20241010110035	https://www.historyofceylontea.com/tea-estates/estates-registry/lawalhena--5242.html
5247	20220815170156	https://www.historyofceylontea.com/tea-estates/estates-registry/hope--5247.html
5249	20221007131957	https://www.historyofceylontea.com/tea-estates/estates-registry/dryburgh--5249.html
5250	20201124032741	https://www.historyofceylontea.com/tea-estates/estates-registry/elkhill--5250.html
5251	20240807183152	https://www.historyofceylontea.com/tea-estates/estates-registry/forest-2-lots--5251.html
5252	20240807183711	https://www.historyofceylontea.com/tea-estates/estates-registry/forest-3--5252.html
5258	20241112184439	https://www.historyofceylontea.com/tea-estates/estates-registry/mousakanda-group--5258.html
5259	20240419174357	https://www.historyofceylontea.com/tea-estates/estates-registry/puswelkettia-bridport--5259.html
5262	20240813060111	https://www.historyofceylontea.com/tea-estates/estates-registry/do-b-division--5262.html
5263	20221206082431	https://www.historyofceylontea.com/tea-estates/estates-registry/do-c-division--5263.html
5269	20240522142358	https://www.historyofceylontea.com/tea-estates/estates-registry/munewa-group--5269.html
5270	20240916000140	https://www.historyofceylontea.com/tea-estates/estates-registry/--5270.html
5272	20240914141553	https://www.historyofceylontea.com/tea-estates/estates-registry/do-no-2--5272.html
5274	20220928063149	https://www.historyofceylontea.com/tea-estates/estates-registry/--5274.html
5275	20220703081911	https://www.historyofceylontea.com/tea-estates/estates-registry/kirigalpottakanda--5275.html
5276	20211204201859	https://www.historyofceylontea.com/tea-estates/estates-registry/seenigoda-and-panapitiya-k28--5276.html
5277	20241113083339	https://www.historyofceylontea.com/tea-estates/estates-registry/nugatalawa--5277.html
5281	20230328080511	https://www.historyofceylontea.com/tea-estates/estates-registry/kingsland--5281.html
5282	20241110020609	https://www.historyofceylontea.com/tea-estates/estates-registry/managalla--5282.html
5286	20240305072157	https://www.historyofceylontea.com/tea-estates/estates-registry/florida--5286.html
5287	20241110014201	https://www.historyofceylontea.com/tea-estates/estates-registry/stonycliff-and-springkell--5287.html
5288	20240807182554	https://www.historyofceylontea.com/tea-estates/estates-registry/forest-land--5288.html
5289	20240806232219	https://www.historyofceylontea.com/tea-estates/estates-registry/kaduwela--5289.html
5290	20241113090344	https://www.historyofceylontea.com/tea-estates/estates-registry/kalgalla--5290.html
5291	20240518041345	https://www.historyofceylontea.com/tea-estates/estates-registry/gloulyon--5291.html
5292	20240624202332	https://www.historyofceylontea.com/tea-estates/estates-registry/marakana--5292.html
5293	20240525075154	https://www.historyofceylontea.com/tea-estates/estates-registry/ratkarawa--5293.html
5299	20221128151313	https://www.historyofceylontea.com/tea-estates/estates-registry/kahambiliagoda-group-k12--5299.html
5302	20240914134141	https://www.historyofceylontea.com/tea-estates/estates-registry/kekirihena-k64--5302.html
5309	20240716011042	https://www.historyofceylontea.com/tea-estates/estates-registry/kurundakande-k5--5309.html
5314	20240715235949	https://www.historyofceylontea.com/tea-estates/estates-registry/--5314.html
5316	20220705062421	https://www.historyofceylontea.com/tea-estates/estates-registry/tangakellie-and-cymru--5316.html
5319	20240813064417	https://www.historyofceylontea.com/tea-estates/estates-registry/pillagoda-valley-k38--5319.html
5324	20241112184029	https://www.historyofceylontea.com/tea-estates/estates-registry/talangaha-k52--5324.html
5325	20230603114154	https://www.historyofceylontea.com/tea-estates/estates-registry/talgaswella--5325.html
5326	20220525164801	https://www.historyofceylontea.com/tea-estates/estates-registry/tiddydale--5326.html
5330	20210120074617	https://www.historyofceylontea.com/tea-estates/estates-registry/rattotakadu--5330.html
5331	20210120072446	https://www.historyofceylontea.com/tea-estates/estates-registry/sandanawatta--5331.html
5333	20210417102715	https://www.historyofceylontea.com/tea-estates/estates-registry/meegahawela--5333.html
5337	20241011123603	https://www.historyofceylontea.com/tea-estates/estates-registry/agra-elbedde--5337.html
5338	20240918141124	https://www.historyofceylontea.com/tea-estates/estates-registry/bellwood--5338.html
5340	20241011065118	https://www.historyofceylontea.com/tea-estates/estates-registry/bopitiya-group--5340.html
5354	20240722041059	https://www.historyofceylontea.com/tea-estates/estates-registry/suriakanda--5354.html
5356	20241009221030	https://www.historyofceylontea.com/tea-estates/estates-registry/deltotte-group--5356.html
5363	20241006174009	https://www.historyofceylontea.com/tea-estates/estates-registry/haragama-group-c356--5363.html
5367	20240618065516	https://www.historyofceylontea.com/tea-estates/estates-registry/theberton--5367.html
5374	20240525081118	https://www.historyofceylontea.com/tea-estates/estates-registry/upcot--5374.html
5378	20211022084347	https://www.historyofceylontea.com/tea-estates/estates-registry/little-valley--5378.html
5387	20221127092805	https://www.historyofceylontea.com/tea-estates/estates-registry/--5387.html
5391	20230207190120	https://www.historyofceylontea.com/tea-estates/estates-registry/maoya-and-marymount-c17--5391.html
5405	20210514221242	https://www.historyofceylontea.com/tea-estates/estates-registry/maousakelle-c115--5405.html
5432	20221129110824	https://www.historyofceylontea.com/tea-estates/estates-registry/unawiuna--5432.html
5448	20220528103604	https://www.historyofceylontea.com/tea-estates/estates-registry/bellwood--5448.html
5450	20210514235154	https://www.historyofceylontea.com/tea-estates/estates-registry/bopittia--5450.html
5463	20240809192522	https://www.historyofceylontea.com/tea-estates/estates-registry/beaconsfeld--5463.html
5477	20231207100018	https://www.historyofceylontea.com/tea-estates/estates-registry/deltotte--5477.html
5541	20230930030757	https://www.historyofceylontea.com/tea-estates/estates-registry/hlukmodera--5541.html
5555	20210224204038	https://www.historyofceylontea.com/tea-estates/estates-registry/blantyre--5555.html
5556	20240916232922	https://www.historyofceylontea.com/tea-estates/estates-registry/brownlow--5556.html
5557	20240908172808	https://www.historyofceylontea.com/tea-estates/estates-registry/cleaveland--5557.html
5558	20210517232839	https://www.historyofceylontea.com/tea-estates/estates-registry/coriu--5558.html
5559	20240720024803	https://www.historyofceylontea.com/tea-estates/estates-registry/cruden-upper--5559.html
5561	20241009231550	https://www.historyofceylontea.com/tea-estates/estates-registry/dalhousie--5561.html
5562	20211204202207	https://www.historyofceylontea.com/tea-estates/estates-registry/little--5562.html
5564	20211204185534	https://www.historyofceylontea.com/tea-estates/estates-registry/nool--5564.html
5565	20240421080938	https://www.historyofceylontea.com/tea-estates/estates-registry/maddegama-new--5565.html
5573	20221202225642	https://www.historyofceylontea.com/tea-estates/estates-registry/maousakelle--5573.html
5587	20210514225132	https://www.historyofceylontea.com/tea-estates/estates-registry/neelawelle--5587.html
5616	20240521111818	https://www.historyofceylontea.com/tea-estates/estates-registry/dunnotter--5616.html
5617	20240916224942	https://www.historyofceylontea.com/tea-estates/estates-registry/ekolsund--5617.html
5620	20241110190501	https://www.historyofceylontea.com/tea-estates/estates-registry/forres--5620.html
5622	20241113152807	https://www.historyofceylontea.com/tea-estates/estates-registry/gangawatte--5622.html
5630	20240723113449	https://www.historyofceylontea.com/tea-estates/estates-registry/gowravilla-and-nilluganga--5630.html
5633	20240625050522	https://www.historyofceylontea.com/tea-estates/estates-registry/hapugastenn--5633.html
5635	20241009220141	https://www.historyofceylontea.com/tea-estates/estates-registry/john-s-land--5635.html
5638	20240525080439	https://www.historyofceylontea.com/tea-estates/estates-registry/kahagalla--5638.html
5640	20220526212027	https://www.historyofceylontea.com/tea-estates/estates-registry/kelaniya--5640.html
5643	20240807181219	https://www.historyofceylontea.com/tea-estates/estates-registry/abana--5643.html
5644	20240812065004	https://www.historyofceylontea.com/tea-estates/estates-registry/abbasi--5644.html
5645	20240302110141	https://www.historyofceylontea.com/tea-estates/estates-registry/aludeniya--5645.html
5648	20220525170025	https://www.historyofceylontea.com/tea-estates/estates-registry/ambagampola--5648.html
5653	20240722181605	https://www.historyofceylontea.com/tea-estates/estates-registry/ardross--5653.html
5654	20240721161122	https://www.historyofceylontea.com/tea-estates/estates-registry/great-western--5654.html
5656	20240814210524	https://www.historyofceylontea.com/tea-estates/estates-registry/kottagallakelle--5656.html
5657	20241105170821	https://www.historyofceylontea.com/tea-estates/estates-registry/langdale--5657.html
5660	20240714054832	https://www.historyofceylontea.com/tea-estates/estates-registry/nanu-oya--5660.html
5661	20221129110700	https://www.historyofceylontea.com/tea-estates/estates-registry/--5661.html
5662	20240617173718	https://www.historyofceylontea.com/tea-estates/estates-registry/do-new--5662.html
5663	20240418113522	https://www.historyofceylontea.com/tea-estates/estates-registry/--5663.html
5664	20240718100846	https://www.historyofceylontea.com/tea-estates/estates-registry/--5664.html
5665	20200807004021	https://www.historyofceylontea.com/tea-estates/estates-registry/--5665.html
5666	20240718115640	https://www.historyofceylontea.com/tea-estates/estates-registry/mablegamma-new--5666.html
5669	20240809122746	https://www.historyofceylontea.com/tea-estates/estates-registry/middlemarch--5669.html
5670	20240714113722	https://www.historyofceylontea.com/tea-estates/estates-registry/maousakelle--5670.html
5671	20230929063418	https://www.historyofceylontea.com/tea-estates/estates-registry/katapola-group--5671.html
5674	20220528104837	https://www.historyofceylontea.com/tea-estates/estates-registry/naranghena--5674.html
5675	20241106150509	https://www.historyofceylontea.com/tea-estates/estates-registry/narangkadna--5675.html
5678	20241011111312	https://www.historyofceylontea.com/tea-estates/estates-registry/bomham-bayntun--5678.html
5679	20241112201848	https://www.historyofceylontea.com/tea-estates/estates-registry/oolooawatte--5679.html
5680	20210419115758	https://www.historyofceylontea.com/tea-estates/estates-registry/pattiagama--5680.html
5681	20220813172541	https://www.historyofceylontea.com/tea-estates/estates-registry/thibbotuwava--5681.html
5687	20220813183756	https://www.historyofceylontea.com/tea-estates/estates-registry/yakkerungawe--5687.html
5689	20241012092227	https://www.historyofceylontea.com/tea-estates/estates-registry/bowlana-group-c116--5689.html
5690	20240416212646	https://www.historyofceylontea.com/tea-estates/estates-registry/--5690.html
5693	20240911132037	https://www.historyofceylontea.com/tea-estates/estates-registry/deltotte--5693.html
5700	20240714034952	https://www.historyofceylontea.com/tea-estates/estates-registry/great-valley--5700.html
5701	20220813184101	https://www.historyofceylontea.com/tea-estates/estates-registry/harreganmme--5701.html
5702	20240303064233	https://www.historyofceylontea.com/tea-estates/estates-registry/illukmodera--5702.html
5704	20240911123855	https://www.historyofceylontea.com/tea-estates/estates-registry/kirrimettia-new-c338--5704.html
5706	20211204194033	https://www.historyofceylontea.com/tea-estates/estates-registry/--5706.html
5707	20240913052750	https://www.historyofceylontea.com/tea-estates/estates-registry/--5707.html
5708	20240912211541	https://www.historyofceylontea.com/tea-estates/estates-registry/maddegama-new--5708.html
5709	20241012092531	https://www.historyofceylontea.com/tea-estates/estates-registry/lynapitiya--5709.html
5710	20241010115532	https://www.historyofceylontea.com/tea-estates/estates-registry/maddegama-old--5710.html
5713	20240615201148	https://www.historyofceylontea.com/tea-estates/estates-registry/mylepettia--5713.html
5714	20240422040822	https://www.historyofceylontea.com/tea-estates/estates-registry/--5714.html
5715	20241106135114	https://www.historyofceylontea.com/tea-estates/estates-registry/narangkadua--5715.html
5716	20220815220220	https://www.historyofceylontea.com/tea-estates/estates-registry/neelawelle--5716.html
5722	20230529180032	https://www.historyofceylontea.com/tea-estates/estates-registry/wal-oya--5722.html
5724	20240812201845	https://www.historyofceylontea.com/tea-estates/estates-registry/pallatenne--5724.html
5726	20240805184539	https://www.historyofceylontea.com/tea-estates/estates-registry/--5726.html
5728	20240912230200	https://www.historyofceylontea.com/tea-estates/estates-registry/--5728.html
5733	20240805183349	https://www.historyofceylontea.com/tea-estates/estates-registry/grent-valley--5733.html
5734	20220817143302	https://www.historyofceylontea.com/tea-estates/estates-registry/harregamme-x--5734.html
5735	20240622030631	https://www.historyofceylontea.com/tea-estates/estates-registry/dekhinda--5735.html
5738	20211204201231	https://www.historyofceylontea.com/tea-estates/estates-registry/--5738.html
5739	20241109074305	https://www.historyofceylontea.com/tea-estates/estates-registry/loolecondera--5739.html
5740	20200807011039	https://www.historyofceylontea.com/tea-estates/estates-registry/maddegame-new--5740.html
5743	20240418105208	https://www.historyofceylontea.com/tea-estates/estates-registry/--5743.html
5747	20220703234909	https://www.historyofceylontea.com/tea-estates/estates-registry/--5747.html
5751	20200929212740	https://www.historyofceylontea.com/tea-estates/estates-registry/hingalgoda--5751.html
5753	20231209181601	https://www.historyofceylontea.com/tea-estates/estates-registry/lelwala-group--5753.html
5755	20220815165615	https://www.historyofceylontea.com/tea-estates/estates-registry/mussendapotta--5755.html
5757	20180927145504	http://www.historyofceylontea.com:80/tea-estates/estates-registry/hindagalla-group--5757.html
5758	20240719151515	https://www.historyofceylontea.com/tea-estates/estates-registry/atalawa--5758.html
5759	20240913042516	https://www.historyofceylontea.com/tea-estates/estates-registry/atale--5759.html
5760	20240226065824	https://www.historyofceylontea.com/tea-estates/estates-registry/atherfield--5760.html
5761	20210224195648	https://www.historyofceylontea.com/tea-estates/estates-registry/atigala--5761.html
5762	20240812081701	https://www.historyofceylontea.com/tea-estates/estates-registry/kandahena-group--5762.html
5763	20240811082611	https://www.historyofceylontea.com/tea-estates/estates-registry/avington--5763.html
5764	20240522141113	https://www.historyofceylontea.com/tea-estates/estates-registry/avisawella--5764.html
5766	20230202145324	https://www.historyofceylontea.com/tea-estates/estates-registry/ayr--5766.html
5767	20220701223001	https://www.historyofceylontea.com/tea-estates/estates-registry/balahela--5767.html
5768	20220815151749	https://www.historyofceylontea.com/tea-estates/estates-registry/mussendapotts--5768.html
5770	20240918144512	https://www.historyofceylontea.com/tea-estates/estates-registry/bellair--5770.html
5771	20240414053247	https://www.historyofceylontea.com/tea-estates/estates-registry/berryhill--5771.html
5773	20240814135256	https://www.historyofceylontea.com/tea-estates/estates-registry/bibilioyatenne--5773.html
5777	20210126074736	https://www.historyofceylontea.com/tea-estates/estates-registry/bope--5777.html
5778	20240617013151	https://www.historyofceylontea.com/tea-estates/estates-registry/bopekanda--5778.html
5779	20240423035948	https://www.historyofceylontea.com/tea-estates/estates-registry/kingland-w-139--5779.html
5785	20190327123934	https://www.historyofceylontea.com/tea-estates/estates-registry/pothumulla--5785.html
5791	20180609175122	http://www.historyofceylontea.com:80/tea-estates/estates-registry/cecilton-group--5791.html
5792	20241110031024	https://www.historyofceylontea.com/tea-estates/estates-registry/charlie-hill--5792.html
5795	20240916000926	https://www.historyofceylontea.com/tea-estates/estates-registry/chesterford-group--5795.html
5796	20240718141958	https://www.historyofceylontea.com/tea-estates/estates-registry/chiselhurst--5796.html
5797	20240718151908	https://www.historyofceylontea.com/tea-estates/estates-registry/clovalley--5797.html
5798	20240525201146	https://www.historyofceylontea.com/tea-estates/estates-registry/clunes--5798.html
5799	20240519051528	https://www.historyofceylontea.com/tea-estates/estates-registry/--5799.html
5801	20240813053756	https://www.historyofceylontea.com/tea-estates/estates-registry/daigalla--5801.html
5802	20240619140925	https://www.historyofceylontea.com/tea-estates/estates-registry/lizsi-ville--5802.html
5804	20240617133701	https://www.historyofceylontea.com/tea-estates/estates-registry/dambuwatte--5804.html
5805	20240912212459	https://www.historyofceylontea.com/tea-estates/estates-registry/degalessa--5805.html
5806	20241112160259	https://www.historyofceylontea.com/tea-estates/estates-registry/dehiowita--5806.html
5808	20240915030308	https://www.historyofceylontea.com/tea-estates/estates-registry/dambagolla--5808.html
5812	20240620064308	https://www.historyofceylontea.com/tea-estates/estates-registry/densworth--5812.html
5815	20241005070147	https://www.historyofceylontea.com/tea-estates/estates-registry/dewalakande--5815.html
5816	20210128075658	https://www.historyofceylontea.com/tea-estates/estates-registry/nahavilla-w186--5816.html
5818	20240920170044	https://www.historyofceylontea.com/tea-estates/estates-registry/digalla--5818.html
5819	20240805184918	https://www.historyofceylontea.com/tea-estates/estates-registry/wallahanduwa-k40--5819.html
5822	20241110181829	https://www.historyofceylontea.com/tea-estates/estates-registry/doolgalla--5822.html
5826	20240518155349	https://www.historyofceylontea.com/tea-estates/estates-registry/doranakande--5826.html
5828	20241005061042	https://www.historyofceylontea.com/tea-estates/estates-registry/dunedin--5828.html
5829	20240915222115	https://www.historyofceylontea.com/tea-estates/estates-registry/durampitiya--5829.html
5830	20240523161524	https://www.historyofceylontea.com/tea-estates/estates-registry/ederapolla--5830.html
5831	20241102092111	https://www.historyofceylontea.com/tea-estates/estates-registry/eila-and-morton-including-bambaragalla--5831.html
5832	20240722042930	https://www.historyofceylontea.com/tea-estates/estates-registry/eheliyagoda-group--5832.html
5834	20240523144807	https://www.historyofceylontea.com/tea-estates/estates-registry/elston--5834.html
5841	20241011120226	https://www.historyofceylontea.com/tea-estates/estates-registry/uduwara--5841.html
5843	20241010095738	https://www.historyofceylontea.com/tea-estates/estates-registry/erracht--5843.html
5844	20240422022642	https://www.historyofceylontea.com/tea-estates/estates-registry/fairfield--5844.html
5846	20240303052918	https://www.historyofceylontea.com/tea-estates/estates-registry/farnham--5846.html
5848	20240811081923	https://www.historyofceylontea.com/tea-estates/estates-registry/ferriby--5848.html
5853	20241105151442	https://www.historyofceylontea.com/tea-estates/estates-registry/glenalla--5853.html
5854	20240919212542	https://www.historyofceylontea.com/tea-estates/estates-registry/glencorse--5854.html
5855	20240811095829	https://www.historyofceylontea.com/tea-estates/estates-registry/rookatanne-w148--5855.html
5858	20240523145753	https://www.historyofceylontea.com/tea-estates/estates-registry/sapumaltenna--5858.html
5860	20240614214223	https://www.historyofceylontea.com/tea-estates/estates-registry/--5860.html
5861	20240812072311	https://www.historyofceylontea.com/tea-estates/estates-registry/goolshaneally--5861.html
5864	20240916020546	https://www.historyofceylontea.com/tea-estates/estates-registry/--5864.html
5865	20240723113052	https://www.historyofceylontea.com/tea-estates/estates-registry/--5865.html
5869	20240918145110	https://www.historyofceylontea.com/tea-estates/estates-registry/halgolla-group--5869.html
5871	20231128140050	https://www.historyofceylontea.com/tea-estates/estates-registry/halpe--5871.html
5874	20240724191350	https://www.historyofceylontea.com/tea-estates/estates-registry/hatduwa-hathmatte--5874.html
5875	20241013005524	https://www.historyofceylontea.com/tea-estates/estates-registry/hemingford-group--5875.html
5876	20241110025515	https://www.historyofceylontea.com/tea-estates/estates-registry/hewagam--5876.html
5877	20240715164243	https://www.historyofceylontea.com/tea-estates/estates-registry/hilland-group--5877.html
5881	20240805033259	https://www.historyofceylontea.com/tea-estates/estates-registry/honiton-group--5881.html
5883	20240814193531	https://www.historyofceylontea.com/tea-estates/estates-registry/horagalla--5883.html
5887	20240805195342	https://www.historyofceylontea.com/tea-estates/estates-registry/illuktenne--5887.html
5888	20240718150840	https://www.historyofceylontea.com/tea-estates/estates-registry/indurana--5888.html
5889	20240525142935	https://www.historyofceylontea.com/tea-estates/estates-registry/ingoya--5889.html
5891	20240908155516	https://www.historyofceylontea.com/tea-estates/estates-registry/jambulande-group--5891.html
5895	20220519224006	https://www.historyofceylontea.com/tea-estates/estates-registry/uva-dickarawa--5895.html
5900	20221203001952	https://www.historyofceylontea.com/tea-estates/estates-registry/karandana--5900.html
5902	20241016070446	https://www.historyofceylontea.com/tea-estates/estates-registry/kelani--5902.html
5903	20240919202819	https://www.historyofceylontea.com/tea-estates/estates-registry/kendawe--5903.html
5904	20241006155648	https://www.historyofceylontea.com/tea-estates/estates-registry/kendehena--5904.html
5905	20240722132021	https://www.historyofceylontea.com/tea-estates/estates-registry/kinross--5905.html
5907	20240518155906	https://www.historyofceylontea.com/tea-estates/estates-registry/kiriporuwa--5907.html
5908	20220924234059	https://www.historyofceylontea.com/tea-estates/estates-registry/knaveemire--5908.html
5912	20240912095848	https://www.historyofceylontea.com/tea-estates/estates-registry/kotunagalla--5912.html
5914	20241113143949	https://www.historyofceylontea.com/tea-estates/estates-registry/labugama--5914.html
5915	20241013012202	https://www.historyofceylontea.com/tea-estates/estates-registry/lassahena--5915.html
5916	20240814192658	https://www.historyofceylontea.com/tea-estates/estates-registry/lavant-group--5916.html
5922	20240525135256	https://www.historyofceylontea.com/tea-estates/estates-registry/lewelle--5922.html
5925	20240813064547	https://www.historyofceylontea.com/tea-estates/estates-registry/logan--5925.html
5928	20240814132658	https://www.historyofceylontea.com/tea-estates/estates-registry/bogaspitiya--5928.html
5931	20240414044719	https://www.historyofceylontea.com/tea-estates/estates-registry/mahaila--5931.html
5932	20240618173418	https://www.historyofceylontea.com/tea-estates/estates-registry/mahaoya--5932.html
5935	20241005070425	https://www.historyofceylontea.com/tea-estates/estates-registry/craig-forest--5935.html
5938	20241016064654	https://www.historyofceylontea.com/tea-estates/estates-registry/demodara-group--5938.html
5941	20180924190716	http://www.historyofceylontea.com:80/tea-estates/estates-registry/wicklow-galdola-group--5941.html
5942	20240716005200	https://www.historyofceylontea.com/tea-estates/estates-registry/dyrasba--5942.html
5944	20241107071404	https://www.historyofceylontea.com/tea-estates/estates-registry/elmshard-group--5944.html
5945	20240423041157	https://www.historyofceylontea.com/tea-estates/estates-registry/--5945.html
5948	20241011014558	https://www.historyofceylontea.com/tea-estates/estates-registry/haragame-c17--5948.html
5950	20200927191504	https://www.historyofceylontea.com/tea-estates/estates-registry/muttetuwa--5950.html
5951	20240617160205	https://www.historyofceylontea.com/tea-estates/estates-registry/middlemareh--5951.html
5953	20210116170011	https://www.historyofceylontea.com/tea-estates/estates-registry/fingarawa--5953.html
5957	20241006185508	https://www.historyofceylontea.com/tea-estates/estates-registry/mylepittia--5957.html
5958	20240714051330	https://www.historyofceylontea.com/tea-estates/estates-registry/unugalla-group--5958.html
5962	20171219111804	http://www.historyofceylontea.com:80/tea-estates/estates-registry/bogahawatta--5962.html
5965	20241107070823	https://www.historyofceylontea.com/tea-estates/estates-registry/elmhurst-group--5965.html
5966	20240305081416	https://www.historyofceylontea.com/tea-estates/estates-registry/maousakelle-and-new-maddegama-c124--5966.html
5969	20240619142352	https://www.historyofceylontea.com/tea-estates/estates-registry/lizzieville--5969.html
5973	20220706222722	https://www.historyofceylontea.com/tea-estates/estates-registry/mahinkanda--5973.html
5975	20200814134410	https://www.historyofceylontea.com/tea-estates/estates-registry/maliboda--5975.html
5976	20240813061443	https://www.historyofceylontea.com/tea-estates/estates-registry/maligatenne--5976.html
5977	20240916223844	https://www.historyofceylontea.com/tea-estates/estates-registry/malwasawa--5977.html
5978	20240813114933	https://www.historyofceylontea.com/tea-estates/estates-registry/manangalla--5978.html
5979	20221203114034	https://www.historyofceylontea.com/tea-estates/estates-registry/manapolakande--5979.html
5981	20221007122637	https://www.historyofceylontea.com/tea-estates/estates-registry/mapitigama-group--5981.html
5982	20240914144427	https://www.historyofceylontea.com/tea-estates/estates-registry/marambekanda--5982.html
5983	20240715230953	https://www.historyofceylontea.com/tea-estates/estates-registry/markville--5983.html
5986	20230127143940	https://www.historyofceylontea.com/tea-estates/estates-registry/medahena--5986.html
5989	20240812210512	https://www.historyofceylontea.com/tea-estates/estates-registry/meepilawa--5989.html
5990	20240812195044	https://www.historyofceylontea.com/tea-estates/estates-registry/meegahawella--5990.html
5995	20240912213030	https://www.historyofceylontea.com/tea-estates/estates-registry/mipitiakande--5995.html
5999	20211104095722	https://www.historyofceylontea.com/tea-estates/estates-registry/morakelle--5999.html
6002	20240811084429	https://www.historyofceylontea.com/tea-estates/estates-registry/mudamana--6002.html
6005	20241007044425	https://www.historyofceylontea.com/tea-estates/estates-registry/nahalma--6005.html
6008	20230130184946	https://www.historyofceylontea.com/tea-estates/estates-registry/ninfield--6008.html
6009	20211204191438	https://www.historyofceylontea.com/tea-estates/estates-registry/noori--6009.html
6010	20241010103355	https://www.historyofceylontea.com/tea-estates/estates-registry/northumberland--6010.html
6013	20240813120032	https://www.historyofceylontea.com/tea-estates/estates-registry/oaklands--6013.html
6015	20240618021546	https://www.historyofceylontea.com/tea-estates/estates-registry/olabaduwa--6015.html
6023	20240811082508	https://www.historyofceylontea.com/tea-estates/estates-registry/pambagama--6023.html
6024	20240805040602	https://www.historyofceylontea.com/tea-estates/estates-registry/panagula--6024.html
6027	20240722140528	https://www.historyofceylontea.com/tea-estates/estates-registry/panawatte--6027.html
6029	20240714034909	https://www.historyofceylontea.com/tea-estates/estates-registry/parusella--6029.html
6031	20241102074758	https://www.historyofceylontea.com/tea-estates/estates-registry/pemberton--6031.html
6032	20241102075237	https://www.historyofceylontea.com/tea-estates/estates-registry/pemberton--6032.html
6034	20241110031937	https://www.historyofceylontea.com/tea-estates/estates-registry/penrith--6034.html
6039	20220704052042	https://www.historyofceylontea.com/tea-estates/estates-registry/pindenioya--6039.html
6042	20240615191645	https://www.historyofceylontea.com/tea-estates/estates-registry/polatagama--6042.html
6046	20240918153807	https://www.historyofceylontea.com/tea-estates/estates-registry/pussella--6046.html
6047	20210224210825	https://www.historyofceylontea.com/tea-estates/estates-registry/puwakpitiya--6047.html
6050	20240908062112	https://www.historyofceylontea.com/tea-estates/estates-registry/rondura-group--6050.html
6052	20241004220735	https://www.historyofceylontea.com/tea-estates/estates-registry/ruanwella--6052.html
6055	20241006163731	https://www.historyofceylontea.com/tea-estates/estates-registry/st-catherine--6055.html
6056	20240809054717	https://www.historyofceylontea.com/tea-estates/estates-registry/salawe--6056.html
6058	20241102090918	https://www.historyofceylontea.com/tea-estates/estates-registry/sapumalkande-group--6058.html
6059	20240722041020	https://www.historyofceylontea.com/tea-estates/estates-registry/sembawatta--6059.html
6064	20240619133429	https://www.historyofceylontea.com/tea-estates/estates-registry/sittawaka--6064.html
6065	20240815062337	https://www.historyofceylontea.com/tea-estates/estates-registry/st-vincent-stinsford--6065.html
6066	20241110025219	https://www.historyofceylontea.com/tea-estates/estates-registry/sunderland--6066.html
6067	20240815045638	https://www.historyofceylontea.com/tea-estates/estates-registry/sunnycroft--6067.html
6070	20240226084603	https://www.historyofceylontea.com/tea-estates/estates-registry/taldua--6070.html
6074	20220526022242	https://www.historyofceylontea.com/tea-estates/estates-registry/tellisford--6074.html
6077	20240920070043	https://www.historyofceylontea.com/tea-estates/estates-registry/troy--6077.html
6080	20220707075144	https://www.historyofceylontea.com/tea-estates/estates-registry/tummodera--6080.html
6083	20240721161302	https://www.historyofceylontea.com/tea-estates/estates-registry/udabage--6083.html
6089	20241113153840	https://www.historyofceylontea.com/tea-estates/estates-registry/urumiwella--6089.html
6092	20241106150605	https://www.historyofceylontea.com/tea-estates/estates-registry/veralupitiya-group--6092.html
6093	20240914132945	https://www.historyofceylontea.com/tea-estates/estates-registry/vineit--6093.html
6094	20220703183613	https://www.historyofceylontea.com/tea-estates/estates-registry/wagolla--6094.html
6096	20240715012342	https://www.historyofceylontea.com/tea-estates/estates-registry/waharaka--6096.html
6101	20240522140507	https://www.historyofceylontea.com/tea-estates/estates-registry/walauwe-watte--6101.html
6108	20240417192529	https://www.historyofceylontea.com/tea-estates/estates-registry/walpola--6108.html
6111	20240916001955	https://www.historyofceylontea.com/tea-estates/estates-registry/wattagala--6111.html
6112	20240809183534	https://www.historyofceylontea.com/tea-estates/estates-registry/we-oya-group--6112.html
6116	20241004220853	https://www.historyofceylontea.com/tea-estates/estates-registry/wereagalla--6116.html
6118	20240720090526	https://www.historyofceylontea.com/tea-estates/estates-registry/weymouth--6118.html
6120	20240916233502	https://www.historyofceylontea.com/tea-estates/estates-registry/woodend--6120.html
6123	20241011033342	https://www.historyofceylontea.com/tea-estates/estates-registry/yahande--6123.html
6124	20240618194351	https://www.historyofceylontea.com/tea-estates/estates-registry/yaha-ella--6124.html
6126	20240619141228	https://www.historyofceylontea.com/tea-estates/estates-registry/yatapolla--6126.html
6127	20240622034849	https://www.historyofceylontea.com/tea-estates/estates-registry/--6127.html
6128	20240807195246	https://www.historyofceylontea.com/tea-estates/estates-registry/andiegalla--6128.html
6130	20230330200949	https://www.historyofceylontea.com/tea-estates/estates-registry/--6130.html
6131	20240807182339	https://www.historyofceylontea.com/tea-estates/estates-registry/auchinreoch--6131.html
6133	20240907150608	https://www.historyofceylontea.com/tea-estates/estates-registry/deltotte-c117--6133.html
6134	20240617163131	https://www.historyofceylontea.com/tea-estates/estates-registry/gallantenne-c120--6134.html
6135	20220523021636	https://www.historyofceylontea.com/tea-estates/estates-registry/great-valley--6135.html
6143	20220813150436	https://www.historyofceylontea.com/tea-estates/estates-registry/oolooawatte-c126--6143.html
6144	20241113144110	https://www.historyofceylontea.com/tea-estates/estates-registry/pattiagama--6144.html
6146	20240919221918	https://www.historyofceylontea.com/tea-estates/estates-registry/beoconsfield--6146.html
6148	20241006172048	https://www.historyofceylontea.com/tea-estates/estates-registry/bopitiya-group--6148.html
6149	20240813045430	https://www.historyofceylontea.com/tea-estates/estates-registry/--6149.html
6151	20220813161832	https://www.historyofceylontea.com/tea-estates/estates-registry/gongalla--6151.html
6152	20220526204055	https://www.historyofceylontea.com/tea-estates/estates-registry/--6152.html
6153	20241113091613	https://www.historyofceylontea.com/tea-estates/estates-registry/--6153.html
6154	20241106133837	https://www.historyofceylontea.com/tea-estates/estates-registry/brazonose--6154.html
6155	20241105152932	https://www.historyofceylontea.com/tea-estates/estates-registry/binoyn-or-rozel--6155.html
6156	20241005054729	https://www.historyofceylontea.com/tea-estates/estates-registry/maoya-c17--6156.html
6157	20240717155217	https://www.historyofceylontea.com/tea-estates/estates-registry/carelina--6157.html
6158	20241004220354	https://www.historyofceylontea.com/tea-estates/estates-registry/chertsey--6158.html
6160	20230605143237	https://www.historyofceylontea.com/tea-estates/estates-registry/clonlsru--6160.html
6162	20241016064535	https://www.historyofceylontea.com/tea-estates/estates-registry/comar--6162.html
6163	20210514221957	https://www.historyofceylontea.com/tea-estates/estates-registry/neelawelle-c115--6163.html
6164	20240911173427	https://www.historyofceylontea.com/tea-estates/estates-registry/dambaloya--6164.html
6165	20241101205512	https://www.historyofceylontea.com/tea-estates/estates-registry/moragalla--6165.html
6166	20241113094954	https://www.historyofceylontea.com/tea-estates/estates-registry/dennybrook--6166.html
6167	20240714104914	https://www.historyofceylontea.com/tea-estates/estates-registry/--6167.html
6170	20240722054059	https://www.historyofceylontea.com/tea-estates/estates-registry/ivanhoe--6170.html
6171	20241105171050	https://www.historyofceylontea.com/tea-estates/estates-registry/hythe--6171.html
6172	20240717170931	https://www.historyofceylontea.com/tea-estates/estates-registry/kadaweia--6172.html
6173	20250815053235	https://www.historyofceylontea.com/tea-estates/estates-registry/maddegama-new-c124--6173.html
6175	20210514221347	https://www.historyofceylontea.com/tea-estates/estates-registry/maousakelle-c124--6175.html
6176	20241107065254	https://www.historyofceylontea.com/tea-estates/estates-registry/dooigalla--6176.html
6178	20240814141912	https://www.historyofceylontea.com/tea-estates/estates-registry/woodlands--6178.html
6179	20241004123439	https://www.historyofceylontea.com/tea-estates/estates-registry/ederepolla--6179.html
6180	20240721160619	https://www.historyofceylontea.com/tea-estates/estates-registry/ekkieoya--6180.html
6181	20200930002242	https://www.historyofceylontea.com/tea-estates/estates-registry/ella--6181.html
6183	20241006165023	https://www.historyofceylontea.com/tea-estates/estates-registry/sinna-hasogama--6183.html
6185	20220706072353	https://www.historyofceylontea.com/tea-estates/estates-registry/little-valley-c123--6185.html
6186	20241109063602	https://www.historyofceylontea.com/tea-estates/estates-registry/forest--6186.html
6187	20240815055242	https://www.historyofceylontea.com/tea-estates/estates-registry/forest-2133--6187.html
6189	20220704002142	https://www.historyofceylontea.com/tea-estates/estates-registry/hakurugalla--6189.html
6190	20240807195233	https://www.historyofceylontea.com/tea-estates/estates-registry/horegaskelle--6190.html
6192	20241107060445	https://www.historyofceylontea.com/tea-estates/estates-registry/ivies--6192.html
6193	20241011044746	https://www.historyofceylontea.com/tea-estates/estates-registry/keanington--6193.html
6194	20221206141346	https://www.historyofceylontea.com/tea-estates/estates-registry/kanaugama--6194.html
6195	20240624202450	https://www.historyofceylontea.com/tea-estates/estates-registry/kitulgalle--6195.html
6196	20241007234019	https://www.historyofceylontea.com/tea-estates/estates-registry/lyndhurst--6196.html
6197	20240814140921	https://www.historyofceylontea.com/tea-estates/estates-registry/matalawa--6197.html
6198	20241112202741	https://www.historyofceylontea.com/tea-estates/estates-registry/kirimetiya-new-c338--6198.html
6199	20240615103250	https://www.historyofceylontea.com/tea-estates/estates-registry/nahelma--6199.html
6201	20221129113113	https://www.historyofceylontea.com/tea-estates/estates-registry/unuwinna--6201.html
6203	20241113144749	https://www.historyofceylontea.com/tea-estates/estates-registry/gurubedde--6203.html
6204	20241006193207	https://www.historyofceylontea.com/tea-estates/estates-registry/salawa--6204.html
6207	20240812200101	https://www.historyofceylontea.com/tea-estates/estates-registry/wahakula--6207.html
6208	20240914144726	https://www.historyofceylontea.com/tea-estates/estates-registry/werulugolla--6208.html
6209	20241103221832	https://www.historyofceylontea.com/tea-estates/estates-registry/yatanella--6209.html
6210	20231129052722	https://www.historyofceylontea.com/tea-estates/estates-registry/algooltenne--6210.html
6213	20240807180813	https://www.historyofceylontea.com/tea-estates/estates-registry/campbell-s-land--6213.html
6214	20240518031753	https://www.historyofceylontea.com/tea-estates/estates-registry/dotalagalla--6214.html
6215	20240720091517	https://www.historyofceylontea.com/tea-estates/estates-registry/elgalle--6215.html
6216	20240617001948	https://www.historyofceylontea.com/tea-estates/estates-registry/--6216.html
6217	20240715170154	https://www.historyofceylontea.com/tea-estates/estates-registry/eriagastene--6217.html
6218	20230926150225	https://www.historyofceylontea.com/tea-estates/estates-registry/maoya-and-mary-mount-c17--6218.html
6219	20240720093308	https://www.historyofceylontea.com/tea-estates/estates-registry/galgawatte--6219.html
6220	20240907133744	https://www.historyofceylontea.com/tea-estates/estates-registry/gavatenne--6220.html
6221	20231207163442	https://www.historyofceylontea.com/tea-estates/estates-registry/happawidde--6221.html
6222	20240525194318	https://www.historyofceylontea.com/tea-estates/estates-registry/hunasgeria--6222.html
6223	20240918154217	https://www.historyofceylontea.com/tea-estates/estates-registry/hunasgeria-upper--6223.html
6224	20240811084224	https://www.historyofceylontea.com/tea-estates/estates-registry/hunasgeria-lower--6224.html
6225	20240916224711	https://www.historyofceylontea.com/tea-estates/estates-registry/hunasgeria-new--6225.html
6226	20240814201522	https://www.historyofceylontea.com/tea-estates/estates-registry/hunasgeriya-mahaoya--6226.html
6228	20240714053552	https://www.historyofceylontea.com/tea-estates/estates-registry/hunnugalla--6228.html
6232	20240714054343	https://www.historyofceylontea.com/tea-estates/estates-registry/kitulgalla-nillookanda--6232.html
6233	20240814195416	https://www.historyofceylontea.com/tea-estates/estates-registry/luckyland-or-imboolpittia--6233.html
6234	20241013001553	https://www.historyofceylontea.com/tea-estates/estates-registry/malvera--6234.html
6235	20240715183101	https://www.historyofceylontea.com/tea-estates/estates-registry/marion--6235.html
6236	20240718121612	https://www.historyofceylontea.com/tea-estates/estates-registry/pangwella--6236.html
6237	20240806225328	https://www.historyofceylontea.com/tea-estates/estates-registry/patampahai--6237.html
6238	20240806230534	https://www.historyofceylontea.com/tea-estates/estates-registry/pendleton--6238.html
6240	20240617211827	https://www.historyofceylontea.com/tea-estates/estates-registry/udagodde--6240.html
6242	20241004205259	https://www.historyofceylontea.com/tea-estates/estates-registry/weygalla--6242.html
6244	20220519212415	https://www.historyofceylontea.com/tea-estates/estates-registry/ellevakellay--6244.html
6245	20230331200303	https://www.historyofceylontea.com/tea-estates/estates-registry/galgewatte--6245.html
6246	20240919200017	https://www.historyofceylontea.com/tea-estates/estates-registry/st-andrews--6246.html
6247	20240809113725	https://www.historyofceylontea.com/tea-estates/estates-registry/--6247.html
6252	20240423050036	https://www.historyofceylontea.com/tea-estates/estates-registry/kinsale--6252.html
6253	20241004111604	https://www.historyofceylontea.com/tea-estates/estates-registry/--6253.html
6254	20211018081647	https://www.historyofceylontea.com/tea-estates/estates-registry/taprobana--6254.html
6255	20240714100341	https://www.historyofceylontea.com/tea-estates/estates-registry/thornfield-and-gleneagles--6255.html
6258	20241105160457	https://www.historyofceylontea.com/tea-estates/estates-registry/--6258.html
6261	20240715011130	https://www.historyofceylontea.com/tea-estates/estates-registry/wootton-charing--6261.html
6264	20211130120523	https://www.historyofceylontea.com/tea-estates/estates-registry/malvern-patam--6264.html
6265	20201026211941	https://www.historyofceylontea.com/tea-estates/estates-registry/perumal-mason-t--6265.html
6266	20240916032124	https://www.historyofceylontea.com/tea-estates/estates-registry/ardlaw--6266.html
6268	20241010104257	https://www.historyofceylontea.com/tea-estates/estates-registry/bambrakelly--6268.html
6269	20240717154318	https://www.historyofceylontea.com/tea-estates/estates-registry/beigravia--6269.html
6270	20240221191338	https://www.historyofceylontea.com/tea-estates/estates-registry/elakadna-group--6270.html
6272	20240912232538	https://www.historyofceylontea.com/tea-estates/estates-registry/--6272.html
6273	20240416195830	https://www.historyofceylontea.com/tea-estates/estates-registry/coombewood--6273.html
6274	20241011061004	https://www.historyofceylontea.com/tea-estates/estates-registry/mandolagirikande--6274.html
6275	20241110191517	https://www.historyofceylontea.com/tea-estates/estates-registry/meirose--6275.html
6276	20241110190313	https://www.historyofceylontea.com/tea-estates/estates-registry/puruwamaruwa--6276.html
6277	20240809174340	https://www.historyofceylontea.com/tea-estates/estates-registry/--6277.html
6278	20240919205043	https://www.historyofceylontea.com/tea-estates/estates-registry/muttotta--6278.html
6281	20230606131836	https://www.historyofceylontea.com/tea-estates/estates-registry/egmont--6281.html
6288	20240809192227	https://www.historyofceylontea.com/tea-estates/estates-registry/elkaduwa-group--6288.html
6289	20240624185327	https://www.historyofceylontea.com/tea-estates/estates-registry/lunugalla--6289.html
6291	20240807003959	https://www.historyofceylontea.com/tea-estates/estates-registry/abemalla--6291.html
6292	20240810194357	https://www.historyofceylontea.com/tea-estates/estates-registry/alnoor--6292.html
6293	20240912091603	https://www.historyofceylontea.com/tea-estates/estates-registry/asgangula--6293.html
6294	20240914134646	https://www.historyofceylontea.com/tea-estates/estates-registry/anchinreoch--6294.html
6295	20240714054434	https://www.historyofceylontea.com/tea-estates/estates-registry/malvern-patampahei-elgalla--6295.html
6296	20240522023508	https://www.historyofceylontea.com/tea-estates/estates-registry/baigownie--6296.html
6297	20240807193934	https://www.historyofceylontea.com/tea-estates/estates-registry/besconsfield--6297.html
6299	20240725140810	https://www.historyofceylontea.com/tea-estates/estates-registry/clonlara--6299.html
6300	20231206142104	https://www.historyofceylontea.com/tea-estates/estates-registry/wattegodde--6300.html
6301	20240803161521	https://www.historyofceylontea.com/tea-estates/estates-registry/dover--6301.html
6302	20230205142018	https://www.historyofceylontea.com/tea-estates/estates-registry/ernon--6302.html
6303	20231204010331	https://www.historyofceylontea.com/tea-estates/estates-registry/glassel--6303.html
6304	20241007060556	https://www.historyofceylontea.com/tea-estates/estates-registry/hemmingford--6304.html
6305	20240814134406	https://www.historyofceylontea.com/tea-estates/estates-registry/honiton--6305.html
6306	20241013015706	https://www.historyofceylontea.com/tea-estates/estates-registry/kennington--6306.html
6307	20241013002920	https://www.historyofceylontea.com/tea-estates/estates-registry/kanangama--6307.html
6308	20240615101454	https://www.historyofceylontea.com/tea-estates/estates-registry/mahaoya--6308.html
6311	20221130081311	https://www.historyofceylontea.com/tea-estates/estates-registry/mapatigama--6311.html
6313	20241113105914	https://www.historyofceylontea.com/tea-estates/estates-registry/moralioya--6313.html
6314	20241004200608	https://www.historyofceylontea.com/tea-estates/estates-registry/sunnyeroft--6314.html
6315	20241106134018	https://www.historyofceylontea.com/tea-estates/estates-registry/benveula-kurawilla--6315.html
6317	20240809183229	https://www.historyofceylontea.com/tea-estates/estates-registry/wereagolla--6317.html
6319	20201001115209	https://www.historyofceylontea.com/tea-estates/estates-registry/melrose--6319.html
6322	20241016020620	https://www.historyofceylontea.com/tea-estates/estates-registry/hunnasgeriya-group--6322.html
6324	20191120131556	https://www.historyofceylontea.com/tea-estates/estates-registry/ahamad--6324.html
6326	20220704120802	https://www.historyofceylontea.com/tea-estates/estates-registry/ganepalle--6326.html
6327	20240614223018	https://www.historyofceylontea.com/tea-estates/estates-registry/niendagala--6327.html
6328	20241012090837	https://www.historyofceylontea.com/tea-estates/estates-registry/pitakanda--6328.html
6330	20240918140208	https://www.historyofceylontea.com/tea-estates/estates-registry/razeen--6330.html
6331	20241004204710	https://www.historyofceylontea.com/tea-estates/estates-registry/razeen--6331.html
6332	20240807003044	https://www.historyofceylontea.com/tea-estates/estates-registry/abamalla--6332.html
6334	20240725132947	https://www.historyofceylontea.com/tea-estates/estates-registry/bovilla--6334.html
6335	20240807004802	https://www.historyofceylontea.com/tea-estates/estates-registry/broadlands--6335.html
6336	20241109064734	https://www.historyofceylontea.com/tea-estates/estates-registry/forest-lot-3997--6336.html
6337	20241110022052	https://www.historyofceylontea.com/tea-estates/estates-registry/forest-lot-3652--6337.html
6338	20241105165743	https://www.historyofceylontea.com/tea-estates/estates-registry/forest-lot-3686--6338.html
6340	20241112203420	https://www.historyofceylontea.com/tea-estates/estates-registry/clara--6340.html
6343	20241004210229	https://www.historyofceylontea.com/tea-estates/estates-registry/hunasgeria-group--6343.html
6344	20240805184354	https://www.historyofceylontea.com/tea-estates/estates-registry/deyanilakele--6344.html
6345	20240911143431	https://www.historyofceylontea.com/tea-estates/estates-registry/diyagama-d37--6345.html
6346	20240617174902	https://www.historyofceylontea.com/tea-estates/estates-registry/mandolagirikanda--6346.html
6347	20240717172608	https://www.historyofceylontea.com/tea-estates/estates-registry/--6347.html
6348	20240622025548	https://www.historyofceylontea.com/tea-estates/estates-registry/fairfield--6348.html
6352	20240813111944	https://www.historyofceylontea.com/tea-estates/estates-registry/forest-lot-3997--6352.html
6353	20221203121950	https://www.historyofceylontea.com/tea-estates/estates-registry/talingamadde--6353.html
6354	20240810202335	https://www.historyofceylontea.com/tea-estates/estates-registry/glenesk--6354.html
6356	20240525082109	https://www.historyofceylontea.com/tea-estates/estates-registry/--6356.html
6358	20241110192143	https://www.historyofceylontea.com/tea-estates/estates-registry/--6358.html
6359	20241106152830	https://www.historyofceylontea.com/tea-estates/estates-registry/patheriya--6359.html
6360	20240714115902	https://www.historyofceylontea.com/tea-estates/estates-registry/katukelle--6360.html
6361	20220701230741	https://www.historyofceylontea.com/tea-estates/estates-registry/kanan-pella--6361.html
6362	20240805192056	https://www.historyofceylontea.com/tea-estates/estates-registry/merrig--6362.html
6363	20240724172958	https://www.historyofceylontea.com/tea-estates/estates-registry/meddecombra-new-division--6363.html
6371	20241110175701	https://www.historyofceylontea.com/tea-estates/estates-registry/piccadilly--6371.html
6372	20240618184417	https://www.historyofceylontea.com/tea-estates/estates-registry/new-polatagama--6372.html
6373	20240815053039	https://www.historyofceylontea.com/tea-estates/estates-registry/rangegamma--6373.html
6374	20240920162956	https://www.historyofceylontea.com/tea-estates/estates-registry/sirisanda--6374.html
6375	20240809121516	https://www.historyofceylontea.com/tea-estates/estates-registry/talduwa--6375.html
6378	20211021043047	https://www.historyofceylontea.com/tea-estates/estates-registry/vincit--6378.html
6379	20240724192821	https://www.historyofceylontea.com/tea-estates/estates-registry/walpola-mahaoya--6379.html
6380	20241009215907	https://www.historyofceylontea.com/tea-estates/estates-registry/alickland--6380.html
6382	20241005070309	https://www.historyofceylontea.com/tea-estates/estates-registry/ambadeniya-group-z99--6382.html
6383	20240715050013	https://www.historyofceylontea.com/tea-estates/estates-registry/ambana--6383.html
6384	20241009231353	https://www.historyofceylontea.com/tea-estates/estates-registry/ambanpitiya--6384.html
6385	20241009231049	https://www.historyofceylontea.com/tea-estates/estates-registry/amblakande--6385.html
6388	20240913044301	https://www.historyofceylontea.com/tea-estates/estates-registry/arandara--6388.html
6389	20240723111000	https://www.historyofceylontea.com/tea-estates/estates-registry/armagh--6389.html
6390	20240423055412	https://www.historyofceylontea.com/tea-estates/estates-registry/weyweltalawa--6390.html
6392	20230130170237	https://www.historyofceylontea.com/tea-estates/estates-registry/barrington--6392.html
6396	20240912081139	https://www.historyofceylontea.com/tea-estates/estates-registry/yahande-mookalane--6396.html
6404	20240617172744	https://www.historyofceylontea.com/tea-estates/estates-registry/nagolla--6404.html
6408	20240907140817	https://www.historyofceylontea.com/tea-estates/estates-registry/yogamma--6408.html
6409	20241106135610	https://www.historyofceylontea.com/tea-estates/estates-registry/ambanpittia--6409.html
6410	20240813121707	https://www.historyofceylontea.com/tea-estates/estates-registry/horankande--6410.html
6411	20221208120034	https://www.historyofceylontea.com/tea-estates/estates-registry/serapis--6411.html
6419	20220812000407	https://www.historyofceylontea.com/tea-estates/estates-registry/cairn-hill--6419.html
6420	20241106152446	https://www.historyofceylontea.com/tea-estates/estates-registry/eadella--6420.html
6422	20220528135255	https://www.historyofceylontea.com/tea-estates/estates-registry/lesmoir--6422.html
6423	20240715172342	https://www.historyofceylontea.com/tea-estates/estates-registry/monrovis--6423.html
6426	20241110015813	https://www.historyofceylontea.com/tea-estates/estates-registry/udapolla--6426.html
6428	20220814061313	https://www.historyofceylontea.com/tea-estates/estates-registry/hunugalla--6428.html
6429	20240805184849	https://www.historyofceylontea.com/tea-estates/estates-registry/ambedeniya--6429.html
6431	20240919204249	https://www.historyofceylontea.com/tea-estates/estates-registry/ettie--6431.html
6432	20240723104249	https://www.historyofceylontea.com/tea-estates/estates-registry/karandupona--6432.html
6437	20241106153022	https://www.historyofceylontea.com/tea-estates/estates-registry/dodantella--6437.html
6439	20240919220536	https://www.historyofceylontea.com/tea-estates/estates-registry/kempitiya--6439.html
6440	20241110172921	https://www.historyofceylontea.com/tea-estates/estates-registry/korossa--6440.html
6441	20240813062943	https://www.historyofceylontea.com/tea-estates/estates-registry/mabopitiya--6441.html
6442	20191117135159	https://www.historyofceylontea.com/tea-estates/estates-registry/markville--6442.html
6443	20240420061909	https://www.historyofceylontea.com/tea-estates/estates-registry/metipalawelgolle--6443.html
6445	20240720043752	https://www.historyofceylontea.com/tea-estates/estates-registry/pindeni-oya--6445.html
6447	20240912075118	https://www.historyofceylontea.com/tea-estates/estates-registry/delatgama--6447.html
6448	20240617211528	https://www.historyofceylontea.com/tea-estates/estates-registry/gracelyn--6448.html
6451	20201031040310	https://www.historyofceylontea.com/tea-estates/estates-registry/leuke-z--6451.html
6452	20241113143154	https://www.historyofceylontea.com/tea-estates/estates-registry/monrovia--6452.html
6453	20240527063543	https://www.historyofceylontea.com/tea-estates/estates-registry/parambe-group--6453.html
6456	20240714052357	https://www.historyofceylontea.com/tea-estates/estates-registry/yataderiya-tea-co-ltd--6456.html
6459	20240715013254	https://www.historyofceylontea.com/tea-estates/estates-registry/alnagh--6459.html
6460	20230207185112	https://www.historyofceylontea.com/tea-estates/estates-registry/--6460.html
6463	20240617162607	https://www.historyofceylontea.com/tea-estates/estates-registry/dickella--6463.html
6466	20240716001442	https://www.historyofceylontea.com/tea-estates/estates-registry/diwela--6466.html
6468	20240615100353	https://www.historyofceylontea.com/tea-estates/estates-registry/donoughmore--6468.html
6470	20231207072933	https://www.historyofceylontea.com/tea-estates/estates-registry/graigie--6470.html
6472	20241112160453	https://www.historyofceylontea.com/tea-estates/estates-registry/etanawala--6472.html
6476	20241011113405	https://www.historyofceylontea.com/tea-estates/estates-registry/forest-hill--6476.html
6477	20220701223118	https://www.historyofceylontea.com/tea-estates/estates-registry/gaanawn--6477.html
6479	20240617175336	https://www.historyofceylontea.com/tea-estates/estates-registry/golinda--6479.html
6480	20240420224952	https://www.historyofceylontea.com/tea-estates/estates-registry/higgoda--6480.html
6483	20241113155758	https://www.historyofceylontea.com/tea-estates/estates-registry/hinwerelle--6483.html
6484	20230207170746	https://www.historyofceylontea.com/tea-estates/estates-registry/llanfechan--6484.html
6485	20241107074907	https://www.historyofceylontea.com/tea-estates/estates-registry/horanakanda--6485.html
6486	20240813050624	https://www.historyofceylontea.com/tea-estates/estates-registry/ilwana--6486.html
6487	20241010105542	https://www.historyofceylontea.com/tea-estates/estates-registry/kankarahene--6487.html
6489	20240908165720	https://www.historyofceylontea.com/tea-estates/estates-registry/malwasama--6489.html
6495	20241113124042	https://www.historyofceylontea.com/tea-estates/estates-registry/--6495.html
6497	20240422041237	https://www.historyofceylontea.com/tea-estates/estates-registry/kosina--6497.html
6501	20241010104535	https://www.historyofceylontea.com/tea-estates/estates-registry/oaklanda--6501.html
6502	20241004213626	https://www.historyofceylontea.com/tea-estates/estates-registry/maryland--6502.html
6503	20240418080413	https://www.historyofceylontea.com/tea-estates/estates-registry/metiplalwelgoda--6503.html
6504	20220812000657	https://www.historyofceylontea.com/tea-estates/estates-registry/--6504.html
6506	20241012103043	https://www.historyofceylontea.com/tea-estates/estates-registry/narangalla--6506.html
6507	20220811231450	https://www.historyofceylontea.com/tea-estates/estates-registry/dimocia--6507.html
6511	20240908070712	https://www.historyofceylontea.com/tea-estates/estates-registry/niyadurupolla--6511.html
6513	20240912082935	https://www.historyofceylontea.com/tea-estates/estates-registry/pallegama--6513.html
6514	20240913042035	https://www.historyofceylontea.com/tea-estates/estates-registry/panana--6514.html
6515	20241012102414	https://www.historyofceylontea.com/tea-estates/estates-registry/pondappe--6515.html
6516	20240717164623	https://www.historyofceylontea.com/tea-estates/estates-registry/st-forgus--6516.html
6517	20240718145649	https://www.historyofceylontea.com/tea-estates/estates-registry/urakanda--6517.html
6519	20241102092909	https://www.historyofceylontea.com/tea-estates/estates-registry/weniwella--6519.html
6520	20241016071152	https://www.historyofceylontea.com/tea-estates/estates-registry/freshwater--6520.html
6521	20240809063829	https://www.historyofceylontea.com/tea-estates/estates-registry/ambandeniya-group--6521.html
6525	20181014132240	http://www.historyofceylontea.com:80/tea-estates/estates-registry/ullswater--6525.html
6526	20220704025756	https://www.historyofceylontea.com/tea-estates/estates-registry/diwala--6526.html
6529	20220521021224	https://www.historyofceylontea.com/tea-estates/estates-registry/hauteville--6529.html
6530	20241106143753	https://www.historyofceylontea.com/tea-estates/estates-registry/gazuswa--6530.html
6532	20240620054623	https://www.historyofceylontea.com/tea-estates/estates-registry/glenalland--6532.html
6537	20240522142941	https://www.historyofceylontea.com/tea-estates/estates-registry/eonfold-st--6537.html
6539	20210128084552	https://www.historyofceylontea.com/tea-estates/estates-registry/hatbawa-group--6539.html
6540	20240908152042	https://www.historyofceylontea.com/tea-estates/estates-registry/uwana--6540.html
6542	20220526024753	https://www.historyofceylontea.com/tea-estates/estates-registry/kankarahena--6542.html
6543	20201029103932	https://www.historyofceylontea.com/tea-estates/estates-registry/mahaganga--6543.html
6546	20230606140709	https://www.historyofceylontea.com/tea-estates/estates-registry/mountprospect-and-kalugalla--6546.html
6547	20240722165308	https://www.historyofceylontea.com/tea-estates/estates-registry/mylands--6547.html
6548	20220814063523	https://www.historyofceylontea.com/tea-estates/estates-registry/st-fergus--6548.html
6550	20240229025225	https://www.historyofceylontea.com/tea-estates/estates-registry/dannorakande--6550.html
6551	20240718133500	https://www.historyofceylontea.com/tea-estates/estates-registry/urakande--6551.html
6552	20240719142059	https://www.historyofceylontea.com/tea-estates/estates-registry/ekneligoda--6552.html
6554	20241110191412	https://www.historyofceylontea.com/tea-estates/estates-registry/debatagama--6554.html
6555	20210120055153	https://www.historyofceylontea.com/tea-estates/estates-registry/diwella--6555.html
6556	20230328085756	https://www.historyofceylontea.com/tea-estates/estates-registry/etnawala--6556.html
6557	20240920161851	https://www.historyofceylontea.com/tea-estates/estates-registry/galapitimada--6557.html
6558	20241106152908	https://www.historyofceylontea.com/tea-estates/estates-registry/gasnawa--6558.html
6559	20240523124627	https://www.historyofceylontea.com/tea-estates/estates-registry/glenalmond--6559.html
6560	20241012100945	https://www.historyofceylontea.com/tea-estates/estates-registry/katukitulhena--6560.html
6561	20240620050429	https://www.historyofceylontea.com/tea-estates/estates-registry/lenkka-and-dodantella--6561.html
6562	20240722131235	https://www.historyofceylontea.com/tea-estates/estates-registry/mayfair--6562.html
6564	20240912093117	https://www.historyofceylontea.com/tea-estates/estates-registry/orakande--6564.html
6565	20240722132412	https://www.historyofceylontea.com/tea-estates/estates-registry/penihela--6565.html
6566	20240722174618	https://www.historyofceylontea.com/tea-estates/estates-registry/s-fergus--6566.html
6567	20241009214719	https://www.historyofceylontea.com/tea-estates/estates-registry/ambalakande--6567.html
6570	20241004113017	https://www.historyofceylontea.com/tea-estates/estates-registry/bonoughmore--6570.html
6571	20241106141118	https://www.historyofceylontea.com/tea-estates/estates-registry/gasnawa-group--6571.html
6572	20240620070707	https://www.historyofceylontea.com/tea-estates/estates-registry/glenwood--6572.html
6573	20221127083527	https://www.historyofceylontea.com/tea-estates/estates-registry/golinda-group--6573.html
6574	20241013020539	https://www.historyofceylontea.com/tea-estates/estates-registry/kankerahene--6574.html
6576	20220526021148	https://www.historyofceylontea.com/tea-estates/estates-registry/malwana--6576.html
6577	20240912090748	https://www.historyofceylontea.com/tea-estates/estates-registry/niyadurapolla--6577.html
6582	20240718145848	https://www.historyofceylontea.com/tea-estates/estates-registry/debatgama--6582.html
6583	20180927154552	http://www.historyofceylontea.com:80/tea-estates/estates-registry/dedigama--6583.html
6584	20230206072316	https://www.historyofceylontea.com/tea-estates/estates-registry/malagama--6584.html
6585	20241106142308	https://www.historyofceylontea.com/tea-estates/estates-registry/indigolla--6585.html
6586	20240809124746	https://www.historyofceylontea.com/tea-estates/estates-registry/kongode-group--6586.html
6589	20240620050517	https://www.historyofceylontea.com/tea-estates/estates-registry/leukka-group--6589.html
6590	20240522144021	https://www.historyofceylontea.com/tea-estates/estates-registry/madurapitiya--6590.html
6591	20240618035428	https://www.historyofceylontea.com/tea-estates/estates-registry/mahahena--6591.html
6594	20240522133526	https://www.historyofceylontea.com/tea-estates/estates-registry/mount-monica--6594.html
6595	20240911122015	https://www.historyofceylontea.com/tea-estates/estates-registry/nandiwala--6595.html
6598	20240416234035	https://www.historyofceylontea.com/tea-estates/estates-registry/wadupola--6598.html
6602	20220704032332	https://www.historyofceylontea.com/tea-estates/estates-registry/epalaw--6602.html
6603	20240620053009	https://www.historyofceylontea.com/tea-estates/estates-registry/glenalmond--6603.html
6604	20240615104550	https://www.historyofceylontea.com/tea-estates/estates-registry/malugama--6604.html
6606	20240418070644	https://www.historyofceylontea.com/tea-estates/estates-registry/milgastenna--6606.html
6608	20240912083618	https://www.historyofceylontea.com/tea-estates/estates-registry/pallegama--6608.html
6609	20240618044401	https://www.historyofceylontea.com/tea-estates/estates-registry/panarambe-group--6609.html
6611	20240518161010	https://www.historyofceylontea.com/tea-estates/estates-registry/waduwawa--6611.html
6616	20220704035552	https://www.historyofceylontea.com/tea-estates/estates-registry/epalawa--6616.html
6617	20241106152644	https://www.historyofceylontea.com/tea-estates/estates-registry/gansawa-group--6617.html
6619	20220814064259	https://www.historyofceylontea.com/tea-estates/estates-registry/godapola--6619.html
6620	20240714105317	https://www.historyofceylontea.com/tea-estates/estates-registry/halugama--6620.html
6621	20210228185150	https://www.historyofceylontea.com/tea-estates/estates-registry/hathwawa-group--6621.html
6624	20241107073839	https://www.historyofceylontea.com/tea-estates/estates-registry/labugolla-and-ilukgolla--6624.html
6625	20240620053708	https://www.historyofceylontea.com/tea-estates/estates-registry/lankka-group--6625.html
6626	20240418072458	https://www.historyofceylontea.com/tea-estates/estates-registry/metipelawelgolla--6626.html
6631	20241006192913	https://www.historyofceylontea.com/tea-estates/estates-registry/donald-s-land--6631.html
6632	20241009225900	https://www.historyofceylontea.com/tea-estates/estates-registry/dorpet--6632.html
6633	20210514081634	https://www.historyofceylontea.com/tea-estates/estates-registry/hathbawa-group--6633.html
6645	20241110184923	https://www.historyofceylontea.com/tea-estates/estates-registry/larchfield--6645.html
6646	20220526080153	https://www.historyofceylontea.com/tea-estates/estates-registry/laxapane-upper--6646.html
6647	20240617162831	https://www.historyofceylontea.com/tea-estates/estates-registry/glenaak--6647.html
6650	20241104201906	https://www.historyofceylontea.com/tea-estates/estates-registry/garapanagala-new--6650.html
6651	20240911155859	https://www.historyofceylontea.com/tea-estates/estates-registry/cucombe--6651.html
6657	20220706004203	https://www.historyofceylontea.com/tea-estates/estates-registry/merria-cotta--6657.html
6659	20240811084129	https://www.historyofceylontea.com/tea-estates/estates-registry/bridwell--6659.html
6663	20221129122451	https://www.historyofceylontea.com/tea-estates/estates-registry/cottagalla--6663.html
6665	20241005063519	https://www.historyofceylontea.com/tea-estates/estates-registry/dedigama-group--6665.html
6666	20220810203125	https://www.historyofceylontea.com/tea-estates/estates-registry/moeba--6666.html
6669	20240618054427	https://www.historyofceylontea.com/tea-estates/estates-registry/lavant-ellieoya--6669.html
6689	20241016082406	https://www.historyofceylontea.com/tea-estates/estates-registry/--6689.html
6768	20210124000050	https://www.historyofceylontea.com/tea-estates/estates-registry/horanakande--6768.html
6769	20240720031507	https://www.historyofceylontea.com/tea-estates/estates-registry/kandupitiya--6769.html
6770	20200927203037	https://www.historyofceylontea.com/tea-estates/estates-registry/kekulawala--6770.html
6773	20241009222929	https://www.historyofceylontea.com/tea-estates/estates-registry/madeniya-group--6773.html
6776	20240812205602	https://www.historyofceylontea.com/tea-estates/estates-registry/verulupitiya--6776.html
6777	20241004201732	https://www.historyofceylontea.com/tea-estates/estates-registry/weoya-new-polatagama--6777.html
6778	20241106154959	https://www.historyofceylontea.com/tea-estates/estates-registry/yategoda--6778.html
6779	20230207172728	https://www.historyofceylontea.com/tea-estates/estates-registry/weodend--6779.html
6782	20220706214332	https://www.historyofceylontea.com/tea-estates/estates-registry/ampenakanda--6782.html
6785	20241102074840	https://www.historyofceylontea.com/tea-estates/estates-registry/newlands--6785.html
6786	20210417121931	https://www.historyofceylontea.com/tea-estates/estates-registry/rosyth--6786.html
6790	20240523160026	https://www.historyofceylontea.com/tea-estates/estates-registry/berry-hill--6790.html
6792	20240812074027	https://www.historyofceylontea.com/tea-estates/estates-registry/berenawa--6792.html
6793	20241106133625	https://www.historyofceylontea.com/tea-estates/estates-registry/yatagoda--6793.html
6795	20240522144948	https://www.historyofceylontea.com/tea-estates/estates-registry/deyanilla--6795.html
6796	20230323042801	https://www.historyofceylontea.com/tea-estates/estates-registry/ellerton--6796.html
6797	20240518070759	https://www.historyofceylontea.com/tea-estates/estates-registry/galheria--6797.html
6798	20240803171407	https://www.historyofceylontea.com/tea-estates/estates-registry/hatale--6798.html
6799	20240723103539	https://www.historyofceylontea.com/tea-estates/estates-registry/digowa--6799.html
6800	20240815050257	https://www.historyofceylontea.com/tea-estates/estates-registry/hoolankande-group--6800.html
6803	20241012094722	https://www.historyofceylontea.com/tea-estates/estates-registry/huluganga--6803.html
6806	20240725135539	https://www.historyofceylontea.com/tea-estates/estates-registry/mahaousa--6806.html
6809	20241104055603	https://www.historyofceylontea.com/tea-estates/estates-registry/nillomally-malwatte--6809.html
6811	20240920161544	https://www.historyofceylontea.com/tea-estates/estates-registry/oouangalla-and-richlands--6811.html
6812	20241103213212	https://www.historyofceylontea.com/tea-estates/estates-registry/ratnatenne-and-daluk-oya--6812.html
6814	20240423035438	https://www.historyofceylontea.com/tea-estates/estates-registry/wattakelly--6814.html
6817	20241104052534	https://www.historyofceylontea.com/tea-estates/estates-registry/eila-yorlon--6817.html
6820	20240908103300	https://www.historyofceylontea.com/tea-estates/estates-registry/ganapalla--6820.html
6822	20221203115124	https://www.historyofceylontea.com/tea-estates/estates-registry/glamel--6822.html
6823	20210227010141	https://www.historyofceylontea.com/tea-estates/estates-registry/serugalkande--6823.html
6824	20201129075455	https://www.historyofceylontea.com/tea-estates/estates-registry/madoolkelle--6824.html
6825	20240812072517	https://www.historyofceylontea.com/tea-estates/estates-registry/goalshana-ally--6825.html
6826	20241010101706	https://www.historyofceylontea.com/tea-estates/estates-registry/malwatte--6826.html
6827	20240718101418	https://www.historyofceylontea.com/tea-estates/estates-registry/mahausa--6827.html
6829	20220707071919	https://www.historyofceylontea.com/tea-estates/estates-registry/morahilla--6829.html
6830	20240418065350	https://www.historyofceylontea.com/tea-estates/estates-registry/thiriwanaketiya--6830.html
6831	20240911164303	https://www.historyofceylontea.com/tea-estates/estates-registry/nartawakelle--6831.html
6833	20240916224006	https://www.historyofceylontea.com/tea-estates/estates-registry/oonoonagalla--6833.html
6835	20240908073205	https://www.historyofceylontea.com/tea-estates/estates-registry/relugas--6835.html
6838	20220706231107	https://www.historyofceylontea.com/tea-estates/estates-registry/iluktenna--6838.html
6841	20240806235310	https://www.historyofceylontea.com/tea-estates/estates-registry/madulkelly-montserrat--6841.html
6842	20241109072020	https://www.historyofceylontea.com/tea-estates/estates-registry/kotunnagala--6842.html
6845	20230331192028	https://www.historyofceylontea.com/tea-estates/estates-registry/lavant-ekkieoya--6845.html
6848	20230204023417	https://www.historyofceylontea.com/tea-estates/estates-registry/mahalla--6848.html
6849	20241101202304	https://www.historyofceylontea.com/tea-estates/estates-registry/nelicollawatte--6849.html
6852	20211127212444	https://www.historyofceylontea.com/tea-estates/estates-registry/morambekanda--6852.html
6855	20240714094623	https://www.historyofceylontea.com/tea-estates/estates-registry/mousakelle--6855.html
6856	20240717174450	https://www.historyofceylontea.com/tea-estates/estates-registry/new-brunswick--6856.html
6857	20240908151625	https://www.historyofceylontea.com/tea-estates/estates-registry/munangala--6857.html
6858	20240415094333	https://www.historyofceylontea.com/tea-estates/estates-registry/nahalama--6858.html
6860	20230202153725	https://www.historyofceylontea.com/tea-estates/estates-registry/new-cadoldenia--6860.html
6861	20241016082330	https://www.historyofceylontea.com/tea-estates/estates-registry/ovoca--6861.html
6862	20240811075945	https://www.historyofceylontea.com/tea-estates/estates-registry/para-estate--6862.html
6863	20241110190725	https://www.historyofceylontea.com/tea-estates/estates-registry/queensland--6863.html
6864	20240920181722	https://www.historyofceylontea.com/tea-estates/estates-registry/rutherford--6864.html
6865	20240911141205	https://www.historyofceylontea.com/tea-estates/estates-registry/scarborough--6865.html
6866	20240815223119	https://www.historyofceylontea.com/tea-estates/estates-registry/reueastle--6866.html
6869	20240522020558	https://www.historyofceylontea.com/tea-estates/estates-registry/sitawaka--6869.html
6870	20241107060535	https://www.historyofceylontea.com/tea-estates/estates-registry/--6870.html
6874	20240305100906	https://www.historyofceylontea.com/tea-estates/estates-registry/beaconsfield--6874.html
6875	20240814130758	https://www.historyofceylontea.com/tea-estates/estates-registry/bevys--6875.html
6876	20220525163321	https://www.historyofceylontea.com/tea-estates/estates-registry/vellehinda--6876.html
6877	20240912225755	https://www.historyofceylontea.com/tea-estates/estates-registry/--6877.html
6878	20241006191426	https://www.historyofceylontea.com/tea-estates/estates-registry/brunswick--6878.html
6879	20210224202726	https://www.historyofceylontea.com/tea-estates/estates-registry/corin--6879.html
6880	20240718104325	https://www.historyofceylontea.com/tea-estates/estates-registry/wellangall--6880.html
6881	20240914145540	https://www.historyofceylontea.com/tea-estates/estates-registry/eltedde--6881.html
6882	20200921170208	https://www.historyofceylontea.com/tea-estates/estates-registry/craighill--6882.html
6883	20240521095935	https://www.historyofceylontea.com/tea-estates/estates-registry/middleton-y-d-82--6883.html
6888	20240522141554	https://www.historyofceylontea.com/tea-estates/estates-registry/ekolsund--6888.html
6889	20240911142703	https://www.historyofceylontea.com/tea-estates/estates-registry/erlsmere--6889.html
6890	20240915023044	https://www.historyofceylontea.com/tea-estates/estates-registry/elle-oya--6890.html
6893	20201126182004	https://www.historyofceylontea.com/tea-estates/estates-registry/gowravilla-and-nilluganga--6893.html
6895	20230607214154	https://www.historyofceylontea.com/tea-estates/estates-registry/kelamya--6895.html
6898	20241006174854	https://www.historyofceylontea.com/tea-estates/estates-registry/mossoed--6898.html
6902	20241112164648	https://www.historyofceylontea.com/tea-estates/estates-registry/--6902.html
6905	20210616115038	https://www.historyofceylontea.com/tea-estates/estates-registry/gleueairn--6905.html
6906	20240920173848	https://www.historyofceylontea.com/tea-estates/estates-registry/st-andrews--6906.html
6907	20220814194602	https://www.historyofceylontea.com/tea-estates/estates-registry/nutbourno-x-d88--6907.html
6908	20240815064732	https://www.historyofceylontea.com/tea-estates/estates-registry/--6908.html
6916	20240913042239	https://www.historyofceylontea.com/tea-estates/estates-registry/gorthie--6916.html
6918	20210224201042	https://www.historyofceylontea.com/tea-estates/estates-registry/gonagala--6918.html
6919	20220705063357	https://www.historyofceylontea.com/tea-estates/estates-registry/hadley--6919.html
6921	20241101203717	https://www.historyofceylontea.com/tea-estates/estates-registry/hallowella--6921.html
6922	20240617005228	https://www.historyofceylontea.com/tea-estates/estates-registry/hatton--6922.html
6923	20240617190904	https://www.historyofceylontea.com/tea-estates/estates-registry/gallawatte--6923.html
6924	20241106143325	https://www.historyofceylontea.com/tea-estates/estates-registry/hinurella--6924.html
6925	20240722140801	https://www.historyofceylontea.com/tea-estates/estates-registry/humbaswalana--6925.html
6926	20240527054718	https://www.historyofceylontea.com/tea-estates/estates-registry/iagestre--6926.html
6928	20240805040139	https://www.historyofceylontea.com/tea-estates/estates-registry/--6928.html
6929	20201127113138	https://www.historyofceylontea.com/tea-estates/estates-registry/st-george-woodlake--6929.html
6930	20220815014501	https://www.historyofceylontea.com/tea-estates/estates-registry/midlethan--6930.html
6934	20240417195830	https://www.historyofceylontea.com/tea-estates/estates-registry/morray-and-valla--6934.html
6935	20241011053719	https://www.historyofceylontea.com/tea-estates/estates-registry/new-caledonia--6935.html
6939	20221204060945	https://www.historyofceylontea.com/tea-estates/estates-registry/stonveliff--6939.html
6940	20241016020542	https://www.historyofceylontea.com/tea-estates/estates-registry/maligatenne--6940.html
6942	20211019182810	https://www.historyofceylontea.com/tea-estates/estates-registry/lawrence--6942.html
6945	20240715022104	https://www.historyofceylontea.com/tea-estates/estates-registry/talawakelie--6945.html
6946	20240619134331	https://www.historyofceylontea.com/tea-estates/estates-registry/mount-pleasant--6946.html
6948	20240423175843	https://www.historyofceylontea.com/tea-estates/estates-registry/--6948.html
6949	20241011113812	https://www.historyofceylontea.com/tea-estates/estates-registry/munangalla--6949.html
6950	20240717173217	https://www.historyofceylontea.com/tea-estates/estates-registry/--6950.html
6954	20241113112005	https://www.historyofceylontea.com/tea-estates/estates-registry/panagula--6954.html
6956	20240624202252	https://www.historyofceylontea.com/tea-estates/estates-registry/ambathala--6956.html
6957	20240718114857	https://www.historyofceylontea.com/tea-estates/estates-registry/ambatenne--6957.html
6958	20220521021450	https://www.historyofceylontea.com/tea-estates/estates-registry/andigama--6958.html
6960	20240812080815	https://www.historyofceylontea.com/tea-estates/estates-registry/glencee--6960.html
6961	20240814195254	https://www.historyofceylontea.com/tea-estates/estates-registry/glendgie--6961.html
6962	20240813052526	https://www.historyofceylontea.com/tea-estates/estates-registry/arapolakanda--6962.html
6968	20241113121916	https://www.historyofceylontea.com/tea-estates/estates-registry/batalagoda--6968.html
6969	20240809193359	https://www.historyofceylontea.com/tea-estates/estates-registry/gouravilla-and-nillganga--6969.html
6970	20230605143740	https://www.historyofceylontea.com/tea-estates/estates-registry/batalawatta--6970.html
6971	20240720104145	https://www.historyofceylontea.com/tea-estates/estates-registry/--6971.html
6975	20221001212401	https://www.historyofceylontea.com/tea-estates/estates-registry/clovis--6975.html
6977	20181025075757	http://www.historyofceylontea.com:80/tea-estates/estates-registry/daisy-valley--6977.html
6979	20240522012209	https://www.historyofceylontea.com/tea-estates/estates-registry/delgolla--6979.html
6981	20240301132604	https://www.historyofceylontea.com/tea-estates/estates-registry/delwita-group--6981.html
6982	20220706040847	https://www.historyofceylontea.com/tea-estates/estates-registry/devalagala--6982.html
6985	20240715030058	https://www.historyofceylontea.com/tea-estates/estates-registry/dynevor--6985.html
6986	20240920063029	https://www.historyofceylontea.com/tea-estates/estates-registry/luccombe--6986.html
6987	20241113161154	https://www.historyofceylontea.com/tea-estates/estates-registry/eadella-group--6987.html
6989	20240913041912	https://www.historyofceylontea.com/tea-estates/estates-registry/mahagala--6989.html
6993	20240803160602	https://www.historyofceylontea.com/tea-estates/estates-registry/faltonsland--6993.html
6999	20241113084013	https://www.historyofceylontea.com/tea-estates/estates-registry/gurugoda--6999.html
7002	20220704130257	https://www.historyofceylontea.com/tea-estates/estates-registry/hewadiwala--7002.html
7005	20230607220445	https://www.historyofceylontea.com/tea-estates/estates-registry/isleworth--7005.html
7010	20230130174538	https://www.historyofceylontea.com/tea-estates/estates-registry/kirivaula--7010.html
7012	20180716033221	http://www.historyofceylontea.com:80/tea-estates/estates-registry/lenawa-farm--7012.html
7013	20241011112151	https://www.historyofceylontea.com/tea-estates/estates-registry/lena-wihare--7013.html
7016	20240624202130	https://www.historyofceylontea.com/tea-estates/estates-registry/malliyagodde--7016.html
7017	20220706000848	https://www.historyofceylontea.com/tea-estates/estates-registry/marlbe--7017.html
7021	20240720040609	https://www.historyofceylontea.com/tea-estates/estates-registry/--7021.html
7026	20240714114242	https://www.historyofceylontea.com/tea-estates/estates-registry/moragolla--7026.html
7027	20220815150702	https://www.historyofceylontea.com/tea-estates/estates-registry/morankelle-south--7027.html
7028	20240615114033	https://www.historyofceylontea.com/tea-estates/estates-registry/morantenna-group--7028.html
7029	20240912084750	https://www.historyofceylontea.com/tea-estates/estates-registry/muwankande--7029.html
7032	20240911174859	https://www.historyofceylontea.com/tea-estates/estates-registry/--7032.html
7037	20241011052817	https://www.historyofceylontea.com/tea-estates/estates-registry/pangalla--7037.html
7039	20200927190340	https://www.historyofceylontea.com/tea-estates/estates-registry/pathregalla--7039.html
7043	20240815210927	https://www.historyofceylontea.com/tea-estates/estates-registry/pilessa--7043.html
7044	20210306233549	https://www.historyofceylontea.com/tea-estates/estates-registry/redegama--7044.html
7045	20230208081747	https://www.historyofceylontea.com/tea-estates/estates-registry/ridi-uyanwatta--7045.html
7049	20240414043923	https://www.historyofceylontea.com/tea-estates/estates-registry/shakerley--7049.html
7050	20240518163854	https://www.historyofceylontea.com/tea-estates/estates-registry/sir-viato--7050.html
7055	20240718103813	https://www.historyofceylontea.com/tea-estates/estates-registry/talakotuwa--7055.html
7058	20240715234500	https://www.historyofceylontea.com/tea-estates/estates-registry/udakelle--7058.html
7059	20240715235133	https://www.historyofceylontea.com/tea-estates/estates-registry/udapolla-group--7059.html
7065	20240720040332	https://www.historyofceylontea.com/tea-estates/estates-registry/wanasgalla--7065.html
7067	20220813161144	https://www.historyofceylontea.com/tea-estates/estates-registry/woodlands--7067.html
7069	20240303091227	https://www.historyofceylontea.com/tea-estates/estates-registry/yatawehera--7069.html
7071	20240714111812	https://www.historyofceylontea.com/tea-estates/estates-registry/lanka-and-craig-hill--7071.html
7072	20220528145106	https://www.historyofceylontea.com/tea-estates/estates-registry/ambecoombrai--7072.html
7073	20220528225224	https://www.historyofceylontea.com/tea-estates/estates-registry/ancumbura--7073.html
7074	20220528225953	https://www.historyofceylontea.com/tea-estates/estates-registry/bargamma--7074.html
7076	20220528134228	https://www.historyofceylontea.com/tea-estates/estates-registry/boccalawella--7076.html
7077	20241013010653	https://www.historyofceylontea.com/tea-estates/estates-registry/boccawelle-mookalane--7077.html
7080	20240518033743	https://www.historyofceylontea.com/tea-estates/estates-registry/bon-accord--7080.html
7081	20240305145155	https://www.historyofceylontea.com/tea-estates/estates-registry/bullatwellekande--7081.html
7082	20211026125939	https://www.historyofceylontea.com/tea-estates/estates-registry/lincing-lane--7082.html
7083	20220814073733	https://www.historyofceylontea.com/tea-estates/estates-registry/bullgahatenne--7083.html
7085	20241016004857	https://www.historyofceylontea.com/tea-estates/estates-registry/dea-ella--7085.html
7086	20240911140101	https://www.historyofceylontea.com/tea-estates/estates-registry/monakelle--7086.html
7088	20230605125324	https://www.historyofceylontea.com/tea-estates/estates-registry/tyanza--7088.html
7093	20240615195759	https://www.historyofceylontea.com/tea-estates/estates-registry/dodangtalawa--7093.html
7095	20241004201433	https://www.historyofceylontea.com/tea-estates/estates-registry/st-andrews--7095.html
7097	20240723105547	https://www.historyofceylontea.com/tea-estates/estates-registry/dunira--7097.html
7098	20220528234951	https://www.historyofceylontea.com/tea-estates/estates-registry/galanne--7098.html
7101	20240714035758	https://www.historyofceylontea.com/tea-estates/estates-registry/greenwood--7101.html
7104	20241009223837	https://www.historyofceylontea.com/tea-estates/estates-registry/hingulgalla--7104.html
7106	20220528233237	https://www.historyofceylontea.com/tea-estates/estates-registry/kandewatte--7106.html
7108	20240717154226	https://www.historyofceylontea.com/tea-estates/estates-registry/mahawatty--7108.html
7111	20241102083156	https://www.historyofceylontea.com/tea-estates/estates-registry/moragalla--7111.html
7112	20220528104934	https://www.historyofceylontea.com/tea-estates/estates-registry/morankande--7112.html
7113	20240523150128	https://www.historyofceylontea.com/tea-estates/estates-registry/mousava--7113.html
7117	20180826002901	http://www.historyofceylontea.com:80/tea-estates/estates-registry/dromoland--7117.html
7118	20240718121837	https://www.historyofceylontea.com/tea-estates/estates-registry/drybarron--7118.html
7120	20220521035519	https://www.historyofceylontea.com/tea-estates/estates-registry/palugolle--7120.html
7124	20221210024809	https://www.historyofceylontea.com/tea-estates/estates-registry/raglan--7124.html
7127	20221126100334	https://www.historyofceylontea.com/tea-estates/estates-registry/rock-barton--7127.html
7128	20240717171500	https://www.historyofceylontea.com/tea-estates/estates-registry/rock-cave--7128.html
7129	20241109075329	https://www.historyofceylontea.com/tea-estates/estates-registry/rockhill--7129.html
7138	20240812072503	https://www.historyofceylontea.com/tea-estates/estates-registry/woodlands--7138.html
7140	20240809185426	https://www.historyofceylontea.com/tea-estates/estates-registry/woodslee--7140.html
7141	20241013004412	https://www.historyofceylontea.com/tea-estates/estates-registry/caskichen--7141.html
7142	20241113090227	https://www.historyofceylontea.com/tea-estates/estates-registry/yahalatenne--7142.html
7143	20220811135419	https://www.historyofceylontea.com/tea-estates/estates-registry/donnottar--7143.html
7144	20220707012242	https://www.historyofceylontea.com/tea-estates/estates-registry/ekoland--7144.html
7145	20220528144107	https://www.historyofceylontea.com/tea-estates/estates-registry/beragamme--7145.html
7146	20240806234832	https://www.historyofceylontea.com/tea-estates/estates-registry/belgodde--7146.html
7147	20220528234139	https://www.historyofceylontea.com/tea-estates/estates-registry/boccawella--7147.html
7149	20220812004120	https://www.historyofceylontea.com/tea-estates/estates-registry/--7149.html
7152	20190916042139	https://www.historyofceylontea.com/tea-estates/estates-registry/trey--7152.html
7153	20220815163209	https://www.historyofceylontea.com/tea-estates/estates-registry/delgolla--7153.html
7155	20240814194938	https://www.historyofceylontea.com/tea-estates/estates-registry/laxapana-group--7155.html
7161	20221007113938	https://www.historyofceylontea.com/tea-estates/estates-registry/kallugallatenne--7161.html
7162	20220528132558	https://www.historyofceylontea.com/tea-estates/estates-registry/kandewatte--7162.html
7163	20240718120206	https://www.historyofceylontea.com/tea-estates/estates-registry/wellangalla--7163.html
7165	20241110032041	https://www.historyofceylontea.com/tea-estates/estates-registry/--7165.html
7166	20231002185322	https://www.historyofceylontea.com/tea-estates/estates-registry/malkaduwa--7166.html
7167	20241007050358	https://www.historyofceylontea.com/tea-estates/estates-registry/yogama-group--7167.html
7168	20240224091217	https://www.historyofceylontea.com/tea-estates/estates-registry/dodangtalawa--7168.html
7169	20240719145410	https://www.historyofceylontea.com/tea-estates/estates-registry/morankanda--7169.html
7170	20220704124806	https://www.historyofceylontea.com/tea-estates/estates-registry/braemor--7170.html
7171	20201020113605	https://www.historyofceylontea.com/tea-estates/estates-registry/mousaya--7171.html
7173	20240907145638	https://www.historyofceylontea.com/tea-estates/estates-registry/caskieben--7173.html
7174	20220528130223	https://www.historyofceylontea.com/tea-estates/estates-registry/pallagalle--7174.html
7175	20220528133805	https://www.historyofceylontea.com/tea-estates/estates-registry/palirada--7175.html
7180	20240715014523	https://www.historyofceylontea.com/tea-estates/estates-registry/deloluwa--7180.html
7183	20241101185607	https://www.historyofceylontea.com/tea-estates/estates-registry/forest-land--7183.html
7185	20241110190648	https://www.historyofceylontea.com/tea-estates/estates-registry/forest-land--7185.html
7190	20240722052207	https://www.historyofceylontea.com/tea-estates/estates-registry/--7190.html
7191	20220814071842	https://www.historyofceylontea.com/tea-estates/estates-registry/--7191.html
7193	20240714035237	https://www.historyofceylontea.com/tea-estates/estates-registry/ganapaila--7193.html
7195	20241107062505	https://www.historyofceylontea.com/tea-estates/estates-registry/rock-cave--7195.html
7198	20241110030913	https://www.historyofceylontea.com/tea-estates/estates-registry/battagalla--7198.html
7201	20241010105229	https://www.historyofceylontea.com/tea-estates/estates-registry/hingurella--7201.html
7203	20240807180118	https://www.historyofceylontea.com/tea-estates/estates-registry/horegaskelle-mukelane--7203.html
7206	20220528132407	https://www.historyofceylontea.com/tea-estates/estates-registry/kelam--7206.html
7207	20240813063336	https://www.historyofceylontea.com/tea-estates/estates-registry/moragala--7207.html
7211	20211127213312	https://www.historyofceylontea.com/tea-estates/estates-registry/lesmoir--7211.html
7212	20211127195444	https://www.historyofceylontea.com/tea-estates/estates-registry/low-lands--7212.html
7214	20240813062751	https://www.historyofceylontea.com/tea-estates/estates-registry/moragalla-new--7214.html
7215	20211021060056	https://www.historyofceylontea.com/tea-estates/estates-registry/moray-and-vulladolid--7215.html
7216	20241006190730	https://www.historyofceylontea.com/tea-estates/estates-registry/nai-eliya--7216.html
7219	20220704004133	https://www.historyofceylontea.com/tea-estates/estates-registry/arumpolla--7219.html
7220	20241112152207	https://www.historyofceylontea.com/tea-estates/estates-registry/kurugama--7220.html
7223	20221210022853	https://www.historyofceylontea.com/tea-estates/estates-registry/raglan--7223.html
7224	20240812072234	https://www.historyofceylontea.com/tea-estates/estates-registry/rockhill--7224.html
7227	20220704002409	https://www.historyofceylontea.com/tea-estates/estates-registry/arampolla--7227.html
7229	20240919221832	https://www.historyofceylontea.com/tea-estates/estates-registry/kurugama--7229.html
7234	20240916021719	https://www.historyofceylontea.com/tea-estates/estates-registry/eltindale--7234.html
7237	20220704063151	https://www.historyofceylontea.com/tea-estates/estates-registry/ambathala--7237.html
7238	20231209191505	https://www.historyofceylontea.com/tea-estates/estates-registry/laxapanagalla--7238.html
7247	20220808170830	https://www.historyofceylontea.com/tea-estates/estates-registry/daisy-valley--7247.html
7249	20220525153544	https://www.historyofceylontea.com/tea-estates/estates-registry/delwita--7249.html
7252	20241004114153	https://www.historyofceylontea.com/tea-estates/estates-registry/gonegoda--7252.html
7254	20210417115039	https://www.historyofceylontea.com/tea-estates/estates-registry/meegahatenne--7254.html
7255	20240615111824	https://www.historyofceylontea.com/tea-estates/estates-registry/moorock--7255.html
7256	20241006184909	https://www.historyofceylontea.com/tea-estates/estates-registry/moragalla--7256.html
7257	20240912231807	https://www.historyofceylontea.com/tea-estates/estates-registry/muwankande--7257.html
7260	20220815003845	https://www.historyofceylontea.com/tea-estates/estates-registry/riddigamma--7260.html
7270	20241011014759	https://www.historyofceylontea.com/tea-estates/estates-registry/fultonsland--7270.html
7275	20240810065351	https://www.historyofceylontea.com/tea-estates/estates-registry/moratenne--7275.html
7277	20240417193105	https://www.historyofceylontea.com/tea-estates/estates-registry/north-western-rubber-co-ltd--7277.html
7280	20241113125059	https://www.historyofceylontea.com/tea-estates/estates-registry/pilasse--7280.html
7281	20231128133409	https://www.historyofceylontea.com/tea-estates/estates-registry/serapis--7281.html
7282	20240716004758	https://www.historyofceylontea.com/tea-estates/estates-registry/--7282.html
7284	20240721173351	https://www.historyofceylontea.com/tea-estates/estates-registry/udapolla--7284.html
7285	20220525153842	https://www.historyofceylontea.com/tea-estates/estates-registry/woodslee-lower--7285.html
7286	20240720024957	https://www.historyofceylontea.com/tea-estates/estates-registry/ambathala--7286.html
7288	20240519044822	https://www.historyofceylontea.com/tea-estates/estates-registry/battagolla--7288.html
7289	20201124154905	https://www.historyofceylontea.com/tea-estates/estates-registry/dangan-lower--7289.html
7293	20241013003517	https://www.historyofceylontea.com/tea-estates/estates-registry/korossa--7293.html
7302	20201124121947	https://www.historyofceylontea.com/tea-estates/estates-registry/lene-wehere--7302.html
7304	20200812003730	https://www.historyofceylontea.com/tea-estates/estates-registry/mary-s-land--7304.html
7306	20241006202404	https://www.historyofceylontea.com/tea-estates/estates-registry/--7306.html
7307	20240912100028	https://www.historyofceylontea.com/tea-estates/estates-registry/muwankande--7307.html
7310	20210226064437	https://www.historyofceylontea.com/tea-estates/estates-registry/redigama--7310.html
7313	20221006132943	https://www.historyofceylontea.com/tea-estates/estates-registry/udapolakan--7313.html
7314	20220704122727	https://www.historyofceylontea.com/tea-estates/estates-registry/belment--7314.html
7316	20230208080539	https://www.historyofceylontea.com/tea-estates/estates-registry/clovis--7316.html
7318	20240908104617	https://www.historyofceylontea.com/tea-estates/estates-registry/galla-group--7318.html
7321	20220526021959	https://www.historyofceylontea.com/tea-estates/estates-registry/lenawa-farm--7321.html
7322	20241113120816	https://www.historyofceylontea.com/tea-estates/estates-registry/leena-wihere--7322.html
7323	20230607222931	https://www.historyofceylontea.com/tea-estates/estates-registry/lesmoir--7323.html
7324	20240720042656	https://www.historyofceylontea.com/tea-estates/estates-registry/maddehettipola--7324.html
7327	20240814133555	https://www.historyofceylontea.com/tea-estates/estates-registry/moragalla-group--7327.html
7329	20230202150611	https://www.historyofceylontea.com/tea-estates/estates-registry/nella-oolla--7329.html
7330	20220706224610	https://www.historyofceylontea.com/tea-estates/estates-registry/pilessa--7330.html
7331	20240521221732	https://www.historyofceylontea.com/tea-estates/estates-registry/shakerley--7331.html
7332	20171015173302	http://www.historyofceylontea.com:80/tea-estates/estates-registry/sir-visto--7332.html
7333	20240911174642	https://www.historyofceylontea.com/tea-estates/estates-registry/walton--7333.html
7334	20200929201341	https://www.historyofceylontea.com/tea-estates/estates-registry/yodi-ella--7334.html
7336	20220526015746	https://www.historyofceylontea.com/tea-estates/estates-registry/--7336.html
7339	20241006203750	https://www.historyofceylontea.com/tea-estates/estates-registry/kindera--7339.html
7341	20230206053118	https://www.historyofceylontea.com/tea-estates/estates-registry/helvetia--7341.html
7343	20240916015544	https://www.historyofceylontea.com/tea-estates/estates-registry/lenawa-farm--7343.html
7344	20220519220740	https://www.historyofceylontea.com/tea-estates/estates-registry/malkaduwa--7344.html
7346	20241016083218	https://www.historyofceylontea.com/tea-estates/estates-registry/pitiakanda-group--7346.html
7349	20230127135923	https://www.historyofceylontea.com/tea-estates/estates-registry/udakelle--7349.html
7352	20241112200641	https://www.historyofceylontea.com/tea-estates/estates-registry/atherton--7352.html
7356	20221002092232	https://www.historyofceylontea.com/tea-estates/estates-registry/belton--7356.html
7379	20240722171950	https://www.historyofceylontea.com/tea-estates/estates-registry/donxide--7379.html
7384	20220811234656	https://www.historyofceylontea.com/tea-estates/estates-registry/alpitakande--7384.html
7388	20220705064741	https://www.historyofceylontea.com/tea-estates/estates-registry/harangalla-group--7388.html
7391	20241013004556	https://www.historyofceylontea.com/tea-estates/estates-registry/atgalla--7391.html
7393	20240720033413	https://www.historyofceylontea.com/tea-estates/estates-registry/church-hill--7393.html
7394	20241113125401	https://www.historyofceylontea.com/tea-estates/estates-registry/kadienlena-group--7394.html
7395	20241007234728	https://www.historyofceylontea.com/tea-estates/estates-registry/cottagalla--7395.html
7400	20221206135423	https://www.historyofceylontea.com/tea-estates/estates-registry/franklands--7400.html
7402	20240423174656	https://www.historyofceylontea.com/tea-estates/estates-registry/gadadessa--7402.html
7405	20240920061513	https://www.historyofceylontea.com/tea-estates/estates-registry/gona-adika-group--7405.html
7411	20240226083711	https://www.historyofceylontea.com/tea-estates/estates-registry/hartfield--7411.html
7413	20240908052839	https://www.historyofceylontea.com/tea-estates/estates-registry/jak-tree-hill--7413.html
7415	20241013021306	https://www.historyofceylontea.com/tea-estates/estates-registry/queensberry--7415.html
7420	20220813153909	https://www.historyofceylontea.com/tea-estates/estates-registry/tyspane--7420.html
7428	20241113083310	https://www.historyofceylontea.com/tea-estates/estates-registry/mariawatte-and-atgalla--7428.html
7433	20241107054019	https://www.historyofceylontea.com/tea-estates/estates-registry/ambetenne--7433.html
7438	20240416204136	https://www.historyofceylontea.com/tea-estates/estates-registry/arapolakandi--7438.html
7440	20241005072725	https://www.historyofceylontea.com/tea-estates/estates-registry/clontart--7440.html
7441	20240714040829	https://www.historyofceylontea.com/tea-estates/estates-registry/clyde--7441.html
7442	20241008001253	https://www.historyofceylontea.com/tea-estates/estates-registry/crurie--7442.html
7443	20240725130755	https://www.historyofceylontea.com/tea-estates/estates-registry/culloden--7443.html
7444	20241006205851	https://www.historyofceylontea.com/tea-estates/estates-registry/dolly--7444.html
7445	20220521125730	https://www.historyofceylontea.com/tea-estates/estates-registry/ensalwella--7445.html
7446	20240908162651	https://www.historyofceylontea.com/tea-estates/estates-registry/glendon--7446.html
7449	20240810193038	https://www.historyofceylontea.com/tea-estates/estates-registry/anbalawa--7449.html
7450	20241104213828	https://www.historyofceylontea.com/tea-estates/estates-registry/--7450.html
7452	20241113151814	https://www.historyofceylontea.com/tea-estates/estates-registry/forest-lot-1608--7452.html
7453	20220521130448	https://www.historyofceylontea.com/tea-estates/estates-registry/fullarton--7453.html
7454	20241113093603	https://www.historyofceylontea.com/tea-estates/estates-registry/giriyanakanda--7454.html
7455	20240803160749	https://www.historyofceylontea.com/tea-estates/estates-registry/hattangalla--7455.html
7459	20220814182441	https://www.historyofceylontea.com/tea-estates/estates-registry/ranawella--7459.html
7463	20241012104318	https://www.historyofceylontea.com/tea-estates/estates-registry/horagoda-mukelane--7463.html
7466	20241006184608	https://www.historyofceylontea.com/tea-estates/estates-registry/kaluganga--7466.html
7467	20241006204444	https://www.historyofceylontea.com/tea-estates/estates-registry/ossington--7467.html
7470	20241004122227	https://www.historyofceylontea.com/tea-estates/estates-registry/polgahakanda--7470.html
7472	20240812071625	https://www.historyofceylontea.com/tea-estates/estates-registry/putupaulakande--7472.html
7473	20240811095318	https://www.historyofceylontea.com/tea-estates/estates-registry/ellakande--7473.html
7474	20240715011818	https://www.historyofceylontea.com/tea-estates/estates-registry/ranwellatenna--7474.html
7477	20240625044511	https://www.historyofceylontea.com/tea-estates/estates-registry/st-andrews--7477.html
7478	20241104212039	https://www.historyofceylontea.com/tea-estates/estates-registry/tesk-torwood--7478.html
7482	20210411122544	https://www.historyofceylontea.com/tea-estates/estates-registry/catoogalla--7482.html
7483	20240809053502	https://www.historyofceylontea.com/tea-estates/estates-registry/bellongalla--7483.html
7485	20241106133929	https://www.historyofceylontea.com/tea-estates/estates-registry/bodava--7485.html
7489	20240421084412	https://www.historyofceylontea.com/tea-estates/estates-registry/doombegastalawa--7489.html
7490	20241225121156	https://www.historyofceylontea.com/tea-estates/estates-registry/bowala--7490.html
7492	20241103222557	https://www.historyofceylontea.com/tea-estates/estates-registry/callagalla--7492.html
7498	20241006210026	https://www.historyofceylontea.com/tea-estates/estates-registry/kalugahahene--7498.html
7500	20221007120559	https://www.historyofceylontea.com/tea-estates/estates-registry/goorak-oya--7500.html
7501	20240718114755	https://www.historyofceylontea.com/tea-estates/estates-registry/gadadessa-balagama--7501.html
7502	20240522015314	https://www.historyofceylontea.com/tea-estates/estates-registry/gallantenne--7502.html
7503	20241006161309	https://www.historyofceylontea.com/tea-estates/estates-registry/--7503.html
7507	20220707010621	https://www.historyofceylontea.com/tea-estates/estates-registry/harangolla--7507.html
7510	20240521205054	https://www.historyofceylontea.com/tea-estates/estates-registry/hennewelle--7510.html
7513	20240809182942	https://www.historyofceylontea.com/tea-estates/estates-registry/tambawitte--7513.html
7516	20241104054755	https://www.historyofceylontea.com/tea-estates/estates-registry/honoocutua--7516.html
7517	20240916221103	https://www.historyofceylontea.com/tea-estates/estates-registry/udapalata--7517.html
7520	20241109070111	https://www.historyofceylontea.com/tea-estates/estates-registry/--7520.html
7523	20240725124104	https://www.historyofceylontea.com/tea-estates/estates-registry/guava-hill--7523.html
7527	20240413145142	https://www.historyofceylontea.com/tea-estates/estates-registry/--7527.html
7528	20241011021859	https://www.historyofceylontea.com/tea-estates/estates-registry/hunagalla--7528.html
7529	20240920081809	https://www.historyofceylontea.com/tea-estates/estates-registry/elladuwa-yatadolawatte--7529.html
7532	20241113084052	https://www.historyofceylontea.com/tea-estates/estates-registry/hunugalla--7532.html
7535	20241113124518	https://www.historyofceylontea.com/tea-estates/estates-registry/kakunagalla--7535.html
7537	20240913053533	https://www.historyofceylontea.com/tea-estates/estates-registry/kehelwatte--7537.html
7538	20230926161548	https://www.historyofceylontea.com/tea-estates/estates-registry/korowakkery--7538.html
7540	20240908072244	https://www.historyofceylontea.com/tea-estates/estates-registry/gikiyanakanda--7540.html
7541	20241109081815	https://www.historyofceylontea.com/tea-estates/estates-registry/glanrhos--7541.html
7543	20211204185225	https://www.historyofceylontea.com/tea-estates/estates-registry/oonoogaloya--7543.html
7547	20240815212507	https://www.historyofceylontea.com/tea-estates/estates-registry/hamidiriame--7547.html
7549	20241007224220	https://www.historyofceylontea.com/tea-estates/estates-registry/queensberry--7549.html
7554	20220819223609	https://www.historyofceylontea.com/tea-estates/estates-registry/tellisagalla--7554.html
7555	20240715063023	https://www.historyofceylontea.com/tea-estates/estates-registry/heatherley--7555.html
7556	20210419123544	https://www.historyofceylontea.com/tea-estates/estates-registry/tyspane--7556.html
7557	20240908093948	https://www.historyofceylontea.com/tea-estates/estates-registry/westhall--7557.html
7559	20230607231641	https://www.historyofceylontea.com/tea-estates/estates-registry/yallebenda-oya--7559.html
7560	20241010115352	https://www.historyofceylontea.com/tea-estates/estates-registry/leongalla--7560.html
7564	20200812003136	https://www.historyofceylontea.com/tea-estates/estates-registry/forest-land--7564.html
7565	20241012104835	https://www.historyofceylontea.com/tea-estates/estates-registry/mereantile--7565.html
7566	20240920073050	https://www.historyofceylontea.com/tea-estates/estates-registry/--7566.html
7567	20240717161351	https://www.historyofceylontea.com/tea-estates/estates-registry/mount-prospect--7567.html
7568	20240617140512	https://www.historyofceylontea.com/tea-estates/estates-registry/bowhill-upper-lower--7568.html
7569	20240715233632	https://www.historyofceylontea.com/tea-estates/estates-registry/mount-temple--7569.html
7572	20241113143359	https://www.historyofceylontea.com/tea-estates/estates-registry/parnepettia-colpitty-hill-and-johanesberg--7572.html
7573	20241006173218	https://www.historyofceylontea.com/tea-estates/estates-registry/--7573.html
7574	20241006204109	https://www.historyofceylontea.com/tea-estates/estates-registry/karaudella--7574.html
7576	20241016010214	https://www.historyofceylontea.com/tea-estates/estates-registry/langa-land--7576.html
7577	20240720041854	https://www.historyofceylontea.com/tea-estates/estates-registry/--7577.html
7578	20230330215355	https://www.historyofceylontea.com/tea-estates/estates-registry/--7578.html
7579	20240720025149	https://www.historyofceylontea.com/tea-estates/estates-registry/--7579.html
7581	20220523015337	https://www.historyofceylontea.com/tea-estates/estates-registry/doombagastenne--7581.html
7583	20241110191727	https://www.historyofceylontea.com/tea-estates/estates-registry/gingirn-oya--7583.html
7585	20241113074959	https://www.historyofceylontea.com/tea-estates/estates-registry/goorook-oya--7585.html
7587	20240720041745	https://www.historyofceylontea.com/tea-estates/estates-registry/roslin-upper--7587.html
7588	20240720024113	https://www.historyofceylontea.com/tea-estates/estates-registry/narthupana--7588.html
7589	20240418080148	https://www.historyofceylontea.com/tea-estates/estates-registry/sindoorankande--7589.html
7590	20220815151008	https://www.historyofceylontea.com/tea-estates/estates-registry/--7590.html
7591	20240619142552	https://www.historyofceylontea.com/tea-estates/estates-registry/neboda--7591.html
7592	20241106143611	https://www.historyofceylontea.com/tea-estates/estates-registry/--7592.html
7593	20241101194017	https://www.historyofceylontea.com/tea-estates/estates-registry/timboowatte--7593.html
7594	20241005102817	https://www.historyofceylontea.com/tea-estates/estates-registry/halgolla-and-debooka--7594.html
7595	20240715235601	https://www.historyofceylontea.com/tea-estates/estates-registry/vellekande--7595.html
7596	20240302103502	https://www.historyofceylontea.com/tea-estates/estates-registry/vermillion-rock--7596.html
7597	20240717165920	https://www.historyofceylontea.com/tea-estates/estates-registry/--7597.html
7598	20240715175114	https://www.historyofceylontea.com/tea-estates/estates-registry/wackitiatenne--7598.html
7599	20241101185653	https://www.historyofceylontea.com/tea-estates/estates-registry/--7599.html
7600	20241102085118	https://www.historyofceylontea.com/tea-estates/estates-registry/wegirikandeorthe-grot--7600.html
7601	20230330204942	https://www.historyofceylontea.com/tea-estates/estates-registry/--7601.html
7604	20241013001924	https://www.historyofceylontea.com/tea-estates/estates-registry/--7604.html
7605	20240915221843	https://www.historyofceylontea.com/tea-estates/estates-registry/pallagodda--7605.html
7606	20240812081803	https://www.historyofceylontea.com/tea-estates/estates-registry/pautiya--7606.html
7607	20240523145358	https://www.historyofceylontea.com/tea-estates/estates-registry/kolapatena-gongalla--7607.html
7609	20240420220448	https://www.historyofceylontea.com/tea-estates/estates-registry/kooroowaka--7609.html
7611	20210226063443	https://www.historyofceylontea.com/tea-estates/estates-registry/redigama--7611.html
7612	20240814195006	https://www.historyofceylontea.com/tea-estates/estates-registry/putupaula--7612.html
7613	20241103224652	https://www.historyofceylontea.com/tea-estates/estates-registry/korowakkery--7613.html
7615	20240518061015	https://www.historyofceylontea.com/tea-estates/estates-registry/culhorn--7615.html
7616	20240911155119	https://www.historyofceylontea.com/tea-estates/estates-registry/oonoogaloya--7616.html
7617	20241016003214	https://www.historyofceylontea.com/tea-estates/estates-registry/rogart--7617.html
7618	20241113084405	https://www.historyofceylontea.com/tea-estates/estates-registry/pasbagie--7618.html
7619	20241013021710	https://www.historyofceylontea.com/tea-estates/estates-registry/pine-hill--7619.html
7622	20220528112408	https://www.historyofceylontea.com/tea-estates/estates-registry/talagalla--7622.html
7625	20240722141658	https://www.historyofceylontea.com/tea-estates/estates-registry/vogan--7625.html
7627	20210419133156	https://www.historyofceylontea.com/tea-estates/estates-registry/tyspane--7627.html
7629	20240715231315	https://www.historyofceylontea.com/tea-estates/estates-registry/yellabenda--7629.html
7630	20241013000755	https://www.historyofceylontea.com/tea-estates/estates-registry/--7630.html
7633	20241006200323	https://www.historyofceylontea.com/tea-estates/estates-registry/culhorn--7633.html
7634	20210224200931	https://www.historyofceylontea.com/tea-estates/estates-registry/karandella--7634.html
7635	20241004105753	https://www.historyofceylontea.com/tea-estates/estates-registry/--7635.html
7636	20241005071320	https://www.historyofceylontea.com/tea-estates/estates-registry/ganatenne--7636.html
7637	20220705091958	https://www.historyofceylontea.com/tea-estates/estates-registry/doombegastalawe--7637.html
7638	20240618172535	https://www.historyofceylontea.com/tea-estates/estates-registry/gona-adika-cornaboddy-mausacumbra--7638.html
7639	20230927225205	https://www.historyofceylontea.com/tea-estates/estates-registry/lliskillan--7639.html
7640	20240715183855	https://www.historyofceylontea.com/tea-estates/estates-registry/mattagedara--7640.html
7641	20240423180355	https://www.historyofceylontea.com/tea-estates/estates-registry/doombegastenne--7641.html
7642	20241004215727	https://www.historyofceylontea.com/tea-estates/estates-registry/gingiran-oya--7642.html
7644	20241006161001	https://www.historyofceylontea.com/tea-estates/estates-registry/halgolla-debooka--7644.html
7646	20241006161539	https://www.historyofceylontea.com/tea-estates/estates-registry/--7646.html
7647	20240717163354	https://www.historyofceylontea.com/tea-estates/estates-registry/harangolla--7647.html
7648	20241011062358	https://www.historyofceylontea.com/tea-estates/estates-registry/--7648.html
7649	20241104060515	https://www.historyofceylontea.com/tea-estates/estates-registry/--7649.html
7650	20240810210418	https://www.historyofceylontea.com/tea-estates/estates-registry/--7650.html
7652	20240812195215	https://www.historyofceylontea.com/tea-estates/estates-registry/--7652.html
7655	20230202145551	https://www.historyofceylontea.com/tea-estates/estates-registry/dehigoha--7655.html
7657	20220812000212	https://www.historyofceylontea.com/tea-estates/estates-registry/korowakkery--7657.html
7658	20241113145917	https://www.historyofceylontea.com/tea-estates/estates-registry/oonoogaloya--7658.html
7660	20231211094949	https://www.historyofceylontea.com/tea-estates/estates-registry/pasbagie--7660.html
7661	20230329024548	https://www.historyofceylontea.com/tea-estates/estates-registry/mahaonea--7661.html
7665	20240615200911	https://www.historyofceylontea.com/tea-estates/estates-registry/pinehill--7665.html
7667	20241016071045	https://www.historyofceylontea.com/tea-estates/estates-registry/ravenscraig--7667.html
7675	20240918141915	https://www.historyofceylontea.com/tea-estates/estates-registry/tyspane--7675.html
7677	20241006202651	https://www.historyofceylontea.com/tea-estates/estates-registry/westhall--7677.html
7678	20240812070835	https://www.historyofceylontea.com/tea-estates/estates-registry/yellabenda--7678.html
7679	20210121152027	https://www.historyofceylontea.com/tea-estates/estates-registry/--7679.html
7680	20240920070103	https://www.historyofceylontea.com/tea-estates/estates-registry/knuckles-group--7680.html
7685	20240812205450	https://www.historyofceylontea.com/tea-estates/estates-registry/--7685.html
7686	20240811081849	https://www.historyofceylontea.com/tea-estates/estates-registry/lebanon-group--7686.html
7688	20240806231006	https://www.historyofceylontea.com/tea-estates/estates-registry/andangedi--7688.html
7689	20240908061342	https://www.historyofceylontea.com/tea-estates/estates-registry/mariawatte--7689.html
7690	20240523125041	https://www.historyofceylontea.com/tea-estates/estates-registry/--7690.html
7692	20240615112010	https://www.historyofceylontea.com/tea-estates/estates-registry/ratnatenna-and-daluk-oya--7692.html
7693	20240720031824	https://www.historyofceylontea.com/tea-estates/estates-registry/aunanoale-x-c400--7693.html
7694	20200927191750	https://www.historyofceylontea.com/tea-estates/estates-registry/marie-land-group--7694.html
7702	20241006185104	https://www.historyofceylontea.com/tea-estates/estates-registry/culhorn--7702.html
7703	20221204051150	https://www.historyofceylontea.com/tea-estates/estates-registry/beaconafield-y-c401--7703.html
7707	20241110015213	https://www.historyofceylontea.com/tea-estates/estates-registry/--7707.html
7708	20240812205409	https://www.historyofceylontea.com/tea-estates/estates-registry/waragalanda--7708.html
7709	20241010105926	https://www.historyofceylontea.com/tea-estates/estates-registry/doombegastenne--7709.html
7710	20211026120424	https://www.historyofceylontea.com/tea-estates/estates-registry/blairaron--7710.html
7714	20240722140316	https://www.historyofceylontea.com/tea-estates/estates-registry/gingiran-oya--7714.html
7716	20240907132459	https://www.historyofceylontea.com/tea-estates/estates-registry/--7716.html
7719	20241006171845	https://www.historyofceylontea.com/tea-estates/estates-registry/--7719.html
7720	20241006174709	https://www.historyofceylontea.com/tea-estates/estates-registry/halgolla-debooka--7720.html
7721	20230607233007	https://www.historyofceylontea.com/tea-estates/estates-registry/aratenne--7721.html
7722	20240717154930	https://www.historyofceylontea.com/tea-estates/estates-registry/harangolla--7722.html
7724	20240919202738	https://www.historyofceylontea.com/tea-estates/estates-registry/beddegama--7724.html
7725	20220528114420	https://www.historyofceylontea.com/tea-estates/estates-registry/iddagodde--7725.html
7728	20241107063958	https://www.historyofceylontea.com/tea-estates/estates-registry/--7728.html
7729	20221203115429	https://www.historyofceylontea.com/tea-estates/estates-registry/galboda--7729.html
7730	20201026094604	https://www.historyofceylontea.com/tea-estates/estates-registry/yalia-ella--7730.html
7731	20241101205544	https://www.historyofceylontea.com/tea-estates/estates-registry/--7731.html
7732	20240918134127	https://www.historyofceylontea.com/tea-estates/estates-registry/girindi-ella-group--7732.html
7735	20240714112932	https://www.historyofceylontea.com/tea-estates/estates-registry/--7735.html
7736	20240811082307	https://www.historyofceylontea.com/tea-estates/estates-registry/goomera--7736.html
7737	20240810064747	https://www.historyofceylontea.com/tea-estates/estates-registry/--7737.html
7740	20241006171809	https://www.historyofceylontea.com/tea-estates/estates-registry/kolapatena-gongalla--7740.html
7741	20240908160213	https://www.historyofceylontea.com/tea-estates/estates-registry/hagalla-group--7741.html
7744	20240911180419	https://www.historyofceylontea.com/tea-estates/estates-registry/oonoogaloya--7744.html
7746	20221203133906	https://www.historyofceylontea.com/tea-estates/estates-registry/pisbagie--7746.html
7747	20241113110336	https://www.historyofceylontea.com/tea-estates/estates-registry/katooloya--7747.html
7748	20240522012327	https://www.historyofceylontea.com/tea-estates/estates-registry/pine-hill--7748.html
7749	20240908061632	https://www.historyofceylontea.com/tea-estates/estates-registry/allacolla--7749.html
7751	20240415091042	https://www.historyofceylontea.com/tea-estates/estates-registry/alliaddy--7751.html
7752	20240421074837	https://www.historyofceylontea.com/tea-estates/estates-registry/mabaousa--7752.html
7753	20220811133958	https://www.historyofceylontea.com/tea-estates/estates-registry/ravenscraig--7753.html
7754	20240812071142	https://www.historyofceylontea.com/tea-estates/estates-registry/pantiya--7754.html
7755	20241016010833	https://www.historyofceylontea.com/tea-estates/estates-registry/beddegama--7755.html
7757	20211208225131	https://www.historyofceylontea.com/tea-estates/estates-registry/telisagalla--7757.html
7759	20240417101337	https://www.historyofceylontea.com/tea-estates/estates-registry/tyspane--7759.html
7760	20241007235522	https://www.historyofceylontea.com/tea-estates/estates-registry/tudagalla--7760.html
7761	20241008004500	https://www.historyofceylontea.com/tea-estates/estates-registry/oonoonagalle--7761.html
7762	20241109060127	https://www.historyofceylontea.com/tea-estates/estates-registry/west-hall--7762.html
7763	20240812063557	https://www.historyofceylontea.com/tea-estates/estates-registry/yellabenda--7763.html
7764	20241009222427	https://www.historyofceylontea.com/tea-estates/estates-registry/yogan--7764.html
7766	20240617144739	https://www.historyofceylontea.com/tea-estates/estates-registry/acrawatte--7766.html
7767	20240815214000	https://www.historyofceylontea.com/tea-estates/estates-registry/baharundrah--7767.html
7768	20240714052432	https://www.historyofceylontea.com/tea-estates/estates-registry/arapolakanda--7768.html
7770	20240916034431	https://www.historyofceylontea.com/tea-estates/estates-registry/allakolla--7770.html
7772	20241113130936	https://www.historyofceylontea.com/tea-estates/estates-registry/allakolla--7772.html
7778	20240418081940	https://www.historyofceylontea.com/tea-estates/estates-registry/culhorn--7778.html
7782	20240519054436	https://www.historyofceylontea.com/tea-estates/estates-registry/--7782.html
7783	20230329203807	https://www.historyofceylontea.com/tea-estates/estates-registry/--7783.html
7784	20240814131940	https://www.historyofceylontea.com/tea-estates/estates-registry/florence--7784.html
7785	20240809062505	https://www.historyofceylontea.com/tea-estates/estates-registry/doombagastenne--7785.html
7788	20241011114257	https://www.historyofceylontea.com/tea-estates/estates-registry/gingirin-oya--7788.html
7789	20240813131235	https://www.historyofceylontea.com/tea-estates/estates-registry/diyagama--7789.html
7790	20210419112805	https://www.historyofceylontea.com/tea-estates/estates-registry/goorookotya--7790.html
7791	20220528104353	https://www.historyofceylontea.com/tea-estates/estates-registry/--7791.html
7794	20220814180355	https://www.historyofceylontea.com/tea-estates/estates-registry/--7794.html
7796	20240908102806	https://www.historyofceylontea.com/tea-estates/estates-registry/etungahatenna--7796.html
7797	20180804000032	http://www.historyofceylontea.com:80/tea-estates/estates-registry/halgolla-debooka--7797.html
7798	20220707014258	https://www.historyofceylontea.com/tea-estates/estates-registry/harangolla--7798.html
7802	20241107074335	https://www.historyofceylontea.com/tea-estates/estates-registry/--7802.html
7803	20240715231134	https://www.historyofceylontea.com/tea-estates/estates-registry/--7803.html
7804	20240907135456	https://www.historyofceylontea.com/tea-estates/estates-registry/--7804.html
7807	20220525163545	https://www.historyofceylontea.com/tea-estates/estates-registry/mercantile--7807.html
7808	20240415094902	https://www.historyofceylontea.com/tea-estates/estates-registry/goomera-new--7808.html
7810	20240812195313	https://www.historyofceylontea.com/tea-estates/estates-registry/--7810.html
7816	20240913041219	https://www.historyofceylontea.com/tea-estates/estates-registry/oonoogaloya--7816.html
7817	20240615212850	https://www.historyofceylontea.com/tea-estates/estates-registry/pine-hill--7817.html
7819	20210919135910	https://www.historyofceylontea.com/tea-estates/estates-registry/queensberry--7819.html
7820	20240724185508	https://www.historyofceylontea.com/tea-estates/estates-registry/hagalla--7820.html
7822	20220812000436	https://www.historyofceylontea.com/tea-estates/estates-registry/ravenscraig--7822.html
7823	20241007044641	https://www.historyofceylontea.com/tea-estates/estates-registry/madulkelle--7823.html
7825	20201020143924	https://www.historyofceylontea.com/tea-estates/estates-registry/telisagalla--7825.html
7826	20240525201607	https://www.historyofceylontea.com/tea-estates/estates-registry/tyspane--7826.html
7828	20240907151259	https://www.historyofceylontea.com/tea-estates/estates-registry/west-hall--7828.html
7831	20240812071757	https://www.historyofceylontea.com/tea-estates/estates-registry/woodcote--7831.html
7834	20240810075800	https://www.historyofceylontea.com/tea-estates/estates-registry/madakelle--7834.html
7835	20220926221930	https://www.historyofceylontea.com/tea-estates/estates-registry/middleton--7835.html
7836	20240522132715	https://www.historyofceylontea.com/tea-estates/estates-registry/gadala--7836.html
7837	20240812205208	https://www.historyofceylontea.com/tea-estates/estates-registry/--7837.html
7838	20241005061149	https://www.historyofceylontea.com/tea-estates/estates-registry/montserrat--7838.html
7840	20241110172553	https://www.historyofceylontea.com/tea-estates/estates-registry/bowhill--7840.html
7843	20240715043715	https://www.historyofceylontea.com/tea-estates/estates-registry/mooragahagalla--7843.html
7844	20241110190005	https://www.historyofceylontea.com/tea-estates/estates-registry/donside--7844.html
7845	20240722162305	https://www.historyofceylontea.com/tea-estates/estates-registry/graceland--7845.html
7846	20240907132023	https://www.historyofceylontea.com/tea-estates/estates-registry/halbarawa--7846.html
7847	20241113160755	https://www.historyofceylontea.com/tea-estates/estates-registry/doombegastalawe--7847.html
7848	20240918151357	https://www.historyofceylontea.com/tea-estates/estates-registry/halwatura--7848.html
7849	20240809053847	https://www.historyofceylontea.com/tea-estates/estates-registry/doombagastenne--7849.html
7850	20240815051208	https://www.historyofceylontea.com/tea-estates/estates-registry/gingiran-oya--7850.html
7851	20240916024515	https://www.historyofceylontea.com/tea-estates/estates-registry/tunisgalla-new--7851.html
7852	20240617164715	https://www.historyofceylontea.com/tea-estates/estates-registry/goorookoya--7852.html
7855	20181003112744	http://www.historyofceylontea.com:80/tea-estates/estates-registry/halgolla-debooka--7855.html
7856	20240717172452	https://www.historyofceylontea.com/tea-estates/estates-registry/harangolla--7856.html
7857	20241105165825	https://www.historyofceylontea.com/tea-estates/estates-registry/--7857.html
7860	20241104060328	https://www.historyofceylontea.com/tea-estates/estates-registry/hoonocotua--7860.html
7862	20240625053709	https://www.historyofceylontea.com/tea-estates/estates-registry/--7862.html
7863	20240715174419	https://www.historyofceylontea.com/tea-estates/estates-registry/allieaddy--7863.html
7864	20240718150651	https://www.historyofceylontea.com/tea-estates/estates-registry/knutsford--7864.html
7866	20241104060000	https://www.historyofceylontea.com/tea-estates/estates-registry/kudalugalla--7866.html
7867	20240810200302	https://www.historyofceylontea.com/tea-estates/estates-registry/kataboola--7867.html
7872	20240911164648	https://www.historyofceylontea.com/tea-estates/estates-registry/oonocogaloya--7872.html
7874	20240916223547	https://www.historyofceylontea.com/tea-estates/estates-registry/pine-hill--7874.html
7875	20240722163027	https://www.historyofceylontea.com/tea-estates/estates-registry/maddegedara--7875.html
7876	20241016070603	https://www.historyofceylontea.com/tea-estates/estates-registry/baddagama--7876.html
7877	20210227012852	https://www.historyofceylontea.com/tea-estates/estates-registry/queensberry--7877.html
7878	20240624184728	https://www.historyofceylontea.com/tea-estates/estates-registry/madenpenakanda--7878.html
7879	20240722152032	https://www.historyofceylontea.com/tea-estates/estates-registry/--7879.html
7880	20240914130459	https://www.historyofceylontea.com/tea-estates/estates-registry/ravenscraig--7880.html
7881	20240518072834	https://www.historyofceylontea.com/tea-estates/estates-registry/tellisagalla--7881.html
7882	20240305063608	https://www.historyofceylontea.com/tea-estates/estates-registry/murratthwatie--7882.html
7883	20240908073747	https://www.historyofceylontea.com/tea-estates/estates-registry/tyspane--7883.html
7885	20240811095801	https://www.historyofceylontea.com/tea-estates/estates-registry/west-hall-group--7885.html
7886	20240812072345	https://www.historyofceylontea.com/tea-estates/estates-registry/woodooie--7886.html
7887	20220528104429	https://www.historyofceylontea.com/tea-estates/estates-registry/--7887.html
7890	20240521232551	https://www.historyofceylontea.com/tea-estates/estates-registry/yellabenda--7890.html
7892	20240812195012	https://www.historyofceylontea.com/tea-estates/estates-registry/--7892.html
7894	20240521111712	https://www.historyofceylontea.com/tea-estates/estates-registry/neuechatel--7894.html
7895	20200929114354	https://www.historyofceylontea.com/tea-estates/estates-registry/--7895.html
7896	20240815053644	https://www.historyofceylontea.com/tea-estates/estates-registry/perth--7896.html
7898	20240422033352	https://www.historyofceylontea.com/tea-estates/estates-registry/--7898.html
7900	20240810065619	https://www.historyofceylontea.com/tea-estates/estates-registry/rayigam--7900.html
7901	20240809184748	https://www.historyofceylontea.com/tea-estates/estates-registry/doombegastenne--7901.html
7902	20240814134952	https://www.historyofceylontea.com/tea-estates/estates-registry/sirikandura--7902.html
7904	20230329031948	https://www.historyofceylontea.com/tea-estates/estates-registry/tudugalla--7904.html
7905	20240912214511	https://www.historyofceylontea.com/tea-estates/estates-registry/greenwood--7905.html
7906	20240912214132	https://www.historyofceylontea.com/tea-estates/estates-registry/moragahagalla--7906.html
7910	20240912214817	https://www.historyofceylontea.com/tea-estates/estates-registry/tunisgalla-old--7910.html
7913	20241109080718	https://www.historyofceylontea.com/tea-estates/estates-registry/yahalakele--7913.html
7916	20241104203600	https://www.historyofceylontea.com/tea-estates/estates-registry/--7916.html
7917	20240812201856	https://www.historyofceylontea.com/tea-estates/estates-registry/kooroowaka--7917.html
7918	20221206130953	https://www.historyofceylontea.com/tea-estates/estates-registry/dickaland--7918.html
7919	20240718121055	https://www.historyofceylontea.com/tea-estates/estates-registry/ellekanda--7919.html
7921	20240715173654	https://www.historyofceylontea.com/tea-estates/estates-registry/galpata--7921.html
7922	20220703234517	https://www.historyofceylontea.com/tea-estates/estates-registry/galpotagama--7922.html
7924	20221205141107	https://www.historyofceylontea.com/tea-estates/estates-registry/dambagalla-yakugolla--7924.html
7925	20241113115655	https://www.historyofceylontea.com/tea-estates/estates-registry/helbarawa--7925.html
7926	20241109072524	https://www.historyofceylontea.com/tea-estates/estates-registry/hegalla--7926.html
7927	20240809120017	https://www.historyofceylontea.com/tea-estates/estates-registry/--7927.html
7930	20240519050328	https://www.historyofceylontea.com/tea-estates/estates-registry/dewalagala--7930.html
7940	20220701224538	https://www.historyofceylontea.com/tea-estates/estates-registry/aratenne--7940.html
7942	20240720041514	https://www.historyofceylontea.com/tea-estates/estates-registry/kalupahana--7942.html
7943	20230929080148	https://www.historyofceylontea.com/tea-estates/estates-registry/mabgnaue--7943.html
7949	20241102092223	https://www.historyofceylontea.com/tea-estates/estates-registry/bambrella-and-dawalakelle--7949.html
7950	20241112201319	https://www.historyofceylontea.com/tea-estates/estates-registry/doombagastalawa--7950.html
7952	20240914133805	https://www.historyofceylontea.com/tea-estates/estates-registry/--7952.html
7953	20240421072938	https://www.historyofceylontea.com/tea-estates/estates-registry/lengsland--7953.html
7954	20240518072907	https://www.historyofceylontea.com/tea-estates/estates-registry/harangalla--7954.html
7958	20220528104501	https://www.historyofceylontea.com/tea-estates/estates-registry/--7958.html
7959	20241109061118	https://www.historyofceylontea.com/tea-estates/estates-registry/neuchatel--7959.html
7961	20240920075407	https://www.historyofceylontea.com/tea-estates/estates-registry/moragabagalla--7961.html
7962	20240528070302	https://www.historyofceylontea.com/tea-estates/estates-registry/miriswatta--7962.html
7963	20220528093645	https://www.historyofceylontea.com/tea-estates/estates-registry/murraythwaite--7963.html
7967	20240916001506	https://www.historyofceylontea.com/tea-estates/estates-registry/sirikadura--7967.html
7968	20201124113701	https://www.historyofceylontea.com/tea-estates/estates-registry/madakelle--7968.html
7969	20241113162826	https://www.historyofceylontea.com/tea-estates/estates-registry/st-georges-group--7969.html
7970	20241113093307	https://www.historyofceylontea.com/tea-estates/estates-registry/sorana--7970.html
7971	20241102074919	https://www.historyofceylontea.com/tea-estates/estates-registry/tempo--7971.html
7974	20181016220650	http://www.historyofceylontea.com:80/tea-estates/estates-registry/itdeawella--7974.html
7977	20220707041024	https://www.historyofceylontea.com/tea-estates/estates-registry/arapolakande--7977.html
7980	20240812200755	https://www.historyofceylontea.com/tea-estates/estates-registry/dicksland--7980.html
7981	20220706014328	https://www.historyofceylontea.com/tea-estates/estates-registry/eagles-land--7981.html
7984	20240715233410	https://www.historyofceylontea.com/tea-estates/estates-registry/etunagahatenna--7984.html
7985	20241113162350	https://www.historyofceylontea.com/tea-estates/estates-registry/frocester--7985.html
7987	20221205135436	https://www.historyofceylontea.com/tea-estates/estates-registry/--7987.html
7988	20240719150927	https://www.historyofceylontea.com/tea-estates/estates-registry/godala--7988.html
7989	20241104213712	https://www.historyofceylontea.com/tea-estates/estates-registry/halwatora--7989.html
7990	20240622025758	https://www.historyofceylontea.com/tea-estates/estates-registry/heatherly--7990.html
7991	20221205140552	https://www.historyofceylontea.com/tea-estates/estates-registry/kottunagoda--7991.html
7992	20240714041649	https://www.historyofceylontea.com/tea-estates/estates-registry/maddegedara--7992.html
7995	20240913053931	https://www.historyofceylontea.com/tea-estates/estates-registry/malaboda--7995.html
7996	20240722165841	https://www.historyofceylontea.com/tea-estates/estates-registry/millewa--7996.html
7997	20250823083238	https://www.historyofceylontea.com/tea-estates/estates-registry/dambagalla--7997.html
7998	20250126083811	https://www.historyofceylontea.com/tea-estates/estates-registry/meegama--7998.html
7999	20240722175659	https://www.historyofceylontea.com/tea-estates/estates-registry/goorookoya-group--7999.html
8000	20240914140625	https://www.historyofceylontea.com/tea-estates/estates-registry/breer-wood--8000.html
8002	20240810072114	https://www.historyofceylontea.com/tea-estates/estates-registry/harangalla-and-tellisagalla--8002.html
8003	20240715011610	https://www.historyofceylontea.com/tea-estates/estates-registry/aboyne--8003.html
8004	20240718152608	https://www.historyofceylontea.com/tea-estates/estates-registry/ambagahalanda--8004.html
8005	20241105162622	https://www.historyofceylontea.com/tea-estates/estates-registry/hoonocotua-and-hennewelle--8005.html
8008	20240809114942	https://www.historyofceylontea.com/tea-estates/estates-registry/arambehena--8008.html
8009	20240914134058	https://www.historyofceylontea.com/tea-estates/estates-registry/iansland--8009.html
8010	20240719144932	https://www.historyofceylontea.com/tea-estates/estates-registry/--8010.html
8011	20241110025712	https://www.historyofceylontea.com/tea-estates/estates-registry/cley--8011.html
8012	20200927204944	https://www.historyofceylontea.com/tea-estates/estates-registry/kobantariwatte--8012.html
8014	20241112183644	https://www.historyofceylontea.com/tea-estates/estates-registry/calleagh--8014.html
8015	20241110173933	https://www.historyofceylontea.com/tea-estates/estates-registry/dalkeith--8015.html
8016	20210118125646	https://www.historyofceylontea.com/tea-estates/estates-registry/dorset--8016.html
8017	20241013015535	https://www.historyofceylontea.com/tea-estates/estates-registry/duffrin--8017.html
8018	20240805025047	https://www.historyofceylontea.com/tea-estates/estates-registry/eduragalla--8018.html
8020	20240815055815	https://www.historyofceylontea.com/tea-estates/estates-registry/bonnyblair--8020.html
8022	20220706161959	https://www.historyofceylontea.com/tea-estates/estates-registry/fullerton--8022.html
8024	20240617203803	https://www.historyofceylontea.com/tea-estates/estates-registry/gallawatta--8024.html
8026	20240908162200	https://www.historyofceylontea.com/tea-estates/estates-registry/galpatagama--8026.html
8033	20240815045720	https://www.historyofceylontea.com/tea-estates/estates-registry/govinna--8033.html
8034	20240919202402	https://www.historyofceylontea.com/tea-estates/estates-registry/good-hope--8034.html
8036	20230206065156	https://www.historyofceylontea.com/tea-estates/estates-registry/ladbroke-grove--8036.html
8038	20240803171923	https://www.historyofceylontea.com/tea-estates/estates-registry/belton--8038.html
8044	20240721153520	https://www.historyofceylontea.com/tea-estates/estates-registry/--8044.html
8045	20240723124731	https://www.historyofceylontea.com/tea-estates/estates-registry/kahabiliyagoda--8045.html
8046	20241007061004	https://www.historyofceylontea.com/tea-estates/estates-registry/pitikanda-group--8046.html
8049	20240521094349	https://www.historyofceylontea.com/tea-estates/estates-registry/kempton-park--8049.html
8050	20241005062229	https://www.historyofceylontea.com/tea-estates/estates-registry/kettapolla--8050.html
8051	20241109072856	https://www.historyofceylontea.com/tea-estates/estates-registry/sharkeley--8051.html
8052	20241011064020	https://www.historyofceylontea.com/tea-estates/estates-registry/kinnersley--8052.html
8055	20240718143347	https://www.historyofceylontea.com/tea-estates/estates-registry/kobowala--8055.html
8056	20241112190320	https://www.historyofceylontea.com/tea-estates/estates-registry/overdale--8056.html
8058	20241106135432	https://www.historyofceylontea.com/tea-estates/estates-registry/kurnegoda--8058.html
8059	20220528111952	https://www.historyofceylontea.com/tea-estates/estates-registry/landscape--8059.html
8060	20201030100001	https://www.historyofceylontea.com/tea-estates/estates-registry/udakolle--8060.html
8062	20240720023755	https://www.historyofceylontea.com/tea-estates/estates-registry/wanagalla--8062.html
8063	20241106144958	https://www.historyofceylontea.com/tea-estates/estates-registry/mahagama--8063.html
8064	20240719150642	https://www.historyofceylontea.com/tea-estates/estates-registry/madola--8064.html
8070	20240720043658	https://www.historyofceylontea.com/tea-estates/estates-registry/ambathula--8070.html
8072	20240619133246	https://www.historyofceylontea.com/tea-estates/estates-registry/--8072.html
8073	20241005062932	https://www.historyofceylontea.com/tea-estates/estates-registry/malambe--8073.html
8074	20240416232536	https://www.historyofceylontea.com/tea-estates/estates-registry/gangamulia--8074.html
8076	20221210031645	https://www.historyofceylontea.com/tea-estates/estates-registry/marton--8076.html
8077	20241013011249	https://www.historyofceylontea.com/tea-estates/estates-registry/matugama--8077.html
8078	20230329190919	https://www.historyofceylontea.com/tea-estates/estates-registry/middlena--8078.html
8079	20241110014640	https://www.historyofceylontea.com/tea-estates/estates-registry/millekande--8079.html
8080	20240717163726	https://www.historyofceylontea.com/tea-estates/estates-registry/mileniya--8080.html
8084	20240721153227	https://www.historyofceylontea.com/tea-estates/estates-registry/nagahakanda--8084.html
8085	20230323051708	https://www.historyofceylontea.com/tea-estates/estates-registry/nugehena--8085.html
8086	20240722140512	https://www.historyofceylontea.com/tea-estates/estates-registry/omathe--8086.html
8088	20240911124648	https://www.historyofceylontea.com/tea-estates/estates-registry/pembroke--8088.html
8090	20220528113324	https://www.historyofceylontea.com/tea-estates/estates-registry/padukka--8090.html
8091	20241011061226	https://www.historyofceylontea.com/tea-estates/estates-registry/paragahahena--8091.html
8092	20240716000345	https://www.historyofceylontea.com/tea-estates/estates-registry/paiyagala--8092.html
8095	20230929092926	https://www.historyofceylontea.com/tea-estates/estates-registry/arampolla-group--8095.html
8101	20240908165919	https://www.historyofceylontea.com/tea-estates/estates-registry/thuduwe--8101.html
8102	20230328085037	https://www.historyofceylontea.com/tea-estates/estates-registry/trafalgar--8102.html
8103	20240814135737	https://www.historyofceylontea.com/tea-estates/estates-registry/--8103.html
8107	20241007231525	https://www.historyofceylontea.com/tea-estates/estates-registry/wawulugama--8107.html
8109	20220707040709	https://www.historyofceylontea.com/tea-estates/estates-registry/westward--8109.html
8111	20181003112020	http://www.historyofceylontea.com:80/tea-estates/estates-registry/berna--8111.html
8112	20240908061159	https://www.historyofceylontea.com/tea-estates/estates-registry/yatipauwa--8112.html
8113	20221130225833	https://www.historyofceylontea.com/tea-estates/estates-registry/ablette--8113.html
8115	20220820000011	https://www.historyofceylontea.com/tea-estates/estates-registry/cadenabbia--8115.html
8117	20240722052539	https://www.historyofceylontea.com/tea-estates/estates-registry/allershaw--8117.html
8118	20240908170432	https://www.historyofceylontea.com/tea-estates/estates-registry/ambatenne--8118.html
8124	20240813065059	https://www.historyofceylontea.com/tea-estates/estates-registry/attiville--8124.html
8126	20240916223307	https://www.historyofceylontea.com/tea-estates/estates-registry/gangamulla--8126.html
8127	20221207074211	https://www.historyofceylontea.com/tea-estates/estates-registry/endella-group--8127.html
8128	20220526150026	https://www.historyofceylontea.com/tea-estates/estates-registry/badugama--8128.html
8131	20230204022849	https://www.historyofceylontea.com/tea-estates/estates-registry/baduru-eliya--8131.html
8132	20240719141102	https://www.historyofceylontea.com/tea-estates/estates-registry/massabieille--8132.html
8142	20240518024751	https://www.historyofceylontea.com/tea-estates/estates-registry/cuilcagh--8142.html
8146	20240809113935	https://www.historyofceylontea.com/tea-estates/estates-registry/diggoipola--8146.html
8154	20240715063738	https://www.historyofceylontea.com/tea-estates/estates-registry/kallebokka--8154.html
8159	20230929072950	https://www.historyofceylontea.com/tea-estates/estates-registry/--8159.html
8160	20240720044139	https://www.historyofceylontea.com/tea-estates/estates-registry/medahettipola--8160.html
8162	20230609165900	https://www.historyofceylontea.com/tea-estates/estates-registry/mahaousa--8162.html
8164	20241110013744	https://www.historyofceylontea.com/tea-estates/estates-registry/godahena--8164.html
8171	20181022073323	http://www.historyofceylontea.com:80/tea-estates/estates-registry/ladbroke-grove--8171.html
8174	20240908153136	https://www.historyofceylontea.com/tea-estates/estates-registry/nilloomally--8174.html
8175	20240912215356	https://www.historyofceylontea.com/tea-estates/estates-registry/pilessa--8175.html
8183	20240914132114	https://www.historyofceylontea.com/tea-estates/estates-registry/ratnatenne--8183.html
8184	20230205210316	https://www.historyofceylontea.com/tea-estates/estates-registry/hollingbourne--8184.html
8185	20240912220357	https://www.historyofceylontea.com/tea-estates/estates-registry/shakorley--8185.html
8187	20240518160322	https://www.historyofceylontea.com/tea-estates/estates-registry/sir-visto--8187.html
8191	20210126023807	https://www.historyofceylontea.com/tea-estates/estates-registry/udakelley--8191.html
8192	20230331101309	https://www.historyofceylontea.com/tea-estates/estates-registry/ellerton--8192.html
8196	20241102075658	https://www.historyofceylontea.com/tea-estates/estates-registry/hatale--8196.html
8197	20240908161743	https://www.historyofceylontea.com/tea-estates/estates-registry/keradenikanda--8197.html
8198	20230127140939	https://www.historyofceylontea.com/tea-estates/estates-registry/hoolankanda--8198.html
8199	20221203115032	https://www.historyofceylontea.com/tea-estates/estates-registry/kinneraley--8199.html
8201	20240302110517	https://www.historyofceylontea.com/tea-estates/estates-registry/huluganga--8201.html
8202	20240423165017	https://www.historyofceylontea.com/tea-estates/estates-registry/kirantidiya--8202.html
8203	20241013002404	https://www.historyofceylontea.com/tea-estates/estates-registry/kallebokka--8203.html
8204	20220525162141	https://www.historyofceylontea.com/tea-estates/estates-registry/--8204.html
8205	20240715031829	https://www.historyofceylontea.com/tea-estates/estates-registry/kiriwanaketiya--8205.html
8206	20240812065604	https://www.historyofceylontea.com/tea-estates/estates-registry/kohowalla--8206.html
8212	20220526143753	https://www.historyofceylontea.com/tea-estates/estates-registry/kumbaduwa--8212.html
8214	20240620051541	https://www.historyofceylontea.com/tea-estates/estates-registry/gokarella--8214.html
8215	20241112190432	https://www.historyofceylontea.com/tea-estates/estates-registry/lagos--8215.html
8217	20241012104357	https://www.historyofceylontea.com/tea-estates/estates-registry/maddagedara--8217.html
8219	20240518064350	https://www.historyofceylontea.com/tea-estates/estates-registry/relugas--8219.html
8220	20240522000154	https://www.historyofceylontea.com/tea-estates/estates-registry/sinnapittia--8220.html
8221	20240908154032	https://www.historyofceylontea.com/tea-estates/estates-registry/mahahentenna--8221.html
8226	20240916035006	https://www.historyofceylontea.com/tea-estates/estates-registry/millakande--8226.html
8227	20240714095831	https://www.historyofceylontea.com/tea-estates/estates-registry/milleniya--8227.html
8228	20240913041051	https://www.historyofceylontea.com/tea-estates/estates-registry/mirishena--8228.html
8230	20240719144743	https://www.historyofceylontea.com/tea-estates/estates-registry/bodawa--8230.html
8231	20240720030131	https://www.historyofceylontea.com/tea-estates/estates-registry/madahettipola--8231.html
8232	20240920081640	https://www.historyofceylontea.com/tea-estates/estates-registry/mukalana-group--8232.html
8235	20240617175454	https://www.historyofceylontea.com/tea-estates/estates-registry/mulatiyana--8235.html
8236	20240717160831	https://www.historyofceylontea.com/tea-estates/estates-registry/nagalakanda--8236.html
8242	20220526144054	https://www.historyofceylontea.com/tea-estates/estates-registry/paragoda--8242.html
8243	20210306230957	https://www.historyofceylontea.com/tea-estates/estates-registry/redegamma--8243.html
8244	20240911142508	https://www.historyofceylontea.com/tea-estates/estates-registry/abercairney--8244.html
8248	20241013021542	https://www.historyofceylontea.com/tea-estates/estates-registry/annfield--8248.html
8256	20241011045244	https://www.historyofceylontea.com/tea-estates/estates-registry/st-edwards--8256.html
8257	20240805195306	https://www.historyofceylontea.com/tea-estates/estates-registry/--8257.html
8259	20240908155330	https://www.historyofceylontea.com/tea-estates/estates-registry/--8259.html
8262	20220707043551	https://www.historyofceylontea.com/tea-estates/estates-registry/tisgalla--8262.html
8263	20240814205849	https://www.historyofceylontea.com/tea-estates/estates-registry/berat--8263.html
8264	20220927202138	https://www.historyofceylontea.com/tea-estates/estates-registry/berrogalla--8264.html
8265	20240815051638	https://www.historyofceylontea.com/tea-estates/estates-registry/blair-athol--8265.html
8266	20241112164338	https://www.historyofceylontea.com/tea-estates/estates-registry/--8266.html
8267	20240918154400	https://www.historyofceylontea.com/tea-estates/estates-registry/--8267.html
8268	20240718101615	https://www.historyofceylontea.com/tea-estates/estates-registry/--8268.html
8270	20240719143727	https://www.historyofceylontea.com/tea-estates/estates-registry/--8270.html
8272	20240803160406	https://www.historyofceylontea.com/tea-estates/estates-registry/chapeltown--8272.html
8273	20240521224834	https://www.historyofceylontea.com/tea-estates/estates-registry/walauwawatta--8273.html
8274	20241011105837	https://www.historyofceylontea.com/tea-estates/estates-registry/--8274.html
8276	20241113120651	https://www.historyofceylontea.com/tea-estates/estates-registry/--8276.html
8277	20210725135026	https://www.historyofceylontea.com/tea-estates/estates-registry/duke--8277.html
8278	20240809052048	https://www.historyofceylontea.com/tea-estates/estates-registry/battagolla--8278.html
8279	20240908060111	https://www.historyofceylontea.com/tea-estates/estates-registry/--8279.html
8280	20240721162445	https://www.historyofceylontea.com/tea-estates/estates-registry/dunkeld--8280.html
8282	20240617212148	https://www.historyofceylontea.com/tea-estates/estates-registry/ellbedde--8282.html
8283	20220820000323	https://www.historyofceylontea.com/tea-estates/estates-registry/--8283.html
8284	20240912083849	https://www.historyofceylontea.com/tea-estates/estates-registry/grants-land--8284.html
8285	20220814190835	https://www.historyofceylontea.com/tea-estates/estates-registry/elierton--8285.html
8286	20240522141410	https://www.historyofceylontea.com/tea-estates/estates-registry/gonagalla--8286.html
8287	20240722140753	https://www.historyofceylontea.com/tea-estates/estates-registry/clarence--8287.html
8291	20241101193946	https://www.historyofceylontea.com/tea-estates/estates-registry/hatton--8291.html
8292	20240920072520	https://www.historyofceylontea.com/tea-estates/estates-registry/--8292.html
8296	20240809064033	https://www.historyofceylontea.com/tea-estates/estates-registry/hornsey--8296.html
8298	20240809192109	https://www.historyofceylontea.com/tea-estates/estates-registry/kirkoswald--8298.html
8300	20241106151957	https://www.historyofceylontea.com/tea-estates/estates-registry/abbey-rock--8300.html
8303	20220707051901	https://www.historyofceylontea.com/tea-estates/estates-registry/dartonfield--8303.html
8304	20240619140821	https://www.historyofceylontea.com/tea-estates/estates-registry/morae--8304.html
8307	20240809055640	https://www.historyofceylontea.com/tea-estates/estates-registry/moulvie--8307.html
8310	20221206151121	https://www.historyofceylontea.com/tea-estates/estates-registry/deniston--8310.html
8313	20240518064201	https://www.historyofceylontea.com/tea-estates/estates-registry/diaswatte--8313.html
8314	20240722181849	https://www.historyofceylontea.com/tea-estates/estates-registry/maddakelle--8314.html
8316	20240812071558	https://www.historyofceylontea.com/tea-estates/estates-registry/--8316.html
8317	20231129020608	https://www.historyofceylontea.com/tea-estates/estates-registry/dicklande--8317.html
8318	20240714105218	https://www.historyofceylontea.com/tea-estates/estates-registry/new-valley--8318.html
8319	20230207185202	https://www.historyofceylontea.com/tea-estates/estates-registry/baddewlle--8319.html
8321	20240715051742	https://www.historyofceylontea.com/tea-estates/estates-registry/norwood--8321.html
8322	20240912222319	https://www.historyofceylontea.com/tea-estates/estates-registry/--8322.html
8323	20241106152036	https://www.historyofceylontea.com/tea-estates/estates-registry/ashton--8323.html
8328	20241106153807	https://www.historyofceylontea.com/tea-estates/estates-registry/--8328.html
8329	20240812062352	https://www.historyofceylontea.com/tea-estates/estates-registry/paramatta--8329.html
8331	20240619131138	https://www.historyofceylontea.com/tea-estates/estates-registry/--8331.html
8332	20231205085133	https://www.historyofceylontea.com/tea-estates/estates-registry/eliekanda--8332.html
8333	20240805195156	https://www.historyofceylontea.com/tea-estates/estates-registry/belligalana--8333.html
8337	20241006165201	https://www.historyofceylontea.com/tea-estates/estates-registry/--8337.html
8339	20240912212043	https://www.historyofceylontea.com/tea-estates/estates-registry/epping-forest--8339.html
8341	20241016002754	https://www.historyofceylontea.com/tea-estates/estates-registry/--8341.html
8342	20240618193347	https://www.historyofceylontea.com/tea-estates/estates-registry/finzean--8342.html
8344	20240916232147	https://www.historyofceylontea.com/tea-estates/estates-registry/talbots-land--8344.html
8346	20240919215742	https://www.historyofceylontea.com/tea-estates/estates-registry/tientsin--8346.html
8347	20241102093727	https://www.historyofceylontea.com/tea-estates/estates-registry/closenberg--8347.html
8348	20240725123102	https://www.historyofceylontea.com/tea-estates/estates-registry/venture--8348.html
8362	20240722055702	https://www.historyofceylontea.com/tea-estates/estates-registry/wannah-rajah--8362.html
8365	20240918153428	https://www.historyofceylontea.com/tea-estates/estates-registry/didoola--8365.html
8367	20240622041706	https://www.historyofceylontea.com/tea-estates/estates-registry/gamagekanda--8367.html
8368	20240718102640	https://www.historyofceylontea.com/tea-estates/estates-registry/medagame--8368.html
8370	20241102083616	https://www.historyofceylontea.com/tea-estates/estates-registry/warleigh--8370.html
8375	20241107061023	https://www.historyofceylontea.com/tea-estates/estates-registry/craven--8375.html
8376	20241011045948	https://www.historyofceylontea.com/tea-estates/estates-registry/enselwatte--8376.html
8377	20240723111409	https://www.historyofceylontea.com/tea-estates/estates-registry/illookgalla--8377.html
8378	20220814184113	https://www.historyofceylontea.com/tea-estates/estates-registry/govinda--8378.html
8379	20210725133255	https://www.historyofceylontea.com/tea-estates/estates-registry/pen-y-bont--8379.html
8380	20240916020052	https://www.historyofceylontea.com/tea-estates/estates-registry/sinnapittia--8380.html
8382	20230608151031	https://www.historyofceylontea.com/tea-estates/estates-registry/banff--8382.html
8383	20240809064548	https://www.historyofceylontea.com/tea-estates/estates-registry/gulnegoda--8383.html
8384	20220701235401	https://www.historyofceylontea.com/tea-estates/estates-registry/glenalpine--8384.html
8386	20241106143957	https://www.historyofceylontea.com/tea-estates/estates-registry/goshen--8386.html
8387	20240722043753	https://www.historyofceylontea.com/tea-estates/estates-registry/hayes--8387.html
8388	20241105160427	https://www.historyofceylontea.com/tea-estates/estates-registry/kirimittie--8388.html
8389	20241004120749	https://www.historyofceylontea.com/tea-estates/estates-registry/kallugalla--8389.html
8390	20240720103535	https://www.historyofceylontea.com/tea-estates/estates-registry/maligahatenne--8390.html
8391	20240912090359	https://www.historyofceylontea.com/tea-estates/estates-registry/kilve--8391.html
8392	20241104053031	https://www.historyofceylontea.com/tea-estates/estates-registry/koorooloogalla--8392.html
8393	20240810200807	https://www.historyofceylontea.com/tea-estates/estates-registry/moragalla--8393.html
8395	20240916003119	https://www.historyofceylontea.com/tea-estates/estates-registry/--8395.html
8397	20240912084242	https://www.historyofceylontea.com/tea-estates/estates-registry/naatagalane--8397.html
8398	20240416224425	https://www.historyofceylontea.com/tea-estates/estates-registry/ganetenna--8398.html
8400	20240813045633	https://www.historyofceylontea.com/tea-estates/estates-registry/polperro--8400.html
8401	20241102073743	https://www.historyofceylontea.com/tea-estates/estates-registry/--8401.html
8403	20240810073159	https://www.historyofceylontea.com/tea-estates/estates-registry/nanekellie--8403.html
8404	20240622024533	https://www.historyofceylontea.com/tea-estates/estates-registry/peak--8404.html
8405	20221205140208	https://www.historyofceylontea.com/tea-estates/estates-registry/panilkande-old-new--8405.html
8406	20240624202533	https://www.historyofceylontea.com/tea-estates/estates-registry/rondura-group--8406.html
8407	20241011032619	https://www.historyofceylontea.com/tea-estates/estates-registry/hillcroft--8407.html
8410	20240918142546	https://www.historyofceylontea.com/tea-estates/estates-registry/wyrley-grove--8410.html
8412	20240805032936	https://www.historyofceylontea.com/tea-estates/estates-registry/upton--8412.html
8415	20240919221127	https://www.historyofceylontea.com/tea-estates/estates-registry/--8415.html
8416	20220815161911	https://www.historyofceylontea.com/tea-estates/estates-registry/margary--8416.html
8417	20240523163136	https://www.historyofceylontea.com/tea-estates/estates-registry/salawe--8417.html
8420	20240715015655	https://www.historyofceylontea.com/tea-estates/estates-registry/horawala--8420.html
8421	20241006170727	https://www.historyofceylontea.com/tea-estates/estates-registry/san-salvatort--8421.html
8424	20241106154821	https://www.historyofceylontea.com/tea-estates/estates-registry/valleyfield--8424.html
8428	20240911173347	https://www.historyofceylontea.com/tea-estates/estates-registry/veharaheena-upper--8428.html
8429	20240715233707	https://www.historyofceylontea.com/tea-estates/estates-registry/kobowella--8429.html
8433	20220701223523	https://www.historyofceylontea.com/tea-estates/estates-registry/eistree--8433.html
8434	20241110030242	https://www.historyofceylontea.com/tea-estates/estates-registry/sunnycroft--8434.html
8436	20240521112609	https://www.historyofceylontea.com/tea-estates/estates-registry/--8436.html
8437	20240912091631	https://www.historyofceylontea.com/tea-estates/estates-registry/o-dowd-s-land--8437.html
8441	20240920164338	https://www.historyofceylontea.com/tea-estates/estates-registry/veharaheena-lower--8441.html
8443	20240805183919	https://www.historyofceylontea.com/tea-estates/estates-registry/--8443.html
8444	20220526131644	https://www.historyofceylontea.com/tea-estates/estates-registry/tellisford--8444.html
8446	20240918151113	https://www.historyofceylontea.com/tea-estates/estates-registry/anningkande--8446.html
8447	20240916015306	https://www.historyofceylontea.com/tea-estates/estates-registry/--8447.html
8448	20240522134820	https://www.historyofceylontea.com/tea-estates/estates-registry/mattegoda-group--8448.html
8449	20180614190249	http://www.historyofceylontea.com:80/tea-estates/estates-registry/metewillia--8449.html
8451	20221210015724	https://www.historyofceylontea.com/tea-estates/estates-registry/udapolla--8451.html
8453	20240913041005	https://www.historyofceylontea.com/tea-estates/estates-registry/urumiwelle--8453.html
8454	20240614220812	https://www.historyofceylontea.com/tea-estates/estates-registry/belligahalena--8454.html
8456	20221128152018	https://www.historyofceylontea.com/tea-estates/estates-registry/mount-pearl--8456.html
8457	20240915225737	https://www.historyofceylontea.com/tea-estates/estates-registry/illokgalla--8457.html
8458	20240722164602	https://www.historyofceylontea.com/tea-estates/estates-registry/--8458.html
8459	20240915234926	https://www.historyofceylontea.com/tea-estates/estates-registry/--8459.html
8461	20241109062720	https://www.historyofceylontea.com/tea-estates/estates-registry/campden-hill--8461.html
8463	20250119150842	https://www.historyofceylontea.com/tea-estates/estates-registry/poolbank--8463.html
8464	20241113160238	https://www.historyofceylontea.com/tea-estates/estates-registry/walpola-group--8464.html
8465	20240715230803	https://www.historyofceylontea.com/tea-estates/estates-registry/kekunagalla--8465.html
8466	20241106132829	https://www.historyofceylontea.com/tea-estates/estates-registry/cosgalane--8466.html
8467	20240725123344	https://www.historyofceylontea.com/tea-estates/estates-registry/peragahahena--8467.html
8470	20240803162119	https://www.historyofceylontea.com/tea-estates/estates-registry/--8470.html
8471	20241106150938	https://www.historyofceylontea.com/tea-estates/estates-registry/--8471.html
8473	20221130170225	https://www.historyofceylontea.com/tea-estates/estates-registry/laboogolle--8473.html
8474	20240908071139	https://www.historyofceylontea.com/tea-estates/estates-registry/downside--8474.html
8475	20220528222659	https://www.historyofceylontea.com/tea-estates/estates-registry/maligaharenna--8475.html
8476	20240720042043	https://www.historyofceylontea.com/tea-estates/estates-registry/--8476.html
8477	20221206132902	https://www.historyofceylontea.com/tea-estates/estates-registry/pelenda--8477.html
8480	20210121153834	https://www.historyofceylontea.com/tea-estates/estates-registry/aludeniya--8480.html
8483	20241106132415	https://www.historyofceylontea.com/tea-estates/estates-registry/--8483.html
8484	20241106141154	https://www.historyofceylontea.com/tea-estates/estates-registry/katugalia-lots-2522-3-4--8484.html
8485	20240722181927	https://www.historyofceylontea.com/tea-estates/estates-registry/tambawille--8485.html
8486	20240415101620	https://www.historyofceylontea.com/tea-estates/estates-registry/oolanakanda--8486.html
8487	20240912093202	https://www.historyofceylontea.com/tea-estates/estates-registry/glenalpine--8487.html
8488	20241106143415	https://www.historyofceylontea.com/tea-estates/estates-registry/gosben--8488.html
8490	20241008001928	https://www.historyofceylontea.com/tea-estates/estates-registry/bathford--8490.html
8493	20240525080254	https://www.historyofceylontea.com/tea-estates/estates-registry/nartagalane--8493.html
8494	20240717162923	https://www.historyofceylontea.com/tea-estates/estates-registry/badureliya--8494.html
8496	20241113144509	https://www.historyofceylontea.com/tea-estates/estates-registry/naragalla--8496.html
8500	20240525073653	https://www.historyofceylontea.com/tea-estates/estates-registry/clunez--8500.html
8505	20240714035152	https://www.historyofceylontea.com/tea-estates/estates-registry/dalagalla--8505.html
8508	20240622040509	https://www.historyofceylontea.com/tea-estates/estates-registry/silvakande--8508.html
8509	20240810195443	https://www.historyofceylontea.com/tea-estates/estates-registry/--8509.html
8513	20241011115013	https://www.historyofceylontea.com/tea-estates/estates-registry/sweetland--8513.html
8514	20240916224349	https://www.historyofceylontea.com/tea-estates/estates-registry/digowa--8514.html
8520	20221208115747	https://www.historyofceylontea.com/tea-estates/estates-registry/mookglla--8520.html
8521	20240916021201	https://www.historyofceylontea.com/tea-estates/estates-registry/durampitiya--8521.html
8522	20241106142814	https://www.historyofceylontea.com/tea-estates/estates-registry/viharaheena-upper--8522.html
8524	20241106141913	https://www.historyofceylontea.com/tea-estates/estates-registry/viharaheena-lower--8524.html
8526	20240911172941	https://www.historyofceylontea.com/tea-estates/estates-registry/normandy--8526.html
8528	20240919203938	https://www.historyofceylontea.com/tea-estates/estates-registry/erracht--8528.html
8531	20240915044520	https://www.historyofceylontea.com/tea-estates/estates-registry/kotuwa-godella--8531.html
8535	20210303075759	https://www.historyofceylontea.com/tea-estates/estates-registry/redegama--8535.html
8540	20240813124937	https://www.historyofceylontea.com/tea-estates/estates-registry/gulnagoda--8540.html
8541	20240523132655	https://www.historyofceylontea.com/tea-estates/estates-registry/halbaruwa--8541.html
8542	20241013015933	https://www.historyofceylontea.com/tea-estates/estates-registry/koliyagalla--8542.html
8543	20240715013216	https://www.historyofceylontea.com/tea-estates/estates-registry/dangkolawa--8543.html
8544	20240618014134	https://www.historyofceylontea.com/tea-estates/estates-registry/--8544.html
8546	20241106152244	https://www.historyofceylontea.com/tea-estates/estates-registry/katugalla--8546.html
8547	20240916002204	https://www.historyofceylontea.com/tea-estates/estates-registry/forest--8547.html
8552	20211018074658	https://www.historyofceylontea.com/tea-estates/estates-registry/kandawatta--8552.html
8554	20240722054243	https://www.historyofceylontea.com/tea-estates/estates-registry/leneyawa--8554.html
8555	20240615105352	https://www.historyofceylontea.com/tea-estates/estates-registry/lowmont-group--8555.html
8557	20240413162435	https://www.historyofceylontea.com/tea-estates/estates-registry/--8557.html
8558	20240803161953	https://www.historyofceylontea.com/tea-estates/estates-registry/bulapanatia--8558.html
8561	20220521095924	https://www.historyofceylontea.com/tea-estates/estates-registry/mt-prospect--8561.html
8565	20241006174120	https://www.historyofceylontea.com/tea-estates/estates-registry/queens-bay--8565.html
8570	20240518061648	https://www.historyofceylontea.com/tea-estates/estates-registry/tismoda--8570.html
8571	20240809054548	https://www.historyofceylontea.com/tea-estates/estates-registry/tiverton--8571.html
8572	20240722164302	https://www.historyofceylontea.com/tea-estates/estates-registry/rosemont--8572.html
8575	20240811081038	https://www.historyofceylontea.com/tea-estates/estates-registry/silverdale--8575.html
8580	20181022073722	http://www.historyofceylontea.com:80/tea-estates/estates-registry/s-peter-s--8580.html
8581	20181022073228	http://www.historyofceylontea.com:80/tea-estates/estates-registry/stagmore--8581.html
8582	20240617144359	https://www.historyofceylontea.com/tea-estates/estates-registry/kendagolla--8582.html
8585	20241113154716	https://www.historyofceylontea.com/tea-estates/estates-registry/lawlogahahena--8585.html
8588	20180712012845	http://www.historyofceylontea.com:80/tea-estates/estates-registry/sakrawattia--8588.html
8589	20240722175733	https://www.historyofceylontea.com/tea-estates/estates-registry/walterland--8589.html
8590	20210226061509	https://www.historyofceylontea.com/tea-estates/estates-registry/waterloo--8590.html
8592	20240618173533	https://www.historyofceylontea.com/tea-estates/estates-registry/the-farm--8592.html
8593	20230929110215	https://www.historyofceylontea.com/tea-estates/estates-registry/welipenna-group--8593.html
8597	20201127112744	https://www.historyofceylontea.com/tea-estates/estates-registry/deneyaya--8597.html
8605	20240718133628	https://www.historyofceylontea.com/tea-estates/estates-registry/epitawala--8605.html
8606	20230207192058	https://www.historyofceylontea.com/tea-estates/estates-registry/ettiwila--8606.html
8607	20241013012935	https://www.historyofceylontea.com/tea-estates/estates-registry/--8607.html
8612	20240718135348	https://www.historyofceylontea.com/tea-estates/estates-registry/glanhros-group--8612.html
8613	20241113073310	https://www.historyofceylontea.com/tea-estates/estates-registry/palawatta--8613.html
8614	20240714103618	https://www.historyofceylontea.com/tea-estates/estates-registry/gulanegoda--8614.html
8615	20240715044155	https://www.historyofceylontea.com/tea-estates/estates-registry/balbarawa--8615.html
8617	20241011060102	https://www.historyofceylontea.com/tea-estates/estates-registry/hellingbourne--8617.html
8618	20240718132855	https://www.historyofceylontea.com/tea-estates/estates-registry/kahamulla--8618.html
8622	20221206074138	https://www.historyofceylontea.com/tea-estates/estates-registry/campden-hill--8622.html
8623	20230607230118	https://www.historyofceylontea.com/tea-estates/estates-registry/deniyaya--8623.html
8625	20241016004205	https://www.historyofceylontea.com/tea-estates/estates-registry/downside--8625.html
8626	20240524095143	https://www.historyofceylontea.com/tea-estates/estates-registry/--8626.html
8627	20230205150832	https://www.historyofceylontea.com/tea-estates/estates-registry/mt-prospect-kakunagalla--8627.html
8632	20210125233048	https://www.historyofceylontea.com/tea-estates/estates-registry/kekuna-heena--8632.html
8634	20240720033327	https://www.historyofceylontea.com/tea-estates/estates-registry/mount-missina--8634.html
8638	20241016003001	https://www.historyofceylontea.com/tea-estates/estates-registry/randford--8638.html
8641	20240615094407	https://www.historyofceylontea.com/tea-estates/estates-registry/kirrimittia--8641.html
8642	20181003112306	http://www.historyofceylontea.com:80/tea-estates/estates-registry/abbey-rock--8642.html
8643	20241112153742	https://www.historyofceylontea.com/tea-estates/estates-registry/kottegoade--8643.html
8645	20190327050820	https://www.historyofceylontea.com/tea-estates/estates-registry/belligalena--8645.html
8646	20210725120123	https://www.historyofceylontea.com/tea-estates/estates-registry/gleneak--8646.html
8647	20241011111357	https://www.historyofceylontea.com/tea-estates/estates-registry/beverley--8647.html
8650	20240718152319	https://www.historyofceylontea.com/tea-estates/estates-registry/campden-hill--8650.html
8654	20241113124835	https://www.historyofceylontea.com/tea-estates/estates-registry/holmwood--8654.html
8657	20241106150738	https://www.historyofceylontea.com/tea-estates/estates-registry/craven--8657.html
8660	20211021040943	https://www.historyofceylontea.com/tea-estates/estates-registry/ingoya--8660.html
8662	20240417184415	https://www.historyofceylontea.com/tea-estates/estates-registry/demalia-dalle--8662.html
8666	20240915043534	https://www.historyofceylontea.com/tea-estates/estates-registry/meegastenne--8666.html
8668	20240715021041	https://www.historyofceylontea.com/tea-estates/estates-registry/--8668.html
8669	20240815052032	https://www.historyofceylontea.com/tea-estates/estates-registry/deniyaya--8669.html
8670	20241006153849	https://www.historyofceylontea.com/tea-estates/estates-registry/kandahena--8670.html
8682	20241110171108	https://www.historyofceylontea.com/tea-estates/estates-registry/--8682.html
8683	20241112155330	https://www.historyofceylontea.com/tea-estates/estates-registry/ormondale--8683.html
8685	20240916023130	https://www.historyofceylontea.com/tea-estates/estates-registry/kotunagala--8685.html
8686	20240722180126	https://www.historyofceylontea.com/tea-estates/estates-registry/goshen--8686.html
8688	20240525195112	https://www.historyofceylontea.com/tea-estates/estates-registry/handford--8688.html
8689	20220926223949	https://www.historyofceylontea.com/tea-estates/estates-registry/seafield--8689.html
8691	20240809125359	https://www.historyofceylontea.com/tea-estates/estates-registry/heyas--8691.html
8693	20230603112131	https://www.historyofceylontea.com/tea-estates/estates-registry/liniyagala--8693.html
8696	20241206134527	https://www.historyofceylontea.com/tea-estates/estates-registry/remuna--8696.html
8698	20231128125840	https://www.historyofceylontea.com/tea-estates/estates-registry/bambrakelly--8698.html
8700	20240718152847	https://www.historyofceylontea.com/tea-estates/estates-registry/lyndhurst--8700.html
8703	20210619193557	https://www.historyofceylontea.com/tea-estates/estates-registry/ambadeniya--8703.html
8704	20241104210749	https://www.historyofceylontea.com/tea-estates/estates-registry/fairyland--8704.html
8705	20190826070535	https://www.historyofceylontea.com/tea-estates/estates-registry/maliboda--8705.html
8708	20240714115624	https://www.historyofceylontea.com/tea-estates/estates-registry/kallugalla--8708.html
8709	20241016021231	https://www.historyofceylontea.com/tea-estates/estates-registry/hazelwood--8709.html
8710	20200803203308	https://www.historyofceylontea.com/tea-estates/estates-registry/kekuna-heena--8710.html
8713	20181022070820	http://www.historyofceylontea.com:80/tea-estates/estates-registry/magastotte--8713.html
8715	20221203120224	https://www.historyofceylontea.com/tea-estates/estates-registry/manapolakande--8715.html
8719	20240718145354	https://www.historyofceylontea.com/tea-estates/estates-registry/oliphant--8719.html
8721	20240920181208	https://www.historyofceylontea.com/tea-estates/estates-registry/pedro--8721.html
8722	20240715182340	https://www.historyofceylontea.com/tea-estates/estates-registry/longford--8722.html
8724	20240814130019	https://www.historyofceylontea.com/tea-estates/estates-registry/the-serubs--8724.html
8726	20240523132727	https://www.historyofceylontea.com/tea-estates/estates-registry/panilkanda--8726.html
8729	20241112173509	https://www.historyofceylontea.com/tea-estates/estates-registry/uak-valley--8729.html
8732	20240815064444	https://www.historyofceylontea.com/tea-estates/estates-registry/bund-land--8732.html
8734	20181009204331	http://www.historyofceylontea.com:80/tea-estates/estates-registry/court-lodge--8734.html
8738	20241113080052	https://www.historyofceylontea.com/tea-estates/estates-registry/silvakande--8738.html
8740	20240615213354	https://www.historyofceylontea.com/tea-estates/estates-registry/dovedale--8740.html
8742	20221204042344	https://www.historyofceylontea.com/tea-estates/estates-registry/viharaheena-upper-lower--8742.html
8744	20220810211500	https://www.historyofceylontea.com/tea-estates/estates-registry/norfolk--8744.html
8745	20220819113952	https://www.historyofceylontea.com/tea-estates/estates-registry/northumberland--8745.html
8746	20240722170435	https://www.historyofceylontea.com/tea-estates/estates-registry/hethersett--8746.html
8747	20220815195528	https://www.historyofceylontea.com/tea-estates/estates-registry/nottinghill--8747.html
8748	20241112161953	https://www.historyofceylontea.com/tea-estates/estates-registry/kandapolla--8748.html
8749	20240809121342	https://www.historyofceylontea.com/tea-estates/estates-registry/kenmare--8749.html
8754	20240809050144	https://www.historyofceylontea.com/tea-estates/estates-registry/pambagama--8754.html
8757	20240814194123	https://www.historyofceylontea.com/tea-estates/estates-registry/lover-s-leap--8757.html
8758	20231207095811	https://www.historyofceylontea.com/tea-estates/estates-registry/hayes--8758.html
8763	20220704010049	https://www.historyofceylontea.com/tea-estates/estates-registry/kottapolla--8763.html
8764	20240812193048	https://www.historyofceylontea.com/tea-estates/estates-registry/naseby--8764.html
8767	20241106151717	https://www.historyofceylontea.com/tea-estates/estates-registry/portswood--8767.html
8768	20210228185804	https://www.historyofceylontea.com/tea-estates/estates-registry/donasfield--8768.html
8769	20240812193957	https://www.historyofceylontea.com/tea-estates/estates-registry/edmagalla--8769.html
8774	20241005055830	https://www.historyofceylontea.com/tea-estates/estates-registry/westward-ho--8774.html
8776	20241006192837	https://www.historyofceylontea.com/tea-estates/estates-registry/yalta--8776.html
8777	20240718151109	https://www.historyofceylontea.com/tea-estates/estates-registry/sirisanda--8777.html
8781	20241102082716	https://www.historyofceylontea.com/tea-estates/estates-registry/elephant-nook--8781.html
8782	20241005054536	https://www.historyofceylontea.com/tea-estates/estates-registry/kumaragalla--8782.html
8789	20240915223821	https://www.historyofceylontea.com/tea-estates/estates-registry/kotapola--8789.html
8790	20190327043819	https://www.historyofceylontea.com/tea-estates/estates-registry/kurulugalla--8790.html
8791	20241112204027	https://www.historyofceylontea.com/tea-estates/estates-registry/monkswood--8791.html
8792	20240908105405	https://www.historyofceylontea.com/tea-estates/estates-registry/meegastenne--8792.html
8796	20220815160453	https://www.historyofceylontea.com/tea-estates/estates-registry/hill-stream--8796.html
8798	20240803171709	https://www.historyofceylontea.com/tea-estates/estates-registry/andiegalla--8798.html
8801	20240617161257	https://www.historyofceylontea.com/tea-estates/estates-registry/kahambiliyagoda--8801.html
8805	20240415083126	https://www.historyofceylontea.com/tea-estates/estates-registry/thannahena--8805.html
8806	20231209172046	https://www.historyofceylontea.com/tea-estates/estates-registry/the-seruba--8806.html
8807	20240715054051	https://www.historyofceylontea.com/tea-estates/estates-registry/urumutta--8807.html
8810	20241006194420	https://www.historyofceylontea.com/tea-estates/estates-registry/chasterford-group--8810.html
8811	20240617180055	https://www.historyofceylontea.com/tea-estates/estates-registry/mount-missina--8811.html
8814	20230606133040	https://www.historyofceylontea.com/tea-estates/estates-registry/muthettuhena--8814.html
8815	20220814181820	https://www.historyofceylontea.com/tea-estates/estates-registry/--8815.html
8816	20241016010954	https://www.historyofceylontea.com/tea-estates/estates-registry/--8816.html
8818	20241104053148	https://www.historyofceylontea.com/tea-estates/estates-registry/court-lodge--8818.html
8819	20240810081447	https://www.historyofceylontea.com/tea-estates/estates-registry/damblagolla--8819.html
8823	20231207110013	https://www.historyofceylontea.com/tea-estates/estates-registry/diyadawa--8823.html
8824	20241109075633	https://www.historyofceylontea.com/tea-estates/estates-registry/hethersett--8824.html
8826	20181022073218	http://www.historyofceylontea.com:80/tea-estates/estates-registry/magastotte--8826.html
8828	20241106154450	https://www.historyofceylontea.com/tea-estates/estates-registry/park-tomma--8828.html
8831	20240912082642	https://www.historyofceylontea.com/tea-estates/estates-registry/durampitiya-group--8831.html
8832	20240809130841	https://www.historyofceylontea.com/tea-estates/estates-registry/hulandawa--8832.html
8834	20241102091436	https://www.historyofceylontea.com/tea-estates/estates-registry/belmont--8834.html
8837	20241016012313	https://www.historyofceylontea.com/tea-estates/estates-registry/--8837.html
8838	20190327043827	https://www.historyofceylontea.com/tea-estates/estates-registry/murukandola--8838.html
8841	20241016003352	https://www.historyofceylontea.com/tea-estates/estates-registry/--8841.html
8842	20170829101331	http://www.historyofceylontea.com:80/tea-estates/estates-registry/peellahena--8842.html
8843	20240815052427	https://www.historyofceylontea.com/tea-estates/estates-registry/ratnayaka-group--8843.html
8846	20240809191443	https://www.historyofceylontea.com/tea-estates/estates-registry/forest--8846.html
8847	20241107064436	https://www.historyofceylontea.com/tea-estates/estates-registry/mahagastotte--8847.html
8848	20240620051938	https://www.historyofceylontea.com/tea-estates/estates-registry/kahdernee--8848.html
8859	20240715021648	https://www.historyofceylontea.com/tea-estates/estates-registry/unique-view--8859.html
8861	20241112185039	https://www.historyofceylontea.com/tea-estates/estates-registry/waterfield--8861.html
8864	20240812081222	https://www.historyofceylontea.com/tea-estates/estates-registry/genishana-ally--8864.html
8866	20240810065923	https://www.historyofceylontea.com/tea-estates/estates-registry/blackpool--8866.html
8867	20240813062427	https://www.historyofceylontea.com/tea-estates/estates-registry/alutment-group--8867.html
8873	20240913052628	https://www.historyofceylontea.com/tea-estates/estates-registry/hythe--8873.html
8882	20240620055005	https://www.historyofceylontea.com/tea-estates/estates-registry/vanillax--8882.html
8884	20210224204551	https://www.historyofceylontea.com/tea-estates/estates-registry/donald-field--8884.html
8885	20240724175955	https://www.historyofceylontea.com/tea-estates/estates-registry/wariagalla-lower--8885.html
8886	20241011060754	https://www.historyofceylontea.com/tea-estates/estates-registry/elliewatte--8886.html
8887	20241006195157	https://www.historyofceylontea.com/tea-estates/estates-registry/haddon-hill--8887.html
8889	20220701231424	https://www.historyofceylontea.com/tea-estates/estates-registry/kandapolla--8889.html
8890	20240722171327	https://www.historyofceylontea.com/tea-estates/estates-registry/rose-valley--8890.html
8897	20240415094059	https://www.historyofceylontea.com/tea-estates/estates-registry/southdown--8897.html
8902	20240919214134	https://www.historyofceylontea.com/tea-estates/estates-registry/aston--8902.html
8903	20240913045036	https://www.historyofceylontea.com/tea-estates/estates-registry/woodlands--8903.html
8904	20241113162059	https://www.historyofceylontea.com/tea-estates/estates-registry/moreahena--8904.html
8906	20240617211503	https://www.historyofceylontea.com/tea-estates/estates-registry/new-porest--8906.html
8907	20240911164413	https://www.historyofceylontea.com/tea-estates/estates-registry/--8907.html
8908	20241106151150	https://www.historyofceylontea.com/tea-estates/estates-registry/--8908.html
8909	20240911175608	https://www.historyofceylontea.com/tea-estates/estates-registry/--8909.html
8910	20240915045519	https://www.historyofceylontea.com/tea-estates/estates-registry/pitewella-oya--8910.html
8911	20220814193820	https://www.historyofceylontea.com/tea-estates/estates-registry/atropos--8911.html
8913	20220707004200	https://www.historyofceylontea.com/tea-estates/estates-registry/kobonella-group--8913.html
8914	20241006202033	https://www.historyofceylontea.com/tea-estates/estates-registry/naseby-house--8914.html
8915	20201124142654	https://www.historyofceylontea.com/tea-estates/estates-registry/winby--8915.html
8919	20241004203320	https://www.historyofceylontea.com/tea-estates/estates-registry/pen-y-bont--8919.html
8925	20220811225249	https://www.historyofceylontea.com/tea-estates/estates-registry/yarrow--8925.html
8933	20230131102506	https://www.historyofceylontea.com/tea-estates/estates-registry/dusrt--8933.html
8935	20241105171720	https://www.historyofceylontea.com/tea-estates/estates-registry/belungala--8935.html
8936	20240715235250	https://www.historyofceylontea.com/tea-estates/estates-registry/goatfell--8936.html
8944	20230206055844	https://www.historyofceylontea.com/tea-estates/estates-registry/king-s-grange--8944.html
8945	20230131103009	https://www.historyofceylontea.com/tea-estates/estates-registry/duart--8945.html
8946	20240305081216	https://www.historyofceylontea.com/tea-estates/estates-registry/moolgamma--8946.html
8948	20201030192736	https://www.historyofceylontea.com/tea-estates/estates-registry/hastings--8948.html
8949	20241106144049	https://www.historyofceylontea.com/tea-estates/estates-registry/portswood--8949.html
8950	20240919204158	https://www.historyofceylontea.com/tea-estates/estates-registry/rosewood--8950.html
8951	20220523121722	https://www.historyofceylontea.com/tea-estates/estates-registry/single-tree--8951.html
8955	20240715164727	https://www.historyofceylontea.com/tea-estates/estates-registry/gondview--8955.html
8956	20240807003531	https://www.historyofceylontea.com/tea-estates/estates-registry/tyersel--8956.html
8958	20240918150345	https://www.historyofceylontea.com/tea-estates/estates-registry/kurunduwatta--8958.html
8960	20241007235051	https://www.historyofceylontea.com/tea-estates/estates-registry/--8960.html
8962	20190327043834	https://www.historyofceylontea.com/tea-estates/estates-registry/lover-s-leap--8962.html
8963	20240620065218	https://www.historyofceylontea.com/tea-estates/estates-registry/kamdrnce--8963.html
8964	20240809053000	https://www.historyofceylontea.com/tea-estates/estates-registry/mahalanda--8964.html
8965	20230131105546	https://www.historyofceylontea.com/tea-estates/estates-registry/kuiaradola--8965.html
8974	20240720091751	https://www.historyofceylontea.com/tea-estates/estates-registry/kumaradola--8974.html
8977	20240715175421	https://www.historyofceylontea.com/tea-estates/estates-registry/wilpita--8977.html
8978	20220815163438	https://www.historyofceylontea.com/tea-estates/estates-registry/makettahena--8978.html
8980	20240523111916	https://www.historyofceylontea.com/tea-estates/estates-registry/lachesis--8980.html
8984	20220703181951	https://www.historyofceylontea.com/tea-estates/estates-registry/maragalla--8984.html
8986	20241113091709	https://www.historyofceylontea.com/tea-estates/estates-registry/panarth--8986.html
8987	20240920160452	https://www.historyofceylontea.com/tea-estates/estates-registry/raxawa--8987.html
8989	20211018080253	https://www.historyofceylontea.com/tea-estates/estates-registry/simoadale--8989.html
8993	20240524105203	https://www.historyofceylontea.com/tea-estates/estates-registry/annasigala--8993.html
8999	20240805022327	https://www.historyofceylontea.com/tea-estates/estates-registry/watawala--8999.html
9001	20221203121901	https://www.historyofceylontea.com/tea-estates/estates-registry/orion--9001.html
9003	20240912222824	https://www.historyofceylontea.com/tea-estates/estates-registry/tatham-s-land--9003.html
9005	20240528073412	https://www.historyofceylontea.com/tea-estates/estates-registry/tverst--9005.html
9008	20230320151933	https://www.historyofceylontea.com/tea-estates/estates-registry/glartress--9008.html
9014	20240812080014	https://www.historyofceylontea.com/tea-estates/estates-registry/fotest-land--9014.html
9021	20240919203522	https://www.historyofceylontea.com/tea-estates/estates-registry/rosewood--9021.html
9023	20240919212838	https://www.historyofceylontea.com/tea-estates/estates-registry/aston--9023.html
9027	20241004120905	https://www.historyofceylontea.com/tea-estates/estates-registry/--9027.html
9028	20240908171500	https://www.historyofceylontea.com/tea-estates/estates-registry/hakgalla--9028.html
9033	20240908164116	https://www.historyofceylontea.com/tea-estates/estates-registry/magalla-group--9033.html
9034	20240619144930	https://www.historyofceylontea.com/tea-estates/estates-registry/kowdawa--9034.html
9039	20240722174257	https://www.historyofceylontea.com/tea-estates/estates-registry/galpoela--9039.html
9051	20241104212550	https://www.historyofceylontea.com/tea-estates/estates-registry/rarawa--9051.html
9053	20210224210407	https://www.historyofceylontea.com/tea-estates/estates-registry/kitulgoda--9053.html
9054	20240916032238	https://www.historyofceylontea.com/tea-estates/estates-registry/sirigalla--9054.html
9055	20240920061728	https://www.historyofceylontea.com/tea-estates/estates-registry/leeneyawa--9055.html
9059	20240809064103	https://www.historyofceylontea.com/tea-estates/estates-registry/--9059.html
9060	20230130184605	https://www.historyofceylontea.com/tea-estates/estates-registry/walton--9060.html
9063	20240915043711	https://www.historyofceylontea.com/tea-estates/estates-registry/moneragallakella--9063.html
9064	20240915032057	https://www.historyofceylontea.com/tea-estates/estates-registry/forest-land--9064.html
9067	20181009204842	http://www.historyofceylontea.com:80/tea-estates/estates-registry/willie-group--9067.html
9068	20241006191722	https://www.historyofceylontea.com/tea-estates/estates-registry/moonihinkande--9068.html
9071	20220704051513	https://www.historyofceylontea.com/tea-estates/estates-registry/dambahena--9071.html
9072	20240720034553	https://www.historyofceylontea.com/tea-estates/estates-registry/galpeela--9072.html
9078	20240622023921	https://www.historyofceylontea.com/tea-estates/estates-registry/aldie--9078.html
9081	20240423033831	https://www.historyofceylontea.com/tea-estates/estates-registry/mungunthare--9081.html
9082	20240423043253	https://www.historyofceylontea.com/tea-estates/estates-registry/pitabeddara--9082.html
9085	20221007125956	https://www.historyofceylontea.com/tea-estates/estates-registry/moulgama--9085.html
9087	20181014130253	http://www.historyofceylontea.com:80/tea-estates/estates-registry/pothotuwa--9087.html
9088	20240719141629	https://www.historyofceylontea.com/tea-estates/estates-registry/chapelion--9088.html
9090	20220813153035	https://www.historyofceylontea.com/tea-estates/estates-registry/dunlar--9090.html
9091	20240911173225	https://www.historyofceylontea.com/tea-estates/estates-registry/the-promised--9091.html
9092	20230206060855	https://www.historyofceylontea.com/tea-estates/estates-registry/batalagoda-group--9092.html
9094	20240518070958	https://www.historyofceylontea.com/tea-estates/estates-registry/--9094.html
9095	20240810192932	https://www.historyofceylontea.com/tea-estates/estates-registry/eltofte--9095.html
9096	20240920163949	https://www.historyofceylontea.com/tea-estates/estates-registry/bombra--9096.html
9097	20240809125823	https://www.historyofceylontea.com/tea-estates/estates-registry/california--9097.html
9098	20240718114620	https://www.historyofceylontea.com/tea-estates/estates-registry/doombanagalla--9098.html
9099	20230331230020	https://www.historyofceylontea.com/tea-estates/estates-registry/deanstone--9099.html
9102	20241012093314	https://www.historyofceylontea.com/tea-estates/estates-registry/--9102.html
9103	20240911154822	https://www.historyofceylontea.com/tea-estates/estates-registry/kalugama--9103.html
9104	20230605131958	https://www.historyofceylontea.com/tea-estates/estates-registry/dodangalla--9104.html
9106	20241104041848	https://www.historyofceylontea.com/tea-estates/estates-registry/gallekelle--9106.html
9107	20220519215724	https://www.historyofceylontea.com/tea-estates/estates-registry/hangroogamme--9107.html
9108	20240715175740	https://www.historyofceylontea.com/tea-estates/estates-registry/happadowe--9108.html
9109	20241109081754	https://www.historyofceylontea.com/tea-estates/estates-registry/hare-park--9109.html
9110	20240920160807	https://www.historyofceylontea.com/tea-estates/estates-registry/horakande--9110.html
9111	20240525145834	https://www.historyofceylontea.com/tea-estates/estates-registry/iddemekelle--9111.html
9118	20240911134645	https://www.historyofceylontea.com/tea-estates/estates-registry/meemunagalla--9118.html
9119	20240911121715	https://www.historyofceylontea.com/tea-estates/estates-registry/metotte--9119.html
9120	20221210031720	https://www.historyofceylontea.com/tea-estates/estates-registry/meyampahoya--9120.html
9122	20241110181048	https://www.historyofceylontea.com/tea-estates/estates-registry/nugagalla--9122.html
9123	20220701231456	https://www.historyofceylontea.com/tea-estates/estates-registry/nugatenne--9123.html
9124	20241006162517	https://www.historyofceylontea.com/tea-estates/estates-registry/loicoru--9124.html
9125	20240518072029	https://www.historyofceylontea.com/tea-estates/estates-registry/velladoomba--9125.html
9126	20241112183059	https://www.historyofceylontea.com/tea-estates/estates-registry/wevetenne--9126.html
9127	20241004104136	https://www.historyofceylontea.com/tea-estates/estates-registry/waitalawa--9127.html
9128	20241113090742	https://www.historyofceylontea.com/tea-estates/estates-registry/wattekelle--9128.html
9129	20241113083133	https://www.historyofceylontea.com/tea-estates/estates-registry/woodside--9129.html
9130	20241009225532	https://www.historyofceylontea.com/tea-estates/estates-registry/--9130.html
9131	20240912100102	https://www.historyofceylontea.com/tea-estates/estates-registry/doombanagalla--9131.html
9137	20240805185421	https://www.historyofceylontea.com/tea-estates/estates-registry/nilambe-old-and-new--9137.html
9139	20240814194438	https://www.historyofceylontea.com/tea-estates/estates-registry/alliwetenatenne--9139.html
9140	20241113160358	https://www.historyofceylontea.com/tea-estates/estates-registry/bombra--9140.html
9141	20241011115539	https://www.historyofceylontea.com/tea-estates/estates-registry/california--9141.html
9142	20240920162647	https://www.historyofceylontea.com/tea-estates/estates-registry/deanstone--9142.html
9143	20221203130603	https://www.historyofceylontea.com/tea-estates/estates-registry/dodangalla--9143.html
9144	20241104045515	https://www.historyofceylontea.com/tea-estates/estates-registry/--9144.html
9146	20240914141928	https://www.historyofceylontea.com/tea-estates/estates-registry/galledabokka--9146.html
9147	20220519204909	https://www.historyofceylontea.com/tea-estates/estates-registry/hangroogamme--9147.html
9148	20240301152813	https://www.historyofceylontea.com/tea-estates/estates-registry/happadowe--9148.html
9149	20240617003844	https://www.historyofceylontea.com/tea-estates/estates-registry/hare-park--9149.html
9150	20240420071257	https://www.historyofceylontea.com/tea-estates/estates-registry/horakande--9150.html
9152	20240617005143	https://www.historyofceylontea.com/tea-estates/estates-registry/kobanilla--9152.html
9153	20241113162500	https://www.historyofceylontea.com/tea-estates/estates-registry/looloowatte--9153.html
9154	20240714042032	https://www.historyofceylontea.com/tea-estates/estates-registry/meemunagalla--9154.html
9155	20241106141459	https://www.historyofceylontea.com/tea-estates/estates-registry/merisketiya--9155.html
9156	20240916013956	https://www.historyofceylontea.com/tea-estates/estates-registry/metotte--9156.html
9158	20241010101342	https://www.historyofceylontea.com/tea-estates/estates-registry/nawanagalla--9158.html
9159	20240724175334	https://www.historyofceylontea.com/tea-estates/estates-registry/dalguise--9159.html
9160	20241105171535	https://www.historyofceylontea.com/tea-estates/estates-registry/nugagalla--9160.html
9161	20241110025117	https://www.historyofceylontea.com/tea-estates/estates-registry/velladoomba--9161.html
9162	20240908091516	https://www.historyofceylontea.com/tea-estates/estates-registry/waitalawa--9162.html
9163	20240518172921	https://www.historyofceylontea.com/tea-estates/estates-registry/wevetenue--9163.html
9165	20241016062946	https://www.historyofceylontea.com/tea-estates/estates-registry/woodside--9165.html
9167	20240811093915	https://www.historyofceylontea.com/tea-estates/estates-registry/enselwatte--9167.html
9168	20240525070051	https://www.historyofceylontea.com/tea-estates/estates-registry/moragalawatta--9168.html
9169	20240915041059	https://www.historyofceylontea.com/tea-estates/estates-registry/deakers-land--9169.html
9174	20220528101159	https://www.historyofceylontea.com/tea-estates/estates-registry/dehigolla--9174.html
9176	20240812070518	https://www.historyofceylontea.com/tea-estates/estates-registry/nairn--9176.html
9182	20241004114638	https://www.historyofceylontea.com/tea-estates/estates-registry/nawanagalla--9182.html
9187	20241011021634	https://www.historyofceylontea.com/tea-estates/estates-registry/gallekelle--9187.html
9193	20240715032940	https://www.historyofceylontea.com/tea-estates/estates-registry/--9193.html
9198	20241113161036	https://www.historyofceylontea.com/tea-estates/estates-registry/iddemekelle--9198.html
9205	20240915030506	https://www.historyofceylontea.com/tea-estates/estates-registry/st-martin-s--9205.html
9207	20240521095029	https://www.historyofceylontea.com/tea-estates/estates-registry/veyvallgalla--9207.html
9208	20211018073816	https://www.historyofceylontea.com/tea-estates/estates-registry/sirimondale--9208.html
9211	20240416233131	https://www.historyofceylontea.com/tea-estates/estates-registry/nugatenne--9211.html
9216	20240911180444	https://www.historyofceylontea.com/tea-estates/estates-registry/deanstone--9216.html
9219	20240809121617	https://www.historyofceylontea.com/tea-estates/estates-registry/panmure--9219.html
9224	20240915043502	https://www.historyofceylontea.com/tea-estates/estates-registry/moonerakellai--9224.html
9226	20240518162442	https://www.historyofceylontea.com/tea-estates/estates-registry/kobanella--9226.html
9229	20240803164257	https://www.historyofceylontea.com/tea-estates/estates-registry/looloowatte--9229.html
9233	20240519042110	https://www.historyofceylontea.com/tea-estates/estates-registry/bubulelanda--9233.html
9242	20220701051637	https://www.historyofceylontea.com/tea-estates/estates-registry/--9242.html
9243	20240422024345	https://www.historyofceylontea.com/tea-estates/estates-registry/meemunagalla--9243.html
9245	20240518034948	https://www.historyofceylontea.com/tea-estates/estates-registry/merisketiya--9245.html
9246	20221210032059	https://www.historyofceylontea.com/tea-estates/estates-registry/meyampahoya--9246.html
9247	20241012102451	https://www.historyofceylontea.com/tea-estates/estates-registry/kumbukkan--9247.html
9249	20220707050738	https://www.historyofceylontea.com/tea-estates/estates-registry/kumbukkan--9249.html
9251	20240914135415	https://www.historyofceylontea.com/tea-estates/estates-registry/galledabokka--9251.html
9255	20220523111740	https://www.historyofceylontea.com/tea-estates/estates-registry/hangroogamme--9255.html
9259	20220810200448	https://www.historyofceylontea.com/tea-estates/estates-registry/alliewatte--9259.html
9260	20240918140338	https://www.historyofceylontea.com/tea-estates/estates-registry/glen-taaffe--9260.html
9263	20220705151308	https://www.historyofceylontea.com/tea-estates/estates-registry/mooaragala--9263.html
9266	20240911122247	https://www.historyofceylontea.com/tea-estates/estates-registry/normandy--9266.html
9267	20220701233622	https://www.historyofceylontea.com/tea-estates/estates-registry/gataghawala--9267.html
9268	20240916215710	https://www.historyofceylontea.com/tea-estates/estates-registry/kuda-oya--9268.html
9269	20240518064615	https://www.historyofceylontea.com/tea-estates/estates-registry/winchfield-park--9269.html
9270	20240908071255	https://www.historyofceylontea.com/tea-estates/estates-registry/lethenty-group--9270.html
9271	20241105153013	https://www.historyofceylontea.com/tea-estates/estates-registry/dehigolla--9271.html
9272	20241012094516	https://www.historyofceylontea.com/tea-estates/estates-registry/mandaranewera--9272.html
9274	20240918160026	https://www.historyofceylontea.com/tea-estates/estates-registry/--9274.html
9276	20240413161627	https://www.historyofceylontea.com/tea-estates/estates-registry/hare-park--9276.html
9278	20240719162949	https://www.historyofceylontea.com/tea-estates/estates-registry/annes--9278.html
9279	20241013001229	https://www.historyofceylontea.com/tea-estates/estates-registry/iddemekelle--9279.html
9280	20240723111547	https://www.historyofceylontea.com/tea-estates/estates-registry/glenorchy--9280.html
9281	20240809185606	https://www.historyofceylontea.com/tea-estates/estates-registry/mount-olive--9281.html
9284	20240805022557	https://www.historyofceylontea.com/tea-estates/estates-registry/alliawattie--9284.html
9287	20241112201519	https://www.historyofceylontea.com/tea-estates/estates-registry/warwick--9287.html
9289	20241004111722	https://www.historyofceylontea.com/tea-estates/estates-registry/nugagalla--9289.html
9290	20230926164221	https://www.historyofceylontea.com/tea-estates/estates-registry/diabubella--9290.html
9292	20240811082238	https://www.historyofceylontea.com/tea-estates/estates-registry/ellamulle--9292.html
9295	20240815055357	https://www.historyofceylontea.com/tea-estates/estates-registry/waitalawa--9295.html
9296	20241113122853	https://www.historyofceylontea.com/tea-estates/estates-registry/nellunuyana--9296.html
9297	20240911141353	https://www.historyofceylontea.com/tea-estates/estates-registry/wevetenne--9297.html
9298	20240619141017	https://www.historyofceylontea.com/tea-estates/estates-registry/woodside--9298.html
9300	20220523013712	https://www.historyofceylontea.com/tea-estates/estates-registry/cornwall-new--9300.html
9310	20220706032649	https://www.historyofceylontea.com/tea-estates/estates-registry/glenshee--9310.html
9311	20240814191216	https://www.historyofceylontea.com/tea-estates/estates-registry/paravilla--9311.html
9312	20230327132326	https://www.historyofceylontea.com/tea-estates/estates-registry/nilambe--9312.html
9314	20241113082704	https://www.historyofceylontea.com/tea-estates/estates-registry/penarth--9314.html
9316	20230323040532	https://www.historyofceylontea.com/tea-estates/estates-registry/kabragalla--9316.html
9318	20240920073013	https://www.historyofceylontea.com/tea-estates/estates-registry/bambara--9318.html
9320	20240718111550	https://www.historyofceylontea.com/tea-estates/estates-registry/margherita--9320.html
9321	20220813151721	https://www.historyofceylontea.com/tea-estates/estates-registry/yuiliefield--9321.html
9325	20240810062622	https://www.historyofceylontea.com/tea-estates/estates-registry/wevetenne--9325.html
9326	20241110013822	https://www.historyofceylontea.com/tea-estates/estates-registry/wellakelle--9326.html
9327	20220705212826	https://www.historyofceylontea.com/tea-estates/estates-registry/mupane--9327.html
9328	20241011063357	https://www.historyofceylontea.com/tea-estates/estates-registry/wattekelle--9328.html
9330	20241006174818	https://www.historyofceylontea.com/tea-estates/estates-registry/bannock--9330.html
9332	20240721163418	https://www.historyofceylontea.com/tea-estates/estates-registry/charley-valley--9332.html
9333	20221207102418	https://www.historyofceylontea.com/tea-estates/estates-registry/belton--9333.html
9334	20240521101038	https://www.historyofceylontea.com/tea-estates/estates-registry/kurandu-oya--9334.html
9336	20221007131727	https://www.historyofceylontea.com/tea-estates/estates-registry/hingarakaduwa--9336.html
9337	20241005071621	https://www.historyofceylontea.com/tea-estates/estates-registry/lauriston--9337.html
9339	20241109065432	https://www.historyofceylontea.com/tea-estates/estates-registry/caledonis--9339.html
9341	20240812202156	https://www.historyofceylontea.com/tea-estates/estates-registry/aytiliadde--9341.html
9342	20240720093713	https://www.historyofceylontea.com/tea-estates/estates-registry/maturata--9342.html
9343	20240418073605	https://www.historyofceylontea.com/tea-estates/estates-registry/--9343.html
9344	20240814135610	https://www.historyofceylontea.com/tea-estates/estates-registry/rillamulle-narantajava--9344.html
9345	20241012085941	https://www.historyofceylontea.com/tea-estates/estates-registry/woodecote--9345.html
9346	20241012104240	https://www.historyofceylontea.com/tea-estates/estates-registry/yahangala--9346.html
9347	20181003111410	http://www.historyofceylontea.com:80/tea-estates/estates-registry/ambokka--9347.html
9348	20240618191621	https://www.historyofceylontea.com/tea-estates/estates-registry/monaragala--9348.html
9349	20240916024108	https://www.historyofceylontea.com/tea-estates/estates-registry/ancoombra--9349.html
9350	20240617142750	https://www.historyofceylontea.com/tea-estates/estates-registry/donachie--9350.html
9351	20240715235701	https://www.historyofceylontea.com/tea-estates/estates-registry/asgeria--9351.html
9352	20240719162611	https://www.historyofceylontea.com/tea-estates/estates-registry/ballacadua--9352.html
9353	20240813054133	https://www.historyofceylontea.com/tea-estates/estates-registry/randeniya--9353.html
9354	20220704120314	https://www.historyofceylontea.com/tea-estates/estates-registry/beredewelle--9354.html
9356	20201023054816	https://www.historyofceylontea.com/tea-estates/estates-registry/looloowatte--9356.html
9357	20220528133640	https://www.historyofceylontea.com/tea-estates/estates-registry/cattaragastenne--9357.html
9358	20241110015345	https://www.historyofceylontea.com/tea-estates/estates-registry/corriemony--9358.html
9359	20241005053907	https://www.historyofceylontea.com/tea-estates/estates-registry/nawanagalla--9359.html
9360	20220814181704	https://www.historyofceylontea.com/tea-estates/estates-registry/delgahaoya--9360.html
9363	20240718115108	https://www.historyofceylontea.com/tea-estates/estates-registry/dickhena--9363.html
9364	20240523125945	https://www.historyofceylontea.com/tea-estates/estates-registry/kobin-ella--9364.html
9365	20241006204408	https://www.historyofceylontea.com/tea-estates/estates-registry/--9365.html
9366	20240413062759	https://www.historyofceylontea.com/tea-estates/estates-registry/abergele--9366.html
9367	20240418071301	https://www.historyofceylontea.com/tea-estates/estates-registry/chabampton--9367.html
9369	20240907131616	https://www.historyofceylontea.com/tea-estates/estates-registry/seatou-aseot--9369.html
9370	20201023052156	https://www.historyofceylontea.com/tea-estates/estates-registry/mirisketiya--9370.html
9371	20240813050833	https://www.historyofceylontea.com/tea-estates/estates-registry/monerakelle--9371.html
9375	20220526022719	https://www.historyofceylontea.com/tea-estates/estates-registry/monerakelle--9375.html
9377	20240916223156	https://www.historyofceylontea.com/tea-estates/estates-registry/bramley--9377.html
9379	20170806082137	http://www.historyofceylontea.com:80/tea-estates/estates-registry/alutenne--9379.html
9381	20241011030247	https://www.historyofceylontea.com/tea-estates/estates-registry/ettapolla--9381.html
9383	20241016065447	https://www.historyofceylontea.com/tea-estates/estates-registry/ettrick-forest--9383.html
9384	20241102094718	https://www.historyofceylontea.com/tea-estates/estates-registry/kuranda-oya--9384.html
9385	20220810210836	https://www.historyofceylontea.com/tea-estates/estates-registry/randeniya--9385.html
9386	20240812074034	https://www.historyofceylontea.com/tea-estates/estates-registry/eurulu-ella--9386.html
9387	20240723125012	https://www.historyofceylontea.com/tea-estates/estates-registry/braughing--9387.html
9388	20241013014914	https://www.historyofceylontea.com/tea-estates/estates-registry/forest-land--9388.html
9391	20240421082655	https://www.historyofceylontea.com/tea-estates/estates-registry/mahacoodagalla--9391.html
9392	20240812081051	https://www.historyofceylontea.com/tea-estates/estates-registry/grange-the--9392.html
9396	20240809183413	https://www.historyofceylontea.com/tea-estates/estates-registry/rillamally--9396.html
9398	20240907134724	https://www.historyofceylontea.com/tea-estates/estates-registry/hylton-macaloosa--9398.html
9399	20240615194454	https://www.historyofceylontea.com/tea-estates/estates-registry/ingurugalla--9399.html
9400	20240420235004	https://www.historyofceylontea.com/tea-estates/estates-registry/kawudupolella--9400.html
9401	20240908061016	https://www.historyofceylontea.com/tea-estates/estates-registry/welimada--9401.html
9402	20240908103026	https://www.historyofceylontea.com/tea-estates/estates-registry/kepitigalla--9402.html
9403	20240714041343	https://www.historyofceylontea.com/tea-estates/estates-registry/kent--9403.html
9405	20240722152026	https://www.historyofceylontea.com/tea-estates/estates-registry/macoolussa--9405.html
9409	20240525135106	https://www.historyofceylontea.com/tea-estates/estates-registry/madawella--9409.html
9410	20240812065320	https://www.historyofceylontea.com/tea-estates/estates-registry/mora-ella--9410.html
9413	20240717155845	https://www.historyofceylontea.com/tea-estates/estates-registry/oodasgeria--9413.html
9416	20240912221927	https://www.historyofceylontea.com/tea-estates/estates-registry/pansalatenne--9416.html
9417	20240918151459	https://www.historyofceylontea.com/tea-estates/estates-registry/polwatte--9417.html
9419	20240815064831	https://www.historyofceylontea.com/tea-estates/estates-registry/selegama-louisville--9419.html
9420	20240625064635	https://www.historyofceylontea.com/tea-estates/estates-registry/udasgeriya--9420.html
9421	20240812210819	https://www.historyofceylontea.com/tea-estates/estates-registry/tottagama--9421.html
9422	20220528141720	https://www.historyofceylontea.com/tea-estates/estates-registry/downside--9422.html
9423	20241113152000	https://www.historyofceylontea.com/tea-estates/estates-registry/vicarton--9423.html
9425	20220815221452	https://www.historyofceylontea.com/tea-estates/estates-registry/wiltshire--9425.html
9426	20240527055609	https://www.historyofceylontea.com/tea-estates/estates-registry/yattewatte--9426.html
9427	20240302222947	https://www.historyofceylontea.com/tea-estates/estates-registry/--9427.html
9429	20241112163812	https://www.historyofceylontea.com/tea-estates/estates-registry/--9429.html
9430	20241011065111	https://www.historyofceylontea.com/tea-estates/estates-registry/bulatwatte--9430.html
9431	20240301140735	https://www.historyofceylontea.com/tea-estates/estates-registry/dickeria--9431.html
9432	20241105160642	https://www.historyofceylontea.com/tea-estates/estates-registry/ellambawatte--9432.html
9434	20240722174219	https://www.historyofceylontea.com/tea-estates/estates-registry/kahawatte--9434.html
9436	20240813050905	https://www.historyofceylontea.com/tea-estates/estates-registry/victoria--9436.html
9441	20240305143628	https://www.historyofceylontea.com/tea-estates/estates-registry/--9441.html
9442	20240811095250	https://www.historyofceylontea.com/tea-estates/estates-registry/--9442.html
9443	20240305083749	https://www.historyofceylontea.com/tea-estates/estates-registry/surrey-group--9443.html
9444	20240522020055	https://www.historyofceylontea.com/tea-estates/estates-registry/buttala--9444.html
9446	20220703082138	https://www.historyofceylontea.com/tea-estates/estates-registry/waveena--9446.html
9447	20240717173800	https://www.historyofceylontea.com/tea-estates/estates-registry/mouse-ella--9447.html
9448	20240615195255	https://www.historyofceylontea.com/tea-estates/estates-registry/--9448.html
9450	20240619125425	https://www.historyofceylontea.com/tea-estates/estates-registry/nakalla--9450.html
9451	20211019180759	https://www.historyofceylontea.com/tea-estates/estates-registry/burrey-group--9451.html
9452	20230607200415	https://www.historyofceylontea.com/tea-estates/estates-registry/glennry--9452.html
9453	20240814144759	https://www.historyofceylontea.com/tea-estates/estates-registry/stonyeliff--9453.html
9455	20241113144947	https://www.historyofceylontea.com/tea-estates/estates-registry/mahacoodagalla--9455.html
9456	20240521093638	https://www.historyofceylontea.com/tea-estates/estates-registry/maturala--9456.html
9457	20240810071754	https://www.historyofceylontea.com/tea-estates/estates-registry/billamally--9457.html
9462	20220701041451	https://www.historyofceylontea.com/tea-estates/estates-registry/galketiya--9462.html
9464	20240813063027	https://www.historyofceylontea.com/tea-estates/estates-registry/golden-hope--9464.html
9467	20240918135914	https://www.historyofceylontea.com/tea-estates/estates-registry/uda-radella--9467.html
9470	20180927153844	http://www.historyofceylontea.com:80/tea-estates/estates-registry/mohamadi--9470.html
9471	20240722175204	https://www.historyofceylontea.com/tea-estates/estates-registry/mount-eden--9471.html
9472	20240617185352	https://www.historyofceylontea.com/tea-estates/estates-registry/drmbagastalawa--9472.html
9473	20240912230454	https://www.historyofceylontea.com/tea-estates/estates-registry/girindi-ella-group--9473.html
9475	20240811095734	https://www.historyofceylontea.com/tea-estates/estates-registry/tittewelkaude--9475.html
9481	20220815151656	https://www.historyofceylontea.com/tea-estates/estates-registry/walketella-estates--9481.html
9483	20240618053804	https://www.historyofceylontea.com/tea-estates/estates-registry/burnside--9483.html
9485	20240908054415	https://www.historyofceylontea.com/tea-estates/estates-registry/delpotton-oya--9485.html
9488	20220521030551	https://www.historyofceylontea.com/tea-estates/estates-registry/degenakelle--9488.html
9494	20240815211441	https://www.historyofceylontea.com/tea-estates/estates-registry/ferndale--9494.html
9497	20241013010543	https://www.historyofceylontea.com/tea-estates/estates-registry/leangapella--9497.html
9499	20240722133105	https://www.historyofceylontea.com/tea-estates/estates-registry/mary-land--9499.html
9500	20240912211418	https://www.historyofceylontea.com/tea-estates/estates-registry/peru--9500.html
9501	20240420080006	https://www.historyofceylontea.com/tea-estates/estates-registry/nawanagalla--9501.html
9502	20230927225415	https://www.historyofceylontea.com/tea-estates/estates-registry/flencaira--9502.html
9503	20240809111315	https://www.historyofceylontea.com/tea-estates/estates-registry/duckwari--9503.html
9506	20241107070955	https://www.historyofceylontea.com/tea-estates/estates-registry/dehigolla--9506.html
9508	20240814200617	https://www.historyofceylontea.com/tea-estates/estates-registry/yahangala--9508.html
9510	20240920063941	https://www.historyofceylontea.com/tea-estates/estates-registry/ballacadua--9510.html
9511	20240809053123	https://www.historyofceylontea.com/tea-estates/estates-registry/barton--9511.html
9512	20241012094803	https://www.historyofceylontea.com/tea-estates/estates-registry/benvenla-malvern--9512.html
9513	20240813052358	https://www.historyofceylontea.com/tea-estates/estates-registry/ciaigingilt--9513.html
9515	20240715014253	https://www.historyofceylontea.com/tea-estates/estates-registry/corula-ella--9515.html
9516	20201030200718	https://www.historyofceylontea.com/tea-estates/estates-registry/grove--9516.html
9517	20240918155036	https://www.historyofceylontea.com/tea-estates/estates-registry/kaduwels--9517.html
9519	20241101193404	https://www.historyofceylontea.com/tea-estates/estates-registry/kobanella--9519.html
9520	20240920080846	https://www.historyofceylontea.com/tea-estates/estates-registry/kotuwagedera--9520.html
9523	20240715024747	https://www.historyofceylontea.com/tea-estates/estates-registry/maivern--9523.html
9524	20240722170628	https://www.historyofceylontea.com/tea-estates/estates-registry/marakona--9524.html
9525	20240915035711	https://www.historyofceylontea.com/tea-estates/estates-registry/meegastenne--9525.html
9526	20240911121926	https://www.historyofceylontea.com/tea-estates/estates-registry/muwagalla--9526.html
9527	20240525080618	https://www.historyofceylontea.com/tea-estates/estates-registry/pansalatenna--9527.html
9529	20240811090142	https://www.historyofceylontea.com/tea-estates/estates-registry/syston--9529.html
9530	20211018072846	https://www.historyofceylontea.com/tea-estates/estates-registry/simondale--9530.html
9531	20240617194645	https://www.historyofceylontea.com/tea-estates/estates-registry/ukawela--9531.html
9532	20240915045649	https://www.historyofceylontea.com/tea-estates/estates-registry/warakemare--9532.html
9533	20240305102928	https://www.historyofceylontea.com/tea-estates/estates-registry/warriapolla--9533.html
9535	20240715045455	https://www.historyofceylontea.com/tea-estates/estates-registry/wyamita--9535.html
9537	20241016004124	https://www.historyofceylontea.com/tea-estates/estates-registry/stennes--9537.html
9541	20240524101824	https://www.historyofceylontea.com/tea-estates/estates-registry/thorpe--9541.html
9542	20240719161626	https://www.historyofceylontea.com/tea-estates/estates-registry/ratatte--9542.html
9543	20240714112019	https://www.historyofceylontea.com/tea-estates/estates-registry/velana--9543.html
9545	20240907131910	https://www.historyofceylontea.com/tea-estates/estates-registry/warakande-group--9545.html
9549	20220520032658	https://www.historyofceylontea.com/tea-estates/estates-registry/edwards-land--9549.html
9550	20230206055724	https://www.historyofceylontea.com/tea-estates/estates-registry/goorooloo-ella--9550.html
9552	20241104053109	https://www.historyofceylontea.com/tea-estates/estates-registry/weddemulle--9552.html
9553	20240911125153	https://www.historyofceylontea.com/tea-estates/estates-registry/pansalatenna--9553.html
9554	20220526135546	https://www.historyofceylontea.com/tea-estates/estates-registry/parwattee--9554.html
9555	20240810070123	https://www.historyofceylontea.com/tea-estates/estates-registry/craigingilt--9555.html
9557	20240813063443	https://www.historyofceylontea.com/tea-estates/estates-registry/arambapolla--9557.html
9560	20240615213607	https://www.historyofceylontea.com/tea-estates/estates-registry/--9560.html
9563	20241110022349	https://www.historyofceylontea.com/tea-estates/estates-registry/pundaloya-south--9563.html
9565	20220926220247	https://www.historyofceylontea.com/tea-estates/estates-registry/ambagasdowe--9565.html
9566	20230926153204	https://www.historyofceylontea.com/tea-estates/estates-registry/--9566.html
9569	20241011064350	https://www.historyofceylontea.com/tea-estates/estates-registry/rushbrook--9569.html
9570	20221130100720	https://www.historyofceylontea.com/tea-estates/estates-registry/tymawr--9570.html
9572	20221128144645	https://www.historyofceylontea.com/tea-estates/estates-registry/vallombrosa--9572.html
9574	20241102092802	https://www.historyofceylontea.com/tea-estates/estates-registry/--9574.html
9575	20240805200208	https://www.historyofceylontea.com/tea-estates/estates-registry/diyasllakele--9575.html
9577	20240412212751	https://www.historyofceylontea.com/tea-estates/estates-registry/diyezena--9577.html
9579	20241006165241	https://www.historyofceylontea.com/tea-estates/estates-registry/s-catharin--9579.html
9580	20240810070611	https://www.historyofceylontea.com/tea-estates/estates-registry/pansalatenna--9580.html
9581	20210117023508	https://www.historyofceylontea.com/tea-estates/estates-registry/gosset-s-nursery--9581.html
9584	20220819235629	https://www.historyofceylontea.com/tea-estates/estates-registry/rohasis-nursery--9584.html
9585	20240914135845	https://www.historyofceylontea.com/tea-estates/estates-registry/ratwatte--9585.html
9588	20240522134644	https://www.historyofceylontea.com/tea-estates/estates-registry/ndarabedde--9588.html
9590	20240720023513	https://www.historyofceylontea.com/tea-estates/estates-registry/kaede--9590.html
9592	20241006170322	https://www.historyofceylontea.com/tea-estates/estates-registry/abbey-craig--9592.html
9597	20240809062845	https://www.historyofceylontea.com/tea-estates/estates-registry/balapokuna--9597.html
9601	20241101190552	https://www.historyofceylontea.com/tea-estates/estates-registry/--9601.html
9603	20241006194135	https://www.historyofceylontea.com/tea-estates/estates-registry/ammeria--9603.html
9604	20240911135138	https://www.historyofceylontea.com/tea-estates/estates-registry/ukuwela-bowatte--9604.html
9605	20221203144455	https://www.historyofceylontea.com/tea-estates/estates-registry/broomhill--9605.html
9608	20241110025353	https://www.historyofceylontea.com/tea-estates/estates-registry/--9608.html
9609	20240814194406	https://www.historyofceylontea.com/tea-estates/estates-registry/kondegalla--9609.html
9610	20240916031352	https://www.historyofceylontea.com/tea-estates/estates-registry/east-holyrood--9610.html
9611	20241113094856	https://www.historyofceylontea.com/tea-estates/estates-registry/wallsend--9611.html
9615	20240908103146	https://www.historyofceylontea.com/tea-estates/estates-registry/galloolla--9615.html
9616	20240420064323	https://www.historyofceylontea.com/tea-estates/estates-registry/--9616.html
9618	20221130070747	https://www.historyofceylontea.com/tea-estates/estates-registry/camnethan--9618.html
9621	20240519042710	https://www.historyofceylontea.com/tea-estates/estates-registry/frotoft-group--9621.html
9622	20241008004748	https://www.historyofceylontea.com/tea-estates/estates-registry/karagastalava--9622.html
9623	20231207093932	https://www.historyofceylontea.com/tea-estates/estates-registry/kinnaber--9623.html
9624	20240722164813	https://www.historyofceylontea.com/tea-estates/estates-registry/lower--9624.html
9626	20241109062558	https://www.historyofceylontea.com/tea-estates/estates-registry/rolleston-s-land--9626.html
9628	20220706031938	https://www.historyofceylontea.com/tea-estates/estates-registry/vallambrosa--9628.html
9633	20241006193501	https://www.historyofceylontea.com/tea-estates/estates-registry/--9633.html
9634	20241007224732	https://www.historyofceylontea.com/tea-estates/estates-registry/mousagalla--9634.html
9636	20240908062010	https://www.historyofceylontea.com/tea-estates/estates-registry/glenury--9636.html
9637	20241016015023	https://www.historyofceylontea.com/tea-estates/estates-registry/naminacooly--9637.html
9638	20241012090618	https://www.historyofceylontea.com/tea-estates/estates-registry/kuda-oya--9638.html
9639	20240715173152	https://www.historyofceylontea.com/tea-estates/estates-registry/grove--9639.html
9648	20240915044106	https://www.historyofceylontea.com/tea-estates/estates-registry/tillyeairn--9648.html
9649	20190824220601	https://www.historyofceylontea.com/tea-estates/estates-registry/onakelie--9649.html
9650	20240814204349	https://www.historyofceylontea.com/tea-estates/estates-registry/kotuagedara--9650.html
9654	20240721171351	https://www.historyofceylontea.com/tea-estates/estates-registry/dippitiya-group--9654.html
9655	20240722040657	https://www.historyofceylontea.com/tea-estates/estates-registry/ankanda--9655.html
9657	20221001202140	https://www.historyofceylontea.com/tea-estates/estates-registry/arduthie--9657.html
9659	20230320152814	https://www.historyofceylontea.com/tea-estates/estates-registry/gorala-ella--9659.html
9660	20230328084114	https://www.historyofceylontea.com/tea-estates/estates-registry/gurulu-ella--9660.html
9661	20191207124107	https://www.historyofceylontea.com/tea-estates/estates-registry/kallugalla--9661.html
9662	20240620054444	https://www.historyofceylontea.com/tea-estates/estates-registry/auquherie--9662.html
9665	20240908103706	https://www.historyofceylontea.com/tea-estates/estates-registry/kaduwela--9665.html
9669	20200930085800	https://www.historyofceylontea.com/tea-estates/estates-registry/kandahena--9669.html
9670	20221206132642	https://www.historyofceylontea.com/tea-estates/estates-registry/weadend-ineldg--9670.html
9673	20231209193110	https://www.historyofceylontea.com/tea-estates/estates-registry/pansalatenna--9673.html
9675	20201026215352	https://www.historyofceylontea.com/tea-estates/estates-registry/--9675.html
9681	20230131101515	https://www.historyofceylontea.com/tea-estates/estates-registry/pansalatenna--9681.html
9682	20240915024344	https://www.historyofceylontea.com/tea-estates/estates-registry/madumpitiya--9682.html
9683	20220703234714	https://www.historyofceylontea.com/tea-estates/estates-registry/ratwatte--9683.html
9686	20241016015142	https://www.historyofceylontea.com/tea-estates/estates-registry/--9686.html
9687	20240811085022	https://www.historyofceylontea.com/tea-estates/estates-registry/wallsend--9687.html
9688	20200921151922	https://www.historyofceylontea.com/tea-estates/estates-registry/--9688.html
9692	20240805041611	https://www.historyofceylontea.com/tea-estates/estates-registry/wyamita--9692.html
9693	20240803160006	https://www.historyofceylontea.com/tea-estates/estates-registry/ballacadua--9693.html
9694	20241113094203	https://www.historyofceylontea.com/tea-estates/estates-registry/tonacombe--9694.html
9695	20240617001443	https://www.historyofceylontea.com/tea-estates/estates-registry/barton--9695.html
9696	20241107072426	https://www.historyofceylontea.com/tea-estates/estates-registry/--9696.html
9698	20241006193023	https://www.historyofceylontea.com/tea-estates/estates-registry/chesterlord--9698.html
9699	20241006195840	https://www.historyofceylontea.com/tea-estates/estates-registry/laxapanagalla-new--9699.html
9700	20230207183359	https://www.historyofceylontea.com/tea-estates/estates-registry/leaston--9700.html
9701	20240918153954	https://www.historyofceylontea.com/tea-estates/estates-registry/karagastalava--9701.html
9702	20240911155214	https://www.historyofceylontea.com/tea-estates/estates-registry/lucombe--9702.html
9703	20241106154641	https://www.historyofceylontea.com/tea-estates/estates-registry/try--9703.html
9705	20240915025916	https://www.historyofceylontea.com/tea-estates/estates-registry/ellangolla--9705.html
9706	20240417004230	https://www.historyofceylontea.com/tea-estates/estates-registry/dundonell--9706.html
9707	20210126083658	https://www.historyofceylontea.com/tea-estates/estates-registry/arburton--9707.html
9709	20221128145811	https://www.historyofceylontea.com/tea-estates/estates-registry/hapugolla--9709.html
9710	20240720041708	https://www.historyofceylontea.com/tea-estates/estates-registry/bandarabedde--9710.html
9711	20230328092838	https://www.historyofceylontea.com/tea-estates/estates-registry/canoavarell--9711.html
9712	20220706155345	https://www.historyofceylontea.com/tea-estates/estates-registry/dammeria-group--9712.html
9713	20240809173715	https://www.historyofceylontea.com/tea-estates/estates-registry/minnie--9713.html
9714	20240717151915	https://www.historyofceylontea.com/tea-estates/estates-registry/nouna-ella--9714.html
9716	20230328100108	https://www.historyofceylontea.com/tea-estates/estates-registry/east-gourakolley--9716.html
9719	20240908105805	https://www.historyofceylontea.com/tea-estates/estates-registry/el-teb-group--9719.html
9727	20240615121029	https://www.historyofceylontea.com/tea-estates/estates-registry/kandahena--9727.html
9729	20230331191953	https://www.historyofceylontea.com/tea-estates/estates-registry/pansalatenna--9729.html
9732	20240715185030	https://www.historyofceylontea.com/tea-estates/estates-registry/talankanda--9732.html
9733	20230328074117	https://www.historyofceylontea.com/tea-estates/estates-registry/--9733.html
9734	20240723114458	https://www.historyofceylontea.com/tea-estates/estates-registry/passara-group--9734.html
9735	20241112171902	https://www.historyofceylontea.com/tea-estates/estates-registry/marburton--9735.html
9736	20240716010631	https://www.historyofceylontea.com/tea-estates/estates-registry/wevekelle--9736.html
9737	20240811084703	https://www.historyofceylontea.com/tea-estates/estates-registry/agratenne--9737.html
9740	20240915030621	https://www.historyofceylontea.com/tea-estates/estates-registry/--9740.html
9742	20240918155223	https://www.historyofceylontea.com/tea-estates/estates-registry/gonakelle-group--9742.html
9743	20240803171635	https://www.historyofceylontea.com/tea-estates/estates-registry/glenloch-group--9743.html
9744	20240718140212	https://www.historyofceylontea.com/tea-estates/estates-registry/ambagabalanda--9744.html
9745	20191207123646	https://www.historyofceylontea.com/tea-estates/estates-registry/kallugallay--9745.html
9746	20191207123903	https://www.historyofceylontea.com/tea-estates/estates-registry/--9746.html
9750	20240417181530	https://www.historyofceylontea.com/tea-estates/estates-registry/jryz-w--9750.html
9751	20240412211652	https://www.historyofceylontea.com/tea-estates/estates-registry/pansalatenna--9751.html
9754	20241113074236	https://www.historyofceylontea.com/tea-estates/estates-registry/warburton--9754.html
9755	20240806232319	https://www.historyofceylontea.com/tea-estates/estates-registry/--9755.html
9756	20240525082256	https://www.historyofceylontea.com/tea-estates/estates-registry/--9756.html
9757	20240717172913	https://www.historyofceylontea.com/tea-estates/estates-registry/belgravla--9757.html
9758	20241010113935	https://www.historyofceylontea.com/tea-estates/estates-registry/blarneywatte--9758.html
9759	20241006160920	https://www.historyofceylontea.com/tea-estates/estates-registry/--9759.html
9760	20241112184246	https://www.historyofceylontea.com/tea-estates/estates-registry/cuombuwood--9760.html
9763	20240722050529	https://www.historyofceylontea.com/tea-estates/estates-registry/gamewela--9763.html
9768	20240525133542	https://www.historyofceylontea.com/tea-estates/estates-registry/mahawela--9768.html
9772	20240915045239	https://www.historyofceylontea.com/tea-estates/estates-registry/gourakelle--9772.html
9773	20240620051502	https://www.historyofceylontea.com/tea-estates/estates-registry/allcowiharie--9773.html
9774	20240915045755	https://www.historyofceylontea.com/tea-estates/estates-registry/--9774.html
9778	20240224090628	https://www.historyofceylontea.com/tea-estates/estates-registry/deganakelle--9778.html
9783	20240916223112	https://www.historyofceylontea.com/tea-estates/estates-registry/ury-group--9783.html
9786	20210126083554	https://www.historyofceylontea.com/tea-estates/estates-registry/warburton--9786.html
9789	20220706000759	https://www.historyofceylontea.com/tea-estates/estates-registry/--9789.html
9798	20240525145914	https://www.historyofceylontea.com/tea-estates/estates-registry/--9798.html
9800	20241109080536	https://www.historyofceylontea.com/tea-estates/estates-registry/matale--9800.html
9801	20230602083744	https://www.historyofceylontea.com/tea-estates/estates-registry/cholay--9801.html
9804	20240809052933	https://www.historyofceylontea.com/tea-estates/estates-registry/ukuwela--9804.html
9805	20240919203100	https://www.historyofceylontea.com/tea-estates/estates-registry/--9805.html
9806	20240915045429	https://www.historyofceylontea.com/tea-estates/estates-registry/warakamure--9806.html
9807	20220812003638	https://www.historyofceylontea.com/tea-estates/estates-registry/wavena--9807.html
9810	20240725133412	https://www.historyofceylontea.com/tea-estates/estates-registry/happugahalande--9810.html
9817	20191020010810	https://www.historyofceylontea.com/tea-estates/estates-registry/--9817.html
9818	20220704040203	https://www.historyofceylontea.com/tea-estates/estates-registry/mellagolla--9818.html
9821	20240620063117	https://www.historyofceylontea.com/tea-estates/estates-registry/north-matale--9821.html
9822	20220808163755	https://www.historyofceylontea.com/tea-estates/estates-registry/--9822.html
9823	20220526021414	https://www.historyofceylontea.com/tea-estates/estates-registry/oyapala--9823.html
9824	20240918155437	https://www.historyofceylontea.com/tea-estates/estates-registry/--9824.html
9827	20240719153926	https://www.historyofceylontea.com/tea-estates/estates-registry/--9827.html
9829	20201020135907	https://www.historyofceylontea.com/tea-estates/estates-registry/waradaminie--9829.html
9830	20220706065103	https://www.historyofceylontea.com/tea-estates/estates-registry/namunukula-tea--9830.html
9832	20240915224020	https://www.historyofceylontea.com/tea-estates/estates-registry/kotuwegedara--9832.html
9834	20240518043410	https://www.historyofceylontea.com/tea-estates/estates-registry/--9834.html
9835	20220705070545	https://www.historyofceylontea.com/tea-estates/estates-registry/nikakotua--9835.html
9838	20241006193134	https://www.historyofceylontea.com/tea-estates/estates-registry/frotelt--9838.html
9840	20240813064818	https://www.historyofceylontea.com/tea-estates/estates-registry/--9840.html
9841	20240423051825	https://www.historyofceylontea.com/tea-estates/estates-registry/ratwatte--9841.html
9842	20241110014925	https://www.historyofceylontea.com/tea-estates/estates-registry/gortline--9842.html
9844	20240615211855	https://www.historyofceylontea.com/tea-estates/estates-registry/--9844.html
9845	20240915042955	https://www.historyofceylontea.com/tea-estates/estates-registry/valetta--9845.html
9846	20240522135545	https://www.historyofceylontea.com/tea-estates/estates-registry/viearon--9846.html
9847	20240919205955	https://www.historyofceylontea.com/tea-estates/estates-registry/--9847.html
9848	20240414035944	https://www.historyofceylontea.com/tea-estates/estates-registry/yattewate--9848.html
9852	20221007133048	https://www.historyofceylontea.com/tea-estates/estates-registry/hingarakaduwa--9852.html
9854	20240417084030	https://www.historyofceylontea.com/tea-estates/estates-registry/poojagoee--9854.html
9858	20220815194045	https://www.historyofceylontea.com/tea-estates/estates-registry/bandeniya--9858.html
9860	20241101204744	https://www.historyofceylontea.com/tea-estates/estates-registry/--9860.html
9861	20240806225907	https://www.historyofceylontea.com/tea-estates/estates-registry/diekeria--9861.html
9866	20240915235250	https://www.historyofceylontea.com/tea-estates/estates-registry/kotuwegedara--9866.html
9867	20240814131643	https://www.historyofceylontea.com/tea-estates/estates-registry/veravatty--9867.html
9869	20240414041421	https://www.historyofceylontea.com/tea-estates/estates-registry/vykumbra--9869.html
9870	20240521102529	https://www.historyofceylontea.com/tea-estates/estates-registry/kinkoswail--9870.html
9871	20230330215242	https://www.historyofceylontea.com/tea-estates/estates-registry/--9871.html
9873	20240919205313	https://www.historyofceylontea.com/tea-estates/estates-registry/--9873.html
9875	20240807003454	https://www.historyofceylontea.com/tea-estates/estates-registry/alloowihare-grp--9875.html
9876	20240721170457	https://www.historyofceylontea.com/tea-estates/estates-registry/kahawalantenne--9876.html
9878	20240912230237	https://www.historyofceylontea.com/tea-estates/estates-registry/dangan--9878.html
9879	20240806233143	https://www.historyofceylontea.com/tea-estates/estates-registry/knda-oya-group--9879.html
9880	20240416235453	https://www.historyofceylontea.com/tea-estates/estates-registry/dullawa--9880.html
9882	20240718120807	https://www.historyofceylontea.com/tea-estates/estates-registry/randeniya--9882.html
9886	20241113110858	https://www.historyofceylontea.com/tea-estates/estates-registry/lorjorn--9886.html
9887	20240720025307	https://www.historyofceylontea.com/tea-estates/estates-registry/high-walton--9887.html
9888	20230331093127	https://www.historyofceylontea.com/tea-estates/estates-registry/--9888.html
9889	20240811095017	https://www.historyofceylontea.com/tea-estates/estates-registry/lnford--9889.html
9890	20240813062040	https://www.historyofceylontea.com/tea-estates/estates-registry/chosly--9890.html
9891	20240908154921	https://www.historyofceylontea.com/tea-estates/estates-registry/kotuwegedara--9891.html
9892	20240907151957	https://www.historyofceylontea.com/tea-estates/estates-registry/gamawella--9892.html
9893	20240714042913	https://www.historyofceylontea.com/tea-estates/estates-registry/laksahena--9893.html
9894	20240919210945	https://www.historyofceylontea.com/tea-estates/estates-registry/--9894.html
9896	20240522153416	https://www.historyofceylontea.com/tea-estates/estates-registry/monkflore--9896.html
9897	20220810194458	https://www.historyofceylontea.com/tea-estates/estates-registry/--9897.html
9900	20240715011453	https://www.historyofceylontea.com/tea-estates/estates-registry/stirning--9900.html
9901	20210120074955	https://www.historyofceylontea.com/tea-estates/estates-registry/--9901.html
9906	20240908054156	https://www.historyofceylontea.com/tea-estates/estates-registry/--9906.html
9907	20241006160721	https://www.historyofceylontea.com/tea-estates/estates-registry/maravilla--9907.html
9908	20220126202800	https://www.historyofceylontea.com/tea-estates/estates-registry/--9908.html
9912	20240915044000	https://www.historyofceylontea.com/tea-estates/estates-registry/muwagalla--9912.html
9913	20240813052034	https://www.historyofceylontea.com/tea-estates/estates-registry/--9913.html
9916	20240618043740	https://www.historyofceylontea.com/tea-estates/estates-registry/--9916.html
9924	20240915044619	https://www.historyofceylontea.com/tea-estates/estates-registry/owilikanda--9924.html
9927	20241011015839	https://www.historyofceylontea.com/tea-estates/estates-registry/--9927.html
9929	20230321141128	https://www.historyofceylontea.com/tea-estates/estates-registry/peyston--9929.html
9930	20240518044443	https://www.historyofceylontea.com/tea-estates/estates-registry/syston--9930.html
9931	20220810205331	https://www.historyofceylontea.com/tea-estates/estates-registry/--9931.html
9932	20230929062707	https://www.historyofceylontea.com/tea-estates/estates-registry/temmeliyana--9932.html
9933	20240614213025	https://www.historyofceylontea.com/tea-estates/estates-registry/--9933.html
9934	20230330205444	https://www.historyofceylontea.com/tea-estates/estates-registry/--9934.html
9939	20240615120256	https://www.historyofceylontea.com/tea-estates/estates-registry/gamewella-group--9939.html
9940	20240719162918	https://www.historyofceylontea.com/tea-estates/estates-registry/alma--9940.html
9944	20240718121808	https://www.historyofceylontea.com/tea-estates/estates-registry/diabubella--9944.html
9947	20240718102426	https://www.historyofceylontea.com/tea-estates/estates-registry/galella--9947.html
9951	20230131111442	https://www.historyofceylontea.com/tea-estates/estates-registry/singarawatte--9951.html
9952	20220528233414	https://www.historyofceylontea.com/tea-estates/estates-registry/gonakellie--9952.html
9955	20220707014114	https://www.historyofceylontea.com/tea-estates/estates-registry/--9955.html
9956	20240714101310	https://www.historyofceylontea.com/tea-estates/estates-registry/s-john-del-reys--9956.html
9957	20201031045833	https://www.historyofceylontea.com/tea-estates/estates-registry/kaduwela--9957.html
9958	20240715013729	https://www.historyofceylontea.com/tea-estates/estates-registry/s-leys--9958.html
9959	20240722044939	https://www.historyofceylontea.com/tea-estates/estates-registry/--9959.html
9961	20241110031435	https://www.historyofceylontea.com/tea-estates/estates-registry/daugan--9961.html
9962	20240914142703	https://www.historyofceylontea.com/tea-estates/estates-registry/ellamawatte--9962.html
9963	20241016082746	https://www.historyofceylontea.com/tea-estates/estates-registry/glenary--9963.html
9965	20181003112926	http://www.historyofceylontea.com:80/tea-estates/estates-registry/karandagama--9965.html
9967	20211018084310	https://www.historyofceylontea.com/tea-estates/estates-registry/--9967.html
9968	20240809115518	https://www.historyofceylontea.com/tea-estates/estates-registry/kendagolla--9968.html
9969	20240614214602	https://www.historyofceylontea.com/tea-estates/estates-registry/--9969.html
9970	20241006172739	https://www.historyofceylontea.com/tea-estates/estates-registry/ugalla--9970.html
9971	20240721164648	https://www.historyofceylontea.com/tea-estates/estates-registry/velena--9971.html
9976	20240305094822	https://www.historyofceylontea.com/tea-estates/estates-registry/wariapolla--9976.html
9977	20240810191859	https://www.historyofceylontea.com/tea-estates/estates-registry/wyamita--9977.html
9979	20241105170156	https://www.historyofceylontea.com/tea-estates/estates-registry/waradola--9979.html
9980	20240624191712	https://www.historyofceylontea.com/tea-estates/estates-registry/--9980.html
9981	20240714043607	https://www.historyofceylontea.com/tea-estates/estates-registry/--9981.html
9983	20241011065015	https://www.historyofceylontea.com/tea-estates/estates-registry/--9983.html
9985	20211204165557	https://www.historyofceylontea.com/tea-estates/estates-registry/bethie--9985.html
9986	20241011121302	https://www.historyofceylontea.com/tea-estates/estates-registry/godahena--9986.html
9988	20230930022254	https://www.historyofceylontea.com/tea-estates/estates-registry/blinboonie--9988.html
9989	20220704035834	https://www.historyofceylontea.com/tea-estates/estates-registry/marlby--9989.html
9990	20241007232335	https://www.historyofceylontea.com/tea-estates/estates-registry/nagolla--9990.html
9991	20240617192600	https://www.historyofceylontea.com/tea-estates/estates-registry/nikakotua--9991.html
9992	20241009224904	https://www.historyofceylontea.com/tea-estates/estates-registry/--9992.html
9993	20230330205104	https://www.historyofceylontea.com/tea-estates/estates-registry/ethedde--9993.html
9994	20241006155601	https://www.historyofceylontea.com/tea-estates/estates-registry/--9994.html
9996	20240915024940	https://www.historyofceylontea.com/tea-estates/estates-registry/meogastenne--9996.html
9997	20240721172119	https://www.historyofceylontea.com/tea-estates/estates-registry/--9997.html
10001	20240810205247	https://www.historyofceylontea.com/tea-estates/estates-registry/madley--10001.html
10004	20221207103621	https://www.historyofceylontea.com/tea-estates/estates-registry/bohemia--10004.html
10005	20240805193326	https://www.historyofceylontea.com/tea-estates/estates-registry/wavahena--10005.html
10009	20241006171231	https://www.historyofceylontea.com/tea-estates/estates-registry/java--10009.html
10010	20220520031930	https://www.historyofceylontea.com/tea-estates/estates-registry/lyangaha--10010.html
10012	20241102094403	https://www.historyofceylontea.com/tea-estates/estates-registry/montehore--10012.html
10013	20241006171734	https://www.historyofceylontea.com/tea-estates/estates-registry/--10013.html
10014	20241104050445	https://www.historyofceylontea.com/tea-estates/estates-registry/millawana--10014.html
10015	20240810194949	https://www.historyofceylontea.com/tea-estates/estates-registry/pundaloya-north--10015.html
10016	20240919205345	https://www.historyofceylontea.com/tea-estates/estates-registry/--10016.html
10017	20241012104802	https://www.historyofceylontea.com/tea-estates/estates-registry/pundaloya-south--10017.html
10018	20240810081739	https://www.historyofceylontea.com/tea-estates/estates-registry/parawatte--10018.html
10019	20240421090058	https://www.historyofceylontea.com/tea-estates/estates-registry/panniute--10019.html
10022	20240622040729	https://www.historyofceylontea.com/tea-estates/estates-registry/temmeliyana--10022.html
10025	20241006160210	https://www.historyofceylontea.com/tea-estates/estates-registry/uagalla--10025.html
10030	20240724175555	https://www.historyofceylontea.com/tea-estates/estates-registry/carriemony--10030.html
10031	20240908093355	https://www.historyofceylontea.com/tea-estates/estates-registry/--10031.html
10032	20240814132228	https://www.historyofceylontea.com/tea-estates/estates-registry/--10032.html
10034	20220813174222	https://www.historyofceylontea.com/tea-estates/estates-registry/--10034.html
10035	20220815195342	https://www.historyofceylontea.com/tea-estates/estates-registry/--10035.html
10036	20240915045335	https://www.historyofceylontea.com/tea-estates/estates-registry/hulangamuwa--10036.html
10037	20240805182732	https://www.historyofceylontea.com/tea-estates/estates-registry/jaya--10037.html
10038	20241006190902	https://www.historyofceylontea.com/tea-estates/estates-registry/kahapatina--10038.html
10039	20240624194627	https://www.historyofceylontea.com/tea-estates/estates-registry/--10039.html
10041	20221202233308	https://www.historyofceylontea.com/tea-estates/estates-registry/oampion--10041.html
10042	20240620054738	https://www.historyofceylontea.com/tea-estates/estates-registry/--10042.html
10043	20240803161820	https://www.historyofceylontea.com/tea-estates/estates-registry/--10043.html
10045	20240617211134	https://www.historyofceylontea.com/tea-estates/estates-registry/jesserwatta--10045.html
10048	20201124122238	https://www.historyofceylontea.com/tea-estates/estates-registry/kirigama--10048.html
10049	20241113111525	https://www.historyofceylontea.com/tea-estates/estates-registry/fordyee-group--10049.html
10052	20221210085948	https://www.historyofceylontea.com/tea-estates/estates-registry/frad-hill--10052.html
10053	20240920080554	https://www.historyofceylontea.com/tea-estates/estates-registry/matale-west--10053.html
10055	20240812063927	https://www.historyofceylontea.com/tea-estates/estates-registry/nargolla--10055.html
10057	20240805192233	https://www.historyofceylontea.com/tea-estates/estates-registry/new-zembla--10057.html
10059	20240911172527	https://www.historyofceylontea.com/tea-estates/estates-registry/palmgarden--10059.html
10064	20230607192154	https://www.historyofceylontea.com/tea-estates/estates-registry/yaltewattey--10064.html
10065	20240812071505	https://www.historyofceylontea.com/tea-estates/estates-registry/glangariff--10065.html
10073	20221129111954	https://www.historyofceylontea.com/tea-estates/estates-registry/peolbanky--10073.html
10075	20201026100857	https://www.historyofceylontea.com/tea-estates/estates-registry/kalliewatte--10075.html
10076	20240913053617	https://www.historyofceylontea.com/tea-estates/estates-registry/--10076.html
10077	20241011124834	https://www.historyofceylontea.com/tea-estates/estates-registry/yattipauwa--10077.html
10078	20241004124731	https://www.historyofceylontea.com/tea-estates/estates-registry/iogeatre--10078.html
10079	20240614214527	https://www.historyofceylontea.com/tea-estates/estates-registry/--10079.html
10082	20240805190901	https://www.historyofceylontea.com/tea-estates/estates-registry/nova-zambla--10082.html
10083	20220814065007	https://www.historyofceylontea.com/tea-estates/estates-registry/carney-asoka--10083.html
10085	20240618064406	https://www.historyofceylontea.com/tea-estates/estates-registry/cythera--10085.html
10086	20240915232309	https://www.historyofceylontea.com/tea-estates/estates-registry/duhallow--10086.html
10088	20241009213349	https://www.historyofceylontea.com/tea-estates/estates-registry/galatora-group--10088.html
10089	20240809125328	https://www.historyofceylontea.com/tea-estates/estates-registry/galpottagama--10089.html
10092	20220706031132	https://www.historyofceylontea.com/tea-estates/estates-registry/hopewell--10092.html
10093	20241101195857	https://www.historyofceylontea.com/tea-estates/estates-registry/powysland--10093.html
10094	20240625044700	https://www.historyofceylontea.com/tea-estates/estates-registry/houpe--10094.html
10095	20241016064128	https://www.historyofceylontea.com/tea-estates/estates-registry/pororee--10095.html
10097	20240814125451	https://www.historyofceylontea.com/tea-estates/estates-registry/--10097.html
10098	20240722040522	https://www.historyofceylontea.com/tea-estates/estates-registry/nagahalanda--10098.html
10099	20221007115746	https://www.historyofceylontea.com/tea-estates/estates-registry/kosgalla--10099.html
10101	20230330213631	https://www.historyofceylontea.com/tea-estates/estates-registry/sutlon--10101.html
10102	20241006163221	https://www.historyofceylontea.com/tea-estates/estates-registry/nova-zambla--10102.html
10103	20240715020629	https://www.historyofceylontea.com/tea-estates/estates-registry/--10103.html
10104	20240809131151	https://www.historyofceylontea.com/tea-estates/estates-registry/landsdowne--10104.html
10105	20221130100015	https://www.historyofceylontea.com/tea-estates/estates-registry/--10105.html
10107	20240812202534	https://www.historyofceylontea.com/tea-estates/estates-registry/mutwagalla--10107.html
10108	20240423043945	https://www.historyofceylontea.com/tea-estates/estates-registry/tronp--10108.html
10109	20240805031554	https://www.historyofceylontea.com/tea-estates/estates-registry/narangode--10109.html
10110	20240615200336	https://www.historyofceylontea.com/tea-estates/estates-registry/uda-radellie--10110.html
10113	20240715031124	https://www.historyofceylontea.com/tea-estates/estates-registry/westton-charing--10113.html
10114	20230607224503	https://www.historyofceylontea.com/tea-estates/estates-registry/wellawaya-muka--10114.html
10115	20240715234428	https://www.historyofceylontea.com/tea-estates/estates-registry/yonford--10115.html
10120	20240723110548	https://www.historyofceylontea.com/tea-estates/estates-registry/--10120.html
10123	20240719161721	https://www.historyofceylontea.com/tea-estates/estates-registry/--10123.html
10125	20240912221454	https://www.historyofceylontea.com/tea-estates/estates-registry/cogon--10125.html
10126	20180408165153	http://www.historyofceylontea.com:80/tea-estates/estates-registry/golkaduwa--10126.html
10128	20241011052728	https://www.historyofceylontea.com/tea-estates/estates-registry/galatura-group--10128.html
10131	20240721173805	https://www.historyofceylontea.com/tea-estates/estates-registry/hapugastenne-group--10131.html
10132	20240809121402	https://www.historyofceylontea.com/tea-estates/estates-registry/ratganga--10132.html
10134	20240809115452	https://www.historyofceylontea.com/tea-estates/estates-registry/wevelketiya--10134.html
10135	20240916215944	https://www.historyofceylontea.com/tea-estates/estates-registry/galboda--10135.html
10137	20241016010347	https://www.historyofceylontea.com/tea-estates/estates-registry/bapurugalla--10137.html
10141	20240615200142	https://www.historyofceylontea.com/tea-estates/estates-registry/hunwella--10141.html
10144	20240813054455	https://www.historyofceylontea.com/tea-estates/estates-registry/mahawale--10144.html
10150	20220526152122	https://www.historyofceylontea.com/tea-estates/estates-registry/mutwagalla--10150.html
10152	20240725134032	https://www.historyofceylontea.com/tea-estates/estates-registry/--10152.html
10154	20241107065011	https://www.historyofceylontea.com/tea-estates/estates-registry/opata--10154.html
10155	20241009230646	https://www.historyofceylontea.com/tea-estates/estates-registry/pallawela--10155.html
10157	20240920175603	https://www.historyofceylontea.com/tea-estates/estates-registry/palmadulla--10157.html
10160	20240908070240	https://www.historyofceylontea.com/tea-estates/estates-registry/rilbene--10160.html
10161	20240720024600	https://www.historyofceylontea.com/tea-estates/estates-registry/silva-land--10161.html
10164	20240525074533	https://www.historyofceylontea.com/tea-estates/estates-registry/asoka--10164.html
10165	20211021054346	https://www.historyofceylontea.com/tea-estates/estates-registry/ayagama--10165.html
10166	20240812080502	https://www.historyofceylontea.com/tea-estates/estates-registry/delta--10166.html
10167	20241007233844	https://www.historyofceylontea.com/tea-estates/estates-registry/arcady--10167.html
10172	20260620171444	https://www.historyofceylontea.com/tea-estates/estates-registry/burnside-group--10172.html
10173	20241113143909	https://www.historyofceylontea.com/tea-estates/estates-registry/forndale--10173.html
10176	20240920081710	https://www.historyofceylontea.com/tea-estates/estates-registry/rangalla--10176.html
10183	20241113093749	https://www.historyofceylontea.com/tea-estates/estates-registry/pelmadullle--10183.html
10184	20220704060547	https://www.historyofceylontea.com/tea-estates/estates-registry/rilbena--10184.html
10185	20170521215909	http://www.historyofceylontea.com:80/tea-estates/estates-registry/welimaluwa--10185.html
10187	20220528223501	https://www.historyofceylontea.com/tea-estates/estates-registry/welawala-mukalana--10187.html
10189	20220707074856	https://www.historyofceylontea.com/tea-estates/estates-registry/--10189.html
10190	20240722181225	https://www.historyofceylontea.com/tea-estates/estates-registry/alnwick--10190.html
10194	20241013015825	https://www.historyofceylontea.com/tea-estates/estates-registry/colombo-gama--10194.html
10196	20241107055920	https://www.historyofceylontea.com/tea-estates/estates-registry/--10196.html
10197	20240805184949	https://www.historyofceylontea.com/tea-estates/estates-registry/delwella-group--10197.html
10198	20241104055455	https://www.historyofceylontea.com/tea-estates/estates-registry/--10198.html
10201	20230331095858	https://www.historyofceylontea.com/tea-estates/estates-registry/--10201.html
10202	20220813184822	https://www.historyofceylontea.com/tea-estates/estates-registry/karapincha--10202.html
10204	20240717160753	https://www.historyofceylontea.com/tea-estates/estates-registry/--10204.html
10205	20190916042529	https://www.historyofceylontea.com/tea-estates/estates-registry/kuruwita--10205.html
10206	20240805031524	https://www.historyofceylontea.com/tea-estates/estates-registry/lansdowne--10206.html
10207	20241012083754	https://www.historyofceylontea.com/tea-estates/estates-registry/lellopitiya--10207.html
10208	20220525163856	https://www.historyofceylontea.com/tea-estates/estates-registry/lunuwella--10208.html
10211	20240718105253	https://www.historyofceylontea.com/tea-estates/estates-registry/mutwagalla--10211.html
10213	20240915231938	https://www.historyofceylontea.com/tea-estates/estates-registry/rambukkanda--10213.html
10214	20240720032503	https://www.historyofceylontea.com/tea-estates/estates-registry/silva-land--10214.html
10216	20240720030438	https://www.historyofceylontea.com/tea-estates/estates-registry/--10216.html
10218	20170818223843	http://www.historyofceylontea.com:80/tea-estates/estates-registry/trosley--10218.html
10219	20240715232737	https://www.historyofceylontea.com/tea-estates/estates-registry/welimaluwa--10219.html
10220	20240724180033	https://www.historyofceylontea.com/tea-estates/estates-registry/wellandura-group--10220.html
10225	20220815151058	https://www.historyofceylontea.com/tea-estates/estates-registry/native-plaees--10225.html
10226	20240916023618	https://www.historyofceylontea.com/tea-estates/estates-registry/--10226.html
10227	20240716011654	https://www.historyofceylontea.com/tea-estates/estates-registry/niriella--10227.html
10229	20231128140229	https://www.historyofceylontea.com/tea-estates/estates-registry/nivitigala--10229.html
10230	20221202225515	https://www.historyofceylontea.com/tea-estates/estates-registry/--10230.html
10231	20241113161423	https://www.historyofceylontea.com/tea-estates/estates-registry/opata-group--10231.html
10232	20240806231219	https://www.historyofceylontea.com/tea-estates/estates-registry/pallawela--10232.html
10233	20220813160937	https://www.historyofceylontea.com/tea-estates/estates-registry/palni-garden--10233.html
10241	20240809113546	https://www.historyofceylontea.com/tea-estates/estates-registry/ahipolla-group--10241.html
10242	20240619132730	https://www.historyofceylontea.com/tea-estates/estates-registry/--10242.html
10245	20221206132453	https://www.historyofceylontea.com/tea-estates/estates-registry/bataka--10245.html
10249	20230208072207	https://www.historyofceylontea.com/tea-estates/estates-registry/carney-asoka--10249.html
10251	20241107073951	https://www.historyofceylontea.com/tea-estates/estates-registry/colombogama--10251.html
10252	20230206192445	https://www.historyofceylontea.com/tea-estates/estates-registry/cyther-gabella--10252.html
10255	20241107062345	https://www.historyofceylontea.com/tea-estates/estates-registry/denawaka-group--10255.html
10258	20240913034911	https://www.historyofceylontea.com/tea-estates/estates-registry/doloswella--10258.html
10259	20240724191423	https://www.historyofceylontea.com/tea-estates/estates-registry/--10259.html
10260	20240916014803	https://www.historyofceylontea.com/tea-estates/estates-registry/duhallow--10260.html
10261	20240908171429	https://www.historyofceylontea.com/tea-estates/estates-registry/dambara--10261.html
10263	20181014132110	http://www.historyofceylontea.com:80/tea-estates/estates-registry/ekkaeralle--10263.html
10264	20220525164001	https://www.historyofceylontea.com/tea-estates/estates-registry/elapals-group-epilatwela--10264.html
10266	20220526152233	https://www.historyofceylontea.com/tea-estates/estates-registry/footprint-group--10266.html
10268	20240915232407	https://www.historyofceylontea.com/tea-estates/estates-registry/galkadua--10268.html
10269	20240618194101	https://www.historyofceylontea.com/tea-estates/estates-registry/galatura-group--10269.html
10270	20180609180046	http://www.historyofceylontea.com:80/tea-estates/estates-registry/galbode--10270.html
10274	20240911164827	https://www.historyofceylontea.com/tea-estates/estates-registry/hallayen--10274.html
10275	20240911162812	https://www.historyofceylontea.com/tea-estates/estates-registry/hapurugalla--10275.html
10278	20220819101743	https://www.historyofceylontea.com/tea-estates/estates-registry/houpe--10278.html
10279	20240714113429	https://www.historyofceylontea.com/tea-estates/estates-registry/sunuwella--10279.html
10280	20220528132756	https://www.historyofceylontea.com/tea-estates/estates-registry/illabbuluwa--10280.html
10284	20211018074027	https://www.historyofceylontea.com/tea-estates/estates-registry/keragala--10284.html
10285	20210512043351	https://www.historyofceylontea.com/tea-estates/estates-registry/ketandola--10285.html
10286	20241004111801	https://www.historyofceylontea.com/tea-estates/estates-registry/kiribatgalla-group--10286.html
10287	20240812202323	https://www.historyofceylontea.com/tea-estates/estates-registry/kiriella--10287.html
10288	20230204013818	https://www.historyofceylontea.com/tea-estates/estates-registry/kosgalla--10288.html
10289	20240301141827	https://www.historyofceylontea.com/tea-estates/estates-registry/kuruwita--10289.html
10290	20240814200316	https://www.historyofceylontea.com/tea-estates/estates-registry/kuttapitiya--10290.html
10292	20220814070613	https://www.historyofceylontea.com/tea-estates/estates-registry/mangedera--10292.html
10293	20240301105802	https://www.historyofceylontea.com/tea-estates/estates-registry/mathsall-valley--10293.html
10294	20240812210231	https://www.historyofceylontea.com/tea-estates/estates-registry/mutwagalla--10294.html
10295	20240809051003	https://www.historyofceylontea.com/tea-estates/estates-registry/--10295.html
10300	20240714035839	https://www.historyofceylontea.com/tea-estates/estates-registry/palm-garden--10300.html
10301	20240301133345	https://www.historyofceylontea.com/tea-estates/estates-registry/parawatte--10301.html
10302	20241010105030	https://www.historyofceylontea.com/tea-estates/estates-registry/pebotuwa--10302.html
10303	20221202225924	https://www.historyofceylontea.com/tea-estates/estates-registry/peenkanda--10303.html
10304	20240809180839	https://www.historyofceylontea.com/tea-estates/estates-registry/--10304.html
10306	20230320150938	https://www.historyofceylontea.com/tea-estates/estates-registry/wellandura-group--10306.html
10309	20240809182534	https://www.historyofceylontea.com/tea-estates/estates-registry/alupolla-group--10309.html
10310	20241011125359	https://www.historyofceylontea.com/tea-estates/estates-registry/colombogama--10310.html
10311	20240624190626	https://www.historyofceylontea.com/tea-estates/estates-registry/mahawale--10311.html
10313	20241107070639	https://www.historyofceylontea.com/tea-estates/estates-registry/pebotuwa--10313.html
10314	20241004211606	https://www.historyofceylontea.com/tea-estates/estates-registry/pelmadulla-group--10314.html
10315	20240907150155	https://www.historyofceylontea.com/tea-estates/estates-registry/porenuwa--10315.html
10316	20240809113513	https://www.historyofceylontea.com/tea-estates/estates-registry/errabodde--10316.html
10317	20240617130214	https://www.historyofceylontea.com/tea-estates/estates-registry/nilagama--10317.html
10319	20220703175138	https://www.historyofceylontea.com/tea-estates/estates-registry/walapota--10319.html
10323	20191120131728	https://www.historyofceylontea.com/tea-estates/estates-registry/agalahena--10323.html
10328	20240618181225	https://www.historyofceylontea.com/tea-estates/estates-registry/colombogama--10328.html
10329	20221128143849	https://www.historyofceylontea.com/tea-estates/estates-registry/dalakgalla--10329.html
10330	20180614182829	http://www.historyofceylontea.com:80/tea-estates/estates-registry/dolakanda--10330.html
10331	20220525160700	https://www.historyofceylontea.com/tea-estates/estates-registry/elapala-group--10331.html
10336	20240714113932	https://www.historyofceylontea.com/tea-estates/estates-registry/hunuwella--10336.html
10338	20240815054225	https://www.historyofceylontea.com/tea-estates/estates-registry/hunuwella--10338.html
10341	20241008001704	https://www.historyofceylontea.com/tea-estates/estates-registry/bere-ferrers--10341.html
10342	20230208080302	https://www.historyofceylontea.com/tea-estates/estates-registry/carney-asoka--10342.html
10343	20241110172840	https://www.historyofceylontea.com/tea-estates/estates-registry/colombogama--10343.html
10344	20240806235028	https://www.historyofceylontea.com/tea-estates/estates-registry/dalnkgalla--10344.html
10346	20240913042158	https://www.historyofceylontea.com/tea-estates/estates-registry/dikmukalana--10346.html
10358	20200927135023	https://www.historyofceylontea.com/tea-estates/estates-registry/patakada--10358.html
10359	20240813114903	https://www.historyofceylontea.com/tea-estates/estates-registry/poronuwa--10359.html
10361	20220808171758	https://www.historyofceylontea.com/tea-estates/estates-registry/radell--10361.html
10366	20240810071344	https://www.historyofceylontea.com/tea-estates/estates-registry/colombogama--10366.html
10368	20240815051347	https://www.historyofceylontea.com/tea-estates/estates-registry/endane--10368.html
10371	20220813150830	https://www.historyofceylontea.com/tea-estates/estates-registry/hedgefield--10371.html
10372	20240522015430	https://www.historyofceylontea.com/tea-estates/estates-registry/millawitiya--10372.html
10379	20180614182834	http://www.historyofceylontea.com:80/tea-estates/estates-registry/dolakanda--10379.html
10380	20220525164648	https://www.historyofceylontea.com/tea-estates/estates-registry/mapata-group--10380.html
10382	20240803170755	https://www.historyofceylontea.com/tea-estates/estates-registry/gembrook--10382.html
10385	20240911174320	https://www.historyofceylontea.com/tea-estates/estates-registry/kahahengama--10385.html
10390	20171015173207	http://www.historyofceylontea.com:80/tea-estates/estates-registry/niralgama--10390.html
10393	20240810081808	https://www.historyofceylontea.com/tea-estates/estates-registry/watapota--10393.html
10401	20240618021505	https://www.historyofceylontea.com/tea-estates/estates-registry/colonna--10401.html
10404	20201023213358	https://www.historyofceylontea.com/tea-estates/estates-registry/dalveen--10404.html
10405	20241105160851	https://www.historyofceylontea.com/tea-estates/estates-registry/gangulwitiya--10405.html
10406	20241105155426	https://www.historyofceylontea.com/tea-estates/estates-registry/de-mell-garden-depedene-group--10406.html
10408	20241007051641	https://www.historyofceylontea.com/tea-estates/estates-registry/elchico--10408.html
10409	20240412203539	https://www.historyofceylontea.com/tea-estates/estates-registry/hallina--10409.html
10413	20240617164837	https://www.historyofceylontea.com/tea-estates/estates-registry/fernlee--10413.html
10414	20240807002643	https://www.historyofceylontea.com/tea-estates/estates-registry/forest-land-lot--10414.html
10416	20230208063604	https://www.historyofceylontea.com/tea-estates/estates-registry/--10416.html
10417	20240809180759	https://www.historyofceylontea.com/tea-estates/estates-registry/glenalvah--10417.html
10418	20240615201921	https://www.historyofceylontea.com/tea-estates/estates-registry/nabaveena--10418.html
10421	20240915042045	https://www.historyofceylontea.com/tea-estates/estates-registry/palamcotta--10421.html
10422	20240916004624	https://www.historyofceylontea.com/tea-estates/estates-registry/rangweltenne--10422.html
10426	20240615192546	https://www.historyofceylontea.com/tea-estates/estates-registry/springwood--10426.html
10427	20240715174829	https://www.historyofceylontea.com/tea-estates/estates-registry/st-ronan-s--10427.html
10428	20240418065118	https://www.historyofceylontea.com/tea-estates/estates-registry/stubton--10428.html
10433	20240718135032	https://www.historyofceylontea.com/tea-estates/estates-registry/trincowatte--10433.html
10435	20240908152508	https://www.historyofceylontea.com/tea-estates/estates-registry/nugalanda--10435.html
10436	20240815054815	https://www.historyofceylontea.com/tea-estates/estates-registry/aterkyle--10436.html
10438	20230927213852	https://www.historyofceylontea.com/tea-estates/estates-registry/--10438.html
10439	20240720025111	https://www.historyofceylontea.com/tea-estates/estates-registry/allerton--10439.html
10441	20230205213750	https://www.historyofceylontea.com/tea-estates/estates-registry/balwica--10441.html
10442	20241105164537	https://www.historyofceylontea.com/tea-estates/estates-registry/beaconsfield--10442.html
10445	20220926213837	https://www.historyofceylontea.com/tea-estates/estates-registry/blacktrairs--10445.html
10447	20240920163039	https://www.historyofceylontea.com/tea-estates/estates-registry/boyne-the-bulatkande--10447.html
10452	20240301144634	https://www.historyofceylontea.com/tea-estates/estates-registry/clieveden--10452.html
10457	20240617180028	https://www.historyofceylontea.com/tea-estates/estates-registry/feralee--10457.html
10459	20240810070707	https://www.historyofceylontea.com/tea-estates/estates-registry/forestland-lot--10459.html
10461	20220707010222	https://www.historyofceylontea.com/tea-estates/estates-registry/gilgarron--10461.html
10462	20240718153210	https://www.historyofceylontea.com/tea-estates/estates-registry/golden-grove--10462.html
10464	20240718114332	https://www.historyofceylontea.com/tea-estates/estates-registry/hatherleigh--10464.html
10466	20240527053426	https://www.historyofceylontea.com/tea-estates/estates-registry/illabekande--10466.html
10470	20230208062447	https://www.historyofceylontea.com/tea-estates/estates-registry/lanark--10470.html
10471	20240719154820	https://www.historyofceylontea.com/tea-estates/estates-registry/lauderdale-group--10471.html
10473	20241016071411	https://www.historyofceylontea.com/tea-estates/estates-registry/madampe--10473.html
10477	20240527073049	https://www.historyofceylontea.com/tea-estates/estates-registry/morningside--10477.html
10478	20241016081656	https://www.historyofceylontea.com/tea-estates/estates-registry/nahaveena--10478.html
10481	20240812201527	https://www.historyofceylontea.com/tea-estates/estates-registry/rangwelltenne--10481.html
10483	20240226090825	https://www.historyofceylontea.com/tea-estates/estates-registry/abondoyle--10483.html
10485	20221001200630	https://www.historyofceylontea.com/tea-estates/estates-registry/balwinat--10485.html
10488	20240919205530	https://www.historyofceylontea.com/tea-estates/estates-registry/ben-lomond--10488.html
10495	20241016015220	https://www.historyofceylontea.com/tea-estates/estates-registry/ostreen--10495.html
10498	20240617162642	https://www.historyofceylontea.com/tea-estates/estates-registry/ferulee--10498.html
10503	20230201150615	https://www.historyofceylontea.com/tea-estates/estates-registry/lenark--10503.html
10504	20240615211148	https://www.historyofceylontea.com/tea-estates/estates-registry/landerdale-group--10504.html
10510	20230201153054	https://www.historyofceylontea.com/tea-estates/estates-registry/isnark--10510.html
10516	20231207172207	https://www.historyofceylontea.com/tea-estates/estates-registry/abert--10516.html
10525	20241011052201	https://www.historyofceylontea.com/tea-estates/estates-registry/aluwlcky--10525.html
10527	20240915224452	https://www.historyofceylontea.com/tea-estates/estates-registry/--10527.html
10528	20240724193049	https://www.historyofceylontea.com/tea-estates/estates-registry/aberfoyle--10528.html
10529	20231128132057	https://www.historyofceylontea.com/tea-estates/estates-registry/bulawina--10529.html
10531	20240907152418	https://www.historyofceylontea.com/tea-estates/estates-registry/giliemalay--10531.html
10536	20240720033805	https://www.historyofceylontea.com/tea-estates/estates-registry/alliagton--10536.html
10537	20230201151256	https://www.historyofceylontea.com/tea-estates/estates-registry/balawina--10537.html
10543	20241006155208	https://www.historyofceylontea.com/tea-estates/estates-registry/rediwitte--10543.html
10544	20240617180155	https://www.historyofceylontea.com/tea-estates/estates-registry/taurus--10544.html
10545	20171015173148	http://www.historyofceylontea.com:80/tea-estates/estates-registry/lankaberiya--10545.html
10549	20240519054322	https://www.historyofceylontea.com/tea-estates/estates-registry/hembakande-group--10549.html
10556	20220707004117	https://www.historyofceylontea.com/tea-estates/estates-registry/barley-group--10556.html
10557	20220707010901	https://www.historyofceylontea.com/tea-estates/estates-registry/belta-group--10557.html
10558	20190824211545	https://www.historyofceylontea.com/tea-estates/estates-registry/demodara--10558.html
10563	20240718150918	https://www.historyofceylontea.com/tea-estates/estates-registry/asoot--10563.html
10565	20240908054112	https://www.historyofceylontea.com/tea-estates/estates-registry/beaumont-group--10565.html
10567	20241016080417	https://www.historyofceylontea.com/tea-estates/estates-registry/dunsinane--10567.html
10568	20241005060125	https://www.historyofceylontea.com/tea-estates/estates-registry/eton--10568.html
10569	20240725121154	https://www.historyofceylontea.com/tea-estates/estates-registry/fernlands--10569.html
10570	20241110185527	https://www.historyofceylontea.com/tea-estates/estates-registry/harrow--10570.html
10571	20240920081310	https://www.historyofceylontea.com/tea-estates/estates-registry/kaipoogalla--10571.html
10572	20241005072410	https://www.historyofceylontea.com/tea-estates/estates-registry/meddatenne--10572.html
10576	20240721161657	https://www.historyofceylontea.com/tea-estates/estates-registry/sheen--10576.html
10577	20241106153208	https://www.historyofceylontea.com/tea-estates/estates-registry/kalloo-oya--10577.html
10579	20240715170729	https://www.historyofceylontea.com/tea-estates/estates-registry/pine-hill--10579.html
10588	20240720042627	https://www.historyofceylontea.com/tea-estates/estates-registry/pallarakelle--10588.html
10594	20241011111717	https://www.historyofceylontea.com/tea-estates/estates-registry/dodangolla--10594.html
10597	20241106143017	https://www.historyofceylontea.com/tea-estates/estates-registry/duckwari-group--10597.html
10598	20220525154322	https://www.historyofceylontea.com/tea-estates/estates-registry/gatagahawala--10598.html
10600	20241016015559	https://www.historyofceylontea.com/tea-estates/estates-registry/gonawella--10600.html
10602	20221203120731	https://www.historyofceylontea.com/tea-estates/estates-registry/edengrove--10602.html
10603	20221203113627	https://www.historyofceylontea.com/tea-estates/estates-registry/gurudeniya--10603.html
10607	20240718132426	https://www.historyofceylontea.com/tea-estates/estates-registry/epitawela--10607.html
10608	20240916002028	https://www.historyofceylontea.com/tea-estates/estates-registry/elapata-group--10608.html
10609	20240811081704	https://www.historyofceylontea.com/tea-estates/estates-registry/caladen-group--10609.html
10610	20240624205951	https://www.historyofceylontea.com/tea-estates/estates-registry/galkande--10610.html
10611	20181012132352	http://www.historyofceylontea.com:80/tea-estates/estates-registry/batakada--10611.html
10612	20221129110318	https://www.historyofceylontea.com/tea-estates/estates-registry/gangarama--10612.html
10613	20171015173138	http://www.historyofceylontea.com:80/tea-estates/estates-registry/hingilagoda--10613.html
10616	20240715180101	https://www.historyofceylontea.com/tea-estates/estates-registry/rilhena--10616.html
10617	20240720043315	https://www.historyofceylontea.com/tea-estates/estates-registry/hilva-land--10617.html
10618	20210224205049	https://www.historyofceylontea.com/tea-estates/estates-registry/tresley--10618.html
10623	20171015173133	http://www.historyofceylontea.com:80/tea-estates/estates-registry/--10623.html
10626	20241107075708	https://www.historyofceylontea.com/tea-estates/estates-registry/tebotuwa--10626.html
10640	20240813054623	https://www.historyofceylontea.com/tea-estates/estates-registry/nabunnatenne--10640.html
10652	20220817134217	https://www.historyofceylontea.com/tea-estates/estates-registry/viharehena--10652.html
10659	20241110023813	https://www.historyofceylontea.com/tea-estates/estates-registry/indigasgodella--10659.html
10660	20240521234351	https://www.historyofceylontea.com/tea-estates/estates-registry/madolwitiya--10660.html
10665	20181016215119	http://www.historyofceylontea.com:80/tea-estates/estates-registry/veddagala--10665.html
10667	20241101191526	https://www.historyofceylontea.com/tea-estates/estates-registry/silver-hill--10667.html
10669	20240911130530	https://www.historyofceylontea.com/tea-estates/estates-registry/gonegoda--10669.html
10671	20240618035255	https://www.historyofceylontea.com/tea-estates/estates-registry/silver-hill--10671.html
10673	20240915030810	https://www.historyofceylontea.com/tea-estates/estates-registry/meegastenne--10673.html
10674	20240916002238	https://www.historyofceylontea.com/tea-estates/estates-registry/hulangomuwa--10674.html
10675	20240809181527	https://www.historyofceylontea.com/tea-estates/estates-registry/jeaserwatta--10675.html
10677	20241007233638	https://www.historyofceylontea.com/tea-estates/estates-registry/dangon-lower--10677.html
10678	20240809130614	https://www.historyofceylontea.com/tea-estates/estates-registry/gonapitiya-group--10678.html
10679	20240813115746	https://www.historyofceylontea.com/tea-estates/estates-registry/keenagolla--10679.html
10680	20230205143230	https://www.historyofceylontea.com/tea-estates/estates-registry/leangawalle--10680.html
10681	20221130232604	https://www.historyofceylontea.com/tea-estates/estates-registry/kabaragalla--10681.html
10682	20240714102732	https://www.historyofceylontea.com/tea-estates/estates-registry/high-forest--10682.html
10683	20240715015303	https://www.historyofceylontea.com/tea-estates/estates-registry/kurundu-oya--10683.html
10684	20240715010758	https://www.historyofceylontea.com/tea-estates/estates-registry/woodcote--10684.html
10686	20220701055537	https://www.historyofceylontea.com/tea-estates/estates-registry/marigoland-and-donachie--10686.html
10687	20230206070328	https://www.historyofceylontea.com/tea-estates/estates-registry/treby--10687.html
10688	20240303063944	https://www.historyofceylontea.com/tea-estates/estates-registry/raferea--10688.html
10691	20240617194753	https://www.historyofceylontea.com/tea-estates/estates-registry/roethee--10691.html
10692	20240419191556	https://www.historyofceylontea.com/tea-estates/estates-registry/sirathdon--10692.html
10693	20230605125236	https://www.historyofceylontea.com/tea-estates/estates-registry/--10693.html
10694	20220813183640	https://www.historyofceylontea.com/tea-estates/estates-registry/darawatta--10694.html
10695	20240807004442	https://www.historyofceylontea.com/tea-estates/estates-registry/--10695.html
10697	20240722174858	https://www.historyofceylontea.com/tea-estates/estates-registry/--10697.html
10699	20240625053137	https://www.historyofceylontea.com/tea-estates/estates-registry/--10699.html
10700	20240305072234	https://www.historyofceylontea.com/tea-estates/estates-registry/wanarajah-and-manickwatte--10700.html
10701	20211204164221	https://www.historyofceylontea.com/tea-estates/estates-registry/pathford--10701.html
10702	20240618064334	https://www.historyofceylontea.com/tea-estates/estates-registry/mair-athel--10702.html
10704	20221129122615	https://www.historyofceylontea.com/tea-estates/estates-registry/--10704.html
10705	20240912225957	https://www.historyofceylontea.com/tea-estates/estates-registry/devon--10705.html
10706	20230207182403	https://www.historyofceylontea.com/tea-estates/estates-registry/deyanilakaele--10706.html
10707	20241006170523	https://www.historyofceylontea.com/tea-estates/estates-registry/--10707.html
10708	20220528221122	https://www.historyofceylontea.com/tea-estates/estates-registry/ouvahkelle--10708.html
10711	20241005053016	https://www.historyofceylontea.com/tea-estates/estates-registry/alutnuwara--10711.html
10714	20230206054805	https://www.historyofceylontea.com/tea-estates/estates-registry/kadasahamodde--10714.html
10715	20240920162058	https://www.historyofceylontea.com/tea-estates/estates-registry/--10715.html
10716	20220813174658	https://www.historyofceylontea.com/tea-estates/estates-registry/richmond--10716.html
10717	20240914131410	https://www.historyofceylontea.com/tea-estates/estates-registry/walapane--10717.html
10720	20220819224518	https://www.historyofceylontea.com/tea-estates/estates-registry/mulhalkelle-group--10720.html
10727	20240524111818	https://www.historyofceylontea.com/tea-estates/estates-registry/cinniedominic--10727.html
10730	20240301132745	https://www.historyofceylontea.com/tea-estates/estates-registry/--10730.html
10737	20220707072305	https://www.historyofceylontea.com/tea-estates/estates-registry/--10737.html
10738	20201020142320	https://www.historyofceylontea.com/tea-estates/estates-registry/rathmaherre-kelle--10738.html
10739	20240918140505	https://www.historyofceylontea.com/tea-estates/estates-registry/udugama--10739.html
10743	20241011020256	https://www.historyofceylontea.com/tea-estates/estates-registry/forest-11071--10743.html
10744	20230127141223	https://www.historyofceylontea.com/tea-estates/estates-registry/forest-9631--10744.html
10746	20241009221102	https://www.historyofceylontea.com/tea-estates/estates-registry/forest-8444-50--10746.html
10747	20220521114205	https://www.historyofceylontea.com/tea-estates/estates-registry/wallahandova--10747.html
10750	20241009223043	https://www.historyofceylontea.com/tea-estates/estates-registry/--10750.html
10751	20241006175039	https://www.historyofceylontea.com/tea-estates/estates-registry/bandarakelle--10751.html
10752	20240813050216	https://www.historyofceylontea.com/tea-estates/estates-registry/berlin--10752.html
10753	20240919214906	https://www.historyofceylontea.com/tea-estates/estates-registry/coolbawn--10753.html
10754	20240813053241	https://www.historyofceylontea.com/tea-estates/estates-registry/florence--10754.html
10755	20240813053855	https://www.historyofceylontea.com/tea-estates/estates-registry/frankfort--10755.html
10756	20240423164156	https://www.historyofceylontea.com/tea-estates/estates-registry/galamuduna--10756.html
10757	20210514230139	https://www.historyofceylontea.com/tea-estates/estates-registry/horogalla--10757.html
10759	20240809180034	https://www.historyofceylontea.com/tea-estates/estates-registry/kandaloya--10759.html
10760	20240918134416	https://www.historyofceylontea.com/tea-estates/estates-registry/mausagalla--10760.html
10762	20240715031156	https://www.historyofceylontea.com/tea-estates/estates-registry/pitakande--10762.html
10763	20240715231900	https://www.historyofceylontea.com/tea-estates/estates-registry/seaforth--10763.html
10764	20241005072158	https://www.historyofceylontea.com/tea-estates/estates-registry/sembawattie--10764.html
10765	20241006154803	https://www.historyofceylontea.com/tea-estates/estates-registry/stoneaston--10765.html
10771	20220706221725	https://www.historyofceylontea.com/tea-estates/estates-registry/gneiss-rock--10771.html
10773	20220815152249	https://www.historyofceylontea.com/tea-estates/estates-registry/sinne-lebbe-t--10773.html
10774	20240815053934	https://www.historyofceylontea.com/tea-estates/estates-registry/strathellie--10774.html
10775	20210306235651	https://www.historyofceylontea.com/tea-estates/estates-registry/bloomfield--10775.html
10776	20240915225927	https://www.historyofceylontea.com/tea-estates/estates-registry/--10776.html
10778	20211208042829	https://www.historyofceylontea.com/tea-estates/estates-registry/kitulgolla--10778.html
10780	20241010095004	https://www.historyofceylontea.com/tea-estates/estates-registry/mudamana--10780.html
10782	20210514233648	https://www.historyofceylontea.com/tea-estates/estates-registry/morogalla--10782.html
10784	20210514234424	https://www.historyofceylontea.com/tea-estates/estates-registry/herogalla--10784.html
10788	20200927193426	https://www.historyofceylontea.com/tea-estates/estates-registry/crowther-s-land--10788.html
10789	20240809115208	https://www.historyofceylontea.com/tea-estates/estates-registry/alnwick--10789.html
10790	20240722052245	https://www.historyofceylontea.com/tea-estates/estates-registry/st-margaret-s--10790.html
10791	20250219053505	https://www.historyofceylontea.com/tea-estates/estates-registry/allagolla--10791.html
10792	20241011020409	https://www.historyofceylontea.com/tea-estates/estates-registry/--10792.html
10793	20241010105421	https://www.historyofceylontea.com/tea-estates/estates-registry/concordia--10793.html
10794	20240806233943	https://www.historyofceylontea.com/tea-estates/estates-registry/coneygar--10794.html
10795	20180609180011	http://www.historyofceylontea.com:80/tea-estates/estates-registry/court-lodge--10795.html
10796	20241005102604	https://www.historyofceylontea.com/tea-estates/estates-registry/denmark-hill--10796.html
10798	20241004204854	https://www.historyofceylontea.com/tea-estates/estates-registry/dukinfield--10798.html
10799	20240810071043	https://www.historyofceylontea.com/tea-estates/estates-registry/eskdale--10799.html
10803	20220703231024	https://www.historyofceylontea.com/tea-estates/estates-registry/glen-devon--10803.html
10804	20240810193711	https://www.historyofceylontea.com/tea-estates/estates-registry/goatfell--10804.html
10805	20241113145549	https://www.historyofceylontea.com/tea-estates/estates-registry/gracelyn--10805.html
10806	20241104212257	https://www.historyofceylontea.com/tea-estates/estates-registry/halgran-oya--10806.html
10807	20240812195439	https://www.historyofceylontea.com/tea-estates/estates-registry/hethersett--10807.html
10808	20241007230830	https://www.historyofceylontea.com/tea-estates/estates-registry/hillside--10808.html
10810	20241016004713	https://www.historyofceylontea.com/tea-estates/estates-registry/kandapolla--10810.html
10812	20240908070148	https://www.historyofceylontea.com/tea-estates/estates-registry/liddesdale--10812.html
10813	20240614213802	https://www.historyofceylontea.com/tea-estates/estates-registry/--10813.html
10814	20240303052029	https://www.historyofceylontea.com/tea-estates/estates-registry/monkswood--10814.html
10817	20240809062256	https://www.historyofceylontea.com/tea-estates/estates-registry/mousa--10817.html
10819	20240722150208	https://www.historyofceylontea.com/tea-estates/estates-registry/ragalla--10819.html
10820	20240812204506	https://www.historyofceylontea.com/tea-estates/estates-registry/st-johns--10820.html
10821	20240920175451	https://www.historyofceylontea.com/tea-estates/estates-registry/st-leonards--10821.html
10822	20241004220511	https://www.historyofceylontea.com/tea-estates/estates-registry/strathislay--10822.html
10823	20230326002321	https://www.historyofceylontea.com/tea-estates/estates-registry/summerhill--10823.html
10824	20220928061525	https://www.historyofceylontea.com/tea-estates/estates-registry/soysa-s-land--10824.html
10828	20241113092955	https://www.historyofceylontea.com/tea-estates/estates-registry/tullioody--10828.html
10831	20241204232240	https://www.historyofceylontea.com/tea-estates/estates-registry/brookside--10831.html
10832	20241011110539	https://www.historyofceylontea.com/tea-estates/estates-registry/goalfellt--10832.html
10834	20240619140947	https://www.historyofceylontea.com/tea-estates/estates-registry/--10834.html
10835	20221203151805	https://www.historyofceylontea.com/tea-estates/estates-registry/gomalte--10835.html
10836	20240911130340	https://www.historyofceylontea.com/tea-estates/estates-registry/--10836.html
10837	20241009214950	https://www.historyofceylontea.com/tea-estates/estates-registry/gallabodde--10837.html
10838	20240522011202	https://www.historyofceylontea.com/tea-estates/estates-registry/gomalie--10838.html
10839	20240911123315	https://www.historyofceylontea.com/tea-estates/estates-registry/maha-uva--10839.html
10840	20201028142710	https://www.historyofceylontea.com/tea-estates/estates-registry/godahena--10840.html
10841	20240620055718	https://www.historyofceylontea.com/tea-estates/estates-registry/gomale--10841.html
10842	20240625053345	https://www.historyofceylontea.com/tea-estates/estates-registry/lucky-land--10842.html
10843	20241006200020	https://www.historyofceylontea.com/tea-estates/estates-registry/silverkandy--10843.html
10845	20241006202753	https://www.historyofceylontea.com/tea-estates/estates-registry/--10845.html
10846	20241012105302	https://www.historyofceylontea.com/tea-estates/estates-registry/blairlomond--10846.html
10847	20241113091329	https://www.historyofceylontea.com/tea-estates/estates-registry/rocklands--10847.html
10848	20220814184548	https://www.historyofceylontea.com/tea-estates/estates-registry/diyanilla--10848.html
10850	20230207190920	https://www.historyofceylontea.com/tea-estates/estates-registry/congawatte--10850.html
10851	20220815151458	https://www.historyofceylontea.com/tea-estates/estates-registry/harasbedda--10851.html
10852	20240617180630	https://www.historyofceylontea.com/tea-estates/estates-registry/hugoland--10852.html
10862	20241011115823	https://www.historyofceylontea.com/tea-estates/estates-registry/eriagastenne--10862.html
10863	20240916233614	https://www.historyofceylontea.com/tea-estates/estates-registry/goonambil--10863.html
10864	20241006205916	https://www.historyofceylontea.com/tea-estates/estates-registry/holton--10864.html
10867	20240525203413	https://www.historyofceylontea.com/tea-estates/estates-registry/knightsdale--10867.html
10869	20230206053348	https://www.historyofceylontea.com/tea-estates/estates-registry/longford--10869.html
10870	20240624202844	https://www.historyofceylontea.com/tea-estates/estates-registry/maria--10870.html
10871	20240908061737	https://www.historyofceylontea.com/tea-estates/estates-registry/panvila--10871.html
10872	20241005070931	https://www.historyofceylontea.com/tea-estates/estates-registry/raxawa--10872.html
10874	20241010102415	https://www.historyofceylontea.com/tea-estates/estates-registry/udagodde--10874.html
10875	20191122233017	https://www.historyofceylontea.com/tea-estates/estates-registry/walaramba--10875.html
10876	20240920175528	https://www.historyofceylontea.com/tea-estates/estates-registry/zululand--10876.html
10877	20240615195140	https://www.historyofceylontea.com/tea-estates/estates-registry/wattegamawatta--10877.html
10878	20240919203020	https://www.historyofceylontea.com/tea-estates/estates-registry/wawingawatte--10878.html
10879	20241104053555	https://www.historyofceylontea.com/tea-estates/estates-registry/franklands--10879.html
10880	20240615201000	https://www.historyofceylontea.com/tea-estates/estates-registry/mariawatte--10880.html
10881	20240919204859	https://www.historyofceylontea.com/tea-estates/estates-registry/vavonwatte--10881.html
10886	20240805195905	https://www.historyofceylontea.com/tea-estates/estates-registry/inchstelly--10886.html
10887	20241112204551	https://www.historyofceylontea.com/tea-estates/estates-registry/kinsale-lower-and-upper--10887.html
10888	20241011115506	https://www.historyofceylontea.com/tea-estates/estates-registry/meegama--10888.html
10889	20240908155628	https://www.historyofceylontea.com/tea-estates/estates-registry/malvern-patampaha-elagalla-maria--10889.html
10890	20241006192052	https://www.historyofceylontea.com/tea-estates/estates-registry/morahilla--10890.html
10891	20240714034323	https://www.historyofceylontea.com/tea-estates/estates-registry/pendleton-lower-upper--10891.html
10892	20240716005405	https://www.historyofceylontea.com/tea-estates/estates-registry/ukawela--10892.html
10893	20220808173302	https://www.historyofceylontea.com/tea-estates/estates-registry/woodthorpe--10893.html
10894	20201028140032	https://www.historyofceylontea.com/tea-estates/estates-registry/galapealay--10894.html
10896	20240915222414	https://www.historyofceylontea.com/tea-estates/estates-registry/mugama--10896.html
10898	20240624193918	https://www.historyofceylontea.com/tea-estates/estates-registry/kuruwile--10898.html
10901	20240624191042	https://www.historyofceylontea.com/tea-estates/estates-registry/marakona--10901.html
10902	20240719160831	https://www.historyofceylontea.com/tea-estates/estates-registry/nikkatenna--10902.html
10903	20240615193356	https://www.historyofceylontea.com/tea-estates/estates-registry/arassanwatte--10903.html
10905	20240814144325	https://www.historyofceylontea.com/tea-estates/estates-registry/ulanapitiya--10905.html
10907	20241112160144	https://www.historyofceylontea.com/tea-estates/estates-registry/flowerdew--10907.html
10908	20240913054947	https://www.historyofceylontea.com/tea-estates/estates-registry/galphele--10908.html
10909	20240413053040	https://www.historyofceylontea.com/tea-estates/estates-registry/gavatenne--10909.html
10910	20241101185947	https://www.historyofceylontea.com/tea-estates/estates-registry/gilbury--10910.html
10911	20220706034545	https://www.historyofceylontea.com/tea-estates/estates-registry/gillardstown--10911.html
10913	20240617180136	https://www.historyofceylontea.com/tea-estates/estates-registry/wattapullawa--10913.html
10914	20241013003001	https://www.historyofceylontea.com/tea-estates/estates-registry/delgahalande--10914.html
10915	20240723124934	https://www.historyofceylontea.com/tea-estates/estates-registry/mora-ella--10915.html
10917	20241113114354	https://www.historyofceylontea.com/tea-estates/estates-registry/soranavallie--10917.html
10919	20240419181518	https://www.historyofceylontea.com/tea-estates/estates-registry/giddawa--10919.html
10920	20240916234638	https://www.historyofceylontea.com/tea-estates/estates-registry/heepitiya--10920.html
10922	20180325074549	http://www.historyofceylontea.com:80/tea-estates/estates-registry/panwila--10922.html
10923	20240805023132	https://www.historyofceylontea.com/tea-estates/estates-registry/sorana-valley--10923.html
10924	20240715171809	https://www.historyofceylontea.com/tea-estates/estates-registry/rest-harrow--10924.html
10925	20240719161041	https://www.historyofceylontea.com/tea-estates/estates-registry/wykelands--10925.html
10926	20240719155610	https://www.historyofceylontea.com/tea-estates/estates-registry/yatawara--10926.html
10928	20240719162845	https://www.historyofceylontea.com/tea-estates/estates-registry/ooyanwatte--10928.html
10930	20241007061055	https://www.historyofceylontea.com/tea-estates/estates-registry/--10930.html
10932	20241013014614	https://www.historyofceylontea.com/tea-estates/estates-registry/delgahawatte--10932.html
10934	20230607114934	https://www.historyofceylontea.com/tea-estates/estates-registry/morsih-mount--10934.html
10942	20240420221532	https://www.historyofceylontea.com/tea-estates/estates-registry/allowihari--10942.html
10943	20230327135612	https://www.historyofceylontea.com/tea-estates/estates-registry/asgiria--10943.html
10944	20240620064656	https://www.historyofceylontea.com/tea-estates/estates-registry/--10944.html
10945	20240715061715	https://www.historyofceylontea.com/tea-estates/estates-registry/hylton--10945.html
10946	20241004124333	https://www.historyofceylontea.com/tea-estates/estates-registry/ingroogalla--10946.html
10947	20240908154119	https://www.historyofceylontea.com/tea-estates/estates-registry/moora-ella--10947.html
10949	20240812200909	https://www.historyofceylontea.com/tea-estates/estates-registry/totagamma--10949.html
10950	20241113081706	https://www.historyofceylontea.com/tea-estates/estates-registry/vlcarton--10950.html
10953	20240722170331	https://www.historyofceylontea.com/tea-estates/estates-registry/ratwatta--10953.html
10955	20240908060226	https://www.historyofceylontea.com/tea-estates/estates-registry/cannavarella--10955.html
10956	20241006192606	https://www.historyofceylontea.com/tea-estates/estates-registry/tewatura--10956.html
10957	20240806234210	https://www.historyofceylontea.com/tea-estates/estates-registry/ella-upper--10957.html
10958	20240722161839	https://www.historyofceylontea.com/tea-estates/estates-registry/ella-lower--10958.html
10959	20240915041006	https://www.historyofceylontea.com/tea-estates/estates-registry/galboda--10959.html
10962	20240915045141	https://www.historyofceylontea.com/tea-estates/estates-registry/mahatenne--10962.html
10963	20240915042206	https://www.historyofceylontea.com/tea-estates/estates-registry/vellangolla--10963.html
10964	20241112170351	https://www.historyofceylontea.com/tea-estates/estates-registry/garburton--10964.html
10965	20240915234339	https://www.historyofceylontea.com/tea-estates/estates-registry/tevekelle--10965.html
10967	20181003110828	http://www.historyofceylontea.com:80/tea-estates/estates-registry/mausagalla--10967.html
10968	20240912224638	https://www.historyofceylontea.com/tea-estates/estates-registry/bluefields-lilhe-s-land--10968.html
10969	20240522014337	https://www.historyofceylontea.com/tea-estates/estates-registry/rohais-nursery--10969.html
10972	20241104214414	https://www.historyofceylontea.com/tea-estates/estates-registry/cholsy-rockside--10972.html
10973	20221203152355	https://www.historyofceylontea.com/tea-estates/estates-registry/urcombill--10973.html
10974	20240714105113	https://www.historyofceylontea.com/tea-estates/estates-registry/pallarakelle--10974.html
10981	20240724173122	https://www.historyofceylontea.com/tea-estates/estates-registry/dartry--10981.html
10982	20240721173323	https://www.historyofceylontea.com/tea-estates/estates-registry/jedb--10982.html
10983	20240715013056	https://www.historyofceylontea.com/tea-estates/estates-registry/slspc--10983.html
10984	20221207111938	https://www.historyofceylontea.com/tea-estates/estates-registry/slspc-board-6--10984.html
10986	20240814142246	https://www.historyofceylontea.com/tea-estates/estates-registry/jedb-nuwara-eliya--10986.html
10987	20200814142453	https://www.historyofceylontea.com/tea-estates/estates-registry/jedb-regional-office--10987.html
10988	20200814140209	https://www.historyofceylontea.com/tea-estates/estates-registry/jedb-regional-office--10988.html
10989	20240715031359	https://www.historyofceylontea.com/tea-estates/estates-registry/jedb-iv--10989.html
10990	20240914143733	https://www.historyofceylontea.com/tea-estates/estates-registry/slspc-board-2--10990.html
10992	20230131094233	https://www.historyofceylontea.com/tea-estates/estates-registry/slspc-board-i--10992.html
10993	20240914140725	https://www.historyofceylontea.com/tea-estates/estates-registry/slspc-board-2--10993.html
10994	20190723095054	https://www.historyofceylontea.com/tea-estates/estates-registry/--10994.html
10995	20190723094024	https://www.historyofceylontea.com/tea-estates/estates-registry/--10995.html
10996	20190723093015	https://www.historyofceylontea.com/tea-estates/estates-registry/--10996.html
10997	20191022092446	https://www.historyofceylontea.com/tea-estates/estates-registry/carsons-agro-services-ltd-plantations--10997.html
10998	20191020004015	https://www.historyofceylontea.com/tea-estates/estates-registry/mackwoods-ltd-estate-supplies-dept--10998.html
10999	20191022094120	https://www.historyofceylontea.com/tea-estates/estates-registry/slspc--10999.html
11000	20191117135010	https://www.historyofceylontea.com/tea-estates/estates-registry/elkaduwa-plantations-ltd--11000.html
11001	20230131104203	https://www.historyofceylontea.com/tea-estates/estates-registry/malwatte-valley-plantations-ltd--11001.html
11002	20191020004839	https://www.historyofceylontea.com/tea-estates/estates-registry/malwatte-valley-plantations-ltd--11002.html
11003	20240715031052	https://www.historyofceylontea.com/tea-estates/estates-registry/james-finlay-co-ltd-estates-dept--11003.html
11004	20240423164343	https://www.historyofceylontea.com/tea-estates/estates-registry/waulugala-group--11004.html
11005	20220523022418	https://www.historyofceylontea.com/tea-estates/estates-registry/kahawatte-regional-plantation-company--11005.html
11006	20220523015256	https://www.historyofceylontea.com/tea-estates/estates-registry/tembiligalla--11006.html
11007	20220523022848	https://www.historyofceylontea.com/tea-estates/estates-registry/pelawatte--11007.html
11008	20220523015844	https://www.historyofceylontea.com/tea-estates/estates-registry/hallala--11008.html
11009	20220523012150	https://www.historyofceylontea.com/tea-estates/estates-registry/hickgala--11009.html
11010	20220523021243	https://www.historyofceylontea.com/tea-estates/estates-registry/moneragala-group--11010.html
11011	20230607225156	https://www.historyofceylontea.com/tea-estates/estates-registry/diddenipotha--11011.html
11012	20230930025808	https://www.historyofceylontea.com/tea-estates/estates-registry/tennahena--11012.html
11013	20231128130704	https://www.historyofceylontea.com/tea-estates/estates-registry/--11013.html
11014	20220929011116	https://www.historyofceylontea.com/tea-estates/estates-registry/--11014.html
11015	20220929004755	https://www.historyofceylontea.com/tea-estates/estates-registry/--11015.html
