rank	key	mentions	articles	decades	first	last	surface_forms	roles	example_article
1	chicago exhibition	137	134	90,00	1891	1903	Chicago Exhibition | CHICAGO EXHIBITION | Chicago exhibition | Exhibition | THE CHICAGO EXHIBITION	exhibition | forthcoming exhibition | World's Fair	vol010_tropicalagricult1018ceyl#1891-06#114
2	paris exhibition	118	118	80,90,00,10	1881	1910	Paris Exhibition | Paris exhibition | PARIS EXHIBITION | Exhibition	exhibition | source of reports and samples | event where Wardle was delegate	vol001_tropicalagricult1188ceyl#1881-10#024
3	colonial and indian exhibition	94	91	80,90,00,20	1885	1923	Colonial and Indian Exhibition | COLONIAL AND INDIAN EXHIBITION | THE COLONIAL AND INDIAN EXHIBITION | Colonial and Indian Exhibition in London | Indian and Colonial Exhibition	exhibition | Exhibition | exhibition in London	vol005_tropicalagricult18851886colo#1885-09#108
4	melbourne exhibition	78	73	80,90,00	1881	1909	Melbourne Exhibition | Exhibition | MELBOURNE EXHIBITION | THE MELBOURNE EXHIBITION	exhibition | exhibition for Ceylon tea | tea competition	vol001_tropicalagricult1188ceyl#1881-06#001
5	exhibition	69	65	80,90,00,10	1881	1912	Exhibition | the Exhibition	event | late Exhibition | forthcoming	vol001_tropicalagricult1188ceyl#1881-08#059
6	calcutta exhibition	43	43	80,90,00	1883	1907	Calcutta Exhibition | CALCUTTA EXHIBITION | Calcutta exhibition	exhibition | exhibition of paper samples | forthcoming exhibition	vol002_tropicalagricult18821883colo#1883-03#086
7	rubber exhibition	41	40	00,10,20,30	1906	1935	Rubber Exhibition | Rubber exhibition | rubber exhibition | RUBBER EXHIBITION	exhibition | exhibition in London | in Ceylon	vol026_tropicalagricul261906ceyl#1906-03#015
8	world's fair	39	38	90,00	1890	1904	World's Fair | Exposition | WORLD'S FAIR	exhibition | event for which onyx blocks were offered | at Chicago	vol010_tropicalagricult1018ceyl#1890-12#124
9	agricultural conference	38	37	90,00,10,20,30	1890	1932	Agricultural Conference | Conference	conference | held in March | proposed to be held at Simla	vol010_tropicalagricult1018ceyl#1890-08#162
10	american civil war	35	32	80,90,00,10,20	1882	1922	American Civil War | American war | American War | American civil war | Civil War in America	war | historical event | historical event affecting cotton prices	vol001_tropicalagricult1188ceyl#1882-03#004
11	yala season	31	28	90,10,20,30,40	1890	1944	Yala | yala | Yala Season | Yala season | YALA SEASON	agricultural season | sowing season | season	vol009_tropicalagricult9188ceyl#1890-03#131
12	maha season	30	26	90,10,20,30,40	1890	1944	Maha | maha | Maha season | Maha Season | maha season	agricultural season | sowing season | season of experiment	vol009_tropicalagricult9188ceyl#1890-03#131
13	all-ceylon exhibition	29	25	10,30	1912	1934	All-Ceylon Exhibition | ALL-CEYLON EXHIBITION	exhibition | exhibition held in Colombo | forthcoming exhibition	vol038_tropicalagricul381912ceyl#1912-06#028
14	indian and colonial exhibition	29	29	80,90	1885	1897	Indian and Colonial Exhibition	exhibition | held in London | exhibition associated with the Ceylon Committee	vol005_tropicalagricult18851886colo#1885-09#095
15	agri-horticultural show	28	28	80,90,00,10	1886	1919	Agri-Horticultural Show | Agri-Horticultural show	exhibition | held in Kandy at the end of May | held at Salbagh Gardens on 4th August	vol005_tropicalagricult18851886colo#1886-04#113
16	colonial exhibition	28	27	80,90	1884	1892	Colonial Exhibition | Colonial exhibition | THE COLONIAL EXHIBITION | Exhibition	exhibition | exhibition of China grass cloth | July 22nd, 1886	vol003_tropicalagricult18831884colo#1884-01#001
17	world war i	26	23	10,20,30,40	1915	1945	War | The War | Great War | World War | the War	caused abnormal market conditions | conflict affecting production | conflict affecting prices	vol044_lbg-tropicalagricultvol-xliv0000unse-e6v7#1915-02#042
18	glasgow exhibition	25	24	80,00	1887	1901	Glasgow Exhibition | GLASGOW EXHIBITION | Glasgow exhibition | Glasgow founding	exhibition | exhibition supported by committee | exhibition for Ceylon tea	vol007_tropicalagricult7188ceyl#1887-09#031
19	crimean war	24	24	80,90,00,10,30	1884	1936	Crimean War | Crimean war	war | historical event | historical event affecting tea trees	vol004_tropicalagricult18841885colo#1884-11#086
20	amsterdam exhibition	22	22	80,90	1883	1895	Amsterdam Exhibition | AMSTERDAM EXHIBITION	exhibition | Exhibition | exhibition for promoting tea	vol002_tropicalagricult18821883colo#1883-03#043
21	ceylon rubber exhibition	20	20	00,10	1906	1917	Ceylon Rubber Exhibition | The Ceylon Rubber Exhibition | Exhibition	exhibition | Exhibition | exhibition held in Peradeniya, 1906	vol026_tropicalagricul261906ceyl#1906-04#006
22	maha	19	16	10,20,30,40	1910	1945	Maha | maha	season | agricultural season | cultivation season	vol034_tropicalagricul341910ceyl#1910-01#034
23	merchandise marks act	19	19	80,90,00,20	1888	1928	Merchandise Marks Act	legislation | new Act | law under which prosecution was instituted	vol007_tropicalagricult7188ceyl#1888-03#031
24	world's columbian exposition	19	19	90	1891	1898	World's Columbian Exposition | The great international exposition | World's Columbus Exposition | World's Show	exhibition | Exhibition | commemoration of the discovery of America	vol011_tropicalagricult1118ceyl#1891-10#006
25	agricultural show	18	18	80,90,00,10,20	1884	1923	Agricultural Show | agricultural show	annual show to be held at Paris | recent | recent exhibition	vol004_tropicalagricult18841885colo#1884-12#058
26	health exhibition	18	18	80,90	1884	1899	Health Exhibition	exhibition | 1884 | exhibition where Maté samples were shown	vol004_tropicalagricult18841885colo#1884-08#104
27	nuwara eliya show	18	18	80,90,00,10,20	1888	1920	Nuwara Eliya Show | Nuyara Eliya Show | Nuwara Eliya	exhibition | agricultural show | show	vol007_tropicalagricult7188ceyl#1888-04#120
28	yala	18	15	10,20,30,40	1910	1945	Yala | yala	season | agricultural season | crop season	vol034_tropicalagricul341910ceyl#1910-01#034
29	british pharmaceutical conference	17	16	80,90,10	1881	1912	British Pharmaceutical Conference | Brit. Pharm. Conference	conference | conference where paper was read | conference where papers were read	vol001_tropicalagricult1188ceyl#1881-12#071
30	chicago exposition	17	17	90	1891	1899	Chicago Exposition | CHICAGO EXPOSITION	exhibition | opportunity for making teas known | event to promote demand	vol011_tropicalagricult1118ceyl#1891-11#005
31	international exhibition	17	17	80,90,00,10	1881	1911	International Exhibition | INTERNATIONAL EXHIBITION | THE INTERNATIONAL EXHIBITION	exhibition | held at Cork | horticultural and agricultural exhibition	vol001_tropicalagricult1188ceyl#1881-08#068
32	panama canal	17	17	80,90,00,10,30	1882	1933	Panama Canal | Panama canal | Canal | canal	construction project | project | public work	vol001_tropicalagricult1188ceyl#1882-03#100
33	melbourne international exhibition	16	16	80	1881	1883	Melbourne International Exhibition | International Exhibition	exhibition | tea exhibition	vol001_tropicalagricult1188ceyl#1881-06#007
34	civil war	15	15	80,90,00,20,30	1881	1933	Civil War	historical event | historical event affecting labour conditions | historical period referenced	vol001_tropicalagricult1188ceyl#1881-06#108
35	south african war	15	15	00	1900	1909	South African War | South African war | South African | S. African War	conflict | war | influencing demand	vol019_tropicalagricult1918ceyl#1900-04#076
36	st. louis exhibition	15	14	00,10	1903	1913	St. Louis Exhibition | St Louis Exhibition | St. Louis-Exhibition	exhibition | exhibition for cardamom samples | where photographs will be shown	vol022_tropicalagricult2219ceyl#1903-02#079
37	ceylon court	14	14	80,90	1881	1896	Ceylon Court | CEYLON COURT	exhibition section | exhibition | exhibition court	vol001_tropicalagricult1188ceyl#1881-08#059
38	st. louis exposition	14	14	00,10	1903	1911	St. Louis Exposition | St. Louis exposition | Exposition	exhibition | exposition | exposition in 1904	vol022_tropicalagricult2219ceyl#1903-01#104
39	world's columbian exhibition	13	11	90,00	1894	1901	World's Columbian Exhibition | World's Fair | Great World's Columbian Exhibition | Columbian Exposition	exhibition | exhibition at Chicago | previous exhibition	vol014_tropicalagricult1418ceyl#1894-11#123
40	international rubber exhibition	12	12	00,10,20	1908	1927	International Rubber Exhibition	exhibition | exhibition in London | at Olympia	vol031_tropicalagricul311908ceyl#1908-11#051
41	mckinley tariff	12	12	90	1891	1896	McKinley tariff | McKinley Tariff | McKinley bill | MacKinnley tariff | M'Kin'ey tariff	legislation | cause of depressed trade | tariff affecting trade	vol010_tropicalagricult1018ceyl#1891-02#102
42	challenger expedition	11	11	80,90,00	1884	1900	Challenger | Challenger Expedition | "Challenger" Expedition	expedition | scientific expedition | deep-sea exploring expedition	vol004_tropicalagricult18841885colo#1884-10#062
43	coconut research scheme	11	10	20	1924	1929	Coconut Research Scheme	proposed scheme | proposed research initiative | research scheme	vol062_lbg-630-5-tag-v-62#1924-05#001
44	colonial and indian exhibition of 1886	11	10	80,90,00	1885	1900	Colonial and Indian Exhibition of 1886 | EXHIBITION 1886 | Colonial and Indian Exhibition in London | Colinderies	exhibition | exhibition where alexandrite catseye was shown | previous exhibition	vol005_tropicalagricult18851886colo#1885-10#048
45	inventions and designs act of 1888	11	11	90,00	1897	1902	Inventions and Designs Act of 1888	act under which applications were filed | legislation | act under which specifications were filed	vol016_tropicalagricult1618ceyl#1897-03#044
46	jamaica exhibition	11	11	80,90	1889	1895	Jamaica Exhibition | Exhibition | The Exhibition	exhibition | proposed exhibition | exhibition to be opened in January 1891	vol009_tropicalagricult9188ceyl#1889-12#068
47	karachi scheme	11	9	10,20,40	1913	1945	Karachi Scheme | Karachi scheme	irrigation scheme | land settlement scheme | Agricultural scheme	vol041_lbg-vol-xli-tropicalagricult0000dewi-t3r5#1913-10#027
48	london exhibition	11	11	80,10	1883	1915	London Exhibition | LONDON EXHIBITION	exhibition | exhibition of 1862 | exhibition of rubber machinery	vol002_tropicalagricult18821883colo#1883-06#124
49	russo-japanese war	11	11	00,10	1904	1918	Russo-Japanese war | Russo-Japanese War	historical event | conflict | historical event affecting trade	vol023_tropicalagricult2319ceyl#1904-03#011
50	tea act	11	11	80,90,00	1882	1900	Tea Act	legislation | legislation in force | legislation in America	vol001_tropicalagricult1188ceyl#1882-06#019
51	cantor lectures	10	10	90,00	1890	1902	Cantor Lectures | CANTOR LECTURES | Cantor | Cantor lectures	lecture series | series of lectures | lectures on India-rubber	vol010_tropicalagricult1018ceyl#1890-07#069
52	melbourne exhibition of 1880-81	10	10	80,90	1885	1894	Melbourne Exhibition of 1880-81	exhibition | previous exhibition | exhibition where teas were sent	vol004_tropicalagricult18841885colo#1885-05#001
53	north-east monsoon	10	10	80,90,00,10,20	1887	1922	North-East Monsoon | N.-E. monsoon | North-East monsoon	weather event | season of rains | weather pattern	vol007_tropicalagricult7188ceyl#1887-11#079
54	south-west monsoon	10	10	80,90,10,20,30	1885	1932	South-West Monsoon | South-west Monsoon | S. W. monsoon | South-West monsoon	weather pattern | weather event | weather phenomenon	vol005_tropicalagricult18851886colo#1885-07#061
55	spanish-american war	10	10	90,00	1898	1908	Spanish-American war | war with Spain | Spanish-American War | Spanish war	event affecting fruit trade | event affecting trade demand | event affecting tea trade in America	vol018_tropicalagricult1818ceyl#1898-07#060
56	act v of 1888	9	9	90	1893	1896	Act V of 1888	provisions for patent applications | Inventions and Designs Act | patent act	vol013_tropicalagricult1318ceyl#1893-11#122
57	exposition	9	9	80,90,00,10	1881	1912	Exposition | exposition	coffee exposition in November | exhibition | advertising event in Chicago	vol001_tropicalagricult1188ceyl#1881-12#075
58	food and drugs act	9	9	80,90,00,10,40	1888	1940	Food and Drugs Act	legislation | legislation to be amended | law violated	vol007_tropicalagricult7188ceyl#1888-05#008
59	fruit and flower show	9	9	90,00	1898	1903	Fruit and Flower Show | fruit and flower show	exhibition for paddy | held at the School of Agriculture | exhibition in Colombo	vol017_tropicalagricult1718ceyl#1898-06#115
60	great exhibition	9	8	80,90,00	1881	1909	Great Exhibition	exhibition | 1851 | event	vol001_tropicalagricult1188ceyl#1881-07#120
61	great war	9	9	20,30,40	1920	1944	Great War	period of copra storage | conflict | commemorated by planting of Tabebuia rosea	vol055_lbg-630-5-tag-v-55#1920-10#007
62	nuwara eliya agri-horticultural show	9	9	90,00,10,20,40	1897	1941	Nuwara Eliya Agri-Horticultural Show | NUWARA ELIYA AGRI-HORTICULTURAL SHOW	exhibition | event held on March 31, 1897 | event	vol016_tropicalagricult1618ceyl#1897-05#031
63	paris exhibition of 1900	9	9	90,00	1898	1908	Paris Exhibition of 1900 | Paris Exhibition in 1900 | Paris Exhibition | Paris in 1900	exhibition | where Gold Medal was awarded	vol017_tropicalagricult1718ceyl#1898-05#102
64	rubber conference	9	9	10,20,30,40	1913	1945	Rubber Conference	conference | held in Brussels | held at Tebuwana	vol040_lbg-630-5-tag-v-40#1913-01#022
65	agricultural products (regulation) ordinance	8	8	30,40	1938	1943	Agricultural Products (Regulation) Ordinance	ordinance | regulation stabilizing prices | legislation introduced in 1940	vol091_tropical-agriculturist-1938-08-91#1938-08#001
66	battle of waterloo	8	8	80,90	1883	1893	Waterloo	battle | defeat	vol002_tropicalagricult18821883colo#1883-05#108
67	brussels exhibition	8	8	80,90,00,10	1888	1911	Brussels Exhibition | Brussels Exhibitions	exhibition | during the same year	vol007_tropicalagricult7188ceyl#1888-03#118
68	fourth pacific science congress	8	5	20	1929	1929	Fourth Pacific Science Congress	conference where paper was presented | held in Java in May | congress	vol072_dli-ernet-229221#1929-07#001
69	great exhibition of 1851	8	8	80,90	1883	1899	Great Exhibition of 1851 | 1851 Exhibition | Exhibition held in London | Great Exhibition | Exhibition held in London in 1851	exhibition | Awarded prize medal for Euphorbia substance | 1851	vol002_tropicalagricult18821883colo#1883-06#036
70	international health exhibition	8	8	80,90	1884	1895	International Health Exhibition | THE INTERNATIONAL HEALTH EXHIBITION | I. H. E.	exhibition | exhibition displaying food exhibits | publisher of hand-book	vol003_tropicalagricult18831884colo#1884-06#047
71	mendel's law	8	8	10,20	1910	1921	Mendel's Law | Mendel's law | MENDEL'S law | Meddels Law | MENDEL'S Law	scientific principle | genetic principle | principle of heredity	vol034_tropicalagricul341910ceyl#1910-03#031
72	new zealand and south seas exhibition	8	7	80,90	1889	1892	New Zealand and South Seas Exhibition	exhibition | exhibition in Dunedin	vol009_tropicalagricult9188ceyl#1889-07#103
73	paris exhibition of 1878	8	8	80,90,00	1881	1908	Paris Exhibition of 1878 | Paris Exhibition in 1878	exhibition | source of specimens	vol001_tropicalagricult1188ceyl#1881-10#108
74	perahera	8	8	80,90,00,10,30	1886	1939	Perahera | perahera	grand annual procession | Festival | annual procession in Kandy	vol006_tropicalagricult18861887colo#1886-10#038
75	plant protection ordinance	8	7	20,30	1926	1938	Plant Protection Ordinance	legislation | No. 10 of 1924 | regulation requiring burning of infested leaves	vol067_iss06_tropical-agriculturist-1926-12-67-6#1926-12#001
76	antwerp exhibition	7	7	90,00	1890	1902	Antwerp Exhibition | ANTWERP EXHIBITION	exhibition | exhibition in Belgium | exhibition for Indian produce	vol009_tropicalagricult9188ceyl#1890-01#115
77	atlanta exhibition	7	7	90	1895	1895	Atlanta Exhibition	exhibition | in the Southern States	vol014_tropicalagricult1418ceyl#1895-02#080
78	boston tea party	7	7	80,90	1889	1896	Boston Tea Party | Boston tea party | Boston tea-party | Boston Tea-Party	historical event	vol008_tropicalagricult8188ceyl#1889-02#050
79	conference	7	7	80,90,30	1882	1931	Conference | the Conference	event where the paper was discussed | sugar conference | meeting	vol002_tropicalagricult18821883colo#1882-11#197
80	coolgardie exhibition	7	7	90,00	1898	1906	Coolgardie Exhibition	exhibition | exhibition in Australia	vol018_tropicalagricult1818ceyl#1898-12#007
81	exhibition of 1851	7	7	80,90	1881	1898	Exhibition of 1851 | exhibition of 1851 | Exhibition in 1851	exhibition | event where samples were exhibited | referenced in editorial comment	vol001_tropicalagricult1188ceyl#1881-10#066
82	franco-chinese war	7	7	80	1884	1887	Franco-Chinese war | Franco-Chiense war	conflict affecting tea supplies | recent conflict | conflict	vol004_tropicalagricult18841885colo#1884-11#013
83	indian famine	7	7	90	1897	1898	Indian Famine | Indian famine	cause of high rice price | event affecting rice prices | cause of high exchange rate and rice loss	vol017_tropicalagricult1718ceyl#1897-07#030
84	indian science congress	7	7	10,20,30	1917	1930	Indian Science Congress	1917 Special Number | Agricultural Section, Bangalore, 1924 | Benares, 1925	vol049_iss03_tropical-agriculturist-1917-09-49-3#1917-09#023
85	international congress of tropical agriculture	7	7	10,30	1913	1930	International Congress of Tropical Agriculture | INTERNATIONAL CONGRESS OF TROPICAL AGRICULTURE	congress sitting during exhibition | in London | conference in London	vol041_lbg-vol-xli-tropicalagricult0000dewi-t3r5#1913-07#015
86	international forestry exhibition	7	7	80	1883	1886	International Forestry Exhibition | INTERNATIONAL FORESTRY EXHIBITION	exhibition | exhibition to be held in 1881 | exhibition in Edinburgh	vol003_tropicalagricult18831884colo#1883-12#112
87	international horticultural exhibition	7	7	80,90,10	1886	1912	International Horticultural Exhibition	held in St. Petersburg | exhibition | at Earls-court	vol005_tropicalagricult18851886colo#1886-04#012
88	international rubber conference	7	7	00,10,20	1908	1921	International Rubber Conference | INTERNATIONAL RUBBER CONFERENCE	conference in London | conference in New York | conference where the paper was delivered	vol031_tropicalagricul311908ceyl#1908-08#215
89	kandy show	7	7	80,00	1885	1909	Kandy Show | KANDY SHOW	exhibition | agricultural exhibition | proposed to be held in 1908	vol004_tropicalagricult18841885colo#1885-05#136
90	liverpool exhibition	7	7	80	1886	1889	Liverpool Exhibition	exhibition | exhibition for Ceylon tea	vol006_tropicalagricult18861887colo#1886-07#080
91	malaria	7	7	80,00,10,20,40	1888	1945	malaria | Malaria	disease | disease treated by the remedy | disease discussed	vol007_tropicalagricult7188ceyl#1888-02#039
92	panama disease	7	7	10,20,40	1913	1940	Panama disease	banana disease | disease of cacao | outbreak of plantain disease	vol040_lbg-630-5-tag-v-40#1913-04#026
93	rinderpest	7	7	90,00,20	1890	1929	rinderpest | Rinderpest | RINDERPEST	disease | cattle disease | disease outbreak	vol009_tropicalagricult9188ceyl#1890-05#061
94	sale of food and drugs act	7	7	80,90,00	1884	1901	Sale of Food and Drugs Act	legislation | statute | statute governing tea analysis	vol004_tropicalagricult18841885colo#1884-12#106
95	west indian agricultural conference	7	7	00,10	1900	1912	West Indian Agricultural Conference | West Indian agricultural conference	conference | held at Barbados on 6th January, 1900 | held on January 6 in Barbados	vol020_tropicalagricult2019ceyl#1900-07#009
96	all-ceylon exhibition, 1912	6	6	10	1912	1913	All-Ceylon Exhibition, 1912 | THE ALL-CEYLON EXHIBITION, 1912	exhibition | prize awarded for fruits	vol038_tropicalagricul381912ceyl#1912-02#032
97	chicago world's fair	6	6	90,00	1892	1904	Chicago World's Fair | Chicago World's fair | Chicago exhibit	exhibition | exhibition where British-grown tea was shown | 1903	vol011_tropicalagricult1118ceyl#1892-02#028
98	cinchona agreement	6	3	10,30	1915	1939	Cinchona Agreement | cinchona agreement	agreement affecting bark production and prices | agreement to preserve profitable cultivation | agreement between producers and manufacturers	vol044_lbg-tropicalagricultvol-xliv0000unse-e6v7#1915-03#044
99	colombo agri-horticultural show	6	6	80,90,00	1884	1906	Colombo Agri-Horticultural Show	agricultural show | competition for tea samples | exhibition	vol003_tropicalagricult18831884colo#1884-05#111
100	colonial and indian exhibition, 1886	6	6	80	1886	1889	Colonial and Indian Exhibition, 1886 | COLONIAL AND INDIAN EXHIBITION, 1886	exhibition | source of Sierra Leone exhibits	vol005_tropicalagricult18851886colo#1886-06#110
101	columbian exposition	6	6	90,00,10	1891	1910	Columbian Exposition	World's Fair, Chicago, 1893 | exhibition | exhibition, Chicago	vol011_tropicalagricult1118ceyl#1891-12#028
102	cotton states and international exhibition	6	6	90	1894	1895	Cotton States and International Exhibition | COTTON STATES AND INTERNATIONAL EXHIBITION	exhibition | at Atlanta | held at Atlanta	vol014_tropicalagricult1418ceyl#1894-11#123
103	food show	6	6	90	1895	1899	Food Show	exhibition at Madison Square Garden | event at Madison Square Garden | held under the auspices of the Philadelphia Retail Grocers' 	vol014_tropicalagricult1418ceyl#1895-03#105
104	franco-prussian war	6	6	80,00,10,30	1885	1937	Franco-Prussian war | war of 1870-1 | Franco-German war | Franco-Prussian War	historical event | conflict | conflict leading to margarine invention	vol005_tropicalagricult18851886colo#1885-10#122
105	imperial agricultural research conference	6	6	20,30	1928	1939	Imperial Agricultural Research Conference	conference | conference held in 1927 | held in 1927	vol070_dli-ernet-229220#1928-03#005
106	indo-colonial exhibition	6	6	80,90	1887	1892	Indo-Colonial Exhibition	exhibition | intended destination for the collection | held in 1886	vol006_tropicalagricult18861887colo#1887-01#091
107	international rubber and allied trades exhibition	6	6	00,10	1908	1911	International Rubber and Allied Trades Exhibition	exhibition at Olympia, London | first exhibition of its kind, held in 1908 | exhibition, London	vol031_tropicalagricul311908ceyl#1908-08#215
108	matale show	6	6	80,90,20	1887	1921	Matale Show | MATALE SHOW	agricultural show | annual exhibition | exhibition	vol007_tropicalagricult7188ceyl#1887-11#009
109	new avenue rubber manurial experiment	6	6	30	1930	1932	New Avenue Rubber Manurial Experiment | New Avenue Rubber manurial experiment | The New Avenue Rubber Manurial Experiment	experiment | agricultural experiment | experiment started in December 1930	vol074_dli-ernet-229223#1930-02#022
110	paris exposition	6	6	90,00,20	1890	1924	Paris Exposition	exhibition | event where alcohol was awarded first prize	vol010_tropicalagricult1018ceyl#1890-07#031
111	pest act	6	5	20,40	1920	1941	Pest Act	legislation under which diseases are declared | legislation in force | legislation applied in 1920	vol046_lbg-630-5-tag-v-46#1921-02#006
112	pests ordinance	6	6	00,10	1908	1912	Pests Ordinance	regulations | legal framework for disease control | legal proclamation	vol030_tropicalagricul301908ceyl#1908-02#031
113	rubber congress	6	6	00,10,20	1908	1921	Rubber Congress | A RUBBER CONGRESS	held in Java at Djember in October, 1907 | congress to be held at Senna Madureira | 1907	vol030_tropicalagricul301908ceyl#1908-05#046
114	rubber research scheme	6	5	10,20	1913	1927	Rubber Research Scheme	research initiative | research program | scheme established during the Governor's term	vol040_lbg-630-5-tag-v-40#1913-04#041
115	tivali	6	6	80,90	1889	1898	Tivali	festival | holidays | holiday	vol009_tropicalagricult9188ceyl#1889-11#147
116	adulteration act	5	5	80,90	1882	1891	Adulteration Act	legislation | legislation under discussion | legislation deterring blending	vol002_tropicalagricult18821883colo#1882-07#099
117	agri-horticultural shows	5	5	90,00,20	1890	1920	Agri-Horticultural Shows	exhibitions	vol009_tropicalagricult9188ceyl#1890-02#001
118	beri-beri	5	5	90,10,20,40	1890	1945	beri-beri	disease | disease treated by fermented toddy	vol010_tropicalagricult1018ceyl#1890-10#024
119	british empire exhibition	5	5	20	1923	1925	British Empire Exhibition	exhibition | exhibition at Wembley	vol061_tropicalagricult0061unse#1923-12#009
120	centennial exhibition	5	5	80,90	1884	1899	Centennial Exhibition	1876 exhibition | recent exhibition compared in size | opened in Cincinnati	vol004_tropicalagricult18841885colo#1884-09#039
121	chicago exhibition of 1893	5	5	90,00	1891	1902	Chicago Exhibition of 1893 | Chicago Exhibition | Chicago Exhibition in 1893	exhibition | World's Exposition | event funded by Ceylon tea duty	vol011_tropicalagricult1118ceyl#1891-10#096
122	cholera	5	5	80,40	1882	1945	cholera | Cholera	epidemic | disease treated with oil | outbreak	vol001_tropicalagricult1188ceyl#1882-01#042
123	coffee leaf disease	5	5	80,00,40	1883	1940	coffee leaf disease | Coffee Leaf Disease	ruined Cyclades | disease appearing in 1869 | disease outbreak	vol003_tropicalagricult18831884colo#1883-08#123
124	conference of empire meteorologists, 1929	5	5	20,30	1929	1930	Conference of Empire Meteorologists, 1929 | CONFERENCE OF EMPIRE METEOROLOGISTS, 1929	conference	vol072_dli-ernet-229221#1929-12#003
125	delhi durbar	5	5	00,10	1903	1912	Delhi Durbar	recent event | assemblage of persons | event where Dacca muslin was sold	vol023_tropicalagricult2319ceyl#1903-10#045
126	foot-and-mouth disease	5	4	90,10	1894	1913	Foot-and-mouth disease | Hoof-and-mouth disease | foot-and-mouth disease | Foot-and-Mouth Disease	cattle disease | outbreak | epizootic disease	vol014_tropicalagricult1418ceyl#1894-10#007
127	franco-british exhibition	5	5	00,10	1908	1910	Franco-British Exhibition	event for which juice was prepared | exhibition | exhibition where materials were shown	vol031_tropicalagricul311908ceyl#1908-09#022
128	franco-german war	5	5	80,90,00	1883	1906	Franco-German War | Franco-German war	historical event referenced regarding duty changes | war	vol002_tropicalagricult18821883colo#1883-02#130
129	glasgow international exhibition	5	5	80,90	1888	1891	Glasgow International Exhibition	exhibition	vol008_tropicalagricult8188ceyl#1888-07#117
130	grahamstown exhibition	5	5	80,90	1888	1899	Grahamstown Exhibition | GRAHAMSTOWN EXHIBITION	exhibition | exhibition in South Africa	vol007_tropicalagricult7188ceyl#1888-04#035
131	imperial botanical conference	5	5	20,30	1925	1935	Imperial Botanical Conference	held in London in July, 1924 | conference | held in London, July 1924	vol064_lbg-630-5-tag-v-64#1925-05#001
132	imperial mycological conference	5	5	20,30	1925	1939	Imperial Mycological Conference	held in London last July | conference | held in London in 1929	vol064_lbg-630-5-tag-v-64#1925-05#015
133	indian mutiny	5	5	80,90	1883	1899	Indian Mutiny | Indian mutiny | INDIAN MUTINY	historical event | historical event referenced | event that ended the experiment	vol002_tropicalagricult18821883colo#1883-04#052
134	maha crop	5	5	80,20,40	1886	1943	Maha | Maha crop	agricultural season | paddy crop season | crop season	vol006_tropicalagricult18861887colo#1886-09#034
135	melbourne centennial exhibition	5	5	80,90	1889	1895	Melbourne Centennial Exhibition | Melbourne Exhibition | Melbourne Centennial	exhibition | 1888	vol008_tropicalagricult8188ceyl#1889-01#081
136	melbourne exhibition of 1881	5	5	80,90	1881	1894	Melbourne Exhibition | Melbourne Exhibition (1881) | Exhibition at Melbourne | Melbourne Exhibition of 1881 | Melbourne Exhibition in 1881	exhibition | 1881 | exhibition where Indian and Ceylon teas were promoted	vol001_tropicalagricult1188ceyl#1881-08#095
137	murrain	5	5	90	1890	1897	Murrain | murrain	disease | cattle disease | disease outbreak	vol010_tropicalagricult1018ceyl#1890-10#009
138	new orleans exhibition	5	5	80,90	1885	1895	New Orleans Exhibition | NEW ORLEANS EXHIBITION | New Orleans Exhibitions	exhibition | exhibition of machines	vol005_tropicalagricult18851886colo#1885-07#053
139	new orleans exposition	5	5	80	1885	1887	New Orleans Exposition	exposition | industrial exhibition | event where canes were tested	vol004_tropicalagricult18841885colo#1885-04#057
140	pest ordinance	5	5	00,10	1906	1917	Pest Ordinance	legislation | proposed legislation in Ceylon | legal regulation	vol026_tropicalagricul261906ceyl#1906-05#003
141	pharmaceutical conference	5	5	80	1882	1889	Pharmaceutical Conference	professional meeting | at Southampton | 1882	vol002_tropicalagricult18821883colo#1882-12#112
142	rajakariya	5	5	80,90,10	1889	1913	Rajakariya | rajakariya	forced labour system | system of labor | system of forced labour	vol009_tropicalagricult9188ceyl#1889-09#084
143	rothamsted experiments	5	5	90,10,20	1891	1925	Rothamsted experiments	agricultural experiments	vol010_tropicalagricult1018ceyl#1891-01#092
144	russian war	5	5	80,00	1882	1909	Russian War | Russian war	conflict	vol001_tropicalagricult1188ceyl#1882-04#026
145	sale of food and drugs act, 1875	5	5	80,90,00	1885	1903	Sale of Food and Drugs Act, 1875	legislation under which analyses were made | act | legislation	vol005_tropicalagricult18851886colo#1885-12#109
146	schneider challenge cup competition	5	5	20,30	1927	1930	Schneider Challenge Cup Competition	competition for the best School Garden | school garden competition | competition for school gardens	vol069_tropical-agriculturist-1927-09-69#1927-09#018
147	second imperial mycological conference	5	5	20,30	1929	1933	Second Imperial Mycological Conference | THE SECOND IMPERIAL MYCOLOGICAL CONFERENCE 1929	Conference | Conference of Mycologists of the British Empire held in Lond | 1929 conference	vol072_dli-ernet-229221#1929-05#026
148	the exhibition	5	5	80,90	1885	1894	The Exhibition | the Exhibition	event where tea samples were tested and medals awarded | exhibition | event in Jamaica	vol004_tropicalagricult18841885colo#1885-02#039
149	third international congress of tropical agriculture	5	5	10	1914	1915	THIRD INTERNATIONAL CONGRESS OF TROPICAL AGRICULTURE | Third International Congress of Tropical Agriculture	congress, London, 1914 | conference | congress held at the Imperial Institute	vol042_lbg-630-5-tag-v-42#1914-02#050
150	vegetable garden competition	5	5	20,30	1921	1930	Vegetable Garden Competition	competition | competition in Matale East | 1929-30	vol047_lbg-630-5-tag-v-47#1921-07#006
151	world war	5	5	10,20,30	1919	1939	World War	endangers certain of the supplies | period of high rice prices | historical event	vol052_iss06_tropical-agriculturist-1919-06-52-6#1919-06#023
152	world's exposition at chicago in 1893	5	5	90	1891	1893	World's Exposition at Chicago in 1893 | Chicago Exhibition	exhibition	vol011_tropicalagricult1118ceyl#1891-09#055
153	world's fair at chicago	5	5	90	1891	1892	World's Fair at Chicago	exhibition | exhibition for plank	vol011_tropicalagricult1118ceyl#1891-07#068
154	yala crop	5	5	20,30,40	1920	1943	Yala | Yala crop	paddy crop season | agricultural season | crop season	vol054_lbg-630-5-tag-v-54#1920-06#020
155	acheen war	4	4	80,90	1884	1894	Acheen war | Acheen War	conflict affecting pepper prices | conflict	vol004_tropicalagricult18841885colo#1884-09#031
156	afghan war	4	4	80,90	1886	1898	Afghan war | Afghan War	conflict mentioned | frontier war | event reviving green tea trade	vol006_tropicalagricult18861887colo#1886-08#089
157	agricultural conference at coimbatore	4	4	10,20	1914	1926	Agricultural Conference at Coimbatore | Agricultural Conference	held in December, 8-13 | conference held in December 1913 | December 16th, 1919	vol042_lbg-630-5-tag-v-42#1914-02#055
158	agricultural conference at peradeniya	4	4	20,30	1927	1930	Agricultural Conference at Peradeniya | Agricultural Conference held at Peradeniya	conference | held in May, 1928	vol068_tropical-agriculturist-1927-04-68#1927-04#002
159	agricultural shows	4	4	00,10,20	1903	1923	Agricultural Shows	annual shows in the Federated Malay States and the Colony | exhibitions held by the Society | events held in districts	vol023_tropicalagricult2319ceyl#1903-09#039
160	all-india agricultural conference	4	4	10	1914	1915	All-India Agricultural Conference	held at Coimbatore | held at Coimbatore, December 6th-13th, 1913 | held at Coimbatore on December 8th, 1913	vol042_lbg-630-5-tag-v-42#1914-02#039
161	assam labour bill	4	4	00	1900	1901	Assam Labour Bill	bill under consideration | Legislative discussion | bill debated	vol019_tropicalagricult1918ceyl#1900-01#013
162	atlanta exposition	4	4	80,90,00	1882	1908	Atlanta Exposition	exhibition | 1881	vol001_tropicalagricult1188ceyl#1882-05#178
163	breach of contract act	4	4	90	1890	1895	Breach of Contract Act	legislation | legislation under discussion | legislation opposed by Supreme Government	vol010_tropicalagricult1018ceyl#1890-08#083
164	brown bast	4	4	20,30	1921	1930	Brown Bast | brown bast	Rubber disease | disease attack | disease condition	vol056_iss06_tropical-agriculturist-1921-06-56-6#1921-06#017
165	brussels convention	4	4	00	1903	1909	Brussels Convention	sugar convention | provisions against colonial preference | agreement	vol022_tropicalagricult2219ceyl#1903-03#057
166	brussels international exhibition 1888	4	3	80	1889	1889	Brussels International Exhibition 1888 | BRUSSELS EXHIBITION	exhibition	vol008_tropicalagricult8188ceyl#1889-01#043
167	burmese war	4	4	80,00	1886	1900	Burmese war	historical event | conflict during which hay was supplied to Horse Artillery | War	vol005_tropicalagricult18851886colo#1886-02#047
168	calcutta international exhibition	4	4	80	1883	1886	Calcutta International Exhibition	exhibition	vol003_tropicalagricult18831884colo#1883-09#002
169	ceylon exhibition	4	4	80,00,10	1881	1912	Ceylon Exhibition	exhibition | 1906 rubber exhibition	vol001_tropicalagricult1188ceyl#1881-08#067
170	chicago fair	4	4	90,00	1892	1904	Chicago Fair	exhibition	vol012_tropicalagricult1218ceyl#1892-08#106
171	china-japan war	4	4	90,00	1894	1907	China-Japan War | China-Japan war	factor affecting tea market | result of which Formosa was ceded	vol014_tropicalagricult1418ceyl#1894-12#127
172	coconut trees preservation enactment	4	4	90,00	1899	1903	Coconut Trees Preservation Enactment	legislation | legal enactment	vol018_tropicalagricult1818ceyl#1899-02#083
173	colinderies	4	4	80,00	1886	1908	Colinderies	event where pods were seen | coffee exhibition | event where tea was disposed of	vol006_tropicalagricult18861887colo#1886-09#035
174	colombo exhibition	4	4	90,00,10	1892	1914	Colombo Exhibition	exhibition	vol011_tropicalagricult1118ceyl#1892-06#133
175	colombo show	4	4	90,00,10	1893	1914	Colombo Show	exhibition | agricultural show | poultry exhibition	vol012_tropicalagricult1218ceyl#1893-04#066
176	colonial and indian exhibition at south kensington	4	4	80	1886	1886	THE COLONIAL AND INDIAN EXHIBITION AT SOUTH KENSINGTON | Colonial and Indian Exhibition at South Kensington	exhibition | exhibition where samples were shown	vol006_tropicalagricult18861887colo#1886-10#078
177	congress of tropical agriculture	4	4	10	1910	1915	Congress of Tropical Agriculture	held in Brussels | event where Professor Dunstan spoke | Event where the address was delivered	vol035_tropicalagricul351910ceyl#1910-10#043
178	empire of india exhibition	4	4	90	1895	1896	Empire of India Exhibition	Exhibition at Earl's Court | exhibition | exhibition at Earl's-court	vol015_tropicalagricult1518ceyl#1895-08#045
179	european war	4	4	10,20	1915	1924	European War | European war	Cause of thymol scarcity | cause of price slump | war	vol044_lbg-tropicalagricultvol-xliv0000unse-e6v7#1915-01#029
180	exhibition of 1889	4	4	80,90,00	1885	1902	Exhibition of 1889 | Exhibition year of 1889	Exhibition	vol004_tropicalagricult18841885colo#1885-01#175
181	federation	4	4	90,00	1896	1909	Federation	political event | political movement | political event affecting rice culture importance	vol016_tropicalagricult1618ceyl#1896-12#073
182	fertilisers and feeding stuffs act	4	4	90,10	1897	1915	Fertilisers and Feeding Stuffs Act	legislation | legislation in the mother country | regulation	vol016_tropicalagricult1618ceyl#1897-02#036
183	fourth international grassland congress	4	4	30,40	1937	1942	Fourth International Grassland Congress	at Aberystwyth, Wales, on 16th July, 1937 | congress held at Aberystwyth, 1937 | held at Aberystwyth last year	vol088_dli-ernet-229229#1937-10#008
184	french exhibition	4	4	90	1891	1898	French Exhibition	in Moscow | held in Moscow	vol011_tropicalagricult1118ceyl#1891-07#032
185	henaratgoda show	4	4	00,10,20	1903	1920	Henaratgoda Show | HENARATGODA SHOW | Henaratgoda	annual village show | prize list, June 2nd, 3rd and 4th, 1903 | Agricultural Show, April 5th	vol023_tropicalagricult2319ceyl#1903-07#103
186	imperial agricultural conference	4	4	20	1927	1928	Imperial Agricultural Conference	conference | conference in 1927 | held in London during October and November, 1927	vol069_tropical-agriculturist-1927-09-69#1927-09#001
187	indian and colonial exhibition of 1886	4	4	90	1890	1899	Indian and Colonial Exhibition of 1886 | Indian and Colonial Exhibition in 1886	exhibition	vol009_tropicalagricult9188ceyl#1890-03#062
188	internal purchase scheme	4	4	40	1944	1945	Internal Purchase Scheme	Government scheme | Scheme	vol100_iss01_tropical-agriculturist-january-march-1944-100-1#1944-01/03#013
189	jubilee	4	4	80,90	1887	1899	Jubilee | Jubilee year	celebration | occasion | this year of Jubilee	vol007_tropicalagricult7188ceyl#1887-07#007
190	kandy agri-horticultural show	4	4	80,00,20	1887	1923	Kandy Agri-Horticultural Show | KANDY AGRI-HORTICULTURAL SHOW | Kandy Agri-Horticultral Show	Exhibition, 6th May, 1887 | no Show held this year | show	vol006_tropicalagricult18861887colo#1887-06#050
191	kandy agricultural show	4	4	80,20	1889	1926	Kandy Agricultural Show	event | Agricultural show | exhibition	vol009_tropicalagricult9188ceyl#1889-07#077
192	louisiana purchase exposition	4	4	00,10	1902	1910	Louisiana Purchase Exposition | World's Fair in St. Louis	International Exposition | exposition to be held in St. Louis, 1904 | exposition, St. Louis	vol021_tropicalagricult2119ceyl#1902-05#023
193	matale exhibition	4	4	80,00	1887	1901	Matale Exhibition | Matale exhibition	exhibition | 1887	vol007_tropicalagricult7188ceyl#1887-11#009
194	melbourne international exhibition of 1880-81	4	3	80,00	1882	1901	Melbourne International Exhibition of 1880-81	source of tea samples	vol002_tropicalagricult18821883colo#1882-10#037
195	merchandize marks act	4	4	80,90	1888	1892	Merchandize Marks Act	act under which prosecutions are authorized | protection for tea industry | prosecutions	vol008_tropicalagricult8188ceyl#1888-08#153
196	nijni novgorod fair	4	3	80,90	1889	1892	Nijni Novgorod Fair | Nijni Novgorod fair	Fair	vol008_tropicalagricult8188ceyl#1889-03#041
197	paris exposition of 1900	4	4	90,00	1898	1908	Paris Exposition of 1900 | Paris exposition of 1,900	exhibition | exposition | exhibition where rubber specimen was shown	vol018_tropicalagricult1818ceyl#1898-10#115
198	payne bill	4	4	10	1910	1911	Payne Bill	legislation | legislation inaugurating a new era	vol035_tropicalagricul351910ceyl#1910-09#036
199	philadelphia exhibition	4	4	80,90	1881	1890	Philadelphia Exhibition	exhibition | cotton exhibition	vol001_tropicalagricult1188ceyl#1881-07#054
200	polytechnic exhibition	4	4	80,00	1881	1900	Polytechnic Exhibition | Polytechnic exhibition	held at the Medical College	vol001_tropicalagricult1188ceyl#1881-10#058
201	stevenson scheme	4	3	20,30	1929	1934	Stevenson Scheme	Scheme of Restriction of output | price maintenance scheme | restriction scheme	vol072_dli-ernet-229221#1929-05#020
202	swadeshi movement	4	4	00,10,30	1906	1936	Swadeshi movement | Swadeshi Movement	movement to encourage industrial activity | movement leading to increased use of imported clothing	vol027_tropicalagricul271906ceyl#1906-10#024
203	the war	4	4	90,10,30	1899	1936	The War | War	historical event | reason for delay in action	vol018_tropicalagricult1818ceyl#1899-04#125
204	twelve months' laying competition	4	4	10	1913	1913	TWELVE MONTHS' LAYING COMPETITION	competition | competition running for seven months | poultry competition	vol041_lbg-vol-xli-tropicalagricult0000dewi-t3r5#1913-08#030
205	war of independence	4	4	80,90,20	1884	1927	War of Independence | war of Independence	period when Labrador tea was used as a substitute for tea	vol003_tropicalagricult18831884colo#1884-03#062
206	yala season 1929	4	4	20	1929	1929	Yala season 1929	season of the competition | season of competition | time of competition	vol073_tropical-agriculturist-1929-11-73#1929-11#010
207	zulu war	4	4	80	1883	1888	Zulu war	disturbance | conflict during which John Ross served in transport service	vol002_tropicalagricult18821883colo#1883-04#179
208	1914 rubber exhibition	3	3	10	1914	1915	1914 RUBBER EXHIBITION	exhibition	vol043_lbg-tropicalagricultvol-xliii0000unse-c5y3#1914-10#002
209	abkari act	3	3	00,20,30	1908	1939	Abkari Act	prohibits manufacture of liquor | legislation restricting distillation	vol030_tropicalagricul301908ceyl#1908-06#103
210	achin war	3	2	80,90	1882	1893	Achin war	war | conflict in 1873-1884	vol001_tropicalagricult1188ceyl#1882-06#011
211	act i of 1882	3	3	80,90	1883	1892	Act I of 1882	legislation for protection of coolies | legislation affecting coolie passage costs | legislation regulating labour	vol002_tropicalagricult18821883colo#1883-02#085
212	agri-horticultural and industrial show	3	3	10,20	1919	1923	Agri-Horticultural and Industrial Show	planned exhibition | To be held in June next year | event held at Jaffna	vol052_iss05_tropical-agriculturist-1919-05-52-5#1919-05#012
213	agri-horticultural show at nuwara eliya	3	3	80,90	1889	1897	Agri-Horticultural Show at Nuwara Eliya | A.-H. Show at Nuwara Eliya	exhibition	vol009_tropicalagricult9188ceyl#1889-08#010
214	agricultural adjustment act	3	1	30	1934	1934	Agricultural Adjustment Act	legislation | programme of reconstruction	vol082_dli-ernet-229227#1934-06#010
215	agricultural conference at barbados	3	3	00,10	1900	1911	Agricultural Conference at Barbados	first agricultural conference held at Barbados | conference in 1902	vol019_tropicalagricult1918ceyl#1900-02#123
216	agricultural exhibition	3	3	80	1882	1888	Agricultural Exhibition	last Saturday | planned event | event with a vote of $500	vol001_tropicalagricult1188ceyl#1882-03#032
217	allahabad exhibition	3	3	10	1910	1910	Allahabad Exhibition	exhibition	vol035_tropicalagricul351910ceyl#1910-07#001
218	american campaign	3	3	90,00	1895	1903	American campaign | American Campaign	Campaign for Ceylon Tea in America | tea promotion campaign | marketing campaign	vol015_tropicalagricult1518ceyl#1895-09#018
219	annual agricultural conference	3	3	00,20	1902	1928	Annual Agricultural Conference	held in Barbados, January, 1902 | second Annual Agricultural Conference	vol022_tropicalagricult2219ceyl#1902-09#006
220	arbor day	3	3	80,90	1887	1894	Arbor Day	occasion for planting trees | tree-planting movement | public holiday	vol007_tropicalagricult7188ceyl#1887-08#041
221	asiatic cholera	3	3	80,90	1887	1890	Asiatic cholera	disease | epidemic in France	vol007_tropicalagricult7188ceyl#1887-10#061
222	avenue rubber manurial experiment	3	3	20	1927	1928	Avenue Rubber Manurial Experiment	manurial experiment | experiment	vol068_tropical-agriculturist-1927-06-68#1927-06#006
223	bandaragama show	3	3	10	1910	1912	Bandaragama Show	show | market show	vol035_tropicalagricul351910ceyl#1910-08#024
224	barclay medal	3	3	00,20,40	1901	1941	Barclay Medal	annual award for investigator in Biology in India and Ceylon | honour awarded in 1901 | award	vol020_tropicalagricult2019ceyl#1901-06#026
225	boer war	3	3	00	1900	1904	Boer war | Boer War	conflict discussed in Müller's defence	vol020_tropicalagricult2019ceyl#1900-10#189
226	brazilian revolution of 1889	3	3	90	1890	1893	bloodless revolution | Revolution | Brazilian Revolution	political event | revolution	vol009_tropicalagricult9188ceyl#1890-06#072
227	canadian international exhibition	3	3	90	1895	1895	Canadian International Exhibition	1896 at Montreal | exhibition to be held in Montreal in 1896 | in 1896	vol014_tropicalagricult1418ceyl#1895-02#080
228	carnival	3	3	10	1911	1913	Carnival	event in Manila | event with silk exhibits | exhibition	vol037_tropicalagricul371911ceyl#1911-11#031
229	cattle murrain	3	2	90	1897	1897	Cattle murain | cattle murrain | murrain	cattle disease | disease outbreak	vol016_tropicalagricult1618ceyl#1897-05#161
230	centennial exposition	3	3	90,20	1890	1925	Centennial Exposition	exhibition | in Philadelphia, 1876	vol009_tropicalagricult9188ceyl#1890-01#115
231	ceylon tea court	3	3	90	1894	1899	Ceylon Tea Court	exhibition | in the Chicago Exhibition	vol013_tropicalagricult1318ceyl#1894-02#017
232	chena	3	3	80,30	1882	1932	Chena	shifting cultivation practice | shifting cultivation | system of shifting cultivation	vol002_tropicalagricult18821883colo#1882-10#012
233	chicago exhibition of 1892	3	3	90,00	1890	1908	Chicago Exhibition of 1892	Exhibition | exhibition	vol010_tropicalagricult1018ceyl#1890-11#104
234	chillie cultivation competition	3	3	20,30	1927	1930	Chillie Cultivation Competition	1926-27 event | held in the Jaffna District | held in Jaffna district	vol069_tropical-agriculturist-1927-12-69#1927-12#021
235	co-operative credit societies act	3	3	00,10	1907	1918	Co-operative Credit Societies Act	legislation governing co-operative societies | legislation passed in 1904 | legislation	vol028_tropicalagricul281907ceyl#1907-04#020
236	coffee stealing act	3	3	80,90	1881	1895	Coffee Stealing Act	legislation | law	vol001_tropicalagricult1188ceyl#1881-11#111
237	colombo agri-horticultural exhibition	3	3	90	1892	1899	Colombo Agri-Horticultural Exhibition | COLOMBO AGRI-HORTICULTURAL EXHIBITION	exhibition | exhibition held on 21st July | annually recurring event	vol011_tropicalagricult1118ceyl#1892-03#120
238	colonial exhibition in london	3	3	80,90	1886	1890	Colonial Exhibition in London	exhibition	vol006_tropicalagricult18861887colo#1886-12#029
239	colonial fruit show	3	3	00,30	1908	1932	Colonial Fruit Show	event where the Editor read a paper | exhibition at R. H. S. Hall | exhibition in 1928	vol031_tropicalagricul311908ceyl#1908-12#021
240	commission of 1899	3	1	40	1941	1941	Commission of 1899	inquiry into the School	vol097_iss05_tropical-agriculturist-1941-11-97-5#1941-11#009
241	conference of colonial directors of agriculture	3	3	30	1939	1939	Conference of Colonial Directors of Agriculture | Colonial Directors of Agriculture	conference held in 1938 | held in London, from July 25 to 30, 1938 | held at the Colonial Office in July, 1938	vol092_tropical-agriculturist-1939-02-92#1939-02#001
242	conference of empire meteorologists	3	3	20,30	1929	1930	Conference of Empire Meteorologists	conference with Agricultural Sections | event where paper was read | 1929	vol073_tropical-agriculturist-1929-09-73#1929-09#006
243	conversazione	3	3	80,90,00	1889	1900	Conversazione | conversazione	held on May 8 | event of the Royal Society | event where A. M. Ferguson gave address	vol009_tropicalagricult9188ceyl#1889-08#080
244	curtis vs. platt	3	2	90	1892	1892	Curtis vs. Platt	legal case | legal case cited	vol012_tropicalagricult1218ceyl#1892-10#053
245	dingley bill	3	3	90	1896	1896	Dingley bill	pending legislation | tariff bill pending in the Senate | legislative proposal	vol015_tropicalagricult1518ceyl#1896-03#065
246	diseases in plants act	3	3	00,20,30	1900	1935	Diseases in Plants Act	regulation | legislation affecting duties	vol019_tropicalagricult1918ceyl#1900-03#080
247	exhibition in london	3	3	80,00	1886	1908	Exhibition in London	exhibition | event for which ferns were sent	vol005_tropicalagricult18851886colo#1886-03#047
248	exposition universelle	3	3	80,90	1889	1896	Exposition Universelle	exhibition | held at Paris in 1889	vol008_tropicalagricult8188ceyl#1889-05#151
249	fisheries exhibition	3	3	80	1883	1888	Fisheries Exhibition	South Kensington | event featuring a model of sponge fishing	vol003_tropicalagricult18831884colo#1883-12#049
250	food and drugs act of 1875	3	3	90	1899	1899	Food and Drugs Act of 1875	legislation | legislation cited	vol019_tropicalagricult1918ceyl#1899-08#064
251	foot and mouth disease	3	3	90,00	1893	1900	Foot and mouth disease | foot and mouth disease | Foot and Mouth disease	disease outbreak | cattle disease	vol013_tropicalagricult1318ceyl#1893-07#150
252	galle agri-horticultural show, 1909	3	2	00	1909	1909	GALLE AGRI-HORTICULTURAL SHOW, 1909 | Galle Show	agricultural show | event	vol033_tropicalagricul331909ceyl#1909-09#034
253	gampola agri-horticultural show	3	3	00,20	1906	1920	Gampola Agri-Horticultural Show | GAMPOLA AGRI-HORTICULTURAL SHOW	agricultural show | first held at Gampola | event held May 7th and 8th 1920	vol026_tropicalagricul261906ceyl#1906-05#058
254	glasgow exhibition of 1888	3	3	80,90,00	1889	1906	Glasgow Exhibition | Glasgow Exhibition of 1888	exhibition | International Exhibition	vol008_tropicalagricult8188ceyl#1889-01#047
255	great columbian exhibition	3	1	90	1894	1894	Exhibition | Great Columbian Exhibition | World's Fair	event	vol013_tropicalagricult1318ceyl#1894-03#009
256	hispano-american war	3	3	90	1898	1899	Hispano-American war	conflict | conflict affecting trade	vol018_tropicalagricult1818ceyl#1898-10#121
257	horse show	3	3	80,00,10	1889	1912	Horse Show | Horse show	approaching event in Colombo | event | held alongside the exhibition	vol009_tropicalagricult9188ceyl#1889-08#107
258	ibbagamuwa agricultural show	3	3	10	1910	1919	Ibbagamuwa Agricultural Show | IBBAGAMUWA AGRICULTURAL SHOW	Show | agricultural show, 20th August, 1910 | 23rd August, 1919	vol035_tropicalagricul351910ceyl#1910-10#021
259	imperial agricultural research conference, 1927	3	2	20	1928	1929	Imperial Agricultural Research Conference, 1927 | Imperial Agricultural Research Conference	held in England during October and November, 1927 | conference recommending virus disease study | conference expenses covered by grant	vol071_tropical-agriculturist-1928-07-71#1928-07#004
260	indian court	3	3	80	1887	1888	Indian Court	exhibition section	vol007_tropicalagricult7188ceyl#1887-09#021
261	indian immigration bill	3	3	80	1883	1885	Indian Immigration Bill	legislation | legislation passed by Straits Government	vol003_tropicalagricult18831884colo#1883-07#030
262	indo-ceylon railway	3	3	90	1895	1897	Indo-Ceylon Railway	proposed railway project | proposed railway scheme	vol015_tropicalagricult1518ceyl#1895-08#028
263	influenza	3	3	90	1891	1893	influenza | Influenza	disease | epidemical disease | cause of increased consumption	vol011_tropicalagricult1118ceyl#1891-08#050
264	influenza epidemic	3	3	90,10	1890	1911	Influenza | Influenza Epidemic | influenza epidemic	epidemic stimulating consumption | suffered by garden staff in April | great epidemic	vol009_tropicalagricult9188ceyl#1890-03#107
265	international congress of applied chemistry	3	3	00,10	1903	1915	International Congress of Applied Chemistry	congress | conference	vol023_tropicalagricult2319ceyl#1903-10#042
266	international exhibition at geneva	3	3	90	1896	1897	International Exhibition at Geneva	exhibition	vol015_tropicalagricult1518ceyl#1896-05#066
267	international forestry exhibition at edinburgh	3	3	80	1884	1885	International Forestry Exhibition at Edinburgh	exhibition | closed on the 11th instant | Exhibition	vol004_tropicalagricult18841885colo#1884-10#006
268	jamaica court	3	3	80,90	1887	1894	Jamaica Court	exhibition section | exhibition court	vol007_tropicalagricult7188ceyl#1887-08#031
269	kalapokam	3	2	90,30	1893	1939	Kalapokam	rural crop sown in September or October | season | 1938-39 season	vol013_tropicalagricult1318ceyl#1893-12#079
270	karachchi scheme	3	3	10,40	1912	1944	Karachchi scheme | Karachchi Scheme	Irrigation scheme | irrigation scheme | agricultural scheme	vol039_tropicalagricul391912ceyl#1912-09#031
271	king coffee	3	3	80,90	1884	1894	King Coffee	historical period/era | historical period | reign	vol003_tropicalagricult18831884colo#1884-01#074
272	leprosy	3	3	20,30	1928	1938	leprosy	disease treated | disease treated with cashew shell oil	vol071_tropical-agriculturist-1928-10-71#1928-10#002
273	london dairy show	3	3	90,10,20	1893	1925	London Dairy Show | THE LONDON DAIRY SHOW	competition | exhibition	vol013_tropicalagricult1318ceyl#1893-07#153
274	london rubber exhibition	3	3	00,10	1909	1914	London Rubber Exhibition | LONDON RUBBER EXHIBITION	exhibition | in June	vol032_tropicalagricul321909ceyl#1909-04#044
275	maha mosama	3	3	90	1890	1895	Maha Mosama	season for securing crop | big crop | big season for cinnamon preparation	vol010_tropicalagricult1018ceyl#1890-07#008
276	maha season of 1927-28	3	3	20	1928	1928	Maha season of 1927-28 | Maha Season of 1927-28	agricultural season | season | season for which competition was held	vol071_tropical-agriculturist-1928-07-71#1928-07#015
277	marsh lectures	3	3	90	1892	1893	Marsh Lectures | Marsh lectures	series of lectures | course of lectures | public lectures at the School of Agriculture	vol012_tropicalagricult1218ceyl#1892-12#081
278	maynard ganga ram prize	3	3	20,30	1929	1937	Maynard Ganga Ram Prize | Maynard Ganga Ram prize	award for agricultural discovery or invention | agricultural prize | prize for agricultural discovery or invention in the Punjab	vol072_dli-ernet-229221#1929-05#013
279	mckinley bill	3	3	90	1891	1893	McKinley Bill | MCKINLEY BILL	legislation	vol010_tropicalagricult1018ceyl#1891-05#040
280	mckinley tariff bill	3	3	90	1890	1892	McKinley Tariff Bill	legislation with tea duty provisions | legislative debate	vol010_tropicalagricult1018ceyl#1890-11#046
281	melbourne exhibition of 1880	3	3	80,90	1885	1890	Melbourne Exhibition of 1880	exhibition	vol004_tropicalagricult18841885colo#1885-04#070
282	nagpur exhibition	3	3	00,10	1908	1910	Nagpur Exhibition	exhibition | exhibition in India	vol031_tropicalagricul311908ceyl#1908-10#035
283	new orleans world's exposition	3	3	80	1884	1887	New Orleans World's Exposition	exposition | exhibition	vol004_tropicalagricult18841885colo#1884-09#115
284	niger expedition	3	3	80,00	1884	1901	Niger Expedition | Niger expedition	expedition | expedition during which specimen was collected	vol003_tropicalagricult18831884colo#1884-02#043
285	paraguayan war	3	3	90,00,10	1890	1912	Paraguayan war | Paraguayan War	historical event	vol009_tropicalagricult9188ceyl#1890-06#072
286	paris exhibition of 1889	3	3	80,90	1889	1896	Paris Exhibition of 1889 | Paris Exhibition	1889 | wine competition	vol008_tropicalagricult8188ceyl#1889-02#120
287	paris universal exhibition 1889	3	3	80	1888	1889	Paris Universal Exhibition 1889	exhibition	vol008_tropicalagricult8188ceyl#1888-09#103
288	pax britannica	3	3	00,10,30	1909	1936	Pax Britannica	period of peace	vol033_tropicalagricul331909ceyl#1909-11#026
289	penang show	3	3	00,10	1909	1910	Penang Show	exhibition | source of coconut varieties | source of coconut nuts	vol033_tropicalagricul331909ceyl#1909-09#047
290	peninsular war	3	3	80,00	1882	1903	Peninsular War | Peninsular war | Peninsula war	conflict | historical event	vol002_tropicalagricult18821883colo#1882-08#152
291	periyar project	3	3	80,90,00	1888	1900	Periyar project	irrigation project	vol007_tropicalagricult7188ceyl#1888-04#134
292	phylloxera congress	3	3	80	1882	1889	Phylloxera Congress	held at Bordeaux | held at Bordeaux in 1881 | assembled at Bordeaux in 1881	vol001_tropicalagricult1188ceyl#1882-01#024
293	phylloxera congress at bordeaux	3	3	80	1882	1883	Phylloxera Congress at Bordeaux	congress	vol001_tropicalagricult1188ceyl#1882-01#087
294	plague	3	3	90	1897	1899	Plague	disease | ravages mentioned	vol017_tropicalagricult1718ceyl#1897-09#143
295	planters' conference	3	2	90,20	1894	1925	Planters' Conference	assembled in Bangalore during August | held at Kuala Lumpur on June 21st, 1925 | Kuala Lumpur, July 1924	vol014_tropicalagricult1418ceyl#1894-08#042
296	pongal	3	3	90	1890	1897	Pongal	holiday | festival | festival associated with drunkenness	vol009_tropicalagricult9188ceyl#1890-06#070
297	rajacaria	3	1	80	1884	1884	Rajacaria	forced labour system | irrigation system | system of forced labour	vol004_tropicalagricult18841885colo#1884-07#046
298	royal agricultural society's show	3	3	90	1890	1893	Royal Agricultural Society's Show	exhibition | event where the butter-maker was introduced	vol010_tropicalagricult1018ceyl#1890-09#152
299	rubber exhibition of 1908	3	3	00,10	1909	1912	Rubber Exhibition of 1908	exhibition	vol033_tropicalagricul331909ceyl#1909-07#001
300	rubber research ordinance	3	3	20,30	1929	1931	Rubber Research Ordinance	Legislation discussed | ordinance to provide for the establishment of a Rubber Resea | legislation	vol072_dli-ernet-229221#1929-12#008
301	rubber restriction ordinance	3	3	20,30	1927	1937	Rubber Restriction Ordinance	amended to liberate funds for research | legislation | regulation	vol069_tropical-agriculturist-1927-12-69#1927-12#032
302	schimmel's test	3	3	00,20,30	1901	1930	Schimmel's test	purity test | quality test for oils | test for detecting adulteration	vol021_tropicalagricult2119ceyl#1901-09#083
303	second boer war	3	3	00	1900	1900	War | The war in South Africa | South African debate	conflict between Transvaal, Orange Free State and Her Majest | conflict affecting transport | war	vol019_tropicalagricult1918ceyl#1900-06#172
304	soil conservation ordinance	3	3	40	1940	1942	Soil Conservation Ordinance	legislation being framed | draft legislation | legislation under discussion	vol095_iss04_tropical-agriculturist-1940-10-95-4#1940-10#016
305	sugar convention	3	3	90,00	1890	1903	Sugar Convention		vol009_tropicalagricult9188ceyl#1890-04#091
306	tea cess	3	3	00	1903	1908	Tea Cess	policy discussed | tax | customs duty	vol023_tropicalagricult2319ceyl#1903-09#063
307	tea research scheme	3	2	20	1925	1927	Tea Research Scheme	proposed scheme | proposed research initiative | inaugurated scheme	vol064_lbg-630-5-tag-v-64#1925-04#004
308	third agricultural conference at peradeniya	3	2	20	1928	1928	Third Agricultural Conference at Peradeniya | The Third Agricultural Conference at Peradeniya	conference, May 7th-10th, 1928	vol070_dli-ernet-229220#1928-05#004
309	third international rubber and allied trades exhibition	3	3	10	1912	1913	Third International Rubber and Allied Trades Exhibition | The Third International Rubber and Allied Trades Exhibition	exhibition | held in New York, September 23rd to October 3rd, 1912	vol039_tropicalagricul391912ceyl#1912-12#003
310	three kingdoms	3	3	80	1882	1889	Three Kingdoms	historical romance | historical period	vol001_tropicalagricult1188ceyl#1882-06#153
311	thwaites memorial	3	3	80	1884	1886	Thwaites Memorial | Thwaites memorial	memorial expected to be added | building in Peradeniya Gardens | octagonal building in the garden	vol003_tropicalagricult18831884colo#1884-06#001
312	treaty of tientsin	3	3	80,90	1886	1896	Treaty of Tientsin	reference for tax estimation | fixed export duty | 1858	vol006_tropicalagricult18861887colo#1886-07#098
313	tungabhadra project	3	3	80,00,40	1887	1941	Tungabhadra Project | Tungabudra Project	irrigation project | scheme for water supply and irrigation in Bellary	vol007_tropicalagricult7188ceyl#1887-12#062
314	war in south africa	3	3	00	1900	1902	War in South Africa	discussed by Italians	vol020_tropicalagricult2019ceyl#1900-08#074
315	wellaboda pattu (galle) agri-horticultural show	3	3	00	1906	1907	Wellaboda Pattu (Galle) Agri-Horticultural Show | Wellaboda pattu (Galle) Agri-Horticultral Show	agricultural show | held at Ambalangoda on December 20th | subject of a further report	vol027_tropicalagricul271906ceyl#1906-11#040
316	world economic conference of 1927	3	1	30	1934	1934	World Economic Conference of 1927	conference	vol082_dli-ernet-229227#1934-05#011
317	world's exposition at new orleans	3	3	80,90	1884	1891	World's Exposition at New Orleans	exhibition of 1884-85 | exhibition | exposition	vol004_tropicalagricult18841885colo#1884-12#084
318	1851 exhibition	2	2	80	1884	1887	1851 Exhibition	awarded prize medal | exhibition	vol003_tropicalagricult18831884colo#1884-02#043
319	1906 exhibition	2	2	10,20	1912	1921	1906 Exhibition	source of Ficus rubber exhibit | exhibition	vol039_tropicalagricul391912ceyl#1912-07#052
320	act v of 1883	2	2	90	1894	1895	Act V. of 1883 | Act V of 1883	legal provision for filing patents | legal provision	vol014_tropicalagricult1418ceyl#1894-11#017
321	act viii of 1878	2	2	90,00	1895	1903	Act VIII of 1878	legislation	vol015_tropicalagricult1518ceyl#1895-10#014
322	act x of 1904	2	2	00,20	1906	1923	Act X of 1904	legislation facilitating co-operative credit | legislation enabling organized co-operative attempts	vol027_tropicalagricul271906ceyl#1906-11#027
323	act xiii of 1859	2	2	90	1892	1895	Act XIII. of 1859 | Act XIII of 1859	legislation regulating labour | legislation	vol012_tropicalagricult1218ceyl#1892-08#055
324	adulteration acts	2	2	80,90	1882	1893	Adulteration Acts	legislation regarding product purity | legislation subject to agitation for improvement	vol001_tropicalagricult1188ceyl#1882-05#151
325	adulteration of food and drugs act	2	2	90,00	1897	1901	Adulteration of Food and Drugs Act	legislation	vol016_tropicalagricult1618ceyl#1897-04#085
326	afghan boundary commission	2	2	80	1887	1888	Afghan Boundary Commission	commission	vol007_tropicalagricult7188ceyl#1887-10#092
327	agri-horticultural and industrial exhibition	2	2	90,00	1891	1904	Agri-Horticultural and Industrial Exhibition	Village Exhibition | held in Moratuwa	vol010_tropicalagricult1018ceyl#1891-06#050
328	agri-horticultural exhibition	2	2	90,00	1894	1908	Agri-Horticultural Exhibition		vol014_tropicalagricult1418ceyl#1894-08#001
329	agri-horticultural exhibition in colombo	2	2	80,90	1883	1891	Agri-Horticultural Exhibition in Colombo | Agri-Horticultural exhibition in Colombo		vol003_tropicalagricult18831884colo#1883-10#038
330	agri-horticultural show at cumberland pen	2	1	80	1885	1885	Agri-Horticultural Show at Cumberland Pen	exhibition | show where Fibre Machine was demonstrated	vol004_tropicalagricult18841885colo#1885-06#007
331	agri-horticultural show at kandy	2	2	80,20	1885	1923	Agri-Horticultural Show at Kandy	show | exhibition	vol004_tropicalagricult18841885colo#1885-03#103
332	agri-horticultural show in colombo	2	2	90	1893	1897	Agri-Horticultural Show in Colombo	1891 | exhibition	vol013_tropicalagricult1318ceyl#1893-12#011
333	agri-horticultural show, kegalle	2	1	00	1906	1906	Agri-Horticultural Show, Kegalle		vol027_tropicalagricul271906ceyl#1906-07/12#001
334	agricultural and industrial exhibition	2	2	00	1906	1909	Agricultural and Industrial Exhibition	exhibition | event at Nagpur	vol027_tropicalagricul271906ceyl#1906-12#032
335	agricultural and industrial show	2	2	20	1925	1929	Agricultural and Industrial Show	To be held in Trincomalie for the year 1926 | show	vol065_iss01_tropical-agriculturist-1925-07-65-1#1925-07#013
336	agricultural and pastoral conference	2	2	90	1898	1898	Agricultural and Pastoral Conference		vol018_tropicalagricult1818ceyl#1898-09#144
337	agricultural competitions in the southern division	2	2	20	1923	1928	Agricultural Competitions in the Southern Division	competitions in 1923 | competition series 1927-28	vol060_lbg-tropicalagricultvol-lx-1923-0000unse-n0c4#1923-03#021
338	agricultural conference at ahmedabad	2	2	00	1908	1909	Ahmedabad Conference | Agricultural Conference	November, 1907 | held at Ahmedabad in November 1907	vol031_tropicalagricul311908ceyl#1908-08#029
339	agricultural conference, f.m.s.	2	2	10	1917	1917	Agricultural Conference, F.M.S.	conference | where the paper was read	vol049_iss03_tropical-agriculturist-1917-09-49-3#1917-09#002
340	agricultural conference, malaya, 1917	2	2	10	1917	1917	Agricultural Conference, Malaya, 1917	conference	vol049_iss04_tropical-agriculturist-1917-10-49-4#1917-10#008
341	agricultural congress	2	2	80,00	1882	1903	Agricultural Congress	conference | met early in the year	vol001_tropicalagricult1188ceyl#1882-05#022
342	agricultural pests enactment	2	2	10,20	1917	1920	Agricultural Pests Enactment	legislation passed in 1913 | legislation granting powers of entry	vol049_iss04_tropical-agriculturist-1917-10-49-4#1917-10#012
343	agricultural show at talduwa	2	2	10,20	1919	1920	Agricultural Show at Talduwa	proposed event, June 1920 | event	vol053_iss06_tropical-agriculturist-1919-12-53-6#1919-12#018
344	agricultural show at teldeniya	2	2	00,10	1907	1910	Agricultural Show at Teldeniya	August, 1907 | event	vol028_tropicalagricul281907ceyl#1907-03#032
345	agriculturists' loans act	2	2	90,00	1890	1908	Agriculturists' Loans Act	legislation	vol010_tropicalagricult1018ceyl#1890-12#179
346	all-ceylon exhibition 1912	2	2	10	1911	1912	All-Ceylon Exhibition 1912	proposed venue for hat exhibit | exhibition	vol037_tropicalagricul371911ceyl#1911-11#031
347	all-ceylon exhibition of 1912	2	2	10	1911	1913	All-Ceylon Exhibition of 1912	Exhibition	vol037_tropicalagricul371911ceyl#1911-10#029
348	all-india cattle show	2	2	30,40	1939	1941	All-India Cattle Show	cattle show | exhibition	vol092_tropical-agriculturist-1939-04-92#1939-04#001
349	all-island agricultural show	2	2	10,30	1911	1939	THE ALL-ISLAND AGRICULTURAL SHOW | All-Island Agricultural Show	agricultural show, Colombo	vol037_tropicalagricul371911ceyl#1911-10#001
350	allai extension scheme	2	1	10	1919	1919	Allai Extension scheme | Allai extension scheme	irrigation scheme investigated | irrigation scheme	vol053_iss04_tropical-agriculturist-1919-10-53-4#1919-10#005
351	ambalangoda agri-horticultural show	2	2	00	1907	1907	Ambalangoda Agri-Horticultural Show | AMBALANGODA AGRI-HORTICULTURAL SHOW	show held on 20th and 21st December 1906 | exhibition	vol028_tropicalagricul281907ceyl#1907-01#019
352	american war	2	2	80,90	1888	1892	American war | American War	period during which cotton species were tested	vol007_tropicalagricult7188ceyl#1888-01#018
353	american war of independence	2	2	80,90	1884	1895	American War of Independence | war of American Independence		vol004_tropicalagricult18841885colo#1884-11#120
354	annual flower show	2	2	80,90	1886	1895	Annual Flower Show	event in Kingston | event held by the Institution	vol006_tropicalagricult18861887colo#1886-10#113
355	antwerp international exhibition	2	2	90	1895	1895	Antwerp Exhibition | Antwerp International Exhibition	event where Indian tea was sold | exhibition	vol014_tropicalagricult1418ceyl#1895-04#025
356	anuradhapura show	2	2	00,10	1909	1910	Anuradhapura Show	held on May 6 | event where the medal was awarded	vol033_tropicalagricul331909ceyl#1909-07#044
357	apple congress	2	2	80,90	1884	1892	Apple Congress | apple Congress	recent congress | held at Chiswick in 1883	vol003_tropicalagricult18831884colo#1884-05#005
358	arbour day	2	2	90	1892	1895	Arbour Day	holiday for the planting of trees	vol012_tropicalagricult1218ceyl#1892-09#042
359	assam dinner	2	2	90	1896	1896	Assam Dinner | Assam dinner	event in July | gathering of planters	vol015_tropicalagricult1518ceyl#1896-06#019
360	assuan dam	2	2	10,30	1917	1938	Assuan dam | Assuan Dam	Great dam completed recently | dam constructed in 1902	vol049_iss04_tropical-agriculturist-1917-10-49-4#1917-10#019
361	avenue rubber manurial experiments	2	2	20	1927	1928	Avenue Rubber Manurial Experiments	agricultural experiment	vol068_tropical-agriculturist-1927-06-68#1927-06#006
362	avignon industrial exhibition	2	2	80	1884	1884	Avignon Industrial Exhibition	exhibition | exhibition of China grass cloth	vol003_tropicalagricult18831884colo#1884-01#001
363	baltimore centennial and international exhibition	2	2	90	1895	1895	Baltimore Centennial and International Exhibition	held in 1897 | exhibition	vol014_tropicalagricult1418ceyl#1895-05#071
364	baltimore centennial and international exposition	2	2	90	1895	1895	Baltimore Centennial and International Exposition	exhibition in 1897 | in 1897	vol014_tropicalagricult1418ceyl#1895-04#064
365	bellana show	2	2	10	1910	1912	Bellana Show | Bellanā Show	market show	vol035_tropicalagricul351910ceyl#1910-08#024
366	bentota railway extension	2	2	80	1889	1889	Bentota Railway Extension	seaside railway extension | railway project	vol008_tropicalagricult8188ceyl#1889-02#001
367	bhadro	2	2	90,00	1890	1900	Bhadro	month of birth for superstition | month	vol009_tropicalagricult9188ceyl#1890-02#067
368	birmingham exhibition	2	2	80,90	1887	1893	Birmingham Exhibition	prize competition for egg preservation	vol007_tropicalagricult7188ceyl#1887-12#084
369	birmingham show	2	2	90,00	1895	1903	Birmingham Show	exhibition for preserved eggs	vol014_tropicalagricult1418ceyl#1895-04#148
370	black death	2	2	00,20	1908	1920	Black Death	epidemic in the fourteenth century	vol030_tropicalagricul301908ceyl#1908-04#036
371	black hole of calcutta	2	2	90,00	1897	1901	Black Hole of Calcutta | Black Hole at Calcutta	tragedy | historical incident involving English soldiers	vol016_tropicalagricult1618ceyl#1897-02#026
372	bounty mutiny	2	2	80	1884	1889	Bounty	ship with Bread Fruit on board | ship of the mutineers	vol004_tropicalagricult18841885colo#1884-09#072
373	brussels act	2	2	90	1892	1894	Brussels Act	treaty | legal agreement	vol011_tropicalagricult1118ceyl#1892-05#036
374	brussels conference	2	2	90	1892	1899	Brussels Conference	conference | conference on sugar bounties	vol011_tropicalagricult1118ceyl#1892-05#036
375	brussels international exhibition	2	2	80,10	1889	1910	Brussels International Exhibition	exhibition in 1910	vol009_tropicalagricult9188ceyl#1889-07#129
376	bud-rot	2	2	10,30	1910	1932	bud-rot | Bud-Rot	name of the disease | disease feature in coconut plantations	vol034_tropicalagricul341910ceyl#1910-06#050
377	budget	2	2	00,10	1900	1911	Budget	government financial statement	vol020_tropicalagricult2019ceyl#1900-08#020
378	california on wheels	2	2	90	1891	1892	California on wheels	exhibition | travelling exhibition of choice fruits	vol011_tropicalagricult1118ceyl#1891-07#154
379	canadian exhibition	2	2	90	1895	1895	Canadian Exhibition	exhibition	vol014_tropicalagricult1418ceyl#1895-06#066
380	canadian exposition	2	2	90	1895	1896	Canadian Exposition | Canadian exposition		vol014_tropicalagricult1418ceyl#1895-05#081
381	cattle disease	2	2	90,00	1891	1900	Cattle Disease | cattle disease	affected cattle in April and May | disease outbreak	vol010_tropicalagricult1018ceyl#1891-06#169
382	cattle show	2	2	80	1884	1885	Cattle Show	recently held exhibition	vol003_tropicalagricult18831884colo#1884-05#058
383	cattle shows	2	2	00,30	1906	1939	Cattle Shows | Cattle shows	events where prizes are awarded for best cows and bulls | event	vol026_tropicalagricul261906ceyl#1906-05#010
384	centennial	2	2	80,90	1881	1891	Centennial | Centen- nial	exhibition	vol001_tropicalagricult1188ceyl#1881-11#036
385	ceylon rubber research scheme	2	2	10,20	1917	1927	Ceylon Rubber Research Scheme	research scheme | previous experiments	vol049_iss02_tropical-agriculturist-1917-08-49-2#1917-08#002
386	ceylon world's columbian exposition	2	2	90	1894	1894	Ceylon World's Columbian Exposition		vol013_tropicalagricult1318ceyl#1894-02#021
387	chanoyu	2	1	90	1896	1896	Chanoyu	ceremony | Japanese tea ceremony	vol016_tropicalagricult1618ceyl#1896-12#037
388	chena cultivation	2	2	80,40	1882	1944	chena | chena cultivation	cultivation method in Ceylon | system of cultivation	vol001_tropicalagricult1188ceyl#1882-05#198
389	chicago show	2	2	90	1893	1894	Chicago Show	Exhibition for advertising teas	vol012_tropicalagricult1218ceyl#1893-04#087
390	chilaw-puttalam agri-horticultural show	2	2	10	1913	1913	CHILAW-PUTTALAM AGRI-HORTICULTURAL SHOW | Chilaw-Puttalam Agri-Horticultural Show	agricultural show, Chilaw district | head	vol040_lbg-630-5-tag-v-40#1913-01#047
391	chilaw-puttalam show	2	1	10	1913	1913	Chilaw-Puttalam Show	show | exhibition held on December 13 and 14	vol040_lbg-630-5-tag-v-40#1913-02#007
392	chilli cultivation competition, walapane, 1929-30	2	2	30	1930	1930	Chilli Cultivation Competition, Walapane, 1929-30	competition | agricultural competition	vol074_dli-ernet-229223#1930-09#003
393	chino-japanese war	2	2	90	1895	1898	Chino-Japanese war	event affecting tea trade	vol014_tropicalagricult1418ceyl#1895-03#022
394	christmas	2	2	00,10	1909	1912	Christmas	festival marking end of second term | festival	vol032_tropicalagricul321909ceyl#1909-06#037
395	christmas crop	2	2	80,90	1884	1892	Christmas Crop | Christmas crop	harvest period | harvesting season	vol004_tropicalagricult18841885colo#1884-09#071
396	civil war in peru	2	2	80	1885	1885	civil war in Peru	cause of scarcity	vol005_tropicalagricult18851886colo#1885-11#064
397	clark v. adie	2	2	90	1892	1892	Clark v. Adie | Clark *vs.* Adie	legal case	vol011_tropicalagricult1118ceyl#1892-03#077
398	co-operative conference	2	2	10	1914	1919	Co-operative Conference	held at Simla | held in 1914	vol042_lbg-630-5-tag-v-42#1914-02#026
399	co-operative credit conference	2	2	10,20	1912	1920	Co-operative Credit Conference	conference | held in July last	vol038_tropicalagricul381912ceyl#1912-02#027
400	cocoa thefts commission	2	2	00	1903	1904	COCOA THEFTS COMMISSION | Cocoa Thefts Commission	commission | Commission	vol022_tropicalagricult2219ceyl#1903-05#078
401	coconut leaf disease	2	2	80,90	1889	1890	coconut leaf disease | Coconut Leaf Disease	subject of criticism | disease condition	vol008_tropicalagricult8188ceyl#1889-04#112
402	coffee stealing prevention act	2	2	80,90	1882	1895	Coffee Stealing Prevention Act	legislation | legislation opposed by Supreme Government	vol001_tropicalagricult1188ceyl#1882-01#043
403	coffee-leaf disease	2	2	80,90	1886	1894	coffee-leaf disease | Coffee-Leaf Disease	crisis | disease	vol006_tropicalagricult18861887colo#1886-10#091
404	coimbatore agricultural conference	2	2	10,20	1914	1921	Coimbatore Agricultural Conference	December, 1920	vol042_lbg-630-5-tag-v-42#1914-03#054
405	coimbatore conference	2	2	10	1914	1914	Coimbatore Conference	Conference on agriculture | Annual Conference in December last	vol042_lbg-630-5-tag-v-42#1914-04#027
406	colind exhibition	2	2	80	1886	1886	Colind Exhibition | Colind	exhibition	vol006_tropicalagricult18861887colo#1886-10#041
407	colombo fruit and flower show, 1898	2	2	90	1898	1898	THE COLOMBO FRUIT AND FLOWER SHOW, 1898 | Colombo Fruit and Flower Show, 1898	agricultural show held on 9th and 10th of June | event	vol018_tropicalagricult1818ceyl#1898-07#133
408	colombo tea sales	2	2	80,90	1887	1895	TEA SALES | Colombo Tea Sales		vol007_tropicalagricult7188ceyl#1887-08#055
409	colonial agricultural conference	2	2	20	1929	1929	Colonial Agricultural Conference	Proposed for 1932 | proposed for 1932	vol072_dli-ernet-229221#1929-12#007
410	colonial and indian exhibition 1886	2	2	80	1887	1887	COLONIAL AND INDIAN EXHIBITION 1886 | Colonial and Indian Exhibition 1886	exhibition | Exhibition	vol007_tropicalagricult7188ceyl#1887-08#031
411	colonial and indian exhibition, london, 1886	2	2	80,90	1887	1890	Colonial and Indian Exhibition | Colindies Exhibition in London, 1886	exhibition, London | exhibition	vol007_tropicalagricult7188ceyl#1887-07#044
412	colonial conference	2	2	00,20	1902	1927	colonial conference | Colonial Conference	to take place in Coronation week | conference	vol022_tropicalagricult2219ceyl#1902-09#099
413	colonial exhibition of 1886	2	2	90	1890	1891	Colonial Exhibition of 1886 | Colonial Exhibition	exhibition | in 1886	vol009_tropicalagricult9188ceyl#1890-03#055
414	colonial exposition	2	2	90	1896	1896	Colonial Exposition | Colonial exposition		vol015_tropicalagricult1518ceyl#1896-05#057
415	commerce act	2	2	00,10	1908	1911	Commerce Act	regulation | Legislation	vol030_tropicalagricul301908ceyl#1908-04#033
416	conference of agricultural organisers at oxford	2	2	20	1925	1925	CONFERENCE OF AGRICULTURAL ORGANISERS AT OXFORD | Conference of Agricultural Organisers at Oxford	conference | April, 1925	vol065_iss01_tropical-agriculturist-1925-07-65-1#1925-07#009
417	conference of directors of rubber research organizations in the east	2	2	40	1940	1941	Conference of Directors of Rubber Research Organizations in the East | Conference of Directors of Rubber Research organizations in the East	conference | conference in Java	vol095_iss04_tropical-agriculturist-1940-10-95-4#1940-10#015
418	congress of applied chemistry	2	2	00,10	1909	1910	Congress of Applied Chemistry	conference | conference, 20th May, 1909	vol033_tropicalagricul331909ceyl#1909-07#096
419	coolgardie exhibition, 1899	2	2	00	1900	1900	Coolgardie Exhibition, 1899	exhibition for Ceylon Tea | exhibition	vol019_tropicalagricult1918ceyl#1900-06#174
420	coronation	2	2	00,10	1902	1912	Coronation	year/event	vol022_tropicalagricult2219ceyl#1902-07#109
421	coronation of king edward vii	2	2	00,20	1902	1922	Coronation of King Edward VII | KING EDWARD'S Coronation	postponed due to illness | commemorated by planting of Treculia africana	vol022_tropicalagricult2219ceyl#1902-08#173
422	cotton states and international exposition	2	2	90	1895	1895	Cotton States and International | Cotton States and International Exposition	exhibition at Atlanta | fair in Atlanta	vol014_tropicalagricult1418ceyl#1895-05#067
423	curry-stuffs cultivation competition	2	2	20	1927	1927	Curry-Stuffs Cultivation Competition	competition in Kandy District	vol069_tropical-agriculturist-1927-10-69#1927-10#018
424	customs act of 1900	2	2	00	1901	1901	Customs Act of 1900	legislation	vol021_tropicalagricult2119ceyl#1901-10#106
425	darwin centenary	2	2	00,10	1909	1910	Darwin Centenary	at Cambridge | event at Cambridge	vol032_tropicalagricul321909ceyl#1909-03#077
426	dedigama agricultural show	2	2	10	1918	1918	DEDIGAMA AGRICULTURAL SHOW		vol050_dli-ernet-21168#1918-05#023
427	dedigama market show	2	2	10	1911	1911	Dedigama Market Show	market show, 19th August, 1911	vol037_tropicalagricul371911ceyl#1911-07/12#001
428	dedigama show	2	2	10	1918	1918	Dedigama show | Dedigama Show	18th and 19th May | village show in Kegalle District	vol050_dli-ernet-21168#1918-06#009
429	dimbula planters' association meeting	2	2	80,00	1884	1904	Dimbula Planters' Association Meeting | Dimbula P. A. meeting	meeting	vol004_tropicalagricult18841885colo#1884-08#092
430	dock strike	2	2	90	1890	1899	Dock Strike	industrial dispute | strike of ten years ago	vol009_tropicalagricult9188ceyl#1890-05#063
431	drugs and food act	2	2	10	1912	1918	Drugs and Food Act	legislation passed by Imperial Parliament | act passed by Imperial Parliament	vol038_tropicalagricul381912ceyl#1912-03#011
432	durbar	2	2	10	1912	1919	Durbar	annual assembly | meeting held at King's Pavilion	vol038_tropicalagricul381912ceyl#1912-05#012
433	easter	2	2	80,10	1885	1912	Easter	holidays | festival	vol004_tropicalagricult18841885colo#1885-06#033
434	edinburgh exhibition	2	2	80	1884	1887	Edinburgh Exhibition	exhibition	vol004_tropicalagricult18841885colo#1884-09#079
435	edinburgh forestry exhibition	2	2	80	1884	1887	Edinburgh Forestry Exhibition | Edinburgh Forestry exhibition	exhibition	vol003_tropicalagricult18831884colo#1884-03#082
436	eighth indian science congress	2	2	20	1922	1923	Eighth Indian Science Congress	Calcutta, 1921 | conference	vol058_dli-ernet-229219#1922-04#020
437	electricity exhibition	2	2	80	1882	1882	Electricity Exhibition	exhibition	vol001_tropicalagricult1188ceyl#1882-01#003
438	elwood may scheme	2	2	80	1889	1889	Elwood May scheme | Elwood May Scheme	previous scheme advocated by Associations | scheme	vol008_tropicalagricult8188ceyl#1889-05#053
439	empire day	2	2	00	1907	1909	Empire Day	date | celebrations	vol028_tropicalagricul281907ceyl#1907-04#023
440	empire of india and ceylon exhibition 1896	2	2	90	1896	1896	Empire of India and Ceylon Exhibition | THE EMPIRE OF INDIA AND CEYLON EXHIBITION 1896	exhibition, London | exhibition	vol015_tropicalagricult1518ceyl#1896-05#067
441	esala perahera	2	2	20	1923	1929	Esala Perahera	Festival week | annual festival	vol061_tropicalagricult0061unse#1923-11#010
442	exhibition at paris	2	2	00,40	1901	1941	Exhibition at Paris	received exhibits from Ceylon | 1900 exhibition	vol020_tropicalagricult2019ceyl#1901-03#153
443	exhibition in chicago	2	2	90	1893	1893	Exhibition in Chicago	advertisement event | opportunity for tea trade	vol012_tropicalagricult1218ceyl#1893-04#103
444	exhibition of 1862	2	2	80	1885	1886	Exhibition | Exhibition of 1862	second Exhibition | exhibition	vol004_tropicalagricult18841885colo#1885-06#034
445	exhibition of 1880-81	2	2	80	1882	1887	Exhibition of 1880-81		vol002_tropicalagricult18821883colo#1882-08#097
446	exhibition of brazilian coffee	2	2	80	1882	1882	exhibition of Brazilian coffee | Exhibition of Brazilian Coffee	upcoming event | event at the Crystal Palace	vol001_tropicalagricult1188ceyl#1882-02#138
447	first all-ceylon bee exhibition	2	2	40	1940	1940	First All-Ceylon. Bee Exhibition | First All-Ceylon Exhibition of Bees, Honey, and Honey Products	held at Peradeniya on June 1, 1940 | exhibition held 17th May to 1st June, 1940	vol094_iss06_tropical-agriculturist-1940-06-94-6#1940-06#008
448	fiscal's sale	2	2	80	1882	1889	Fiscal's sale	auction	vol002_tropicalagricult18821883colo#1882-07#072
449	food adulteration act	2	2	80,30	1889	1935	Food Adulteration Act	legislation	vol008_tropicalagricult8188ceyl#1889-02#078
450	food shows	2	2	90,00	1895	1909	Food Shows	means of advertising | events not held during the season	vol015_tropicalagricult1518ceyl#1895-09#099
451	foods and drugs act	2	2	90,30	1895	1939	Foods and Drugs Act	legal basis for the Order | legislation	vol014_tropicalagricult1418ceyl#1895-05#002
452	forestry exhibition	2	2	80	1884	1885	FORESTRY EXHIBITION | Forestry Exhibition	exhibition	vol004_tropicalagricult18841885colo#1884-12#085
453	forestry exhibition at edinburgh	2	2	80	1884	1885	Forestry Exhibition at Edinburgh | THE FORESTRY EXHIBITION AT EDINBURGH	forthcoming exhibition | exhibition	vol003_tropicalagricult18831884colo#1884-05#077
454	fourth agricultural conference at peradeniya	2	2	30	1930	1930	FOURTH AGRICULTURAL CONFERENCE AT PERADENIYA | Fourth Agricultural Conference	conference | conference, October 20-22, 1930	vol074_dli-ernet-229223#1930-12#004
455	french revolution	2	2	90,20	1896	1924	French Revolution	historical event	vol016_tropicalagricult1618ceyl#1896-10#053
456	french war	2	2	80	1885	1886	French war	factor affecting tea capacity	vol005_tropicalagricult18851886colo#1885-07#057
457	friendly societies act, 1896	2	2	10	1912	1913	Friendly Societies Act, 1896	legislation | legislation under which credit banks are registered	vol038_tropicalagricul381912ceyl#1912-05#025
458	friendly societies' act, 1896	2	1	00	1909	1909	Friendly Societies' Act, 1896	act under which agricultural credit banks may be registered | legislation	vol033_tropicalagricul331909ceyl#1909-08#043
459	fruit and flower show of 1898	2	2	00	1900	1900	Fruit and Flower Show of 1898 | Fruit and Flower Show held in 1898	event in Colombo	vol019_tropicalagricult1918ceyl#1900-06#144
460	galle show	2	2	00,20	1909	1921	Galle Show	held on 16th June | agricultural show	vol033_tropicalagricul331909ceyl#1909-09#033
461	gampola show	2	2	00	1906	1906	Gampola Show	agricultural show	vol026_tropicalagricul261906ceyl#1906-03#060
462	garden competitions	2	2	20	1926	1927	Garden Competitions	1926 agricultural competition | competition	vol067_iss05_tropical-agriculturist-1926-11-67-5#1926-11#018
463	gardner memorial	2	2	80	1884	1884	Gardner Memorial	memorial structure | memorial completed in the gardens	vol003_tropicalagricult18831884colo#1884-05#111
464	german exhibition	2	2	90	1891	1891	German Exhibition | German exhibition	exhibition displaying ivory	vol011_tropicalagricult1118ceyl#1891-10#036
465	giant's tank scheme	2	2	10,40	1912	1940	Giant's Tank scheme | Giant's Tank Scheme	irrigation scheme	vol039_tropicalagricul391912ceyl#1912-09#032
466	gilgit expedition	2	2	80	1887	1888	Gilgit Expedition	expedition	vol007_tropicalagricult7188ceyl#1887-10#092
467	glasgow international exhibition 1888	2	2	80	1889	1889	Glasgow International Exhibition 1888	exhibition	vol008_tropicalagricult8188ceyl#1889-01#043
468	gloucester show	2	2	10	1913	1914	Gloucester Show	poultry show | poultry exhibition	vol041_lbg-vol-xli-tropicalagricult0000dewi-t3r5#1913-11#043
469	grain tax	2	2	90,10	1890	1912	Grain Tax	political issue | tax abolished in 1893	vol009_tropicalagricult9188ceyl#1890-02#107
470	great fire of london	2	2	80	1883	1884	Great Fire of London	historical event	vol002_tropicalagricult18821883colo#1883-01#141
471	great international exhibition of 1851	2	2	80,90	1887	1896	Great International Exhibition of 1851	exhibition	vol006_tropicalagricult18861887colo#1887-04#065
472	greater britain exhibition	2	2	90	1899	1899	Greater Britain Exhibition	exhibition | Earl's Court	vol018_tropicalagricult1818ceyl#1899-05#169
473	grocers' exhibition	2	2	90	1896	1898	Grocers' Exhibition	event associated with the lecture	vol016_tropicalagricult1618ceyl#1896-12#031
474	hanbury medal	2	2	80,90	1884	1891	Hanbury Medal | Hanbury medal	award for original research in the chemical and natural hist | award to be given to Hesse	vol003_tropicalagricult18831884colo#1884-01#062
475	hatch act	2	2	00	1906	1906	Hatch Act	Act of 1887	vol026_tropicalagricul261906ceyl#1906-05#007
476	hatch bill	2	2	00	1908	1909	Hatch Bill	Law passed in 1887 | legislation providing for national aid to experiment station	vol031_tropicalagricul311908ceyl#1908-07#033
477	ilbert bill	2	2	80,90	1883	1897	Ilbert Bill | Ilbert bill	legislation | legislative proposal	vol003_tropicalagricult18831884colo#1883-10#057
478	imperial agricultural research conference of 1927	2	2	20,30	1929	1937	Imperial Agricultural Research Conference of 1927	plan approved by | conference	vol073_tropical-agriculturist-1929-09-73#1929-09#001
479	imperial conference	2	2	00,10	1909	1918	Imperial Conference	forum for considering the proposal | Body convinced of the need for an Imperial Bureau of Mycolog	vol033_tropicalagricul331909ceyl#1909-08#040
480	imperial conference of 1926	2	2	20,30	1927	1933	Imperial Conference of 1926	conference	vol069_tropical-agriculturist-1927-09-69#1927-09#001
481	imperial entomological conference	2	2	20	1920	1920	Imperial Entomological Conference	held in London in June last | held in London from June 1st—11th, 1920	vol055_lbg-630-5-tag-v-55#1920-11#001
482	imperial horticultural conference	2	2	30,40	1935	1942	Imperial Horticultural Conference	conference | held in London, August 1930	vol085_tropical-agriculturist-1935-12-85#1935-12#006
483	indian agricultural conference	2	2	90	1890	1891	Indian Agricultural Conference	conference	vol010_tropicalagricult1018ceyl#1890-09#154
484	indian and ceylon exhibition	2	2	90	1896	1896	Indian and Ceylon Exhibition | THE INDIAN AND CEYLON EXHIBITION	exhibition | at Earl's Court	vol015_tropicalagricult1518ceyl#1896-04#134
485	indian and colonial exhibitions	2	2	80,90	1887	1891	Indian and Colonial Exhibitions	exhibitions | exhibitions with picture galleries	vol007_tropicalagricult7188ceyl#1887-11#086
486	indian immigration ordinance	2	2	80,90	1883	1892	Indian Immigration Ordinance	legislation | ordinance	vol003_tropicalagricult18831884colo#1883-10#066
487	indian industrial conference	2	2	00	1908	1909	Indian Industrial Conference	at Surat | fourth conference	vol031_tropicalagricul311908ceyl#1908-08#029
488	indian industrial exhibition	2	2	00	1902	1908	Indian Industrial Exhibition	Exhibition | exhibition in Calcutta	vol021_tropicalagricult2119ceyl#1902-03#047
489	indian medical congress	2	2	90,00	1895	1902	Indian Medical Congress	held in Calcutta | conference	vol014_tropicalagricult1418ceyl#1895-05#060
490	indian palace	2	2	80,90	1886	1898	Indian Palace	exhibition section | pavilion at the Exhibition of 1839	vol006_tropicalagricult18861887colo#1886-10#041
491	industrial conference at poona	2	2	90	1893	1893	industrial conference | Industrial Conference at Poona	held at Poona | conference	vol013_tropicalagricult1318ceyl#1893-10#083
492	industrial exhibition	2	2	80,90	1885	1897	Industrial Exhibition	January 1884, awarded gold medal for tea | permanent exhibition in Lima	vol004_tropicalagricult18841885colo#1885-06#026
493	intercolonial exhibition	2	2	80	1882	1884	Intercolonial Exhibition	source of essay on mining and mineral statistics | exhibition	vol001_tropicalagricult1188ceyl#1882-04#157
494	international congress on technical education	2	2	00	1900	1900	International Congress on Technical Education	held in London in 1897 | event where a paper was read	vol019_tropicalagricult1918ceyl#1900-05#006
495	international entomological conference	2	2	30	1938	1938	International Entomological Conference	Conference | Conference in Berlin	vol090_iss02_tropical-agriculturist-1938-02-90-2#1938-02#015
496	international exhibition at amsterdam	2	2	80	1883	1884	International Exhibition | International Exhibition at Amsterdam	exhibition	vol003_tropicalagricult18831884colo#1883-09#102
497	international exhibition of 1851	2	2	80	1885	1886	International Exhibition of 1851 | International Exhibition in 1851	exhibition	vol004_tropicalagricult18841885colo#1885-01#106
498	international exhibition of 1862	2	2	80	1886	1889	International Exhibition of 1862 | International Exhibition of that year	exhibition	vol006_tropicalagricult18861887colo#1886-10#028
499	international exposition, st. petersburg	2	2	80	1886	1886	international exposition held in St. Petersburg	event where Brazilian coffee was exhibited	vol005_tropicalagricult18851886colo#1886-03#026
500	international forestry exhibition, edinburgh	2	2	80	1884	1886	International Forestry Exhibition, Edinburgh | International Forestry exhibition, Edinburgh	exhibition of Indian forest produce | exhibition	vol004_tropicalagricult18841885colo#1884-10#023
501	international geographical congress	2	2	90,00	1899	1900	International Geographical Congress	held at Berlin | held in Berlin on September 28th	vol019_tropicalagricult1918ceyl#1899-11#107
502	international rice congress at valencia	2	2	10,30	1915	1934	International Rice Congress at Valencia	congress	vol044_lbg-tropicalagricultvol-xliv0000unse-e6v7#1915-01#012
503	international rubber congress	2	2	10,20	1912	1920	International Rubber Congress	to be held at Batavia April 1914 | held in connection with the Rubber Exhibition	vol038_tropicalagricul381912ceyl#1912-05#034
504	international rubber exhibition, paris	2	2	20	1927	1927	International Rubber Exhibition, Paris	event where paper was read	vol069_tropical-agriculturist-1927-11-69#1927-11#006
505	international show	2	2	90,10	1897	1912	International Show	agricultural show | horticultural exhibition	vol017_tropicalagricult1718ceyl#1897-08#135
506	iranamadu scheme	2	2	20,40	1922	1945	Iranamadu Scheme	irrigation scheme | Irrigation scheme	vol059_tropicalagricult0059unse#1922-12#009
507	irrigation ordinance	2	2	10	1912	1919	Irrigation Ordinance	legislation passed in 1856 | legislation	vol038_tropicalagricul381912ceyl#1912-06#014
508	isthmian canal	2	2	00	1902	1902	Isthmian Canal	project under consideration | project	vol022_tropicalagricult2219ceyl#1902-07#106
509	java conference	2	1	30	1931	1931	Java Conference		vol076_dli-ernet-229225#1931-01#009
510	java exhibition	2	2	90	1893	1893	The Java Exhibition | THE JAVA EXHIBITION	exhibition of industrial and natural products | exhibition of industrial and natural products of the Dutch E	vol012_tropicalagricult1218ceyl#1893-04#038
511	kalawewa scheme	2	2	10,20	1918	1920	Kalawewa Scheme	irrigation scheme | Irrigation project	vol050_dli-ernet-21168#1918-01#002
512	kalutara agri-horticultural show	2	2	10	1911	1911	KALUTARA AGRI-HORTICULTURAL SHOW | Kalutara Agri-Horticultural Show	show held on 30th May, 1911	vol037_tropicalagricul371911ceyl#1911-07#032
513	kandy agri-horticultural exhibition	2	2	80	1887	1887	Kandy Agri-Horticultural Exhibition	exhibition	vol006_tropicalagricult18861887colo#1887-05#077
514	kandy exhibition	2	2	80	1885	1887	Kandy Exhibition | Kandy exhibition	exhibition	vol005_tropicalagricult18851886colo#1885-08#031
515	kegalla agri-horticultural show	2	2	00	1906	1906	Kegalla Agri-Horticultural Show	proposed for 21st and 22nd September | agricultural show held 21st and 22nd September	vol027_tropicalagricul271906ceyl#1906-10#029
516	kegalle agri-horticultural show	2	2	00	1906	1906	Kegalle Agri-Horticultural Show	show held at Kegalle on the 21st and 22nd instant | show	vol027_tropicalagricul271906ceyl#1906-10#018
517	kelani valley agri-horticultural show	2	2	00	1906	1906	Kelani Valley Agri-Horticultural Show	held 7th and 8th August | show	vol027_tropicalagricul271906ceyl#1906-10#029
518	king's birthday	2	2	20,30	1928	1930	King's Birthday	date of meeting | date of meeting and prize distribution	vol071_tropical-agriculturist-1928-07-71#1928-07#019
519	kotmale agricultural show	2	2	10	1919	1919	Kotmale Agricultural Show	event in December 1919 | Event	vol053_iss02_tropical-agriculturist-1919-08-53-2#1919-08#018
520	kumri	2	2	80	1882	1883	Kumri | kumri	shifting cultivation practice | shifting cultivation	vol002_tropicalagricult18821883colo#1882-10#012
521	kurundankulam experiment	2	2	40	1943	1944	Kurundankulam experiment	agricultural experiment | soil fertility experiment	vol099_iss03_tropical-agriculturist-july-september-1943-99-3#1943-07/09#005
522	kurunegala agri-horticultural show	2	2	00	1906	1906	Kurunegala Agri-Horticultural Show	held 23rd to 25th August | show	vol027_tropicalagricul271906ceyl#1906-10#029
523	land acquisition act	2	2	90,10	1892	1912	Land Acquisition Act	legislation | legal provision for land acquisition	vol012_tropicalagricult1218ceyl#1892-12#098
524	land improvement act	2	2	90,30	1891	1934	Land Improvement Act	legislation | provided loans for embankments and canals	vol010_tropicalagricult1018ceyl#1891-06#057
525	land improvement loans act	2	2	00,20	1908	1924	Land Improvement Loans Act	legislation | legislation for loans	vol030_tropicalagricul301908ceyl#1908-01#023
526	lindsay scheme	2	2	90	1898	1898	Lindsay Scheme | Lindsay scheme	Scheme for establishing a gold standard | currency proposal	vol017_tropicalagricult1718ceyl#1898-03#109
527	livingstone expedition	2	2	80	1881	1887	Livingstone expedition | Livingstone Expedition	expedition	vol001_tropicalagricult1188ceyl#1881-09#100
528	london exhibition of 1886	2	1	80	1885	1885	London Exhibition | London Exhibition of 1886		vol004_tropicalagricult18841885colo#1885-06#048
529	london international exhibition of 1862	2	2	80,90	1889	1894	London International Exhibition of 1862	exhibition	vol009_tropicalagricult9188ceyl#1889-11#038
530	louisiana exposition	2	2	00	1903	1906	Louisiana Exposition	exhibition	vol022_tropicalagricult2219ceyl#1903-02#088
531	madras agricultural exhibition	2	2	80	1883	1884	THE MADRAS AGRICULTURAL EXHIBITION | Madras Agricultural Exhibition	exhibition	vol002_tropicalagricult18821883colo#1883-03#168
532	madras famine of 1877-78	2	2	80	1883	1889	Madras famine of 1877-78	famine | event during which leaves were used	vol002_tropicalagricult18821883colo#1883-06#001
533	madras industrial exhibition	2	2	00	1904	1904	MADRAS INDUSTRIAL EXHIBITION | the Madras Industrial Exhibition	exhibition | exhibition displaying rubber exhibits	vol023_tropicalagricult2319ceyl#1904-02#024
534	maha 1922-23	2	2	20	1923	1927	Maha 1922—23 | Maha, 1922-23	paddy cultivation competitions | experiments	vol061_tropicalagricult0061unse#1923-10#019
535	maha 1927-28	2	2	20	1927	1928	Maha 1927-28	cost determination period | agricultural season	vol069_tropical-agriculturist-1927-07-69#1927-07#002
536	maha 1928-29	2	2	20	1928	1929	Maha 1928-29	trial season | agricultural season	vol071_tropical-agriculturist-1928-07-71#1928-07#002
537	maha 1932	2	1	30	1934	1934	MAHA 1932 | Maha 1932	crop season | agricultural season	vol082_dli-ernet-229227#1934-12#004
538	malacca show	2	2	10	1910	1911	Malacca show | Malacca Show	exhibition, 1898 | exhibition in 1898	vol035_tropicalagricul351910ceyl#1910-07#069
539	manchester jubilee exhibition	2	2	80	1888	1888	Manchester Jubilee Exhibition	Exhibition | exhibition	vol008_tropicalagricult8188ceyl#1888-08#095
540	masters and servants act	2	2	80	1882	1887	Masters and Servants Act	legislation | legislation under which natives are employed	vol002_tropicalagricult18821883colo#1882-11#005
541	matale (south) show	2	2	10,20	1919	1920	MATALE (SOUTH) Show | Matale (South)	agricultural show | Agricultural Show, February 8th	vol052_iss03_tropical-agriculturist-1919-03-52-3#1919-03#017
542	matara agricultural show	2	2	80,10	1889	1919	Matara Agricultural Show	agricultural show | exhibition	vol009_tropicalagricult9188ceyl#1889-10#123
543	matara show	2	2	90,20	1890	1920	Matara show | Matara	exhibition | Agricultural Show, June 27th and 28th	vol009_tropicalagricult9188ceyl#1890-01#089
544	matugama agri-horticultural show	2	2	10	1911	1911	MATUGAMA AGRI-HORTICULTURAL SHOW | Matugama Agri-Horticultural Show	show held at the Rest-house grounds	vol037_tropicalagricul371911ceyl#1911-07#033
545	medical aid ordinance	2	2	90	1895	1897	Medical Aid Ordinance	legislation | legislation affecting labour conditions	vol015_tropicalagricult1518ceyl#1895-11#135
546	meeting of the central board of agriculture	2	2	40	1940	1940	meeting of the Central Board of Agriculture | Meeting of the Central Board of Agriculture	held on March 18, 1940 | held on November 16, 1939	vol094_iss04_tropical-agriculturist-1940-04-94-4#1940-04#011
547	meiji era	2	2	90,00	1891	1909	Meiji	era reference (25th year, 1892) | era referenced in law	vol011_tropicalagricult1118ceyl#1891-12#038
548	mincing lane sales	2	2	90	1892	1893	Mincing Lane sales | Mincing Lane Sales	tea sales in London | auction	vol012_tropicalagricult1218ceyl#1892-12#044
549	minneriya scheme	2	2	30,40	1930	1941	Minneriya Scheme	scheme mentioned as a failure	vol075_tropical-agriculturist-1930-11-75#1930-11#007
550	monetary and economic conference	2	2	30	1934	1934	Monetary and Economic Conference	met in London, 1933	vol082_dli-ernet-229227#1934-05#011
551	munnari	2	2	80,20	1885	1921	Munnari	winter crop season | season of paddy-fly outbreak	vol005_tropicalagricult18851886colo#1885-09#136
552	murda disease	2	1	40	1944	1944	Murda	disease of chilli	vol100_iss01_tropical-agriculturist-january-march-1944-100-1#1944-01/03#009
553	mutiny	2	2	80,90	1886	1893	Mutiny	rebellion | historical event	vol005_tropicalagricult18851886colo#1886-01#122
554	mutiny of the bounty	2	2	10	1912	1912	Bounty	Historical event | mutiny	vol038_tropicalagricul381912ceyl#1912-02#036
555	mysore dassara exhibition	2	2	00	1908	1909	Mysore Dassara Exhibition	exhibition | exhibition held in October	vol031_tropicalagricul311908ceyl#1908-10#035
556	mysore economic conference	2	2	10	1918	1919	MYSORE ECONOMIC CONFERENCE | Mysore Economic Conference	conference, opened June 17th, 1918	vol051_iss01_tropical-agriculturist-1918-07-51-1#1918-07#017
557	nachchaduwa scheme	2	2	10	1912	1918	Nachchaduwa scheme | Nachchaduwa Scheme	irrigation scheme	vol038_tropicalagricul381912ceyl#1912-06#014
558	napoleonic wars	2	2	80,10	1887	1915	Napoleonic wars | Napoleonic Wars		vol007_tropicalagricult7188ceyl#1887-12#026
559	national mark scheme	2	2	30	1937	1939	National Mark Scheme	scheme for securing grading and quality | marketing scheme	vol088_dli-ernet-229229#1937-10#013
560	naval exhibition	2	2	90	1891	1891	Naval Exhibition	exhibition	vol011_tropicalagricult1118ceyl#1891-08#104
561	nijni exhibition	2	2	90	1896	1897	NIJNI EXHIBITION | Nijni Exhibition	exhibition	vol016_tropicalagricult1618ceyl#1896-08#065
562	nijni fair	2	2	90	1890	1892	Nijni fair	fair	vol010_tropicalagricult1018ceyl#1890-11#088
563	nijni novgorod exhibition	2	2	90	1895	1896	Nijni Novgorod Exhibition	Forthcoming exhibition	vol015_tropicalagricult1518ceyl#1895-09#018
564	nijni-novgorod fair	2	2	90,00	1895	1900	Nijni-Novgorod fair | Nijni-Novgorod Fair	exhibition | fair, July 15 to 28	vol014_tropicalagricult1418ceyl#1895-06#006
565	nizhny novgorod fair	2	2	90	1892	1892	Nishny Fair | Nischny Fair	Trade fair | fair	vol011_tropicalagricult1118ceyl#1892-06#040
566	north east monsoon	2	2	80,10	1887	1918	N. E. monsoon | North East Monsoon	weather event affecting harvest | monsoon season	vol007_tropicalagricult7188ceyl#1887-07#122
567	norwich show	2	2	80	1886	1886	Norwich Show	exhibition	vol006_tropicalagricult18861887colo#1886-10#009
568	obeah	2	2	80,90	1888	1891	Obeah	species of witchcraft | superstition	vol007_tropicalagricult7188ceyl#1888-02#106
569	opium or bhang ordinance	2	2	00	1902	1902	Opium or Bhang Ordinance	legal ordinance	vol022_tropicalagricult2219ceyl#1902-11#129
570	ottawa agreements	2	2	30	1934	1934	Ottawa Agreements | Ottawa agreements	trade agreements establishing preferences and quotas | trade agreement	vol082_dli-ernet-229227#1934-05#011
571	ottawa conference	2	2	90,30	1896	1936	Ottawa Conference	conference on trade resolutions	vol016_tropicalagricult1618ceyl#1896-10#006
572	paddy cultivation competition in bingiri palata, chilaw district (maha season, 1929-30)	2	2	30	1930	1930	Paddy Cultivation Competition in Bingiri Palata, Chilaw District (Maha Season, 1929-30)	competition	vol074_dli-ernet-229223#1930-09#003
573	paddy cultivation ordinance	2	2	10	1911	1912	Paddy Cultivation Ordinance	legislation passed in 1856 | legislation	vol037_tropicalagricul371911ceyl#1911-12#010
574	paddy sheaf competition	2	2	20,30	1926	1930	Paddy Sheaf Competition	competition | held in 1929-30	vol066_iss03_tropical-agriculturist-1926-03-66-3#1926-03#014
575	paddy tax	2	2	90	1891	1894	Paddy Tax	tax policy | taxation legislation	vol011_tropicalagricult1118ceyl#1891-08#128
576	pan-pacific food conservation conference	2	2	20	1925	1925	Pan-Pacific Food Conservation Conference	conference at Honolulu	vol064_lbg-630-5-tag-v-64#1925-01#014
577	paris commune	2	2	80,90	1882	1899	Commune in Paris | Paris Commune		vol001_tropicalagricult1188ceyl#1882-05#062
578	paris exhibition 1900	2	2	90	1899	1899	Paris Exhibition 1900	exhibition | target exhibition for exhibits	vol018_tropicalagricult1818ceyl#1899-05#159
579	paris exhibition of 1855	2	2	90	1890	1891	Paris Exhibition, 1855 | Paris Exhibition in 1855	source of specimen	vol009_tropicalagricult9188ceyl#1890-03#054
580	paris exhibition of 1867	2	2	90,00	1894	1908	Paris Exhibition of 1867 | Paris Exhibition (1867)	exhibition referenced | exhibition where leaves were seen	vol014_tropicalagricult1418ceyl#1894-11#146
581	paris exhibition, 1900	2	2	90,00	1899	1900	Paris Exhibition, 1900 | PARIS EXHIBITION, 1900	Exhibition	vol018_tropicalagricult1818ceyl#1899-06#024
582	paris international exhibition of 1878	2	2	80	1886	1886	Paris International Exhibition in 1878	exhibition	vol005_tropicalagricult18851886colo#1886-01#021
583	paris international exhibition, 1900	2	2	00	1900	1900	Paris International Exhibition, 1900	Exhibition | exhibition	vol019_tropicalagricult1918ceyl#1900-06#174
584	paris trials	2	2	90	1890	1896	Paris trials	trials on Ramie production | competition for decorticators	vol009_tropicalagricult9188ceyl#1890-01#115
585	paris universal exhibition	2	2	80,90	1889	1890	Paris Universal Exhibition	exhibition	vol009_tropicalagricult9188ceyl#1889-07#129
586	paris universal exhibition of 1889	2	2	80,90	1889	1895	Paris Exhibition | Paris Universal Exhibition	exhibition	vol008_tropicalagricult8188ceyl#1889-02#117
587	paris universal exhibition of 1900	2	1	00	1900	1900	Paris Exhibition | Paris Universal Exhibition of 1900		vol020_tropicalagricult2019ceyl#1900-10#013
588	payne-aldrich bill	2	2	10	1911	1911	Payne-Aldrich Bill	legislation of 1909 | legislation providing for free admission of hats into the Un	vol037_tropicalagricul371911ceyl#1911-11#012
589	pearl fishery	2	2	90,00	1891	1903	Fishery | Pearl Fishery		vol011_tropicalagricult1118ceyl#1891-07#012
590	peradeniya rubber exhibition of 1906	2	2	00,10	1909	1912	Peradeniya Rubber Exhibition of 1906 | Peradeniya Rubber Exhibition in 1906	exhibition	vol033_tropicalagricul331909ceyl#1909-11#064
591	pests' ordinance	2	2	00,10	1908	1910	Pests' Ordinance	regulation | legal proclamation	vol030_tropicalagricul301908ceyl#1908-01#008
592	pink disease	2	2	10,20	1912	1922	Pink Disease | Pink disease	disease in South Indian planters | disease treated with tar	vol039_tropicalagricul391912ceyl#1912-10#057
593	plant pest ordinance	2	2	30	1931	1936	Plant Pest Ordinance	legislation	vol076_dli-ernet-229225#1931-04#017
594	plant pests ordinance	2	2	10	1912	1913	Plant Pests Ordinance	legislation	vol039_tropicalagricul391912ceyl#1912-09#039
595	plant protection ordinance no. 10 of 1924	2	2	30,40	1932	1944	Plant Protection Ordinance No. 10 of 1924	ordinance | legislation	vol079_iss02_tropical-agriculturist-1932-08-79-2#1932-08#007
596	plantain cultivation competition	2	2	20	1927	1927	Plantain Cultivation Competition	held during 1926-27	vol069_tropical-agriculturist-1927-12-69#1927-12#019
597	planters' conference at bangalore	2	2	90	1894	1899	Planters' Conference at Bangalore	conference | conference held last August	vol013_tropicalagricult1318ceyl#1894-02#032
598	planters' meeting	2	2	90	1893	1895	Planters' Meeting | Planters' meeting	of the 11th | meeting where Mr. Davidson spoke	vol013_tropicalagricult1318ceyl#1893-09#059
599	poultry show	2	2	90,00	1898	1902	Poultry Show	event in Nuwara Eliya | held on the 13th August	vol017_tropicalagricult1718ceyl#1898-06#058
600	proctor v. bennis	2	2	90	1892	1892	Proctor v. Bennis | Proctor *vs.* Bennis	legal case cited | legal case	vol011_tropicalagricult1118ceyl#1892-01#070
601	producers' conference	2	2	00	1900	1901	Producers' Conference	event at which eggs will be tested | conference	vol020_tropicalagricult2019ceyl#1900-10#111
602	quarterly sales	2	2	00	1902	1904	Quarterly Sales	Cinnamon sales in London | auctions held in London	vol022_tropicalagricult2219ceyl#1902-11#033
603	queen's jubilee	2	2	80,90	1887	1897	Queen's Jubilee year | THE QUEEN'S JUBILEE	event	vol006_tropicalagricult18861887colo#1887-06#048
604	rabi season	2	2	80	1882	1888	Rabi | RABI SEASON	agricultural season | agricultural season covered by the report	vol001_tropicalagricult1188ceyl#1882-05#064
605	rajawella waterworks	2	2	90	1897	1897	Rajawella Waterworks	Coffee irrigation scheme | engineering undertaking	vol016_tropicalagricult1618ceyl#1897-05#002
606	ramazan	2	2	00	1900	1902	Ramazan	month | Mahommedan fast month	vol020_tropicalagricult2019ceyl#1900-11#127
607	rebellion	2	2	90	1893	1894	Rebellion	disturbance in the interior | local rebellion	vol013_tropicalagricult1318ceyl#1893-12#001
608	regatta	2	2	90	1890	1899	Regatta	on the Kalane Ganga	vol009_tropicalagricult9188ceyl#1890-06#003
609	regina v. ellin	2	2	80	1889	1889	Regina v. Ellin	legal case	vol008_tropicalagricult8188ceyl#1889-01#129
610	restriction scheme	2	2	20,30	1928	1934	Restriction Scheme	rubber price control scheme | scheme for tea crop statistics	vol070_dli-ernet-229220#1928-05#004
611	roman-dutch law	2	2	80,40	1885	1944	Roman-Dutch law | Roman-Dutch Law	legal system | legal system previously accepted	vol004_tropicalagricult18841885colo#1885-02#102
612	royal show	2	2	80	1886	1889	Royal Show	exhibition	vol006_tropicalagricult18861887colo#1886-11#060
613	ruanwella show	2	2	10	1918	1918	Ruanwella Show	agricultural show | 5th and 6th March	vol050_dli-ernet-21168#1918-04#005
614	rubber and allied products exhibition	2	2	10	1914	1914	Rubber and Allied Products Exhibition	Exhibition in London	vol043_lbg-tropicalagricultvol-xliii0000unse-c5y3#1914-08#055
615	rubber exhibition at para	2	2	00	1909	1909	Rubber Exhibition | Rubber Exhibition at Para	exhibition in Para	vol032_tropicalagricul321909ceyl#1909-06#042
616	rubber exhibition in ceylon	2	2	00	1908	1908	Rubber Exhibition in Ceylon		vol030_tropicalagricul301908ceyl#1908-05#029
617	rubber exhibition in london	2	2	10,20	1911	1921	Rubber Exhibition in London | Rubber exhibition in London	exhibition	vol037_tropicalagricul371911ceyl#1911-11#049
618	rubber exhibition of 1906	2	2	00,10	1909	1912	Rubber Exhibition of 1906	exhibition	vol033_tropicalagricul331909ceyl#1909-08#029
619	rushikulya works	2	2	80,90	1889	1896	Rushikulya works	public works project | irrigation project	vol008_tropicalagricult8188ceyl#1889-06#078
620	sale of food and drugs act of 1875	2	2	90,10	1898	1912	Sale of Food and Drugs Act of 1875	legislation	vol018_tropicalagricult1818ceyl#1898-08#072
621	san fernando exhibition	2	2	90	1890	1892	San Fernando Exhibition	exhibition | exhibition where sample won prize	vol010_tropicalagricult1018ceyl#1890-12#122
622	schneider challenge cup	2	2	20	1924	1928	SCHNEIDER CHALLENGE CUP | Schneider Challenge Cup	competition for school gardens | competition among school gardens	vol063_lbg-630-5-tag-v-63#1924-10#025
623	second imperial mycological conference 1929	2	2	30	1930	1930	The Second Imperial Mycological Conference 1929 | Second Imperial Mycological Conference 1929	conference | conference held in London	vol074_dli-ernet-229223#1930-04#002
624	simla conference	2	1	10	1919	1919	Simla Conference	conference | conference on education	vol052_iss03_tropical-agriculturist-1919-03-52-3#1919-03#016
625	small holdings act	2	2	00,10	1908	1910	Small Holdings Act	legislation opening up new vistas for minor industries | legislation	vol030_tropicalagricul301908ceyl#1908-06#027
626	smithfield cattle show	2	2	80,00	1889	1900	Smithfield cattle show	cattle exhibition	vol008_tropicalagricult8188ceyl#1889-02#035
627	soul festival	2	2	90	1893	1894	Soul Festival	Chinese festival | Chinese festival occurring once every four years	vol013_tropicalagricult1318ceyl#1893-12#034
628	south african products exhibition	2	1	00	1908	1908	South African Products Exhibition	exhibition in London | source of specimens	vol031_tropicalagricul311908ceyl#1908-10#009
629	south kensington exhibition	2	2	80	1887	1887	South Kensington | South Kensington Exhibition	exhibition	vol007_tropicalagricult7188ceyl#1887-09#031
630	south west monsoon	2	2	90,20	1895	1921	South west monsoon | South West Monsoon	weather event	vol014_tropicalagricult1418ceyl#1895-01#082
631	spanish war	2	2	90,00	1899	1902	Spanish war | Spanish	war	vol019_tropicalagricult1918ceyl#1899-10#011
632	st louis exhibition	2	2	00	1903	1904	St Louis Exhibition	Exhibition | exhibition	vol022_tropicalagricult2219ceyl#1903-03#051
633	st. louis exhibition of 1904	2	2	00,10	1908	1912	St. Louis in 1904 | St. Louis Exhibition in 1904	exhibition	vol030_tropicalagricul301908ceyl#1908-03#050
634	st. petersburg exhibition	2	2	00	1901	1902	ST. PETERSBURG EXHIBITION | St. Petersburg Exhibition	exhibition	vol021_tropicalagricult2119ceyl#1901-11#061
635	stanley expedition	2	2	90	1890	1891	Stanley expedition	expedition | expedition in the heart of Africa	vol010_tropicalagricult1018ceyl#1890-07#051
636	sydney exhibition	2	2	80	1882	1886	Sydney Exhibition	event where coffee quality was judged | exhibition	vol001_tropicalagricult1188ceyl#1882-03#068
637	tambera disease	2	1	40	1944	1944	Tambera disease | Tambera	disease of potato	vol100_iss01_tropical-agriculturist-january-march-1944-100-1#1944-01/03#009
638	tea congress	2	2	20	1925	1925	Tea Congress	held in Java | conference	vol065_iss02_tropical-agriculturist-1925-08-65-2#1925-08#001
639	tea research institute conference	2	2	30	1938	1939	Tea Research Institute Conference	Conference	vol091_tropical-agriculturist-1938-10-91#1938-10#010
640	tee vali	2	2	90	1895	1895	Tee Vali	festival	vol015_tropicalagricult1518ceyl#1895-12#096
641	third british empire forestry conference	2	2	30	1930	1939	Third British Empire Forestry Conference	1928	vol074_dli-ernet-229223#1930-06#005
642	third imperial mycological conference	2	2	30	1935	1939	Third Imperial Mycological Conference	held in London, September, 1934 | conference held in London in 1934	vol084_tropical-agriculturist-1935-02-84#1935-02#013
643	thistle act	2	2	90,00	1895	1908	Thistle Act	legislation | legislation for weed suppression	vol015_tropicalagricult1518ceyl#1895-12#166
644	thoroughfares ordinance	2	2	80,90	1886	1891	Thoroughfares Ordinance	legislation | provisions for money and labour	vol006_tropicalagricult18861887colo#1886-09#009
645	tiflis exhibition	2	2	90	1890	1890	Tiflis exhibition | Tiflis Exhibition	exhibition	vol009_tropicalagricult9188ceyl#1890-02#043
646	tobacco experiment	2	2	10	1910	1911	Tobacco Experiment	experiment | financial account section	vol034_tropicalagricul341910ceyl#1910-04#041
647	town planning exhibition	2	1	10	1911	1911	Town Planning Exhibition	exhibition	vol037_tropicalagricul371911ceyl#1911-08#013
648	transvaal war	2	2	90,00	1899	1902	Transvaal war	conflict referenced for national unity	vol019_tropicalagricult1918ceyl#1899-12#107
649	travancore agricultural exhibition of 1892	2	1	90	1892	1892	Travancore Agricultural Exhibition of 1892	exhibition	vol012_tropicalagricult1218ceyl#1892-10#012
650	universal international exhibition, paris 1900	2	2	90	1898	1898	Paris Exhibition | Universal International Exhibition to be held in Paris in the year 1900	exhibition	vol018_tropicalagricult1818ceyl#1898-07#008
651	victorian tea act	2	2	00	1901	1901	Victorian Tea Act	legislation	vol021_tropicalagricult2119ceyl#1901-10#106
652	vienna exhibition	2	2	80,90	1884	1891	Vienna exhibition | Vienna Exhibition	exhibition with catalogue	vol003_tropicalagricult18831884colo#1884-05#075
653	village communities ordinance	2	2	00,40	1900	1940	Village Communities Ordinance	law empowering divisional rules | Legislation	vol019_tropicalagricult1918ceyl#1900-06#106
654	vryheid show	2	2	90	1898	1898	Vryheid Show	1896 | exhibition in 1896	vol017_tropicalagricult1718ceyl#1898-06#026
655	war	2	2	90,10	1898	1917	War	conflict | exception to insurance	vol017_tropicalagricult1718ceyl#1898-06#046
656	war in the east	2	2	90	1895	1895	war in the East	event potentially affecting labor supply | affecting production and export of China tea	vol014_tropicalagricult1418ceyl#1895-02#126
657	welcome stranger	2	2	80	1881	1882	Welcome Stranger	colossal nugget | gold nugget discovery	vol001_tropicalagricult1188ceyl#1881-06#060
658	welimada show	2	2	00	1909	1909	WELIMADA SHOW | Welimada Show	Agricultural Show held at Welimada on the 27th and 28th May | competition for transplanted plots	vol033_tropicalagricul331909ceyl#1909-07#050
659	wembley exhibition	2	2	20	1925	1929	Wembley Exhibition	exhibition where machinery was observed | exhibition where patchouli leaves were given to visitors	vol064_lbg-630-5-tag-v-64#1925-05#008
660	west indian agricultural congress	2	2	00,10	1908	1913	West Indian Agricultural Congress	Recent congress | congress	vol030_tropicalagricul301908ceyl#1908-03#029
661	westralian exhibition	2	2	90	1898	1899	Westralian Exhibition	exhibition to be held in March	vol018_tropicalagricult1818ceyl#1898-08#027
662	whitworth scholarship	2	1	90	1892	1892	Whitworth scholarship | Whitworth Scholarship	academic award | scholarship for practical and theoretical knowledge in mecha	vol011_tropicalagricult1118ceyl#1892-03#077
663	wimbledon meeting	2	2	90	1893	1893	Wimbledon meeting	public exhibition | occasion where new Whitworth rifles were produced	vol012_tropicalagricult1218ceyl#1893-06#139
664	woburn experiments	2	2	80,10	1883	1910	Woburn experiments	agricultural experiments	vol003_tropicalagricult18831884colo#1883-12#052
665	world agricultural census of 1930	2	2	30	1930	1930	world agricultural census of 1930	upcoming survey	vol074_dli-ernet-229223#1930-03#010
666	world war ii	2	2	40	1940	1945	The War | World War No. II	conflict affecting agriculture | historical period	vol094_iss03_tropical-agriculturist-1940-03-94-3#1940-03#011
667	world's forestry congress	2	2	20	1925	1927	World's Forestry Congress	congress to take place in Rome | congress held at Rome in May 1920	vol065_iss02_tropical-agriculturist-1925-08-65-2#1925-08#013
668	world's industrial and cotton centennial exposition	2	2	80	1884	1885	World's Industrial and Cotton Centennial Exposition	exposition | exhibition	vol004_tropicalagricult18841885colo#1884-09#115
669	yala 1932	2	2	30	1933	1933	Yala 1932	season of first main experiment | study period	vol080_dli-ernet-229226#1933-07#008
670	yala 1934	2	2	30	1933	1935	Yala 1934 | YALA 1934	season of third experiment | season	vol080_dli-ernet-229226#1933-07#008
671	yellow fever	2	2	00,10	1909	1913	yellow fever	disease	vol032_tropicalagricul321909ceyl#1909-06#028
672	1862 exhibition	1	1	90	1891	1891	1862 Exhibition	Exhibition	vol011_tropicalagricult1118ceyl#1891-11#087
673	1889 exhibition	1	1	90	1898	1898	1889 Exhibition		vol018_tropicalagricult1818ceyl#1898-10#051
674	1892 exhibition	1	1	90	1890	1890	1892 Exhibition	upcoming world's fair	vol009_tropicalagricult9188ceyl#1890-01#058
675	1895 and 1897 exhibitions held in durban	1	1	90	1899	1899	1895 and 1897 Exhibitions held in Durban	exhibitions	vol019_tropicalagricult1918ceyl#1899-08#004
676	1896 famine	1	1	00	1909	1909	1896 famine	historical event affecting wages	vol033_tropicalagricul331909ceyl#1909-08#021
677	18th congress of co-operative societies	1	1	20	1924	1924	18th Congress of Co-operative Societies	held in April, 1922	vol063_lbg-630-5-tag-v-63#1924-10#022
678	1900 exhibition	1	1	00	1901	1901	1900 Exhibition		vol021_tropicalagricult2119ceyl#1901-09#051
679	1906 ceylon exhibition	1	1	10	1913	1913	1906 Ceylon Exhibition		vol040_lbg-630-5-tag-v-40#1913-01#008
680	1908 floral parade	1	1	10	1910	1910	1908 Floral Parade	annual event in Honolulu	vol034_tropicalagricul341910ceyl#1910-05#036
681	1908 rubber exhibition	1	1	00	1909	1909	1908 Rubber Exhibition	exhibition in London	vol032_tropicalagricul321909ceyl#1909-04#044
682	1914–18 war	1	1	40	1940	1940	1914–18 war	period during which method was used	vol094_iss05_tropical-agriculturist-1940-05-94-5#1940-05#013
683	1930 agricultural appropriation bill	1	1	30	1933	1933	1930 Agricultural Appropriation Bill	legislation funding soil erosion study	vol080_dli-ernet-229226#1933-03#008
684	1932 imperial conference	1	1	30	1930	1930	1932 Imperial Conference	conference on livestock industry	vol075_tropical-agriculturist-1930-10-75#1930-10#014
685	1933 international tea exports regulation scheme	1	1	40	1944	1944	1933 International Tea Exports Regulation Scheme	regulation scheme	vol100_iss03_tropical-agriculturist-july-september-1944-100-3#1944-07/09#019
686	1935 annual conference of the exchange	1	1	30	1939	1939	1935 annual conference of the exchange	conference	vol092_tropical-agriculturist-1939-06-92#1939-06#009
687	1st imperial press conference	1	1	10	1913	1913	1st Imperial Press Conference	1909	vol040_lbg-630-5-tag-v-40#1913-01#057
688	28th indian science congress	1	1	40	1943	1943	28th Indian Science Congress	conference	vol099_iss03_tropical-agriculturist-july-september-1943-99-3#1943-07/09#014
689	2nd planters' conference	1	1	20	1925	1925	2nd Planters' Conference	held at Kuala Lumpur	vol065_iss05_tropical-agriculturist-1925-11-65-5#1925-11#002
690	300th anniversary of the first recognised use of cinchona	1	1	30	1931	1931	300th Anniversary of the first recognised use of Cinchona		vol077_tdl-34003-the-tropical-agriculturist-the-agricultural-journa#1931-11#002
691	34th annual meeting of the british pharmaceutical conference	1	1	90	1897	1897	34th annual meeting of the British Pharmaceutical Conference	held at Glasgow	vol017_tropicalagricult1718ceyl#1897-10#069
692	3rd entomological conference	1	1	20	1924	1924	3rd Entomological Conference	held at Pusa in February 1919	vol062_lbg-630-5-tag-v-62#1924-01#020
693	4th coffee exposition	1	1	80	1885	1885	4th Coffee Exposition		vol004_tropicalagricult18841885colo#1885-03#087
694	4th international congress of rice culture	1	1	10	1911	1911	4th International Congress of Rice Culture		vol037_tropicalagricul371911ceyl#1911-07/12#001
695	4th international congress of rice-culture	1	1	10	1911	1911	4TH INTERNATIONAL CONGRESS OF RICE-CULTURE		vol037_tropicalagricul371911ceyl#1911-10#009
696	4th international rubber and allied trades congress	1	1	10	1917	1917	4th International Rubber and Allied Trades Congress	held in London in July, 1914	vol049_iss05_tropical-agriculturist-1917-11-49-5#1917-11#008
697	6th international congress for applied chemistry	1	1	00	1907	1907	6th International Congress for Applied Chemistry	held at Rome	vol028_tropicalagricul281907ceyl#1907-02#007
698	7th international congress of veterinary surgeons	1	1	00	1900	1900	7th International Congress of Veterinary Surgeons	conference	vol020_tropicalagricult2019ceyl#1900-09#172
699	9-10 edward vii., chap. 31.	1	1	10	1911	1911	9—10 Edward VII., Chap. 31.	statute citation	vol037_tropicalagricul371911ceyl#1911-09#022
700	9th annual conference of planters	1	1	30	1933	1933	9th Annual Conference of Planters	conference where the paper was read	vol081_iss06_tropical-agriculturist-1933-12-81-6#1933-12#004
701	a tour to the land's end	1	1	90	1894	1894	A Tour to the Land's End	entertainment	vol014_tropicalagricult1418ceyl#1894-09#050
702	a. h. shows	1	1	90	1895	1895	A. H. Shows	local shows	vol014_tropicalagricult1418ceyl#1895-06#092
703	a. n. a. exhibition	1	1	00	1908	1908	A. N. A. Exhibition	February, 1901	vol031_tropicalagricul311908ceyl#1908-08#028
704	abbark system	1	1	80	1885	1885	Abbark	system of toddy collection	vol004_tropicalagricult18841885colo#1885-04#168
705	abbkari bill	1	1	80	1883	1883	Abbkari Bill	legislation	vol002_tropicalagricult18821883colo#1883-02#145
706	aberdeen bill	1	1	80	1882	1882	Aberdeen Bill	legislation	vol001_tropicalagricult1188ceyl#1882-03#034
707	aberdeen conference	1	1	80	1886	1886	Aberdeen conference	conference	vol006_tropicalagricult18861887colo#1886-08#050
708	aceh war	1	1	80	1887	1887	Acheen war		vol006_tropicalagricult18861887colo#1887-05#118
709	act 1 of 1882	1	1	80	1882	1882	Act 1 of 1882	legislation improving tea industry position	vol002_tropicalagricult18821883colo#1882-08#007
710	act 13	1	1	10	1912	1912	Act 13	legislation binding coolies	vol038_tropicalagricul381912ceyl#1912-02#013
711	act 17 george iii. chap. 29	1	1	80	1889	1889	17 George III. chap. 29	Act passed in 1776	vol009_tropicalagricult9188ceyl#1889-09#040
712	act 4 george ii.	1	1	80	1889	1889	4 George II.	Act amended by 17 George III. chap. 29	vol009_tropicalagricult9188ceyl#1889-09#040
713	act 6	1	1	10	1912	1912	Act 6	legislation threatened with withdrawal	vol038_tropicalagricul381912ceyl#1912-02#013
714	act i. of 1882	1	1	90	1890	1890	Act I. of 1882	labour law	vol009_tropicalagricult9188ceyl#1890-04#107
715	act of 1846	1	1	80	1884	1884	Act of 1846	legislation equalising duties on free and slave-labour sugar	vol004_tropicalagricult18841885colo#1884-11#095
716	act of v. of 1888	1	1	90	1895	1895	Act of V. of 1888	provisions for patent applications	vol015_tropicalagricult1518ceyl#1895-09#062
717	act vi of 1901	1	1	00	1904	1904	Act VI of 1901	Legislation regarding labour	vol023_tropicalagricult2319ceyl#1904-03#082
718	act viii 1878	1	1	80	1882	1882	Act VIII 1878	legislation	vol001_tropicalagricult1188ceyl#1882-01#043
719	act x. of 1859	1	1	90	1895	1895	Act X. of 1859	proposed substitution for Bhutan-Dooars Act	vol015_tropicalagricult1518ceyl#1895-09#060
720	act xiii.	1	1	90	1895	1895	Act XIII.	legislation	vol015_tropicalagricult1518ceyl#1895-09#140
721	act. xiii.	1	1	90	1893	1893	Act. XIII.	law	vol013_tropicalagricult1318ceyl#1893-12#133
722	adair v. young	1	1	90	1892	1892	Adair v. Young	legal case	vol012_tropicalagricult1218ceyl#1892-10#053
723	adee letchimy	1	1	90	1891	1891	"Adee Letchimy"	schooner caught in waterspout	vol011_tropicalagricult1118ceyl#1891-07#099
724	adikari pattu agricultural show	1	1	10	1918	1918	Adikari Pattu	arranged agricultural show	vol051_iss04_tropical-agriculturist-1918-10-51-4#1918-10#020
725	adulteration act of great britain	1	1	80	1881	1881	Adulteration Act of Great Britain	legal standard	vol001_tropicalagricult1188ceyl#1881-08#062
726	adulteration of food act	1	1	80	1882	1882	Adulteration of Food Act	law under which inspectors operate	vol002_tropicalagricult18821883colo#1882-10#054
727	adulteration of foods act	1	1	80	1888	1888	Adulteration of Foods Act	act compared to Merchandize Marks Act	vol008_tropicalagricult8188ceyl#1888-08#153
728	adulteration of seeds act	1	1	00	1908	1908	Adulteration of Seeds Act	Act of 1869	vol030_tropicalagricul301908ceyl#1908-04#035
729	advance australia	1	1	90	1897	1897	Advance Australia	watchword	vol016_tropicalagricult1618ceyl#1897-06#019
730	affiliated societies' annual conference	1	1	10	1912	1912	Affiliated Societies' Annual Conference	held on October 11, 1911	vol038_tropicalagricul381912ceyl#1912-06#020
731	afghan campaign	1	1	90	1892	1892	Afghan Campaign		vol011_tropicalagricult1118ceyl#1892-02#016
732	afghan campaigns of 1879-81	1	1	80	1884	1884	Afghan campaigns of 1879-81	source of lessons on animal life waste	vol004_tropicalagricult18841885colo#1884-11#028
733	afghan delimitation expedition	1	1	80	1888	1888	Afghan Delimitation Expedition	expedition for plant collection	vol008_tropicalagricult8188ceyl#1888-11#145
734	agathimurippu irrigation scheme	1	1	40	1940	1940	Agathimurippu Scheme	irrigation scheme	vol095_iss02_tropical-agriculturist-1940-08-95-2#1940-08#014
735	agri horticultural show	1	1	10	1910	1910	Agri Horticultural Show		vol035_tropicalagricul351910ceyl#1910-12#033
736	agri horticultural show at colombo	1	1	80	1884	1884	Agri Horticultural Show at Colombo	event where senna samples were sent	vol003_tropicalagricult18831884colo#1884-05#111
737	agri-horticultural and general show	1	1	90	1890	1890	Agri-Horticultural and General Show	exhibition at the Sanatorium	vol010_tropicalagricult1018ceyl#1890-11#079
738	agri-horticultural and industrial show at puttalam	1	1	20	1928	1928	Agri-Horticultural and Industrial Show at Puttalam	show	vol070_dli-ernet-229220#1928-03#026
739	agri-horticultural and industrial show, mannar	1	1	00	1909	1909	THE AGRI-HORTICULTURAL AND INDUSTRIAL SHOW, MANNAR	exhibition	vol033_tropicalagricul331909ceyl#1909-07#047
740	agri-horticultural exhibition at galle	1	1	00	1909	1909	Agri-Horticultural Exhibition at Galle	to be opened on June 16	vol032_tropicalagricul321909ceyl#1909-05#037
741	agri-horticultural exhibition at kandy	1	1	80	1889	1889	Agri-Horticultural Exhibition at Kandy	exhibition	vol008_tropicalagricult8188ceyl#1889-02#122
742	agri-horticultural exhibition in 1899	1	1	00	1900	1900	Agri-Horticultural Exhibition in 1899		vol019_tropicalagricult1918ceyl#1900-06#144
743	agri-horticultural show and industrial exhibition, kandy	1	1	80	1889	1889	AGRI-HORTICULTURAL SHOW AND INDUSTRIAL EXHIBITION, KANDY	event held May 24th and 25th, 1889	vol009_tropicalagricult9188ceyl#1889-07#128
744	agri-horticultural show and industrial exhibition, kandy, 1885	1	1	80	1884	1884	AGRI-HORTICULTURAL SHOW AND INDUSTRIAL EXHIBITION, KANDY, 1885	exhibition	vol004_tropicalagricult18841885colo#1884-12#010
745	agri-horticultural show at ambalangoda	1	1	00	1907	1907	Agri-Horticultural Show at Ambalangoda		vol028_tropicalagricul281907ceyl#1907-01#026
746	agri-horticultural show at kegalla	1	1	00	1907	1907	Agri-Horticultural Show at Kegalla	show	vol028_tropicalagricul281907ceyl#1907-04#023
747	agri-horticultural show at kegalle	1	1	90	1892	1892	Agri-Horticultural Show held at Kégalla	exhibition in August	vol011_tropicalagricult1118ceyl#1892-06#133
748	agri-horticultural show at madras	1	1	90	1891	1891	AGRI-HORTI-CULTURAL SHOW AT MADRAS	exhibition	vol010_tropicalagricult1018ceyl#1891-05#033
749	agri-horticultural show held at moratuwa	1	1	00	1907	1907	Agri-Horticultural Show held at Moratuwa	event in August, 1904	vol028_tropicalagricul281907ceyl#1907-04#013
750	agri-horticultural show in kegalla	1	1	80	1889	1889	Agri-Horticultural Show in Kegalla	exhibition	vol008_tropicalagricult8188ceyl#1889-06#010
751	agri-horticultural show in madras	1	1	00	1902	1902	Agri-Horticultural Show in Madras	exhibition where fibre was awarded Bronze Medal	vol021_tropicalagricult2119ceyl#1902-04#066
752	agri-horticultural show nuwara eliya, 1908	1	1	00	1908	1908	AGRI-HORTICULTURAL SHOW NUWARA ELIYA, 1908	event	vol030_tropicalagricul301908ceyl#1908-05#035
753	agri-horticultural show, henaratgoda	1	1	20	1920	1920	AGRI-HORTICULTURAL SHOW, HENARATGODA	show held July 29th, 30th and 31st, 1920	vol055_lbg-630-5-tag-v-55#1920-09#016
754	agri-horticultural show, kandy	1	1	80	1889	1889	Agri-Horticultural Show, Kandy	held on the 24th and 25th ultimo	vol009_tropicalagricult9188ceyl#1889-08#010
755	agri-horticultural show, kelani valley	1	1	00	1906	1906	Agri-Horticultural Show, Kelani Valley		vol027_tropicalagricul271906ceyl#1906-07/12#001
756	agri-horticultural show, kurunegala	1	1	00	1906	1906	Agri-Horticultural Show, Kurunegala		vol027_tropicalagricul271906ceyl#1906-07/12#001
757	agri-horticultural show, matugama	1	1	20	1920	1920	AGRI-HORTICULTURAL SHOW, MATUGAMA	show held on 24th July	vol055_lbg-630-5-tag-v-55#1920-09#015
758	agri-horticultural show, nuwara eliya	1	1	30	1936	1936	Agri-Horticultural Show, Nuwara Eliya	event for exhibits of budded citrus plants	vol086_dli-ernet-229228#1936-03#002
759	agri-horticultural shows of the colony and federated malay states	1	1	00	1906	1906	Agri-Horticultural Shows of the Colony and Federated Malay States	annual agricultural show	vol027_tropicalagricul271906ceyl#1906-07#038
760	agri-horticultural society exhibition	1	1	80	1884	1884	Agri-Horticultural Society Exhibition	exhibition	vol003_tropicalagricult18831884colo#1884-06#102
761	agri-horticultural society's exhibition	1	1	90	1899	1899	AGRI-HORTICULTURAL SOCIETY'S EXHIBITION	exhibition in Colombo	vol018_tropicalagricult1818ceyl#1899-05#165
762	agricultural act	1	1	30	1934	1934	Agricultural Act	enactment	vol082_dli-ernet-229227#1934-06#010
763	agricultural aids act	1	1	00	1909	1909	Agricultural Aids Act	legislation passed in 1887	vol032_tropicalagricul321909ceyl#1909-04#033
764	agricultural and co-operative conference	1	1	10	1917	1917	Agricultural and Co-operative Conference	held at Mandalay	vol049_iss05_tropical-agriculturist-1917-11-49-5#1917-11#020
765	agricultural and general show	1	1	20	1920	1920	Agricultural and General Show	annual show	vol055_lbg-630-5-tag-v-55#1920-11#018
766	agricultural and industrial exhibition and cattle show, ettaiyapuram	1	1	00	1907	1907	Agricultural and Industrial Exhibition and Cattle Show, Ettaiyapuram India		vol028_tropicalagricul281907ceyl#1907-01#026
767	agricultural and industrial exhibition held at mysore	1	1	90	1892	1892	Agricultural and Industrial Exhibition held at Mysore	exhibition held in October of last year	vol011_tropicalagricult1118ceyl#1892-05#024
768	agricultural and industrial exhibition of katugampola hatpattu, kuliyapitiya	1	1	10	1919	1919	AGRICULTURAL AND INDUSTRIAL EXHIBITION OF KATUGAMPOLA HATPATTU, KULIYAPITIYA	exhibition held on 30th of August	vol053_iss04_tropical-agriculturist-1919-10-53-4#1919-10#014
769	agricultural and industrial exhibition, suva	1	1	90	1890	1890	Agricultural and Industrial Exhibition, Suva	exhibition	vol009_tropicalagricult9188ceyl#1890-06#086
770	agricultural and industrial show, 1927	1	1	20	1926	1926	Agricultural and Industrial Show, 1927	show	vol067_iss05_tropical-agriculturist-1926-11-67-5#1926-11#021
771	agricultural competitions in the north-western province	1	1	20	1928	1928	Agricultural Competitions in the North-Western Province		vol070_dli-ernet-229220#1928-11#003
772	agricultural competitions, kalutara district, 1928-29	1	1	20	1929	1929	Agricultural Competitions, Kalutara District, 1928-29	competition	vol072_dli-ernet-229221#1929-01/06#016
773	agricultural conference 1930	1	1	30	1930	1930	Agricultural Conference 1930	conference	vol074_dli-ernet-229223#1930-04#015
774	agricultural conference at allahabad	1	1	10	1912	1912	Agricultural Conference	held at Allahabad	vol038_tropicalagricul381912ceyl#1912-03#027
775	agricultural conference at bridgetown	1	1	00	1902	1902	Agricultural Conference	conference	vol022_tropicalagricult2219ceyl#1902-11#045
776	agricultural conference at gatton college in 1899	1	1	20	1925	1925	Agricultural Conference, at Gatton College in 1899		vol064_lbg-630-5-tag-v-64#1925-04#007
777	agricultural conference at jaffna	1	1	20	1923	1923	Agricultural Conference at Jaffna	conference	vol060_lbg-tropicalagricultvol-lx-1923-0000unse-n0c4#1923-05#001
778	agricultural conference at peradeniya (1927)	1	1	30	1932	1932	Agricultural Conference held at Peradeniya in March 1927		vol078_tropical-agriculturist-1932-03-78#1932-03#002
779	agricultural conference at peradeniya 1930	1	1	30	1930	1930	Agricultural Conference at Peradeniya 1930	conference	vol075_tropical-agriculturist-1930-11-75#1930-11#002
780	agricultural conference at peradeniya, 1925	1	1	20	1928	1928	Agricultural Conference held at Peradeniya in 1925	conference	vol070_dli-ernet-229220#1928-03#010
781	agricultural conference at peradeniya, 1927	1	1	20	1928	1928	Agricultural Conference held at Peardeniya in March, 1927		vol070_dli-ernet-229220#1928-01#005
782	agricultural conference at peradeniya, 1928	1	1	20	1928	1928	Agricultural Conference at Peradeniya, 1928	conference	vol070_dli-ernet-229220#1928-05#003
783	agricultural conference at poona	1	1	10	1913	1913	Agricultural Conference		vol041_lbg-vol-xli-tropicalagricult0000dewi-t3r5#1913-11#035
784	agricultural conference at rio de janeiro	1	1	80	1882	1882	Agricultural Conference at Rio de Janeiro	congress of agriculturalists	vol001_tropicalagricult1188ceyl#1882-05#021
785	agricultural conference at rockhampton	1	1	90	1898	1898	Agricultural Conference at Rockhampton	conference	vol018_tropicalagricult1818ceyl#1898-09#103
786	agricultural conference at warwick	1	1	00	1909	1909	Agricultural Conference held at Warwick	conference, June 1900	vol032_tropicalagricul321909ceyl#1909-04#037
787	agricultural conference held in barbados	1	1	00	1901	1901	Agricultural Conference held in Barbados	conference	vol020_tropicalagricult2019ceyl#1901-02#125
788	agricultural conference of 1907	1	1	00	1908	1908	Agricultural Conference of 1907	conference	vol030_tropicalagricul301908ceyl#1908-05#036
789	agricultural conference of may 1928	1	1	30	1931	1931	Agricultural Conference of May 1928	conference	vol076_dli-ernet-229225#1931-02#014
790	agricultural conference, malaya	1	1	10	1917	1917	Agricultural Conference, Malaya	conference	vol049_iss04_tropical-agriculturist-1917-10-49-4#1917-10#012
791	agricultural conferences	1	1	90	1897	1897	Agricultural Conferences	held in 1893 and in 1895-96	vol016_tropicalagricult1618ceyl#1897-06#152
792	agricultural conferences in brisbane	1	1	90	1892	1892	Agricultural Conferences in Brisbane		vol011_tropicalagricult1118ceyl#1892-05#100
793	agricultural course for school teachers, 1911	1	1	10	1911	1911	Agricultural Course for School Teachers, 1911		vol037_tropicalagricul371911ceyl#1911-07#028
794	agricultural demonstration	1	1	10	1914	1914	Agricultural Demonstration	held in September	vol042_lbg-630-5-tag-v-42#1914-03#030
795	agricultural educational conference at simla	1	1	10	1918	1918	Agricultural Educational Conference	conference held in June 1917	vol050_dli-ernet-21168#1918-02#015
796	agricultural exhibition at madras	1	1	80	1883	1883	Agricultural Exhibition at Madras	exhibition	vol002_tropicalagricult18821883colo#1883-04#171
797	agricultural exhibition at matara	1	1	10	1911	1911	Agricultural Exhibition at Matara	exhibition	vol037_tropicalagricul371911ceyl#1911-11#007
798	agricultural exhibition at para	1	1	00	1908	1908	Agricultural Exhibition at Para	exhibition to be opened on 22nd June, 1909	vol031_tropicalagricul311908ceyl#1908-12#090
799	agricultural exhibition at sierra leone	1	1	90	1897	1897	agricultural exhibition at Sierra Leone	recent exhibition	vol016_tropicalagricult1618ceyl#1897-05#059
800	agricultural exhibition at trinidad	1	1	90	1898	1898	Agricultural Exhibition at Trinidad	recently held in that colony	vol018_tropicalagricult1818ceyl#1898-10#123
801	agricultural exhibition held at ootacamund in 1869	1	1	90	1892	1892	Agricultural Exhibition held at Ootacamund in 1869	exhibition for tea exhibits	vol012_tropicalagricult1218ceyl#1892-11#037
802	agricultural exhibition, madras	1	1	80	1884	1884	Agricultural Exhibition held in Madras	event where prizes were awarded for agricultural essays	vol003_tropicalagricult18831884colo#1884-06#016
803	agricultural exhibition, tinnevelly, 1905	1	1	00	1908	1908	Agricultural Exhibition held in Tinnevelly in 1905	exhibition	vol030_tropicalagricul301908ceyl#1908-06#026
804	agricultural exhibitions	1	1	80	1885	1885	Agricultural Exhibitions	where money prizes are distributed	vol005_tropicalagricult18851886colo#1885-07#074
805	agricultural fair, telijjawila	1	1	00	1906	1906	Agricultural Fair, Telijjawila	market fair	vol027_tropicalagricul271906ceyl#1906-11#040
806	agricultural grading and marketing act	1	1	40	1941	1941	Agricultural Grading and Marketing Act	enacted in 1938	vol096_dli-ernet-229230#1941-03#002
807	agricultural lectures	1	1	00	1902	1902	Agricultural Lectures		vol022_tropicalagricult2219ceyl#1902-08#140
808	agricultural loans act	1	1	90	1898	1898	Agricultural Loans Act	legislation	vol017_tropicalagricult1718ceyl#1898-05#094
809	agricultural loans acts	1	1	90	1893	1893	Agricultural Loans Acts	Legislative Acts passed in 1883 and 1884	vol012_tropicalagricult1218ceyl#1893-06#189
810	agricultural marketing act	1	1	30	1934	1934	Agricultural Marketing Act	legislation	vol082_dli-ernet-229227#1934-06#010
811	agricultural marketing act of 1929	1	1	30	1935	1935	Agricultural Marketing Act of 1929	legislation	vol084_tropical-agriculturist-1935-02-84#1935-02#009
812	agricultural marketing act of 1931	1	1	30	1934	1934	Agricultural Marketing Act of 1931	legislation for agricultural marketing	vol082_dli-ernet-229227#1934-06#010
813	agricultural pest ordinance	1	1	00	1904	1904	AGRICULTURAL PEST ORDINANCE	legislation discussed	vol023_tropicalagricult2319ceyl#1904-04#072
814	agricultural pests act, 1911	1	1	10	1912	1912	Agricultural Pests Act, 1911	legislation granting authority to destroy suspected plants	vol038_tropicalagricul381912ceyl#1912-01#014
815	agricultural produce (adulteration) decree, 1927	1	1	30	1931	1931	Agricultural Produce (Adulteration) Decree, 1927	previous legislation revoked	vol076_dli-ernet-229225#1931-06#015
816	agricultural produce (export) decree, 1929	1	1	30	1931	1931	Agricultural Produce (Export) Decree, 1929	legislation for inspection of cloves	vol076_dli-ernet-229225#1931-06#015
817	agricultural propaganda week-end	1	1	30	1938	1938	Agricultural Propaganda Week-end	held at Balangoda, December 11, 1937	vol090_iss02_tropical-agriculturist-1938-02-90-2#1938-02#009
818	agricultural resources of the coast-lands of british east africa	1	1	90	1894	1894	Agricultural Resources of the Coast-Lands of British East Africa	lecture title	vol013_tropicalagricult1318ceyl#1894-04#045
819	agricultural show 1921	1	1	20	1920	1920	Agricultural Show 1921	Agri-Horticultural Show	vol055_lbg-630-5-tag-v-55#1920-11#019
820	agricultural show at nedunkeni	1	1	20	1920	1920	Agricultural Show at Nedunkeni	planned event	vol054_lbg-630-5-tag-v-54#1920-02#023
821	agricultural show at neuchâtel	1	1	80	1887	1887	agricultural show held at Neuchâtel	event exhibiting dairy industry machinery	vol007_tropicalagricult7188ceyl#1887-12#070
822	agricultural show at nicosia	1	1	80	1881	1881	agricultural show	held at Nicosia on April 27, 28, and 29	vol001_tropicalagricult1188ceyl#1881-06#068
823	agricultural show at nuwara eliya	1	1	10	1914	1914	Agricultural Show at Nuwara Eliya	exhibition	vol043_lbg-tropicalagricultvol-xliii0000unse-c5y3#1914-08#037
824	agricultural show at penang	1	1	00	1909	1909	Agricultural Show at Penang	upcoming exhibition	vol033_tropicalagricul331909ceyl#1909-12#014
825	agricultural show at vavuniya	1	1	20	1920	1920	Agricultural Show at Vavuniya	Event	vol055_lbg-630-5-tag-v-55#1920-11#020
826	agricultural show held at messina in 1882	1	1	80	1885	1885	Agricultural Show held at Messina in 1882		vol005_tropicalagricult18851886colo#1885-09#028
827	agricultural show in maritzburg	1	1	90	1897	1897	Agricultural Show in Maritzburg		vol017_tropicalagricult1718ceyl#1897-09#076
828	agricultural show in trincomalee town	1	1	10	1919	1919	Agricultural Show in Trincomalee Town	Event	vol053_iss02_tropical-agriculturist-1919-08-53-2#1919-08#022
829	agricultural show of 1922	1	1	20	1921	1921	Agricultural Show of 1922	event	vol057_in-ernet-dli-2015-230764#1921-10#011
830	agricultural show of paris	1	1	80	1882	1882	Agricultural Show of Paris	1861	vol001_tropicalagricult1188ceyl#1882-06#047
831	agricultural show, 1907	1	1	00	1909	1909	Agricultural Show, 1907	balance	vol032_tropicalagricul321909ceyl#1909-02#027
832	agricultural shows and competitions	1	1	20	1928	1928	Agricultural Shows and Competitions		vol070_dli-ernet-229220#1928-03#003
833	agricultural societies' show 1894	1	1	90	1894	1894	Agricultural Societies' Show 1894	exhibition	vol013_tropicalagricult1318ceyl#1894-04#055
834	agricultural societies' shows, 1895	1	1	90	1895	1895	Agricultural Societies' Shows, 1895		vol015_tropicalagricult1518ceyl#1895-11#079
835	agricultural societies' shows, 1895-6	1	1	90	1895	1895	Agricultural Societies' Shows, 1895-6		vol015_tropicalagricult1518ceyl#1895-10#084
836	agricultural societies’ shows, 1895	1	1	90	1895	1895	Agricultural Societies’ Shows, 1895	exhibitions	vol015_tropicalagricult1518ceyl#1895-07#156
837	agricultural week-end	1	1	30	1937	1937	Agricultural Week-end	held at Matale, July 31, 1937	vol089_tropical-agriculturist-1937-09-89#1937-09#009
838	agriculture exhibition	1	1	30	1933	1933	Agriculture Exhibition	event held at Kuala Lumpur	vol081_iss06_tropical-agriculturist-1933-12-81-6#1933-12#004
839	agriculturists' loans act, 1884	1	1	10	1912	1912	Agriculturists' Loans Act, 1884		vol038_tropicalagricul381912ceyl#1912-02#040
840	ague	1	1	80	1888	1888	ague	disease	vol007_tropicalagricult7188ceyl#1888-02#039
841	ague fever	1	1	90	1891	1891	ague fever	disease	vol011_tropicalagricult1118ceyl#1891-08#050
842	ahmedabad conference	1	1	00	1908	1908	Ahmedabad Conference		vol031_tropicalagricul311908ceyl#1908-08#029
843	akattimurippu irrigation scheme	1	1	10	1919	1919	Akattimurippu Irrigation scheme	irrigation project	vol053_iss02_tropical-agriculturist-1919-08-53-2#1919-08#021
844	akkatumurippu scheme	1	1	20	1925	1925	Akkatumurippu Scheme	irrigation scheme	vol064_lbg-630-5-tag-v-64#1925-02#015
845	akmimana garden competition	1	1	10	1918	1918	Akmimana	arranged garden competition	vol051_iss04_tropical-agriculturist-1918-10-51-4#1918-10#020
846	akuratiya garden competition	1	1	10	1918	1918	Akuratiya	arranged garden competition	vol051_iss04_tropical-agriculturist-1918-10-51-4#1918-10#020
847	alawatu-goda show	1	1	20	1924	1924	Alawatu-goda Show	model for prospectus	vol063_lbg-630-5-tag-v-63#1924-09#016
848	alawatugoda market show	1	1	20	1927	1927	Alawatugoda Market Show	fourth Annual Show	vol069_tropical-agriculturist-1927-10-69#1927-10#021
849	alawatugoda sunday market	1	1	20	1926	1926	Alawatugoda Sunday Market	market and show day	vol067_iss02_tropical-agriculturist-1926-08-67-2#1926-08#014
850	alawatugoda sunday market show	1	1	20	1924	1924	Alawatugoda Sunday Market Show	market show held on 6th April, 1924	vol062_lbg-630-5-tag-v-62#1924-05#008
851	alawatugoda sunday market show, 1925	1	1	20	1925	1925	Alawatugoda Sunday Market Show, 1925	market show	vol065_iss02_tropical-agriculturist-1925-08-65-2#1925-08#012
852	aldershot manoeuvres	1	1	90	1893	1893	Aldershot manoeuvres	military exercise	vol013_tropicalagricult1318ceyl#1893-12#017
853	all ceylon exhibition	1	1	10	1912	1912	ALL CEYLON EXHIBITION	exhibition under the patronage of the Governor	vol039_tropicalagricul391912ceyl#1912-07#052
854	all saints' day	1	1	90	1898	1898	All Saints' Day	holiday	vol018_tropicalagricult1818ceyl#1898-07#007
855	all-ceylon agricultural exhibition	1	1	10	1912	1912	All-Ceylon Agricultural Exhibition	held in Colombo	vol038_tropicalagricul381912ceyl#1912-04#055
856	all-ceylon agricultural show	1	1	40	1940	1940	All-Ceylon Agricultural Show	Exhibition	vol094_iss01_tropical-agriculturist-1940-01-94-1#1940-01#016
857	all-ceylon agricultural shows	1	1	30	1939	1939	All-Ceylon Agricultural Shows		vol092_tropical-agriculturist-1939-06-92#1939-06#013
858	all-ceylon bee exhibition	1	1	40	1940	1940	All-Ceylon Bee Exhibition	held at Peradeniya	vol095_iss06_tropical-agriculturist-1940-12-95-6#1940-12#008
859	all-ceylon cattle show	1	1	30	1939	1939	All-Ceylon Cattle Show	Event in 1939	vol092_tropical-agriculturist-1939-02-92#1939-02#014
860	all-ceylon cattle show of 1939	1	1	30	1939	1939	All-Ceylon Cattle Show of 1939	cattle show	vol092_tropical-agriculturist-1939-04-92#1939-04#001
861	all-ceylon coconut conference	1	1	30	1938	1938	All-Ceylon Coconut Conference	proposed conference	vol090_iss05_tropical-agriculturist-1938-05-90-5#1938-05#016
862	all-east exhibition	1	1	10	1912	1912	All-East Exhibition	proposed future exhibition	vol039_tropicalagricul391912ceyl#1912-10#043
863	all-india entomologists' meeting at pusa	1	1	30	1934	1934	All-India Entomologists' meeting at Pusa	1919	vol082_dli-ernet-229227#1934-04#014
864	all-island agricultural shows	1	1	30	1939	1939	All-Island Agricultural Shows	event	vol092_tropical-agriculturist-1939-06-92#1939-06#013
865	all-island cattle show	1	1	30	1938	1938	All-Island Cattle Show	Proposed event	vol090_iss02_tropical-agriculturist-1938-02-90-2#1938-02#013
866	all-island health and malaria week	1	1	40	1940	1940	All-Island Health and Malaria Week	event held in conjunction with the show	vol095_iss03_tropical-agriculturist-1940-09-95-3#1940-09#009
867	all-island show, 1912	1	1	10	1911	1911	All-Island Show, 1912		vol037_tropicalagricul371911ceyl#1911-08#029
868	allagala rock-slip	1	1	90	1898	1898	Allagala Rock-slip	disaster	vol017_tropicalagricult1718ceyl#1898-06#123
869	allagalla slip	1	1	90	1898	1898	Allagalla slip	event aggravating rice price	vol017_tropicalagricult1718ceyl#1898-05#092
870	allahabad industrial conference	1	1	10	1911	1911	Allahabad Industrial Conference	conference	vol037_tropicalagricul371911ceyl#1911-08#007
871	allai scheme	1	1	10	1919	1919	Allai scheme	irrigation scheme	vol053_iss04_tropical-agriculturist-1919-10-53-4#1919-10#005
872	allan v. pratt	1	1	90	1892	1892	Allan v. Pratt	Legal case cited	vol012_tropicalagricult1218ceyl#1892-12#082
873	allison and armour expedition	1	1	40	1942	1942	Allison and Armour Expedition	plant collecting expedition	vol098_iss02_tropical-agriculturist-april-june-1942-98-2#1942-04/06#012
874	alutsal mangalla	1	1	10	1914	1914	Alutsal Mangalla	festival	vol043_lbg-tropicalagricultvol-xliii0000unse-c5y3#1914-12#033
875	ambalangoda vegetable and paddy show	1	1	00	1909	1909	Ambalangoda Vegetable and Paddy Show	show opened by Government Agent	vol032_tropicalagricul321909ceyl#1909-02#031
876	ambalangoda vegetable show	1	1	00	1909	1909	Ambalangoda Vegetable Show	vegetable show, 19th Dec., 1908	vol032_tropicalagricul321909ceyl#1909-01#040
877	amban-ganga scheme	1	1	30	1938	1938	Amban-ganga Scheme	proposed irrigation scheme	vol091_tropical-agriculturist-1938-07-91#1938-07#002
878	amending plant pests ordinance	1	1	20	1924	1924	Amending Plant Pests Ordinance	legislation for declaring pests	vol062_lbg-630-5-tag-v-62#1924-04#011
879	amendments ordinance, 1882	1	1	90	1891	1891	Amendments Ordinance, 1882	legislation	vol011_tropicalagricult1118ceyl#1891-09#092
880	american egg-laying contest	1	1	20	1920	1920	American Egg-Laying Contest	contest conducted at the station	vol055_lbg-630-5-tag-v-55#1920-12#029
881	american exhibition	1	1	90	1892	1892	American Exhibition		vol012_tropicalagricult1218ceyl#1892-11#066
882	american exhibition of 1887	1	1	80	1889	1889	American Exhibition of 1887		vol008_tropicalagricult8188ceyl#1889-06#084
883	american forest congress	1	1	80	1888	1888	American Forest Congress	conference	vol008_tropicalagricult8188ceyl#1888-12#044
884	american forestry congress	1	1	80	1883	1883	American Forestry Congress	held at Montreal	vol002_tropicalagricult18821883colo#1883-04#154
885	american institute fair	1	1	90	1890	1890	American Institute Fair	event where tea kiosk was located	vol010_tropicalagricult1018ceyl#1890-08#061
886	american institute fair of 1889	1	1	90	1890	1890	American Institute Fair of 1889	exhibition	vol009_tropicalagricult9188ceyl#1890-05#073
887	american legislation	1	1	90	1898	1898	American Legislation	Legislation leading to closing of Indian Mint	vol018_tropicalagricult1818ceyl#1898-12#040
888	american market fund	1	1	90	1896	1896	American Market Fund		vol016_tropicalagricult1618ceyl#1896-08#045
889	american presidential election	1	1	90	1896	1896	American Presidential election	event causing uncertainty in the market	vol016_tropicalagricult1618ceyl#1896-12#090
890	american rubber exposition	1	1	10	1912	1912	American Rubber Exposition	exhibition, New York	vol039_tropicalagricul391912ceyl#1912-08#069
891	american scheme	1	1	90	1890	1890	American scheme		vol009_tropicalagricult9188ceyl#1890-04#095
892	american silver bill	1	1	90	1890	1890	American Silver bill	legislation affecting markets	vol010_tropicalagricult1018ceyl#1890-11#057
893	american standard	1	1	10	1910	1910	American standard	quality standard for entry into the States	vol034_tropicalagricul341910ceyl#1910-05#079
894	american tariff	1	1	90	1893	1893	American tariff	increase in rate affecting tobacco trade	vol012_tropicalagricult1218ceyl#1893-02#034
895	american tea fund	1	1	90	1896	1896	American Tea Fund	subscription fund	vol015_tropicalagricult1518ceyl#1896-02#092
896	amsterdam and calcutta exhibitions	1	1	80	1886	1886	Amsterdam and Calcutta Exhibitions	exhibitions	vol005_tropicalagricult18851886colo#1886-02#100
897	amsterdam auctions of may 3rd	1	1	80	1889	1889	Amsterdam auctions on May 3rd	bark auction	vol009_tropicalagricult9188ceyl#1889-07#132
898	amsterdam cinchona bark auction	1	1	00	1903	1903	Amsterdam Cinchona Bark Auction	auction event	vol022_tropicalagricult2219ceyl#1903-04#098
899	amsterdam international exhibition	1	1	80	1884	1884	Amsterdam International Exhibition		vol004_tropicalagricult18841885colo#1884-10#010
900	anchylostomiasis campaign	1	1	20	1921	1921	Anchylostomiasis campaign	health campaign	vol057_in-ernet-dli-2015-230764#1921-10#001
901	ande system	1	1	10	1914	1914	Ande	agricultural labor system	vol043_lbg-tropicalagricultvol-xliii0000unse-c5y3#1914-09#031
902	andean expedition	1	1	20	1928	1928	Andean expedition	seed collection expedition	vol071_tropical-agriculturist-1928-08-71#1928-08#010
903	andes expedition	1	1	90	1892	1892	Andes expedition	expedition	vol011_tropicalagricult1118ceyl#1892-02#014
904	andè	1	1	10	1910	1910	Andè	cultivation system	vol034_tropicalagricul341910ceyl#1910-01#034
905	andé	1	1	10	1918	1918	Andé	tenancy system	vol051_iss01_tropical-agriculturist-1918-07-51-1#1918-07#005
906	anglo-afghan war	1	1	80	1885	1885	Anglo-Afghan war	event affecting tea passage	vol004_tropicalagricult18841885colo#1885-06#015
907	anglo-boer war	1	1	20	1920	1920	Anglo-Boer war	historical conflict	vol055_lbg-630-5-tag-v-55#1920-07#012
908	anglo-franco convention	1	1	90	1890	1890	Anglo-Franco Convention	treaty negotiation	vol010_tropicalagricult1018ceyl#1890-12#053
909	anglo-french treaty on african partition	1	1	90	1890	1890	Anglo-French Treaty on African partition		vol010_tropicalagricult1018ceyl#1890-12#025
910	anglo-german agreement	1	1	90	1890	1890	Anglo-German agreement		vol010_tropicalagricult1018ceyl#1890-11#020
911	anglo-japanese exhibition	1	1	10	1910	1910	Anglo-Japanese Exhibition	exhibition	vol035_tropicalagricul351910ceyl#1910-11#039
912	anglo-portuguese convention	1	1	90	1894	1894	Anglo-Portuguese Convention	legal agreement	vol014_tropicalagricult1418ceyl#1894-10#030
913	anglo-russian treaty of commerce of 1859	1	1	00	1903	1903	Anglo-Russian Treaty of Commerce of 1859		vol023_tropicalagricult2319ceyl#1903-11#107
914	ankeliya	1	1	00	1906	1906	ankeliya	ancient game	vol027_tropicalagricul271906ceyl#1906-07#035
915	ankylostomiasis	1	1	30	1935	1935	ankylostomiasis	disease	vol084_tropical-agriculturist-1935-01-84#1935-01#001
916	annual agri-horticultural show	1	1	00	1900	1900	AGRI-HORTICULTURAL SHOW	annual exhibition	vol020_tropicalagricult2019ceyl#1900-12#066
917	annual assam dinner	1	1	00	1901	1901	Assam Dinner	annual dinner for Assam planters	vol021_tropicalagricult2119ceyl#1901-09#028
918	annual camp, 1910	1	1	10	1910	1910	Annual Camp, 1910	location of lecture	vol035_tropicalagricul351910ceyl#1910-09#023
919	annual conference, barbados	1	1	00	1902	1902	Annual Conference, Barbados		vol022_tropicalagricult2219ceyl#1902-09#005
920	annual cup competition	1	1	90	1895	1895	Annual Cup Competition	shooting competition	vol014_tropicalagricult1418ceyl#1895-01#099
921	annual exhibition of silk cocoons	1	1	80	1885	1885	THE ANNUAL EXHIBITION OF SILK COCOONS	held at Murshidabad	vol005_tropicalagricult18851886colo#1885-07#064
922	annual food show	1	1	90	1897	1897	Annual Food Show	in Philadelphia	vol016_tropicalagricult1618ceyl#1897-02#072
923	annual general meeting of the agricultural society	1	1	00	1909	1909	Annual General Meeting of the Agricultural Society	meeting on June 8, 1909	vol033_tropicalagricul331909ceyl#1909-07#024
924	annual general meeting of the ratnapura co-operative credit society	1	1	10	1919	1919	Annual General Meeting of the Ratnapura Co-operative Credit Society	where the address was given	vol052_iss06_tropical-agriculturist-1919-06-52-6#1919-06#003
925	annual international cotton congress	1	1	00	1909	1909	Annual International Cotton Congress	Held in Paris in May 1908	vol033_tropicalagricul331909ceyl#1909-07#009
926	annual meeting of the ceylon agricultural society	1	1	10	1917	1917	Annual Meeting of the Ceylon Agricultural Society	August 4th 1917	vol049_iss02_tropical-agriculturist-1917-08-49-2#1917-08#013
927	annual meeting of the planters' association	1	1	90	1894	1894	Annual Meeting of the Planters' Association		vol013_tropicalagricult1318ceyl#1894-04#101
928	annual poultry conference	1	1	20	1921	1921	Annual Poultry Conference	held on October 4th	vol046_lbg-630-5-tag-v-46#1921-03#009
929	annual show of the hawarden and buckley horticultural societies	1	1	80	1887	1887	annual show of the Hawarden and Buckley Horticultural Societies	distribution of prizes to successful exhibitors	vol007_tropicalagricult7188ceyl#1887-10#034
930	annual show of the royal agricultural society of england	1	1	20	1927	1927	Annual Show of the Royal Agricultural Society of England	show held at Nottingham	vol069_tropical-agriculturist-1927-08-69#1927-08#014
931	antarctic expedition	1	1	00	1902	1902	Antarctic Expedition		vol021_tropicalagricult2119ceyl#1902-06#049
932	anti-fly campaign	1	1	10	1915	1915	Anti-Fly Campaign	campaign to do away with sickness and death	vol044_lbg-tropicalagricultvol-xliv0000unse-e6v7#1915-04#042
933	anti-semitism	1	1	00	1901	1901	Anti-Semitism	social movement	vol020_tropicalagricult2019ceyl#1901-02#063
934	antigua agricultural show	1	1	00	1908	1908	Antigua Agricultural Show	event with vegetable and plant exhibits	vol031_tropicalagricul311908ceyl#1908-11#053
935	antiquities ordinance	1	1	00	1900	1900	Antiquities Ordinance		vol020_tropicalagricult2019ceyl#1900-10#190
936	anuradhapura show, may, 1909	1	1	00	1909	1909	Anuradhapura Show, May, 1909	agricultural show	vol033_tropicalagricul331909ceyl#1909-07#048
937	apiaries act	1	1	20	1921	1921	Apiaries Act	legislation	vol046_lbg-630-5-tag-v-46#1921-01#013
938	apiarists' conference at maryborough	1	1	10	1919	1919	Apiarists' Conference at Maryborough	June, 1919	vol053_iss03_tropical-agriculturist-1919-09-53-3#1919-09#021
939	appalachian forest reserve act	1	1	10	1917	1917	Appalachian Forest Reserve Act	Legislation	vol049_iss02_tropical-agriculturist-1917-08-49-2#1917-08#022
940	arab war	1	1	90	1895	1895	Arab war	conflict	vol015_tropicalagricult1518ceyl#1895-12#006
941	arctic expedition of 1874 to 1876	1	1	90	1896	1896	Arctic expedition of 1874 to 1876		vol015_tropicalagricult1518ceyl#1896-05#003
942	argentine republic international agricultural exhibition	1	1	80	1889	1889	Argentine Republic International Agricultural Exhibition	exhibition in April, 1890	vol009_tropicalagricult9188ceyl#1889-11#036
943	argo	1	1	80	1886	1886	Argo	Greek ship built of beech	vol005_tropicalagricult18851886colo#1886-03#056
944	arkati system	1	1	90	1892	1892	Arkati	system of recruiting	vol012_tropicalagricult1218ceyl#1892-10#033
945	arms act	1	1	90	1898	1898	Arms Act	regulation	vol018_tropicalagricult1818ceyl#1898-11#094
946	ashantee expedition	1	1	90	1897	1897	Ashantee expedition	cause of unrest in 1895	vol016_tropicalagricult1618ceyl#1897-05#023
947	ashanti disturbances	1	1	00	1903	1903	Ashanti disturbances	conflict	vol022_tropicalagricult2219ceyl#1903-03#022
948	ashanti expedition	1	1	90	1892	1892	Ashanti Expedition	expedition	vol011_tropicalagricult1118ceyl#1892-01#071
949	ashanti rebellion	1	1	00	1903	1903	Ashanti rebellion	rebellion	vol022_tropicalagricult2219ceyl#1903-03#022
950	ashanti war	1	1	00	1903	1903	Ashanti war	war	vol022_tropicalagricult2219ceyl#1903-03#022
951	ashley plate	1	1	90	1899	1899	Ashley Plate	race	vol018_tropicalagricult1818ceyl#1899-06#045
952	asiatic exhibition	1	1	90	1892	1892	Asiatic Exhibition		vol011_tropicalagricult1118ceyl#1892-02#030
953	assam emigration bill	1	1	00	1900	1900	Assam Emigration Bill	legislation	vol019_tropicalagricult1918ceyl#1900-03#043
954	assam labour act	1	1	80	1882	1882	Assam Labour Act	legislation passed in 1873	vol002_tropicalagricult18821883colo#1882-08#007
955	assize act of 1922	1	1	20	1925	1925	Assize Act of 1922	legislation	vol065_iss05_tropical-agriculturist-1925-11-65-5#1925-11#016
956	asthma	1	1	00	1907	1907	Asthma	disease	vol028_tropicalagricul281907ceyl#1907-06#025
957	aswin	1	1	00	1900	1900	Aswin	month	vol020_tropicalagricult2019ceyl#1900-12#136
958	atalanta exhibition	1	1	80	1889	1889	Atalanta	exhibition	vol008_tropicalagricult8188ceyl#1889-02#049
959	atbara campaign	1	1	90	1898	1898	Atbara	British Campaign	vol018_tropicalagricult1818ceyl#1898-12#126
960	athelney in flood	1	1	80	1885	1885	Athelney in Flood	picture in Grosvenor	vol004_tropicalagricult18841885colo#1885-04#095
961	atlanta and cotton states international exposition	1	1	90	1895	1895	Atlanta and Cotton States International Exposition	exhibition	vol014_tropicalagricult1418ceyl#1895-06#022
962	atlanta and cotton states' international exposition	1	1	90	1895	1895	Atlanta and Cotton States' International Exposition	exposition	vol014_tropicalagricult1418ceyl#1895-05#081
963	atlanta fair	1	1	90	1895	1895	Atlanta Fair	exposition	vol014_tropicalagricult1418ceyl#1895-02#148
964	attam	1	1	10	1918	1918	attam	mutual service	vol051_iss01_tropical-agriculturist-1918-07-51-1#1918-07#005
965	auckland exhibition	1	1	90	1899	1899	Auckland Exhibition	recent exhibition	vol019_tropicalagricult1918ceyl#1899-07#082
966	august bank holiday	1	1	90	1896	1896	August Bank Holiday		vol015_tropicalagricult1518ceyl#1896-06#138
967	august public sales, 1887	1	1	80	1887	1887	August Public Sales, 1887	tea auction	vol007_tropicalagricult7188ceyl#1887-10#074
968	australian exhibitions	1	1	80	1882	1882	Australian Exhibitions	exhibitions	vol001_tropicalagricult1188ceyl#1882-03#002
969	australian outlook	1	1	90	1894	1894	Australian Outlook	paper title	vol013_tropicalagricult1318ceyl#1894-02#016
970	automatic weighing machine co. v. knight	1	1	90	1892	1892	Automatic Weighing Machine Co., v Knight	legal case	vol011_tropicalagricult1118ceyl#1892-03#077
971	autumn manoeuvres	1	1	90	1894	1894	Autumn Manoeuvres	military exercises in England	vol014_tropicalagricult1418ceyl#1894-07#121
972	avenue manurial experiment	1	1	20	1928	1928	Avenue Manurial Experiment	experiment at Peradeniya	vol070_dli-ernet-229220#1928-11#006
973	avenue rubber manurial experiment, 1924	1	1	20	1925	1925	Avenue Rubber Manurial Experiment, 1924	experiment	vol065_iss01_tropical-agriculturist-1925-07-65-1#1925-07#003
974	aviation exhibition at frankfurt	1	1	10	1910	1910	Aviation Exhibition at Frankfurter		vol035_tropicalagricul351910ceyl#1910-11#039
975	avurudu mangalla	1	1	10	1914	1914	Avurudu Mangalla	Hindu New Year festival	vol043_lbg-tropicalagricultvol-xliii0000unse-c5y3#1914-12#033
976	b. a. excursion	1	1	90	1899	1899	B. A. Excursion	event in Northern France and Belgium	vol019_tropicalagricult1918ceyl#1899-11#103
977	b. c. g. a. memorial	1	1	00	1906	1906	B. C. G. A. Memorial	memorial	vol027_tropicalagricul271906ceyl#1906-10#020
978	badulla meetings	1	1	80	1885	1885	Badulla Meetings		vol004_tropicalagricult18841885colo#1885-04#123
979	badulla show	1	1	00	1907	1907	Badulla Show	agricultural show	vol028_tropicalagricul281907ceyl#1907-05#041
980	baguios	1	1	00	1904	1904	baguios	windstorms	vol023_tropicalagricult2319ceyl#1904-05#002
981	bahamas sisal industry	1	1	90	1896	1896	Bahamas Sisal Industry	lecture topic	vol015_tropicalagricult1518ceyl#1896-04#136
982	baisaki	1	1	10	1912	1912	Baisaki	season for lac crop	vol039_tropicalagricul391912ceyl#1912-12#071
983	baitenzng races	1	1	80	1885	1885	Baitenzng races	races	vol005_tropicalagricult18851886colo#1885-08#063
984	balata ordinance	1	1	90	1897	1897	Balata Ordinance	legal regulation	vol016_tropicalagricult1618ceyl#1897-04#066
985	balkan war	1	1	10	1913	1913	war in the Balkans		vol040_lbg-630-5-tag-v-40#1913-04#031
986	baltimore centennial	1	1	90	1895	1895	Baltimore Centennial	exhibition to be held in 1897	vol014_tropicalagricult1418ceyl#1895-04#063
987	baltimore centennial and international	1	1	90	1895	1895	Baltimore Centennial and International	exhibition	vol014_tropicalagricult1418ceyl#1895-05#067
988	baltimore centennial exposition	1	1	90	1895	1895	Baltimore Centennial Exposition	exhibition	vol014_tropicalagricult1418ceyl#1895-06#022
989	baltimore exposition	1	1	90	1895	1895	Baltimore Exposition		vol014_tropicalagricult1418ceyl#1895-05#081
990	banana train	1	1	80	1882	1882	banana train	regular train	vol001_tropicalagricult1188ceyl#1882-04#062
991	bandarapolla meeting	1	1	90	1894	1894	Bandarapolla Meeting		vol013_tropicalagricult1318ceyl#1894-06#087
992	bank act of 1844	1	1	90	1899	1899	Bank Act of 1844	legislation cited for reserve requirements	vol018_tropicalagricult1818ceyl#1899-06#168
993	barbados leg	1	1	00	1909	1909	Barbados leg	disease	vol032_tropicalagricul321909ceyl#1909-06#028
994	bardell v. pickwick	1	1	10	1910	1910	Bardell v. Pickwick	case	vol035_tropicalagricul351910ceyl#1910-07#069
995	barga system	1	1	80	1883	1883	Barga	mode of cultivation in Bengal	vol003_tropicalagricult18831884colo#1883-07#095
996	baring crisis	1	1	90	1892	1892	Baring crisis	financial event	vol012_tropicalagricult1218ceyl#1892-08#008
997	barings' crisis	1	1	90	1892	1892	Barings' crisis	financial depression	vol012_tropicalagricult1218ceyl#1892-10#006
998	bark sales in amsterdam	1	1	90	1891	1891	bark sales in Amsterdam	September 3rd	vol011_tropicalagricult1118ceyl#1891-10#083
999	barley show	1	1	90	1899	1899	Barley Show	agricultural show	vol018_tropicalagricult1818ceyl#1899-03#086
1000	barlow, and brother v. the proprietors of the city bonded tea warehouses	1	1	80	1889	1889	Barlow, and Brother v. The Proprietors of the City Bonded Tea Warehouses	legal case	vol008_tropicalagricult8188ceyl#1889-03#025
1001	barman prize	1	1	30	1939	1939	Barman Prize	award	vol092_tropical-agriculturist-1939-03-92#1939-03#012
1002	barnum's show	1	1	90	1890	1890	Barnum's show	exhibition	vol009_tropicalagricult9188ceyl#1890-01#096
1003	batavia exhibition	1	1	90	1893	1893	BATAVIA EXHIBITION		vol013_tropicalagricult1318ceyl#1893-07#084
1004	batavia massacre of 1740	1	1	90	1895	1895	massacre of Chinese on 9th Oct. 1740	historical event	vol014_tropicalagricult1418ceyl#1895-03#111
1005	batavia quinine-auctions	1	1	00	1901	1901	Batavia quinine-auctions	quinine auctions	vol021_tropicalagricult2119ceyl#1901-08#079
1006	batavia rubber congress	1	1	20	1920	1920	Batavia Rubber Congress		vol055_lbg-630-5-tag-v-55#1920-09#008
1007	batavia rubber congress and exhibition	1	1	10	1913	1913	rubber congress and exhibition	event to be held at Batavia in 1914	vol040_lbg-630-5-tag-v-40#1913-02#073
1008	batavia rubber exhibition and congress	1	1	10	1915	1915	Batavia Rubber Exhibition and Congress	event where rubber quality correlation was discussed	vol045_lbg-630-5-tag-v-45#1915-07#009
1009	battle of camperdown	1	1	90	1898	1898	Camperdown victory		vol018_tropicalagricult1818ceyl#1898-12#094
1010	battle of inkerman	1	1	80	1883	1883	Inkerman	battle	vol002_tropicalagricult18821883colo#1883-02#090
1011	battle of meanee	1	1	90	1897	1897	Battle of Meanee		vol016_tropicalagricult1618ceyl#1897-04#001
1012	battle of plassey	1	1	80	1884	1884	Plassey	battle in 1757	vol004_tropicalagricult18841885colo#1884-07#006
1013	battle of the gauges	1	1	90	1898	1898	Battle of the Gauges	conflict in Ceylon	vol018_tropicalagricult1818ceyl#1898-12#030
1014	bavarian exhibition at munich	1	1	00	1908	1908	Bavarian Exhibition at Munich		vol030_tropicalagricul301908ceyl#1908-04#063
1015	beaver	1	1	80	1889	1889	Beaver	vessel in Boston Tea Party	vol008_tropicalagricult8188ceyl#1889-06#004
1016	bee culture	1	1	20	1928	1928	Bee Culture	title of paper read by Mr. A. P. Goonatillake	vol070_dli-ernet-229220#1928-06#015
1017	beet-root sugar exhibition at arras	1	1	80	1888	1888	beet-root sugar exhibition		vol007_tropicalagricult7188ceyl#1888-05#022
1018	behar famine of 1875	1	1	00	1900	1900	Behar Famine of 1875		vol019_tropicalagricult1918ceyl#1900-02#093
1019	belgian exhibition	1	1	90	1898	1898	Belgian Exhibition		vol018_tropicalagricult1818ceyl#1898-11#014
1020	belgian forest exhibition	1	1	90	1898	1898	Belgian Forest Exhibition		vol018_tropicalagricult1818ceyl#1898-10#017
1021	beligal korale agricultural show	1	1	10	1918	1918	Beligal Korale	agricultural show at Dedigama	vol051_iss04_tropical-agriculturist-1918-10-51-4#1918-10#020
1022	beligamma agricultural show	1	1	10	1918	1918	Beligamma Agricultural Show	event depicted in photograph	vol050_dli-ernet-21168#1918-04#003
1023	beligammana show	1	1	10	1918	1918	Beligammana Show	25th and 26th February	vol050_dli-ernet-21168#1918-06#009
1024	belillos prize	1	1	00	1904	1904	Belillos Prize	prize for best article on drainage and sewerage	vol023_tropicalagricult2319ceyl#1904-03#106
1025	bellana market show	1	1	10	1910	1910	BELLANA MARKET SHOW	show held on 28th May, 1910	vol035_tropicalagricul351910ceyl#1910-07#042
1026	belleisle experiments	1	1	00	1901	1901	Belleisle	experiments on inflammability	vol021_tropicalagricult2119ceyl#1901-08#106
1027	bellgammana agriculture show	1	1	10	1918	1918	Bellgammana Agriculture Show	agricultural show, 1918	vol050_dli-ernet-21168#1918-04#002
1028	bengal exhibition	1	1	80	1884	1884	Bengal Exhibition	exhibition	vol003_tropicalagricult18831884colo#1884-06#046
1029	benin expedition	1	1	00	1902	1902	Benin expedition		vol022_tropicalagricult2219ceyl#1902-07#027
1030	beriberi	1	1	30	1934	1934	beriberi	deficiency disease	vol082_dli-ernet-229227#1934-01#009
1031	berlin cattle show	1	1	80	1885	1885	Berlin Cattle Show	exhibition	vol005_tropicalagricult18851886colo#1885-08#082
1032	berlin conference	1	1	80	1885	1885	Berlin Conference		vol004_tropicalagricult18841885colo#1885-05#125
1033	berlin congress	1	1	90	1891	1891	Berlin Congress	event where oils were exhibited	vol010_tropicalagricult1018ceyl#1891-01#070
1034	berlin exhibition, 1896	1	1	90	1895	1895	Berlin Exhibition, 1896	exhibition	vol014_tropicalagricult1418ceyl#1895-06#022
1035	bermuda dry-dock	1	1	90	1891	1891	Bermuda dry-dock	building project	vol011_tropicalagricult1118ceyl#1891-11#018
1036	bermuda lily disease	1	1	90	1898	1898	Bermuda Lily Disease	subject of pamphlet	vol017_tropicalagricult1718ceyl#1898-01#025
1037	berne phylloxera conference	1	1	80	1889	1889	Berne Phylloxera Conference	conference attended by Dr. Cornu	vol009_tropicalagricult9188ceyl#1889-11#084
1038	bhootan war of 1864	1	1	80	1882	1882	Bhootan war of 1864	war	vol002_tropicalagricult18821883colo#1882-11#125
1039	bhutan war	1	1	80	1886	1886	Bhutan war	historical conflict	vol005_tropicalagricult18851886colo#1886-06#136
1040	bhutan-dooars act	1	1	90	1895	1895	Bhutan-Dooars Act	act to be substituted	vol015_tropicalagricult1518ceyl#1895-09#060
1041	bhutan-doors act	1	1	90	1895	1895	Bhutan-Doors Act		vol015_tropicalagricult1518ceyl#1895-09#060
1042	bin-negguma	1	1	10	1918	1918	Bin-negguma	1st ploughing	vol051_iss01_tropical-agriculturist-1918-07-51-1#1918-07#005
1043	black monday	1	1	90	1897	1897	Black Monday	Financial panic in May 1866	vol017_tropicalagricult1718ceyl#1897-10#001
1044	black mountain expedition	1	1	90	1891	1891	Black Mountain Expedition	expedition accompanied by Mr. Duthie	vol011_tropicalagricult1118ceyl#1891-10#095
1045	black-thread canker	1	1	20	1922	1922	Black-thread canker	disease not to be treated with tar	vol058_dli-ernet-229219#1922-01#004
1046	blanche barkley	1	1	80	1881	1881	Blanche Barkley	colossal nugget	vol001_tropicalagricult1188ceyl#1881-06#060
1047	blandong-system	1	1	80	1884	1884	blandong-system	labor system	vol004_tropicalagricult18841885colo#1884-10#047
1048	blazer	1	1	80	1886	1886	Blazer	ship	vol006_tropicalagricult18861887colo#1886-10#087
1049	bligh expedition	1	1	30	1933	1933	Bligh Expedition	Expedition of 1792	vol080_dli-ernet-229226#1933-05#011
1050	blue nile dam	1	1	30	1938	1938	Blue Nile Dam	dam and reservoir	vol091_tropical-agriculturist-1938-07-91#1938-07#002
1051	bogamuwa paddy cultivation competition 1927-28	1	1	20	1928	1928	Bogamuwa Paddy Cultivation Competition 1927-28	competition	vol071_tropical-agriculturist-1928-08-71#1928-08#020
1052	bombay central co-operative conference	1	1	20	1925	1925	Bombay Central Co-operative Conference	13th meeting	vol064_lbg-630-5-tag-v-64#1925-02#017
1053	bombay provincial co-operative conference	1	1	20	1925	1925	Bombay Provincial Co-operative Conference	opening of	vol064_lbg-630-5-tag-v-64#1925-02#017
1054	bonnygate disease	1	1	10	1915	1915	Bonnygate disease	disease of bananas	vol044_lbg-tropicalagricultvol-xliv0000unse-e6v7#1915-04#011
1055	bor behu	1	1	80	1886	1886	Bor Behu	feast in April	vol006_tropicalagricult18861887colo#1886-09#011
1056	bordeaux agricultural show	1	1	10	1910	1910	Bordeaux Agricultural Show	exhibition in May 1910	vol035_tropicalagricul351910ceyl#1910-11#068
1057	bordeaux congress	1	1	80	1889	1889	Bordeaux Congress	conference on Phylloxera	vol009_tropicalagricult9188ceyl#1889-11#084
1058	boring tomatoes	1	1	90	1897	1897	Boring Tomatoes		vol017_tropicalagricult1718ceyl#1897-09#113
1059	boston exhibition	1	1	80	1882	1882	Boston Exhibition		vol002_tropicalagricult18821883colo#1882-09#111
1060	boston pure food show	1	1	00	1908	1908	BOSTON PURE FOOD SHOW	annual exhibition	vol030_tropicalagricul301908ceyl#1908-06#069
1061	botanical congress in 1867 at paris	1	1	80	1884	1884	Botanical Congress in 1867 at Paris	conference	vol004_tropicalagricult18841885colo#1884-10#063
1062	botanical exhibition and congress	1	1	80	1885	1885	Botanical Exhibition and Congress	held at St. Petersburg	vol004_tropicalagricult18841885colo#1885-01#191
1063	bounty	1	1	80	1884	1884	Bounty	His Majesty's ship	vol003_tropicalagricult18831884colo#1884-01#047
1064	bounty act of 1907	1	1	10	1919	1919	Bounty Act of 1907	legislation offering rice bounty	vol052_iss01_tropical-agriculturist-1919-01-52-1#1919-01#005
1065	bounty affair	1	1	90	1898	1898	Bounty		vol018_tropicalagricult1818ceyl#1898-08#136
1066	bounty scheme	1	1	90	1894	1894	Bounty scheme	Mr. Grilinton's scheme	vol013_tropicalagricult1318ceyl#1894-04#134
1067	bovill	1	1	90	1892	1892	Bovill	legal case	vol011_tropicalagricult1118ceyl#1892-03#077
1068	boxer movement	1	1	00	1900	1900	Boxer movement		vol020_tropicalagricult2019ceyl#1900-09#135
1069	boxer rebellion	1	1	00	1902	1902	Boxer troubles		vol021_tropicalagricult2119ceyl#1902-03#023
1070	boycott	1	1	00	1909	1909	Boycott	movement	vol033_tropicalagricul331909ceyl#1909-09#040
1071	bran disease	1	1	00	1909	1909	bran disease	bone disease observed in animals fed on bran	vol032_tropicalagricul321909ceyl#1909-05#026
1072	bran rachitis	1	1	00	1909	1909	bran rachitis	bone disease observed in animals fed on bran	vol032_tropicalagricul321909ceyl#1909-05#026
1073	branch roads ordinance	1	1	90	1890	1890	Branch Roads Ordinance	legislation	vol010_tropicalagricult1018ceyl#1890-12#051
1074	brazilian coffee exhibition	1	1	80	1882	1882	Brazilian Coffee Exhibition	exhibition at the Crystal Palace	vol002_tropicalagricult18821883colo#1882-08#102
1075	brazilian rubber congress	1	1	10	1912	1912	Brazilian Rubber Congress	congress held at Rio de Janeiro, August 14, 1911	vol038_tropicalagricul381912ceyl#1912-04#003
1076	breakwater	1	1	80	1887	1887	Breakwater	completion mentioned in report	vol007_tropicalagricult7188ceyl#1887-07#001
1077	britannic festival	1	1	90	1892	1892	Britannic Festival		vol011_tropicalagricult1118ceyl#1892-02#095
1078	british and colonial exhibition	1	1	00	1902	1902	British and Colonial exhibition	exhibition in Cape Town	vol021_tropicalagricult2119ceyl#1902-03#048
1079	british association meeting	1	1	10	1914	1914	BRITISH ASSOCIATION MEETING	meeting in Australia	vol043_lbg-tropicalagricultvol-xliii0000unse-c5y3#1914-11#017
1080	british association meeting at york	1	1	00	1906	1906	British Association meeting at York	conference	vol027_tropicalagricul271906ceyl#1906-12#003
1081	british association meeting, norwich	1	1	30	1936	1936	British Association Meeting, Norwich	venue of address	vol086_dli-ernet-229228#1936-04#009
1082	british commonwealth scientific conference	1	1	30	1939	1939	British Commonwealth Scientific Conference	conference met in London in 1936	vol092_tropical-agriculturist-1939-02-92#1939-02#013
1083	british conquest	1	1	90	1896	1896	British Conquest	historical event	vol015_tropicalagricult1518ceyl#1896-06#043
1084	british empire exhibition, 1921	1	1	20	1920	1920	British Empire Exhibition, 1921	Exhibition	vol054_lbg-630-5-tag-v-54#1920-02#019
1085	british empire exposition	1	1	90	1896	1896	British Empire Exposition	exposition in Montreal	vol016_tropicalagricult1618ceyl#1896-07#025
1086	british exhibition in st. petersburg	1	1	00	1902	1902	British Exhibition in St. Petersburg	exhibition	vol021_tropicalagricult2119ceyl#1902-05#022
1087	british exhibition in st. petersburg, 1901-2	1	1	00	1901	1901	British Exhibition in St. Petersburg, 1901-2	exhibition	vol021_tropicalagricult2119ceyl#1901-07#073
1088	british expedition of 1856-7	1	1	90	1890	1890	British Expedition of 1856-7	introduced grass to Farz and Khuzistan	vol010_tropicalagricult1018ceyl#1890-10#009
1089	british import duties act of 1932	1	1	30	1934	1934	British Import Duties Act of 1932	legislation	vol083_tropical-agriculturist-1934-10#1934-10#008
1090	british war effort	1	1	40	1940	1940	British War effort		vol095_iss04_tropical-agriculturist-1940-10-95-4#1940-10#014
1091	british west indian fruit and vegetable conference	1	1	30	1936	1936	British West Indian fruit and vegetable conference held in Jamaica (1933)	recommended packaging standards	vol086_dli-ernet-229228#1936-01#007
1092	brito-babapulle gold medal	1	1	30	1930	1930	Brito-Babapulle Gold Medal	competition for Plantain Cultivation	vol075_tropical-agriculturist-1930-08-75#1930-08#016
1093	brokers act of 1884	1	1	90	1891	1891	Brokers Act of 1884	legislation	vol010_tropicalagricult1018ceyl#1891-03#060
1094	brown bast exhaustion theory experiment	1	1	20	1927	1927	Brown Bast Exhaustion Theory Experiment	experiment	vol068_tropical-agriculturist-1927-06-68#1927-06#008
1095	brown streak	1	1	40	1940	1940	brown streak	cassava disease	vol094_iss04_tropical-agriculturist-1940-04-94-4#1940-04#013
1096	bruckner's theory	1	1	20	1929	1929	Bruckner's theory	theory predicting climate cycles	vol072_dli-ernet-229221#1929-12#003
1097	brusone	1	1	20	1922	1922	brusone	disease of paddy	vol059_tropicalagricult0059unse#1922-07#009
1098	brussels convention of 1902	1	1	10	1915	1915	Brussels Convention of 1902		vol045_lbg-630-5-tag-v-45#1915-10#013
1099	brussels exhibition of 1888	1	1	00	1906	1906	Brussels Exhibition of 1888	exhibition	vol027_tropicalagricul271906ceyl#1906-07#022
1100	brussels exhibition, 1910	1	1	10	1910	1910	Brussels Exhibition	exhibition	vol035_tropicalagricul351910ceyl#1910-11#045
1101	brussels exhibitions	1	1	10	1910	1910	Brussels Exhibitions		vol035_tropicalagricul351910ceyl#1910-11#039
1102	brussels exposition	1	1	00	1901	1901	Brussels Exposition	exhibition in 1897	vol021_tropicalagricult2119ceyl#1901-09#038
1103	brussels monetary conference	1	1	90	1893	1893	Brussels Monetary Conference		vol012_tropicalagricult1218ceyl#1893-05#045
1104	brussels sugar convention	1	1	10	1912	1912	Brussels Sugar Convention	agreement on sugar duties	vol039_tropicalagricul391912ceyl#1912-10#041
1105	bubonic plague	1	1	00	1900	1900	bubonic plague	cause of quarantine restrictions	vol020_tropicalagricult2019ceyl#1900-09#078
1106	bud rot	1	1	00	1907	1907	Bud Rot	disease in Ceylon	vol028_tropicalagricul281907ceyl#1907-01#012
1107	buddhistic period	1	1	10	1914	1914	Buddhistic period	historical period	vol043_lbg-tropicalagricultvol-xliii0000unse-c5y3#1914-08#027
1108	budding demonstration	1	1	20	1926	1926	Budding Demonstration	held at the Royal Botanic Gardens, Peradeniya, on 8th July, 	vol067_iss02_tropical-agriculturist-1926-08-67-2#1926-08#004
1109	budget speech	1	1	00	1902	1902	Budget speech	scheduled for April 10	vol021_tropicalagricult2119ceyl#1902-05#039
1110	buffalo bill's show	1	1	90	1892	1892	Buffalo Bill's Show	attraction	vol012_tropicalagricult1218ceyl#1892-07#009
1111	buffalo exhibition	1	1	00	1901	1901	Buffalo Exhibition		vol021_tropicalagricult2119ceyl#1901-12#120
1112	bull's show	1	1	80	1887	1887	Bull's Show	orchid show at Chelsea	vol007_tropicalagricult7188ceyl#1887-07#005
1113	bunchy top	1	1	20	1920	1920	Bunchy Top	disease of bananas	vol054_lbg-630-5-tag-v-54#1920-03#021
1114	bunchy top disease	1	1	20	1923	1923	Bunchy Top Disease	disease	vol060_lbg-tropicalagricultvol-lx-1923-0000unse-n0c4#1923-03#002
1115	bunchy-top disease	1	1	20	1928	1928	bunchy-top disease	disease of plantains	vol071_tropical-agriculturist-1928-08-71#1928-08#001
1116	bundaberg agricultural conference	1	1	90	1892	1892	Bundaberg Agricultural Conference	Conference where the talk was delivered	vol012_tropicalagricult1218ceyl#1892-12#097
1117	burial of prunings experiment	1	1	20	1921	1921	Burial of Prunings Experiment	experiment to test fertilizers and insecticides	vol046_lbg-630-5-tag-v-46#1921-01#008
1118	burma conference	1	1	10	1912	1912	Burma Conference	recent conference	vol038_tropicalagricul381912ceyl#1912-03#025
1119	burmese mission of 1815	1	1	80	1882	1882	Burmese mission of 1815	historical event	vol002_tropicalagricult18821883colo#1882-07#009
1120	burra bausats	1	1	90	1897	1897	Burra Bausats	tea season period	vol016_tropicalagricult1618ceyl#1897-06#093
1121	bush-sickness	1	1	20	1929	1929	bush-sickness	wasting, non-transmissible disease	vol072_dli-ernet-229221#1929-01/06#056
1122	cacao disease	1	1	90	1899	1899	Cacao Disease	subject of rules and translation	vol018_tropicalagricult1818ceyl#1899-01#122
1123	cacao farm competitions	1	1	20	1923	1923	Cacao Farm Competitions	existing competition model	vol060_lbg-tropicalagricultvol-lx-1923-0000unse-n0c4#1923-04#028
1124	cairns show	1	1	90	1899	1899	Cairns Show		vol018_tropicalagricult1818ceyl#1899-05#044
1125	calcutta agricultural exhibition	1	1	00	1902	1902	Calcutta Agricultural Exhibition	1863-64	vol021_tropicalagricult2119ceyl#1902-06#055
1126	calcutta conference	1	1	10	1910	1910	Calcutta Conference	conference of November last	vol035_tropicalagricul351910ceyl#1910-08#018
1127	calcutta exhibition of 1883-4	1	1	90	1894	1894	Calcutta Exhibition of 1883-4		vol014_tropicalagricult1418ceyl#1894-08#001
1128	calcutta exhibition of 1883-84	1	1	90	1894	1894	Calcutta Exhibition of 1883-84	stimulus for Eucalyptus introduction	vol014_tropicalagricult1418ceyl#1894-08#007
1129	calcutta international exhibition of 1883	1	1	90	1895	1895	Calcutta International Exhibition in 1883	exhibition	vol014_tropicalagricult1418ceyl#1895-03#026
1130	calcutta method of composting	1	1	40	1941	1941	The "CALCUTTA" METHOD OF COMPOSTING	composting technique	vol097_iss05_tropical-agriculturist-1941-11-97-5#1941-11#010
1131	calcutta tea sales	1	1	00	1900	1900	Calcutta Tea Sales		vol020_tropicalagricult2019ceyl#1900-09#007
1132	california mid-winter exposition	1	1	90	1894	1894	California Mid-Winter Exposition		vol013_tropicalagricult1318ceyl#1894-05#016
1133	california midwinter exhibition	1	1	90	1894	1894	California Midwinter Exhibition	upcoming exhibition	vol013_tropicalagricult1318ceyl#1894-01#017
1134	californian exhibition of 1894	1	1	90	1894	1894	Californian Exhibition of 1894	exposition to be opened at San Francisco	vol013_tropicalagricult1318ceyl#1894-01#014
1135	californian midwinter international exposition	1	1	90	1895	1895	Californian Midwinter International Exposition		vol014_tropicalagricult1418ceyl#1895-05#066
1136	californian vine-disease	1	1	90	1897	1897	Californian vine-disease	epidemic of 1892	vol017_tropicalagricult1718ceyl#1897-09#032
1137	cambridge expedition to torres straits	1	1	90	1898	1898	Cambridge Expedition to Torres Straits	exploring expedition	vol017_tropicalagricult1718ceyl#1898-05#062
1138	cambridge local	1	1	90	1891	1891	Cambridge Local	examination	vol011_tropicalagricult1118ceyl#1891-12#024
1139	cambridge local examination	1	1	80	1885	1885	Cambridge Local Examination	examination extended to Jamaica	vol005_tropicalagricult18851886colo#1885-10#033
1140	cambridge senior local examination in agricultural science	1	1	10	1910	1910	Cambridge Senior Local Examination in Agricultural Science	examination qualifying for exemption	vol035_tropicalagricul351910ceyl#1910-09#030
1141	canada's great international exhibition	1	1	90	1895	1895	Canada's Great International Exhibition	May 24th to October 31st, 1896	vol014_tropicalagricult1418ceyl#1895-05#108
1142	canada's great international exhibition, 1896	1	1	90	1895	1895	Canada's Great International Exhibition, 1896	exhibition	vol014_tropicalagricult1418ceyl#1895-06#022
1143	canadian exposition of 1896	1	1	90	1895	1895	Canadian Exposition of 1896	exposition	vol014_tropicalagricult1418ceyl#1895-02#148
1144	canadian food show	1	1	90	1895	1895	Canadian Food Show		vol015_tropicalagricult1518ceyl#1895-11#114
1145	canadian international exposition	1	1	90	1895	1895	Canadian International Exposition	exposition, 1896	vol014_tropicalagricult1418ceyl#1895-05#081
1146	canadian show	1	1	90	1895	1895	Canadian Show		vol014_tropicalagricult1418ceyl#1895-05#108
1147	cannington v. nuttall	1	1	80	1885	1885	Cannington v. Nuttall	legal case cited	vol005_tropicalagricult18851886colo#1885-07#134
1148	canter lectures	1	1	90	1895	1895	Canter Lectures	lecture series	vol015_tropicalagricult1518ceyl#1895-08#092
1149	canton lectures	1	1	00	1900	1900	Canton Lectures	lecture series	vol019_tropicalagricult1918ceyl#1900-06#170
1150	cantonal exhibitions	1	1	00	1902	1902	Cantonal Exhibitions	exhibitions	vol022_tropicalagricult2219ceyl#1902-07#035
1151	cantor lecture	1	1	80	1888	1888	Cantor Lecture	delivered in 1880 on Indian rubbers	vol007_tropicalagricult7188ceyl#1888-01#062
1152	cantor lectures on commercial fibres	1	1	90	1895	1895	Commercial Fibres	series of Cantor Lectures	vol014_tropicalagricult1418ceyl#1895-05#033
1153	cape-to-cairo route	1	1	90	1895	1895	Cape-to-Cairo route	proposed railway route	vol015_tropicalagricult1518ceyl#1895-09#098
1154	carboniferous age	1	1	90	1892	1892	carboniferous age	geological period	vol011_tropicalagricult1118ceyl#1892-05#033
1155	catterbury week	1	1	90	1893	1893	Catterbury Week	event	vol012_tropicalagricult1218ceyl#1893-01#023
1156	cattle commission of 1869	1	1	90	1890	1890	Cattle Commission of 1869	commission on cattle	vol010_tropicalagricult1018ceyl#1890-09#068
1157	cattle conference	1	1	20	1926	1926	Cattle Conference	annual conference on cattle-breeding	vol066_iss02_tropical-agriculturist-1926-02-66-2#1926-02#008
1158	cattle murain	1	1	90	1894	1894	cattle murain	outbreak	vol014_tropicalagricult1418ceyl#1894-10#007
1159	cattle plague	1	1	90	1899	1899	cattle plague		vol018_tropicalagricult1818ceyl#1899-02#124
1160	cattle show at dambulla	1	1	00	1903	1903	Cattle Show at Dambulla	event	vol023_tropicalagricult2319ceyl#1903-08#019
1161	cattle trespass act	1	1	90	1891	1891	Cattle Trespass Act	legislation	vol011_tropicalagricult1118ceyl#1891-09#072
1162	cattle trespass ordinance no. 9 of 1876	1	1	90	1890	1890	Cattle Trespass, No. 9 of 1876	ordinance	vol010_tropicalagricult1018ceyl#1890-10#109
1163	cawnpore farm experiments	1	1	80	1883	1883	Cawnpore Farm Experiments	agricultural experiments	vol002_tropicalagricult18821883colo#1883-03#012
1164	census	1	1	30	1931	1931	Census	fixed for February 26th and 27th	vol076_dli-ernet-229225#1931-02#015
1165	census of 1891	1	1	90	1893	1893	Census of 1891		vol013_tropicalagricult1318ceyl#1893-08#054
1166	centenary exhibition	1	1	80	1887	1887	Centenary		vol007_tropicalagricult7188ceyl#1887-11#011
1167	centenary exhibition at melbourne	1	1	80	1887	1887	Centenary Exhibition at Melbourne		vol007_tropicalagricult7188ceyl#1887-11#001
1168	centennial exhibition, melbourne	1	1	80	1889	1889	Centennial Exhibition, Melbourne		vol008_tropicalagricult8188ceyl#1889-02#162
1169	centennial exposition at philadelphia	1	1	10	1912	1912	Centennial Exposition at Philadelphia	1876	vol038_tropicalagricul381912ceyl#1912-03#003
1170	centennial international exhibition	1	1	90	1890	1890	Centennial International Exhibition	exhibition held in Melbourne	vol009_tropicalagricult9188ceyl#1890-01#093
1171	cess memorial	1	1	00	1902	1902	Cess Memorial	memorial regarding tea cess	vol021_tropicalagricult2119ceyl#1902-03#053
1172	ceylon (state council) order-in-council 1931	1	1	30	1932	1932	Ceylon (State Council) Order-in-Council 1931		vol078_tropical-agriculturist-1932-04-78#1932-04#001
1173	ceylon agri-horticultural exhibition	1	1	90	1891	1891	Ceylon Agri-Horticultural Exhibition	held at Nuwara Eliya on April 1, 1891	vol011_tropicalagricult1118ceyl#1891-11#097
1174	ceylon agricultural shows	1	1	00	1904	1904	CEYLON AGRICULTURAL SHOWS	agricultural shows in 1904	vol023_tropicalagricult2319ceyl#1904-03#043
1175	ceylon association tea scheme	1	1	80	1889	1889	Ceylon Association Tea Scheme	failed financial scheme	vol008_tropicalagricult8188ceyl#1889-01#145
1176	ceylon centennial and international exhibition	1	1	90	1895	1895	Ceylon Centennial and International Exhibition	proposed exhibition for 1898	vol014_tropicalagricult1418ceyl#1895-05#071
1177	ceylon commission of 1857	1	1	80	1889	1889	Ceylon Commission of 1857	commission	vol008_tropicalagricult8188ceyl#1889-04#102
1178	ceylon continental tea campaign	1	1	00	1908	1908	Ceylon Continental Tea Campaign		vol030_tropicalagricul301908ceyl#1908-04#063
1179	ceylon court of the colonial and indian exhibition in 1883	1	1	80	1889	1889	Ceylon Court of the Colonial and Indian Exhibition in 1883	exhibition	vol008_tropicalagricult8188ceyl#1889-01#015
1180	ceylon court paris exhibition	1	1	00	1900	1900	Ceylon Court Paris Exhibition	exhibition	vol019_tropicalagricult1918ceyl#1900-03#069
1181	ceylon cup	1	1	90	1892	1892	Ceylon Cup	horse race	vol011_tropicalagricult1118ceyl#1892-02#017
1182	ceylon dinner	1	1	80	1886	1886	Ceylon Dinner	held in London	vol006_tropicalagricult18861887colo#1886-12#126
1183	ceylon fertilizers ordinance, 1901	1	1	00	1901	1901	CEYLON FERTILIZERS ORDINANCE, 1901	legislation	vol021_tropicalagricult2119ceyl#1901-12#044
1184	ceylon kiock	1	1	90	1890	1890	Ceylon Kiock	Exhibition	vol009_tropicalagricult9188ceyl#1890-05#008
1185	ceylon northern railway scheme	1	1	90	1899	1899	Ceylon Northern Railway scheme	railway scheme under discussion	vol018_tropicalagricult1818ceyl#1899-02#010
1186	ceylon pavilion	1	1	10	1914	1914	CEYLON PAVILION	exhibition	vol043_lbg-tropicalagricultvol-xliii0000unse-c5y3#1914-09#001
1187	ceylon pearl oyster enquiry	1	1	00	1901	1901	Pearl Oyster Enquiry		vol020_tropicalagricult2019ceyl#1901-02#017
1188	ceylon poultry club show	1	1	10	1913	1913	CEYLON POULTRY CLUB SHOW	Saturday, 20th September, 1913	vol041_lbg-vol-xli-tropicalagricult0000dewi-t3r5#1913-11#043
1189	ceylon prize essays on pruning	1	1	00	1903	1903	Ceylon Prize Essays on Pruning	competition	vol022_tropicalagricult2219ceyl#1903-05#065
1190	ceylon rubber show at peradeniya	1	1	00	1906	1906	Ceylon Rubber Show at Peradeniya	rubber exhibition	vol026_tropicalagricul261906ceyl#1906-04#003
1191	ceylon show	1	1	10	1912	1912	Ceylon show		vol039_tropicalagricul391912ceyl#1912-07#042
1192	ceylon tea and coffee exhibit	1	1	80	1887	1887	Ceylon Tea and Coffee Exhibit		vol007_tropicalagricult7188ceyl#1887-12#063
1193	ceylon tea exhibit	1	1	90	1896	1896	Ceylon Tea Exhibit	at the Philadelphia Food Exposition	vol015_tropicalagricult1518ceyl#1896-02#059
1194	ceylon tea house	1	1	90	1896	1896	Ceylon Tea House	exhibition stand	vol015_tropicalagricult1518ceyl#1896-05#067
1195	ceylon tea totam	1	1	00	1908	1908	CEYLON TEA TOTAM	demonstration exhibit	vol030_tropicalagricul301908ceyl#1908-06#069
1196	ceylon tractor trials	1	1	20	1921	1921	Ceylon Tractor trials	competitive trials	vol047_lbg-630-5-tag-v-47#1921-07#001
1197	ceylon-indian narrow gauge railway	1	1	90	1895	1895	Ceylon-Indian Narrow Gauge Railway	proposed railway project	vol015_tropicalagricult1518ceyl#1895-09#092
1198	ceylon-indian railway	1	1	90	1895	1895	Ceylon-Indian Railway	proposed railway project	vol015_tropicalagricult1518ceyl#1895-09#092
1199	challenger	1	1	90	1890	1890	Challenger	expedition	vol010_tropicalagricult1018ceyl#1890-08#095
1200	champion ploughing match	1	1	00	1900	1900	Champion Ploughing Match	event in the district	vol019_tropicalagricult1918ceyl#1900-04#056
1201	champion prize	1	1	90	1891	1891	Champion Prize	award	vol010_tropicalagricult1018ceyl#1891-02#055
1202	charleroi exhibition	1	1	10	1911	1911	Charleroi Exhibition	exhibition	vol037_tropicalagricul371911ceyl#1911-11#042
1203	cheese bill	1	1	90	1896	1896	Cheese bill	legislative proposal	vol015_tropicalagricult1518ceyl#1896-05#065
1204	chelsea exhibition	1	1	90	1892	1892	Chelsea Exhibition		vol012_tropicalagricult1218ceyl#1892-08#106
1205	cheltenham fruit and flower show	1	1	90	1899	1899	Cheltenham fruit and flower show		vol018_tropicalagricult1818ceyl#1899-01#145
1206	chena system	1	1	40	1944	1944	chena	agricultural system	vol100_iss04_tropical-agriculturist-october-december-1944-100-4#1944-10/12#009
1207	chenas	1	1	20	1927	1927	Chenas	system of cultivation	vol068_tropical-agriculturist-1927-05-68#1927-05#011
1208	chicago and san francisco expositions	1	1	90	1894	1894	Chicago and San Francisco Expositions		vol014_tropicalagricult1418ceyl#1894-10#118
1209	chicago big show	1	1	90	1896	1896	Chicago big show		vol015_tropicalagricult1518ceyl#1896-02#081
1210	chicago exhibit	1	1	00	1903	1903	Chicago Exhibit	exposition, 1893	vol023_tropicalagricult2319ceyl#1903-12#043
1211	chicago exhibition, 1893	1	1	90	1892	1892	CHICAGO EXHIBITION, 1893	exhibition for Indian tea	vol012_tropicalagricult1218ceyl#1892-10#033
1212	chicago expository	1	1	90	1891	1891	Chicago Expository		vol011_tropicalagricult1118ceyl#1891-10#121
1213	chicago live stock exhibition	1	1	00	1906	1906	Chicago Live Stock Exhibition	largest Live Stock Show in the United States	vol027_tropicalagricul271906ceyl#1906-11#024
1214	chicago world’s fair	1	1	90	1891	1891	Chicago World’s Fair		vol011_tropicalagricult1118ceyl#1891-12#099
1215	chilaw coconut trial ground	1	1	20	1925	1925	Chilaw Coconut Trial Ground	agricultural experiment	vol064_lbg-630-5-tag-v-64#1925-01#002
1216	chilaw coconut trials	1	1	20	1929	1929	Chilaw Coconut Trials	statistical examination of data	vol072_dli-ernet-229221#1929-10#004
1217	chilaw vegetable garden competition	1	1	20	1927	1927	Chilaw Vegetable Garden Competition	competition for gardens	vol069_tropical-agriculturist-1927-12-69#1927-12#026
1218	chilaw vegetable gardens competitions	1	1	20	1926	1926	CHILAW VEGETABLE GARDENS COMPETITIONS	agricultural competition	vol067_iss05_tropical-agriculturist-1926-11-67-5#1926-11#017
1219	children's garden conference	1	1	00	1907	1907	Children's Garden Conference	conference held in December 1905	vol028_tropicalagricul281907ceyl#1907-05#022
1220	chilean war	1	1	80	1888	1888	Chilian war		vol008_tropicalagricult8188ceyl#1888-10#026
1221	china and japan war	1	1	90	1894	1894	China and Japan war		vol014_tropicalagricult1418ceyl#1894-11#098
1222	china war	1	1	00	1900	1900	China War		vol020_tropicalagricult2019ceyl#1900-11#124
1223	china wars	1	1	90	1893	1893	China wars		vol013_tropicalagricult1318ceyl#1893-08#002
1224	china-japanese war	1	1	90	1895	1895	China-Japanese war		vol014_tropicalagricult1418ceyl#1895-02#020
1225	chinese and japanese war	1	1	90	1897	1897	Chinese and Japanese war		vol016_tropicalagricult1618ceyl#1897-02#072
1226	chinese embroglio	1	1	00	1901	1901	Chinese Embroglio		vol020_tropicalagricult2019ceyl#1901-02#082
1227	chinese exclusion law	1	1	90	1899	1899	Chinese exclusion law		vol019_tropicalagricult1918ceyl#1899-10#049
1228	chinese loan	1	1	90	1896	1896	Chinese Loan	financial event affecting exchange	vol015_tropicalagricult1518ceyl#1896-05#011
1229	chinese new year	1	1	90	1895	1895	Chinese New Year	festival	vol014_tropicalagricult1418ceyl#1895-06#091
1230	chinese revolution	1	1	10	1912	1912	the Chinese Revolution		vol039_tropicalagricul391912ceyl#1912-12#079
1231	chinese war	1	1	90	1895	1895	Chinese war	event leading to camphor monopoly	vol015_tropicalagricult1518ceyl#1895-09#198
1232	chirupokam	1	1	90	1893	1893	Chirupokam	little crop sown in April	vol013_tropicalagricult1318ceyl#1893-12#079
1233	chitral campaign	1	1	90	1898	1898	Chitral	British Campaign	vol018_tropicalagricult1818ceyl#1898-12#126
1234	chitral expedition	1	1	90	1897	1897	Chitral expedition		vol016_tropicalagricult1618ceyl#1897-02#023
1235	chola	1	1	90	1897	1897	Chola	tea season period	vol016_tropicalagricult1618ceyl#1897-06#093
1236	cholera scare	1	1	80	1889	1889	cholera	epidemic scare	vol008_tropicalagricult8188ceyl#1889-06#011
1237	chos act	1	1	40	1940	1940	Chos Act	local land preservation act	vol095_iss02_tropical-agriculturist-1940-08-95-2#1940-08#012
1238	christchurch exhibition	1	1	80	1884	1884	Christchurch Exhibition	exhibition where silkworm samples were shown	vol003_tropicalagricult18831884colo#1884-04#102
1239	chrysanthemum show	1	1	00	1907	1907	Chrysanthemum Show	exhibition	vol028_tropicalagricul281907ceyl#1907-05#022
1240	chung king fair	1	1	10	1910	1910	Chung king fair		vol035_tropicalagricul351910ceyl#1910-09#061
1241	chungking fair	1	1	10	1910	1910	Chungking Fair		vol035_tropicalagricul351910ceyl#1910-09#043
1242	cinchona planting in java	1	1	80	1889	1889	CINCHONA PLANTING IN JAVA		vol008_tropicalagricult8188ceyl#1889-04#061
1243	cinchona-bark auction	1	1	90	1899	1899	cinchona-bark auction	held in Amsterdam on September 28	vol019_tropicalagricult1918ceyl#1899-11#027
1244	citronella oil case	1	1	90	1896	1896	citronella oil case	legal case	vol016_tropicalagricult1618ceyl#1896-07#056
1245	citronella-oil case	1	1	90	1896	1896	Citronella-oil case	arbitration case	vol016_tropicalagricult1618ceyl#1896-07#110
1246	civil war in the united states	1	1	90	1894	1894	Civil War in the United States	historical event	vol014_tropicalagricult1418ceyl#1894-09#023
1247	clean milk competition	1	1	20	1928	1928	Clean Milk Competition	county competition for dairy holdings	vol071_tropical-agriculturist-1928-10-71#1928-10#010
1248	cleopatra's needle	1	1	00	1901	1901	Cleopatra's Needle	monument	vol021_tropicalagricult2119ceyl#1901-09#069
1249	clifford cup	1	1	10	1915	1915	Clifford Cup	Golf	vol045_lbg-630-5-tag-v-45#1915-07#049
1250	co-operative credit ordinance	1	1	10	1912	1912	Co-operative Credit Ordinance	legislation	vol039_tropicalagricul391912ceyl#1912-11#014
1251	co-operative ordinance (no. 39 of 1935)	1	1	30	1936	1936	Co-operative Ordinance (No. 39 of 1935)	legislation	vol086_dli-ernet-229228#1936-08#009
1252	cockle-park grass experiments	1	1	10	1915	1915	Cockle-park Grass Experiments	agricultural experiment	vol045_lbg-630-5-tag-v-45#1915-12#018
1253	cocoa bag	1	1	00	1904	1904	cocoa bag	tropical disease treated with papaw	vol023_tropicalagricult2319ceyl#1904-03#129
1254	cocoa experiments at gangaroo	1	1	10	1915	1915	Cocoa Experiments at Gangaroo	agricultural experiment	vol045_lbg-630-5-tag-v-45#1915-07#003
1255	cocoa prize competition	1	1	10	1912	1912	cocoa prize competition	arranged to promote better methods	vol038_tropicalagricul381912ceyl#1912-01#041
1256	coconut conference	1	1	10	1914	1914	coconut conference	held in June	vol043_lbg-tropicalagricultvol-xliii0000unse-c5y3#1914-10#008
1257	coconut disease	1	1	00	1908	1908	coconut disease	disease affecting palms in Travancore	vol030_tropicalagricul301908ceyl#1908-04#096
1258	coconut enactment	1	1	00	1902	1902	Coconut Enactment	regulation enforced by Government	vol022_tropicalagricult2219ceyl#1902-10#052
1259	coconut exhibition	1	1	10	1914	1914	Coconut Exhibition	proposed exhibition	vol043_lbg-tropicalagricultvol-xliii0000unse-c5y3#1914-10#008
1260	coconut preservation enactment	1	1	00	1903	1903	Coconut Preservation Enactment	legal framework	vol023_tropicalagricult2319ceyl#1903-07#051
1261	coconut research ordinance	1	1	20	1928	1928	Coconut Research Ordinance	recently passed	vol071_tropical-agriculturist-1928-12-71#1928-12#001
1262	coconut research ordinance no. 29 of 1928	1	1	30	1932	1932	Coconut Research Ordinance No. 29 of 1928	legislation	vol079_iss04_tropical-agriculturist-1932-10-79-4#1932-10#012
1263	coconut trees preservation bill	1	1	90	1890	1890	Coconut Trees Preservation Bill	legislation in the Straits	vol009_tropicalagricult9188ceyl#1890-05#095
1264	coconut trees preservation enactment, 1898	1	1	90	1898	1898	COCONUT TREES PRESERVATION ENACTMENT, 1898	legislation	vol018_tropicalagricult1818ceyl#1898-08#105
1265	coconut trees preservation enactments	1	1	10	1917	1917	Coconut Trees Preservation Enactments	legislation	vol049_iss04_tropical-agriculturist-1917-10-49-4#1917-10#012
1266	coffee blight	1	1	00	1904	1904	coffee blight	historical event	vol023_tropicalagricult2319ceyl#1904-05#073
1267	coffee exhibition	1	1	80	1883	1883	coffee exhibition	event	vol002_tropicalagricult18821883colo#1883-02#071
1268	coffee exhibition in rio de janeiro	1	1	80	1882	1882	coffee exhibition	about to be held in Rio de Janeiro	vol001_tropicalagricult1188ceyl#1882-01#007
1269	coffee exhibition in rio november 10th	1	1	80	1882	1882	coffee exhibition in Rio November 10th		vol001_tropicalagricult1188ceyl#1882-01#035
1270	coffee fair	1	1	80	1884	1884	Coffee fair	held last year	vol004_tropicalagricult18841885colo#1884-08#098
1271	coffee leaf disease inquiry	1	1	90	1891	1891	Coffee Leaf Disease Inquiry	inquiry	vol010_tropicalagricult1018ceyl#1891-05#034
1272	coffee leaf disease regulation act of 1894	1	1	00	1901	1901	Coffee Leaf Disease Regulation Act of 1894	regulation	vol021_tropicalagricult2119ceyl#1901-11#086
1273	coffee planters' congress	1	1	00	1900	1900	coffee planters' congress	held at Malany in October, 1898	vol019_tropicalagricult1918ceyl#1900-05#028
1274	coffee smash	1	1	10	1910	1910	coffee smash		vol035_tropicalagricul351910ceyl#1910-10#068
1275	coffee stealing act amendment bill	1	1	90	1899	1899	Coffee stealing Act Amendment Bill	draft legislation	vol019_tropicalagricult1918ceyl#1899-11#028
1276	coffee stealing prevention act, xiii. of 1878	1	1	90	1893	1893	Coffee Stealing Prevention Act, XIII. of 1878	legislation	vol012_tropicalagricult1218ceyl#1893-06#021
1277	coffee valorisation scheme of brazil	1	1	20	1928	1928	Coffee Valorisation Scheme of Brazil		vol071_tropical-agriculturist-1928-08-71#1928-08#015
1278	coffee waste lands regulations	1	1	80	1889	1889	Coffee Waste Lands Regulations	regulations referenced in resolution	vol008_tropicalagricult8188ceyl#1889-04#089
1279	coffee-stealing act	1	1	80	1882	1882	Coffee-stealing Act	legislation	vol001_tropicalagricult1188ceyl#1882-02#031
1280	coffee-stealing act amendment act	1	1	90	1899	1899	Coffee-stealing Act Amendment Act	legislation	vol019_tropicalagricult1918ceyl#1899-11#029
1281	coimbatore diploma in agriculture	1	1	00	1909	1909	Coimbatore Diploma in Agriculture	academic qualification	vol033_tropicalagricul331909ceyl#1909-10#030
1282	col. wright prize competition	1	1	20	1927	1927	Col. Wright Prize Competition	prize competition in North-Western Province	vol069_tropical-agriculturist-1927-09-69#1927-09#017
1283	colind	1	1	80	1888	1888	Colind	Exhibition	vol008_tropicalagricult8188ceyl#1888-08#108
1284	colindian exhibition	1	1	80	1886	1886	Colindian Exhibition	venue for the lecture	vol006_tropicalagricult18861887colo#1886-09#008
1285	colloid symposium	1	1	30	1932	1932	Colloid Symposium	June, 1930	vol079_iss03_tropical-agriculturist-1932-09-79-3#1932-09#013
1286	cologne exhibition	1	1	90	1890	1890	Cologne Exhibition	1888	vol009_tropicalagricult9188ceyl#1890-03#121
1287	colombian exposition	1	1	00	1903	1903	Colombian Exposition	exhibition	vol022_tropicalagricult2219ceyl#1903-04#008
1288	colombo agri-horticultural show of 1883	1	1	80	1883	1883	Colombo Agri-Horticultural Show of 1883	event marking a new period in the tea industry	vol003_tropicalagricult18831884colo#1883-09#046
1289	colombo agri-horticultural shows	1	1	00	1903	1903	Colombo Agri-Horticultural Shows		vol022_tropicalagricult2219ceyl#1903-01#121
1290	colombo agri-horticultural society show	1	1	90	1899	1899	Colombo Agri-Horticultural Society Show	event held last month	vol019_tropicalagricult1918ceyl#1899-08#177
1291	colombo agri-horticultural society's exhibition	1	1	90	1899	1899	Colombo Agri-Horticultural Society's Exhibition	held on July 21st and 22nd	vol019_tropicalagricult1918ceyl#1899-08#172
1292	colombo agri-horticultural society's show	1	1	00	1903	1903	Colombo Agri-Horticultural Society's Show	held in Henaratgoda Botanic Gardens	vol023_tropicalagricult2319ceyl#1903-09#108
1293	colombo agri-horticultural society's show at henaratgoda	1	1	00	1903	1903	COLOMBO AGRİ-HORTICULTURAL SOCIETY'S SHOW AT HENARATGODA	show	vol023_tropicalagricult2319ceyl#1903-07#106
1294	colombo agricultural show	1	1	90	1899	1899	Colombo Agricultural Show	exhibition	vol019_tropicalagricult1918ceyl#1899-11#059
1295	colombo and kandy agri-horticultural exhibitions	1	1	80	1889	1889	Colombo and Kandy Agri-Horticultural Exhibitions		vol009_tropicalagricult9188ceyl#1889-10#063
1296	colombo conference	1	1	30	1932	1932	Colombo Conference		vol079_iss02_tropical-agriculturist-1932-08-79-2#1932-08#013
1297	colombo fruit and flower show	1	1	90	1898	1898	Colombo Fruit and Flower Show	horticultural exhibition	vol018_tropicalagricult1818ceyl#1898-08#011
1298	colombo harbour works	1	1	80	1888	1888	Colombo Harbour Works	subject of Mr. Kyle's paper	vol008_tropicalagricult8188ceyl#1888-07#045
1299	colombo tea kiosk	1	1	90	1891	1891	Colombo Tea Kiosk	proposed structure for tea sales	vol010_tropicalagricult1018ceyl#1891-06#001
1300	colonel wright prize competition	1	1	20	1928	1928	Colonel Wright Prize Competition	annual prize competition	vol071_tropical-agriculturist-1928-10-71#1928-10#014
1301	colonial and flemish art exhibition	1	1	30	1932	1932	Colonial and Flemish Art Exhibition	exhibition at Antwerp	vol078_tropical-agriculturist-1932-03-78#1932-03#004
1302	colonial and indian exhibition in london	1	1	80	1888	1888	Colonial and Indian Exhibition in London	exhibition where pearl was displayed	vol007_tropicalagricult7188ceyl#1888-04#098
1303	colonial and indian exhibition of 1885	1	1	90	1892	1892	Colonial and Indian Exhibition held in London in 1885	exhibition	vol012_tropicalagricult1218ceyl#1892-08#096
1304	colonial and indian exhibition, 1887	1	1	90	1896	1896	Colonial and Indian Exhibition, 1887	exhibition associated with the Royal Commission report	vol015_tropicalagricult1518ceyl#1896-01#002
1305	colonial and indian exhibitions	1	1	90	1895	1895	Colonial and Indian Exhibitions	exhibition	vol014_tropicalagricult1418ceyl#1895-03#027
1306	colonial and liverpool exhibitions	1	1	80	1887	1887	Colonial and Liverpool Exhibitions	exhibitions	vol007_tropicalagricult7188ceyl#1887-10#095
1307	colonial and london exhibition of 1886	1	1	00	1900	1900	Colonial and London Exhibition of 1886	exhibition	vol019_tropicalagricult1918ceyl#1900-02#126
1308	colonial conference in london	1	1	30	1931	1931	Colonial Conference in London	conference	vol076_dli-ernet-229225#1931-02#014
1309	colonial conference of 1927	1	1	20	1927	1927	Colonial Conference of 1927	conference	vol069_tropical-agriculturist-1927-09-69#1927-09#001
1310	colonial exhibition 1886-87	1	1	90	1892	1892	Colonial Exhibition 1886-87	exhibition where fibre was shown	vol012_tropicalagricult1218ceyl#1892-08#013
1311	colonial exhibition in amsterdam	1	1	80	1888	1888	Colonial Exhibition in Amsterdam	exhibition	vol008_tropicalagricult8188ceyl#1888-11#054
1312	colonial exhibition, 1886	1	1	90	1891	1891	Colonial Exhibition, 1886		vol010_tropicalagricult1018ceyl#1891-05#067
1313	colonial exhibition, london	1	1	80	1886	1886	Colonial Exhibition	exhibition in London	vol005_tropicalagricult18851886colo#1886-02#075
1314	colonial market	1	1	80	1887	1887	Colonial Market	market attached to the Exhibition	vol006_tropicalagricult18861887colo#1887-04#111
1315	colonial office conference	1	1	30	1933	1933	Colonial Office Conference	met in London in 1930	vol081_iss02_tropical-agriculturist-1933-08-81-2#1933-08#005
1316	colonial office conference, 1927	1	1	20	1927	1927	Colonial Office Conference, 1927	conference	vol069_tropical-agriculturist-1927-11-69#1927-11#004
1317	colonial produce exhibition	1	1	00	1906	1906	Colonial Produce Exhibition	event where fruit was exhibited	vol026_tropicalagricul261906ceyl#1906-04#018
1318	colonies exhibition	1	1	80	1886	1886	Colonies Exhibition	exhibition	vol006_tropicalagricult18861887colo#1886-07#092
1319	columbian exposition 1893	1	1	90	1892	1892	Columbian Exposition 1893	exhibition in Chicago	vol011_tropicalagricult1118ceyl#1892-01#053
1320	columbian world's fair	1	1	10	1912	1912	Columbian World's Fair		vol038_tropicalagricul381912ceyl#1912-01#021
1321	comet of perrine	1	1	00	1902	1902	comet of Perrine	celestial event	vol022_tropicalagricult2219ceyl#1902-11#129
1322	commission of 1869	1	1	90	1890	1890	Commission of 1869		vol010_tropicalagricult1018ceyl#1890-09#068
1323	commission on colonial industries	1	1	90	1893	1893	Commission on Colonial Industries	government commission	vol012_tropicalagricult1218ceyl#1893-01#079
1324	commonwealth counties act	1	1	10	1915	1915	Commonwealth Counties Act	legislation providing bounties	vol045_lbg-630-5-tag-v-45#1915-08#010
1325	commonwealth customs act	1	1	00	1902	1902	Commonwealth Customs Act	legislation	vol022_tropicalagricult2219ceyl#1902-12#054
1326	commonwealth mail contract	1	1	00	1908	1908	Commonwealth Mail Contract	steam service contract	vol030_tropicalagricul301908ceyl#1908-03#055
1327	commonwealth scientific conference	1	1	30	1939	1939	Commonwealth Scientific Conference	source of resolutions XXXIV and XXXVI	vol092_tropical-agriculturist-1939-03-92#1939-03#005
1328	companion of the bath	1	1	80	1887	1887	Companion of the Bath	honour bestowed on Mr. Markham	vol007_tropicalagricult7188ceyl#1887-12#056
1329	competitions in the kotmale division of the nuwara eliya district	1	1	20	1928	1928	Competitions in the Kotmale Division of the Nuwara Eliya District		vol070_dli-ernet-229220#1928-11#003
1330	concours spéciaux des instruments agricoles	1	1	90	1890	1890	Concours spéciaux des instruments agricoles	competition	vol009_tropicalagricult9188ceyl#1890-01#115
1331	conference at bangalore	1	1	90	1894	1894	Conference at Bangalore	conference	vol014_tropicalagricult1418ceyl#1894-07#052
1332	conference at bloemfontein	1	1	00	1903	1903	Conference	held at Bloemfontein	vol022_tropicalagricult2219ceyl#1903-06#109
1333	conference at glasgow	1	1	80	1886	1886	Conference at Glasgow	meeting where Pekoe Flower was presented	vol006_tropicalagricult18861887colo#1886-12#086
1334	conference for the development of agricultural and forest meteorology	1	1	80	1882	1882	Conference for the Development of Agricultural and Forest Meteorology	held at Vienna in Sept. 1880	vol001_tropicalagricult1188ceyl#1882-04#119
1335	conference held at trinidad in 1905	1	1	00	1909	1909	Conference held at Trinidad in 1905		vol032_tropicalagricul321909ceyl#1909-01#026
1336	conference of agricultural teachers	1	1	30	1930	1930	Conference of Agricultural Teachers	held in July, 1912	vol074_dli-ernet-229223#1930-01#012
1337	conference of co-operative credit societies	1	1	10	1914	1914	Conference of Co-operative Credit Societies	held at the King's Pavilion, Kandy, on April 28th	vol042_lbg-630-5-tag-v-42#1914-06#001
1338	conference of coconut planters	1	1	10	1913	1913	Conference of Coconut Planters		vol040_lbg-630-5-tag-v-40#1913-01#001
1339	conference of delegates	1	1	10	1914	1914	Conference of Delegates	held every other year	vol042_lbg-630-5-tag-v-42#1914-02#039
1340	conference of directors	1	1	40	1941	1941	Conference of Directors	postponed until April, 1942	vol097_iss05_tropical-agriculturist-1941-11-97-5#1941-11#012
1341	conference of directors of rubber producers' research organizations	1	1	40	1941	1941	Conference of Directors of Rubber Producers' Research Organizations	conference held in 1940	vol096_dli-ernet-229230#1941-02#012
1342	conference of directors of rubber research organisations in the east	1	1	40	1940	1940	Conference of Directors of rubber research organisations in the East	conference	vol094_iss03_tropical-agriculturist-1940-03-94-3#1940-03#012
1343	conference of hybridisation experts	1	1	90	1899	1899	Conference of hybridisation experts	conference held in July	vol019_tropicalagricult1918ceyl#1899-11#104
1344	conference of imperial entomologists, 1930	1	1	40	1943	1943	conference of Imperial Entomologists held in 1930		vol099_iss04_tropical-agriculturist-october-december-1943-99-4#1943-10/12#010
1345	conference of incorporated society of planters, 1927	1	1	20	1927	1927	Conference of Incorporated Society of Planters held on August 14th and 15th, 1927		vol069_tropical-agriculturist-1927-10-69#1927-10#007
1346	conference of lausanne	1	1	30	1934	1934	Conference of Lausanne	settled problem of reparations	vol082_dli-ernet-229227#1934-05#011
1347	conference of officers representing the various local governments	1	1	80	1883	1883	Conference of officers representing the various local Governments	held in Calcutta for the settlement of important subjects co	vol003_tropicalagricult18831884colo#1883-12#006
1348	conference of registrars	1	1	10	1913	1913	Conference of Registrars	held at Simla	vol040_lbg-630-5-tag-v-40#1913-02#076
1349	conference of registrars of the co-operative credit societies	1	1	10	1913	1913	Conference of Registrars of the Co-operative Credit Societies	conference	vol040_lbg-630-5-tag-v-40#1913-01#013
1350	conference of representatives of local authorities	1	1	10	1910	1910	Conference of Representatives of Local Authorities	held in London on 7th October, 1908	vol034_tropicalagricul341910ceyl#1910-06#031
1351	conference of river murray branches of the agricultural bureau	1	1	30	1939	1939	Conference of River Murray Branches of the Agricultural Bureau	held at Berri on June 16, 1938	vol092_tropical-agriculturist-1939-04-92#1939-04#008
1352	conference of stresa	1	1	30	1934	1934	Conference of Stresa	conference in September 1932	vol082_dli-ernet-229227#1934-06#010
1353	conference of sugar planters	1	1	90	1892	1892	Conference of Sugar Planters	at Mackay	vol012_tropicalagricult1218ceyl#1892-12#058
1354	conference of the engineering association of ceylon	1	1	30	1938	1938	Conference of the Engineering Association of Ceylon	August, 1937	vol091_tropical-agriculturist-1938-07-91#1938-07#002
1355	conference of the governors	1	1	00	1909	1909	Conference of the Governors	held at the White House in Washington in May	vol032_tropicalagricul321909ceyl#1909-05#018
1356	conference of the u.p.a.s.i.	1	1	00	1902	1902	Conference of the U.P.A.S.I.		vol022_tropicalagricult2219ceyl#1902-08#011
1357	conference of those interested in coconuts	1	1	10	1913	1913	Conference of those interested in coconuts		vol040_lbg-630-5-tag-v-40#1913-01#061
1358	conference of vegetable growers	1	1	10	1914	1914	Conference of Vegetable Growers	conference meeting	vol042_lbg-630-5-tag-v-42#1914-02#042
1359	conference of wheat exporting and importing countries	1	1	30	1934	1934	Conference of Wheat Exporting and Importing Countries		vol082_dli-ernet-229227#1934-06#010
1360	conference on rural education	1	1	10	1910	1910	Conference on Rural Education	held in England	vol035_tropicalagricul351910ceyl#1910-09#031
1361	conference on the improvement of agriculture	1	1	10	1919	1919	Conference on the Improvement of Agriculture		vol052_iss05_tropical-agriculturist-1919-05-52-5#1919-05#018
1362	conference on the production and consumption of sugar within the british empire	1	1	10	1919	1919	Conference on the Production and Consumption of Sugar within the British Empire	Held at Clothworkers' Hall, Mincing Lane, E. C., on Wednesda	vol053_iss04_tropical-agriculturist-1919-10-53-4#1919-10#017
1363	conference on tropical agriculture	1	1	30	1939	1939	Conference on Tropical Agriculture	Held at Wageningen, Holland, in December, 1938	vol093_iss02_tropical-agriculturist-1939-08-93-2#1939-08#010
1364	conference upon the agriculture and chemistry of rubber	1	1	20	1922	1922	Conference upon the agriculture and chemistry of rubber	held at the exhibition	vol058_dli-ernet-229219#1922-03#002
1365	conferences of agriculture at peradeniya	1	1	30	1932	1932	Conferences of Agriculture at Peradeniya		vol079_iss06_tropical-agriculturist-1932-12-79-6#1932-12#009
1366	congres horticole de 1892	1	1	90	1893	1893	Congres Horticole de 1892	conference	vol012_tropicalagricult1218ceyl#1893-06#042
1367	congress	1	1	10	1910	1910	Congress	event attended by visitors	vol035_tropicalagricul351910ceyl#1910-12#002
1368	congress agricola	1	1	80	1882	1882	Congress Agricola	conference held in Rio de Janeiro in February 1878	vol001_tropicalagricult1188ceyl#1882-05#022
1369	congress for the study of human and animal tuberculosis	1	1	80	1889	1889	Congress for the study of human and animal tuberculosis	conference	vol009_tropicalagricult9188ceyl#1889-10#153
1370	congress in paris	1	1	80	1882	1882	Congress	held on 11th May to deliberate on Pasteur principle	vol002_tropicalagricult18821883colo#1882-07#017
1371	congress of chambers of commerce	1	1	90	1892	1892	Congress of Chambers of Commerce	meeting discussing commercial unity	vol012_tropicalagricult1218ceyl#1892-09#074
1372	congress of colonial agriculture	1	1	10	1910	1910	Congress of Colonial Agriculture		vol034_tropicalagricul341910ceyl#1910-05#058
1373	congress of hygiene and demography	1	1	90	1891	1891	Congress of Hygiene and Demography	conference	vol011_tropicalagricult1118ceyl#1891-11#135
1374	congress of scientists at berlin	1	1	80	1887	1887	Congress of Scientists held at Berlin	conference	vol006_tropicalagricult18861887colo#1887-05#115
1375	congress of sugar planters at surabaya	1	1	80	1888	1888	congress of sugar planters at Surabaya		vol007_tropicalagricult7188ceyl#1888-03#052
1376	congress of sugar-growers	1	1	80	1886	1886	congress of sugar-growers	meeting in Spain	vol006_tropicalagricult18861887colo#1886-10#048
1377	congress of tropical agriculture in london	1	1	10	1914	1914	Congress of Tropical Agriculture in London		vol043_lbg-tropicalagricultvol-xliii0000unse-c5y3#1914-07#012
1378	congress of veterinary surgeons and bacteriologists	1	1	90	1898	1898	Congress of Veterinary Surgeons and Bacteriologists	assembled at Johannesburg	vol017_tropicalagricult1718ceyl#1898-04#138
1379	congress of vienna	1	1	80	1883	1883	Congress of Vienna	historical event	vol003_tropicalagricult18831884colo#1883-11#109
1380	congress on the phylloxera	1	1	80	1882	1882	THE CONGRESS ON THE PHYLLOXERA		vol002_tropicalagricult18821883colo#1882-11#124
1381	congresso commercial, industriale, agricola	1	1	10	1910	1910	Congresso Commercial, Industriale, Agricola	congress held at Manaus	vol035_tropicalagricul351910ceyl#1910-07#003
1382	congrès des electriciens	1	1	80	1884	1884	Congrès des Electriciens	held in the autumn of 1881 at Paris	vol004_tropicalagricult18841885colo#1884-08#091
1383	congrès international de la ramie	1	1	00	1908	1908	Congrès international de la Ramie		vol030_tropicalagricul301908ceyl#1908-03#020
1384	conifer conference	1	1	90	1893	1893	Conifer Conference	held at the Obiswick Gardens, October 7th and 8th, 1891	vol012_tropicalagricult1218ceyl#1893-03#037
1385	contagious diseases (animals) ordinance (ceylon)	1	1	30	1934	1934	Contagious Diseases (Animals) Ordinance (Ceylon)	ordinance under which the disease is scheduled	vol083_tropical-agriculturist-1934-07#1934-07#003
1386	continental blockade	1	1	90	1896	1896	Continental blockade		vol016_tropicalagricult1618ceyl#1896-10#053
1387	continental campaign	1	1	00	1902	1902	Continental Campaign	tea promotion campaign	vol021_tropicalagricult2119ceyl#1902-02#016
1388	continental exhibition in buenos ayres, 1882	1	1	80	1884	1884	Continental Exhibition in Buenos Ayres, 1882	exhibition	vol003_tropicalagricult18831884colo#1884-01#051
1389	contract act xiii of 1859	1	1	90	1891	1891	Act XIII. of 1859	labour law	vol011_tropicalagricult1118ceyl#1891-09#072
1390	contratu veda	1	1	10	1914	1914	Contratu Veda	piece work system	vol043_lbg-tropicalagricultvol-xliii0000unse-c5y3#1914-09#031
1391	convention	1	1	80	1888	1888	Convention	agreement affecting opium cultivation	vol008_tropicalagricult8188ceyl#1888-08#085
1392	convention for the abolition of prohibitions and restrictions on international trade	1	1	30	1934	1934	Convention for the abolition of prohibitions and restrictions on international trade	treaty	vol082_dli-ernet-229227#1934-05#011
1393	conversazione of the royal society	1	1	90	1890	1890	Conversazione of the Royal Society	held on the 18th ult	vol010_tropicalagricult1018ceyl#1890-09#036
1394	cooey labour ordinance	1	1	00	1903	1903	Cooey Labour Ordinance	legislation	vol022_tropicalagricult2219ceyl#1903-03#052
1395	cooey wages ordinance	1	1	80	1884	1884	Cooey Wages Ordinance	subject of prior discussion	vol004_tropicalagricult18841885colo#1884-08#015
1396	coolgardie exhibition 1899	1	1	90	1898	1898	Coolgardie Exhibition 1899	exhibition	vol018_tropicalagricult1818ceyl#1898-12#025
1397	coolie act	1	1	80	1882	1882	Coolie Act	legislation	vol002_tropicalagricult18821883colo#1882-11#005
1398	coolie immigration act	1	1	90	1891	1891	Coolie Immigration Act	legislation	vol011_tropicalagricult1118ceyl#1891-09#039
1399	coolies' athletic sports	1	1	90	1895	1895	Coolies' Athletic Sports	sports event	vol014_tropicalagricult1418ceyl#1895-06#091
1400	coorg kishmut feast	1	1	80	1882	1882	Coorg Kishmut feast	local festival	vol002_tropicalagricult18821883colo#1882-10#154
1401	copeiland v. webb	1	1	80	1885	1885	Copeiland v. Webb	legal case cited	vol005_tropicalagricult18851886colo#1885-07#134
1402	copeland vs. webb	1	1	80	1885	1885	Copeland vs. Webb	legal case cited for the defendant	vol005_tropicalagricult18851886colo#1885-09#140
1403	copra inspection ordinance of 1928	1	1	30	1937	1937	Copra Inspection Ordinance of 1928	legislation	vol088_dli-ernet-229229#1937-06#012
1404	corbet suit	1	1	90	1891	1891	Corbet suit	legal case	vol011_tropicalagricult1118ceyl#1891-07#002
1405	corbet v. ceylon co.	1	1	80	1881	1881	Corbet v. Ceylon Co.	legal case	vol001_tropicalagricult1188ceyl#1881-10#090
1406	corn production act	1	1	10	1919	1919	Corn Production Act		vol052_iss05_tropical-agriculturist-1919-05-52-5#1919-05#038
1407	corn tax	1	1	00	1903	1903	Corn Tax	Tax	vol023_tropicalagricult2319ceyl#1903-09#024
1408	coronation celebrations	1	1	00	1903	1903	Coronation Celebrations	event receiving donations	vol022_tropicalagricult2219ceyl#1903-03#049
1409	coronation day	1	1	00	1902	1902	Coronation Day	August 9	vol022_tropicalagricult2219ceyl#1902-11#110
1410	coronation market	1	1	00	1906	1906	Coronation Market	market at Minuwangoda	vol026_tropicalagricul261906ceyl#1906-02#043
1411	coronation of his majesty the king	1	1	30	1937	1937	Coronation of His Majesty the King	occasion for honour	vol089_tropical-agriculturist-1937-12-89#1937-12#013
1412	coronation of king george v	1	1	20	1922	1922	KING GEORGE'S Coronation	commemorated by planting of Cassia grandis	vol058_dli-ernet-229219#1922-03#002
1413	coronation of king george vi	1	1	30	1937	1937	Coronation of H. M. King George VI	Event	vol088_dli-ernet-229229#1937-05#010
1414	coronation week	1	1	00	1902	1902	Coronation week		vol022_tropicalagricult2219ceyl#1902-09#099
1415	cotta rebellion	1	1	90	1892	1892	Cotta rebellion		vol011_tropicalagricult1118ceyl#1892-05#102
1416	cottage show	1	1	90	1898	1898	Cottage Show	proposed annual show	vol017_tropicalagricult1718ceyl#1898-01#013
1417	cotton congress in egypt	1	1	10	1912	1912	Cotton Congress in Egypt	conference	vol039_tropicalagricul391912ceyl#1912-12#052
1418	cotton cultivation competition in vanni villages of mantai division, mannar district, 1928-29	1	1	30	1930	1930	Cotton Cultivation Competition in Vanni Villages of Mantai Division, Mannar District, 1928-29	agricultural competition	vol074_dli-ernet-229223#1930-01#021
1419	cotton exhibition in atlanta	1	1	90	1893	1893	Cotton Exhibition in Atlanta	1881	vol013_tropicalagricult1318ceyl#1893-07#123
1420	cotton frauds act	1	1	90	1894	1894	Cotton Frauds Act	legislation passed in 1863	vol014_tropicalagricult1418ceyl#1894-09#023
1421	cotton growing competition	1	1	20	1923	1923	Cotton Growing Competition	competition for best cultivated area of cotton	vol061_tropicalagricult0061unse#1923-10#018
1422	cotton improvement	1	1	00	1904	1904	Cotton Improvement	lecture	vol023_tropicalagricult2319ceyl#1904-06#085
1423	cotton protection ordinance no. 1 of 1922	1	1	20	1925	1925	Cotton Protection Ordinance No. 1 of 1922	regulation requiring fumigation	vol065_iss05_tropical-agriculturist-1925-11-65-5#1925-11#015
1424	cotton restriction scheme of the u.s.a.	1	1	20	1928	1928	Cotton Restriction Scheme of the U.S.A.		vol071_tropical-agriculturist-1928-08-71#1928-08#015
1425	cotton states international exposition	1	1	90	1895	1895	Cotton States International Exposition	exposition	vol014_tropicalagricult1418ceyl#1895-02#148
1426	cotton wilt	1	1	40	1940	1940	cotton wilt	cotton disease	vol094_iss04_tropical-agriculturist-1940-04-94-4#1940-04#013
1427	county clean milk competition	1	1	20	1926	1926	County Clean Milk Competition	competition	vol066_iss01_tropical-agriculturist-1926-01-66-1#1926-01#015
1428	cricket	1	1	90	1897	1897	cricket		vol016_tropicalagricult1618ceyl#1897-01#098
1429	crimean campaign	1	1	90	1898	1898	Crimean Campaign	1855-56	vol017_tropicalagricult1718ceyl#1898-02#001
1430	crop weather scheme	1	1	30	1930	1930	Crop Weather Scheme	established by co-operation of the Air Ministry with the Min	vol074_dli-ernet-229223#1930-01#012
1431	crossley v. potter	1	1	90	1892	1892	Crossley v. Potter	legal case	vol011_tropicalagricult1118ceyl#1892-03#077
1432	crown lands act of 1884	1	1	90	1895	1895	Crown Lands Act of 1884	legislation under which land is selected	vol014_tropicalagricult1418ceyl#1895-05#021
1433	crude rubber conference	1	1	20	1927	1927	Crude Rubber Conference	organised by the Rubber Division of the American Chemical So	vol068_tropical-agriculturist-1927-02-68#1927-02#006
1434	crusades	1	1	80	1889	1889	Crusades		vol009_tropicalagricult9188ceyl#1889-12#086
1435	cuban revolution	1	1	00	1908	1908	Cuban revolution		vol030_tropicalagricul301908ceyl#1908-04#034
1436	culture system	1	1	80	1883	1883	Culture System	introduced by Governor-General van den Bosch	vol002_tropicalagricult18821883colo#1883-01#131
1437	cumberland ten agricultural show	1	1	80	1885	1885	Cumberland Ten Agricultural Show		vol004_tropicalagricult18841885colo#1885-03#088
1438	curlytop disease	1	1	30	1932	1932	curlytop disease	disease affecting sugar-beet	vol078_tropical-agriculturist-1932-02-78#1932-02#007
1439	currency act	1	1	00	1900	1900	Currency Act	legislation	vol019_tropicalagricult1918ceyl#1900-05#048
1440	currency bill	1	1	00	1900	1900	Currency Bill	legislation, June 1893	vol019_tropicalagricult1918ceyl#1900-05#048
1441	curry-stuff cultivation competition, yala 1927	1	1	20	1927	1927	Curry-Stuff Cultivation Competition, Yala 1927	competition	vol069_tropical-agriculturist-1927-12-69#1927-12#025
1442	cushman and greener	1	1	90	1892	1892	Cushman and Greener	legal case	vol011_tropicalagricult1118ceyl#1892-03#077
1443	customs and inland revenue act, of 1882	1	1	80	1886	1886	Customs and Inland Revenue Act, of 1882		vol005_tropicalagricult18851886colo#1886-02#003
1444	customs and inland revenue bill	1	1	80	1888	1888	Customs and Inland Revenue Bill	legislative bill under discussion	vol007_tropicalagricult7188ceyl#1888-06#109
1445	customs conference	1	1	90	1897	1897	Customs Conference	conference	vol016_tropicalagricult1618ceyl#1897-01#014
1446	customs tariff ordinance 1933-36	1	1	30	1937	1937	The Customs Tariff Ordinance 1933-36	legislation	vol088_dli-ernet-229229#1937-06#012
1447	cyclone leonta	1	1	00	1903	1903	Leonta	cyclone	vol023_tropicalagricult2319ceyl#1903-11#020
1448	cyclone of 9th november, 1886	1	1	80	1888	1888	Cyclone of 9th November, 1886	natural disaster	vol008_tropicalagricult8188ceyl#1888-08#068
1449	cyclone of march 1907	1	1	10	1912	1912	cyclone of March, 1907	event that damaged the industry in Batticaloa	vol039_tropicalagricul391912ceyl#1912-09#019
1450	daffodil conference	1	1	90	1890	1890	Daffodil Conference	event	vol010_tropicalagricult1018ceyl#1890-07#015
1451	dairy conference	1	1	90	1893	1893	Dairy Conference	recent conference	vol013_tropicalagricult1318ceyl#1893-07#153
1452	dairy exhibition	1	1	90	1892	1892	Dairy Exhibition	travelling exhibition	vol011_tropicalagricult1118ceyl#1892-05#070
1453	dairy show of 1888	1	1	90	1891	1891	Dairy Show of 1888	exhibition	vol010_tropicalagricult1018ceyl#1891-01#154
1454	dairy show, london	1	1	10	1914	1914	Dairy Show—London	show	vol042_lbg-630-5-tag-v-42#1914-01#034
1455	dalhousie bursaries	1	1	80	1885	1885	Dalhousie Bursaries	financial awards for pupils	vol004_tropicalagricult18841885colo#1885-01#030
1456	dambulla show	1	1	20	1923	1923	Dambulla Show	agricultural show	vol061_tropicalagricult0061unse#1923-08#010
1457	damping-off	1	1	30	1936	1936	DAMPING-OFF	disease of tomatoes	vol086_dli-ernet-229228#1936-01#026
1458	danish rat law	1	1	00	1908	1908	Danish Rat Law	legislation	vol031_tropicalagricul311908ceyl#1908-12#037
1459	danowita village show	1	1	00	1902	1902	Danowita Village Show	held on 22nd March	vol021_tropicalagricult2119ceyl#1902-05#126
1460	dantas project	1	1	80	1885	1885	Dantas project	financial proposal	vol004_tropicalagricult18841885colo#1885-03#056
1461	dapto show	1	1	90	1898	1898	Dapto Show		vol017_tropicalagricult1718ceyl#1898-05#168
1462	darkast assignment rules	1	1	00	1902	1902	Darkast Assignment Rules	rules for land grants	vol022_tropicalagricult2219ceyl#1902-10#022
1463	dartmouth	1	1	80	1889	1889	Dartmouth	vessel in Boston Tea Party	vol008_tropicalagricult8188ceyl#1889-06#004
1464	dasara	1	1	00	1909	1909	Dasara	festival marking end of first term	vol032_tropicalagricul321909ceyl#1909-06#037
1465	davis bill	1	1	10	1910	1910	Davis Bill	introduced into Congress	vol034_tropicalagricul341910ceyl#1910-05#025
1466	deccan agriculturist relief act	1	1	10	1911	1911	Deccan Agriculturist Relief Act	legislation	vol037_tropicalagricul371911ceyl#1911-10#016
1467	deccan ryats' relief act	1	1	90	1891	1891	Deccan Ryats' Relief Act	legislation	vol011_tropicalagricult1118ceyl#1891-12#054
1468	december show	1	1	90	1891	1891	December Show		vol011_tropicalagricult1118ceyl#1891-08#154
1469	deduru oya work	1	1	10	1912	1912	Deduru Oya work	irrigation project	vol038_tropicalagricul381912ceyl#1912-05#012
1470	deduruoya bridge	1	1	90	1899	1899	DEDURUOYA BRIDGE	infrastructure development	vol019_tropicalagricult1918ceyl#1899-09#044
1471	deepavali	1	1	80	1889	1889	Deepavali	festival	vol009_tropicalagricult9188ceyl#1889-12#015
1472	delhi art exhibition	1	1	00	1903	1903	Delhi Art Exhibition	exhibition where a plantain fibre carpet was sent	vol022_tropicalagricult2219ceyl#1903-06#098
1473	delhi conference	1	1	80	1888	1888	Delhi Conference		vol008_tropicalagricult8188ceyl#1888-07#047
1474	delhi conference, 1915	1	1	20	1920	1920	Delhi Conference, 1915	conference where D. J. Reid spoke	vol054_lbg-630-5-tag-v-54#1920-05#015
1475	deli races	1	1	90	1895	1895	Deli Races		vol014_tropicalagricult1418ceyl#1895-06#132
1476	demonstration at peradeniya, 10th july	1	1	10	1914	1914	demonstration held at Peradeniya on the 10th July last	demonstration of dynamite use	vol042_lbg-630-5-tag-v-42#1914-01#003
1477	departmental egg laying competition, 1941	1	1	40	1942	1942	Departmental Egg Laying Competition, 1941	competition held in 1941	vol098_iss01_tropical-agriculturist-january-march-1942-98-1#1942-01/03#012
1478	deputation against the opium traffic with china	1	1	80	1882	1882	Deputation against the Opium Traffic with China		vol001_tropicalagricult1188ceyl#1882-03#137
1479	deraniyagala school home garden competition	1	1	20	1929	1929	DERANIYAGALA SCHOOL HOME GARDEN COMPETITION	competition	vol072_dli-ernet-229221#1929-10#018
1480	derby day	1	1	80	1881	1881	Derby day	horse race	vol001_tropicalagricult1188ceyl#1881-07#022
1481	derby prize farm competition	1	1	80	1882	1882	Derby Prize Farm Competition	competition	vol001_tropicalagricult1188ceyl#1882-03#092
1482	dervish wars	1	1	10	1913	1913	Dervish wars	wars	vol040_lbg-630-5-tag-v-40#1913-05#022
1483	destructive insect and pest act	1	1	10	1911	1911	Destructive Insect and Pest Act	legislation	vol037_tropicalagricul371911ceyl#1911-09#022
1484	destructive insect and pest act of 1910	1	1	10	1911	1911	Destructive Insect and Pest Act of 1910	legislation	vol037_tropicalagricul371911ceyl#1911-09#022
1485	destructive insects and pests act of 1914	1	1	20	1925	1925	Destructive Insects and Pests Act of 1914	legislation	vol065_iss05_tropical-agriculturist-1925-11-65-5#1925-11#003
1486	destructive insects and pests order of 1910	1	1	10	1912	1912	Destructive Insects and Pests Order of 1910	regulation	vol038_tropicalagricul381912ceyl#1912-03#056
1487	destructive insects and pests order of 1921	1	1	20	1921	1921	Destructive Insects and Pests Order of 1921	regulation prohibiting landing of plants in England and Wale	vol047_lbg-630-5-tag-v-47#1921-12#014
1488	destructive insects' and pests' order of 1908	1	1	10	1910	1910	Destructive Insects' and Pests' Order of 1908	previous order revoked by the 1910 order	vol035_tropicalagricul351910ceyl#1910-08#014
1489	destructive insects' and pests' order of 1910	1	1	10	1910	1910	Destructive Insects' and Pests' Order of 1910	regulatory order issued by the Board of Agriculture and Fish	vol035_tropicalagricul351910ceyl#1910-08#014
1490	devakottu	1	1	10	1912	1912	Devakottu	ceremonial offering	vol039_tropicalagricul391912ceyl#1912-08#047
1491	development and road improvements funds act, 1909-1910	1	1	10	1918	1918	Development and Road Improvements Funds Act, 1909-1910	law	vol051_iss05_tropical-agriculturist-1918-11-51-5#1918-11#002
1492	development grant	1	1	10	1912	1912	Development Grant	National subsidy	vol038_tropicalagricul381912ceyl#1912-01#016
1493	devonian age	1	1	90	1892	1892	Devonian age	geological period	vol011_tropicalagricult1118ceyl#1892-05#033
1494	dewamedi hat pattu paddy growing competition	1	1	20	1926	1926	DEWAMEDI HAT PATTU PADDY GROWING COMPETITION	paddy growing competition	vol067_iss05_tropical-agriculturist-1926-11-67-5#1926-11#013
1495	dharkast rules	1	1	00	1902	1902	Dharkast Rules	rules for land grants	vol022_tropicalagricult2219ceyl#1902-10#022
1496	diamond jubilee	1	1	90	1898	1898	Diamond Jubilee		vol017_tropicalagricult1718ceyl#1898-06#084
1497	diamond jubilee day	1	1	00	1901	1901	Diamond Jubilee Day	date of planting	vol020_tropicalagricult2019ceyl#1901-05#126
1498	dickson v. law	1	1	90	1896	1896	Dickson v. Law	legal case	vol015_tropicalagricult1518ceyl#1896-03#028
1499	die-back disease	1	1	20	1922	1922	Die-back disease	disease treated with tar	vol058_dli-ernet-229219#1922-01#004
1500	dimbula p.a. meeting	1	1	00	1904	1904	Dimbula P.A. meeting	meeting where the paper was read	vol023_tropicalagricult2319ceyl#1904-06#021
1501	dimbula planters' meeting	1	1	80	1887	1887	Dimbula planters' meeting		vol007_tropicalagricult7188ceyl#1887-10#055
1502	dimbula-sylhet case	1	1	90	1896	1896	Dimbula-Sylhet case	legal case	vol016_tropicalagricult1618ceyl#1896-07#039
1503	dingley tariff act	1	1	00	1909	1909	Dingley tariff act	legislation under revision	vol032_tropicalagricul321909ceyl#1909-02#043
1504	diphtheria	1	1	40	1945	1945	diphtheria	disease affected by yeast	vol101_iss04_tropical-agriculturist-october-december-1945-101-4#1945-10/12#012
1505	discovery investigations	1	1	30	1931	1931	Discovery	scientific investigations	vol076_dli-ernet-229225#1931-02#011
1506	diseases and pests ordinance	1	1	20	1923	1923	Diseases and Pests Ordinance	legislation	vol060_lbg-tropicalagricultvol-lx-1923-0000unse-n0c4#1923-03#012
1507	diseases in plants acts	1	1	30	1934	1934	Diseases in Plants Acts	legislation	vol082_dli-ernet-229227#1934-01#008
1508	distemper	1	1	90	1893	1893	distemper	disease in dogs	vol012_tropicalagricult1218ceyl#1893-06#162
1509	district agricultural show at kalutara	1	1	20	1921	1921	District Agricultural Show at Kalutara	Proposed for next year	vol057_in-ernet-dli-2015-230764#1921-09#007
1510	district and provincial agri-horticultural shows	1	1	80	1889	1889	District and Provincial Agri-Horticultural Shows	agricultural exhibitions	vol009_tropicalagricult9188ceyl#1889-08#157
1511	district show	1	1	20	1921	1921	District Show	agricultural show	vol057_in-ernet-dli-2015-230764#1921-10#021
1512	djamoer oefas	1	1	00	1909	1909	Djamoer Oefas	name of disease in Java	vol033_tropicalagricul331909ceyl#1909-09#045
1513	dock strikes	1	1	90	1890	1890	Dock Strikes	Cause of delay	vol009_tropicalagricult9188ceyl#1890-03#066
1514	dolyatra	1	1	80	1887	1887	Dolyatra	festival of Krishna	vol007_tropicalagricult7188ceyl#1887-09#041
1515	domier & co. treats	1	1	90	1896	1896	Domier & Co. Treats	judicial decision	vol016_tropicalagricult1618ceyl#1896-07#056
1516	dondra fair	1	1	00	1906	1906	Dondra Fair		vol026_tropicalagricul261906ceyl#1906-03#060
1517	doorga pooja	1	1	80	1886	1886	Doorga Pooja	festival in September	vol006_tropicalagricult18861887colo#1886-09#011
1518	doorga poojah	1	1	80	1886	1886	Doorga poojah	holiday	vol006_tropicalagricult18861887colo#1886-07#075
1519	doorga poojahs	1	1	90	1894	1894	Doorga Poojahs	festival causing break in work	vol014_tropicalagricult1418ceyl#1894-12#056
1520	dresden exhibition	1	1	10	1911	1911	Dresden Exhibition	exhibition	vol037_tropicalagricul371911ceyl#1911-11#042
1521	dreyfus protest	1	1	90	1899	1899	Dreyfus protest	event	vol019_tropicalagricult1918ceyl#1899-11#059
1522	drought (february-october 1931)	1	1	30	1934	1934	Drought (February-October 1931)	event affecting yields	vol082_dli-ernet-229227#1934-09#007
1523	dry farming	1	1	20	1925	1925	Dry Farming	practice	vol065_iss05_tropical-agriculturist-1925-11-65-5#1925-11#002
1524	dry farming congress at canada	1	1	10	1913	1913	DRY FARMING CONGRESS AT CANADA	congress	vol040_lbg-630-5-tag-v-40#1913-01#026
1525	dry farming congresses	1	1	10	1912	1912	Dry Farming Congresses	series of congresses	vol038_tropicalagricul381912ceyl#1912-03#001
1526	dry-farming congress	1	1	10	1917	1917	Dry-farming Congress	conference attended in 1911	vol049_iss03_tropical-agriculturist-1917-09-49-3#1917-09#010
1527	dumbara agri-horticultural show	1	1	10	1910	1910	DUMBARA AGRI-HORTICULTURAL SHOW	22nd and 23rd July, 1910	vol035_tropicalagricul351910ceyl#1910-08#026
1528	dundee show	1	1	80	1889	1889	Dundee show	exhibition	vol008_tropicalagricult8188ceyl#1889-03#064
1529	dunedin and south seas exhibition	1	1	90	1890	1890	Dunedin and South Seas Exhibition	exhibition	vol009_tropicalagricult9188ceyl#1890-02#115
1530	dunedin and south seas exhibition of 1889-90	1	1	90	1890	1890	Dunedin and South Seas Exhibition of 1889-90		vol010_tropicalagricult1018ceyl#1890-08#108
1531	dunedin and south seas exhibition, 1889-90	1	1	90	1890	1890	DUNEDIN AND SOUTH SEAS EXHIBITION, 1889-90		vol010_tropicalagricult1018ceyl#1890-08#108
1532	dunedin exhibition	1	1	90	1894	1894	Dunedin Exhibition		vol013_tropicalagricult1318ceyl#1894-02#018
1533	dunedin industrial exhibition	1	1	80	1885	1885	Dunedin Industrial Exhibition	exhibition	vol004_tropicalagricult18841885colo#1885-02#030
1534	dunedin, new zealand, exhibition	1	1	90	1890	1890	Dunedin, New Zealand, Exhibition	exhibition	vol010_tropicalagricult1018ceyl#1890-09#038
1535	durban agricultural show	1	1	90	1899	1899	Durban Agricultural Show	event on July 12th	vol019_tropicalagricult1918ceyl#1899-10#033
1536	durban july show	1	1	90	1899	1899	Durban July Show	exhibition	vol018_tropicalagricult1818ceyl#1899-05#067
1537	durban show	1	1	90	1898	1898	Durban show	previous exhibition	vol018_tropicalagricult1818ceyl#1898-11#124
1538	dussera	1	1	80	1889	1889	Dussera	festival	vol008_tropicalagricult8188ceyl#1889-03#142
1539	dust bowl	1	1	40	1944	1944	Dust Bowl	disaster of the 1930's	vol100_iss03_tropical-agriculturist-july-september-1944-100-3#1944-07/09#011
1540	dutch auction	1	1	80	1881	1881	Dutch auction	coffee auction on 15th June	vol001_tropicalagricult1188ceyl#1881-10#019
1541	dutch bar scheme	1	1	00	1902	1902	Dutch Bar Scheme	scheme	vol021_tropicalagricult2119ceyl#1902-03#040
1542	dutch bark sale	1	1	80	1886	1886	Dutch Bark sale		vol006_tropicalagricult18861887colo#1886-12#072
1543	dutch cinchona monopoly	1	1	30	1931	1931	Dutch Cinchona Monopoly	state of affairs	vol077_tdl-34003-the-tropical-agriculturist-the-agricultural-journa#1931-11#002
1544	dutch colonial exhibition	1	1	80	1884	1884	Dutch Colonial Exhibition	display in a separate building	vol004_tropicalagricult18841885colo#1884-08#040
1545	dutch sales	1	1	00	1900	1900	Dutch sales	market event	vol019_tropicalagricult1918ceyl#1900-02#062
1546	dutch-aceh war	1	1	80	1889	1889	war between the Dutch and the Atchinese	conflict affecting pepper prices	vol008_tropicalagricult8188ceyl#1889-05#003
1547	earl's court exhibition	1	1	00	1909	1909	Earl's Court Exhibition	exhibition	vol032_tropicalagricul321909ceyl#1909-03#015
1548	earl's court exhibitions	1	1	90	1896	1896	Earl's Court Exhibitions	exhibitions featuring Indian cigars	vol016_tropicalagricult1618ceyl#1896-07#030
1549	east african governors' conference	1	1	20	1927	1927	East African Governors' Conference	conference	vol069_tropical-agriculturist-1927-11-69#1927-11#004
1550	east coast fever	1	1	30	1935	1935	East Coast Fever	disease of Africa	vol084_tropical-agriculturist-1935-03-84#1935-03#002
1551	east india conditions	1	1	00	1900	1900	East India Conditions	trade usage	vol020_tropicalagricult2019ceyl#1900-08#020
1552	east midlands show	1	1	10	1914	1914	East Midlands Show	poultry show	vol042_lbg-630-5-tag-v-42#1914-06#024
1553	eastman stage contest	1	1	10	1914	1914	Eastman Stage Contest	public speaking contest	vol042_lbg-630-5-tag-v-42#1914-02#042
1554	echoes of the white city	1	1	90	1895	1895	Echoes of the White City	exhibition, Chicago	vol014_tropicalagricult1418ceyl#1895-03#105
1555	eclipse expedition	1	1	10	1911	1911	Eclipse Expedition	1871	vol037_tropicalagricul371911ceyl#1911-08#037
1556	edduma	1	1	10	1918	1918	Edduma	preparation stage	vol051_iss01_tropical-agriculturist-1918-07-51-1#1918-07#005
1557	edison v. beebe	1	1	80	1885	1885	Edison v. Beebe	legal case cited	vol005_tropicalagricult18851886colo#1885-07#134
1558	education bill	1	1	00	1903	1903	Education Bill	legislation	vol022_tropicalagricult2219ceyl#1903-02#022
1559	education conference of vernacular teachers of the central province	1	1	20	1926	1926	Education Conference of Vernacular Teachers of the Central Province	held at Kandy on March 31st, 1926	vol066_iss06_tropical-agriculturist-1926-06-66-6#1926-06#015
1560	educational conference	1	1	80	1885	1885	Educational Conference	in connection with the Health Exhibition	vol004_tropicalagricult18841885colo#1885-03#116
1561	egg laying competition, south australia, 1911-12	1	1	10	1912	1912	Egg laying competition, South Australia, 1911-12	competition	vol039_tropicalagricul391912ceyl#1912-08#020
1562	egyptian campaign	1	1	80	1884	1884	Egyptian campaign	military campaign	vol004_tropicalagricult18841885colo#1884-08#085
1563	egyptian war	1	1	80	1883	1883	Egyptian war	historical event affecting supply	vol002_tropicalagricult18821883colo#1883-04#084
1564	eiffel tower	1	1	90	1894	1894	Eiffel Tower	structure	vol014_tropicalagricult1418ceyl#1894-07#059
1565	eighth annual ordinary general meeting of shareholders	1	1	00	1903	1903	Eighth Annual Ordinary General Meeting of Shareholders	held at 20, Eastcheap, E.C., on Monday, the 26th October, 19	vol023_tropicalagricult2319ceyl#1903-12#074
1566	eighth international congress of applied chemistry	1	1	10	1912	1912	Eighth International Congress of Applied Chemistry	conference held in New York	vol039_tropicalagricul391912ceyl#1912-12#111
1567	eighth international dry farming congress	1	1	10	1915	1915	Eighth International Dry Farming Congress	held at Tulsa, U. S. A., in 1913	vol045_lbg-630-5-tag-v-45#1915-11#048
1568	elder exploring (australasian) expedition	1	1	90	1893	1893	Elder Exploring (Australasian) Expedition	expedition	vol012_tropicalagricult1218ceyl#1893-05#120
1569	electrical exhibition	1	1	80	1883	1883	Electrical Exhibition	at Munich	vol002_tropicalagricult18821883colo#1883-01#062
1570	electricians' congress held at paris in 1881	1	1	80	1884	1884	Electricians' Congress held at Paris in 1881		vol003_tropicalagricult18831884colo#1884-04#135
1571	electricity international exhibition	1	1	80	1881	1881	Electricity International Exhibition	exhibition	vol001_tropicalagricult1188ceyl#1881-11#174
1572	eleonor	1	1	80	1889	1889	Eleonor	vessel in Boston Tea Party	vol008_tropicalagricult8188ceyl#1889-06#004
1573	elephantiasis	1	1	00	1909	1909	elephantiasis	disease	vol032_tropicalagricul321909ceyl#1909-06#028
1574	eleventh international congress of orientalists	1	1	90	1898	1898	Eleventh International Congress of Orientalists	held at Paris	vol017_tropicalagricult1718ceyl#1898-06#126
1575	eleventh ordinary general meeting	1	1	90	1898	1898	Eleventh Ordinary General Meeting		vol017_tropicalagricult1718ceyl#1898-06#015
1576	elizabethan era	1	1	90	1892	1892	Elizabeth's time	historical period referenced for woodland comparison	vol012_tropicalagricult1218ceyl#1892-12#003
1577	emancipation act	1	1	80	1882	1882	Emancipation-Act	legislation subject to revision	vol001_tropicalagricult1188ceyl#1882-04#153
1578	emancipation law of 13th may 1888	1	1	90	1890	1890	Emancipation Law of 13th May 1888	law ending slavery	vol009_tropicalagricult9188ceyl#1890-06#072
1579	emergency farm mortgage act	1	1	30	1934	1934	Emergency Farm Mortgage Act	enactment	vol082_dli-ernet-229227#1934-06#010
1580	emigration act of 1882	1	1	90	1892	1892	Emigration Act of 1882	legislation	vol012_tropicalagricult1218ceyl#1892-07#100
1581	emin relief expedition	1	1	90	1892	1892	Emin Relief Expedition	expedition	vol011_tropicalagricult1118ceyl#1892-01#071
1582	empire economic conference	1	1	20	1923	1923	Empire Economic Conference	forthcoming conference	vol061_tropicalagricult0061unse#1923-10#020
1583	empire exhibition, glasgow	1	1	30	1938	1938	Empire Exhibition, Glasgow	exhibition	vol090_iss02_tropical-agriculturist-1938-02-90-2#1938-02#005
1584	empire exposition	1	1	90	1896	1896	Empire Exposition	in Montreal	vol015_tropicalagricult1518ceyl#1896-06#091
1585	empire of india and ceylon exhibition london, 1896	1	1	90	1897	1897	Empire of India and Ceylon Exhibition London, 1896		vol016_tropicalagricult1618ceyl#1897-03#089
1586	empire of india and ceylon exhibition, 1896	1	1	90	1896	1896	Empire of India and Ceylon Exhibition, 1896	exhibition	vol015_tropicalagricult1518ceyl#1896-05#010
1587	empire of india and ceylon exhibition, london, 1896	1	1	90	1896	1896	Empire of India and Ceylon Exhibition, London, 1896	exhibition	vol015_tropicalagricult1518ceyl#1896-05#066
1588	empire of india exhibition of 1895	1	1	90	1896	1896	Empire of India Exhibition of 1895	previous exhibition	vol015_tropicalagricult1518ceyl#1896-05#010
1589	empire-wide agricultural research conference	1	1	20	1927	1927	Empire-wide Agricultural Research Conference	conference to be held in London	vol069_tropical-agriculturist-1927-11-69#1927-11#004
1590	engineers' strike	1	1	90	1898	1898	engineers' strike		vol017_tropicalagricult1718ceyl#1898-06#124
1591	english food and drugs act	1	1	90	1894	1894	English Food and Drugs Act	legislation	vol013_tropicalagricult1318ceyl#1894-03#111
1592	english international congress of applied chemistry	1	1	10	1915	1915	English International Congress of Applied Chemistry		vol045_lbg-630-5-tag-v-45#1915-08#038
1593	english maternity and child welfare ordinance	1	1	30	1936	1936	English Maternity and Child Welfare Ordinance	ordinance providing for milk in necessitous cases	vol086_dli-ernet-229228#1936-03#006
1594	english patents act	1	1	00	1908	1908	English Patents Act	legislation	vol030_tropicalagricul301908ceyl#1908-05#090
1595	english technical instruction act of 1889	1	1	90	1891	1891	English Technical Instruction Act of 1889	legislation	vol011_tropicalagricult1118ceyl#1891-11#139
1596	enteric fever	1	1	00	1909	1909	enteric fever	disease	vol033_tropicalagricul331909ceyl#1909-12#084
1597	entomological conference	1	1	20	1920	1920	Entomological Conference	conference held in London	vol055_lbg-630-5-tag-v-55#1920-10#012
1598	entomological conference, london	1	1	20	1920	1920	Entomological Conference, London	conference	vol055_lbg-630-5-tag-v-55#1920-12#017
1599	erogeye disease of tobacco	1	1	30	1934	1934	Erogeye Disease of Tobacco	article title	vol082_dli-ernet-229227#1934-01#002
1600	eruption of krakatao	1	1	00	1902	1902	Krakatao	volcanic eruption in 1883	vol021_tropicalagricult2119ceyl#1902-01#057
1601	estates labour bill	1	1	90	1895	1895	Estates Labour Bill	legislation	vol015_tropicalagricult1518ceyl#1895-10#014
1602	estates land act	1	1	00	1909	1909	Estates Land Act	legislation	vol033_tropicalagricul331909ceyl#1909-10#030
1603	ettaiyapuram samasthanam exhibition and cattle show, 1907	1	1	00	1907	1907	Ettaiyapuram Samasthanam Exhibition and Cattle Show, 1907		vol028_tropicalagricul281907ceyl#1907-02#026
1604	ettaiyapuram samsthanam exhibition and cattle show 1907	1	1	00	1907	1907	Ettaiyapuram Samsthanam Exhibition and Cattle Show 1907	Agricultural and Industrial Exhibition and Cattle show	vol028_tropicalagricul281907ceyl#1907-01#028
1605	european blizzard	1	1	90	1891	1891	European blizzard	proposed atmospheric disturbance	vol011_tropicalagricult1118ceyl#1891-08#140
1606	european sugar convention	1	1	80	1889	1889	European sugar convention		vol008_tropicalagricult8188ceyl#1889-01#017
1607	european-chinese war	1	1	80	1884	1884	European-Chinese war	conflict since 1860	vol004_tropicalagricult18841885colo#1884-10#033
1608	excise scheme	1	1	10	1913	1913	Excise Scheme	scheme for discouraging intemperance	vol040_lbg-630-5-tag-v-40#1913-02#009
1609	excretory theory	1	1	90	1890	1890	Excretory Theory	hypothesis	vol010_tropicalagricult1018ceyl#1890-07#115
1610	exhibition and fair at nijni novgorod	1	1	90	1896	1896	Exhibition and Fair	event in Nijni Novgorod	vol016_tropicalagricult1618ceyl#1896-08#017
1611	exhibition at allahabad	1	1	10	1912	1912	Exhibition at Allahabad	recent exhibition	vol038_tropicalagricul381912ceyl#1912-04#011
1612	exhibition at antwerp	1	1	90	1895	1895	Exhibition at Antwerp		vol014_tropicalagricult1418ceyl#1895-01#107
1613	exhibition at buffalo	1	1	00	1901	1901	Exhibition at Buffalo		vol021_tropicalagricult2119ceyl#1901-07#070
1614	exhibition at chicago	1	1	90	1892	1892	Show at Chicago		vol012_tropicalagricult1218ceyl#1892-12#089
1615	exhibition at kingston	1	1	90	1891	1891	Exhibition at Kingston	opened by Prince George of Wales	vol010_tropicalagricult1018ceyl#1891-05#095
1616	exhibition at madras	1	1	80	1884	1884	exhibition at Madras	recent event	vol003_tropicalagricult18831884colo#1884-05#089
1617	exhibition at stockholm	1	1	90	1896	1896	exhibition at Stockholm		vol015_tropicalagricult1518ceyl#1896-05#053
1618	exhibition at the olympia	1	1	00	1909	1909	Exhibition at the Olympia	factor in bringing about investor growth	vol032_tropicalagricul321909ceyl#1909-03#069
1619	exhibition ceylon 1906	1	1	00	1906	1906	Exhibition Ceylon 1906		vol026_tropicalagricul261906ceyl#1906-01/06#004
1620	exhibition culinaire	1	1	00	1901	1901	Exhibition Culinaire	exhibition	vol021_tropicalagricult2119ceyl#1901-11#061
1621	exhibition fund	1	1	80	1887	1887	Exhibition fund		vol007_tropicalagricult7188ceyl#1887-11#079
1622	exhibition grounds	1	1	80	1889	1889	Exhibition grounds	1881	vol008_tropicalagricult8188ceyl#1889-05#114
1623	exhibition in batoum, 1900	1	1	00	1901	1901	Exhibition in Batoum, 1900	exhibition where tea pills were sold	vol021_tropicalagricult2119ceyl#1901-11#001
1624	exhibition in colombo, june, 1940	1	1	40	1940	1940	Exhibition in Colombo, June, 1940	exhibition	vol095_iss01_tropical-agriculturist-1940-07-95-1#1940-07#012
1625	exhibition in december 1890	1	1	90	1890	1890	Exhibition in December 1890	upcoming exhibition in Jamaica	vol009_tropicalagricult9188ceyl#1890-01#120
1626	exhibition in madras	1	1	80	1886	1886	Exhibition in Madras	1886	vol005_tropicalagricult18851886colo#1886-04#103
1627	exhibition in nuwara eliya	1	1	90	1891	1891	Exhibition in Nuwara Eliya	tea exhibition	vol010_tropicalagricult1018ceyl#1891-05#044
1628	exhibition in paris	1	1	80	1889	1889	Exhibition		vol009_tropicalagricult9188ceyl#1889-09#070
1629	exhibition of 1839	1	1	90	1898	1898	Exhibition of 1839	exhibition	vol017_tropicalagricult1718ceyl#1898-05#101
1630	exhibition of 1861	1	1	80	1881	1881	Exhibition of 1861	event where agave fibre products were sent	vol001_tropicalagricult1188ceyl#1881-09#142
1631	exhibition of 1878	1	1	80	1886	1886	Exhibition of 1878	exhibition	vol005_tropicalagricult18851886colo#1886-03#047
1632	exhibition of 1886	1	1	80	1886	1886	EXHIBITION, 1886		vol005_tropicalagricult18851886colo#1886-03#092
1633	exhibition of 1890	1	1	90	1894	1894	Exhibition of 1890	local exhibition where drying model was introduced	vol014_tropicalagricult1418ceyl#1894-08#044
1634	exhibition of 1910	1	1	00	1908	1908	Exhibition of 1910		vol031_tropicalagricul311908ceyl#1908-08#216
1635	exhibition of 26th october	1	1	80	1889	1889	Exhibition of 26th October last	event where the machine was sent	vol009_tropicalagricult9188ceyl#1889-09#002
1636	exhibition of belgian products	1	1	80	1883	1883	Exhibition of Belgian Products	exhibition at Berlin	vol003_tropicalagricult18831884colo#1883-09#025
1637	exhibition of brazil-coffee	1	1	80	1882	1882	exhibition of Brazil-Coffee	arranged by planters and commissioners	vol001_tropicalagricult1188ceyl#1882-04#153
1638	exhibition of empire vegetable fibres	1	1	30	1936	1936	Exhibition of Empire Vegetable Fibres	Exhibition in spring 1936	vol086_dli-ernet-229228#1936-04#006
1639	exhibition of foods and household requisites of indian production	1	1	10	1917	1917	EXHIBITION OF FOODS AND HOUSEHOLD REQUISITES OF INDIAN PRODUCTION	proposed exhibition in Bombay	vol049_iss01_tropical-agriculturist-1917-07-49-1#1917-07#013
1640	exhibition of forest products in edinburgh	1	1	80	1884	1884	Exhibition of Forest Products in Edinburgh	exhibition	vol003_tropicalagricult18831884colo#1884-06#102
1641	exhibition of l'enfance a travers les ages	1	1	00	1902	1902	Exhibition of L'Enfance a travers les ages	exhibition held at Petit Palais	vol022_tropicalagricult2219ceyl#1902-07#035
1642	exhibition of last year	1	1	80	1889	1889	Exhibition of last year	event where rice sample was shown	vol008_tropicalagricult8188ceyl#1889-06#092
1643	exhibition of native arts and crafts	1	1	00	1906	1906	Exhibition of Native Arts and Crafts	held at Peradeniya	vol027_tropicalagricul271906ceyl#1906-10#029
1644	exhibition of paris	1	1	80	1885	1885	Exhibition of Paris		vol005_tropicalagricult18851886colo#1885-10#041
1645	exhibition of rubber	1	1	00	1908	1908	Exhibition of Rubber	Event held at Peradeniya	vol030_tropicalagricul301908ceyl#1908-02#044
1646	exhibition of september next	1	1	00	1908	1908	Exhibition of September next	event for manufacturers and producers	vol030_tropicalagricul301908ceyl#1908-06#105
1647	exhibition year	1	1	80	1883	1883	Exhibition year	reference to a specific year	vol003_tropicalagricult18831884colo#1883-09#047
1648	exhibitions	1	1	80	1888	1888	Exhibitions	Glasgow, Melbourne, and Brussels	vol007_tropicalagricult7188ceyl#1888-05#050
1649	exhibitions of 1851 and 1862	1	1	80	1884	1884	Exhibitions of 1851 and 1862	source of additions to the Museums	vol003_tropicalagricult18831884colo#1884-04#121
1650	expedition to the andes	1	1	90	1892	1892	THE LATE EXPEDITION TO THE ANDES		vol012_tropicalagricult1218ceyl#1892-09#099
1651	explosives act, 1905	1	1	10	1919	1919	Explosives Act, 1905	legislation	vol053_iss03_tropical-agriculturist-1919-09-53-3#1919-09#025
1652	exposition at kobe	1	1	10	1911	1911	exposition at Kobe	event where Japanese rubber goods were exhibited	vol037_tropicalagricul371911ceyl#1911-10#002
1653	exposition in paris	1	1	80	1889	1889	Exposition in Paris		vol009_tropicalagricult9188ceyl#1889-10#027
1654	exposition of 1900	1	1	00	1902	1902	exposition of 1900		vol022_tropicalagricult2219ceyl#1902-07#042
1655	exposition universelle, paris, 1900	1	1	00	1900	1900	Exposition Universelle, Paris, 1900	exhibition	vol020_tropicalagricult2019ceyl#1900-10#084
1656	extension act	1	1	10	1917	1917	Extension Act	legislation	vol049_iss02_tropical-agriculturist-1917-08-49-2#1917-08#022
1657	factors act, 1889	1	1	90	1891	1891	Factors Act, 1889	legislation	vol010_tropicalagricult1018ceyl#1891-03#060
1658	fair and ploughing exhibition	1	1	90	1895	1895	Fair and Ploughing Exhibition	event at Kurunegala	vol014_tropicalagricult1418ceyl#1895-02#085
1659	fair at nijni-novgorod	1	1	90	1891	1891	Fair at Nijni-Novgorod		vol011_tropicalagricult1118ceyl#1891-07#073
1660	falkirk fairs	1	1	80	1885	1885	Falkirk Fairs		vol004_tropicalagricult18841885colo#1885-02#023
1661	famine fund	1	1	90	1897	1897	Famine Fund	charity movement	vol016_tropicalagricult1618ceyl#1897-03#028
1662	famine in india	1	1	00	1900	1900	Famine in India	inaugural address topic	vol020_tropicalagricult2019ceyl#1900-12#101
1663	famine of 1876-1877	1	1	20	1921	1921	famine of 1876-1877		vol046_lbg-630-5-tag-v-46#1921-05#013
1664	famine of 1877	1	1	00	1907	1907	famine of 1877		vol028_tropicalagricul281907ceyl#1907-03#013
1665	farm board proposal	1	1	20	1929	1929	Farm Board proposal	legislative proposal	vol073_tropical-agriculturist-1929-11-73#1929-11#008
1666	farm boys' course	1	1	40	1940	1940	Farm Boys' Course	trial course started in January, 1933	vol094_iss05_tropical-agriculturist-1940-05-94-5#1940-05#011
1667	farm credit act of 1933	1	1	30	1934	1934	Farm Credit Act of 1933	enactment	vol082_dli-ernet-229227#1934-06#010
1668	farmer's conference	1	1	00	1900	1900	Farmer's Conference	conference at the Agricultural College, Gatton	vol019_tropicalagricult1918ceyl#1900-04#016
1669	farmers' co-operative demonstration work	1	1	10	1911	1911	Farmers' Co-operative Demonstration Work	agricultural program	vol037_tropicalagricul371911ceyl#1911-11#021
1670	farmers' congress, 1908	1	1	10	1910	1910	Farmers' Congress, 1908		vol034_tropicalagricul341910ceyl#1910-05#031
1671	farmers' week	1	1	10	1914	1914	Farmers' Week	annual event at Cornell	vol042_lbg-630-5-tag-v-42#1914-02#042
1672	fashoda	1	1	00	1901	1901	Fashoda	incident	vol020_tropicalagricult2019ceyl#1901-04#104
1673	feast of dragons	1	1	90	1892	1892	Feast of Dragons	festival	vol012_tropicalagricult1218ceyl#1892-08#071
1674	february	1	1	10	1910	1910	Fevereiro	month	vol035_tropicalagricul351910ceyl#1910-12#002
1675	federal agricultural adjustment act	1	1	30	1939	1939	Federal Agricultural Adjustment Act	legislation for marketing agreement	vol092_tropical-agriculturist-1939-06-92#1939-06#008
1676	federal conference	1	1	00	1903	1903	Federal Conference	held in Kwalla Lumpor	vol023_tropicalagricult2319ceyl#1903-09#056
1677	federal farm loan act	1	1	30	1934	1934	Federal Farm Loan Act	legislation	vol082_dli-ernet-229227#1934-06#010
1678	federal food and drugs act	1	1	30	1932	1932	Federal Food and Drugs Act	legislation for quality control	vol079_iss02_tropical-agriculturist-1932-08-79-2#1932-08#006
1679	federal pure food and drug act	1	1	30	1935	1935	Federal Pure Food and Drug Act	legislation	vol084_tropical-agriculturist-1935-02-84#1935-02#009
1680	federal seed act	1	1	30	1934	1934	Federal Seed Act	legislation	vol083_tropical-agriculturist-1934-07#1934-07#005
1681	federal-aid road act	1	1	10	1917	1917	Federal-aid Road Act	legislation	vol049_iss02_tropical-agriculturist-1917-08-49-2#1917-08#022
1682	ferguson memorial hall	1	1	90	1898	1898	Ferguson Memorial Hall	building project	vol017_tropicalagricult1718ceyl#1898-03#039
1683	fertile soil preservation ordinance	1	1	30	1939	1939	Fertile Soil Preservation Ordinance	ordinance passed in 1935	vol092_tropical-agriculturist-1939-04-92#1939-04#006
1684	fertilisers and feed stuff's act	1	1	00	1908	1908	Fertilisers and Feed Stuff's Act	legislation	vol030_tropicalagricul301908ceyl#1908-04#035
1685	fertilisers and feeding stuffs act, 1906	1	1	10	1913	1913	Fertilisers and Feeding Stuffs Act, 1906	legislation	vol040_lbg-630-5-tag-v-40#1913-02#052
1686	fertilisers ordinance of 1901	1	1	20	1923	1923	Fertilisers Ordinance of 1901		vol060_lbg-tropicalagricultvol-lx-1923-0000unse-n0c4#1923-06#017
1687	fertilizers and feeding stuffs act of 1893	1	1	00	1908	1908	Fertilizers and Feeding Stuffs Act of 1893		vol030_tropicalagricul301908ceyl#1908-04#035
1688	fibre congress and exhibition	1	1	10	1912	1912	Fibre Congress and Exhibition	held at Sourabaya in 1911	vol038_tropicalagricul381912ceyl#1912-05#034
1689	fibre congress at sourabaya in 1910	1	1	00	1909	1909	Fibre Congress at Sourabaya in 1910	combined with an Exhibition of fibre producing plants	vol032_tropicalagricul321909ceyl#1909-04#061
1690	field day at labuduwa farm	1	1	30	1935	1935	Field Day at Labuduwa Farm	organised on January 21st, 1935	vol084_tropical-agriculturist-1935-03-84#1935-03#007
1691	field experiment no. 5	1	1	30	1932	1932	Field Experiment No. 5	experimental evidence cited	vol079_iss05_tropical-agriculturist-1932-11-79-5#1932-11#009
1692	fifteenth annual ordinary general meeting of shareholders	1	1	00	1902	1902	Fifteenth Annual Ordinary General Meeting of Shareholders	meeting	vol021_tropicalagricult2119ceyl#1902-06#042
1693	fifth annual general meeting of the balmoral (ceylon) estates company, limited	1	1	00	1903	1903	Fifth Annual General Meeting	meeting	vol022_tropicalagricult2219ceyl#1903-05#108
1694	fifth annual ordinary general meeting of shareholders	1	1	00	1902	1902	Fifth Annual Ordinary General Meeting of Shareholders	meeting to be held 13th May, 1902	vol022_tropicalagricult2219ceyl#1902-07#081
1695	fifth co-operative conference of united provinces	1	1	10	1913	1913	fifth Co-operative Conference of United Provinces	conference	vol040_lbg-630-5-tag-v-40#1913-06#020
1696	fifth congress of agricultural co-operative and mutual societies	1	1	10	1912	1912	Fifth Congress of Agricultural Co-operative and Mutual Societies	conference	vol038_tropicalagricul381912ceyl#1912-04#030
1697	fifth congress of agricultural mutual societies	1	1	10	1912	1912	Fifth Congress of Agricultural Mutual Societies	concerned with legal regime of agricultural syndicates	vol038_tropicalagricul381912ceyl#1912-04#030
1698	fifth indian science congress	1	1	10	1918	1918	Fifth Indian Science Congress	held at Lahore, January 1918	vol051_iss06_tropical-agriculturist-1918-12-51-6#1918-12#010
1699	fifth international botanical congress	1	1	30	1932	1932	Fifth International Botanical Congress	held at Cambridge, England, in 1930	vol078_tropical-agriculturist-1932-02-78#1932-02#011
1700	fifth international exhibition of rubber, other tropical products and allied industries	1	1	20	1920	1920	Fifth International Exhibition of Rubber, other Tropical Products and Allied Industries	exhibition, London	vol054_lbg-630-5-tag-v-54#1920-05#040
1701	fifth meeting of the central board of agriculture	1	1	30	1939	1939	Fifth Meeting of the Central Board of Agriculture	meeting	vol092_tropical-agriculturist-1939-06-92#1939-06#013
1702	fifties and sixties	1	1	80	1886	1886	Fifties and Sixties	story in the Observer	vol006_tropicalagricult18861887colo#1886-08#007
1703	fiji court	1	1	80	1883	1883	Fiji Court	exhibition	vol003_tropicalagricult18831884colo#1883-07#104
1704	filariasis	1	1	00	1909	1909	filariasis	disease	vol032_tropicalagricul321909ceyl#1909-06#028
1705	filibuster war	1	1	90	1898	1898	Filibuster War		vol017_tropicalagricult1718ceyl#1898-01#012
1706	finance bill	1	1	90	1896	1896	Finance Bill	legislation under committee	vol016_tropicalagricult1618ceyl#1896-07#068
1707	fine arts exhibition	1	1	00	1903	1903	Fine Arts Exhibition	exhibition in Delhi	vol023_tropicalagricult2319ceyl#1903-12#030
1708	first annual ordinary general meeting of shareholders	1	1	90	1896	1896	First Annual Ordinary General Meeting of Shareholders		vol016_tropicalagricult1618ceyl#1896-12#072
1709	first conference of the tea research institute of ceylon	1	1	20	1929	1929	First Conference of the Tea Research Institute of Ceylon	held on Monday, March 11th, 1929	vol072_dli-ernet-229221#1929-01/06#032
1710	first imperial mycological conference	1	1	30	1930	1930	First Imperial Mycological Conference	previous conference	vol074_dli-ernet-229223#1930-04#013
1711	first industrial exhibition	1	1	90	1893	1893	First Industrial Exhibition	exhibition	vol012_tropicalagricult1218ceyl#1893-06#150
1712	first international congress of entomology	1	1	10	1912	1912	First International Congress of Entomology	held in Brussels, 1910	vol038_tropicalagricul381912ceyl#1912-04#016
1713	first international congress of soil science	1	1	30	1935	1935	First International Congress of Soil Science		vol084_tropical-agriculturist-1935-04-84#1935-04#005
1714	first orange conference	1	1	00	1902	1902	First Orange Conference	held under the auspices of the Board of Agriculture	vol021_tropicalagricult2119ceyl#1902-04#011
1715	first philippine exposition	1	1	10	1912	1912	First Philippine Exposition	exposition held in 1912	vol039_tropicalagricul391912ceyl#1912-07#027
1716	fish preservation act of 1879	1	1	80	1888	1888	Fish Preservation Act of 1879		vol008_tropicalagricult8188ceyl#1888-12#024
1717	fisherian analysis	1	1	30	1935	1935	Fisherian analysis	statistical method	vol084_tropical-agriculturist-1935-03-84#1935-03#003
1718	fisheries of 1887 and 1888	1	1	90	1894	1894	fisheries of 1887 and 1888		vol014_tropicalagricult1418ceyl#1894-09#100
1719	fishery	1	1	90	1891	1891	Fishery		vol011_tropicalagricult1118ceyl#1891-07#148
1720	fishery treaty	1	1	80	1888	1888	Fishery Treaty		vol008_tropicalagricult8188ceyl#1888-11#059
1721	flood of 1815	1	1	80	1885	1885	flood of 1815	historical event	vol004_tropicalagricult18841885colo#1885-04#006
1722	flower show	1	1	80	1887	1887	flower show	recent exhibition	vol006_tropicalagricult18861887colo#1887-06#090
1723	fogua	1	1	90	1890	1890	Fogua		vol009_tropicalagricult9188ceyl#1890-05#010
1724	foley's mission	1	1	00	1902	1902	Foley's Mission	mission studying tea questions	vol021_tropicalagricult2119ceyl#1902-03#053
1725	food amendment act 1877	1	1	90	1894	1894	Food Amendment Act 1877	act fixing limits of alcoholic strength	vol013_tropicalagricult1318ceyl#1894-06#009
1726	food and agricultural products exhibition at karlsbad	1	1	00	1902	1902	Food and Agricultural Products Exhibition held at Karlsbad	exhibition	vol022_tropicalagricult2219ceyl#1902-07#035
1727	food and drugs adulteration act	1	1	00	1902	1902	Food and Drugs Adulteration Act	legislation setting limits for milk purity	vol021_tropicalagricult2119ceyl#1902-02#111
1728	food and foodcraft exhibition, colombo	1	1	40	1943	1943	Food and Foodcraft Exhibition, Colombo	exhibition	vol099_iss03_tropical-agriculturist-july-september-1943-99-3#1943-07/09#006
1729	food drive	1	1	40	1941	1941	Food Drive	campaign for rice production	vol097_iss06_tropical-agriculturist-1941-12-97-6#1941-12#012
1730	food exhibition	1	1	80	1882	1882	Food Exhibition	held in Agricultural Hall, London	vol001_tropicalagricult1188ceyl#1882-05#150
1731	food exhibition at the agricultural hall	1	1	80	1882	1882	food exhibition at the Agricultural Hall		vol001_tropicalagricult1188ceyl#1882-02#034
1732	food exposition	1	1	90	1896	1896	Food Exposition	held at the Madison Square Garden, New York	vol015_tropicalagricult1518ceyl#1896-01#037
1733	food fair	1	1	90	1898	1898	Food Fair	exhibit in Boston	vol017_tropicalagricult1718ceyl#1898-02#057
1734	food production ordinance	1	1	40	1945	1945	Food Production Ordinance	legislation	vol101_iss01_tropical-agriculturist-january-march-1945-101-1#1945-01/03#012
1735	food products exhibition	1	1	90	1891	1891	Food Products Exhibition	exhibition in Vienna	vol011_tropicalagricult1118ceyl#1891-11#069
1736	food show at philadelphia	1	1	90	1896	1896	food show at Philadelphia		vol015_tropicalagricult1518ceyl#1896-02#081
1737	food-products exhibition at calcutta	1	1	10	1917	1917	Food-Products Exhibition	exhibition of foods and household requisites	vol049_iss04_tropical-agriculturist-1917-10-49-4#1917-10#005
1738	foods adulteration commission of 1872	1	1	90	1895	1895	Foods Adulteration Commission of 1872	commission	vol015_tropicalagricult1518ceyl#1895-11#107
1739	forbes-bliss scheme	1	1	00	1908	1908	Forbes-Bliss scheme	approved by Kandy Association	vol030_tropicalagricul301908ceyl#1908-04#064
1740	ford case	1	1	30	1934	1934	Ford case	legal case	vol082_dli-ernet-229227#1934-05#011
1741	fordney emergency tariff bill	1	1	20	1929	1929	Fordney Emergency Tariff Bill	legislation	vol073_tropical-agriculturist-1929-11-73#1929-11#008
1742	foreign exhibitions	1	1	90	1898	1898	Foreign Exhibitions		vol018_tropicalagricult1818ceyl#1898-12#093
1743	foreign office conference in london	1	1	00	1900	1900	Foreign Office Conference in London		vol020_tropicalagricult2019ceyl#1900-10#063
1744	forest act	1	1	80	1889	1889	Forest Act	legislation regarding grass land and pasture	vol009_tropicalagricult9188ceyl#1889-12#014
1745	forest conference of 1875	1	1	80	1883	1883	Forest Conference of 1875	conference	vol003_tropicalagricult18831884colo#1883-12#009
1746	forest exhibition	1	1	80	1884	1884	Forest Exhibition		vol004_tropicalagricult18841885colo#1884-09#084
1747	forest ordinance	1	1	90	1891	1891	Forest Ordinance		vol011_tropicalagricult1118ceyl#1891-12#034
1748	forest ordinance no. 10 of 1885	1	1	90	1899	1899	Forest Ordinance No. 10 of 1885	legislation	vol018_tropicalagricult1818ceyl#1899-06#088
1749	forest ordinance, no. 10 of 1885	1	1	20	1927	1927	Forest Ordinance, No. 10 of 1885	legislation	vol068_tropical-agriculturist-1927-05-68#1927-05#006
1750	forest reservation act	1	1	90	1895	1895	Forest Reservation Act	legislation affecting forest produce	vol014_tropicalagricult1418ceyl#1895-02#086
1751	forest reserves ordinance	1	1	00	1902	1902	Forest Reserves Ordinance	ordinance introduced to protect rubber trade	vol022_tropicalagricult2219ceyl#1902-08#056
1752	forestry exhibition in edinburgh	1	1	80	1884	1884	FORESTRY EXHIBITION IN EDINBURGH	exhibition	vol004_tropicalagricult18841885colo#1884-11#019
1753	forestry exhibition in edinburgh, 1884	1	1	80	1887	1887	Forestry Exhibition in Edinburgh	exhibition where timber specimens were shown	vol006_tropicalagricult18861887colo#1887-06#032
1754	forestry exhibition in scotland	1	1	80	1887	1887	Forestry Exhibition in Scotland	event where kino was sent	vol006_tropicalagricult18861887colo#1887-02#010
1755	fourteenth madras provincial co-operative conference	1	1	20	1926	1926	Fourteenth Madras Provincial Co-operative Conference	conference proceedings	vol067_iss01_tropical-agriculturist-1926-07-67-1#1926-07#010
1756	fourth agricultural conference	1	1	30	1930	1930	Fourth Agricultural Conference	commenced at Peradeniya on the 20th of October	vol075_tropical-agriculturist-1930-11-75#1930-11#001
1757	fourth annual conference of planters	1	1	20	1927	1927	Fourth Annual Conference of planters	held under the auspices of the Incorporated Society of Plant	vol069_tropical-agriculturist-1927-10-69#1927-10#006
1758	fourth annual poultry breeders' conference	1	1	20	1921	1921	Fourth Annual Poultry Breeders' Conference	Conference held at Cedara	vol046_lbg-630-5-tag-v-46#1921-05#014
1759	fourth conference of registrars of co-operative credit societies	1	1	10	1910	1910	Fourth Conference of Registrars	conference proceedings	vol034_tropicalagricul341910ceyl#1910-05#032
1760	fourth imperial entomological conference	1	1	30	1936	1936	Fourth Imperial Entomological Conference	conference	vol086_dli-ernet-229228#1936-02#007
1761	fourth indian congress	1	1	10	1917	1917	Fourth Indian Congress	conference held in 1917	vol049_iss03_tropical-agriculturist-1917-09-49-3#1917-09#010
1762	fourth international congress of rice-culture	1	1	10	1911	1911	Fourth International Congress of Rice-culture	to be held in October, 1912	vol037_tropicalagricul371911ceyl#1911-10#010
1763	fourth international rubber exhibition	1	1	10	1913	1913	FOURTH INTERNATIONAL RUBBER EXHIBITION	exhibition, London, 1914	vol041_lbg-vol-xli-tropicalagricult0000dewi-t3r5#1913-07#015
1764	foxwell v. bostock	1	1	90	1892	1892	Foxwell v. Bostock	legal case cited	vol011_tropicalagricult1118ceyl#1892-01#070
1765	franco-british congress of bee-keepers	1	1	00	1908	1908	Franco-British Congress of Bee-keepers		vol031_tropicalagricul311908ceyl#1908-11#025
1766	franco-siamese treaty	1	1	90	1894	1894	Franco-Siamese Treaty	treaty	vol014_tropicalagricult1418ceyl#1894-08#012
1767	frazer v. vanderspaar	1	1	00	1900	1900	Frazer v. Vanderspaar	legal case	vol019_tropicalagricult1918ceyl#1900-05#008
1768	free coinage bill	1	1	90	1891	1891	Free Coinage Bill		vol010_tropicalagricult1018ceyl#1891-04#078
1769	french colonial exhibition at marseilles	1	1	00	1908	1908	French Colonial Exhibition at Marseilles	1906	vol031_tropicalagricul311908ceyl#1908-08#126
1770	french customs tariff revision	1	1	90	1891	1891	French Customs Tariff	subject of revision	vol010_tropicalagricult1018ceyl#1891-02#107
1771	french exhibition in moscow	1	1	90	1892	1892	French Exhibition in Moscow		vol011_tropicalagricult1118ceyl#1892-02#030
1772	french exhibition kiosk	1	1	90	1892	1892	French Exhibition Kiosk		vol011_tropicalagricult1118ceyl#1892-02#030
1773	french exposition	1	1	00	1901	1901	French exposition	on beet culture and manufacture	vol020_tropicalagricult2019ceyl#1901-05#004
1774	french import duty on tea	1	1	00	1903	1903	French import duty	Policy under consideration	vol023_tropicalagricult2319ceyl#1903-09#024
1775	french international exhibition	1	1	80	1889	1889	French International Exhibition		vol008_tropicalagricult8188ceyl#1889-02#125
1776	french wars	1	1	10	1915	1915	French Wars	period of nitrate shortage	vol045_lbg-630-5-tag-v-45#1915-07#003
1777	fresh air excursions	1	1	90	1896	1896	Fresh Air Excursions	previous event	vol015_tropicalagricult1518ceyl#1896-03#033
1778	friendly societies acts	1	1	10	1910	1910	Friendly Societies Acts	legislation	vol035_tropicalagricul351910ceyl#1910-10#016
1779	fruit and farm products exhibition	1	1	40	1942	1942	Fruit and Farm Products Exhibition	exhibition in Colombo	vol098_iss03_tropical-agriculturist-july-september-1942-98-3#1942-07/09#010
1780	fruit and flower exhibition	1	1	90	1898	1898	Fruit and Flower Exhibition	exhibition	vol018_tropicalagricult1818ceyl#1898-07#131
1781	fruit and flower show in colombo	1	1	90	1899	1899	Fruit and Flower Show in Colombo	exhibition	vol018_tropicalagricult1818ceyl#1899-05#164
1782	fruit cases act	1	1	00	1908	1908	Fruit Cases Act	regulation	vol030_tropicalagricul301908ceyl#1908-04#033
1783	fruit export ordinance	1	1	00	1908	1908	Fruit Export Ordinance	regulation for fruit export trade	vol031_tropicalagricul311908ceyl#1908-12#085
1784	fruit fly and codling moth act	1	1	00	1909	1909	Fruit Fly and Codling Moth Act	legislation	vol032_tropicalagricul321909ceyl#1909-06#027
1785	fruit garden competition	1	1	30	1935	1935	Fruit Garden Competition	competition organised	vol085_tropical-agriculturist-1935-11-85#1935-11#013
1786	fruit growers' conference	1	1	10	1919	1919	Fruit Growers' Conference	held at Palmwoods, 2nd November, 1918	vol052_iss03_tropical-agriculturist-1919-03-52-3#1919-03#008
1787	fugwa	1	1	80	1886	1886	Fugwa	festival in March	vol006_tropicalagricult18861887colo#1886-09#011
1788	fusarium wilt	1	1	30	1936	1936	Fusarium wilt	disease of tomatoes	vol086_dli-ernet-229228#1936-01#026
1789	föhn	1	1	90	1890	1890	Föhn	strong warm dry wind	vol009_tropicalagricult9188ceyl#1890-04#050
1790	galboda and kinigoda korales agricultural show	1	1	10	1918	1918	Galboda and Kinigoda Korales	agricultural show at Beligamma	vol051_iss04_tropical-agriculturist-1918-10-51-4#1918-10#020
1791	galle agri-horticultural exhibition	1	1	90	1899	1899	Galle Agri-Horticultural Exhibition	exhibition	vol019_tropicalagricult1918ceyl#1899-09#072
1792	galle agricultural show	1	1	20	1921	1921	Galle Agricultural Show	agricultural show	vol047_lbg-630-5-tag-v-47#1921-08#001
1793	galle district show	1	1	20	1921	1921	Galle District Show	event for prize presentation	vol047_lbg-630-5-tag-v-47#1921-07#018
1794	galle-wellaboda pattu agricultural show	1	1	10	1918	1918	Galle-Wellaboda Pattu	arranged agricultural show	vol051_iss04_tropical-agriculturist-1918-10-51-4#1918-10#020
1795	galton's curve	1	1	30	1931	1931	Galton's curve	statistical distribution model	vol076_dli-ernet-229225#1931-03#007
1796	game act	1	1	00	1901	1901	Game Act	legislation protecting exotic birds	vol020_tropicalagricult2019ceyl#1901-04#074
1797	game fowl show at temple trees	1	1	00	1902	1902	Game Fowl Show at Temple Trees	exhibition	vol021_tropicalagricult2119ceyl#1902-04#018
1798	game ordinance	1	1	90	1899	1899	Game Ordinance	law regarding game preservation	vol018_tropicalagricult1818ceyl#1899-06#088
1799	game ordinances	1	1	90	1898	1898	Game Ordinances	legislation	vol017_tropicalagricult1718ceyl#1898-02#034
1800	gaming ordinance	1	1	90	1890	1890	Gaming Ordinance	legislation	vol009_tropicalagricult9188ceyl#1890-02#118
1801	gampaha floral pageant	1	1	20	1923	1923	Gampaha Floral Pageant	held from 7th to 14th July, 1923	vol061_tropicalagricult0061unse#1923-07#002
1802	gampaha show	1	1	20	1923	1923	Gampaha Show	recent agricultural show	vol061_tropicalagricult0061unse#1923-09#015
1803	gampola (c. p.) show	1	1	20	1920	1920	Gampola (C. P.)	Agricultural Show, May 7th and 8th	vol054_lbg-630-5-tag-v-54#1920-04#010
1804	gampola agri-horticultural exhibition	1	1	00	1906	1906	Gampola Agri-Horticultural Exhibition	held on 30th and 31st March, 1906	vol026_tropicalagricul261906ceyl#1906-05#015
1805	gampola agri-horticultural shows	1	1	00	1906	1906	Gampola Agri-Horticultural Shows		vol026_tropicalagricul261906ceyl#1906-01/06#008
1806	garton lectures on colonial and indian agriculture	1	1	00	1900	1900	Garton Lectures on Colonial and Indian Agriculture	course of lectures in Edinburgh University	vol020_tropicalagricult2019ceyl#1900-12#101
1807	gem and gold mining rules	1	1	90	1890	1890	Gem and Gold Mining Rules	promulgated in 1881	vol009_tropicalagricult9188ceyl#1890-03#003
1808	gemming ordinance	1	1	90	1891	1891	Gemming Ordinance	ordinance	vol010_tropicalagricult1018ceyl#1891-05#108
1809	general elections	1	1	90	1896	1896	General Elections		vol015_tropicalagricult1518ceyl#1896-06#138
1810	general meeting of the agricultural society	1	1	20	1928	1928	General Meeting of the Agricultural Society	held on the 10th November, 1927	vol070_dli-ernet-229220#1928-11#012
1811	general meeting, 12th may, 1927	1	1	20	1927	1927	General Meeting	12th May, 1927	vol069_tropical-agriculturist-1927-10-69#1927-10#013
1812	geneva exhibition	1	1	90	1896	1896	Geneva Exhibition		vol015_tropicalagricult1518ceyl#1896-05#067
1813	geographical congress	1	1	90	1895	1895	Geographical Congress	conference where speeches were made	vol015_tropicalagricult1518ceyl#1895-10#045
1814	geological survey of ceylon	1	1	90	1898	1898	Geological Survey	proposed survey	vol017_tropicalagricult1718ceyl#1898-01#092
1815	geraldina alexandrina roche	1	1	90	1891	1891	"Geraldina Alexandrina Roche"	sister ship	vol011_tropicalagricult1118ceyl#1891-07#099
1816	geraldton races	1	1	00	1903	1903	Geraldton Races	postponed event	vol023_tropicalagricult2319ceyl#1903-11#020
1817	german army bill	1	1	90	1893	1893	German Army Bill	passed by the Reichstag	vol013_tropicalagricult1318ceyl#1893-08#133
1818	german colonial congress	1	1	10	1911	1911	German Colonial Congress	held at Berlin, 1910	vol037_tropicalagricul371911ceyl#1911-07#005
1819	german commercial expedition to china and japan	1	1	90	1898	1898	THE GERMAN COMMERCIAL EXPEDITION TO CHINA AND JAPAN	commercial expedition	vol017_tropicalagricult1718ceyl#1898-02#107
1820	german expedition	1	1	90	1893	1893	German Expedition	expedition mentioned	vol013_tropicalagricult1318ceyl#1893-09#073
1821	german loango expedition	1	1	10	1915	1915	German Loango Expedition	expedition	vol045_lbg-630-5-tag-v-45#1915-10#042
1822	german period	1	1	30	1937	1937	German period	historical period of interest in plant products	vol088_dli-ernet-229229#1937-07#014
1823	gezira canalization scheme	1	1	30	1938	1938	Gezira Canalization Scheme	irrigation scheme in Sudan	vol091_tropical-agriculturist-1938-07-91#1938-07#002
1824	ghent exposition (1913)	1	1	10	1917	1917	Ghent Exposition (1913)	exposition	vol048_iss05_tropical-agriculturist-1917-05-48-5#1917-05#010
1825	giant's tank	1	1	10	1912	1912	Giant's Tank	irrigation project	vol038_tropicalagricul381912ceyl#1912-05#012
1826	glasgow court	1	1	80	1889	1889	Glasgow Court	exhibition court	vol008_tropicalagricult8188ceyl#1889-02#115
1827	golando cyclone	1	1	10	1910	1910	Golando	cyclone	vol035_tropicalagricul351910ceyl#1910-07#010
1828	gootee method of layering	1	1	30	1933	1933	Gootee Method of Layering	agricultural technique	vol080_dli-ernet-229226#1933-06#009
1829	gopalpore canal	1	1	80	1889	1889	Gopalpore Canal	public works project	vol008_tropicalagricult8188ceyl#1889-06#078
1830	goswell and bishop	1	1	90	1892	1892	Goswell and Bishop	legal case	vol011_tropicalagricult1118ceyl#1892-03#077
1831	gothenburg system	1	1	90	1898	1898	Gothenburg system		vol018_tropicalagricult1818ceyl#1898-08#115
1832	government advances to settlers act	1	1	90	1895	1895	Government Advances to Settlers Act	legislation	vol014_tropicalagricult1418ceyl#1895-03#015
1833	government agents' conference	1	1	30	1935	1935	Government Agents' Conference	Conference	vol084_tropical-agriculturist-1935-06-84#1935-06#011
1834	government sale	1	1	90	1896	1896	Government sale	recent sale of land	vol016_tropicalagricult1618ceyl#1896-07#008
1835	governor's commission on the agricultural school	1	1	90	1897	1897	Governor's Commission on the Agricultural School	commission	vol016_tropicalagricult1618ceyl#1897-05#032
1836	gow's system of tea manufacture	1	1	80	1887	1887	Gow's System of Tea Manufacture	manufacturing method	vol007_tropicalagricult7188ceyl#1887-07#150
1837	grain tax ordinance of 1878	1	1	80	1885	1885	Grain Tax Ordinance of 1878	legislation introduced by Queen's Advocate	vol004_tropicalagricult18841885colo#1885-05#054
1838	grama rakshaha samagama show	1	1	90	1891	1891	Grama Rakshaha Samagama Show	held at Dalugama on the 27th April	vol010_tropicalagricult1018ceyl#1891-05#142
1839	grama rakshaka samagama's show	1	1	90	1891	1891	Grama Rakshaka Samagama's Show	show at Dalugama	vol010_tropicalagricult1018ceyl#1891-06#163
1840	grand exhibition	1	1	80	1881	1881	Grand Exhibition	exhibition	vol001_tropicalagricult1188ceyl#1881-07#139
1841	grand international exhibition	1	1	80	1885	1885	Grand International Exhibition	exhibition in New Orleans	vol005_tropicalagricult18851886colo#1885-07#028
1842	grangers' fair	1	1	00	1909	1909	Grangers' Fair	fair held in Wilmington, Del.	vol032_tropicalagricul321909ceyl#1909-05#028
1843	great canadian and baltimore expositions	1	1	90	1895	1895	Great Canadian and Baltimore Expositions	expositions in 1896 and 1897	vol014_tropicalagricult1418ceyl#1895-04#091
1844	great canadian exhibition	1	1	90	1895	1895	Great Canadian Exhibition	held at Montreal in 1896	vol014_tropicalagricult1418ceyl#1895-05#071
1845	great canadian international exhibition	1	1	90	1895	1895	Great Canadian International Exhibition	exhibition in 1896	vol014_tropicalagricult1418ceyl#1895-04#064
1846	great chicago exhibition	1	1	90	1896	1896	Great Chicago Exhibition	Exhibition	vol016_tropicalagricult1618ceyl#1896-11#010
1847	great dock strike of 1889-90	1	1	00	1900	1900	great dock strike of 1889-90	historical event	vol019_tropicalagricult1918ceyl#1900-05#068
1848	great european war	1	1	30	1935	1935	Great European War		vol085_tropical-agriculturist-1935-10-85#1935-10#007
1849	great exhibition of 1886	1	1	80	1886	1886	The great Exhibition of the year	exhibition	vol006_tropicalagricult18861887colo#1886-07#005
1850	great exhibition of 1900	1	1	00	1901	1901	Great Exhibition of 1900	in Paris	vol020_tropicalagricult2019ceyl#1901-03#150
1851	great exposition	1	1	90	1893	1893	Great Exposition		vol013_tropicalagricult1318ceyl#1893-11#067
1852	great exposition at chicago	1	1	90	1894	1894	Great Exposition at Chicago	exhibition where tea was promoted	vol014_tropicalagricult1418ceyl#1894-09#084
1853	great madras famine of 1877	1	1	00	1908	1908	Great Madras Famine		vol030_tropicalagricul301908ceyl#1908-05#083
1854	great paris exhibition	1	1	90	1890	1890	Great Paris Exhibition	exhibition	vol009_tropicalagricult9188ceyl#1890-01#011
1855	great plague of london	1	1	20	1925	1925	Great Plague of London	occurred in 1665	vol064_lbg-630-5-tag-v-64#1925-04#008
1856	great roller case	1	1	90	1896	1896	Great Roller Case	litigation	vol015_tropicalagricult1518ceyl#1896-05#041
1857	great world's fair at chicago	1	1	90	1892	1892	Great World's Fair at Chicago		vol012_tropicalagricult1218ceyl#1892-08#106
1858	greely expedition	1	1	90	1890	1890	Greely Expedition		vol010_tropicalagricult1018ceyl#1890-08#095
1859	grey blight	1	1	00	1909	1909	Grey Blight	disease comparison	vol033_tropicalagricul331909ceyl#1909-10#024
1860	grocers' and allied trades' exhibition	1	1	90	1898	1898	Grocers' and Allied Trades' Exhibition	exhibition	vol018_tropicalagricult1818ceyl#1898-12#062
1861	grocery and provision trade exhibitions	1	1	90	1899	1899	Grocery and Provision Trade Exhibitions	annual exhibitions	vol018_tropicalagricult1818ceyl#1899-01#149
1862	grosvenor hotel case	1	1	90	1898	1898	Grosvenor Hotel Case	legal case	vol017_tropicalagricult1718ceyl#1898-04#114
1863	grow more food campaign	1	1	40	1944	1944	Grow More Food Campaign		vol100_iss04_tropical-agriculturist-october-december-1944-100-4#1944-10/12#017
1864	gunsabawa rules	1	1	00	1903	1903	Gunsabawa rules	regulations for branding cattle	vol023_tropicalagricult2319ceyl#1903-10#015
1865	guntur famine of 1833	1	1	00	1907	1907	Guntur Famine of 1833	historical event	vol028_tropicalagricul281907ceyl#1907-03#014
1866	gutta-percha and caoutchouc expedition	1	1	00	1900	1900	Gutta-percha and Caoutchouc Expedition	to the South-sea colonies	vol020_tropicalagricult2019ceyl#1900-09#017
1867	h m s belleisle	1	1	00	1901	1901	H M S Belleisle	ship used for experiments	vol021_tropicalagricult2119ceyl#1901-08#106
1868	haddi process	1	1	10	1915	1915	Haddi process	sugar-making method	vol045_lbg-630-5-tag-v-45#1915-07#020
1869	hadramaut expedition	1	1	90	1894	1894	Hadramaut Expedition	expedition	vol014_tropicalagricult1418ceyl#1894-11#009
1870	hagenbeck's exhibition at berlin	1	1	90	1898	1898	Hagenbeck's exhibition at Berlin	exhibition	vol018_tropicalagricult1818ceyl#1898-08#131
1871	hague convention	1	1	10	1912	1912	Hague Convention	International Opium Convention	vol038_tropicalagricul381912ceyl#1912-06#013
1872	handapangoda garden competition	1	1	10	1918	1918	Handapangoda	arranged garden competition	vol051_iss04_tropical-agriculturist-1918-10-51-4#1918-10#020
1873	handessa scheme	1	1	30	1935	1935	Handessa Scheme	scheme	vol084_tropical-agriculturist-1935-06-84#1935-06#011
1874	hanguranketa a. h. show	1	1	00	1909	1909	A. H. Show	Agri-Horticultural Show	vol033_tropicalagricul331909ceyl#1909-07#049
1875	harangada scheme	1	1	20	1927	1927	Harangada Scheme	scheme	vol069_tropical-agriculturist-1927-08-69#1927-08#006
1876	harispattu vegetable garden competition, 1922	1	1	20	1922	1922	HARISPATTU VEGETABLE GARDEN COMPETITION, 1922	competition	vol059_tropicalagricult0059unse#1922-12#014
1877	harispattu village show	1	1	20	1926	1926	Harispattu village show	village show held at Sri Rahula School	vol066_iss06_tropical-agriculturist-1926-06-66-6#1926-06#012
1878	harispattu yam show	1	1	40	1940	1940	Harispattu Yam Show	held at Nugawela Agricultural Station on February 3, 1940	vol094_iss03_tropical-agriculturist-1940-03-94-3#1940-03#009
1879	harlesden petty sessions	1	1	90	1893	1893	Harlesden Petty Sessions	court session	vol012_tropicalagricult1218ceyl#1893-03#071
1880	harmattan	1	1	90	1899	1899	Harmattan	dry season	vol018_tropicalagricult1818ceyl#1899-04#129
1881	harmattan season	1	1	30	1931	1931	Harmattan	season with short resting period	vol076_dli-ernet-229225#1931-01#010
1882	harrison expedition	1	1	00	1903	1903	Harrison Expedition	to the Victoria Nyanza	vol022_tropicalagricult2219ceyl#1903-02#090
1883	harrison vs. the anderson foundry company	1	1	90	1892	1892	Harrison vs. the Anderson Foundry Company	legal case	vol012_tropicalagricult1218ceyl#1892-11#070
1884	harrow experiment	1	1	80	1881	1881	Harrow experiment	sulphuring experiment on coffee	vol001_tropicalagricult1188ceyl#1881-12#059
1885	harveian oration	1	1	80	1889	1889	Harveian oration	speech	vol009_tropicalagricult9188ceyl#1889-10#153
1886	hatton show	1	1	10	1913	1913	Hatton Show	poultry show	vol041_lbg-vol-xli-tropicalagricult0000dewi-t3r5#1913-10#065
1887	health act, 1911–1919	1	1	40	1940	1940	Health Act, 1911–1919	regulations	vol094_iss05_tropical-agriculturist-1940-05-94-5#1940-05#012
1888	health and public welfare exhibition, colombo	1	1	10	1918	1918	Health and Public Welfare Exhibition, Colombo	20th to 24th March	vol050_dli-ernet-21168#1918-06#009
1889	health exhibition at earl's court	1	1	00	1900	1900	Health Exhibition at Earl's Court	exhibition	vol020_tropicalagricult2019ceyl#1900-09#046
1890	health food exhibition	1	1	90	1892	1892	Health Food Exhibition	exhibition	vol011_tropicalagricult1118ceyl#1892-06#043
1891	healtheries	1	1	90	1891	1891	Healtheries	movement initiated	vol011_tropicalagricult1118ceyl#1891-09#050
1892	heart rot	1	1	30	1933	1933	Heart rot	disease	vol080_dli-ernet-229226#1933-07#014
1893	heatheries exhibition	1	1	00	1902	1902	Heatheries Exhibition	exhibition, 1884	vol021_tropicalagricult2119ceyl#1902-03#001
1894	heidelberg ophthalmological congress	1	1	80	1885	1885	Heidelberg Ophthalmological Congress	conference	vol005_tropicalagricult18851886colo#1885-11#065
1895	hen	1	1	80	1882	1882	Hen	shifting cultivation practice	vol002_tropicalagricult18821883colo#1882-10#012
1896	henaratgoda (w. p.) show	1	1	20	1920	1920	Henaratgoda (W. P.)	Agricultural Show, July 28th and 29th	vol054_lbg-630-5-tag-v-54#1920-04#010
1897	henaratgoda agri-horticultural and industrial show	1	1	20	1920	1920	Henaratgoda Agri-Horticultural and Industrial Show	show	vol055_lbg-630-5-tag-v-55#1920-09#018
1898	henaratgoda agricultural show and pageant	1	1	20	1920	1920	Henaratgoda Agricultural Show and Pageant	event attended by school	vol055_lbg-630-5-tag-v-55#1920-10#017
1899	henarato da a. h. show	1	1	00	1903	1903	Henarato Da A. H. Show	exhibition	vol023_tropicalagricult2319ceyl#1903-08#004
1900	heneratgoda agri-horticultural show	1	1	00	1903	1903	Heneratgoda Agri-Horticultural Show	exhibition	vol023_tropicalagricult2319ceyl#1903-08#120
1901	heneratgoda show	1	1	10	1910	1910	Heneratgoda Show	show held on 25th June, 1910	vol035_tropicalagricul351910ceyl#1910-08#025
1902	heneratgodu pageant	1	1	20	1921	1921	Heneratgodu Pageant	visited by the school	vol057_in-ernet-dli-2015-230764#1921-10#007
1903	hera cultivation	1	1	80	1882	1882	hera	cultivation method in Ceylon	vol001_tropicalagricult1188ceyl#1882-05#198
1904	heron	1	1	80	1881	1881	Heron	colossal nugget	vol001_tropicalagricult1188ceyl#1881-06#060
1905	hewaheta and maturata scheme	1	1	90	1897	1897	Hewaheta and Maturata Scheme	railway scheme	vol016_tropicalagricult1618ceyl#1897-05#142
1906	hicks v. safety lighting co.	1	1	90	1892	1892	Hicks *vs.* the Safety Lighting Co.	legal case	vol012_tropicalagricult1218ceyl#1892-10#053
1907	highland show at inverness	1	1	00	1901	1901	Highland Show at Inverness		vol021_tropicalagricult2119ceyl#1901-09#093
1908	hill lands ordinance	1	1	30	1939	1939	Hill Lands Ordinance	ordinance passed in December 1937	vol092_tropical-agriculturist-1939-04-92#1939-04#006
1909	hindu new year	1	1	90	1891	1891	Hindu New Year	date of the 12th of April	vol011_tropicalagricult1118ceyl#1891-10#139
1910	hinks v. the safety lighting company	1	1	90	1892	1892	Hinks v. The Safety Lighting Company	legal case	vol011_tropicalagricult1118ceyl#1892-03#077
1911	hiripitiya co-operative society tobacco growing competition, yala 1927	1	1	20	1927	1927	Hiripitiya Co-operative Society Tobacco Growing Competition, Yala 1927	competition to improve tobacco cultivation	vol069_tropical-agriculturist-1927-12-69#1927-12#027
1912	hiriyala hatpattu garden competition	1	1	10	1918	1918	Hiriyala Hatpattu	arranged garden competition	vol051_iss04_tropical-agriculturist-1918-10-51-4#1918-10#020
1913	hitt v. thompson	1	1	80	1885	1885	Hitt v. Thompson	legal case cited	vol005_tropicalagricult18851886colo#1885-07#134
1914	hobart international exhibition	1	1	90	1895	1895	Hobart International Exhibition	exhibition	vol014_tropicalagricult1418ceyl#1895-06#036
1915	hodgson v. caffin	1	1	80	1889	1889	Hodgson v. Caffin	legal case	vol008_tropicalagricult8188ceyl#1889-04#025
1916	holi	1	1	80	1885	1885	hoolee	festival	vol004_tropicalagricult18841885colo#1885-03#076
1917	home gardens competitions, walapane, 1923-24 season	1	1	20	1924	1924	Home Gardens Competitions, Walapane, 1923-24 Season	competition	vol062_lbg-630-5-tag-v-62#1924-04#016
1918	home rule bill	1	1	90	1893	1893	Home Rule Bill	legislation	vol013_tropicalagricult1318ceyl#1893-07#132
1919	home-makers' conference	1	1	10	1914	1914	Home-makers' Conference	conference meeting	vol042_lbg-630-5-tag-v-42#1914-02#042
1920	hon. sir stewart schneider's challenge cup for school gardens	1	1	20	1928	1928	Hon. Sir Stewart Schneider's Challenge Cup for School Gardens	competition for school gardens	vol071_tropical-agriculturist-1928-10-71#1928-10#015
1921	hooly festival	1	1	80	1889	1889	Hooly festival	festival	vol008_tropicalagricult8188ceyl#1889-01#152
1922	horse and cattle show	1	1	90	1898	1898	Horse and Cattle Show	event held on the Havelock Race-course	vol017_tropicalagricult1718ceyl#1898-02#133
1923	horse show, colombo	1	1	00	1903	1903	horse show held in Colombo in August	event	vol023_tropicalagricult2319ceyl#1903-11#053
1924	horse, cattle, and dog show	1	1	90	1899	1899	Horse, Cattle, and Dog Show	exhibition held in August	vol019_tropicalagricult1918ceyl#1899-09#107
1925	horticultural conference	1	1	90	1899	1899	Horticultural Conference	recently in England	vol019_tropicalagricult1918ceyl#1899-10#045
1926	horticultural congress at paris	1	1	90	1899	1899	Horticultural Congress at Paris		vol018_tropicalagricult1818ceyl#1899-01#185
1927	horticultural exhibition	1	1	90	1892	1892	Horticultural Exhibition	exhibition	vol012_tropicalagricult1218ceyl#1892-07#009
1928	horticultural exhibitions	1	1	10	1911	1911	Horticultural Exhibitions	annual events in Singapore	vol037_tropicalagricul371911ceyl#1911-08#038
1929	horticultural exhibitions in singapore	1	1	10	1910	1910	Horticultural Exhibitions in Singapore	annual exhibitions	vol035_tropicalagricul351910ceyl#1910-07#069
1930	horticultural show	1	1	80	1884	1884	Horticultural Show	exhibition	vol003_tropicalagricult18831884colo#1884-02#083
1931	horticultural show at bangalore	1	1	90	1894	1894	Horticultural Show at Bangalore		vol014_tropicalagricult1418ceyl#1894-11#024
1932	horticultural show at madras	1	1	80	1888	1888	Horticultural Show at Madras	event attended by Col. Hill	vol007_tropicalagricult7188ceyl#1888-03#065
1933	horticultural show in colombo	1	1	90	1898	1898	Horticultural Show in Colombo		vol017_tropicalagricult1718ceyl#1898-05#013
1934	horticultural show of 1896	1	1	90	1897	1897	Horticultural Show of 1896	exhibition	vol016_tropicalagricult1618ceyl#1897-06#093
1935	horticultural show, exhibition of implements	1	1	90	1898	1898	Horticultural Show, exhibition of implements	funded event	vol018_tropicalagricult1818ceyl#1898-10#097
1936	huddart v. grimshaw	1	1	80	1885	1885	Huddart v. Grimshaw	legal case cited	vol005_tropicalagricult18851886colo#1885-07#134
1937	hunnasgiriya scheme	1	1	40	1945	1945	Hunnasgiriya Scheme	damming scheme	vol101_iss04_tropical-agriculturist-october-december-1945-101-4#1945-10/12#011
1938	hunumulla show	1	1	20	1920	1920	Hunumulla	Agricultural Show, March 29th	vol054_lbg-630-5-tag-v-54#1920-04#010
1939	hurricane loan ordinance of 1892	1	1	90	1898	1898	Hurricane Loan Ordinance of 1892	source of funds	vol018_tropicalagricult1818ceyl#1898-09#096
1940	hurricane of 1880	1	1	80	1883	1883	hurricane of 1880		vol002_tropicalagricult18821883colo#1883-06#004
1941	hurricane of 1903	1	1	00	1908	1908	hurricane of 1903	natural disaster	vol030_tropicalagricul301908ceyl#1908-05#036
1942	hurricane of august 1903	1	1	00	1906	1906	hurricane in August, 1903	caused postponement of shows	vol027_tropicalagricul271906ceyl#1906-11#021
1943	hwang-ho inundation	1	1	80	1888	1888	Hwang-ho inundation		vol007_tropicalagricult7188ceyl#1888-04#104
1944	hybrid conference	1	1	00	1901	1901	Hybrid Conference	conference held by the Royal Horticultural Society	vol021_tropicalagricult2119ceyl#1901-08#002
1945	hybridisation conference	1	1	00	1903	1903	Hybridisation Conference	held at Chiswick in 1899	vol023_tropicalagricult2319ceyl#1903-09#006
1946	hydro-electric scheme	1	1	20	1927	1927	Hydro-Electric Scheme	urgent and important question	vol068_tropical-agriculturist-1927-04-68#1927-04#001
1947	ibbagamuwa show	1	1	10	1919	1919	Ibbagamuwa Show	agricultural show held on August 23rd, 1919	vol053_iss03_tropical-agriculturist-1919-09-53-3#1919-09#015
1948	idaippokam	1	1	90	1893	1893	Idaippokam	middle crop sown in February or March	vol013_tropicalagricult1318ceyl#1893-12#079
1949	immigration restriction act of 1901	1	1	00	1902	1902	Immigration Restriction Act of 1901	legislation affecting pearling industry	vol021_tropicalagricult2119ceyl#1902-05#079
1950	imperial agricultural conference of 1927	1	1	30	1933	1933	Imperial Agricultural Conference of 1927		vol080_dli-ernet-229226#1933-07#016
1951	imperial agricultural research conference of 1932	1	1	20	1929	1929	Imperial Agricultural Research Conference of 1932	future conference	vol072_dli-ernet-229221#1929-12#003
1952	imperial botanical conference in 1924	1	1	20	1927	1927	Imperial Botanical Conference in 1924		vol068_tropical-agriculturist-1927-05-68#1927-05#007
1953	imperial conference of 1923	1	1	30	1936	1936	Imperial Conference of 1923		vol086_dli-ernet-229228#1936-01#018
1954	imperial conference of entomologists	1	1	20	1920	1920	Imperial Conference of Entomologists	held in London, June, 1920	vol055_lbg-630-5-tag-v-55#1920-11#003
1955	imperial conference on forestry	1	1	20	1928	1928	Imperial Conference on Forestry	conference to be held in Australia	vol070_dli-ernet-229220#1928-05#007
1956	imperial conference, 1926	1	1	20	1928	1928	Imperial Conference, 1926	approved the proposal for the conference	vol070_dli-ernet-229220#1928-03#006
1957	imperial economic conference of 1923	1	1	20	1927	1927	Imperial Economic Conference of 1923	conference	vol069_tropical-agriculturist-1927-11-69#1927-11#004
1958	imperial exhibition, london	1	1	90	1897	1897	Imperial Exhibition, London	event where paper was read	vol016_tropicalagricult1618ceyl#1897-06#093
1959	imperial federation	1	1	90	1890	1890	Imperial Federation	political concept discussed	vol009_tropicalagricult9188ceyl#1890-03#062
1960	imperial international exhibition, nagpur	1	1	00	1909	1909	Imperial International Exhibition, Nagpur	exhibition	vol032_tropicalagricul321909ceyl#1909-05#037
1961	impney bunch	1	1	00	1901	1901	Impney	record banana bunch	vol020_tropicalagricult2019ceyl#1901-05#117
1962	imported labour registry act	1	1	90	1895	1895	Imported Labour Registry Act	legislation	vol015_tropicalagricult1518ceyl#1895-10#051
1963	inaugural meeting of the central board of agriculture	1	1	40	1945	1945	Inaugural Meeting of the Central Board of Agriculture	held on 10th July 1944	vol101_iss01_tropical-agriculturist-january-march-1945-101-1#1945-01/03#010
1964	india and ceylon exhibition	1	1	90	1896	1896	THE INDIA AND CEYLON EXHIBITION	exhibition	vol016_tropicalagricult1618ceyl#1896-07#041
1965	india and colonial exhibition	1	1	80	1886	1886	India and Colonial Exhibition	exhibition	vol006_tropicalagricult18861887colo#1886-08#130
1966	india, burma and ceylon exhibition	1	1	90	1896	1896	India, Burma and Ceylon Exhibition	exhibition opened at Earl's Court	vol016_tropicalagricult1618ceyl#1896-07#126
1967	indian abkari act	1	1	30	1938	1938	Indian Abkari Act	legislation affecting liquor production	vol091_tropical-agriculturist-1938-09-91#1938-09#009
1968	indian and ceylon exhibition of 1896	1	1	90	1896	1896	INDIAN AND CEYLON EXHIBITION OF 1896	exhibition	vol015_tropicalagricult1518ceyl#1896-05#010
1969	indian and ceylon sections of the exhibition	1	1	90	1899	1899	Indian and Ceylon sections of the Exhibition		vol019_tropicalagricult1918ceyl#1899-12#062
1970	indian and ceylon tea court	1	1	90	1896	1896	Indian and Ceylon Tea Court	prominent feature at the Food Exposition	vol015_tropicalagricult1518ceyl#1896-01#037
1971	indian and ceylon tea sales	1	1	90	1893	1893	Indian and Ceylon tea sales		vol012_tropicalagricult1218ceyl#1893-02#108
1972	indian and colonial exhibition at south kensington	1	1	80	1886	1886	THE INDIAN AND COLONIAL EXHIBITION AT SOUTH KENSINGTON	exhibition	vol006_tropicalagricult18861887colo#1886-08#113
1973	indian and colonial exhibition of 1887	1	1	00	1903	1903	Indian and Colonial Exhibition of 1887	exhibition	vol022_tropicalagricult2219ceyl#1903-05#020
1974	indian and colonial exhibition, london	1	1	80	1886	1886	Indian and Colonial Exhibition, London	recipient of coal samples	vol005_tropicalagricult18851886colo#1886-05#053
1975	indian and colonial exhibition, london, 1886	1	1	90	1892	1892	Indian and Colonial Exhibition, London, in 1886	exhibition	vol011_tropicalagricult1118ceyl#1892-06#032
1976	indian collection of timbers	1	1	80	1884	1884	Indian Collection of Timbers	exhibit	vol004_tropicalagricult18841885colo#1884-11#019
1977	indian coolie act	1	1	80	1885	1885	Indian Coolie Act	legislation discussed regarding eligibility of labourers	vol004_tropicalagricult18841885colo#1885-04#046
1978	indian currency exchange	1	1	90	1898	1898	Indian Currency Exchange	question under examination	vol018_tropicalagricult1818ceyl#1898-10#023
1979	indian emigration act	1	1	80	1888	1888	Indian Emigration Act	legislation	vol007_tropicalagricult7188ceyl#1888-04#024
1980	indian emigration act of 1883	1	1	90	1890	1890	Indian Emigration Act of 1883	legislation	vol010_tropicalagricult1018ceyl#1890-11#047
1981	indian exhibit	1	1	00	1904	1904	Indian Exhibit	exhibition display	vol023_tropicalagricult2319ceyl#1904-06#005
1982	indian famine fund	1	1	90	1898	1898	Indian Famine Fund	fund	vol017_tropicalagricult1718ceyl#1898-03#039
1983	indian immigration act of 1890	1	1	90	1895	1895	Indian Immigration Act of 1890	legislation for Indian labor	vol014_tropicalagricult1418ceyl#1895-02#109
1984	indian mutiny of 1857	1	1	90	1896	1896	Mutiny	historical event	vol016_tropicalagricult1618ceyl#1896-09#064
1985	indian pavilion	1	1	90	1894	1894	Indian Pavilion	exhibit at the Chicago Exhibition	vol014_tropicalagricult1418ceyl#1894-08#050
1986	indian ploughing exhibitions, cuddapah and kurnool	1	1	80	1882	1882	Indian Ploughing Exhibitions, Cuddapah and Kurnool	exhibitions	vol001_tropicalagricult1188ceyl#1882-03#098
1987	indian provinces exhibition of 1910	1	1	10	1913	1913	Indian Provinces Exhibition of 1910		vol041_lbg-vol-xli-tropicalagricult0000dewi-t3r5#1913-11#036
1988	indian rebellion of 1857	1	1	90	1897	1897	Mutiny	period of the long march	vol017_tropicalagricult1718ceyl#1897-07#011
1989	indian sale	1	1	90	1896	1896	Indian sale	tea sale	vol015_tropicalagricult1518ceyl#1896-04#076
1990	indian science congress, 1917	1	1	10	1917	1917	Indian Science Congress, 1917	conference where paper was read	vol049_iss03_tropical-agriculturist-1917-09-49-3#1917-09#020
1991	indian science congress, bombay, 1926	1	1	20	1927	1927	Indian Science Congress, Bombay, 1926	conference where paper was read	vol068_tropical-agriculturist-1927-02-68#1927-02#015
1992	indian show	1	1	00	1904	1904	Indian Show	exhibition in the Prater	vol023_tropicalagricult2319ceyl#1904-05#015
1993	indian tea cess	1	1	00	1902	1902	Indian Tea Cess	proposed tax	vol022_tropicalagricult2219ceyl#1902-09#116
1994	indian tea companies and prospects	1	1	90	1896	1896	Indian Tea Companies and Prospects	article	vol016_tropicalagricult1618ceyl#1896-10#046
1995	indian tea crop of 1896	1	1	90	1897	1897	Indian tea crop of 1896	subject of the report	vol016_tropicalagricult1618ceyl#1897-04#020
1996	indian tea house	1	1	90	1896	1896	Indian Tea House	exhibition stand	vol015_tropicalagricult1518ceyl#1896-05#067
1997	indian tea industry	1	1	90	1898	1898	Indian Tea Industry	article topic	vol018_tropicalagricult1818ceyl#1898-11#097
1998	indian tea markets extension	1	1	00	1902	1902	Indian Tea Markets Extension	lottery scheme	vol022_tropicalagricult2219ceyl#1902-08#050
1999	indian tea room	1	1	90	1899	1899	Indian Tea Room	exhibition section	vol019_tropicalagricult1918ceyl#1899-11#068
2000	indian tea-house	1	1	80	1888	1888	Indian tea-house	exhibition stand	vol008_tropicalagricult8188ceyl#1888-09#052
2001	indian war loan	1	1	10	1918	1918	Indian War Loan	financial instrument	vol051_iss02_tropical-agriculturist-1918-08-51-2#1918-08#031
2002	indian-american tea fund	1	1	90	1896	1896	Indian-American Tea Fund	subscription fund	vol015_tropicalagricult1518ceyl#1896-02#092
2003	indo-russian war	1	1	80	1885	1885	Indo Russian war		vol004_tropicalagricult18841885colo#1885-05#013
2004	indore experiment	1	1	20	1929	1929	Indore experiment	experiment of applying science to crop production	vol073_tropical-agriculturist-1929-11-73#1929-11#016
2005	indore method	1	1	40	1941	1941	Indore method	compost-making process	vol097_iss02_tropical-agriculturist-1941-08-97-2#1941-08#011
2006	indore method of composting	1	1	40	1941	1941	The "INDORE" METHOD OF COMPOSTING	composting technique	vol097_iss05_tropical-agriculturist-1941-11-97-5#1941-11#010
2007	indore process	1	1	30	1938	1938	Indore Process	method for composting	vol090_iss05_tropical-agriculturist-1938-05-90-5#1938-05#010
2008	industrial and cotton centennial exposition	1	1	80	1884	1884	INDUSTRIAL AND COTTON CENTENNIAL EXPOSITION	exhibition at New Orleans	vol004_tropicalagricult18841885colo#1884-08#106
2009	industrial and provident societies act	1	1	10	1912	1912	Industrial and Provident Societies Act	legislation	vol038_tropicalagricul381912ceyl#1912-05#025
2010	industrial and provident societies act, 1893	1	1	00	1909	1909	Industrial and Provident Societies Act, 1893	act under which the bank was registered	vol033_tropicalagricul331909ceyl#1909-08#043
2011	industrial and provident societies acts	1	1	10	1910	1910	Industrial and Provident Societies Acts	legislation	vol035_tropicalagricul351910ceyl#1910-10#016
2012	industrial and provident societies law, 1902	1	1	00	1908	1908	Industrial and Provident Societies Law, 1902	law under which the bank was registered	vol030_tropicalagricul301908ceyl#1908-02#025
2013	industrial and provident societies' act, 1893	1	1	00	1909	1909	Industrial and Provident Societies' Act, 1893	legislation for establishing societies with limited liabilit	vol033_tropicalagricul331909ceyl#1909-08#043
2014	industrial conference	1	1	00	1908	1908	Industrial Conference	held at Surat	vol031_tropicalagricul311908ceyl#1908-09#031
2015	industrial conference at ootacamund	1	1	00	1909	1909	Industrial Conference	conference held at Ootacamund	vol032_tropicalagricul321909ceyl#1909-04#119
2016	industrial exhibition at rio de janeiro	1	1	90	1896	1896	industrial exhibition at Rio de Janeiro	exhibition	vol016_tropicalagricult1618ceyl#1896-10#012
2017	industrial exhibition at rouen, 1881	1	1	80	1885	1885	Industrial Exhibition at Rouen, in 1881	exhibition	vol005_tropicalagricult18851886colo#1885-07#156
2018	industrial exhibition at st. petersburg 1912	1	1	10	1912	1912	industrial exhibition	exhibition to be held in 1912	vol039_tropicalagricul391912ceyl#1912-07#050
2019	industrial exhibition of 1884	1	1	80	1884	1884	Industrial Exhibition (Jan. 1884)	exhibition	vol004_tropicalagricult18841885colo#1884-12#066
2020	industrial show	1	1	20	1924	1924	Industrial Show	proposed to be held at Trincomalie on 31st March, 1924	vol062_lbg-630-5-tag-v-62#1924-01#025
2021	infants' exhibition	1	1	00	1901	1901	Infants' Exhibition	charitable exhibition	vol020_tropicalagricult2019ceyl#1901-06#076
2022	influenza outbreak	1	1	10	1919	1919	Influenza	health event	vol053_iss02_tropical-agriculturist-1919-08-53-2#1919-08#012
2023	inland emigration act	1	1	80	1884	1884	Inland Emigration Act	legislation for registering and medical examination of cooli	vol004_tropicalagricult18841885colo#1884-10#076
2024	inland emigration act (1882)	1	1	80	1882	1882	Inland Emigration Act (1882)	Act	vol001_tropicalagricult1188ceyl#1882-05#155
2025	innes bequest	1	1	00	1909	1909	Innes bequest	contemplated for a horticultural station	vol033_tropicalagricul331909ceyl#1909-08#040
2026	insect pest and quarantine ordinance, no. 5 of 1901	1	1	10	1918	1918	Insect Pest and Quarantine Ordinance, No. 5 of 1901	legislation	vol051_iss04_tropical-agriculturist-1918-10-51-4#1918-10#016
2027	insecticide act	1	1	10	1917	1917	Insecticide Act	legislation	vol049_iss02_tropical-agriculturist-1917-08-49-2#1917-08#022
2028	inspection regulations of 1927	1	1	30	1938	1938	Inspection Regulations of 1927	regulations governing packing	vol090_iss03_tropical-agriculturist-1938-03-90-3#1938-03#012
2029	inter-colonial medical congress of australasia	1	1	00	1902	1902	Inter-colonial Medical Congress of Australasia	sixth session	vol022_tropicalagricult2219ceyl#1902-09#063
2030	intercolonial exhibition of 1862	1	1	80	1881	1881	intercolonial exhibition of 1862		vol001_tropicalagricult1188ceyl#1881-09#165
2031	intercolonial rust in wheat conference	1	1	10	1911	1911	Intercolonial Rust in Wheat Conference	conference	vol037_tropicalagricul371911ceyl#1911-12#017
2032	intercolonial veterinary conference	1	1	00	1904	1904	intercolonial Veterinary Conference	held at Bloemfontein	vol023_tropicalagricult2319ceyl#1904-06#125
2033	internal revenue law of 1904	1	1	00	1908	1908	Internal Revenue Law of 1904	regulation of the industry	vol031_tropicalagricul311908ceyl#1908-07#035
2034	international agreement	1	1	40	1941	1941	International Agreement	agreement on rubber restriction	vol096_dli-ernet-229230#1941-04#001
2035	international agricultural congress	1	1	00	1909	1909	International Agricultural Congress	to be held at Brussels	vol032_tropicalagricul321909ceyl#1909-01#063
2036	international agrogeological congress at budapest	1	1	10	1914	1914	International Agrogeological Congress at Budapesth	congress held in April, 1909	vol042_lbg-630-5-tag-v-42#1914-04#061
2037	international botanical congress	1	1	10	1910	1910	International Botanical Congress	meeting at Brussels at the same time	vol034_tropicalagricul341910ceyl#1910-01#002
2038	international botanical congress, cambridge, 1930	1	1	30	1930	1930	International Botanical Congress, Cambridge, 1930	congress to receive recommendations	vol074_dli-ernet-229223#1930-04#013
2039	international botanical congresses	1	1	30	1935	1935	International Botanical Congresses	series of conferences	vol085_tropical-agriculturist-1935-11-85#1935-11#006
2040	international co-operative congress at budapest	1	1	00	1906	1906	International Co-operative Congress at Budapesth	conference where reports were presented	vol026_tropicalagricul261906ceyl#1906-05#061
2041	international coffee congress	1	1	00	1903	1903	International Coffee Congress	held in New York	vol022_tropicalagricult2219ceyl#1903-01#071
2042	international colonial and export exhibition at amsterdam	1	1	80	1884	1884	International Colonial and Export Exhibition at Amsterdam	exhibition	vol004_tropicalagricult18841885colo#1884-08#091
2043	international competition of machines and apparatus for the preparation of rhea	1	1	80	1888	1888	International competition of machines and apparatus for the preparation of rhea	held in Paris on 15th of August	vol008_tropicalagricult8188ceyl#1888-09#114
2044	international conference	1	1	10	1911	1911	International Conference	conference on rubber industry	vol037_tropicalagricul371911ceyl#1911-12#004
2045	international conference in hamburg	1	1	00	1908	1908	International Conference in Hamburg		vol030_tropicalagricul301908ceyl#1908-04#035
2046	international conference of hybridisation	1	1	90	1899	1899	International Conference of Hybridisation	conference	vol019_tropicalagricult1918ceyl#1899-10#022
2047	international conference on agriculture, rome 1905	1	1	00	1907	1907	Conference	held in May 1905 to consider the Institute's constitution	vol028_tropicalagricul281907ceyl#1907-04#020
2048	international conference on phytopathology	1	1	20	1920	1920	International Conference on Phytopathology	held at Rome in March 1914	vol055_lbg-630-5-tag-v-55#1920-11#002
2049	international congress	1	1	80	1885	1885	International Congress	convened to deliberate upon the best means of preventing the	vol004_tropicalagricult18841885colo#1885-02#087
2050	international congress for the development of applications of rubber	1	1	30	1932	1932	International Congress for the development of applications of Rubber	Paris, 1931	vol078_tropical-agriculturist-1932-01-78#1932-01#006
2051	international congress of agriculture	1	1	10	1914	1914	International Congress of Agriculture	held at the Imperial Institute in June	vol043_lbg-tropicalagricultvol-xliii0000unse-c5y3#1914-12#022
2052	international congress of agriculture and forestry	1	1	90	1890	1890	THE INTERNATIONAL CONGRESS OF AGRICULTURE AND FORESTRY		vol010_tropicalagricult1018ceyl#1890-11#011
2053	international congress of electricians	1	1	90	1892	1892	International Congress of Electricians	congress in Paris, 1881	vol012_tropicalagricult1218ceyl#1892-10#026
2054	international congress of entomologists	1	1	10	1913	1913	International Congress of Entomologists	held at Oxford	vol040_lbg-630-5-tag-v-40#1913-01#034
2055	international congress of forestry and agriculture	1	1	90	1890	1890	International Congress of Forestry and Agriculture	congress	vol010_tropicalagricult1018ceyl#1890-10#114
2056	international congress of hygiene	1	1	90	1891	1891	International Congress of Hygiene	conference	vol011_tropicalagricult1118ceyl#1891-07#177
2057	international congress of hygiene and demography	1	1	90	1892	1892	International Congress of Hygiene and Demography	held in London in August last	vol012_tropicalagricult1218ceyl#1892-10#033
2058	international congress of silviculture of 1900	1	1	00	1902	1902	international Congress of Silviculture of 1900	conference in Paris	vol021_tropicalagricult2119ceyl#1902-02#006
2059	international congress of sylviculture	1	1	00	1902	1902	international Congress of Sylviculture	held at Paris in 1900	vol021_tropicalagricult2119ceyl#1902-03#008
2060	international congress of tropical agriculture and colonial development	1	1	10	1910	1910	International Congress of Tropical Agriculture and Colonial Development	congress, Brussels, 1910	vol034_tropicalagricul341910ceyl#1910-01#002
2061	international congress of tropical agriculture, 1914	1	1	10	1914	1914	INTERNATIONAL CONGRESS OF TROPICAL AGRICULTURE, 1914	conference held in London	vol043_lbg-tropicalagricultvol-xliii0000unse-c5y3#1914-10#036
2062	international congress of tropical and sub-tropical agriculture	1	1	40	1944	1944	International Congress of Tropical and Sub-Tropical Agriculture	held at Tripoli during March, 1939	vol100_iss01_tropical-agriculturist-january-march-1944-100-1#1944-01/03#007
2063	international congress of veterinary surgeons, 1899	1	1	00	1900	1900	International Congress of Veterinary Surgeons, 1899	conference	vol020_tropicalagricult2019ceyl#1900-09#172
2064	international congress of zoology	1	1	10	1912	1912	International Congress of Zoology	scheduled to follow the Entomology Congress	vol038_tropicalagricul381912ceyl#1912-04#016
2065	international congress on phylloxera	1	1	90	1890	1890	International Congress on the subject	congress held at Bordeaux in 1881	vol009_tropicalagricult9188ceyl#1890-02#128
2066	international congress on tropical agriculture	1	1	10	1915	1915	International Congress on Tropical Agriculture	recent congress	vol044_lbg-tropicalagricultvol-xliv0000unse-e6v7#1915-01#032
2067	international cotton exposition	1	1	80	1884	1884	International Cotton Exposition	in New Orleans	vol004_tropicalagricult18841885colo#1884-12#012
2068	international cotton, fibres, and allied industries exhibition	1	1	10	1914	1914	International Cotton, Fibres, and Allied Industries Exhibition	exhibition held during the congress	vol042_lbg-630-5-tag-v-42#1914-02#050
2069	international dairy conference	1	1	00	1908	1908	International Dairy Conference	held at The Hague	vol031_tropicalagricul311908ceyl#1908-07#021
2070	international exhibition at paris	1	1	80	1884	1884	International Exhibition at Paris	exhibition	vol004_tropicalagricult18841885colo#1884-08#091
2071	international exhibition at south kensington in 1862	1	1	80	1887	1887	International Exhibition at South Kensington in 1862	exhibition	vol006_tropicalagricult18861887colo#1887-03#049
2072	international exhibition held at brussels	1	1	90	1894	1894	International Exhibition held at Brussels	exhibition where preparations were shown	vol014_tropicalagricult1418ceyl#1894-11#146
2073	international exhibition in calcutta	1	1	80	1884	1884	International Exhibition in Calcutta	recipient of plants	vol004_tropicalagricult18841885colo#1884-07#093
2074	international exhibition in melbourne	1	1	80	1882	1882	International Exhibition in Melbourne		vol001_tropicalagricult1188ceyl#1882-05#155
2075	international exhibition of 1863	1	1	90	1895	1895	International Exhibition of 1863		vol014_tropicalagricult1418ceyl#1895-05#099
2076	international exhibition of 1879	1	1	80	1886	1886	International Exhibition of 1879	exhibition in Sydney	vol005_tropicalagricult18851886colo#1886-01#016
2077	international exhibition of 1879, sydney	1	1	90	1895	1895	International Exhibition held in Sydney in 1879	exhibition	vol014_tropicalagricult1418ceyl#1895-03#026
2078	international exhibition of 1880-81, melbourne	1	1	90	1895	1895	International Exhibition was held in Melbourne	exhibition	vol014_tropicalagricult1418ceyl#1895-03#026
2079	international exhibition of 1882	1	1	80	1887	1887	International Exhibition of 1882	exhibition	vol007_tropicalagricult7188ceyl#1887-11#084
2080	international exhibition of 1900	1	1	00	1903	1903	International Exhibition of 1900	exhibition in Paris	vol022_tropicalagricult2219ceyl#1903-02#040
2081	international exhibition of forestry	1	1	80	1885	1885	International Exhibition of Forestry	held in Scotland	vol004_tropicalagricult18841885colo#1885-01#106
2082	international exhibition of glasgow	1	1	80	1888	1888	International Exhibition of Glasgow		vol008_tropicalagricult8188ceyl#1888-09#126
2083	international exhibition of industry science and art	1	1	90	1893	1893	International Exhibition of Industry Science and Art	exhibition to be held at Hobart, Tasmania, in 1894-95	vol013_tropicalagricult1318ceyl#1893-11#028
2084	international exhibition of rice-culture and irrigation	1	1	10	1911	1911	INTERNATIONAL EXHIBITION OF RICE-CULTURE AND IRRIGATION		vol037_tropicalagricul371911ceyl#1911-10#009
2085	international exhibition, amsterdam	1	1	80	1884	1884	International Exhibition	held last year at Amsterdam	vol004_tropicalagricult18841885colo#1884-08#040
2086	international exhibition, brisbane, 1897	1	1	90	1897	1897	International Exhibition, Brisbane, 1897		vol017_tropicalagricult1718ceyl#1897-11#097
2087	international exhibition, calcutta	1	1	80	1884	1884	international exhibition	exhibition opening in December	vol003_tropicalagricult18831884colo#1884-02#028
2088	international exhibitions	1	1	00	1902	1902	International Exhibitions	of London and Paris	vol022_tropicalagricult2219ceyl#1902-11#012
2089	international exposition	1	1	10	1913	1913	International Exposition		vol040_lbg-630-5-tag-v-40#1913-06#012
2090	international fair at milan	1	1	20	1925	1925	International Fair at Milan	fair connected to Congress	vol065_iss02_tropical-agriculturist-1925-08-65-2#1925-08#013
2091	international farm congress	1	1	10	1917	1917	International Farm Congress	conference	vol049_iss02_tropical-agriculturist-1917-08-49-2#1917-08#022
2092	international fish exhibition	1	1	80	1882	1882	International Fish Exhibition		vol002_tropicalagricult18821883colo#1882-10#159
2093	international fisheries exhibition	1	1	80	1881	1881	International Fisheries Exhibition	exhibition to be held in London in 1883	vol001_tropicalagricult1188ceyl#1881-11#061
2094	international hygienic exposition	1	1	80	1884	1884	International Hygienic Exposition	in London	vol004_tropicalagricult18841885colo#1884-12#012
2095	international locust conference, london, 1934	1	1	30	1935	1935	international locust conference held in London in 1934	conference	vol085_tropical-agriculturist-1935-09-85#1935-09#006
2096	international opium conference	1	1	10	1912	1912	International Opium Conference	conference at The Hague	vol038_tropicalagricul381912ceyl#1912-03#007
2097	international paris exhibition of 1878	1	1	80	1886	1886	International Paris Exhibition of 1878	exhibition	vol005_tropicalagricult18851886colo#1886-06#022
2098	international phytopathological conference	1	1	10	1917	1917	International Phytopathological Conference	held at Rome early in 1914	vol049_iss06_tropical-agriculturist-1917-12-49-6#1917-12#001
2099	international rubber and allied products exhibition	1	1	10	1914	1914	INTERNATIONAL RUBBER AND ALLIED PRODUCTS EXHIBITION	exhibition	vol043_lbg-tropicalagricultvol-xliii0000unse-c5y3#1914-10#005
2100	international rubber and allied trades exposition	1	1	10	1912	1912	International Rubber and Allied Trades Exposition	exhibition	vol038_tropicalagricul381912ceyl#1912-03#069
2101	international rubber conference at batavia	1	1	20	1921	1921	International Rubber Conference at Batavia	1914	vol057_in-ernet-dli-2015-230764#1921-11#002
2102	international rubber exhibition in london	1	1	10	1912	1912	International Rubber Exhibition in London	exhibition	vol038_tropicalagricul381912ceyl#1912-06#006
2103	international rubber exhibition, london	1	1	10	1912	1912	International Rubber Exhibition, London	exhibition	vol038_tropicalagricul381912ceyl#1912-02#007
2104	international rubber exhibitions	1	1	20	1922	1922	International Rubber Exhibitions	held in London	vol058_dli-ernet-229219#1922-03#002
2105	international rubber exposition at london in 1911	1	1	10	1917	1917	International Rubber Exposition at London in 1911	exposition	vol048_iss05_tropical-agriculturist-1917-05-48-5#1917-05#010
2106	international rubber exposition of 1912	1	1	10	1913	1913	International Rubber Exposition of 1912	exhibition in New York	vol040_lbg-630-5-tag-v-40#1913-05#007
2107	international tea congress and exhibition	1	1	20	1920	1920	International Tea Congress and Exhibition	event in Java	vol055_lbg-630-5-tag-v-55#1920-11#013
2108	international tea congress and exhibition in java	1	1	20	1921	1921	INTERNATIONAL TEA CONGRESS AND EXHIBITION IN JAVA	exhibition	vol056_iss06_tropical-agriculturist-1921-06-56-6#1921-06#003
2109	international tobacco exhibition	1	1	00	1908	1908	International Tobacco Exhibition	exhibition where plants were shown	vol030_tropicalagricul301908ceyl#1908-04#088
2110	international tuberculosis congress	1	1	00	1909	1909	International Tuberculosis Congress	held in Washington, D.C.	vol032_tropicalagricul321909ceyl#1909-04#024
2111	international wheat conference	1	1	30	1934	1934	International Wheat Conference	held in Rome, March 1931	vol082_dli-ernet-229227#1934-06#010
2112	international wine exhibition at turin	1	1	00	1902	1902	international wine exhibition at Turin		vol022_tropicalagricult2219ceyl#1902-12#037
2113	interstate cotton oil convention	1	1	00	1909	1909	Interstate Cotton Oil Convention	conference	vol033_tropicalagricul331909ceyl#1909-12#006
2114	inventions and designs act 1888	1	1	90	1895	1895	Act V, of 1888	legal act	vol014_tropicalagricult1418ceyl#1895-02#133
2115	inventions and designs act of 1883	1	1	90	1897	1897	Inventions and Designs Act of 1883	act under which applications were filed	vol016_tropicalagricult1618ceyl#1897-03#108
2116	inventions and designs act, 1888	1	1	90	1895	1895	Inventions and Designs Act, 1888	legal provision	vol014_tropicalagricult1418ceyl#1895-05#007
2117	inventions exhibition	1	1	80	1886	1886	Inventions Exhibition		vol006_tropicalagricult18861887colo#1886-12#023
2118	iodine convention	1	1	80	1889	1889	iodine convention	industrial combination	vol009_tropicalagricult9188ceyl#1889-10#045
2119	irish egg-laying competition	1	1	10	1913	1913	IRISH EGG-LAYING COMPETITION	competition held in 1912	vol041_lbg-vol-xli-tropicalagricult0000dewi-t3r5#1913-09#033
2120	irish famine	1	1	30	1935	1935	Irish famine	historical event	vol084_tropical-agriculturist-1935-04-84#1935-04#004
2121	irranamadu scheme	1	1	20	1923	1923	Irranamadu Scheme	Scheme	vol060_lbg-tropicalagricultvol-lx-1923-0000unse-n0c4#1923-05#010
2122	irrigation commission of 1901-03	1	1	20	1923	1923	Irrigation Commission of 1901-03		vol061_tropicalagricult0061unse#1923-09#005
2123	irrigation ordinance no. 45 of 1917	1	1	30	1930	1930	Irrigation Ordinance No. 45 of 1917	legislation	vol075_tropical-agriculturist-1930-11-75#1930-11#006
2124	irrigation ordinance of 1918	1	1	30	1930	1930	Irrigation Ordinance of 1918	Subject of the Select Committee	vol075_tropical-agriculturist-1930-11-75#1930-11#007
2125	irrigation ordinance, no. 45 of 1917	1	1	30	1937	1937	Irrigation Ordinance, No. 45 of 1917	legislation	vol089_tropical-agriculturist-1937-12-89#1937-12#013
2126	irwin canal scheme	1	1	40	1941	1941	Irwin Canal Scheme	irrigation scheme	vol097_iss06_tropical-agriculturist-1941-12-97-6#1941-12#009
2127	isandhlwana	1	1	90	1893	1893	Isandhlwana	battle	vol013_tropicalagricult1318ceyl#1893-09#028
2128	isthmian games	1	1	90	1892	1892	Isthmian games		vol011_tropicalagricult1118ceyl#1892-03#110
2129	jack-o-lantern	1	1	00	1901	1901	Jack-o-Lantern	celebrated race-horse	vol020_tropicalagricult2019ceyl#1901-06#033
2130	jackson v. kerr	1	1	90	1892	1892	Jackson v. Kerr	legal case	vol011_tropicalagricult1118ceyl#1892-03#077
2131	jaffna agri-horticultural & industrial show	1	1	20	1923	1923	Jaffna Agri-Horticultural & Industrial show		vol061_tropicalagricult0061unse#1923-07#020
2132	jaffna agricultural conference	1	1	20	1923	1923	Jaffna Agricultural Conference	event where requests for purchase scheme extension were rece	vol060_lbg-tropicalagricultvol-lx-1923-0000unse-n0c4#1923-04#001
2133	jamaica exhibition of 1891	1	1	90	1893	1893	Jamaica Exhibition	closed on 2nd of May, 1891	vol013_tropicalagricult1318ceyl#1893-08#025
2134	jamaica exhibition, 1891	1	1	90	1896	1896	Jamaica Exhibition, 1891		vol015_tropicalagricult1518ceyl#1896-01#002
2135	jamaica international exhibition	1	1	90	1893	1893	Jamaica International Exhibition	opened in January, 1891	vol012_tropicalagricult1218ceyl#1893-04#032
2136	jameson-aspland marriage	1	1	90	1896	1896	Jameson-Aspland marriage		vol016_tropicalagricult1618ceyl#1896-12#112
2137	japan exhibition	1	1	00	1903	1903	Japan Exhibition	event for which trout eggs were sent	vol022_tropicalagricult2219ceyl#1903-05#066
2138	japan-china war	1	1	00	1903	1903	Japan-China war	conflict during which China was sacked	vol022_tropicalagricult2219ceyl#1903-02#058
2139	japanese war	1	1	40	1944	1944	Japanese war		vol100_iss04_tropical-agriculturist-october-december-1944-100-4#1944-10/12#018
2140	japanese-russian war	1	1	00	1906	1906	Japanese-Russian war	period during which a prize was offered for camphor substitu	vol026_tropicalagricul261906ceyl#1906-02#018
2141	java cinchona auctions	1	1	90	1896	1896	Java cinchona auctions	held in Amsterdam on March 26th	vol015_tropicalagricult1518ceyl#1896-05#040
2142	java cinchona bark auctions	1	1	90	1895	1895	Java Cinchona bark auctions	auctions held in Amsterdam	vol015_tropicalagricult1518ceyl#1895-07#048
2143	java congress	1	1	00	1908	1908	Java Congress		vol031_tropicalagricul311908ceyl#1908-08#107
2144	java war	1	1	80	1883	1883	Java war	five years' struggle	vol002_tropicalagricult18821883colo#1883-01#131
2145	javanese new year	1	1	90	1895	1895	Javanese New Year	festival	vol014_tropicalagricult1418ceyl#1895-06#091
2146	jennings-dibbism	1	1	80	1887	1887	Jennings-Dibbism	political movement	vol006_tropicalagricult18861887colo#1887-05#018
2147	jenny's law	1	1	30	1935	1935	Jenny's law	scientific principle	vol085_tropical-agriculturist-1935-09-85#1935-09#008
2148	jesuit estates act	1	1	80	1889	1889	Jesuit Estates Act	legislation	vol008_tropicalagricult8188ceyl#1889-03#067
2149	jethro tull's system	1	1	90	1894	1894	Jethro Tull's system	system of cultivation	vol013_tropicalagricult1318ceyl#1894-05#116
2150	jhoom	1	1	80	1882	1882	Jhoom	shifting cultivation practice	vol002_tropicalagricult18821883colo#1882-10#012
2151	jhum	1	1	80	1883	1883	jhum	shifting cultivation	vol002_tropicalagricult18821883colo#1883-03#050
2152	jhuming	1	1	00	1906	1906	jhuming	system of cultivation by Indian hill tribes	vol027_tropicalagricul271906ceyl#1906-07#019
2153	jiengrak and bang hia drainage scheme	1	1	30	1931	1931	Jiengrak and Bang Hia Drainage Scheme	drainage scheme	vol077_tdl-34003-the-tropical-agriculturist-the-agricultural-journa#1931-09#004
2154	johannesburg agricultural show	1	1	90	1897	1897	Johannesburg Agricultural Show	exhibition	vol017_tropicalagricult1718ceyl#1897-07#020
2155	johannesburg exhibition	1	1	90	1897	1897	Johannesburg Exhibition	exhibition	vol016_tropicalagricult1618ceyl#1897-06#051
2156	joom cultivation	1	1	80	1882	1882	joom	cultivation method in India	vol001_tropicalagricult1188ceyl#1882-05#198
2157	jubilee celebration	1	1	90	1894	1894	Jubilee Celebration	event	vol014_tropicalagricult1418ceyl#1894-11#071
2158	jubilee exhibition	1	1	80	1888	1888	Jubilee Exhibition	event attracting visitors	vol008_tropicalagricult8188ceyl#1888-09#061
2159	jubilee exhibition of 1898	1	1	00	1904	1904	Jubilee Exhibition in 1898		vol023_tropicalagricult2319ceyl#1904-02#145
2160	jubilee festivities	1	1	90	1898	1898	Jubilee festivities		vol017_tropicalagricult1718ceyl#1898-06#124
2161	jubilee lecture on tea	1	1	80	1887	1887	Jubilee Lecture on tea	lecture	vol007_tropicalagricult7188ceyl#1887-08#082
2162	jubilee meeting of the royal agricultural society at windsor	1	1	80	1889	1889	Jubilee meeting of the Royal Agricultural Society at Windsor	exhibition	vol009_tropicalagricult9188ceyl#1889-11#163
2163	jubilee pageant of industries	1	1	30	1935	1935	Jubilee Pageant of Industries	exhibition	vol085_tropical-agriculturist-1935-07-85#1935-07#012
2164	jubilee show of 1889	1	1	90	1897	1897	Jubilee Show	agricultural show	vol017_tropicalagricult1718ceyl#1897-08#135
2165	jubilee year pearl fishery	1	1	80	1887	1887	JUBILEE YEAR PEARL FISHERY	event	vol006_tropicalagricult18861887colo#1887-05#127
2166	julien's concerts	1	1	80	1882	1882	Julien's concerts	concerts in London	vol002_tropicalagricult18821883colo#1882-07#075
2167	june agricultural show	1	1	30	1937	1937	June Agricultural Show	event where the model was displayed	vol088_dli-ernet-229229#1937-10#012
2168	jungle trophy	1	1	00	1901	1901	Jungle Trophy	exhibit	vol021_tropicalagricult2119ceyl#1901-12#098
2169	jynkhanah	1	1	80	1882	1882	Jynkhanah		vol001_tropicalagricult1188ceyl#1882-02#098
2170	k.m.o.	1	1	90	1898	1898	K.M.O.	honour	vol018_tropicalagricult1818ceyl#1898-10#047
2171	kadienlena harvest home	1	1	00	1900	1900	Kadienlena Harvest Home	event, Jan. 1870	vol019_tropicalagricult1918ceyl#1900-02#002
2172	kala oya irrigation scheme	1	1	80	1889	1889	KALAWEWA	irrigation work	vol008_tropicalagricult8188ceyl#1889-02#081
2173	kalapokam season	1	1	30	1930	1930	Kalapokam season	agricultural season	vol074_dli-ernet-229223#1930-01#020
2174	kalapokum crop, 1929-30	1	1	30	1930	1930	Kalapokum Crop, 1929-30	crop season	vol075_tropical-agriculturist-1930-08-75#1930-08#018
2175	kalawellamai	1	1	80	1885	1885	Kalawellamai	spring crop season	vol005_tropicalagricult18851886colo#1885-09#136
2176	kalawewa	1	1	80	1884	1884	Kalawewa	big scheme	vol004_tropicalagricult18841885colo#1884-07#046
2177	kalutara market show	1	1	10	1912	1912	Kalutara Market Show	Market Show	vol039_tropicalagricul391912ceyl#1912-09#031
2178	kamehameha day	1	1	10	1912	1912	Kamehameha Day	festival	vol038_tropicalagricul381912ceyl#1912-04#032
2179	kampala agricultural show	1	1	00	1909	1909	Kampala Agricultural Show	exhibition	vol033_tropicalagricul331909ceyl#1909-11#010
2180	kandamale	1	1	90	1893	1893	Kandamale	disease	vol013_tropicalagricult1318ceyl#1893-10#134
2181	kandy agri-horticultural and industrial exhibition	1	1	20	1924	1924	Kandy Agri-Horticultural and Industrial Exhibition	held in 1902	vol062_lbg-630-5-tag-v-62#1924-04#007
2182	kandy agri-horticultural and industrial exhibition of 1923	1	1	20	1925	1925	Kandy Agri-Horticultural and Industrial Exhibition of 1923	exhibition where paddy won Silver Medal	vol064_lbg-630-5-tag-v-64#1925-05#013
2183	kandy agri-horticultural and industrial exhibition of 1924	1	1	20	1925	1925	Kandy Agri-Horticultural and Industrial Exhibition of 1924	exhibition where paddy won prize for best earhead	vol064_lbg-630-5-tag-v-64#1925-05#013
2184	kandy agri-horticultural and kandyan art exhibition	1	1	00	1900	1900	KANDY AGRI-HORTICULTURAL ANDKANDYAN ART EXHIBITION	exhibition	vol020_tropicalagricult2019ceyl#1900-10#070
2185	kandy agri-horticultural and kanydan art exhibition	1	1	00	1909	1909	Kandy Agri-Horticultural and Kanydan Art Exhibition	exhibition fixed for Perahera season	vol032_tropicalagricul321909ceyl#1909-02#031
2186	kandy agricultural and industrial show	1	1	20	1924	1924	Kandy Agricultural and Industrial Show	agricultural show	vol062_lbg-630-5-tag-v-62#1924-02#014
2187	kandy district agricultural meeting	1	1	30	1936	1936	Kandy District Agricultural Meeting	meeting held on 6th July, 1935	vol086_dli-ernet-229228#1936-03#006
2188	kandy district show 1924	1	1	20	1923	1923	Kandy District Show 1924	Exhibition	vol061_tropicalagricult0061unse#1923-11#010
2189	kandy meeting	1	1	90	1893	1893	Kandy Meeting		vol013_tropicalagricult1318ceyl#1893-10#075
2190	kandy perahera	1	1	30	1930	1930	Kandy Perahera	event when demand for canes was expected	vol075_tropical-agriculturist-1930-10-75#1930-10#017
2191	kandy popular lectures	1	1	00	1902	1902	Kandy Popular Lectures	lecture series	vol022_tropicalagricult2219ceyl#1902-12#013
2192	kandy public welfare exhibition	1	1	10	1918	1918	Kandy Public Welfare Exhibition	exhibition held in August	vol051_iss04_tropical-agriculturist-1918-10-51-4#1918-10#014
2193	kandy public welfare, agricultural and industrial exhibition	1	1	10	1918	1918	Kandy Public Welfare, Agricultural and Industrial Exhibition	Public Lecture, August 22nd, 1918	vol051_iss03_tropical-agriculturist-1918-09-51-3#1918-09#002
2194	kandy public welfare, agricultural and industrial exhibition, 1918	1	1	10	1918	1918	Kandy Public Welfare, Agricultural and Industrial Exhibition, 1918	exhibition held in Kandy	vol051_iss03_tropical-agriculturist-1918-09-51-3#1918-09#011
2195	kandy rebellion	1	1	90	1897	1897	Kandy Rebellion	Rebellion	vol016_tropicalagricult1618ceyl#1897-06#001
2196	kandy show 1923	1	1	20	1923	1923	Kandy Show 1923	Exhibition	vol061_tropicalagricult0061unse#1923-11#010
2197	kandy tea house	1	1	80	1886	1886	Kandy Tea House	exhibition structure	vol006_tropicalagricult18861887colo#1886-07#005
2198	kandyan dancing	1	1	10	1918	1918	Kandyan dancing	competition	vol050_dli-ernet-21168#1918-04#004
2199	kandyan rebellion	1	1	00	1900	1900	Kandyan Rebellion	context for the levy	vol020_tropicalagricult2019ceyl#1900-10#199
2200	kandyan war	1	1	00	1903	1903	Kandyan war		vol023_tropicalagricult2319ceyl#1903-09#001
2201	karkataka sankramanam	1	1	90	1899	1899	Karkataka Sankramanam	festival marking end of irrigation season	vol018_tropicalagricult1818ceyl#1899-04#003
2202	karthiya mangalla	1	1	10	1914	1914	Karthiya Mangalla	festival	vol043_lbg-tropicalagricultvol-xliii0000unse-c5y3#1914-12#033
2203	kartick	1	1	00	1900	1900	Kartick	month	vol020_tropicalagricult2019ceyl#1900-12#136
2204	kartighi	1	1	80	1883	1883	Kartighi	feast day	vol002_tropicalagricult18821883colo#1883-02#070
2205	kartiki	1	1	10	1912	1912	Kartiki	season for lac crop	vol039_tropicalagricul391912ceyl#1912-12#071
2206	karu andè	1	1	10	1910	1910	karu andè	share-cropping system	vol034_tropicalagricul341910ceyl#1910-01#034
2207	kason	1	1	00	1909	1909	Kason	month (about May)	vol032_tropicalagricul321909ceyl#1909-05#013
2208	katugampola hatpattu show	1	1	10	1919	1919	Katugampola Hatpattu Show	held at Kuliypitiya on the 30th of August last	vol053_iss04_tropical-agriculturist-1919-10-53-4#1919-10#025
2209	katugastota (harispattu south) show 1927	1	1	20	1927	1927	Katugastota (Harispattu South) Show 1927	village show	vol069_tropical-agriculturist-1927-10-69#1927-10#022
2210	kauthiri festival	1	1	90	1893	1893	Kauthiri festival		vol013_tropicalagricult1318ceyl#1893-08#113
2211	kearley and tonge	1	1	90	1890	1890	Kearley and Tonge	legal case	vol010_tropicalagricult1018ceyl#1890-09#062
2212	keddah	1	1	00	1901	1901	keddah	elephant hunt	vol021_tropicalagricult2119ceyl#1901-10#019
2213	kegalla a. h. show	1	1	00	1909	1909	KEGALLA A. H. SHOW	July 2nd and 3rd, 1909	vol033_tropicalagricul331909ceyl#1909-11#038
2214	kegalla show	1	1	00	1908	1908	Kegalla Show	show	vol031_tropicalagricul311908ceyl#1908-10#035
2215	kegalla show, 1909	1	1	00	1909	1909	KEGALLA SHOW, 1909	agricultural show	vol033_tropicalagricul331909ceyl#1909-09#036
2216	kegalle agricultural show	1	1	00	1906	1906	Kegalle Agricultural Show		vol027_tropicalagricul271906ceyl#1906-11#039
2217	keicho era	1	1	90	1891	1891	Keicho	era	vol011_tropicalagricult1118ceyl#1891-10#004
2218	kelani valley meet	1	1	00	1904	1904	Kelani Valley Meet		vol023_tropicalagricult2319ceyl#1904-02#067
2219	kelani-valley agri-horticultural show, 1906	1	1	00	1906	1906	Kelani-Valley Agri-Horticultural Show, 1906	agricultural show	vol027_tropicalagricul271906ceyl#1906-10#017
2220	kempton park show	1	1	90	1890	1890	Kempton Park Show		vol010_tropicalagricult1018ceyl#1890-09#154
2221	kerosine oil tax	1	1	90	1898	1898	Kerosine Oil Tax	taxation measure	vol017_tropicalagricult1718ceyl#1898-02#014
2222	ketume	1	1	10	1918	1918	Ketume	in lieu of 2nd ploughing	vol051_iss01_tropical-agriculturist-1918-07-51-1#1918-07#005
2223	kharkorm	1	1	90	1894	1894	Kharkorm	expedition	vol014_tropicalagricult1418ceyl#1894-11#080
2224	kimberley exhibition	1	1	90	1893	1893	Kimberley Exhibition	exhibition	vol012_tropicalagricult1218ceyl#1893-04#069
2225	kimberley exhibition 1892	1	1	90	1892	1892	Kimberley Exhibition 1892	exhibition	vol011_tropicalagricult1118ceyl#1892-01#053
2226	kimberley exhibition of 1892	1	1	90	1892	1892	Kimberley Exhibition of 1892		vol011_tropicalagricult1118ceyl#1892-02#062
2227	kimmond v. jackson	1	1	90	1892	1892	Kimmond v. Jackson	patent case	vol011_tropicalagricult1118ceyl#1892-03#077
2228	kimmond vs. jackson	1	1	80	1883	1883	Kimmond vs. Jackson	legal case	vol003_tropicalagricult18831884colo#1883-12#076
2229	king solomon's mines	1	1	80	1886	1886	King Solomon's mines	subject of Haggard's account	vol005_tropicalagricult18851886colo#1886-02#047
2230	king's speech	1	1	10	1914	1914	King's Speech		vol042_lbg-630-5-tag-v-42#1914-03#030
2231	kingston (jamaica) floral and hobbiefestival show	1	1	80	1886	1886	Kingston (Jamaica) Floral and Hobbiefestival Show	exhibition	vol005_tropicalagricult18851886colo#1886-05#152
2232	kingston flower and horticultural show	1	1	80	1889	1889	Kingston flower and horticultural show	exhibition held in June	vol009_tropicalagricult9188ceyl#1889-10#110
2233	kingston flower show	1	1	00	1902	1902	Kingston Flower Show	event where first prize was won	vol022_tropicalagricult2219ceyl#1902-10#006
2234	kintyre meeting	1	1	10	1914	1914	Kintyre Meeting		vol042_lbg-630-5-tag-v-42#1914-02#005
2235	kirinde-oya left bank scheme	1	1	10	1919	1919	Kirinde-Oya Left Bank Scheme	irrigation scheme	vol052_iss05_tropical-agriculturist-1919-05-52-5#1919-05#009
2236	kirindi oya scheme	1	1	20	1928	1928	Kirindi Oya Scheme	development scheme	vol070_dli-ernet-229220#1928-06#006
2237	kistna agricultural and industrial show	1	1	10	1912	1912	Kistna Agricultural and Industrial Show	sixth show, Ellore	vol039_tropicalagricul391912ceyl#1912-12#064
2238	kitul exhibition	1	1	40	1945	1945	Kitul Exhibition		vol101_iss04_tropical-agriculturist-october-december-1945-101-4#1945-10/12#011
2239	klang boom	1	1	90	1896	1896	Klang boom	financial collapse	vol015_tropicalagricult1518ceyl#1896-06#104
2240	knavesmire plumbago prospects	1	1	90	1899	1899	KNAVESMIRE PLUMBAGO PROSPECTS	report title	vol019_tropicalagricult1918ceyl#1899-12#015
2241	knuckles bricks	1	1	90	1897	1897	Knuckles Bricks		vol017_tropicalagricult1718ceyl#1897-07#062
2242	kokine water-works	1	1	80	1882	1882	Kokine water-works	case for compensation	vol002_tropicalagricult18821883colo#1882-07#089
2243	kolaazar epidemic	1	1	00	1900	1900	Kolaazar epidemic	cause of declining production	vol020_tropicalagricult2019ceyl#1900-11#012
2244	korale show	1	1	20	1921	1921	Korale Show	agricultural show	vol057_in-ernet-dli-2015-230764#1921-10#021
2245	koralé shows	1	1	10	1917	1917	Koralé Shows	organised by Mr. Plant	vol049_iss02_tropical-agriculturist-1917-08-49-2#1917-08#011
2246	korean war	1	1	90	1894	1894	Korean war		vol014_tropicalagricult1418ceyl#1894-10#114
2247	krauselkrankheit	1	1	10	1914	1914	Krauselkrankheit	tobacco disease (leaf curl)	vol042_lbg-630-5-tag-v-42#1914-05#023
2248	krian irrigation scheme	1	1	90	1899	1899	Krian Irrigation Scheme	irrigation project under way	vol019_tropicalagricult1918ceyl#1899-10#047
2249	kroepoek	1	1	10	1914	1914	Kroepoek	tobacco disease	vol042_lbg-630-5-tag-v-42#1914-05#023
2250	kuala kangsar show	1	1	00	1908	1908	Kuala Kangsar show	exhibition where samples were displayed	vol031_tropicalagricul311908ceyl#1908-08#171
2251	kuda mosama	1	1	90	1895	1895	Kuda Mosama	small season for cinnamon preparation	vol015_tropicalagricult1518ceyl#1895-09#001
2252	kuliyapitiya (katugampola hatpattu) show	1	1	20	1920	1920	Kuliyapitiya (Katugampola Hatpattu)	Agricultural Show, August 30th	vol054_lbg-630-5-tag-v-54#1920-04#010
2253	kumbuke pattu garden competition	1	1	10	1918	1918	Kumbuke Pattu	arranged garden competition	vol051_iss04_tropical-agriculturist-1918-10-51-4#1918-10#020
2254	kunene-zambesi expedition	1	1	00	1900	1900	Kunene-Zambesi expedition		vol019_tropicalagricult1918ceyl#1900-06#119
2255	kurundankulam rotational farming scheme	1	1	40	1941	1941	Kurundankulam Rotational Farming Scheme	farming scheme	vol097_iss01_tropical-agriculturist-1941-07-97-1#1941-07#013
2256	kurunegala agri-horticultural show, 1906	1	1	00	1906	1906	Kurunegaa Agri-Horticultural Show, 1906	agricultural show	vol027_tropicalagricul271906ceyl#1906-10#016
2257	kurunegala fair	1	1	80	1883	1883	Kurunegala Fair		vol003_tropicalagricult18831884colo#1883-12#072
2258	kurunegala paddy weeding competition	1	1	20	1929	1929	Kurunegala Paddy Weeding Competition	competition, Yala season 1929	vol073_tropical-agriculturist-1929-11-73#1929-11#013
2259	kurunegala town paddy weeding competition, 1929-30	1	1	30	1930	1930	Kurunegala Town Paddy Weeding Competition, Maha Season, 1929-30	paddy weeding competition	vol075_tropical-agriculturist-1930-08-75#1930-08#013
2260	kyd's monument	1	1	90	1896	1896	Kyd's Monument	monument in the garden	vol016_tropicalagricult1618ceyl#1896-09#014
2261	la blanche nef	1	1	00	1902	1902	La Blanche nef	shipwreck	vol021_tropicalagricult2119ceyl#1902-05#075
2262	labour act	1	1	80	1882	1882	Labour Act	legislation	vol001_tropicalagricult1188ceyl#1882-02#031
2263	labour contract act	1	1	90	1896	1896	Labour Contract Act	legislation under discussion	vol015_tropicalagricult1518ceyl#1896-03#056
2264	labour ordinance	1	1	90	1897	1897	Labour Ordinance	legislation	vol017_tropicalagricult1718ceyl#1897-11#077
2265	lacey game act	1	1	10	1917	1917	Lacey Game Act	legislation	vol049_iss02_tropical-agriculturist-1917-08-49-2#1917-08#022
2266	lady macgregor prize	1	1	00	1904	1904	Lady MacGregor Prize	prize for best article on anti-typhoid inoculation	vol023_tropicalagricult2319ceyl#1904-03#106
2267	lady slavey	1	1	90	1896	1896	Lady Slavey	play	vol016_tropicalagricult1618ceyl#1896-08#060
2268	lady-bird experiment	1	1	90	1898	1898	Lady-bird Experiment	agricultural experiment	vol018_tropicalagricult1818ceyl#1898-07#097
2269	lady-smith night	1	1	00	1900	1900	Lady-smith night	historical event referenced	vol020_tropicalagricult2019ceyl#1900-09#109
2270	lagium case	1	1	00	1900	1900	lagium	legal case	vol020_tropicalagricult2019ceyl#1900-08#125
2271	lagos agricultural exhibition	1	1	00	1906	1906	Lagos Agricultural Exhibition		vol026_tropicalagricul261906ceyl#1906-01/06#008
2272	lagos show	1	1	00	1903	1903	Lagos Show		vol023_tropicalagricult2319ceyl#1903-12#088
2273	laing v. somerville & co.	1	1	80	1889	1889	Laing v. Somerville & Co.	legal case	vol008_tropicalagricult8188ceyl#1889-02#002
2274	lamarckism	1	1	90	1890	1890	Lamarckism	scientific theory	vol009_tropicalagricult9188ceyl#1890-06#026
2275	lanarkshire disease	1	1	20	1928	1928	Lanarkshire disease	strawberry disease	vol071_tropical-agriculturist-1928-10-71#1928-10#005
2276	land acquisition ordinance of 1876	1	1	00	1904	1904	Land Acquisition Ordinance of 1876	ordinance	vol023_tropicalagricult2319ceyl#1904-05#103
2277	land and irrigation exposition	1	1	10	1910	1910	Land and Irrigation Exposition	held in Chicago	vol035_tropicalagricul351910ceyl#1910-09#035
2278	land improvement loans act, 1883	1	1	10	1912	1912	Land Improvement Loans Act, 1883		vol038_tropicalagricul381912ceyl#1912-02#040
2279	land ordinance no. 184	1	1	40	1942	1942	Land Ordinance No. 184	legislation affecting tank restoration	vol098_iss04_tropical-agriculturist-october-december-1942-98-4#1942-10/12#017
2280	land resumption ordinance	1	1	90	1891	1891	Land Resumption Ordinance	legislation	vol011_tropicalagricult1118ceyl#1891-12#034
2281	land settlement act	1	1	10	1913	1913	Land Settlement Act	law passed in 1912	vol040_lbg-630-5-tag-v-40#1913-03#014
2282	land settlement ordinance, 1899	1	1	10	1911	1911	Land Settlement Ordinance, 1899	ordinance authorizing acquisition of estates	vol037_tropicalagricul371911ceyl#1911-10#028
2283	lanka town	1	1	10	1912	1912	Lanka Town	nickname for the Exhibition	vol039_tropicalagricul391912ceyl#1912-07#052
2284	larch disease	1	1	80	1889	1889	Larch disease	disease comparison	vol009_tropicalagricult9188ceyl#1889-08#137
2285	law 2,508	1	1	10	1918	1918	Law 2,508	regulation for rural credit associations	vol051_iss06_tropical-agriculturist-1918-12-51-6#1918-12#020
2286	law no. 2040 of 28th sept. 1871	1	1	80	1882	1882	Law, No. 2040 of 28th Sept. 1871	slavery law	vol001_tropicalagricult1188ceyl#1882-04#166
2287	law of 1884	1	1	10	1911	1911	Law of 1884	origin of agricultural syndicates	vol037_tropicalagricul371911ceyl#1911-07#027
2288	law on the state forest lands	1	1	10	1911	1911	State Forest Lands	law promulgated June 1910	vol037_tropicalagricul371911ceyl#1911-12#028
2289	laying competition of 1942	1	1	40	1942	1942	laying competition held in 1942	competition for egg laying	vol098_iss04_tropical-agriculturist-october-december-1942-98-4#1942-10/12#014
2290	leaf break	1	1	10	1918	1918	leaf break	disease	vol051_iss06_tropical-agriculturist-1918-12-51-6#1918-12#003
2291	leaf curl	1	1	40	1940	1940	leaf curl	cotton disease	vol094_iss04_tropical-agriculturist-1940-04-94-4#1940-04#013
2292	leafcurl disease	1	1	30	1932	1932	leafcurl disease	disease affecting cotton in Gezira	vol078_tropical-agriculturist-1932-02-78#1932-02#007
2293	league of vienna	1	1	80	1886	1886	league of Vienna	historical event	vol005_tropicalagricult18851886colo#1886-05#059
2294	lease and lend bill	1	1	40	1944	1944	Lease and Lend Bill		vol100_iss01_tropical-agriculturist-january-march-1944-100-1#1944-01/03#013
2295	lecture on ceylon, the malay states and java	1	1	10	1911	1911	Lecture of November last	lecture	vol037_tropicalagricul371911ceyl#1911-08#038
2296	leeds assizes	1	1	00	1900	1900	Leeds Assizes	court session	vol019_tropicalagricult1918ceyl#1900-03#077
2297	lees and raper memorial lecture	1	1	00	1900	1900	Lees and Raper Memorial Lecture	lecture series	vol020_tropicalagricult2019ceyl#1900-07#055
2298	legislative session of 1898	1	1	00	1900	1900	Legislative Session of 1898		vol020_tropicalagricult2019ceyl#1900-09#135
2299	lent	1	1	90	1892	1892	Lent		vol011_tropicalagricult1118ceyl#1892-03#110
2300	lewa method	1	1	10	1911	1911	Lewa method	name of the tapping technique	vol037_tropicalagricul371911ceyl#1911-11#039
2301	lewis and clark pharmaceutical congress	1	1	00	1906	1906	Lewis and Clark Pharmaceutical Congress	congress in Portland, U.S.A.	vol026_tropicalagricul261906ceyl#1906-03#027
2302	liang dynasty	1	1	80	1884	1884	Liang dynasty	historical period	vol003_tropicalagricult18831884colo#1884-03#101
2303	libert bill	1	1	90	1898	1898	Libert Bill	practical bearing on the welfare of the bulk of the planting	vol018_tropicalagricult1818ceyl#1898-08#002
2304	liddiard v. reece	1	1	80	1887	1887	Liddiard v. Reece	legal case	vol007_tropicalagricult7188ceyl#1887-11#063
2305	limited liability act	1	1	80	1889	1889	Limited Liability Act	legislation	vol008_tropicalagricult8188ceyl#1889-05#104
2306	lipton case	1	1	90	1899	1899	Lipton case	legal case regarding weighing paper with tea	vol019_tropicalagricult1918ceyl#1899-09#017
2307	liverpool exhibition, 1887	1	1	80	1887	1887	LIVERPOOL. EXHIBITION, 1887	Jubilee Exhibition to be opened in May 1887	vol006_tropicalagricult18861887colo#1887-05#123
2308	local exhibition	1	1	80	1886	1886	local Exhibition	exhibition	vol005_tropicalagricult18851886colo#1886-02#077
2309	local exhibition of 1885	1	1	80	1888	1888	Local Exhibition of 1885	exhibition	vol007_tropicalagricult7188ceyl#1888-01#062
2310	local exhibition, colombo	1	1	80	1886	1886	local Exhibition	exhibition held 18th-20th January	vol005_tropicalagricult18851886colo#1886-02#075
2311	local labour act	1	1	80	1888	1888	Local Labour Act	legislation	vol008_tropicalagricult8188ceyl#1888-12#045
2312	local ordinance no. x of 1089	1	1	10	1918	1918	Local Ordinance No. X of 1089	legislation enabling co-operative societies	vol050_dli-ernet-21168#1918-01#020
2313	lockyer show	1	1	90	1897	1897	Lockyer Show		vol017_tropicalagricult1718ceyl#1897-10#033
2314	lois weedon system	1	1	90	1894	1894	Lois Weedon system	system of cultivation	vol013_tropicalagricult1318ceyl#1894-05#116
2315	london congress of tropical agriculture	1	1	10	1915	1915	London Congress of Tropical Agriculture	June, 1914	vol045_lbg-630-5-tag-v-45#1915-10#037
2316	london dock strike	1	1	90	1890	1890	London Dock Strike	event causing delay	vol009_tropicalagricult9188ceyl#1890-03#004
2317	london exhibition of 1851	1	1	90	1894	1894	London Exhibition of 1851	exhibition where platano pasado was shown	vol014_tropicalagricult1418ceyl#1894-11#146
2318	london exhibition of 1908	1	1	10	1912	1912	London Exhibition of September 1908	first of the International Series	vol039_tropicalagricul391912ceyl#1912-11#051
2319	london exhibition of 1911	1	1	10	1912	1912	London Exhibition of 1911	second of the International Series	vol039_tropicalagricul391912ceyl#1912-11#051
2320	london exhibitions	1	1	90	1893	1893	London Exhibitions		vol013_tropicalagricult1318ceyl#1893-07#041
2321	london exposition (1911)	1	1	10	1917	1917	London Exposition (1911)	exposition	vol048_iss05_tropical-agriculturist-1917-05-48-5#1917-05#010
2322	london exposition (1914)	1	1	10	1917	1917	London Exposition (1914)	exposition	vol048_iss05_tropical-agriculturist-1917-05-48-5#1917-05#010
2323	london fair	1	1	80	1883	1883	London Fair	market event	vol003_tropicalagricult18831884colo#1883-12#111
2324	london fisheries exhibition of 1883	1	1	00	1901	1901	London Fisheries Exhibition of 1883	exhibition	vol021_tropicalagricult2119ceyl#1901-10#103
2325	london great exhibition of 1862	1	1	80	1884	1884	London Great Exhibition of 1862	previous exposition compared in size	vol004_tropicalagricult18841885colo#1884-12#084
2326	london international exhibition, 1851	1	1	80	1887	1887	London International Exhibition, 1851		vol006_tropicalagricult18861887colo#1887-06#010
2327	london meeting of the neboda company	1	1	10	1913	1913	London Meeting of the Neboda Company		vol041_lbg-vol-xli-tropicalagricult0000dewi-t3r5#1913-08#007
2328	london quarterly sales	1	1	90	1890	1890	London Quarterly Sales	sales event	vol009_tropicalagricult9188ceyl#1890-02#001
2329	london rubber congress	1	1	10	1913	1913	London (1911) Rubber Congress	congress	vol040_lbg-630-5-tag-v-40#1913-05#013
2330	london rubber exhibition, 1914	1	1	10	1915	1915	RUBBER EXHIBITION, LONDON, 1914	exhibition	vol044_lbg-tropicalagricultvol-xliv0000unse-e6v7#1915-01#047
2331	london rubber exhibitions	1	1	10	1913	1913	London Rubber Exhibitions	exhibitions in 1908 and 1911	vol041_lbg-vol-xli-tropicalagricult0000dewi-t3r5#1913-12#001
2332	look v. ross	1	1	90	1893	1893	Look v. Ross	legal case	vol013_tropicalagricult1318ceyl#1893-07#037
2333	looting of the chinese summer palace	1	1	00	1903	1903	looting of the Chinese Summer-Palace	event in 1862	vol022_tropicalagricult2219ceyl#1903-02#058
2334	lord elgin's treaty	1	1	80	1883	1883	Lord Elgin's Treaty	treaty opening the Yangtse-kiang	vol002_tropicalagricult18821883colo#1883-06#065
2335	lord mayor's day	1	1	90	1896	1896	Lord Mayor's day		vol016_tropicalagricult1618ceyl#1896-12#115
2336	loss of the hawke	1	1	10	1915	1915	Hawke	cruiser lost	vol044_lbg-tropicalagricultvol-xliv0000unse-e6v7#1915-03#009
2337	loss of the satsuma	1	1	00	1903	1903	Satsuma	ship loss	vol023_tropicalagricult2319ceyl#1903-10#018
2338	loss of the steamship heathford	1	1	00	1903	1903	HEATHFORD	ship fire	vol023_tropicalagricult2319ceyl#1903-10#018
2339	louis exhibition of 1904	1	1	00	1902	1902	Louis Exhibition in 1904		vol022_tropicalagricult2219ceyl#1902-11#091
2340	lowe's budget	1	1	90	1891	1891	Lowe's budget	budget reducing duty	vol011_tropicalagricult1118ceyl#1891-08#042
2341	luangla meeting	1	1	90	1898	1898	Luangla meeting	meeting where chairman spoke	vol018_tropicalagricult1818ceyl#1898-08#038
2342	lucea show	1	1	10	1913	1913	Lucea show	show in August	vol040_lbg-630-5-tag-v-40#1913-03#017
2343	m'carnie v. culverwell and co.	1	1	90	1892	1892	M'CARNIE v. CULVERWELL AND Co.	legal case	vol012_tropicalagricult1218ceyl#1892-12#099
2344	macaulay mission	1	1	90	1894	1894	Macaulay Mission	mission	vol014_tropicalagricult1418ceyl#1894-08#080
2345	maclaughlin v. bardley	1	1	90	1896	1896	MacLaughlin v. Bardley	legal case	vol015_tropicalagricult1518ceyl#1896-01#078
2346	madagascar war	1	1	00	1902	1902	(Madagascar) War	conflict affecting cultivation	vol022_tropicalagricult2219ceyl#1902-07#023
2347	madahiya	1	1	10	1918	1918	Madahiya	preparation stage	vol051_iss01_tropical-agriculturist-1918-07-51-1#1918-07#005
2348	madame tussaud's exhibition	1	1	80	1882	1882	Madame Tussaud's exhibition		vol002_tropicalagricult18821883colo#1882-10#035
2349	madison square garden pure food show	1	1	90	1895	1895	Madison Square Garden Pure Food Show	show	vol014_tropicalagricult1418ceyl#1895-06#066
2350	madras act	1	1	00	1903	1903	Madras Act	legislation that failed to protect cinchona	vol022_tropicalagricult2219ceyl#1903-03#036
2351	madras act i of 1882	1	1	80	1882	1882	Madras Act I of 1882	legislation	vol002_tropicalagricult18821883colo#1882-12#054
2352	madras agri horticultural show	1	1	80	1883	1883	Madras Agri Horticultural show	held by Government on the 24th February last	vol002_tropicalagricult18821883colo#1883-06#013
2353	madras agricultural exhibition of 1883	1	1	80	1886	1886	Madras Agricultural Exhibition of 1883	event where prizes were offered for essays	vol005_tropicalagricult18851886colo#1886-05#076
2354	madras agricultural exhibition of february 1883	1	1	80	1883	1883	Madras Agricultural Exhibition of February 1883	exhibition	vol002_tropicalagricult18821883colo#1883-01#088
2355	madras agricultural students' union conference	1	1	20	1922	1922	Madras Agricultural Students' Union Conference	held at Coimbatore, 19th December, 1921	vol058_dli-ernet-229219#1922-02#014
2356	madras coffee-stealing prevention act	1	1	90	1899	1899	The Madras Coffee-Stealing Prevention Act	Act of 1878	vol019_tropicalagricult1918ceyl#1899-11#028
2357	madras commercial crops markets act of 1933	1	1	30	1935	1935	Madras Commercial Crops Markets Act of 1933	legislation	vol084_tropical-agriculturist-1935-02-84#1935-02#009
2358	madras exhibition 1915-1916	1	1	20	1921	1921	MADRAS EXHIBITION 1915-1916	exhibition	vol046_lbg-630-5-tag-v-46#1921-04#010
2359	madras famine	1	1	80	1887	1887	Madras famine	famine of 1876-77	vol007_tropicalagricult7188ceyl#1887-09#082
2360	madras famine of 1877-8	1	1	80	1886	1886	Madras famine of 1877-8	event causing starvation	vol005_tropicalagricult18851886colo#1886-05#142
2361	madras forest act	1	1	80	1886	1886	Madras Forest Act	legislation discussed	vol005_tropicalagricult18851886colo#1886-05#003
2362	madrid exhibition	1	1	80	1887	1887	Madrid Exhibition	upcoming exhibition for Philippine products	vol006_tropicalagricult18861887colo#1887-01#033
2363	madura-paumben survey	1	1	90	1895	1895	Madura-Paumben Survey		vol015_tropicalagricult1518ceyl#1895-08#115
2364	magam pattu agricultural show	1	1	10	1918	1918	Magam Pattu	arranged agricultural show	vol051_iss04_tropical-agriculturist-1918-10-51-4#1918-10#020
2365	magh	1	1	80	1883	1883	Magh	month	vol003_tropicalagricult18831884colo#1883-07#095
2366	maha 1921-22	1	1	20	1927	1927	Maha, 1921-22	experiments	vol069_tropical-agriculturist-1927-07-69#1927-07#002
2367	maha 1926-27	1	1	20	1927	1927	Maha 1926-27	experiments	vol069_tropical-agriculturist-1927-07-69#1927-07#002
2368	maha 1929-30	1	1	30	1930	1930	Maha 1929-30	season of paddy competition	vol074_dli-ernet-229223#1930-06#015
2369	maha 1931	1	1	30	1933	1933	Maha 1931	study period	vol080_dli-ernet-229226#1933-07#010
2370	maha 1931-32	1	1	30	1933	1933	Maha 1931-32	season of first main experiment	vol080_dli-ernet-229226#1933-07#008
2371	maha 1932-33	1	1	30	1933	1933	Maha 1932-33	season of second main experiment	vol080_dli-ernet-229226#1933-07#008
2372	maha 1933-34	1	1	30	1933	1933	Maha 1933-34	season of third experiment	vol080_dli-ernet-229226#1933-07#008
2373	maha 1935-36	1	1	30	1938	1938	maha 1935-36	season	vol091_tropical-agriculturist-1938-08-91#1938-08#002
2374	maha 1937-38	1	1	30	1939	1939	Maha 1937-38	agricultural season	vol093_iss02_tropical-agriculturist-1939-08-93-2#1939-08#008
2375	maha 1938-39	1	1	30	1939	1939	Maha 1938-39	agricultural season	vol093_iss02_tropical-agriculturist-1939-08-93-2#1939-08#008
2376	maha 1939-40	1	1	40	1941	1941	Maha 1939–40	agricultural season	vol097_iss01_tropical-agriculturist-1941-07-97-1#1941-07#013
2377	maha 1939-40 paddy season	1	1	40	1940	1940	maha 1939-40 Paddy Season	agricultural season	vol095_iss02_tropical-agriculturist-1940-08-95-2#1940-08#009
2378	maha 1943-44	1	1	40	1945	1945	Maha 1943-44	demonstration season	vol101_iss01_tropical-agriculturist-january-march-1945-101-1#1945-01/03#008
2379	maha and yala seasons	1	1	20	1927	1927	Maha and Yala Seasons	period of inspection	vol069_tropical-agriculturist-1927-09-69#1927-09#018
2380	maha harvest	1	1	80	1888	1888	Maha harvest	harvest season	vol008_tropicalagricult8188ceyl#1888-10#058
2381	maha parahara	1	1	20	1922	1922	Maha Parahara	Festival	vol058_dli-ernet-229219#1922-03#002
2382	maha pattu agricultural show	1	1	10	1918	1918	Maha Pattu	arranged agricultural show	vol051_iss04_tropical-agriculturist-1918-10-51-4#1918-10#020
2383	maha season 1922-23	1	1	20	1923	1923	Maha season 1922-23	agricultural season for trials	vol060_lbg-tropicalagricultvol-lx-1923-0000unse-n0c4#1923-02#023
2384	maha season 1923-24	1	1	20	1924	1924	Maha Season 1923-24	agricultural season	vol062_lbg-630-5-tag-v-62#1924-05#009
2385	maha season 1928-29	1	1	20	1929	1929	maha season 1928-29	season of the competition	vol072_dli-ernet-229221#1929-05#028
2386	maha season of 1926	1	1	20	1926	1926	Maha season of 1926	season	vol067_iss01_tropical-agriculturist-1926-07-67-1#1926-07#012
2387	mahabadda	1	1	90	1895	1895	Mahabadda	cinnamon monopoly	vol015_tropicalagricult1518ceyl#1895-09#001
2388	mahara railway accident	1	1	00	1900	1900	Mahara Railway accident		vol020_tropicalagricult2019ceyl#1900-10#193
2389	mahommedan rebellion	1	1	90	1890	1890	Mahommedan rebellion	historical event	vol009_tropicalagricult9188ceyl#1890-03#057
2390	mahratta war of 1843	1	1	80	1886	1886	Mahratra war of 1843	war	vol006_tropicalagricult18861887colo#1886-10#120
2391	makulla garden competition	1	1	10	1918	1918	Makulla	arranged garden competition	vol051_iss04_tropical-agriculturist-1918-10-51-4#1918-10#020
2392	malacca exhibition	1	1	10	1911	1911	Malacca Exhibition	event where rubber was exhibited	vol037_tropicalagricul371911ceyl#1911-08#041
2393	malaria campaign	1	1	30	1931	1931	malaria		vol076_dli-ernet-229225#1931-03#005
2394	malaria conference	1	1	10	1910	1910	Malaria Conference	held at Simla	vol034_tropicalagricul341910ceyl#1910-01#014
2395	malarial campaign	1	1	00	1903	1903	Malarial Campaign		vol022_tropicalagricult2219ceyl#1903-06#096
2396	malaya-borneo exhibition	1	1	20	1923	1923	Malaya-Borneo Exhibition	exhibition	vol060_lbg-tropicalagricultvol-lx-1923-0000unse-n0c4#1923-04#008
2397	malayan agricultural exhibition	1	1	30	1934	1934	Malayan Agricultural Exhibition	exhibition	vol083_tropical-agriculturist-1934-11#1934-11#010
2398	maldivian curiosities	1	1	90	1899	1899	Maldivian Curiosities	exhibit collection	vol019_tropicalagricult1918ceyl#1899-11#059
2399	malogany vale bridge	1	1	80	1885	1885	Malogany Vale Bridge	bridge opened publicly	vol005_tropicalagricult18851886colo#1885-08#074
2400	manahor insurrection	1	1	90	1891	1891	Manahor insurrection	historical event	vol010_tropicalagricult1018ceyl#1891-02#138
2401	manchester exhibition	1	1	80	1887	1887	Manchester exhibition	exhibition	vol007_tropicalagricult7188ceyl#1887-09#031
2402	manica dispute	1	1	90	1893	1893	Manica dispute	dispute between Ceylon and Portugal	vol012_tropicalagricult1218ceyl#1893-02#082
2403	manjri experiments	1	1	10	1915	1915	Manjri Experiments	experiments on cane varieties	vol045_lbg-630-5-tag-v-45#1915-07#020
2404	mannar agricultural show, 1926	1	1	20	1926	1926	MANNAR AGRICULTURAL SHOW, 1926	agricultural show	vol066_iss06_tropical-agriculturist-1926-06-66-6#1926-06#013
2405	manning coconut trial	1	1	20	1922	1922	MANNING COCONUT TRIAL	agricultural trial	vol058_dli-ernet-229219#1922-06#005
2406	mansion house association v. l. & s. w. railway co.	1	1	90	1895	1895	Mansion House Association v. L. & S. W. RAILY. COY.	legal case	vol015_tropicalagricult1518ceyl#1895-08#058
2407	mansion house transvaal war fund	1	1	00	1900	1900	Mansion House Transvaal War Fund	fund	vol019_tropicalagricult1918ceyl#1900-02#086
2408	maraudahully project	1	1	80	1887	1887	Maraudahully Project	scheme to improve tank supply in Salem district	vol007_tropicalagricult7188ceyl#1887-12#062
2409	mardi gras	1	1	10	1910	1910	Mardi Gras	event compared to the parade	vol034_tropicalagricul341910ceyl#1910-05#036
2410	margarine act	1	1	90	1890	1890	Margarine Act		vol010_tropicalagricult1018ceyl#1890-09#108
2411	margarine act of 1877	1	1	10	1918	1918	Margarine Act of 1877	legislation regulating margarine sales	vol050_dli-ernet-21168#1918-05#019
2412	margarine act, 1887	1	1	90	1893	1893	Margarine Act, 1887	act to be amended	vol012_tropicalagricult1218ceyl#1893-05#063
2413	maritzburg agricultural show	1	1	80	1883	1883	Maritzburg Agricultural Show	Agricultural show	vol003_tropicalagricult18831884colo#1883-08#081
2414	maritzburg agricultural society's show	1	1	90	1893	1893	Maritzburg Agricultural Society's Show	agricultural show	vol013_tropicalagricult1318ceyl#1893-10#122
2415	maritzburg flower show	1	1	80	1887	1887	Maritzburg flower show	January of this year	vol006_tropicalagricult18861887colo#1887-06#056
2416	market show	1	1	00	1907	1907	Market Show	forthcoming show in April	vol028_tropicalagricul281907ceyl#1907-02#026
2417	marks act	1	1	90	1894	1894	Marks Act		vol014_tropicalagricult1418ceyl#1894-12#128
2418	maroon war	1	1	80	1884	1884	Maroon War	waged by escaped negroes	vol003_tropicalagricult18831884colo#1884-01#079
2419	marseilles exhibition	1	1	90	1899	1899	Marseilles Exhibition	exhibition where Dr. Thomatis won a prize	vol019_tropicalagricult1918ceyl#1899-12#002
2420	maryborough show	1	1	90	1897	1897	Maryborough Show		vol017_tropicalagricult1718ceyl#1897-10#033
2421	maskeliya meeting	1	1	80	1883	1883	Maskeliya meeting	meeting where the question of coal for tea preparation was d	vol003_tropicalagricult18831884colo#1883-10#078
2422	matala exhibition	1	1	80	1888	1888	Matala Exhibition	exhibition	vol008_tropicalagricult8188ceyl#1888-10#023
2423	matale (east) show	1	1	10	1919	1919	MATALE (EAST) Show	agricultural show	vol052_iss03_tropical-agriculturist-1919-03-52-3#1919-03#017
2424	matale 25 exhibition	1	1	90	1891	1891	25 Exhibition	exhibition	vol010_tropicalagricult1018ceyl#1891-05#120
2425	matale agricultural show	1	1	00	1907	1907	Matale Agricultural Show	meeting of Committee held	vol028_tropicalagricul281907ceyl#1907-02#026
2426	matale exhibition of 1887	1	1	80	1889	1889	Matale Exhibition of 1887	source of the prize plough	vol009_tropicalagricult9188ceyl#1889-12#043
2427	matale north vegetable garden competition, 1927-1928	1	1	20	1928	1928	Matale North Vegetable Garden Competition, 1927-1928	vegetable garden competition	vol071_tropical-agriculturist-1928-10-71#1928-10#017
2428	matale p.a. meeting	1	1	00	1903	1903	Matale P.A. meeting	meeting	vol023_tropicalagricult2319ceyl#1903-12#064
2429	matale south vegetable garden competition, 1927-28	1	1	20	1928	1928	Matale South Vegetable Garden Competition, 1927-28	vegetable garden competition	vol071_tropical-agriculturist-1928-10-71#1928-10#020
2430	matale vegetable show	1	1	40	1940	1940	Matale Vegetable Show	annual exhibition of village produce	vol095_iss03_tropical-agriculturist-1940-09-95-3#1940-09#009
2431	matapwerry war	1	1	90	1896	1896	Matapwerry war		vol015_tropicalagricult1518ceyl#1896-06#061
2432	matara agri-horticultural and industrial exhibition	1	1	10	1919	1919	Matara Agri-Horticultural and Industrial Exhibition	exhibition held at Matara Esplanade	vol053_iss02_tropical-agriculturist-1919-08-53-2#1919-08#024
2433	matara exhibition	1	1	10	1919	1919	Matara Exhibition	exhibition	vol052_iss05_tropical-agriculturist-1919-05-52-5#1919-05#008
2434	matara vegetable show	1	1	40	1940	1940	MATALE VEGETABLE SHOW		vol095_iss03_tropical-agriculturist-1940-09-95-3#1940-09#008
2435	matara, matale, or kegalla agricultural shows	1	1	80	1889	1889	Matara, Matale, or Kegalla Agricultural Shows	agricultural shows	vol009_tropicalagricult9188ceyl#1889-12#021
2436	matriculation examination	1	1	00	1909	1909	Matriculation examination	educational standard	vol033_tropicalagricul331909ceyl#1909-10#030
2437	matugama agricultural show	1	1	10	1918	1918	Matugama	arranged agricultural show	vol051_iss04_tropical-agriculturist-1918-10-51-4#1918-10#020
2438	mawata pattu agricultural show	1	1	10	1918	1918	Mawata Pattu	agricultural show at Mawatagoda	vol051_iss04_tropical-agriculturist-1918-10-51-4#1918-10#020
2439	mawatugoda agricultural show	1	1	10	1918	1918	MAWATUGODA AGRICULTURAL SHOW	Agricultural Show held on the 16th and 17th of March	vol050_dli-ernet-21168#1918-04#004
2440	mccarren bill	1	1	80	1889	1889	McCarren bill	bill to prevent gambling in coffee	vol009_tropicalagricult9188ceyl#1889-07#098
2441	mckinley tariff act	1	1	90	1894	1894	McKinley Tariff Act	cause of tobacco crisis	vol014_tropicalagricult1418ceyl#1894-07#050
2442	mcnary-haugen bill	1	1	20	1929	1929	McNary-Haugen Bill	legislation	vol073_tropical-agriculturist-1929-11-73#1929-11#008
2443	medical conference	1	1	00	1904	1904	Medical Conference	held annually in Europe	vol023_tropicalagricult2319ceyl#1904-06#106
2444	medical congress at bombay	1	1	00	1909	1909	Medical Congress at Bombay		vol033_tropicalagricul331909ceyl#1909-08#032
2445	medical wants ordinance	1	1	80	1887	1887	Medical Wants Ordinance	legislation	vol006_tropicalagricult18861887colo#1887-03#078
2446	medical wants ordinance, 1880	1	1	90	1891	1891	Medical Wants Ordinance, 1880	legislation	vol011_tropicalagricult1118ceyl#1891-09#092
2447	medicinal herbs cultivation competition in the north-western division	1	1	20	1929	1929	Medicinal Herbs Cultivation Competition in the North-Western Division	competition	vol072_dli-ernet-229221#1929-10#019
2448	medicinal herbs cultivation competition, negombo district	1	1	30	1930	1930	Medicinal Herbs Cultivation Competition, Negombo District		vol075_tropical-agriculturist-1930-08-75#1930-08#017
2449	meeting of the food products committee at colombo on december 14th, 1921	1	1	20	1922	1922	December 14th, 1921	meeting	vol058_dli-ernet-229219#1922-02#002
2450	melbourne and sydney exhibitions	1	1	80	1885	1885	Melbourne and Sydney Exhibitions	venues for introducing Indian tea to Australians	vol004_tropicalagricult18841885colo#1885-06#097
2451	melbourne centennial exhibition 1888	1	1	80	1889	1889	Melbourne Centennial Exhibition 1888	exhibition	vol008_tropicalagricult8188ceyl#1889-01#043
2452	melbourne centennial international exhibition 1888	1	1	80	1889	1889	Melbourne Centennial International Exhibition 1888	exhibition	vol008_tropicalagricult8188ceyl#1889-03#108
2453	melbourne cup	1	1	90	1892	1892	Melbourne Cup	horse race	vol011_tropicalagricult1118ceyl#1892-02#017
2454	melbourne exhibition 1880-81	1	1	80	1885	1885	MELBOURNE EXHIBITION 1880-81	exhibition where Dumbara Cigarros won a medal	vol004_tropicalagricult18841885colo#1885-03#055
2455	melbourne exhibition of 1888	1	1	00	1906	1906	Melbourne Exhibition of 1888	exhibition	vol027_tropicalagricul271906ceyl#1906-07#022
2456	melbourne exhibitions	1	1	80	1885	1885	Melbourne Exhibitions		vol004_tropicalagricult18841885colo#1885-03#037
2457	melbourne exhibitions of 1881 and 1888	1	1	80	1889	1889	Melbourne Exhibitions of 1881 and 1888	exhibitions	vol008_tropicalagricult8188ceyl#1889-04#096
2458	melbourne exposition	1	1	00	1907	1907	Melbourne Exposition		vol028_tropicalagricul281907ceyl#1907-02#017
2459	melbourne international exhibition, 1880-81	1	1	80	1881	1881	Melbourne International Exhibition, 1880-81	exhibition	vol001_tropicalagricult1188ceyl#1881-06#006
2460	melbourne show	1	1	80	1887	1887	Melbourne Show		vol007_tropicalagricult7188ceyl#1887-11#011
2461	mendel's laws	1	1	10	1914	1914	MENDEL'S laws	genetic principles observed in rice crosses	vol043_lbg-tropicalagricultvol-xliii0000unse-c5y3#1914-07#017
2462	mendelian principles	1	1	00	1909	1909	Mendelian principles	scientific method	vol033_tropicalagricul331909ceyl#1909-11#011
2463	mendelian theory	1	1	10	1914	1914	Mendelian theory	scientific theory	vol042_lbg-630-5-tag-v-42#1914-04#032
2464	merchandise markets act, 1887	1	1	80	1888	1888	Merchandise Markets Act, 1887	new Act dealing with adulteration and misrepresentation of g	vol007_tropicalagricult7188ceyl#1888-01#040
2465	merchandise marks act (1887)	1	1	00	1900	1900	Merchandise Marks Act (1887)	act	vol020_tropicalagricult2019ceyl#1900-10#055
2466	merchandise marks act 1897	1	1	90	1899	1899	Merchandise Marks Act 1897	statute	vol019_tropicalagricult1918ceyl#1899-10#082
2467	merchandise marks act of 1887	1	1	90	1890	1890	Merchandise Marks Act of 1887	legislation	vol010_tropicalagricult1018ceyl#1890-09#003
2468	merchandise marks act, 1887	1	1	80	1888	1888	Merchandise Marks Act, 1887	legislation	vol008_tropicalagricult8188ceyl#1888-11#041
2469	merchandize marks acts	1	1	80	1889	1889	Merchandize Marks Acts	legislation	vol009_tropicalagricult9188ceyl#1889-10#003
2470	mexican exhibition	1	1	00	1908	1908	Mexican Exhibition	exhibition at Crystal Palace	vol031_tropicalagricul311908ceyl#1908-11#005
2471	mexican international exposition	1	1	90	1895	1895	Mexican Exhibition	exposition, 1896	vol014_tropicalagricult1418ceyl#1895-05#081
2472	midnapore co-operative conference	1	1	10	1911	1911	Midnapore Co-operative Conference	conference	vol037_tropicalagricul371911ceyl#1911-10#015
2473	midnapore district co-operative conference	1	1	10	1914	1914	Midnapore District Co-operative Conference	fourth session	vol043_lbg-tropicalagricultvol-xliii0000unse-c5y3#1914-08#027
2474	midnapore district co-operative credit conference	1	1	10	1911	1911	Midnapore District Co-operative Credit Conference	conference	vol037_tropicalagricul371911ceyl#1911-10#016
2475	midsommer crop	1	1	80	1884	1884	Midsommer Crop	harvest period	vol004_tropicalagricult18841885colo#1884-09#071
2476	midwinter exhibition	1	1	90	1894	1894	Midwinter Exhibition	exhibition	vol014_tropicalagricult1418ceyl#1894-11#123
2477	midwinter international exposition	1	1	90	1895	1895	Midwinter International Exposition		vol015_tropicalagricult1518ceyl#1895-08#029
2478	milan exhibition	1	1	80	1884	1884	Milan Exhibition	exhibition	vol003_tropicalagricult18831884colo#1884-04#134
2479	milan exhibition of 1906	1	1	00	1908	1908	Milan in 1906		vol030_tropicalagricul301908ceyl#1908-03#050
2480	military tournament	1	1	00	1902	1902	Military Tournament	event	vol021_tropicalagricult2119ceyl#1902-05#021
2481	milk marketing scheme	1	1	30	1934	1934	Milk Marketing Scheme	marketing scheme under the Act	vol082_dli-ernet-229227#1934-06#010
2482	miller's horse rickets	1	1	00	1909	1909	miller's horse rickets	bone disease observed in animals fed on bran	vol032_tropicalagricul321909ceyl#1909-05#026
2483	mincing lane war fund	1	1	00	1900	1900	Mincing Lane War Fund	fund	vol019_tropicalagricult1918ceyl#1900-02#086
2484	mincing-lane sale	1	1	80	1882	1882	Mincing-lane sale	tea auction	vol002_tropicalagricult18821883colo#1882-07#089
2485	mineral lands act of 1882	1	1	80	1885	1885	Mineral Lands Act of 1882	act	vol004_tropicalagricult18841885colo#1885-05#114
2486	mineral theory	1	1	90	1890	1890	Mineral Theory	hypothesis	vol010_tropicalagricult1018ceyl#1890-07#115
2487	mines and mining exhibit	1	1	90	1891	1891	Mines and Mining	department of the Exposition	vol011_tropicalagricult1118ceyl#1891-11#104
2488	minipe ela scheme	1	1	20	1921	1921	Minipe Ela Scheme	scheme	vol046_lbg-630-5-tag-v-46#1921-02#011
2489	ministry of agriculture's crop precision scheme	1	1	20	1929	1929	Ministry of Agriculture's Crop Precision Scheme	scheme for cereal variety trials	vol072_dli-ernet-229221#1929-12#003
2490	ministry's live stock scheme	1	1	20	1928	1928	Ministry's Live Stock Scheme	government scheme affecting stock quality	vol071_tropical-agriculturist-1928-10-71#1928-10#010
2491	minneapolis industrial exposition	1	1	80	1887	1887	Minneapolis Industrial exposition		vol007_tropicalagricult7188ceyl#1887-09#100
2492	minnerie scheme	1	1	30	1939	1939	Minnerie Scheme	irrigation scheme	vol093_iss03_tropical-agriculturist-1939-09-93-3#1939-09#005
2493	minneriya development scheme	1	1	30	1935	1935	Minneriya Development Scheme		vol085_tropical-agriculturist-1935-08-85#1935-08#003
2494	minneriya irrigation scheme	1	1	20	1928	1928	Minneriya Irrigation Scheme	irrigation project	vol070_dli-ernet-229220#1928-06#011
2495	minter v. wells	1	1	80	1885	1885	Minter v. Wells	legal case cited	vol005_tropicalagricult18851886colo#1885-07#134
2496	minuwangoda garden competition	1	1	10	1918	1918	Minuwangoda	arranged garden competition	vol051_iss04_tropical-agriculturist-1918-10-51-4#1918-10#020
2497	mirigama show	1	1	30	1933	1933	Mirigama Show	demonstration site	vol080_dli-ernet-229226#1933-05#020
2498	mita	1	1	80	1886	1886	mita	coca harvest	vol005_tropicalagricult18851886colo#1886-04#131
2499	model school gardens	1	1	00	1903	1903	Model School Gardens	scheme for establishing gardens	vol023_tropicalagricult2319ceyl#1903-07#103
2500	mohammedan riots	1	1	90	1894	1894	Mohammedan riots	recent event in Bombay	vol013_tropicalagricult1318ceyl#1894-03#110
2501	moluccan vespers	1	1	90	1893	1893	Moluccan Vespers	massacre	vol013_tropicalagricult1318ceyl#1893-11#006
2502	monetary and economic conference of 1933	1	1	30	1934	1934	Monetary and Economic Conference of 1933	conference	vol082_dli-ernet-229227#1934-05#011
2503	monopoly law of 1915	1	1	20	1921	1921	monopoly law	German legislation	vol046_lbg-630-5-tag-v-46#1921-04#012
2504	moor culture exhibition	1	1	80	1887	1887	Moor Culture Exhibition	exhibition in Berlin	vol006_tropicalagricult18861887colo#1887-05#050
2505	morant bay rebellion of 1865	1	1	80	1885	1885	rebellion of 1865	historical event	vol004_tropicalagricult18841885colo#1885-06#136
2506	moratuwa agricultural and industrial show	1	1	10	1919	1919	MORATUWA AGRICULTURAL AND INDUSTRIAL SHOW	held on July 8th and 9th	vol053_iss02_tropical-agriculturist-1919-08-53-2#1919-08#025
2507	moratuwa show	1	1	20	1920	1920	Moratuwa	Agricultural Show, July 8th and 9th	vol054_lbg-630-5-tag-v-54#1920-04#010
2508	morill act	1	1	00	1906	1906	Morill Act	Act of 1862	vol026_tropicalagricul261906ceyl#1906-05#007
2509	morrill act	1	1	10	1912	1912	Morrill Act	legislation	vol038_tropicalagricul381912ceyl#1912-03#034
2510	morrill act of 1862	1	1	10	1910	1910	Morrill Act of 1862	Act establishing colleges of agriculture and mechanic arts	vol034_tropicalagricul341910ceyl#1910-05#025
2511	morrill and nelson acts	1	1	10	1917	1917	MORRILL and NELSON acts	legislation	vol049_iss02_tropical-agriculturist-1917-08-49-2#1917-08#022
2512	mosaic disease	1	1	40	1940	1940	mosaic disease	plant disease	vol094_iss04_tropical-agriculturist-1940-04-94-4#1940-04#013
2513	mosaic plague	1	1	90	1896	1896	Mosaic plague		vol015_tropicalagricult1518ceyl#1896-04#132
2514	moscow exhibition	1	1	90	1891	1891	Moscow Exhibition		vol011_tropicalagricult1118ceyl#1891-11#004
2515	moscow exhibition of 1891	1	1	90	1890	1890	exhibition	large exhibition in June 1891	vol010_tropicalagricult1018ceyl#1890-11#088
2516	mosquito blight on tea	1	1	90	1894	1894	MOSQUITO BLIGHT ON TEA	topic discussed	vol013_tropicalagricult1318ceyl#1894-04#087
2517	motor show	1	1	20	1921	1921	Motor Show	exhibition	vol046_lbg-630-5-tag-v-46#1921-05#002
2518	mudaliyar waidiyasekera prize competition	1	1	20	1927	1927	Mudaliyar Waidiyasekera Prize Competition	competition for cultivation of medicinal herbs	vol069_tropical-agriculturist-1927-10-69#1927-10#016
2519	mudaliyar wijesekera prize competition	1	1	20	1927	1927	Mudaliyar Wijesekera Prize Competition	school garden competition	vol069_tropical-agriculturist-1927-10-69#1927-10#017
2520	muharram	1	1	90	1893	1893	Mohurum	Mahomedan festival	vol013_tropicalagricult1318ceyl#1893-12#034
2521	mulhandiram	1	1	90	1899	1899	Mulhandiram	honour conferred	vol018_tropicalagricult1818ceyl#1899-06#129
2522	multicaulis mania	1	1	80	1882	1882	Multicaulis mania	historical trend in mulberry cultivation	vol002_tropicalagricult18821883colo#1882-08#041
2523	mundella act	1	1	80	1888	1888	Mundella Act	legislation for water protection	vol007_tropicalagricult7188ceyl#1888-04#052
2524	munich exhibition of 1908	1	1	00	1908	1908	Munich Exhibition of 1908	exhibition	vol030_tropicalagricul301908ceyl#1908-06#070
2525	munich food products exhibition	1	1	00	1900	1900	Munich Food Products Exhibition	exhibition where Ceylon Teas were exhibited	vol019_tropicalagricult1918ceyl#1900-03#016
2526	municipal exhibition of native manufactures	1	1	80	1882	1882	municipal exhibition of native manufactures		vol001_tropicalagricult1188ceyl#1882-01#035
2527	mutala surveys	1	1	30	1938	1938	mutala	surveys	vol091_tropical-agriculturist-1938-07-91#1938-07#007
2528	muthurajawela scheme	1	1	10	1919	1919	Muthurajawela Scheme	agricultural scheme	vol053_iss02_tropical-agriculturist-1919-08-53-2#1919-08#010
2529	mutiny in india	1	1	90	1894	1894	Mutiny in India	event of 1858	vol013_tropicalagricult1318ceyl#1894-04#044
2530	mutiny on the bounty	1	1	90	1890	1890	Bounty	ship/mutiny	vol010_tropicalagricult1018ceyl#1890-08#134
2531	mysore agricultural and industrial exhibition	1	1	00	1908	1908	Mysore Agricultural and Industrial Exhibition		vol030_tropicalagricul301908ceyl#1908-01#020
2532	mysore and nagpur exhibitions	1	1	00	1909	1909	Mysore and Nagpur Exhibitions	exhibitions	vol033_tropicalagricul331909ceyl#1909-07#028
2533	mysore dassara agricultural and industrial exhibition	1	1	00	1909	1909	Mysore Dassara Agricultural and Industrial Exhibition	exhibition held last September	vol032_tropicalagricul321909ceyl#1909-02#027
2534	mysore dassara industrial and agricultural exhibition	1	1	00	1908	1908	Mysore Dassara Industrial and Agricultural Exhibition	exhibition	vol031_tropicalagricul311908ceyl#1908-08#041
2535	mysore dussarah industrial exhibition	1	1	00	1909	1909	Mysore Dussarah Industrial Exhibition	industrial exhibition	vol033_tropicalagricul331909ceyl#1909-11#064
2536	mysore dusserah industrial and agricultural exhibition	1	1	00	1908	1908	Mysore Dusserah Industrial and Agricultural Exhibition	Exhibition of 1908	vol031_tropicalagricul311908ceyl#1908-07#095
2537	mysore exhibition	1	1	00	1908	1908	Mysore Exhibition	held in October last	vol031_tropicalagricul311908ceyl#1908-12#050
2538	mysore industrial and agricultural exhibition	1	1	00	1908	1908	Mysore Industrial and Agricultural Exhibition	exhibition	vol031_tropicalagricul311908ceyl#1908-10#035
2539	mysorean era	1	1	30	1934	1934	Mysorean Era	calendar era	vol082_dli-ernet-229227#1934-06#011
2540	n. e. monsoon	1	1	00	1903	1903	N. E. Monsoon	weather event	vol022_tropicalagricult2219ceyl#1903-04#030
2541	nachchaduwa colonization scheme	1	1	10	1919	1919	Nachchaduwa Colonization Scheme	scheme discussed	vol053_iss04_tropical-agriculturist-1919-10-53-4#1919-10#002
2542	nachchaduwa irrigation scheme	1	1	20	1921	1921	Nachchaduwa Scheme	irrigation scheme	vol047_lbg-630-5-tag-v-47#1921-07#004
2543	nadaw	1	1	00	1909	1909	Nadaw	month (about November)	vol032_tropicalagricul321909ceyl#1909-05#013
2544	nannoya-nuwara-eliya-kandapola tramway	1	1	90	1897	1897	Nannoya-Nuwara-Eliya-Kandapola Tramway	proposed tramway	vol016_tropicalagricult1618ceyl#1897-06#062
2545	nannu oya-haputale extension	1	1	90	1898	1898	Nannu Oya-Haputale extension	railway extension	vol018_tropicalagricult1818ceyl#1898-11#001
2546	nansen's great meeting	1	1	90	1897	1897	Nansen's great meeting		vol016_tropicalagricult1618ceyl#1897-04#028
2547	naparima exhibition	1	1	90	1890	1890	Naparima Exhibition	event where samples shown	vol010_tropicalagricult1018ceyl#1890-07#036
2548	napoleonic empire	1	1	10	1912	1912	Napoleonic empire	Historical period	vol038_tropicalagricul381912ceyl#1912-02#036
2549	narammulla (n. w. p.) prize competition	1	1	20	1920	1920	Narammulla (N. W. P.) Prize Competition	Agricultural Show, about July	vol054_lbg-630-5-tag-v-54#1920-04#010
2550	national agricultural society's show	1	1	00	1909	1909	National Agricultural Society's Show	exhibition in Brisbane	vol033_tropicalagricul331909ceyl#1909-11#020
2551	national coffee exhibition	1	1	80	1882	1882	national coffee exhibition	in Rio	vol002_tropicalagricult18821883colo#1882-11#116
2552	national coffee exposition	1	1	80	1882	1882	coffee exhibition	exhibition in Brazil	vol001_tropicalagricult1188ceyl#1882-03#007
2553	national congress	1	1	10	1917	1917	National Congress	Conference	vol048_iss04_tropical-agriculturist-1917-04-48-4#1917-04#031
2554	national congress of medicine	1	1	00	1901	1901	National Congress of Medicine		vol021_tropicalagricult2119ceyl#1901-12#094
2555	national conservation congress	1	1	10	1912	1912	National Conservation Congress	congress	vol038_tropicalagricul381912ceyl#1912-03#029
2556	national convention for the suppression of insect pests and plant diseases by legislation	1	1	00	1902	1902	National Convention for the suppression of insect pests and plant diseases by Legislation	held at Washington in 1897	vol022_tropicalagricult2219ceyl#1902-10#009
2557	national exhibition	1	1	90	1899	1899	National Exhibition	at Turin	vol018_tropicalagricult1818ceyl#1899-05#031
2558	national export exposition	1	1	10	1910	1910	National Export Exposition	exhibition, 1899	vol035_tropicalagricul351910ceyl#1910-11#034
2559	national food production campaign	1	1	40	1945	1945	National Food Production Campaign	campaign	vol101_iss04_tropical-agriculturist-october-december-1945-101-4#1945-10/12#011
2560	national industrial recovery act	1	1	30	1934	1934	National Industrial Recovery Act	legislation	vol082_dli-ernet-229227#1934-05#011
2561	national irrigation congress	1	1	10	1913	1913	National Irrigation Congress	conference	vol040_lbg-630-5-tag-v-40#1913-02#014
2562	national ways and means	1	1	00	1902	1902	National Ways and Means	programme under consideration	vol021_tropicalagricult2119ceyl#1902-01#062
2563	native authority ordinance	1	1	30	1939	1939	Native Authority Ordinance	confers rights on native authorities	vol092_tropical-agriculturist-1939-04-92#1939-04#006
2564	native coffee enterprise	1	1	90	1895	1895	Native Coffee Enterprise	historical agricultural movement	vol015_tropicalagricult1518ceyl#1895-09#059
2565	native labour ordinances and regulations	1	1	30	1937	1937	Native Labour Ordinances and Regulations	legislation	vol088_dli-ernet-229229#1937-06#012
2566	native lands trust ordinance, 1938	1	1	40	1940	1940	Native Lands Trust Ordinance, 1938		vol095_iss03_tropical-agriculturist-1940-09-95-3#1940-09#012
2567	native taxation scheme	1	1	90	1895	1895	Native Taxation Scheme		vol014_tropicalagricult1418ceyl#1895-04#100
2568	nature study exhibition	1	1	00	1902	1902	Nature Study Exhibition	to be held in London	vol021_tropicalagricult2119ceyl#1902-04#147
2569	naturforscher meeting	1	1	90	1890	1890	Naturforscher meeting	meeting in 1888	vol010_tropicalagricult1018ceyl#1890-10#066
2570	naval and colonial exhibition in berlin	1	1	00	1908	1908	Naval and Colonial Exhibition in Berlin	exhibition	vol030_tropicalagricul301908ceyl#1908-06#070
2571	naval scheme	1	1	80	1889	1889	Naval Scheme		vol009_tropicalagricult9188ceyl#1889-07#101
2572	nawalapitiya extension	1	1	90	1895	1895	Nawalapitiya extension	railway project	vol015_tropicalagricult1518ceyl#1895-10#068
2573	nawalapitiya-haputale extension	1	1	90	1898	1898	Nawalapitiya-Haputale extension	railway extension	vol018_tropicalagricult1818ceyl#1898-11#001
2574	nayon	1	1	00	1909	1909	Nayon	month (about June)	vol032_tropicalagricul321909ceyl#1909-05#013
2575	neuruda mangalya	1	1	90	1895	1895	Neuruda Mangalya	Sinhalese festival	vol015_tropicalagricult1518ceyl#1895-07#069
2576	new constitution	1	1	30	1930	1930	New Constitution		vol075_tropical-agriculturist-1930-11-75#1930-11#004
2577	new south	1	1	10	1911	1911	New South		vol037_tropicalagricul371911ceyl#1911-11#022
2578	new south wales exhibition	1	1	80	1881	1881	New South Wales Exhibition	exhibition where cotton sample won prize	vol001_tropicalagricult1188ceyl#1881-08#026
2579	new south wales plant diseases act 1924	1	1	30	1937	1937	New South Wales Plant Diseases Act 1924	legislation	vol088_dli-ernet-229229#1937-02#010
2580	new tea law	1	1	90	1898	1898	New Tea Law	regulation	vol017_tropicalagricult1718ceyl#1898-04#063
2581	new year's festival	1	1	80	1884	1884	New Year's festival	celebrated around April 12th	vol004_tropicalagricult18841885colo#1884-10#091
2582	new york international rubber and allied trades exposition	1	1	10	1912	1912	New York International Rubber and Allied Trades Exposition	exhibition	vol038_tropicalagricul381912ceyl#1912-05#032
2583	new york rubber and allied trades exhibition	1	1	10	1913	1913	New York Rubber and Allied Trades Exhibition	1912	vol040_lbg-630-5-tag-v-40#1913-01#057
2584	new york rubber exhibition	1	1	10	1912	1912	THE NEW YORK RUBBER EXHIBITION	third International Rubber and Allied Trades Exhibition	vol039_tropicalagricul391912ceyl#1912-11#051
2585	new york rubber exhibition, 1912	1	1	10	1912	1912	New York Rubber Exhibition, 1912	exhibition	vol038_tropicalagricul381912ceyl#1912-03#069
2586	new york world's fair	1	1	40	1940	1940	New York World's Fair	1939	vol095_iss03_tropical-agriculturist-1940-09-95-3#1940-09#014
2587	new zealand and south seas exhibition 1890	1	1	80	1889	1889	New Zealand and South Seas Exhibition 1890		vol009_tropicalagricult9188ceyl#1889-07#129
2588	new zealand court	1	1	80	1887	1887	New Zealand Court	exhibition display	vol006_tropicalagricult18861887colo#1887-06#098
2589	new zealand exhibition	1	1	90	1890	1890	NEW ZEALAND EXHIBITION	exhibition	vol010_tropicalagricult1018ceyl#1890-08#108
2590	newmarket biennial stakes	1	1	90	1899	1899	Newmarket Biennial Stakes	race	vol018_tropicalagricult1818ceyl#1899-06#045
2591	nhill farm competitions	1	1	10	1913	1913	Nhill Farm Competitions		vol040_lbg-630-5-tag-v-40#1913-04#032
2592	nicaragua canal	1	1	90	1894	1894	Nicaragua Canal	projected construction	vol014_tropicalagricult1418ceyl#1894-10#103
2593	nijini novgorod fair	1	1	90	1892	1892	Nijini Novgorod Fair	fair	vol011_tropicalagricult1118ceyl#1892-02#030
2594	nijna-nowgorod's fair	1	1	90	1898	1898	Nijna-Nowgorod's fair		vol018_tropicalagricult1818ceyl#1898-07#057
2595	nijni-novgorod exhibition	1	1	90	1896	1896	Nijni-Novgorod Exhibition		vol015_tropicalagricult1518ceyl#1896-05#055
2596	nikaweratiya co-operative society paddy growing competition, 1927	1	1	20	1927	1927	Nikaweratiya Co-operative Society Paddy Growing Competition, 1927	paddy growing competition	vol069_tropical-agriculturist-1927-12-69#1927-12#028
2597	nildandahinna agricultural show	1	1	10	1918	1918	NILDANDAHINNA AGRICULTURAL SHOW	agricultural show	vol050_dli-ernet-21168#1918-06#017
2598	nildandahinna show	1	1	10	1918	1918	Nildandahinna Show	May 11th and 12th	vol050_dli-ernet-21168#1918-06#009
2599	nile barrage	1	1	90	1891	1891	Nile Barrage	Engineering project	vol011_tropicalagricult1118ceyl#1891-10#100
2600	nineteenth annual general meeting	1	1	00	1900	1900	Nineteenth Annual General Meeting	held on the 22nd May 1900	vol020_tropicalagricult2019ceyl#1900-09#112
2601	nineteenth ordinary general meeting of the lanka plantations company, limited	1	1	90	1899	1899	Nineteenth Ordinary General Meeting	meeting	vol019_tropicalagricult1918ceyl#1899-12#065
2602	nini novgorod general russian exhibition	1	1	90	1895	1895	Nini Novgorod General Russian Exhibition		vol015_tropicalagricult1518ceyl#1895-09#058
2603	ninth annual convention of the road masters' association of america	1	1	90	1892	1892	Ninth Annual Convention of the Road Masters' Association of America	event where paper was read	vol011_tropicalagricult1118ceyl#1892-05#016
2604	ninth coffee congress	1	1	20	1924	1924	Ninth (9th) Coffee Congress	Conference held in 1907	vol062_lbg-630-5-tag-v-62#1924-02#005
2605	ninth conference of registrars of co-operative societies	1	1	20	1926	1926	Ninth Conference of Registrars of Co-operative Societies	held in Bombay, 12th January, 1926	vol067_iss03_tropical-agriculturist-1926-09-67-3#1926-09#016
2606	ninth indian industrial conference	1	1	10	1917	1917	Ninth Indian Industrial Conference	Conference	vol049_iss05_tropical-agriculturist-1917-11-49-5#1917-11#010
2607	ninth indian science congress	1	1	20	1923	1923	NINTH INDIAN SCIENCE CONGRESS	conference	vol060_lbg-tropicalagricultvol-lx-1923-0000unse-n0c4#1923-04#015
2608	ninth international horticultural congress	1	1	30	1933	1933	Ninth International Horticultural Congress	conference where Webber presented a paper	vol080_dli-ernet-229226#1933-03#010
2609	ninth west indian agricultural conference	1	1	20	1926	1926	Ninth West Indian Agricultural Conference	held in Jamaica, 1924	vol066_iss06_tropical-agriculturist-1926-06-66-6#1926-06#004
2610	nishni novgorod fair	1	1	00	1904	1904	Nishni Novgorod fair		vol023_tropicalagricult2319ceyl#1904-03#011
2611	nizhny novgorod fair of 1891	1	1	90	1892	1892	Nischny fair of 1891	fair	vol011_tropicalagricult1118ceyl#1892-06#044
2612	noah's ark	1	1	80	1882	1882	Noah's ark	biblical reference	vol002_tropicalagricult18821883colo#1882-11#099
2613	north american bee keepers' convention	1	1	80	1883	1883	North American Bee Keepers' Convention	held at Lexington, Ky.	vol002_tropicalagricult18821883colo#1883-01#121
2614	north sea convention	1	1	00	1903	1903	North Sea Convention	agreement regulating trawlers	vol022_tropicalagricult2219ceyl#1903-03#059
2615	north-east monsoons	1	1	10	1918	1918	North-East Monsoons	season	vol051_iss01_tropical-agriculturist-1918-07-51-1#1918-07#016
2616	northern railway agitation	1	1	90	1899	1899	Northern Railway Agitation	political agitation in Ceylon	vol018_tropicalagricult1818ceyl#1899-05#114
2617	northern railway extension	1	1	90	1898	1898	Northern Railway extension	railway extension	vol018_tropicalagricult1818ceyl#1898-11#001
2618	northern territory crown lands act, 1890	1	1	90	1895	1895	Northern Territory Crown Lands Act, 1890	legislation for land selection	vol014_tropicalagricult1418ceyl#1895-02#109
2619	norwich, birmingham, and smithfield shows	1	1	90	1898	1898	Norwich, Birmingham, and Smithfield Shows	agricultural shows	vol017_tropicalagricult1718ceyl#1898-02#025
2620	november 1885	1	1	80	1887	1887	November, 1885	date regulations came into force	vol006_tropicalagricult18861887colo#1887-03#001
2621	novogrod fair	1	1	90	1895	1895	Novogrod fair		vol015_tropicalagricult1518ceyl#1895-08#127
2622	noxious insect bill	1	1	90	1894	1894	NOXIOUS INSECT BILL	proposed legislation	vol013_tropicalagricult1318ceyl#1894-04#059
2623	nuwara eliya (c. p.) show	1	1	20	1920	1920	Nuwara Eliya (C. P.)	Agricultural Show, April 5th and 6th	vol054_lbg-630-5-tag-v-54#1920-04#010
2624	nuwara eliya agri-horticultural & horse show	1	1	20	1923	1923	N'Eliya Agri-Horticultural & Horse Show	show	vol061_tropicalagricult0061unse#1923-10#012
2625	nuwara eliya agri-horticultural shows	1	1	00	1906	1906	Nuwara Eliya Agri-Horticultural Shows		vol026_tropicalagricul261906ceyl#1906-01/06#008
2626	nuwara eliya poultry show	1	1	10	1914	1914	Nuwara Eliya Poultry Show	poultry exhibition, April 13, 1914	vol042_lbg-630-5-tag-v-42#1914-06#025
2627	nuwera eliya agri-horticultural exhibition	1	1	10	1917	1917	Nuwera Eliya Agri-Horticultural Exhibition	held on 9th and 10th April, 1917	vol049_iss02_tropical-agriculturist-1917-08-49-2#1917-08#011
2628	obeyesekere prize	1	1	20	1926	1926	Obeyesekere Prize	prize scheme	vol066_iss01_tropical-agriculturist-1926-01-66-1#1926-01#008
2629	oheah	1	1	90	1893	1893	Oheah	practice	vol013_tropicalagricult1318ceyl#1893-09#028
2630	okhla dam	1	1	90	1891	1891	Okhla dam	Dam across the Jumna	vol011_tropicalagricult1118ceyl#1891-10#100
2631	old manurial experiment	1	1	20	1928	1928	Old Manurial Experiment		vol071_tropical-agriculturist-1928-07-71#1928-07#011
2632	old rubber manurial experiment	1	1	30	1932	1932	Old Rubber Manurial Experiment	experiment at the Experiment Station, Peradeniya	vol079_iss04_tropical-agriculturist-1932-10-79-4#1932-10#007
2633	omaha, buffalo and st. louis expositions	1	1	10	1912	1912	Omaha, Buffalo and St. Louis Expositions		vol038_tropicalagricul381912ceyl#1912-02#029
2634	ootacamund industrial conference	1	1	10	1910	1910	Ootacamund Industrial Conference	conference	vol035_tropicalagricul351910ceyl#1910-07#038
2635	opium farm	1	1	80	1884	1884	Opium Farm	leased revenue source	vol003_tropicalagricult18831884colo#1884-04#037
2636	opium question	1	1	90	1893	1893	Opium Question	inquiry	vol013_tropicalagricult1318ceyl#1893-11#098
2637	orange auction	1	1	90	1890	1890	Orange Auction	proposed auction at Jacksonville	vol009_tropicalagricult9188ceyl#1890-05#091
2638	order of council	1	1	80	1881	1881	Order of Council	sanctioning sale of coffee mixtures	vol001_tropicalagricult1188ceyl#1881-06#046
2639	order of the british empire	1	1	40	1945	1945	Order of the British Empire	Honour conferred	vol101_iss04_tropical-agriculturist-october-december-1945-101-4#1945-10/12#016
2640	order of the crown of johore	1	1	80	1888	1888	Order of the Crown of Johore	new order of knighthood	vol008_tropicalagricult8188ceyl#1888-10#128
2641	ordinance 22 of 1886	1	1	00	1903	1903	Ordinance 22 of 1886	legislation protecting cinchona	vol022_tropicalagricult2219ceyl#1903-03#036
2642	ordinance 4 of 1894	1	1	90	1895	1895	Ordinance 4 of 1894	special export duty ordinance	vol014_tropicalagricult1418ceyl#1895-03#026
2643	ordinance no. 10 of 1885	1	1	90	1896	1896	Ordinance No. 10 of 1885	Forest laws ordinance	vol016_tropicalagricult1618ceyl#1896-10#121
2644	ordinance no. 10 of 1891	1	1	00	1900	1900	Ordinance No. 10 of 1891	stringent game law	vol019_tropicalagricult1918ceyl#1900-06#106
2645	ordinance no. 10 of 1930	1	1	30	1934	1934	Ordinance No. 10 of 1930	established the Rubber Research Scheme	vol083_tropical-agriculturist-1934-07#1934-07#008
2646	ordinance no. 11	1	1	00	1900	1900	Ordinance No. 11	export duty law	vol019_tropicalagricult1918ceyl#1900-06#106
2647	ordinance no. 12 of 1840	1	1	90	1896	1896	Ordinance No. 12 of 1840	law regarding proprietary and occupancy rights	vol016_tropicalagricult1618ceyl#1896-10#121
2648	ordinance no. 12 of 1925	1	1	30	1934	1934	Ordinance No. 12 of 1925	established the Tea Research Institute	vol083_tropical-agriculturist-1934-07#1934-07#008
2649	ordinance no. 13 of 1889	1	1	90	1891	1891	Ordinance No. 13 of 1889	legislative measure	vol010_tropicalagricult1018ceyl#1891-03#107
2650	ordinance no. 16 of 1884	1	1	90	1891	1891	Ordinance No. 16 of 1884	legislative measure	vol010_tropicalagricult1018ceyl#1891-03#107
2651	ordinance no. 16 of 1925 (noxious plants)	1	1	20	1926	1926	Ordinance No. 16 of 1925 (Noxious Plants)	legislation passed in 1925	vol067_iss03_tropical-agriculturist-1926-09-67-3#1926-09#012
2652	ordinance no. 4 of 1882	1	1	90	1893	1893	Ordinance No. 4 of 1882	regulate the Emigration of Native labourers	vol012_tropicalagricult1218ceyl#1893-03#029
2653	ordinance no. 6	1	1	00	1900	1900	Ordinance (No. 6)	game law passed in 1872	vol019_tropicalagricult1918ceyl#1900-06#106
2654	ordinance no. 7 of 1890	1	1	90	1891	1891	Ordinance No. 7 of 1890	amending ordinance	vol010_tropicalagricult1018ceyl#1891-03#107
2655	ordinance no. 9, 1885	1	1	00	1903	1903	Ordinance No. 9, 1885	legislation	vol022_tropicalagricult2219ceyl#1903-05#078
2656	ordinance of 1878	1	1	10	1912	1912	Ordinance of 1878	legislation settling tax	vol038_tropicalagricul381912ceyl#1912-04#009
2657	ordonnantie of 10th sept. 1865	1	1	80	1884	1884	Ordonnantie	regulation	vol004_tropicalagricult18841885colo#1884-10#047
2658	oriental booth	1	1	00	1900	1900	Oriental Booth		vol019_tropicalagricult1918ceyl#1900-05#066
2659	oriental exposition	1	1	80	1885	1885	Oriental Exposition	intended exhibition	vol005_tropicalagricult18851886colo#1885-08#072
2660	oriental palace	1	1	80	1889	1889	Oriental Palace	exhibition building	vol008_tropicalagricult8188ceyl#1889-02#125
2661	osaka, japan, exposition	1	1	00	1903	1903	Osaka, Japan, exposition		vol023_tropicalagricult2319ceyl#1903-12#024
2662	osteoporosis	1	1	00	1909	1909	Osteoporosis	disease of the bones of horses, donkeys, and mules	vol032_tropicalagricul321909ceyl#1909-05#026
2663	ostrich industry bill	1	1	80	1883	1883	Ostrich Industry Bill	legislation	vol002_tropicalagricult18821883colo#1883-03#035
2664	otoloual exhibition	1	1	80	1887	1887	Otoloual Exhibition		vol006_tropicalagricult18861887colo#1887-04#028
2665	ottawa economic conference	1	1	30	1934	1934	Ottawa Economic Conference	met in July and August of 1932	vol082_dli-ernet-229227#1934-05#011
2666	oxford and cambridge universities v. richardson	1	1	80	1885	1885	Oxford and Cambridge Universities v. Richardson	legal case cited	vol005_tropicalagricult18851886colo#1885-07#134
2667	oxford meeting of the british association	1	1	90	1895	1895	Oxford meeting of the British Association	conference	vol014_tropicalagricult1418ceyl#1895-06#007
2668	oxford university expedition	1	1	40	1945	1945	Oxford University Expedition	to British Guiana in 1929	vol101_iss01_tropical-agriculturist-january-march-1945-101-1#1945-01/03#009
2669	p. a. meeting	1	1	80	1885	1885	P. A. Meeting		vol004_tropicalagricult18841885colo#1885-04#123
2670	p.a. meeting	1	1	90	1898	1898	P.A. meeting	meeting where motion was proposed	vol017_tropicalagricult1718ceyl#1898-03#091
2671	pacific cable scheme	1	1	00	1901	1901	Pacific Cable	scheme affecting trade	vol020_tropicalagricult2019ceyl#1901-03#095
2672	pacific island labourers act	1	1	80	1882	1882	Pacific Island Labourers Act	legislation	vol002_tropicalagricult18821883colo#1882-11#005
2673	pacific islands labourers' act	1	1	80	1883	1883	Pacific Islands Labourers' Act	amended legislation	vol002_tropicalagricult18821883colo#1883-02#151
2674	pacific science congress	1	1	30	1931	1931	Pacific Science Congress	held in 1929 in Bandoeng	vol076_dli-ernet-229225#1931-05#014
2675	paddy and garden cultivation competitions in ratnapura district 1922-23	1	1	20	1924	1924	Paddy and Garden Cultivation Competitions in Ratnapura District 1922-23	agricultural competitions	vol062_lbg-630-5-tag-v-62#1924-01#026
2676	paddy competition	1	1	20	1922	1922	Paddy Competition	competition	vol059_tropicalagricult0059unse#1922-09#009
2677	paddy competitions	1	1	20	1927	1927	Paddy Competitions	competition	vol068_tropical-agriculturist-1927-02-68#1927-02#020
2678	paddy cultivation competition	1	1	20	1927	1927	Paddy Cultivation Competition	competition during the Yala harvest of 1926	vol068_tropical-agriculturist-1927-01-68#1927-01#016
2679	paddy cultivation competition in matale east	1	1	20	1929	1929	Paddy Cultivation Competition in Matale East	competition held during maha season of 1928-29	vol072_dli-ernet-229221#1929-05#029
2680	paddy cultivation competition in siyane korale east	1	1	20	1928	1928	Paddy Cultivation Competition in Siyane Korale East	competition held in 1927-28	vol071_tropical-agriculturist-1928-07-71#1928-07#014
2681	paddy cultivation competition in siyane korale east of colombo district	1	1	20	1925	1925	Paddy Cultivation Competition in Siyane Korale East of Colombo District		vol064_lbg-630-5-tag-v-64#1925-04#012
2682	paddy cultivation competition, matale north	1	1	20	1927	1927	paddy cultivation competition	event	vol069_tropical-agriculturist-1927-07-69#1927-07#024
2683	paddy cultivation competition, matale south	1	1	20	1927	1927	Paddy Cultivation Competition, Matale South	competition held in Matale South division	vol069_tropical-agriculturist-1927-07-69#1927-07#023
2684	paddy cultivation competitions in matale south during maha, 1922-23	1	1	20	1923	1923	Paddy Cultivation Competitions in Matale South during Maha, 1922-23	competition	vol061_tropicalagricult0061unse#1923-07#006
2685	paddy fields and vegetable gardens competitions	1	1	20	1921	1921	Paddy Fields and Vegetable Gardens Competitions	1920-21 competitions	vol057_in-ernet-dli-2015-230764#1921-11#012
2686	paddy manuring competitions	1	1	20	1926	1926	Paddy Manuring Competitions	1926 agricultural competition	vol067_iss05_tropical-agriculturist-1926-11-67-5#1926-11#018
2687	paddy pavilion	1	1	10	1918	1918	Paddy Pavilion	exhibit pavilion at the Bellgammana Agriculture Show	vol050_dli-ernet-21168#1918-04#002
2688	paddy transplanting competitions	1	1	20	1922	1922	Paddy Transplanting Competitions		vol059_tropicalagricult0059unse#1922-09#007
2689	paddy transplanting competitions in matara district	1	1	20	1922	1922	Paddy Transplanting Competitions in Matara District	competition	vol058_dli-ernet-229219#1922-04#009
2690	paddy-growing competition	1	1	80	1889	1889	Paddy-growing Competition	competitive trials	vol009_tropicalagricult9188ceyl#1889-10#123
2691	paget and piggott	1	1	90	1890	1890	Paget and Piggott	legal case	vol010_tropicalagricult1018ceyl#1890-09#062
2692	palace of engineering	1	1	30	1938	1938	Palace of Engineering	exhibit building at the Empire Exhibition	vol090_iss02_tropical-agriculturist-1938-02-90-2#1938-02#005
2693	paldeniya (matale north) show	1	1	20	1920	1920	Paldeniya (Matale North)	Agricultural Show, 22nd	vol054_lbg-630-5-tag-v-54#1920-04#010
2694	paldeniya show	1	1	10	1919	1919	Paldeniya Show	agricultural show	vol053_iss01_tropical-agriculturist-1919-07-53-1#1919-07#011
2695	palm sunday	1	1	80	1885	1885	Palm Sunday		vol004_tropicalagricult18841885colo#1885-03#046
2696	palm-sunday	1	1	90	1897	1897	Palm-Sunday	religious observance	vol017_tropicalagricult1718ceyl#1897-08#046
2697	palmerston and pine creek railway bill	1	1	80	1883	1883	Palmerston and Pine Creek Railway Bill	legislation	vol003_tropicalagricult18831884colo#1883-12#083
2698	pan american scientific congress	1	1	20	1926	1926	Pan American Scientific Congress	December 22, 1924	vol066_iss06_tropical-agriculturist-1926-06-66-6#1926-06#003
2699	pan-american exhibition at buffalo	1	1	00	1901	1901	Pan-American Exhibition at Buffalo		vol021_tropicalagricult2119ceyl#1901-08#092
2700	pan-russia exhibition	1	1	90	1898	1898	Pan-Russia Exhibition	held at Nijni Novgorod	vol017_tropicalagricult1718ceyl#1898-01#028
2701	pandatarippu garden competition	1	1	10	1918	1918	Pandatarippu	arranged garden competition	vol051_iss04_tropical-agriculturist-1918-10-51-4#1918-10#020
2702	pangwella tolls bill	1	1	90	1894	1894	Pangwella Tolls Bill	Legislation	vol014_tropicalagricult1418ceyl#1894-12#001
2703	pannala village show	1	1	00	1909	1909	Pannala Village Show	village show held on 21st August, 1909	vol033_tropicalagricul331909ceyl#1909-11#039
2704	parakrama samudra scheme	1	1	40	1941	1941	Parakrama Samudra Scheme	development scheme	vol097_iss01_tropical-agriculturist-1941-07-97-1#1941-07#012
2705	parangi	1	1	90	1890	1890	parangi	disease	vol009_tropicalagricult9188ceyl#1890-03#131
2706	paris 1900 botanical congress	1	1	00	1901	1901	Paris 1900 Botanical Congress		vol021_tropicalagricult2119ceyl#1901-09#051
2707	paris botanical congress	1	1	90	1890	1890	Paris Botanical Congress	conference	vol010_tropicalagricult1018ceyl#1890-07#090
2708	paris electrical exhibition	1	1	90	1893	1893	Paris Electrical Exhibition		vol012_tropicalagricult1218ceyl#1893-02#043
2709	paris exhibition in 1878	1	1	80	1887	1887	Paris Exhibition in 1878	exhibition	vol006_tropicalagricult18861887colo#1887-03#049
2710	paris exhibition of 1859	1	1	80	1883	1883	exhibition in Paris in 1859		vol003_tropicalagricult18831884colo#1883-08#033
2711	paris exhibition of 1876	1	1	80	1883	1883	Paris Exhibition, 1876	exhibition	vol003_tropicalagricult18831884colo#1883-09#022
2712	paris exhibition of agricultural produce and implements	1	1	80	1883	1883	Paris Exhibition of Agricultural Produce and Implements	annual exhibition	vol002_tropicalagricult18821883colo#1883-04#011
2713	paris exhibition, 1867	1	1	90	1893	1893	Paris Exhibition, 1867	exhibition where gum-resin was first exhibited	vol013_tropicalagricult1318ceyl#1893-12#069
2714	paris exhibition, 1889	1	1	90	1892	1892	Paris Exhibition, 1889	exhibition	vol011_tropicalagricult1118ceyl#1892-01#034
2715	paris exhibitions of 1855 and 1867	1	1	80	1884	1884	Paris Exhibitions of 1855 and 1867	source of additions to the Museums	vol003_tropicalagricult18831884colo#1884-04#121
2716	paris expedition of 1859	1	1	80	1883	1883	Paris Expedition of 1859	expedition	vol003_tropicalagricult18831884colo#1883-08#069
2717	paris exposition of 1878	1	1	80	1884	1884	Paris Exposition of 1878	exhibition	vol004_tropicalagricult18841885colo#1884-11#025
2718	paris exposition of 1901	1	1	00	1901	1901	Paris Exposition of 1901	exposition	vol021_tropicalagricult2119ceyl#1901-10#044
2719	paris exposition universelle, 1889	1	1	90	1890	1890	Paris Exposition Universelle, 1889	exhibition	vol009_tropicalagricult9188ceyl#1890-01#115
2720	paris fair of all nations	1	1	80	1889	1889	Paris Fair of all nations		vol008_tropicalagricult8188ceyl#1889-05#056
2721	paris fat cattle show	1	1	80	1882	1882	Paris Fat Cattle Show	recent exhibition	vol002_tropicalagricult18821883colo#1882-07#017
2722	paris international exhibition of 1889	1	1	80	1887	1887	Paris International Exhibition of 1889	exhibition	vol007_tropicalagricult7188ceyl#1887-12#014
2723	paris universal exhibition, 1889	1	1	80	1889	1889	PARIS UNIVERSAL EXHIBITION, 1889	exhibition	vol008_tropicalagricult8188ceyl#1889-03#110
2724	paris universal exhibition, 1900	1	1	00	1901	1901	Paris Universal Exhibition, 1900	exhibition	vol021_tropicalagricult2119ceyl#1901-12#098
2725	paris-vienna motor-car race	1	1	10	1912	1912	Paris-Vienna motor-car race	1903 race with alcohol fuel prize	vol038_tropicalagricul381912ceyl#1912-06#046
2726	parochial roads law of 1890	1	1	90	1891	1891	Parochial Roads Law of 1890	legislation	vol010_tropicalagricult1018ceyl#1891-06#076
2727	passara association breakfast to mr. fisher	1	1	90	1894	1894	PASSARA ASSOCIATION BREAKFAST to Mr. Fisher	social event	vol013_tropicalagricult1318ceyl#1894-01#032
2728	passawaka-ramboda scheme	1	1	90	1897	1897	Passawaka-Ramboda Scheme	railway scheme	vol016_tropicalagricult1618ceyl#1897-05#142
2729	patana weeding experimental plots	1	1	40	1941	1941	Patana Weeding Experimental Plots	experimental plots	vol096_dli-ernet-229230#1941-05#004
2730	pattipola aru scheme	1	1	10	1915	1915	Pattipola Aru Scheme	irrigation scheme	vol044_lbg-tropicalagricultvol-xliv0000unse-e6v7#1915-06#017
2731	pattu show	1	1	20	1921	1921	Pattu Show	agricultural show	vol057_in-ernet-dli-2015-230764#1921-10#021
2732	payne tariff	1	1	10	1911	1911	Payne tariff	legislation affecting trade	vol037_tropicalagricul371911ceyl#1911-10#007
2733	payne-aldrich tariff act	1	1	10	1911	1911	Payne-Aldrich Bill	law providing free entry for Philippine sugar	vol037_tropicalagricul371911ceyl#1911-11#015
2734	peace congress	1	1	90	1899	1899	Peace Congress		vol018_tropicalagricult1818ceyl#1899-06#120
2735	peace of utrecht	1	1	90	1891	1891	Peace of Utrecht	historical event	vol010_tropicalagricult1018ceyl#1891-05#080
2736	pearl fishery investigation	1	1	00	1904	1904	Pearl Fishery investigation	current work of Mr Hornell	vol023_tropicalagricult2319ceyl#1904-02#099
2737	pearl fishery of 1904	1	1	00	1904	1904	Pearl Fishery of 1904	fishery session	vol023_tropicalagricult2319ceyl#1904-04#117
2738	pearl of africa	1	1	90	1894	1894	Pearl of Africa	name given to the country	vol013_tropicalagricult1318ceyl#1894-02#077
2739	pearshell and beche-de-mer fishery act amendment act of 1891	1	1	90	1891	1891	Pearshell and Beche-de-mer Fishery Act Amendment Act of 1891	legislation	vol011_tropicalagricult1118ceyl#1891-12#022
2740	peasant exhibitions	1	1	00	1908	1908	Peasant Exhibitions		vol031_tropicalagricul311908ceyl#1908-07#065
2741	peat exposition	1	1	00	1903	1903	Peat Exposition	event in Sweden	vol023_tropicalagricult2319ceyl#1903-10#078
2742	pelwadilenna scheme	1	1	10	1919	1919	Pelwadilenna Scheme	scheme under consideration	vol053_iss02_tropical-agriculturist-1919-08-53-2#1919-08#018
2743	pennsylvania state fair	1	1	80	1888	1888	Pennsylvania State Fair		vol008_tropicalagricult8188ceyl#1888-09#109
2744	pepper contract	1	1	80	1889	1889	pepper contract	agreement of 1798	vol008_tropicalagricult8188ceyl#1889-03#142
2745	peradeniya races	1	1	80	1887	1887	Peradeniya races	annual event	vol006_tropicalagricult18861887colo#1887-06#049
2746	peradeniya-deltota-hewadeta tramway	1	1	90	1897	1897	Peradeniya-Deltota-Hewadeta Tramway	proposed tramway	vol016_tropicalagricult1618ceyl#1897-06#062
2747	perak agri-horticultural show	1	1	90	1895	1895	Perak Agri-Horticultural Show		vol015_tropicalagricult1518ceyl#1895-07#137
2748	periya nal	1	1	90	1895	1895	Periya Nal	Tamil festival	vol014_tropicalagricult1418ceyl#1895-06#091
2749	periyar irrigation works	1	1	90	1894	1894	Periyar Irrigation Works	infrastructure project	vol013_tropicalagricult1318ceyl#1894-01#005
2750	perriar project	1	1	90	1891	1891	Perriar project	subject of the paper	vol011_tropicalagricult1118ceyl#1891-07#086
2751	perry and elgin treaties	1	1	80	1885	1885	Perry and Elgin treaties	treaties	vol005_tropicalagricult18851886colo#1885-08#001
2752	peruvian war	1	1	80	1881	1881	Peruvian war	conflict affecting bark shipments	vol001_tropicalagricult1188ceyl#1881-12#071
2753	peryar project	1	1	80	1887	1887	Peryar Project	scheme for diverting waters of the Peryar river	vol007_tropicalagricult7188ceyl#1887-12#062
2754	pests ordinance, no. 6 of 1907	1	1	00	1908	1908	Pests Ordinance, No. 6 of 1907	ordinance	vol031_tropicalagricul311908ceyl#1908-08#047
2755	petroleum acts of 1871 and 1879	1	1	80	1886	1886	Petroleum Acts of 1871 and 1879	legislation setting standards for oil testing	vol006_tropicalagricult18861887colo#1886-07#008
2756	pharmaceutical congress	1	1	80	1886	1886	Pharmaceutical Congress	conference where papers were read	vol006_tropicalagricult18861887colo#1886-11#042
2757	philadelphia centennial exposition	1	1	20	1920	1920	Philadelphia Centennial Exposition	exhibition in 1876	vol054_lbg-630-5-tag-v-54#1920-05#001
2758	philadelphia exhibition of 1876	1	1	90	1894	1894	Philadelphia Exhibition in 1876	exhibition	vol014_tropicalagricult1418ceyl#1894-09#003
2759	philadelphia exhibition of 1877	1	1	80	1889	1889	Philadelphia Exhibition	exhibition where tea received gold medal	vol009_tropicalagricult9188ceyl#1889-10#110
2760	philadelphia exhibitions	1	1	80	1886	1886	Philadelphia Exhibitions	exhibition	vol006_tropicalagricult18861887colo#1886-11#037
2761	philadelphia exposition	1	1	20	1925	1925	Philadelphia Exposition	exhibition of kafir	vol065_iss01_tropical-agriculturist-1925-07-65-1#1925-07#015
2762	philadelphia food exposition	1	1	90	1896	1896	Philadelphia Food Exposition		vol015_tropicalagricult1518ceyl#1896-02#059
2763	philippine exhibit	1	1	10	1913	1913	Philippine Exhibit	at the St. Louis-Louisiana Purchase Exposition in 1904	vol040_lbg-630-5-tag-v-40#1913-03#015
2764	philippine expositions	1	1	10	1912	1912	Philippine Expositions	event	vol039_tropicalagricul391912ceyl#1912-07/12#001
2765	philippine insurrection	1	1	10	1911	1911	Insurrection	conflict against United States forces	vol037_tropicalagricul371911ceyl#1911-12#008
2766	philippine midwinter exposition	1	1	10	1912	1912	Philippine Midwinter Exposition	proposed biennial exposition	vol039_tropicalagricul391912ceyl#1912-07#027
2767	philippine-american war	1	1	00	1902	1902	the war in the Philippines	cause of rise in coconut market	vol021_tropicalagricult2119ceyl#1902-03#067
2768	phooma	1	1	80	1885	1885	phooma	nomadic agriculture	vol005_tropicalagricult18851886colo#1885-11#005
2769	phytopathological conference	1	1	20	1920	1920	Phytopathological Conference	held at Rome in 1913	vol055_lbg-630-5-tag-v-55#1920-11#002
2770	pietermaritzburg agricultural exhibition	1	1	90	1896	1896	Pietermaritzburg Agricultural Exhibition	competition for tea samples	vol016_tropicalagricult1618ceyl#1896-10#083
2771	pietermaritzburg exhibition	1	1	90	1897	1897	Pietermaritzburg Exhibition	competition for tea samples	vol016_tropicalagricult1618ceyl#1897-01#092
2772	pig marketing scheme	1	1	30	1934	1934	Pig Marketing Scheme	marketing scheme under the Act	vol082_dli-ernet-229227#1934-06#010
2773	pincher	1	1	80	1886	1886	Pincher	ship	vol006_tropicalagricult18861887colo#1886-10#087
2774	pineapple conference	1	1	30	1932	1932	Pineapple Conference	conference held in Singapore in 1930-1931	vol078_tropical-agriculturist-1932-03-78#1932-03#004
2775	pineo scheme	1	1	80	1889	1889	Pineo scheme		vol009_tropicalagricult9188ceyl#1889-07#061
2776	pinmari season	1	1	30	1930	1930	Pinmari	season	vol074_dli-ernet-229223#1930-01#022
2777	pitakande meeting	1	1	00	1909	1909	Pitakande meeting		vol032_tropicalagricul321909ceyl#1909-01#095
2778	pitigal korale (1938) agricultural exhibition	1	1	30	1937	1937	Pitigal Korale (1938) Agricultural Exhibition	agricultural exhibition	vol089_tropical-agriculturist-1937-12-89#1937-12#014
2779	plague of london	1	1	90	1893	1893	plague of London		vol012_tropicalagricult1218ceyl#1893-06#180
2780	plant breeding conference	1	1	00	1903	1903	Plant Breeding Conference	conference	vol023_tropicalagricult2319ceyl#1903-11#034
2781	plant pest and disease ordinance	1	1	20	1922	1922	Plant Pest and Disease Ordinance	legislation declaring the pest	vol059_tropicalagricult0059unse#1922-07#005
2782	plant pests and diseases ordinance	1	1	40	1941	1941	Plant Pests and Diseases Ordinance		vol096_dli-ernet-229230#1941-01#002
2783	plant pests ordinance (no. 10 of 1924)	1	1	30	1932	1932	Plant Pests Ordinance (No. 10 of 1924)	regulations	vol078_tropical-agriculturist-1932-01-78#1932-01#003
2784	plant pests ordinance of 1907	1	1	10	1918	1918	Plant Pests Ordinance of 1907	legal framework for disease declaration	vol051_iss04_tropical-agriculturist-1918-10-51-4#1918-10#016
2785	plant protection ordinance, no. 10 of 1924	1	1	30	1935	1935	Plant Protection Ordinance, No. 10 of 1924		vol085_tropical-agriculturist-1935-12-85#1935-12#001
2786	plant quarantine act	1	1	10	1917	1917	Plant Quarantine Act	legislation	vol049_iss02_tropical-agriculturist-1917-08-49-2#1917-08#022
2787	plant quarantine ordinance	1	1	00	1909	1909	Plant Quarantine Ordinance	amended to permit compulsory fumigation	vol033_tropicalagricul331909ceyl#1909-09#023
2788	plantain garden competition, galboda—kinigoda korale, 1927—1928	1	1	20	1929	1929	Plantain Garden Competition, Galboda—Kinigoda Korale, 1927—1928	competition	vol072_dli-ernet-229221#1929-01/06#035
2789	plantation diseases and pests ordinance 1934	1	1	30	1937	1937	Plantation Diseases and Pests Ordinance 1934	legislation	vol088_dli-ernet-229229#1937-06#012
2790	plantations-in-aid act, 1886	1	1	00	1909	1909	Plantations-in-aid Act, 1886	legislation	vol032_tropicalagricul321909ceyl#1909-04#033
2791	plantations-in-aid act, 1902	1	1	00	1909	1909	Plantations-in-Aid Act, 1902	legislation	vol032_tropicalagricul321909ceyl#1909-04#033
2792	planters' labour act	1	1	00	1903	1903	Planters' Labour Act	legislation discussed	vol023_tropicalagricult2319ceyl#1903-12#031
2793	planters' meeting at kandy	1	1	80	1883	1883	Planters' Meeting at Kandy	upcoming meeting	vol002_tropicalagricult18821883colo#1883-03#096
2794	planters' meeting at rangkasbitung	1	1	30	1933	1933	Planters' Meeting at Rangkasbitoeng	meeting in January 1933	vol080_dli-ernet-229226#1933-10#008
2795	planters' meeting in kandy	1	1	80	1886	1886	Planters' Meeting in Kandy	meeting	vol005_tropicalagricult18851886colo#1886-05#012
2796	plants pests ordinance of 1907	1	1	10	1913	1913	Plants Pests Ordinance of 1907	legislation	vol040_lbg-630-5-tag-v-40#1913-01#067
2797	plimsoll's bill	1	1	80	1884	1884	Plimsoll's Bill	legislation impacting gunny bag trade	vol004_tropicalagricult18841885colo#1884-10#058
2798	ploughing exhibition at kato	1	1	80	1885	1885	ploughing Exhibition held at Kato		vol004_tropicalagricult18841885colo#1885-02#017
2799	plumage bill	1	1	10	1914	1914	Plumage Bill	legislation introduced in British Parliament	vol042_lbg-630-5-tag-v-42#1914-04#042
2800	plymouth show	1	1	90	1890	1890	Plymouth Show	event where butter quality was demonstrated	vol010_tropicalagricult1018ceyl#1890-09#152
2801	poisons act	1	1	90	1891	1891	Poisons Act	legislation cited	vol011_tropicalagricult1118ceyl#1891-11#009
2802	pola expedition	1	1	90	1891	1891	Pola	expedition	vol011_tropicalagricult1118ceyl#1891-09#071
2803	polonnaruwan period	1	1	00	1907	1907	Polonnaruwan period		vol028_tropicalagricul281907ceyl#1907-06#037
2804	polynesian act	1	1	80	1883	1883	Polynesian Act	legislation	vol002_tropicalagricult18821883colo#1883-02#151
2805	poojah	1	1	10	1912	1912	Poojah	holiday	vol038_tropicalagricul381912ceyl#1912-04#058
2806	poojahs	1	1	90	1897	1897	Poohahs	inspection period	vol016_tropicalagricult1618ceyl#1897-02#005
2807	poona agricultural conference	1	1	00	1909	1909	Agricultural Conference	event held in Poona	vol033_tropicalagricul331909ceyl#1909-12#032
2808	port order no. 33, 1888	1	1	90	1895	1895	Port Order No. 33, 1888	regulation for delivery of damaged tea	vol015_tropicalagricult1518ceyl#1895-09#084
2809	posadas	1	1	90	1898	1898	Posadas	holiday	vol018_tropicalagricult1818ceyl#1898-07#007
2810	potato lead-roll	1	1	30	1932	1932	lead-roll of potatoes	virus disease	vol079_iss05_tropical-agriculturist-1932-11-79-5#1932-11#014
2811	poultry competition in norfolk	1	1	10	1913	1913	Poultry Competition in Norfolk	competition for improved poultry keeping	vol041_lbg-vol-xli-tropicalagricult0000dewi-t3r5#1913-07#004
2812	poultry conference	1	1	10	1912	1912	Poultry Conference	conference in Adelaide	vol038_tropicalagricul381912ceyl#1912-01#015
2813	poultry show in august	1	1	00	1902	1902	Poultry Show in August	upcoming exhibition	vol021_tropicalagricult2119ceyl#1902-04#018
2814	practical products ordinance	1	1	00	1903	1903	Practical Products Ordinance	legislation	vol022_tropicalagricult2219ceyl#1903-05#078
2815	praedial products act	1	1	00	1906	1906	Praedial Products Act		vol027_tropicalagricul271906ceyl#1906-11#002
2816	prazo system	1	1	90	1893	1893	Prazo system	system of oppression	vol013_tropicalagricult1318ceyl#1893-12#125
2817	presidential address at southampton	1	1	20	1925	1925	presidential address delivered at Southampton on August 31st before Section M (Agriculture) of the British Association	source of the article	vol065_iss06_tropical-agriculturist-1925-12-65-6#1925-12#017
2818	presidential election of 1900	1	1	90	1899	1899	Presidential election of 1,900	election to be fought on the Trust question	vol018_tropicalagricult1818ceyl#1899-03#108
2819	pretoria conference	1	1	00	1908	1908	Pretoria Conference	conference	vol031_tropicalagricul311908ceyl#1908-09#015
2820	prevention of coffee stealing act	1	1	90	1896	1896	Prevention of Coffee Stealing Act	legislation under discussion	vol015_tropicalagricult1518ceyl#1896-03#056
2821	prickly pear act	1	1	90	1899	1899	Prickly Pear Act	legislation	vol018_tropicalagricult1818ceyl#1899-02#052
2822	prince of wales' birthday	1	1	80	1882	1882	Prince of Wales' birthday		vol001_tropicalagricult1188ceyl#1882-02#045
2823	prize holdings competition	1	1	10	1918	1918	Prize Holdings Competition	competition in 1917-18	vol050_dli-ernet-21168#1918-02#021
2824	proclamation dated december 18, 1907	1	1	00	1908	1908	Proclamation dated December 18, 1907	legal instrument	vol030_tropicalagricul301908ceyl#1908-04#067
2825	proclamation of 18th november, 1818	1	1	10	1911	1911	Proclamation of 18th November, 1818	legal proclamation	vol037_tropicalagricul371911ceyl#1911-09#016
2826	procter v. bennis	1	1	90	1892	1892	Procter v. Bennis	legal case	vol011_tropicalagricult1118ceyl#1892-03#077
2827	produce export decree	1	1	30	1931	1931	Produce Export Decree	regulation setting standards for export	vol076_dli-ernet-229225#1931-06#015
2828	proposed abolition of the english tea duty	1	1	90	1899	1899	English Tea Duty		vol019_tropicalagricult1918ceyl#1899-10#073
2829	proposed gemming ordinance	1	1	90	1890	1890	PROPOSED GEMMING ORDINANCE	subject of report	vol009_tropicalagricult9188ceyl#1890-05#005
2830	prout's system	1	1	90	1894	1894	Prout's system	system of cultivation	vol013_tropicalagricult1318ceyl#1894-05#116
2831	providence	1	1	90	1896	1896	Providence	Spanish bark	vol015_tropicalagricult1518ceyl#1896-02#005
2832	provincial co-operative conference	1	1	10	1913	1913	Co-operative Conference	first provincial	vol040_lbg-630-5-tag-v-40#1913-06#060
2833	provincial conference	1	1	10	1915	1915	Provincial Conference	held in September	vol044_lbg-tropicalagricultvol-xliv0000unse-e6v7#1915-02#036
2834	prussian militarism	1	1	00	1903	1903	Prussian militarism	political/military ideology	vol023_tropicalagricult2319ceyl#1903-07#059
2835	public health amendment act	1	1	90	1893	1893	Public Health Amendment Act	legislation authorising dairy registration	vol013_tropicalagricult1318ceyl#1893-08#071
2836	public health and welfare exhibition	1	1	10	1918	1918	Public Health and Welfare Exhibition	exhibition	vol051_iss04_tropical-agriculturist-1918-10-51-4#1918-10#010
2837	public health bill	1	1	90	1891	1891	Public Health Bill	legislation awaiting attention of the Legislature	vol010_tropicalagricult1018ceyl#1891-05#037
2838	public health congress	1	1	20	1925	1925	Public Health Congress	held at Johannesburg in November, 1924	vol064_lbg-630-5-tag-v-64#1925-04#008
2839	public libraries act	1	1	20	1923	1923	Public Libraries Act		vol061_tropicalagricult0061unse#1923-12#016
2840	punch and judy	1	1	80	1888	1888	Punch and Judy	theatrical performance	vol007_tropicalagricult7188ceyl#1888-05#004
2841	pundnloya	1	1	90	1897	1897	Pundnloya	month	vol016_tropicalagricult1618ceyl#1897-03#109
2842	punic wars	1	1	00	1901	1901	Punic Wars		vol020_tropicalagricult2019ceyl#1901-06#037
2843	punjab exhibition	1	1	10	1912	1912	Punjab Exhibition	Exhibition held at Lahore in 1864	vol038_tropicalagricul381912ceyl#1912-01#006
2844	punjab land alienation act of 1900	1	1	10	1918	1918	Punjab Land Alienation Act of 1900	legislation cited as a model	vol050_dli-ernet-21168#1918-01#002
2845	pure food and drugs act	1	1	10	1910	1910	Pure Food and Drugs Act	legislation affecting market for synthetic substitutes	vol035_tropicalagricul351910ceyl#1910-07#012
2846	pure food exposition	1	1	80	1889	1889	Pure Food exposition		vol008_tropicalagricult8188ceyl#1889-04#045
2847	pure food show	1	1	90	1896	1896	Pure Food Show	exhibition, Philadelphia	vol015_tropicalagricult1518ceyl#1896-02#089
2848	pure line paddy competition	1	1	20	1929	1929	Pure Line Paddy Competition	competition	vol073_tropical-agriculturist-1929-11-73#1929-11#009
2849	pure line paddy cultivation competition	1	1	20	1927	1927	Pure Line Paddy Cultivation Competition	Maha Season of 1926-27	vol068_tropical-agriculturist-1927-06-68#1927-06#009
2850	pure line paddy growing competition	1	1	20	1928	1928	Pure Line Paddy Growing Competition	competition held in Kandy District	vol071_tropical-agriculturist-1928-07-71#1928-07#020
2851	pure seeds act	1	1	30	1935	1935	Pure Seeds Act	regulation	vol085_tropical-agriculturist-1935-10-85#1935-10#008
2852	pure tea act	1	1	00	1901	1901	Pure Tea Act		vol020_tropicalagricult2019ceyl#1901-06#063
2853	pure-line paddy growing competition, 1927-28	1	1	20	1928	1928	Pure-line Paddy Growing Competition, 1927-28	competition held during yala 1928	vol071_tropical-agriculturist-1928-10-71#1928-10#018
2854	purnell act	1	1	30	1935	1935	Purnell Act	Act of Congress in 1925	vol084_tropical-agriculturist-1935-03-84#1935-03#006
2855	puther	1	1	10	1914	1914	Puther	festival	vol043_lbg-tropicalagricultvol-xliii0000unse-c5y3#1914-12#033
2856	pves	1	1	10	1910	1910	pves	religious observances	vol034_tropicalagricul341910ceyl#1910-04#020
2857	pyatho	1	1	00	1909	1909	Pyatho	month (about January)	vol032_tropicalagricul321909ceyl#1909-05#013
2858	pædial products ordinance	1	1	80	1887	1887	Pædial Products Ordinance	subject of report	vol007_tropicalagricult7188ceyl#1887-08#058
2859	quarantine no. 37	1	1	10	1919	1919	Quarantine No. 37	Order to further restrict the importation of nursery stock	vol052_iss05_tropical-agriculturist-1919-05-52-5#1919-05#035
2860	quarterly sales of cinnamon	1	1	90	1896	1896	Quarterly Sales of Cinnamon	auction event in London	vol015_tropicalagricult1518ceyl#1896-04#066
2861	queen's birthday	1	1	90	1897	1897	Queen's birthday	occasion for official dinner	vol016_tropicalagricult1618ceyl#1897-01#054
2862	queen's jubilee celebration	1	1	90	1897	1897	Queen's Jubilee celebration		vol017_tropicalagricult1718ceyl#1897-08#127
2863	queensland annual national agricultural show	1	1	10	1913	1913	Queensland Annual National Agricultural Show		vol041_lbg-vol-xli-tropicalagricult0000dewi-t3r5#1913-10#051
2864	queensland exhibition of 1878	1	1	80	1882	1882	Queensland Exhibition of 1878	exhibition	vol001_tropicalagricult1188ceyl#1882-04#179
2865	queensland gold fields act of 1884	1	1	80	1885	1885	Queensland Gold Fields Act of 1884	act	vol004_tropicalagricult18841885colo#1885-05#114
2866	queensland sugar acts	1	1	90	1897	1897	Queensland Sugar Acts	legislation referenced for labor contracts	vol017_tropicalagricult1718ceyl#1897-10#114
2867	queensland white immigration act	1	1	80	1885	1885	Queensland White Immigration Act	legislation regarding coal-miners	vol004_tropicalagricult18841885colo#1885-04#046
2868	quetta	1	1	90	1892	1892	Quetta	ship wrecked with labourers	vol011_tropicalagricult1118ceyl#1892-05#013
2869	quetta wreck	1	1	90	1891	1891	"Quetta" wreck	site of survey	vol011_tropicalagricult1118ceyl#1891-09#005
2870	quinine gidda	1	1	80	1884	1884	Quinine Gidda	term used by Dod Bora	vol004_tropicalagricult18841885colo#1884-09#111
2871	quota ordinance	1	1	40	1941	1941	Quota Ordinance	legislation	vol096_dli-ernet-229230#1941-01#008
2872	r. a. and c. c.	1	1	00	1901	1901	R A and C C	event causing postponement	vol020_tropicalagricult2019ceyl#1901-06#044
2873	races at medan	1	1	80	1886	1886	Races	horse races	vol006_tropicalagricult18861887colo#1886-08#005
2874	raigam korale agricultural, industrial and health exhibition	1	1	40	1943	1943	Raigam Korale Agricultural, Industrial and Health Exhibition	exhibition	vol099_iss04_tropical-agriculturist-october-december-1943-99-4#1943-10/12#012
2875	railway and canal traffic act of 1888	1	1	90	1895	1895	Railway and Canal Traffic Act of 1888	legislative measure	vol015_tropicalagricult1518ceyl#1895-08#058
2876	railway and canal traffic acts of 1888 and 1894	1	1	90	1895	1895	Railway and Canal Traffic Acts of 1888 and 1894	legislative measures	vol015_tropicalagricult1518ceyl#1895-08#058
2877	railway congress at brussels	1	1	80	1885	1885	Railway Congress at Brussels	conference where sleeper materials were discussed	vol005_tropicalagricult18851886colo#1885-11#113
2878	railways regulation act of 1840	1	1	90	1895	1895	Railways Regulation Act of 1840	legislative measure	vol015_tropicalagricult1518ceyl#1895-08#058
2879	raised schimmel's test	1	1	30	1930	1930	Raised Schimmel's Test	test for detecting adulteration	vol074_dli-ernet-229223#1930-03#014
2880	rajakaria	1	1	10	1912	1912	Rajakaria	system abolished	vol038_tropicalagricul381912ceyl#1912-06#014
2881	rajawella litigation case	1	1	90	1897	1897	Rajawella litigation case		vol016_tropicalagricult1618ceyl#1897-04#001
2882	ramasami's teevali	1	1	00	1902	1902	Ramasami's Teevali	festival	vol021_tropicalagricult2119ceyl#1902-01#018
2883	rambukkana agricultural & industrial exhibition	1	1	10	1919	1919	Rambukkana Agricultural & Industrial Exhibition	exhibition held on 27th and 28th February, and 1st March	vol052_iss04_tropical-agriculturist-1919-04-52-4#1919-04#021
2884	rambukkana agricultural show	1	1	10	1919	1919	Rambukkana Agricultural Show	agricultural show	vol052_iss06_tropical-agriculturist-1919-06-52-6#1919-06#006
2885	rambukkana show	1	1	20	1920	1920	Rambukkana	Agricultural Show, 27th and 28th	vol054_lbg-630-5-tag-v-54#1920-04#010
2886	ramie conferences	1	1	90	1895	1895	Ramie Conferences	held in Paris in 1888 and 1889	vol014_tropicalagricult1418ceyl#1895-06#025
2887	ramie congress	1	1	00	1903	1903	Ramie Congress	held in Paris last year	vol022_tropicalagricult2219ceyl#1903-02#138
2888	ranbewe experiment	1	1	20	1928	1928	Ranbewe experiment		vol070_dli-ernet-229220#1928-06#022
2889	rand agricultural show	1	1	90	1895	1895	Rand Agricultural Show	exhibition	vol015_tropicalagricult1518ceyl#1895-07#138
2890	rat order of 1918	1	1	20	1925	1925	Rat Order of 1918	legislative measure	vol064_lbg-630-5-tag-v-64#1925-04#008
2891	rat order of 1919	1	1	20	1925	1925	Rat Order of 1919	legislative measure	vol064_lbg-630-5-tag-v-64#1925-04#008
2892	rats and mice (destruction) act, 1919	1	1	20	1925	1925	Rats and Mice (Destruction) Act, 1919	permanent legislative measure	vol064_lbg-630-5-tag-v-64#1925-04#008
2893	rattota agri-horticultural show	1	1	20	1920	1920	RATTOTA AGRI-HORTICULTURAL SHOW	show held May 15th, 1920	vol054_lbg-630-5-tag-v-54#1920-06#011
2894	rattota agricultural show	1	1	20	1924	1924	Rattota Agricultural Show	agricultural show	vol062_lbg-630-5-tag-v-62#1924-02#015
2895	rattota show	1	1	20	1920	1920	Rattota	Agricultural Show, 15th	vol054_lbg-630-5-tag-v-54#1920-04#010
2896	rattota shows	1	1	10	1919	1919	Rattota Shows	agricultural shows	vol053_iss01_tropical-agriculturist-1919-07-53-1#1919-07#011
2897	rebellion of 1818	1	1	90	1894	1894	Rebellion of 1818		vol013_tropicalagricult1318ceyl#1894-01#001
2898	rebellion of 1847-1848	1	1	80	1888	1888	Rebels of '47-8		vol008_tropicalagricult8188ceyl#1888-10#028
2899	rebellion of 1865	1	1	80	1885	1885	Rebellion of 1865	historical event	vol004_tropicalagricult18841885colo#1885-01#067
2900	recess committee of 1896	1	1	10	1910	1910	Recess Committee of 1896	committee on Irish agriculture	vol035_tropicalagricul351910ceyl#1910-09#028
2901	reciprocity act	1	1	90	1896	1896	Reciprocity Act		vol015_tropicalagricult1518ceyl#1896-06#070
2902	red river fever	1	1	80	1883	1883	Red River fever	disease	vol002_tropicalagricult18821883colo#1883-05#086
2903	red water	1	1	40	1945	1945	Red Water	disease condition	vol101_iss04_tropical-agriculturist-october-december-1945-101-4#1945-10/12#008
2904	reedy fork demonstration	1	1	40	1942	1942	Reedy Fork Demonstration	soil conservation project	vol098_iss03_tropical-agriculturist-july-september-1942-98-3#1942-07/09#005
2905	reformation	1	1	80	1883	1883	Reformation		vol002_tropicalagricult18821883colo#1883-04#134
2906	regina v. ellen	1	1	80	1889	1889	Regina v. Ellen	legal case	vol008_tropicalagricult8188ceyl#1889-01#045
2907	register ordinance	1	1	90	1897	1897	Register Ordinance	legislation	vol017_tropicalagricult1718ceyl#1897-11#077
2908	rembrandt exhibition	1	1	30	1936	1936	Rembrandt Exhibition	exhibition in Amsterdam	vol086_dli-ernet-229228#1936-04#009
2909	republican convention of pratt county	1	1	90	1890	1890	Republican Convention of Pratt County	adopted resolutions on September 7	vol009_tropicalagricult9188ceyl#1890-01#116
2910	research scheme	1	1	20	1927	1927	Research Scheme	proposed scheme	vol069_tropical-agriculturist-1927-08-69#1927-08#011
2911	resistance	1	1	80	1886	1886	Resistance	ironclad	vol006_tropicalagricult18861887colo#1886-10#087
2912	restriction act	1	1	90	1899	1899	Restriction Act	prohibiting the importation of inferior teas	vol019_tropicalagricult1918ceyl#1899-10#084
2913	revised education code of 1890	1	1	90	1893	1893	Revised Education Code of 1890	legislation	vol012_tropicalagricult1218ceyl#1893-06#144
2914	revolution in bahia	1	1	90	1898	1898	Revolution	disturbance in the State of Bahia	vol017_tropicalagricult1718ceyl#1898-02#075
2915	rhodesian schemes	1	1	90	1899	1899	Rhodesian schemes	development projects	vol018_tropicalagricult1818ceyl#1899-02#091
2916	rice congress at valencia	1	1	10	1915	1915	Rice Congress at Valencia		vol044_lbg-tropicalagricultvol-xliv0000unse-e6v7#1915-01#015
2917	rice growers' congress	1	1	10	1914	1914	Rice Growers' Congress	congress to be held in Spain	vol042_lbg-630-5-tag-v-42#1914-05#027
2918	ridge-way pearl fishery	1	1	00	1903	1903	Ridge-way		vol022_tropicalagricult2219ceyl#1903-06#024
2919	ringimpfung	1	1	30	1932	1932	Ringimpfung	method of inoculation in Germany	vol078_tropical-agriculturist-1932-05-78#1932-05#005
2920	rio branco law	1	1	80	1885	1885	Rio Branco law	law regarding emancipation	vol004_tropicalagricult18841885colo#1885-03#021
2921	rio coffee exhibitions	1	1	80	1884	1884	Rio coffee exhibitions	exhibitions held on the spot and in England	vol003_tropicalagricult18831884colo#1884-04#126
2922	rio coffee exposition	1	1	80	1882	1882	Rio coffee exposition	coffee exposition	vol001_tropicalagricult1188ceyl#1882-01#018
2923	riots of 1915	1	1	10	1917	1917	Riots of 1915	event affecting societies	vol049_iss05_tropical-agriculturist-1917-11-49-5#1917-11#019
2924	riverside citrus fair	1	1	80	1888	1888	Riverside Citrus Fair	exhibition	vol007_tropicalagricult7188ceyl#1888-04#057
2925	road ordinance and tax	1	1	90	1894	1894	Road Ordinance and Tax	Legislation	vol013_tropicalagricult1318ceyl#1894-01#001
2926	romanes lecture	1	1	00	1906	1906	Romanes lecture	lecture delivered in June last	vol026_tropicalagricul261906ceyl#1906-05#007
2927	rome convention	1	1	20	1920	1920	Rome Convention	text examined clause by clause	vol055_lbg-630-5-tag-v-55#1920-11#002
2928	ronald v. lovat	1	1	80	1885	1885	Ronald v. Lovat	legal case cited	vol005_tropicalagricult18851886colo#1885-07#134
2929	rosetta disease	1	1	30	1932	1932	Rosetta disease	virus disease affecting groundnuts	vol078_tropical-agriculturist-1932-02-78#1932-02#007
2930	rosling-rutherford scheme	1	1	00	1901	1901	Rosling-Rutherford scheme		vol020_tropicalagricult2019ceyl#1901-02#112
2931	rothamstead experiments	1	1	80	1882	1882	Rothamstead experiments	agricultural experiments	vol002_tropicalagricult18821883colo#1882-10#023
2932	rothamstead field experiments	1	1	90	1898	1898	Rothamstead Field Experiments	subject of reports	vol018_tropicalagricult1818ceyl#1898-10#136
2933	rothamsted agricultural experiments	1	1	00	1902	1902	Rothamsted agricultural experiments		vol021_tropicalagricult2119ceyl#1902-02#115
2934	rowlands v. valliamma	1	1	90	1897	1897	Rowlands *vs.* Valliamma	legal case	vol017_tropicalagricult1718ceyl#1897-09#156
2935	rowlands vs. valliamma	1	1	90	1897	1897	Rowlands vs. Valliamma	desertion case	vol017_tropicalagricult1718ceyl#1897-09#155
2936	royal agricultural show	1	1	10	1910	1910	Royal Agricultural Show	exhibition	vol034_tropicalagricul341910ceyl#1910-01#033
2937	royal agricultural society's show at norwich, 1911	1	1	10	1912	1912	Royal Agricultural Society's Show at Norwich, 1911	71st Annual Show	vol038_tropicalagricul381912ceyl#1912-02#033
2938	royal aquarium show	1	1	90	1891	1891	Royal Aquarium Show	exhibition	vol010_tropicalagricult1018ceyl#1891-01#154
2939	royal commission on water supply of 1869	1	1	90	1894	1894	Royal Commission on water supply of 1869		vol013_tropicalagricult1318ceyl#1894-04#011
2940	royal commission to determine the military force and expenditure requisite for the colony	1	1	90	1894	1894	Royal Commission to determine the Military Force and Expenditure requisite for the Colony	commission	vol013_tropicalagricult1318ceyl#1894-01#002
2941	royal dairy show of england	1	1	20	1922	1922	Royal Dairy Show of England	show	vol058_dli-ernet-229219#1922-01#035
2942	royal jubilee exhibition, manchester, 1887	1	1	80	1887	1887	ROYAL JUBILEE EXHIBITION, MANCHESTER, 1887	exhibition	vol006_tropicalagricult18861887colo#1887-05#069
2943	royal military exhibition	1	1	90	1890	1890	Royal Military Exhibition		vol010_tropicalagricult1018ceyl#1890-07#110
2944	royal sanitary congress	1	1	20	1925	1925	Royal Sanitary Congress	held at Birmingham	vol064_lbg-630-5-tag-v-64#1925-04#008
2945	royal show at warwick	1	1	90	1893	1893	Royal Show at Warwick	cattle show	vol012_tropicalagricult1218ceyl#1893-03#129
2946	royal show at windsor	1	1	80	1889	1889	Royal Show at Windsor	exhibition	vol009_tropicalagricult9188ceyl#1889-12#036
2947	royal show of england	1	1	90	1898	1898	Royal Show of England	exhibition	vol018_tropicalagricult1818ceyl#1898-11#143
2948	royal show, 1911	1	1	10	1912	1912	Royal Show, 1911		vol038_tropicalagricul381912ceyl#1912-02#031
2949	rubber and allied industries exhibition	1	1	10	1914	1914	RUBBER AND ALLIED INDUSTRIES EXHIBITION	in London	vol042_lbg-630-5-tag-v-42#1914-03#054
2950	rubber and allied trades exhibition	1	1	10	1912	1912	Rubber and Allied Trades Exhibition	held at London last June and July	vol038_tropicalagricul381912ceyl#1912-01#037
2951	rubber conference at manaos	1	1	10	1910	1910	Rubber Conference at Manaos	international conference	vol034_tropicalagricul341910ceyl#1910-01#049
2952	rubber congress at manaos	1	1	10	1910	1910	Rubber Congress at Manaos	conference	vol035_tropicalagricul351910ceyl#1910-08#023
2953	rubber congress at manaus	1	1	10	1910	1910	Rubber Congress at Manaus		vol035_tropicalagricul351910ceyl#1910-07#001
2954	rubber control ordinance	1	1	40	1941	1941	Rubber Control Ordinance	legislation passed in 1934	vol096_dli-ernet-229230#1941-04#001
2955	rubber defence act	1	1	10	1913	1913	Rubber Defence Act	legislation to protect rubber export	vol040_lbg-630-5-tag-v-40#1913-03#032
2956	rubber exhibition at peradeniya	1	1	00	1906	1906	Rubber Exhibition at Peradeniya	forthcoming exhibition	vol027_tropicalagricul271906ceyl#1906-10#028
2957	rubber exhibition in ceylon, september	1	1	00	1907	1907	exhibition held in Ceylon in September	showcase for plantation rubber	vol028_tropicalagricul281907ceyl#1907-02#005
2958	rubber exhibition in java	1	1	10	1912	1912	Rubber Exhibition in Java		vol039_tropicalagricul391912ceyl#1912-09#013
2959	rubber exhibition in london in 1910	1	1	00	1909	1909	Rubber Exhibition in London in 1910		vol032_tropicalagricul321909ceyl#1909-01#063
2960	rubber exhibition in south india	1	1	00	1906	1906	Rubber Exhibition in South India		vol027_tropicalagricul271906ceyl#1906-12#004
2961	rubber exhibition of 1921	1	1	20	1922	1922	Rubber Exhibition of 1921	exhibition	vol059_tropicalagricult0059unse#1922-07#008
2962	rubber exhibition of june 1914	1	1	10	1913	1913	Rubber Exhibition of June 1914	exhibition in London	vol041_lbg-vol-xli-tropicalagricult0000dewi-t3r5#1913-07#014
2963	rubber exhibition, 1906	1	1	20	1922	1922	Rubber Exhibition, 1906	subject of Plate 23	vol058_dli-ernet-229219#1922-03#002
2964	rubber exhibition, 1909	1	1	10	1913	1913	Rubber Exhibition, 1909	exhibition	vol040_lbg-630-5-tag-v-40#1913-02#056
2965	rubber exhibition, 1914	1	1	20	1920	1920	1914 Exhibition	previous exhibition	vol055_lbg-630-5-tag-v-55#1920-09#017
2966	rubber exhibition, 1921	1	1	20	1920	1920	Rubber Exhibition	forthcoming exhibition	vol055_lbg-630-5-tag-v-55#1920-09#017
2967	rubber exhibition, ceylon	1	1	00	1906	1906	Rubber Exhibition, Ceylon		vol027_tropicalagricul271906ceyl#1906-07/12#001
2968	rubber exhibition, london	1	1	00	1906	1906	Rubber Exhibition, London		vol027_tropicalagricul271906ceyl#1906-07/12#001
2969	rubber exhibition, london, 1911	1	1	10	1913	1913	Rubber Exhibition, London, 1911		vol041_lbg-vol-xli-tropicalagricult0000dewi-t3r5#1913-07#019
2970	rubber exhibition, london, 1914	1	1	10	1914	1914	Rubber Exhibition—London—1914	exhibition	vol043_lbg-tropicalagricultvol-xliii0000unse-c5y3#1914-09#002
2971	rubber growers and manufacturers' banquet	1	1	00	1908	1908	Rubber Growers and Manufacturers' Banquet	dinner, Olympia, 24th Sept., 1908	vol031_tropicalagricul311908ceyl#1908-08#216
2972	rubber growers' meeting	1	1	10	1911	1911	Rubber Growers' Meeting	meeting in London	vol037_tropicalagricul371911ceyl#1911-09#007
2973	rubber pavilion	1	1	30	1938	1938	Rubber Pavilion	exhibit area at the Empire Exhibition	vol090_iss02_tropical-agriculturist-1938-02-90-2#1938-02#005
2974	rubber research co-ordination scheme	1	1	10	1919	1919	Rubber Research Co-ordination Scheme	Scheme	vol053_iss04_tropical-agriculturist-1919-10-53-4#1919-10#007
2975	rubber research ordinance of 1930	1	1	30	1931	1931	Rubber Research Ordinance of 1930	Legislation establishing the scheme	vol077_tdl-34003-the-tropical-agriculturist-the-agricultural-journa#1931-08#005
2976	rubber restriction scheme of britain	1	1	20	1928	1928	Rubber Restriction Scheme of Britain		vol071_tropical-agriculturist-1928-08-71#1928-08#015
2977	rubber show	1	1	00	1909	1909	Rubber Show	held last year	vol032_tropicalagricul321909ceyl#1909-03#039
2978	rubber technology conference	1	1	30	1938	1938	Rubber Technology Conference	conference in London, 1938	vol090_iss01_tropical-agriculturist-1938-01-90-1#1938-01#017
2979	ruby act	1	1	80	1889	1889	Ruby Act	ordinance	vol008_tropicalagricult8188ceyl#1889-06#121
2980	rudolph	1	1	80	1883	1883	Rudolph	event causing cattle deaths	vol003_tropicalagricult18831884colo#1883-12#010
2981	rural church conference	1	1	10	1914	1914	Rural Church Conference	conference meeting	vol042_lbg-630-5-tag-v-42#1914-02#042
2982	rural education conference	1	1	10	1910	1910	Rural Education Conference	proposed consultative committee	vol034_tropicalagricul341910ceyl#1910-04#042
2983	rushikkulya project	1	1	80	1887	1887	Rushkkulya Project	irrigation and navigation scheme in Ganjam district	vol007_tropicalagricult7188ceyl#1887-12#062
2984	russian imperial ukase	1	1	00	1900	1900	Russian Imperial Ukase	dated July 21	vol020_tropicalagricult2019ceyl#1900-10#036
2985	russian-japanese war	1	1	00	1908	1908	Russian war		vol031_tropicalagricul311908ceyl#1908-08#027
2986	russo-persian convention	1	1	00	1904	1904	Russo-Persian Convention	treaty	vol023_tropicalagricult2319ceyl#1904-04#014
2987	russo-turkish war	1	1	90	1893	1893	Russo-Turkish War		vol012_tropicalagricult1218ceyl#1893-02#043
2988	rutherford tea fund scheme	1	1	80	1888	1888	Rutherford Tea Fund Scheme	fund scheme	vol007_tropicalagricult7188ceyl#1888-01#109
2989	rutherford-rosling scheme	1	1	00	1901	1901	Rutherford-Rosling	scheme for reducing tea output	vol021_tropicalagricult2119ceyl#1901-10#048
2990	ruwenzori expedition	1	1	90	1895	1895	Ruwenzori Expedition		vol014_tropicalagricult1418ceyl#1895-06#027
2991	ryotwarree system	1	1	90	1893	1893	Ryotwarree system	land tenure system	vol013_tropicalagricult1318ceyl#1893-10#079
2992	s. s. america	1	1	90	1891	1891	S. S. "America"	ship involved in remarkable escape	vol011_tropicalagricult1118ceyl#1891-07#099
2993	s.s. vadala	1	1	90	1895	1895	Vadala	ship	vol014_tropicalagricult1418ceyl#1895-06#097
2994	sadya road system	1	1	10	1910	1910	Sadya Road System	plucking system	vol034_tropicalagricul341910ceyl#1910-04#019
2995	saffordshire sale	1	1	80	1882	1882	Saffordshire sale	tea sale	vol002_tropicalagricult18821883colo#1882-09#075
2996	saint mouday	1	1	00	1900	1900	Saint Mouday	holiday	vol020_tropicalagricult2019ceyl#1900-12#007
2997	sale of 14th july 1887	1	1	80	1889	1889	Sale of 14th July 1887		vol008_tropicalagricult8188ceyl#1889-04#070
2998	sale of 2nd june 1887	1	1	80	1889	1889	Sale of 2nd June 1887		vol008_tropicalagricult8188ceyl#1889-04#070
2999	sale of food and drugs acts	1	1	90	1894	1894	Sale of Food and Drugs Acts	legislation applied in certain districts	vol014_tropicalagricult1418ceyl#1894-12#098
3000	salon of madame de circourt	1	1	90	1893	1893	Salon	social gathering in Paris	vol012_tropicalagricult1218ceyl#1893-03#073
3001	san francisco exhibition	1	1	90	1894	1894	San Francisco Exhibition	exhibition	vol013_tropicalagricult1318ceyl#1894-02#017
3002	san francisco exposition	1	1	90	1894	1894	San Francisco Exposition		vol014_tropicalagricult1418ceyl#1894-09#058
3003	sandakan flower show	1	1	80	1888	1888	Sandakan Flower Show	annual meeting	vol007_tropicalagricult7188ceyl#1888-05#038
3004	sandys thomas memorial	1	1	00	1904	1904	Sandys Thomas Memorial	fund source	vol023_tropicalagricult2319ceyl#1904-02#085
3005	sanitary conference at lucknow	1	1	10	1915	1915	Sanitary Conference at Lucknow	conference where silt prevention was discussed	vol045_lbg-630-5-tag-v-45#1915-11#025
3006	sara armitage	1	1	90	1891	1891	"Sara Armitage"	sister ship	vol011_tropicalagricult1118ceyl#1891-07#099
3007	saraiva-cotegipe compact	1	1	80	1886	1886	Saraiva-Cotegipe compact	agreement	vol006_tropicalagricult18861887colo#1886-07#030
3008	sarda canal project	1	1	00	1909	1909	Sarda Canal Project	project report	vol033_tropicalagricul331909ceyl#1909-10#031
3009	sawbridgeworth method	1	1	80	1883	1883	Sawbridgeworth method	farming method	vol003_tropicalagricult18831884colo#1883-07#091
3010	scarlet fever	1	1	00	1907	1907	Scarlatina	disease	vol028_tropicalagricul281907ceyl#1907-06#025
3011	schimmel test	1	1	10	1911	1911	Schimmel test	testing method	vol037_tropicalagricul371911ceyl#1911-07#006
3012	schneider challenge cup competition, 1924-1925	1	1	20	1925	1925	SCHNEIDER CHALLENGE CUP COMPETITION, 1924-1925	competition for school gardens	vol065_iss05_tropical-agriculturist-1925-11-65-5#1925-11#021
3013	school conference	1	1	10	1914	1914	School Conference	conference meeting	vol042_lbg-630-5-tag-v-42#1914-02#042
3014	school garden	1	1	00	1903	1903	School Garden	competition category	vol023_tropicalagricult2319ceyl#1903-08#146
3015	school garden competition in kandy and matale districts	1	1	20	1929	1929	SCHOOL GARDEN COMPETITION IN KANDY AND MATALE DISTRICTS	competition for cultivation of medicinal herbs	vol072_dli-ernet-229221#1929-01/06#069
3016	school garden competition in matara district	1	1	20	1927	1927	School Garden Competition in Matara District	competition held in 1926	vol068_tropical-agriculturist-1927-02-68#1927-02#021
3017	school garden competition, north-western province	1	1	20	1924	1924	SCHOOL GARDEN COMPETITION, NORTH-WESTERN PROVINCE	competition inaugurated in 1921	vol063_lbg-630-5-tag-v-63#1924-10#026
3018	school garden prize competition, north-western province	1	1	20	1925	1925	SCHOOL GARDEN PRIZE COMPETITION, NORTH-WESTERN PROVINCE	competition inaugurated in 1921	vol065_iss05_tropical-agriculturist-1925-11-65-5#1925-11#020
3019	school garden produce show	1	1	10	1918	1918	School Garden Produce Show	show held at Tihagoda	vol051_iss04_tropical-agriculturist-1918-10-51-4#1918-10#014
3020	school garden scheme	1	1	10	1919	1919	School Garden Scheme		vol053_iss02_tropical-agriculturist-1919-08-53-2#1919-08#010
3021	school gardens scheme	1	1	10	1918	1918	School Gardens Scheme	agricultural scheme	vol050_dli-ernet-21168#1918-06#011
3022	science congress at benares	1	1	30	1931	1931	Science Congress at Benares	conference	vol076_dli-ernet-229225#1931-12#011
3023	scottish annual show	1	1	00	1901	1901	Scottish Annual Show	held in Edinburgh	vol020_tropicalagricult2019ceyl#1901-03#150
3024	scottish universities act	1	1	90	1891	1891	Scottish Universities Act		vol011_tropicalagricult1118ceyl#1891-08#154
3025	scoville organoleptic test	1	1	40	1940	1940	Scoville organoleptic test	test for determining pungency	vol094_iss05_tropical-agriculturist-1940-05-94-5#1940-05#006
3026	second agricultural conference	1	1	20	1927	1927	Second Agricultural Conference	opened by the Governor on March 9th	vol068_tropical-agriculturist-1927-04-68#1927-04#001
3027	second agricultural conference at peradeniya	1	1	20	1927	1927	Second Agricultural Conference at Peradeniya	conference	vol068_tropical-agriculturist-1927-04-68#1927-04#003
3028	second annual agricultural and industrial show, alubomulla	1	1	20	1929	1929	Second Annual Agricultural and Industrial Show, Alubomulla	agricultural show held on March 9, 1929	vol072_dli-ernet-229221#1929-05#027
3029	second colombo conference of tea buyers, brokers, etc.	1	1	30	1933	1933	Second Colombo Conference of Tea Buyers, Brokers, etc.	Conference	vol080_dli-ernet-229226#1933-06#015
3030	second comparative exhibition of tea	1	1	80	1884	1884	tea exhibition held at Kobe	exhibition	vol003_tropicalagricult18831884colo#1884-05#091
3031	second conference of the registrars of co-operative credit societies	1	1	00	1908	1908	Second Conference of the Registrars of Co-operative Credit Societies		vol031_tropicalagricul311908ceyl#1908-09#031
3032	second conference of west african agricultural officers	1	1	30	1931	1931	Second Conference of West African Agricultural Officers		vol076_dli-ernet-229225#1931-01#005
3033	second conference on cotton growing problems	1	1	30	1934	1934	Second Conference on Cotton Growing Problems	July, 1934	vol083_tropical-agriculturist-1934-11#1934-11#006
3034	second convention of the rubber planters' association of mexico	1	1	00	1908	1908	second convention of the Rubber Planters' Association of Mexico	convention	vol031_tropicalagricul311908ceyl#1908-08#161
3035	second council of lima	1	1	80	1884	1884	Second Council of Lima	council	vol004_tropicalagricult18841885colo#1884-09#009
3036	second international congress of entomology	1	1	10	1912	1912	SECOND INTERNATIONAL CONGRESS OF ENTOMOLOGY	Oxford, 1912	vol038_tropicalagricul381912ceyl#1912-04#016
3037	second international congress of tropical agriculture and colonial development	1	1	10	1912	1912	Second International Congress of Tropical Agriculture and Colonial Development	congress held in 1910	vol039_tropicalagricul391912ceyl#1912-10#052
3038	second provincial conference	1	1	10	1915	1915	Second Provincial Conference	held in 1912	vol044_lbg-tropicalagricultvol-xliv0000unse-e6v7#1915-01#026
3039	second world's poultry congress and exhibition	1	1	20	1923	1923	Second World's Poultry Congress and Exhibition	held in Barcelona, May 10-18th, 1924	vol061_tropicalagricult0061unse#1923-08#011
3040	secretaries training class	1	1	10	1918	1918	Secretaries Training Class	training event held in 1916	vol051_iss02_tropical-agriculturist-1918-08-51-2#1918-08#031
3041	section d—biology	1	1	80	1886	1886	SECTION D.—BIOLOGY	section of the British Association	vol006_tropicalagricult18861887colo#1886-11#095
3042	sedlescombe test	1	1	10	1915	1915	Sedlescombe test	poultry test	vol044_lbg-tropicalagricultvol-xliv0000unse-e6v7#1915-05#026
3043	segama expedition	1	1	90	1890	1890	Segama Expedition		vol010_tropicalagricult1018ceyl#1890-08#075
3044	selangor race meeting	1	1	90	1896	1896	Selangor Race Meeting		vol015_tropicalagricult1518ceyl#1896-04#045
3045	select committee to enquire into the revenue, expenditure and commerce of ceylon	1	1	10	1911	1911	Select Committee to enquire into the Revenue, Expenditure and Commerce of Ceylon	committee appointed 1830	vol037_tropicalagricul371911ceyl#1911-09#016
3046	sellers v. dickinson	1	1	80	1885	1885	Sellers v. Dickinson	legal case cited	vol005_tropicalagricult18851886colo#1885-07#134
3047	senior cambridge examination	1	1	10	1917	1917	Senior Cambridge Examination	examination	vol048_iss06_tropical-agriculturist-1917-06-48-6#1917-06#001
3048	sereh disease	1	1	40	1940	1940	sereh disease	sugar-cane disease	vol094_iss04_tropical-agriculturist-1940-04-94-4#1940-04#013
3049	sericulture	1	1	80	1881	1881	Sericulture		vol001_tropicalagricult1188ceyl#1881-11#014
3050	seven years' war	1	1	00	1906	1906	seven years war		vol027_tropicalagricul271906ceyl#1906-08#025
3051	seventeenth ordinary general meeting	1	1	80	1882	1882	Seventeenth Ordinary General Meeting	meeting of the company	vol002_tropicalagricult18821883colo#1882-10#101
3052	seventh congress of hygiene and demography	1	1	90	1891	1891	Seventh Congress of Hygiene and Demography	congress held in London	vol011_tropicalagricult1118ceyl#1891-10#134
3053	seventh ordinary general meeting	1	1	00	1902	1902	Seventh Ordinary General Meeting	Meeting of the Company	vol022_tropicalagricult2219ceyl#1902-07#082
3054	seventh ordinary general meeting of the lanka plantations company limited	1	1	80	1888	1888	Seventh Ordinary General Meeting of the Lanka Plantations Company Limited	meeting	vol007_tropicalagricult7188ceyl#1888-02#047
3055	shanghai congress	1	1	10	1912	1912	Shanghai Congress	previous conference	vol038_tropicalagricul381912ceyl#1912-03#007
3056	sharp-shooting competition	1	1	90	1895	1895	Sharp-Shooting Competition	shooting competition	vol014_tropicalagricult1418ceyl#1895-01#099
3057	sherman act	1	1	90	1899	1899	Sherman Act	legislation affecting rupee exchange	vol018_tropicalagricult1818ceyl#1899-06#164
3058	shire highland proposed railway	1	1	90	1897	1897	Shire Highland proposed railway	railway project	vol016_tropicalagricult1618ceyl#1897-03#045
3059	shishira	1	1	80	1883	1883	shishira	dewy season	vol003_tropicalagricult18831884colo#1883-07#095
3060	shoreditch fire	1	1	90	1893	1893	Shoreditch fire	fire in London	vol013_tropicalagricult1318ceyl#1893-11#120
3061	show	1	1	90	1899	1899	Show	Exhibition	vol019_tropicalagricult1918ceyl#1899-09#048
3062	show at coimbatore	1	1	10	1912	1912	Show	held at Coimbatore	vol039_tropicalagricul391912ceyl#1912-08#038
3063	show in ceylon	1	1	80	1888	1888	Show in Ceylon		vol007_tropicalagricult7188ceyl#1888-05#032
3064	show in suva	1	1	00	1909	1909	Show in Suva	exhibition	vol032_tropicalagricul321909ceyl#1909-03#075
3065	show of 1899	1	1	00	1900	1900	Show under the auspices of the revived Society	held on 21st and 22nd July, 1899	vol020_tropicalagricult2019ceyl#1900-12#128
3066	shuang-chiang festival	1	1	80	1889	1889	Shuang-chiang festival	October 23	vol008_tropicalagricult8188ceyl#1889-03#015
3067	siam road	1	1	80	1884	1884	Siam Road	construction project	vol004_tropicalagricult18841885colo#1884-12#077
3068	siege of peking	1	1	80	1884	1884	siege of Peking	context for introduction of cakes	vol004_tropicalagricult18841885colo#1884-11#028
3069	sikh wars	1	1	90	1893	1893	Sikh wars		vol013_tropicalagricult1318ceyl#1893-08#002
3070	sikkim expedition	1	1	80	1888	1888	Sikkim expedition	military event causing labor shortage	vol008_tropicalagricult8188ceyl#1888-08#073
3071	sikkim-tibet convention	1	1	90	1894	1894	Sikkim-Tibet Convention		vol014_tropicalagricult1418ceyl#1894-12#034
3072	sikukuu of el hadj	1	1	00	1901	1901	Sikukuu of El Hadj	holiday	vol021_tropicalagricult2119ceyl#1901-07#016
3073	silk fair at philadelphia	1	1	80	1883	1883	silk fair at Philadelphia	recent fair	vol002_tropicalagricult18821883colo#1883-02#148
3074	silt enactment of 1922	1	1	30	1938	1938	Silt Enactment of 1922	legislation affording powers to enforce anti-erosion measure	vol091_tropical-agriculturist-1938-07-91#1938-07#007
3075	silurian formations	1	1	90	1892	1892	silurian formations	geological period	vol011_tropicalagricult1118ceyl#1892-05#033
3076	silver bill	1	1	90	1890	1890	Silver Bill		vol010_tropicalagricult1018ceyl#1890-11#038
3077	silver jubilee of king george v	1	1	30	1936	1936	Silver Jubilee	occasion for award	vol087_tropical-agriculturist-1936-12-87#1936-12#010
3078	simla agricultural conference	1	1	90	1899	1899	Simla Agricultural Conference	conference where resolutions on agricultural training were a	vol018_tropicalagricult1818ceyl#1899-05#160
3079	singapore agri-horticultural show	1	1	00	1906	1906	Singapore Agri-Horticultural Show	exhibition	vol027_tropicalagricul271906ceyl#1906-12#005
3080	singapore exposition (1910)	1	1	10	1917	1917	Singapore Exposition (1910)	exposition	vol048_iss05_tropical-agriculturist-1917-05-48-5#1917-05#010
3081	sinhalese new year	1	1	30	1931	1931	Sinhalese New Year	annual dislocation	vol076_dli-ernet-229225#1931-06#019
3082	sinhalese new-year	1	1	80	1889	1889	Sinhalese New-Year	festivities	vol009_tropicalagricult9188ceyl#1889-10#058
3083	sinking of the cyril	1	1	00	1906	1906	Cyril	ship sinking	vol026_tropicalagricul261906ceyl#1906-04#005
3084	sino-french war	1	1	80	1884	1884	Chinese-Franco war	conflict	vol004_tropicalagricult18841885colo#1884-10#036
3085	sino-japanese war	1	1	90	1894	1894	war between China and Japan	conflict	vol014_tropicalagricult1418ceyl#1894-12#032
3086	sirocco crusade	1	1	80	1889	1889	Sirocco Crusade	campaign in America	vol008_tropicalagricult8188ceyl#1889-05#042
3087	sirupokam	1	1	30	1939	1939	sirupokam	1938 season	vol093_iss03_tropical-agriculturist-1939-09-93-3#1939-09#008
3088	sittang colonies	1	1	40	1941	1941	Sittang colonies	Colonization model	vol096_dli-ernet-229230#1941-04#008
3089	sivaratri	1	1	90	1899	1899	Sivaratri	festival marking start of irrigation season	vol018_tropicalagricult1818ceyl#1899-04#003
3090	sivewright prize	1	1	00	1904	1904	Sivewright Prize	prize for best essay on intestinal affections	vol023_tropicalagricult2319ceyl#1904-03#106
3091	sixteenth annual agricultural camp meeting fair at calhoun, louisiana	1	1	00	1909	1909	SIXTEENTH ANNUAL AGRICULTURAL CAMP MEETING FAIR AT CALHOUN, LOUISIANA	annual fair on the experiment station grounds at Calhoun	vol032_tropicalagricul321909ceyl#1909-01#046
3092	sixteenth annual ordinary general meeting of shareholders	1	1	00	1903	1903	Sixteenth Annual Ordinary General Meeting of Shareholders	meeting	vol022_tropicalagricult2219ceyl#1903-06#081
3093	sixteenth ordinary general meeting	1	1	90	1891	1891	Sixteenth Ordinary General Meeting	meeting of the company	vol010_tropicalagricult1018ceyl#1891-04#046
3094	sixth annual meeting of the mysore agricultural and experimental union	1	1	20	1924	1924	Sixth Annual Meeting of the Mysore Agricultural and Experimental Union	meeting where report was read	vol063_lbg-630-5-tag-v-63#1924-07#018
3095	sixth annual ordinary general meeting of shareholders	1	1	00	1903	1903	Sixth Annual Ordinary General Meeting of Shareholders	meeting of shareholders	vol022_tropicalagricult2219ceyl#1903-01#096
3096	sixth congress of the international co-operative alliance	1	1	00	1906	1906	Sixth Congress of the International Co-operative Alliance	conference	vol026_tropicalagricul261906ceyl#1906-05#061
3097	sixth indian science congress	1	1	20	1920	1920	Sixth Indian Science Congress	Bombay, January, 1919	vol054_lbg-630-5-tag-v-54#1920-02#015
3098	sixth international botanical congress	1	1	30	1936	1936	Sixth International Botanical Congress	congress	vol086_dli-ernet-229228#1936-02#007
3099	sixth international congress of agriculture	1	1	90	1899	1899	Sixth International Congress of Agriculture	congress	vol019_tropicalagricult1918ceyl#1899-08#102
3100	sixth international exhibition of rubber and other tropical products	1	1	20	1925	1925	Sixth International Exhibition of Rubber and other Tropical Products	April, 1924	vol064_lbg-630-5-tag-v-64#1925-02#013
3101	sixth international exhibition of rubber, other tropical products and allied industries	1	1	20	1924	1924	Sixth International Exhibition of Rubber, Other Tropical Products and Allied Industries	held in Brussels, April 1924	vol063_lbg-630-5-tag-v-63#1924-09#002
3102	sixth science congress	1	1	20	1923	1923	sixth Science Congress		vol061_tropicalagricult0061unse#1923-09#007
3103	slave question	1	1	80	1882	1882	Slave Question	political issue affecting production	vol001_tropicalagricult1188ceyl#1882-02#129
3104	small dwellings act of 1886	1	1	10	1914	1914	Small Dwellings Act of 1886	legislation	vol042_lbg-630-5-tag-v-42#1914-04#056
3105	small holdings and allotments act of 1907	1	1	00	1909	1909	Small Holdings and Allotments Act of 1907	legislation recognizing Credit Banks	vol033_tropicalagricul331909ceyl#1909-07#057
3106	small holdings and allotments act, 1907	1	1	00	1909	1909	Small Holdings and Allotments Act, 1907	legislation authorizing county councils to promote credit ba	vol033_tropicalagricul331909ceyl#1909-08#043
3107	small pox	1	1	80	1884	1884	small pox	epidemic	vol003_tropicalagricult18831884colo#1884-02#144
3108	small rubber growers' competition	1	1	20	1929	1929	Small Rubber Growers' Competition	competition for rubber plots	vol072_dli-ernet-229221#1929-01/06#017
3109	smallpox	1	1	00	1902	1902	small-pox	epidemic discussed	vol021_tropicalagricult2119ceyl#1902-06#074
3110	smithfield club cattle show	1	1	90	1891	1891	Smithfield Club Cattle Show	exhibition	vol010_tropicalagricult1018ceyl#1891-02#055
3111	smithfield show	1	1	20	1928	1928	Smithfield Show	competition for curly-coated pigs	vol071_tropical-agriculturist-1928-10-71#1928-10#010
3112	societies' borrowing powers act, 1898	1	1	00	1909	1909	Societies' Borrowing Powers Act, 1898	act allowing borrowing from non-members	vol033_tropicalagricul331909ceyl#1909-08#043
3113	sogama case	1	1	90	1890	1890	Sogama case	legal case	vol010_tropicalagricult1018ceyl#1890-08#084
3114	solean interregnum	1	1	80	1884	1884	Solean interregnum	period during which works were destroyed	vol004_tropicalagricult18841885colo#1884-07#046
3115	soleil	1	1	80	1886	1886	Soleil	body of water	vol006_tropicalagricult18861887colo#1886-10#087
3116	soot behu	1	1	80	1886	1886	Soot Behu	feast in December	vol006_tropicalagricult18861887colo#1886-09#011
3117	soroche	1	1	90	1893	1893	Soroche	mountain sickness	vol012_tropicalagricult1218ceyl#1893-01#022
3118	sou'an campaign	1	1	90	1899	1899	Sou'an campaign	military campaign	vol018_tropicalagricult1818ceyl#1899-01#056
3119	soudan expedition	1	1	80	1886	1886	Soudan Expedition		vol005_tropicalagricult18851886colo#1886-04#123
3120	soudan rebellion	1	1	80	1887	1887	Soudan rebellion	threatening as far as Wady-Halfa	vol006_tropicalagricult18861887colo#1887-02#019
3121	sourabaya fiber congress and exhibition	1	1	30	1930	1930	Sourabaya Fiber Congress and Exhibition	held in July 1910	vol074_dli-ernet-229223#1930-01#013
3122	south african egg laying competition	1	1	10	1914	1914	SOUTH AFRICAN EGG LAYING COMPETITION	competition	vol042_lbg-630-5-tag-v-42#1914-03#032
3123	south african expedition	1	1	90	1891	1891	South African Expedition		vol010_tropicalagricult1018ceyl#1891-04#016
3124	south african scare	1	1	90	1896	1896	South African scare	unsettled state of the stock and money markets	vol015_tropicalagricult1518ceyl#1896-02#123
3125	south african war fund	1	1	00	1900	1900	South African War Fund	charitable fund	vol019_tropicalagricult1918ceyl#1900-06#072
3126	south australia egg-laying competition, 1909-10	1	1	10	1910	1910	SOUTH AUSTRALIA EGG-LAYING COMPETITION, 1909-10		vol035_tropicalagricul351910ceyl#1910-07#029
3127	south australian bill	1	1	80	1882	1882	South Australian Bill	discussed in Council Chamber	vol002_tropicalagricult18821883colo#1882-10#049
3128	south australian egg-laying competitions, 1912-13	1	1	10	1913	1913	South Australian Egg-laying Competitions, 1912-13	Report subject	vol041_lbg-vol-xli-tropicalagricult0000dewi-t3r5#1913-10#062
3129	south sea bubble	1	1	00	1904	1904	South Sea Bubble	financial crisis	vol023_tropicalagricult2319ceyl#1904-05#021
3130	south sea island trade	1	1	90	1892	1892	South Sea Island Trade	trade associated with abuses	vol011_tropicalagricult1118ceyl#1892-05#013
3131	south-west monsoons	1	1	10	1918	1918	South-West Monsoons	season	vol051_iss01_tropical-agriculturist-1918-07-51-1#1918-07#016
3132	southern contract	1	1	20	1926	1926	Southern Contract	market description	vol066_iss02_tropical-agriculturist-1926-02-66-2#1926-02#009
3133	southern states' exhibition	1	1	90	1895	1895	Southern States' Exhibition	to be held at Atlanta this year	vol014_tropicalagricult1418ceyl#1895-04#086
3134	southern states' exposition	1	1	90	1895	1895	SOUTHERN STATES' EXPOSITION	held at Atlanta	vol014_tropicalagricult1418ceyl#1895-04#090
3135	sowrashtra conference	1	1	90	1898	1898	Conference	intended to be held in April	vol017_tropicalagricult1718ceyl#1898-05#124
3136	spanish american war	1	1	00	1900	1900	Spanish American War		vol019_tropicalagricult1918ceyl#1900-02#084
3137	spanish colonial exhibition	1	1	80	1881	1881	Spanish Colonial Exhibition	intended to be held in Madrid in 1882	vol001_tropicalagricult1188ceyl#1881-10#086
3138	spring show	1	1	90	1893	1893	Spring Show	exhibition	vol013_tropicalagricult1318ceyl#1893-11#023
3139	st louis exposition	1	1	00	1903	1903	St Louis Exposition	exhibition	vol023_tropicalagricult2319ceyl#1903-12#053
3140	st. andrew's day	1	1	90	1895	1895	St. Andrew's Day		vol014_tropicalagricult1418ceyl#1895-01#082
3141	st. andrew's night	1	1	00	1904	1904	St. Andrew's night	date of heavy rainfall	vol023_tropicalagricult2319ceyl#1904-01#057
3142	st. anna's festival	1	1	90	1890	1890	ST. ANNA'S FESTIVAL	pilgrimage festival	vol010_tropicalagricult1018ceyl#1890-08#077
3143	st. germain fair	1	1	90	1894	1894	St. Germain Fair	fair	vol014_tropicalagricult1418ceyl#1894-07#028
3144	st. john's crop	1	1	90	1892	1892	St. John's crop	harvesting season	vol012_tropicalagricult1218ceyl#1892-07#086
3145	st. leger	1	1	90	1892	1892	St. Leger	horse race referenced for odds	vol012_tropicalagricult1218ceyl#1892-10#092
3146	st. louis purchase exhibition	1	1	00	1904	1904	St. Louis Purchase Exhibition		vol023_tropicalagricult2319ceyl#1904-01#054
3147	st. louis pure food exposition	1	1	90	1895	1895	St. Louis Pure Food Exposition		vol014_tropicalagricult1418ceyl#1895-01#125
3148	st. louis world fair	1	1	10	1913	1913	St. Louis World Fair	1904	vol040_lbg-630-5-tag-v-40#1913-01#057
3149	st. louis world's fair	1	1	00	1904	1904	great fair	next year	vol023_tropicalagricult2319ceyl#1904-02#144
3150	st. louis worlds' fair	1	1	00	1902	1902	St. Louis Worlds' Fair	exhibition	vol021_tropicalagricult2119ceyl#1902-06#132
3151	st. louis-louisiana purchase exposition	1	1	10	1913	1913	St. Louis-Louisiana Purchase Exposition	1904	vol040_lbg-630-5-tag-v-40#1913-03#015
3152	st. swithin's day	1	1	00	1900	1900	St. Swithin's day	weather proverb reference	vol020_tropicalagricult2019ceyl#1900-11#053
3153	standard tea act of 1897	1	1	00	1904	1904	Standard Tea Act of 1897	law affirmed by the Supreme Court	vol023_tropicalagricult2319ceyl#1904-04#015
3154	stanley-emin expedition	1	1	90	1894	1894	Stanley-Emin expedition	expedition that used plantain meal	vol014_tropicalagricult1418ceyl#1894-11#146
3155	state and national exhibition chicago	1	1	90	1892	1892	State and National Exhibition Chicago		vol011_tropicalagricult1118ceyl#1892-02#062
3156	state council election	1	1	40	1945	1945	State Council Election	election	vol101_iss02_tropical-agriculturist-april-june-1945-101-2#1945-04/06#012
3157	state fair	1	1	10	1914	1914	State Fair		vol042_lbg-630-5-tag-v-42#1914-03#042
3158	state fair of minnesota	1	1	80	1883	1883	State fair of Minnesota		vol002_tropicalagricult18821883colo#1883-02#165
3159	state horticultural meeting	1	1	80	1886	1886	State Horticultural meeting		vol005_tropicalagricult18851886colo#1886-01#143
3160	stead v. anderson	1	1	80	1885	1885	Stead v. Anderson	legal case cited	vol005_tropicalagricult18851886colo#1885-07#134
3161	storey v. the chilworth gunpowder company	1	1	90	1890	1890	Storey v. the Chilworth Gunpowder Company	legal case	vol010_tropicalagricult1018ceyl#1890-08#128
3162	stormont laying tests	1	1	30	1938	1938	Stormont Laying Tests	laying test for hens	vol091_tropical-agriculturist-1938-11-91#1938-11#006
3163	straighthead	1	1	20	1922	1922	straighthead	disease of irrigated rice	vol059_tropicalagricult0059unse#1922-07#009
3164	stresa conference	1	1	30	1934	1934	Stresa Conference	conference	vol082_dli-ernet-229227#1934-05#011
3165	student's method	1	1	30	1935	1935	Student's method	statistical method	vol084_tropical-agriculturist-1935-03-84#1935-03#003
3166	sudan war	1	1	80	1887	1887	Soudan war		vol006_tropicalagricult18861887colo#1887-02#010
3167	sugar conference	1	1	80	1889	1889	Sugar Conference	held in England	vol008_tropicalagricult8188ceyl#1889-01#136
3168	sugar grant act	1	1	80	1882	1882	Sugar Grant Act	legislation encouraging cultivation	vol002_tropicalagricult18821883colo#1882-08#070
3169	sugar industry agricultural bank act, 1907	1	1	00	1909	1909	Sugar Industry Agricultural Bank Act, 1907	legislation	vol032_tropicalagricul321909ceyl#1909-04#033
3170	sugar industry commission in behar	1	1	00	1900	1900	Sugar Industry Commission in Behar	commission to enquire into the prospects of a profitable rev	vol020_tropicalagricult2019ceyl#1900-11#081
3171	sugar works guarantee act	1	1	90	1896	1896	Sugar Works Guarantee Act	legislation	vol016_tropicalagricult1618ceyl#1896-12#073
3172	sui dynasty	1	1	80	1884	1884	Sui dynasty	historical period	vol003_tropicalagricult18831884colo#1884-03#101
3173	sulphur dusting scheme	1	1	30	1936	1936	Sulphur Dusting Scheme		vol086_dli-ernet-229228#1936-08#013
3174	sumatra treaty of 1871	1	1	80	1886	1886	Sumatra treaty of 1871		vol006_tropicalagricult18861887colo#1886-11#053
3175	summer show	1	1	80	1884	1884	summer show		vol003_tropicalagricult18831884colo#1884-02#145
3176	sunset act	1	1	80	1884	1884	Sunset Act	law	vol004_tropicalagricult18841885colo#1884-09#053
3177	supply bill	1	1	80	1888	1888	Supply Bill	legislative document	vol008_tropicalagricult8188ceyl#1888-10#053
3178	supply bill for 1891	1	1	90	1891	1891	Supply Bill for 1891	legislative budget including vote for artesian wells	vol010_tropicalagricult1018ceyl#1891-02#085
3179	surma valley dinners	1	1	90	1896	1896	Surma Valley dinners	gathering of planters	vol016_tropicalagricult1618ceyl#1896-10#028
3180	survey and settlement conference	1	1	30	1939	1939	Survey and Settlement Conference	conference	vol092_tropical-agriculturist-1939-06-92#1939-06#013
3181	swansea conference	1	1	80	1882	1882	Swansea Conference	conference where note was read	vol002_tropicalagricult18821883colo#1882-10#035
3182	swathi	1	1	10	1918	1918	Swathi	month when rains cease	vol050_dli-ernet-21168#1918-01#008
3183	sydney and melbourne exhibitions	1	1	80	1882	1882	Sydney and Melbourne Exhibitions	events boosting trade	vol002_tropicalagricult18821883colo#1882-07#018
3184	sydney conference	1	1	90	1891	1891	Sydney Conference	conference on agricultural matters	vol010_tropicalagricult1018ceyl#1891-01#046
3185	syndicate movement	1	1	80	1881	1881	Syndicate movement		vol001_tropicalagricult1188ceyl#1881-09#057
3186	t. r. i. conference	1	1	30	1935	1935	T. R. I. Conference	Fourth Conference of the Institute	vol084_tropical-agriculturist-1935-05-84#1935-05#009
3187	t. r. i. conference, 1935	1	1	30	1935	1935	T. R. I. Conference, 1935	scheduled conference	vol084_tropical-agriculturist-1935-02-84#1935-02#011
3188	t.r.i. conference	1	1	30	1939	1939	T. R. I. Conference	Conference	vol092_tropical-agriculturist-1939-03-92#1939-03#010
3189	tabawng	1	1	00	1909	1909	Tabawng	month (about March)	vol032_tropicalagricul321909ceyl#1909-05#013
3190	tabodwe	1	1	00	1909	1909	Tabodwe	month (about January)	vol032_tropicalagricul321909ceyl#1909-05#013
3191	tagu	1	1	00	1909	1909	Tagu	month (about March)	vol032_tropicalagricul321909ceyl#1909-05#013
3192	taiping show	1	1	90	1895	1895	Taiping Show	previous exhibition	vol015_tropicalagricult1518ceyl#1895-10#036
3193	takkari law	1	1	90	1896	1896	Takkari law	agricultural loan law	vol015_tropicalagricult1518ceyl#1896-01#118
3194	talpe pattu garden competition	1	1	10	1918	1918	Talpe Pattu	arranged garden competition	vol051_iss04_tropical-agriculturist-1918-10-51-4#1918-10#020
3195	tamasha	1	1	80	1889	1889	tamasha	annual grand district event	vol009_tropicalagricult9188ceyl#1889-09#084
3196	tamil labour bill	1	1	00	1908	1908	Tamil Labour Bill	legislation	vol030_tropicalagricul301908ceyl#1908-05#073
3197	tammany tiger	1	1	90	1896	1896	Tammany Tiger	subject of cartoon	vol015_tropicalagricult1518ceyl#1896-02#051
3198	tariff act of 1897	1	1	00	1900	1900	Tariff Act	approved July 27, 1897	vol020_tropicalagricult2019ceyl#1900-07#132
3199	tariff question	1	1	90	1894	1894	Tariff Question	political issue	vol014_tropicalagricult1418ceyl#1894-11#123
3200	tasmanian agricultural conference	1	1	90	1891	1891	Tasmanian Agricultural Conference		vol010_tropicalagricult1018ceyl#1891-03#139
3201	tasmanian exhibition	1	1	90	1893	1893	Tasmanian Exhibition	exhibition	vol013_tropicalagricult1318ceyl#1893-09#093
3202	tasmanian international exhibition	1	1	90	1895	1895	Tasmanian International Exhibition	exhibition	vol014_tropicalagricult1418ceyl#1895-06#036
3203	tataparai scheme	1	1	00	1903	1903	TATAPARAI SCHEME	scheme tried in the district	vol022_tropicalagricult2219ceyl#1903-03#028
3204	tatura show	1	1	00	1901	1901	Tatura Show	local show	vol020_tropicalagricult2019ceyl#1901-01#014
3205	taubaté convention	1	1	00	1907	1907	Taubaté Convention	arrangement for the maintenance of coffee prices	vol028_tropicalagricul281907ceyl#1907-06#016
3206	tavoy siam road	1	1	80	1885	1885	TAVOY SIAM ROAD	road construction project	vol005_tropicalagricult18851886colo#1885-08#022
3207	tay bridge disaster	1	1	00	1900	1900	THE TAY BRIDGE	event referenced in prophecy	vol020_tropicalagricult2019ceyl#1900-12#074
3208	taylor testimonial	1	1	90	1891	1891	Taylor Testimonial	fundraising event	vol010_tropicalagricult1018ceyl#1891-02#115
3209	tazaungmon	1	1	00	1909	1909	Tazaungmon	month (about October)	vol032_tropicalagricul321909ceyl#1909-05#013
3210	tea adulteration act	1	1	80	1884	1884	Tea Adulteration Act	passed by Congress	vol003_tropicalagricult18831884colo#1884-04#101
3211	tea advertising campaign	1	1	90	1897	1897	Tea Advertising Campaign		vol017_tropicalagricult1718ceyl#1897-10#135
3212	tea and coconut research schemes	1	1	20	1925	1925	Tea and Coconut Research Schemes	research initiatives	vol064_lbg-630-5-tag-v-64#1925-04#001
3213	tea and rubber research schemes	1	1	20	1925	1925	Tea and Rubber Research Schemes	proposed schemes	vol065_iss02_tropical-agriculturist-1925-08-65-2#1925-08#011
3214	tea association regulations	1	1	80	1884	1884	Tea Association Regulations	regulations	vol004_tropicalagricult18841885colo#1884-09#087
3215	tea bill	1	1	80	1882	1882	Tea Bill	legislation under discussion	vol001_tropicalagricult1188ceyl#1882-02#064
3216	tea campaign	1	1	90	1899	1899	Tea Campaign	in America	vol018_tropicalagricult1818ceyl#1899-04#125
3217	tea campaign in america	1	1	90	1894	1894	Tea Campaign in America	marketing campaign	vol014_tropicalagricult1418ceyl#1894-08#018
3218	tea cess for india	1	1	00	1900	1900	Tea Cess for India	subject of discussion	vol020_tropicalagricult2019ceyl#1900-10#103
3219	tea congress and exhibition in java	1	1	20	1923	1923	Tea Congress and Exhibition in Java	event to be held in August next	vol061_tropicalagricult0061unse#1923-11#003
3220	tea congress, bandoeng, 1924	1	1	20	1925	1925	Tea Congress, Bandoeng, 1924	source of proceedings	vol065_iss02_tropical-agriculturist-1925-08-65-2#1925-08#003
3221	tea duty	1	1	00	1901	1901	Tea Duty		vol020_tropicalagricult2019ceyl#1901-03#114
3222	tea exclusion act	1	1	90	1899	1899	Tea Exclusion Act	legislation	vol019_tropicalagricult1918ceyl#1899-11#093
3223	tea exhibition for the colony	1	1	90	1891	1891	Tea Exhibition for the Colony	exhibition	vol010_tropicalagricult1018ceyl#1891-06#093
3224	tea exhibition in japan	1	1	80	1889	1889	A TEA EXHIBITION IN JAPAN	exhibition at Kobe	vol008_tropicalagricult8188ceyl#1889-06#005
3225	tea exploitation scheme for s india	1	1	00	1902	1902	Tea Exploitation Scheme for S India	scheme	vol022_tropicalagricult2219ceyl#1902-11#070
3226	tea farmers' conference at the galtan agricultural college	1	1	90	1897	1897	Tea Farmers' Conference at the Galtan Agricultural College		vol017_tropicalagricult1718ceyl#1897-10#033
3227	tea from seed to cup	1	1	90	1899	1899	Tea from Seed to Cup	series of papers	vol018_tropicalagricult1818ceyl#1899-06#009
3228	tea garden competition in udapalata, 1927-1928	1	1	20	1928	1928	Tea Garden Competition in Udapalata, 1927-1928	competition for small tea garden cultivators	vol071_tropical-agriculturist-1928-12-71#1928-12#015
3229	tea in foochow	1	1	90	1892	1892	TEA IN FOOCOW	article headline	vol012_tropicalagricult1218ceyl#1892-08#071
3230	tea inspection law	1	1	00	1903	1903	Tea Inspection Law	law defended by the Association	vol023_tropicalagricult2319ceyl#1903-07#052
3231	tea kiosk scheme	1	1	90	1891	1891	Tea Kiosk	advertising scheme	vol011_tropicalagricult1118ceyl#1891-12#010
3232	tea manure experiments	1	1	10	1915	1915	Tea Manure Experiments	6 years' experiments	vol044_lbg-tropicalagricultvol-xliv0000unse-e6v7#1915-02#003
3233	tea market	1	1	90	1898	1898	Tea Market	market experiencing fall in prices	vol018_tropicalagricult1818ceyl#1898-08#104
3234	tea patent exhibition at howrah	1	1	90	1894	1894	A TEA PATENT EXHIBITION AT HOWRAH	exhibition	vol014_tropicalagricult1418ceyl#1894-08#115
3235	tea research conference, 1929	1	1	20	1929	1929	Tea Research Conference, 1929	Conference	vol072_dli-ernet-229221#1929-05#026
3236	tea restriction scheme	1	1	30	1933	1933	Tea Restriction Scheme	agreement between India, Ceylon and the Netherlands East Ind	vol081_iss06_tropical-agriculturist-1933-12-81-6#1933-12#004
3237	tea roller case	1	1	90	1893	1893	Tea Roller case	legal dispute	vol012_tropicalagricult1218ceyl#1893-05#002
3238	tea roller patent case	1	1	90	1892	1892	Tea Roller Patent Case	legal case reported in the overland edition	vol011_tropicalagricult1118ceyl#1892-05#085
3239	tea scientific conference	1	1	40	1941	1941	Tea Scientific Conference	Conference	vol097_iss02_tropical-agriculturist-1941-08-97-2#1941-08#013
3240	tea scientific conference, south india	1	1	40	1941	1941	Tea Scientific Conference, South India	Conference	vol096_dli-ernet-229230#1941-06#007
3241	tea-guild regulations	1	1	90	1896	1896	Tea-Guild Regulations	regulations issued following a meeting in 1884	vol016_tropicalagricult1618ceyl#1896-07#084
3242	teachers' conference at kandy	1	1	10	1918	1918	Teachers' Conference	educational conference	vol051_iss03_tropical-agriculturist-1918-09-51-3#1918-09#001
3243	teachers' course	1	1	20	1922	1922	Teachers' Course	event at Mico College	vol059_tropicalagricult0059unse#1922-08#009
3244	technical instruction act	1	1	90	1891	1891	Technical Instruction Act	legislation	vol010_tropicalagricult1018ceyl#1891-02#083
3245	teevali	1	1	90	1897	1897	Teevali	festival associated with drunkenness	vol017_tropicalagricult1718ceyl#1897-11#077
3246	telamon	1	1	80	1889	1889	Telamon	ship	vol009_tropicalagricult9188ceyl#1889-10#018
3247	teldeniya market show	1	1	30	1930	1930	Teldeniya Market Show	market show	vol074_dli-ernet-229223#1930-02#020
3248	teldeniya show	1	1	10	1910	1910	Teldeniya Show		vol035_tropicalagricul351910ceyl#1910-08#024
3249	telijjawila a. h. show	1	1	00	1909	1909	TELIJJAWILA A. H. SHOW.	agricultural show, August 25th, 1909	vol033_tropicalagricul331909ceyl#1909-11#040
3250	temperance exhibitions	1	1	00	1901	1901	Temperance Exhibitions		vol021_tropicalagricult2119ceyl#1901-07#068
3251	temple lands survey	1	1	80	1888	1888	Temple Lands survey		vol008_tropicalagricult8188ceyl#1888-10#053
3252	temple show	1	1	10	1912	1912	Temple Show	exhibition of live stock	vol038_tropicalagricul381912ceyl#1912-01#016
3253	temporalities act	1	1	90	1894	1894	Temporalities Act	legislation regarding temple endowments	vol014_tropicalagricult1418ceyl#1894-11#033
3254	tenancy act	1	1	90	1898	1898	Tenancy Act	legislation	vol017_tropicalagricult1718ceyl#1898-05#110
3255	tenth ordinary general meeting of the lanka plantation company, limited	1	1	90	1891	1891	Tenth Ordinary General Meeting of the Lanka Plantation Company, Limited	meeting	vol010_tropicalagricult1018ceyl#1891-01#086
3256	texas fever	1	1	00	1906	1906	Texas fever	disease in cattle	vol027_tropicalagricul271906ceyl#1906-09#021
3257	texas tick fever	1	1	20	1921	1921	Texas Tick Fever	disease	vol057_in-ernet-dli-2015-230764#1921-09#012
3258	textile fabrics exhibition	1	1	80	1885	1885	Textile Fabrics Exhibition	exhibition	vol004_tropicalagricult18841885colo#1885-06#031
3259	thadingyut	1	1	00	1909	1909	Thadingyut	month (about October)	vol032_tropicalagricul321909ceyl#1909-05#013
3260	thai pongal	1	1	90	1897	1897	Thai Pongal	festival	vol017_tropicalagricult1718ceyl#1897-11#077
3261	the agricultural exhibition	1	1	90	1898	1898	The Agricultural Exhibition		vol018_tropicalagricult1818ceyl#1898-08#065
3262	the all-ceylon exhibition	1	1	10	1912	1912	The All-Ceylon Exhibition	subject of Board meeting	vol039_tropicalagricul391912ceyl#1912-08#030
3263	the avenue rubber. one-third resting experiment	1	1	30	1930	1930	The Avenue Rubber. One-Third Resting Experiment	experiment started on April 2nd, 1928	vol074_dli-ernet-229223#1930-07#014
3264	the battle of the driers	1	1	80	1886	1886	The Battle of the Driers	debate on tea driers in Ceylon	vol005_tropicalagricult18851886colo#1886-02#045
3265	the bleeding disease	1	1	10	1912	1912	The Bleeding disease	disease outbreak	vol039_tropicalagricul391912ceyl#1912-09#019
3266	the budget	1	1	90	1896	1896	the Budget		vol016_tropicalagricult1618ceyl#1896-07#126
3267	the chemistry of tea	1	1	90	1897	1897	The Chemistry of Tea	subject of lecture	vol016_tropicalagricult1618ceyl#1897-04#028
3268	the colonial and indian exhibition	1	1	80	1887	1887	THE COLONIAL AND INDIAN EXHIBITION	exhibition	vol006_tropicalagricult18861887colo#1887-01#095
3269	the colonial and indian exhibition at south kensington	1	1	80	1886	1886	THE COLONIAL AND INDIAN EXHIBITION AT SOUTH KENSINGTON	exhibition	vol006_tropicalagricult18861887colo#1886-12#052
3270	the conference	1	1	80	1883	1883	the Conference	where report was presented	vol002_tropicalagricult18821883colo#1883-03#125
3271	the destructive insects and pests (ireland) order, 1922	1	1	20	1923	1923	The Destructive Insects and Pests (Ireland) Order, 1922	Order issued	vol060_lbg-tropicalagricultvol-lx-1923-0000unse-n0c4#1923-05#015
3272	the destructive insects and pests (northern ireland) order of 1922	1	1	20	1923	1923	The Destructive Insects and Pests (Northern Ireland) Order of 1922	order issued	vol060_lbg-tropicalagricultvol-lx-1923-0000unse-n0c4#1923-04#018
3273	the destructive insects and pests act, 1907	1	1	10	1910	1910	The Destructive Insects and Pests Act, 1907	legislation	vol034_tropicalagricul341910ceyl#1910-04#035
3274	the destructive pests ordinance 1908	1	1	00	1909	1909	The Destructive Pests Ordinance 1908	Ordinance to prevent the introduction into the Colony of pes	vol032_tropicalagricul321909ceyl#1909-02#045
3275	the garton lectures on colonial and indian agriculture	1	1	00	1900	1900	The Garton lectures on Colonial and Indian Agriculture	course of lectures	vol020_tropicalagricult2019ceyl#1900-10#161
3276	the great european war	1	1	20	1928	1928	The Great European War	historical event	vol070_dli-ernet-229220#1928-06#014
3277	the great war	1	1	10	1919	1919	The Great War	historical event	vol053_iss03_tropical-agriculturist-1919-09-53-3#1919-09#010
3278	the insect pests amendment act, 1898	1	1	00	1901	1901	The Insect Pests Amendment Act, 1898	legislation	vol021_tropicalagricult2119ceyl#1901-10#003
3279	the marsh lectures	1	1	90	1893	1893	The Marsh Lectures	lecture series	vol012_tropicalagricult1218ceyl#1893-06#139
3280	the mines and machinery protection ordinance, 1896	1	1	00	1901	1901	The Mines and Machinery Protection Ordinance, 1896	ordinance	vol020_tropicalagricult2019ceyl#1901-05#042
3281	the mines regulation ordinance, 1890	1	1	90	1890	1890	The Mines Regulation Ordinance, 1890	Ordinance relating to Mines of Gold, Silver, and Precious St	vol009_tropicalagricult9188ceyl#1890-02#090
3282	the new avenue rubber manurial experiment	1	1	30	1932	1932	The New Avenue Rubber Manurial Experiment	manurial experiment	vol079_iss01_tropical-agriculturist-1932-07-79-1#1932-07#013
3283	the plant pests ordinance, 1907	1	1	10	1918	1918	The Plant Pests Ordinance, 1907	legislation	vol051_iss04_tropical-agriculturist-1918-10-51-4#1918-10#016
3284	the plant protection ordinance	1	1	30	1933	1933	The Plant Protection Ordinance	No. 10 of 1924	vol081_iss06_tropical-agriculturist-1933-12-81-6#1933-12#002
3285	the revolution in brazil	1	1	90	1894	1894	The Revolution in Brazil	political event affecting shipments	vol013_tropicalagricult1318ceyl#1894-02#033
3286	the sale of diseased plants (ireland) order, 1922	1	1	20	1923	1923	The Sale of Diseased Plants (Ireland) Order, 1922	Order issued	vol060_lbg-tropicalagricultvol-lx-1923-0000unse-n0c4#1923-05#015
3287	the sale of food and drugs act 1875	1	1	90	1890	1890	The Sale of Food and Drugs Act 1875	legislation governing tea inspection	vol010_tropicalagricult1018ceyl#1890-11#102
3288	the scale of diseased plants (northern ireland) order of 1922	1	1	20	1923	1923	The scale of Diseased Plants (Northern Ireland) Order of 1922	order issued	vol060_lbg-tropicalagricultvol-lx-1923-0000unse-n0c4#1923-04#018
3289	the show	1	1	80	1889	1889	The Show	agricultural exhibition	vol009_tropicalagricult9188ceyl#1889-10#024
3290	the third international congress of soil science, 1935	1	1	30	1936	1936	The Third International Congress of Soil Science, 1935		vol086_dli-ernet-229228#1936-03#014
3291	the times of ceylon war fund	1	1	40	1941	1941	The Times of Ceylon War Fund	fund	vol096_dli-ernet-229230#1941-01#008
3292	the water hyacinth ordinance	1	1	30	1933	1933	The Water Hyacinth Ordinance	No. 4 of 1909	vol081_iss06_tropical-agriculturist-1933-12-81-6#1933-12#002
3293	the world's industrial and cotton centennial exposition	1	1	80	1885	1885	The World's Industrial and Cotton Centennial Exposition	exposition in New Orleans	vol004_tropicalagricult18841885colo#1885-03#087
3294	third agricultural conference	1	1	20	1928	1928	Third Agricultural Conference	opened by His Excellency the Governor on May 7th	vol070_dli-ernet-229220#1928-05#002
3295	third conference of the t.r.i.	1	1	30	1932	1932	Third Conference	Conference	vol078_tropical-agriculturist-1932-05-78#1932-05#007
3296	third conference of the tea research institute of ceylon	1	1	30	1933	1933	Third Conference of the Institute	Conference	vol080_dli-ernet-229226#1933-06#015
3297	third imperial botanical conference	1	1	30	1936	1936	Third Imperial Botanical Conference	conference	vol086_dli-ernet-229228#1936-02#007
3298	third imperial entomological conference	1	1	30	1930	1930	THIRD IMPERIAL ENTOMOLOGICAL CONFERENCE	conference to be held in London in June 1930	vol074_dli-ernet-229223#1930-04#004
3299	third international congress for workmen's gardens	1	1	10	1914	1914	Third International Congress for Workmen's Gardens	Brussels, autumn, 1910	vol042_lbg-630-5-tag-v-42#1914-06#031
3300	third international congress of soil science	1	1	30	1936	1936	Third International Congress of Soil Science	conference	vol086_dli-ernet-229228#1936-02#007
3301	third international congress of soil science, 1935	1	1	30	1936	1936	THE THIRD INTERNATIONAL CONGRESS OF SOIL SCIENCE, 1935		vol086_dli-ernet-229228#1936-04#003
3302	third international exhibition	1	1	10	1912	1912	Third International Exhibition	exhibition for plantation produce	vol039_tropicalagricul391912ceyl#1912-11#087
3303	third international rubber and allied trades exposition	1	1	10	1911	1911	Third International Rubber and Allied Trades Exposition	exposition, New York City	vol037_tropicalagricul371911ceyl#1911-11#068
3304	third international rubber exposition	1	1	10	1913	1913	Third International Rubber Exposition		vol040_lbg-630-5-tag-v-40#1913-01#008
3305	third punic war	1	1	80	1889	1889	third Punic war	war	vol009_tropicalagricult9188ceyl#1889-09#057
3306	thirteenth state fruit-growers' convention	1	1	90	1895	1895	Thirteenth State Fruit-growers' Convention	convention	vol014_tropicalagricult1418ceyl#1895-05#152
3307	thirty years' war	1	1	90	1894	1894	Thirty Years' War		vol013_tropicalagricult1318ceyl#1894-03#068
3308	thom v. worthing skating rink co.	1	1	90	1892	1892	Thom v. Worthing Skating Rink Co.	legal case	vol012_tropicalagricult1218ceyl#1892-10#053
3309	three korales agricultural show	1	1	10	1918	1918	Three Korales	agricultural show at Ruwanwella	vol051_iss04_tropical-agriculturist-1918-10-51-4#1918-10#020
3310	tientsin treaty	1	1	90	1897	1897	Tient-sin Treaty	treaty	vol016_tropicalagricult1618ceyl#1897-02#088
3311	timber ordinance	1	1	90	1896	1896	Timber Ordinance	law granting powers to Executive Government	vol016_tropicalagricult1618ceyl#1896-10#121
3312	tiptree system	1	1	80	1883	1883	Tiptree system	farming system	vol003_tropicalagricult18831884colo#1883-07#091
3313	tire federal	1	1	00	1902	1902	International Shooting Contest, "Tire Federal"	shooting contest	vol022_tropicalagricult2219ceyl#1902-07#035
3314	titanic	1	1	10	1914	1914	Titanic	wrecked ship	vol042_lbg-630-5-tag-v-42#1914-04#061
3315	tobacco exhibition	1	1	00	1908	1908	Tobacco Exhibition	exhibition taking place on the 21st	vol030_tropicalagricul301908ceyl#1908-04#088
3316	tobacco prize competition	1	1	90	1890	1890	Tobacco Prize Competition	competition for colonial-grown tobacco	vol010_tropicalagricult1018ceyl#1890-11#106
3317	toondu system	1	1	90	1895	1895	Toondu system	labour recruitment system	vol014_tropicalagricult1418ceyl#1895-06#071
3318	toronto exhibition	1	1	80	1885	1885	Toronto Exhibition	exhibition	vol005_tropicalagricult18851886colo#1885-08#072
3319	toungya	1	1	80	1882	1882	Toungya	shifting cultivation practice	vol002_tropicalagricult18821883colo#1882-10#012
3320	townsville show	1	1	80	1884	1884	Townsville show	exhibition	vol003_tropicalagricult18831884colo#1884-02#007
3321	trade marks protection act	1	1	80	1888	1888	Trade Marks Protection Act	legislation	vol007_tropicalagricult7188ceyl#1888-01#021
3322	trans-andean coffee expedition of 1891	1	1	90	1891	1891	Trans-Andean Coffee Expedition of 1891	exploring party	vol010_tropicalagricult1018ceyl#1891-03#082
3323	trans-missouri dry farming congress	1	1	00	1909	1909	Trans-Missouri Dry Farming Congress	Second Session	vol032_tropicalagricul321909ceyl#1909-06#022
3324	transaal convention	1	1	00	1909	1909	TRANSAAL CONVENTION		vol033_tropicalagricul331909ceyl#1909-11#057
3325	travancore agricultural exhibition for 1892	1	1	90	1892	1892	Travancore Agricultural Exhibition for 1892	exhibition	vol012_tropicalagricult1218ceyl#1892-09#009
3326	travel and tropical exhibition	1	1	00	1909	1909	Travel and Tropical Exhibition	to take place in July	vol032_tropicalagricul321909ceyl#1909-03#039
3327	travelling agricultural show	1	1	80	1887	1887	Travelling Agricultural Show	agricultural exhibition	vol006_tropicalagricult18861887colo#1887-02#027
3328	treatt v. domeier & co.	1	1	90	1896	1896	Treatt v. Domeier & Co.	legal case	vol015_tropicalagricult1518ceyl#1896-06#110
3329	treatt-domeier citronella-oil dispute	1	1	90	1896	1896	Treatt-Domeier citronella-oil dispute	legal dispute	vol015_tropicalagricult1518ceyl#1896-06#041
3330	treaty of 1824	1	1	80	1888	1888	treaty of 1824	treaty	vol007_tropicalagricult7188ceyl#1888-04#020
3331	treaty of breda	1	1	00	1900	1900	Treaty of Breda	treaty	vol019_tropicalagricult1918ceyl#1900-01#073
3332	treaty of london	1	1	90	1893	1893	Treaty of London		vol013_tropicalagricult1318ceyl#1893-10#079
3333	treaty of nankin	1	1	80	1888	1888	Treaty of Nankin	fixed export duty	vol007_tropicalagricult7188ceyl#1888-01#046
3334	treaty of nanking	1	1	90	1896	1896	Treaty of Nanking	1842	vol016_tropicalagricult1618ceyl#1896-12#081
3335	treaty of yandaboo	1	1	80	1883	1883	Treaty of Yandaboo	treaty	vol003_tropicalagricult18831884colo#1883-07#013
3336	trincomalee poultry show	1	1	00	1902	1902	Trincomalee Poultry Show	exhibition	vol022_tropicalagricult2219ceyl#1902-10#096
3337	trincomalie agricultural and industrial show, 1924	1	1	20	1924	1924	Trincomalie Agricultural and Industrial Show, 1924	agricultural and industrial show	vol062_lbg-630-5-tag-v-62#1924-06#013
3338	tring show	1	1	10	1913	1913	Tring Show	event where cow Rose 26th was exhibited	vol040_lbg-630-5-tag-v-40#1913-04#013
3339	trinidad agricultural exhibition	1	1	90	1898	1898	Trinidad Agricultural Exhibition	exhibition	vol018_tropicalagricult1818ceyl#1898-08#107
3340	tropical agricultural portrait gallery	1	1	90	1893	1893	Tropical Agricultural Portrait Gallery	series	vol013_tropicalagricult1318ceyl#1893-07#159
3341	tropical agriculture	1	1	00	1909	1909	Tropical Agriculture	section	vol032_tropicalagricul321909ceyl#1909-01#063
3342	tropical agriculture, international congress and colonial developments	1	1	10	1910	1910	Tropical Agriculture, International Congress and Colonial Developments		vol034_tropicalagricul341910ceyl#1910-01/06#001
3343	tropical congress	1	1	20	1922	1922	Tropical Congress	conference	vol059_tropicalagricult0059unse#1922-07#013
3344	truce of god	1	1	90	1899	1899	Truce of God	proposal	vol018_tropicalagricult1818ceyl#1899-06#120
3345	tsin dynasty	1	1	80	1882	1882	Tsin dynasty		vol002_tropicalagricult18821883colo#1882-07#010
3346	tuilleries exhibition	1	1	00	1902	1902	Tuilleries Exhibition	exhibition with tea bar	vol022_tropicalagricult2219ceyl#1902-07#035
3347	tunbridge wells show	1	1	10	1914	1914	Tunbridge Wells Show	poultry show	vol042_lbg-630-5-tag-v-42#1914-05#055
3348	tundu system	1	1	90	1895	1895	Tundu	labour system	vol015_tropicalagricult1518ceyl#1895-11#135
3349	tungabadra project	1	1	80	1887	1887	Tungabadra Project	irrigation scheme	vol007_tropicalagricult7188ceyl#1887-12#062
3350	turin exhibition	1	1	10	1911	1911	Turin Exhibition	exhibition	vol037_tropicalagricul371911ceyl#1911-11#042
3351	turin exhibition of 1911	1	1	10	1910	1910	Turin Exhibition of 1911	exhibition	vol035_tropicalagricul351910ceyl#1910-07#059
3352	turin exposition	1	1	10	1912	1912	Turin Exposition	source of report	vol038_tropicalagricul381912ceyl#1912-02#002
3353	turkish and central asian raids	1	1	80	1884	1884	Turkish and Central Asian raids	context for horse biscuit use	vol004_tropicalagricult18841885colo#1884-11#028
3354	turkish bath	1	1	80	1885	1885	Turkish bath	reference for moist heat	vol005_tropicalagricult18851886colo#1885-07#103
3355	turkish domination	1	1	10	1911	1911	Turkish domination	period of rule	vol037_tropicalagricul371911ceyl#1911-09#027
3356	turnour prize	1	1	10	1911	1911	Turnour prize	annual competition	vol037_tropicalagricul371911ceyl#1911-10#010
3357	tuticorin pearl fishery	1	1	90	1891	1891	TUTICORIN PEARL FISHERY	fishery of 1890	vol010_tropicalagricult1018ceyl#1891-05#006
3358	twelfth annual ordinary general meeting of shareholders	1	1	90	1899	1899	Twelfth Annual Ordinary General Meeting of Shareholders	meeting	vol018_tropicalagricult1818ceyl#1899-06#018
3359	twelfth ordinary general meeting	1	1	90	1899	1899	twelfth ordinary general meeting	meeting	vol018_tropicalagricult1818ceyl#1899-06#032
3360	twelve months laying competition	1	1	10	1913	1913	TWELVE MONTHS LAYING COMPETITION	competition	vol041_lbg-vol-xli-tropicalagricult0000dewi-t3r5#1913-10#061
3361	twenty-fifth annual meeting of the british pharmaceutical conference	1	1	80	1888	1888	Twenty-fifth Annual Meeting of the British Pharmaceutical Conference	meeting where papers were read	vol008_tropicalagricult8188ceyl#1888-12#063
3362	twenty-first ordinary general meeting	1	1	80	1886	1886	Twenty-first Ordinary General Meeting	meeting of the company	vol006_tropicalagricult18861887colo#1886-10#001
3363	twenty-ninth ordinary general meeting of the company	1	1	90	1892	1892	Twenty-ninth Ordinary General Meeting of the Company	meeting	vol012_tropicalagricult1218ceyl#1892-09#073
3364	twenty-second ordinary general meeting	1	1	80	1887	1887	Twenty-second Ordinary General Meeting	meeting of the company	vol007_tropicalagricult7188ceyl#1887-10#035
3365	twenty-third ordinary general meeting of the company	1	1	80	1886	1886	Twenty-Third Ordinary General Meeting of the Company	meeting	vol006_tropicalagricult18861887colo#1886-10#002
3366	typhoid fever epidemic	1	1	80	1883	1883	typhoid fever	epidemic	vol002_tropicalagricult18821883colo#1883-04#123
3367	typhus	1	1	40	1945	1945	typhus	disease affected by yeast	vol101_iss04_tropical-agriculturist-october-december-1945-101-4#1945-10/12#012
3368	u. p. a. meeting	1	1	10	1910	1910	U. P. A. Meeting	meeting	vol035_tropicalagricul351910ceyl#1910-09#054
3369	u. s. centennial exposition, 1876	1	1	80	1881	1881	U. S. Centennial Exposition, 1876		vol001_tropicalagricult1188ceyl#1881-09#186
3370	u.p.a.s.i. miniature exhibition	1	1	10	1910	1910	U.P.A.S.I. MINIATURE EXHIBITION	side-show to the Annual Meeting	vol035_tropicalagricul351910ceyl#1910-09#060
3371	u.s.a. conference of governors	1	1	00	1909	1909	U.S.A. Conference of Governors		vol032_tropicalagricul321909ceyl#1909-01/06#001
3372	uddu-piddi garden competition	1	1	10	1918	1918	Uddu-piddi	arranged garden competition	vol051_iss04_tropical-agriculturist-1918-10-51-4#1918-10#020
3373	unemployment committee of 1927	1	1	30	1930	1930	Unemployment Committee of 1927		vol074_dli-ernet-229223#1930-12#010
3374	unichchai scheme	1	1	40	1941	1941	Unichchai scheme	irrigation scheme	vol096_dli-ernet-229230#1941-04#008
3375	united planters' association conference	1	1	00	1903	1903	United Planters' Association Conference	conference at Bangalore	vol023_tropicalagricult2319ceyl#1903-10#036
3376	united planters' association of southern india meeting	1	1	90	1897	1897	U. P. A. S. I. Meeting		vol016_tropicalagricult1618ceyl#1897-01#009
3377	united states cotton futures act	1	1	10	1917	1917	United States Cotton Futures Act	legislation	vol049_iss02_tropical-agriculturist-1917-08-49-2#1917-08#022
3378	united states grain standards act	1	1	10	1917	1917	United States Grain Standards Act	legislation	vol049_iss02_tropical-agriculturist-1917-08-49-2#1917-08#022
3379	united states pure food laws	1	1	30	1936	1936	United States Pure Food Laws	regulations	vol086_dli-ernet-229228#1936-08#009
3380	united states warehouse act	1	1	10	1917	1917	United States Warehouse Act	legislation	vol049_iss02_tropical-agriculturist-1917-08-49-2#1917-08#022
3381	universal exhibition of 1873	1	1	10	1912	1912	Universal Exhibition held at Vienna in 1873	exhibition	vol038_tropicalagricul381912ceyl#1912-01#006
3382	universal exhibition of 1878	1	1	00	1902	1902	Universal Exhibition of 1878	Exhibition	vol022_tropicalagricult2219ceyl#1902-09#031
3383	universal exhibition of 1900	1	1	00	1902	1902	Universal Exhibition of 1900	exhibition	vol021_tropicalagricult2119ceyl#1902-01#007
3384	universal exposition of london	1	1	80	1882	1882	Universal Exposition of London	1862	vol001_tropicalagricult1188ceyl#1882-06#047
3385	universal international exhibition of 1900	1	1	00	1900	1900	UNIVERSAL INTERNATIONAL EXHIBITION TO BE HELD AT PARIS, 1900	exhibition	vol020_tropicalagricult2019ceyl#1900-07#023
3386	upasi meeting	1	1	00	1903	1903	U P A S I Meeting	meeting	vol022_tropicalagricult2219ceyl#1903-02#102
3387	urugasmahandiya camp	1	1	00	1904	1904	Urugasmahandiya Camp	shooting camp	vol023_tropicalagricult2319ceyl#1904-03#090
3388	usury law no. 2655	1	1	10	1918	1918	usury law, No. 2655	law against usury	vol051_iss06_tropical-agriculturist-1918-12-51-6#1918-12#020
3389	uva agri-horticultural show	1	1	00	1906	1906	Uva Agri-Horticultural Show	event held at Badulla	vol027_tropicalagricul271906ceyl#1906-07#036
3390	uva agricultural show	1	1	00	1907	1907	UVA AGRICULTURAL SHOW	agricultural show	vol028_tropicalagricul281907ceyl#1907-05#032
3391	v-j day	1	1	40	1945	1945	V-J Day	Celebration	vol101_iss04_tropical-agriculturist-october-december-1945-101-4#1945-10/12#016
3392	vaganeri	1	1	10	1912	1912	Vaganeri	irrigation scheme	vol038_tropicalagricul381912ceyl#1912-05#012
3393	vaganeri scheme	1	1	10	1912	1912	Vaganeri scheme	irrigation scheme	vol038_tropicalagricul381912ceyl#1912-06#014
3394	van den bosch's system	1	1	80	1887	1887	Van den Bosch's system		vol006_tropicalagricult18861887colo#1887-05#142
3395	vanderbilt-marlborough wedding	1	1	90	1896	1896	Vanderbilt-Marlborough wedding	wedding	vol016_tropicalagricult1618ceyl#1896-07#025
3396	vasco da gama and indian celebration exhibition	1	1	90	1896	1896	Vasco da Gama and Indian Celebration Exhibition	exhibition in Lisbon	vol016_tropicalagricult1618ceyl#1896-12#060
3397	vedalia experiment	1	1	90	1898	1898	Vedalia experiment	biological control experiment	vol018_tropicalagricult1818ceyl#1898-08#044
3398	vegetable exhibits competition at chunnakam and chavakachcheri	1	1	20	1929	1929	Vegetable Exhibits Competition at Chunnakam and Chavakachcheri	competition for best vegetable exhibits	vol072_dli-ernet-229221#1929-08#012
3399	vegetable garden competition in harispattu	1	1	20	1928	1928	Vegetable Garden Competition in Harispattu	competition for small holders	vol071_tropical-agriculturist-1928-10-71#1928-10#019
3400	vegetable garden competition in kalutara district	1	1	30	1930	1930	Vegetable Garden Competition in Kalutara District	competition held during 1929-30	vol074_dli-ernet-229223#1930-07#016
3401	vegetable garden competition, pallesiya pattu and ambanganga korale in matale east, 1929-30	1	1	30	1930	1930	Vegetable Garden Competition, Pallesiya Pattu and Ambanganga Korale in Matale East, 1929-30	competition	vol074_dli-ernet-229223#1930-09#003
3402	vegetable garden competition: walapane	1	1	20	1927	1927	Vegetable Garden Competition: Walapane	1926-27	vol069_tropical-agriculturist-1927-12-69#1927-12#020
3403	vegetable garden competitions	1	1	20	1922	1922	Vegetable Garden Competitions	competition	vol059_tropicalagricult0059unse#1922-09#009
3404	vegetarian congress	1	1	90	1891	1891	Vegetarian Congress		vol010_tropicalagricult1018ceyl#1891-02#045
3405	vegetation diseases act	1	1	00	1908	1908	Vegetation Diseases Act	regulation	vol030_tropicalagricul301908ceyl#1908-04#033
3406	velakkedu	1	1	10	1914	1914	Velakkedu	festival	vol043_lbg-tropicalagricultvol-xliii0000unse-c5y3#1914-12#033
3407	victoria commemoration buildings scheme	1	1	00	1900	1900	Victoria Commemoration Buildings	scheme to commemorate the reign of Queen Victoria	vol019_tropicalagricult1918ceyl#1900-06#172
3408	victorian act	1	1	00	1902	1902	Victorian Act	old regulations	vol021_tropicalagricult2119ceyl#1902-03#076
3409	victorian era exhibition	1	1	90	1896	1896	Victorian Era Exhibition	1897 season	vol016_tropicalagricult1618ceyl#1896-12#089
3410	vienna exhibition of 1873	1	1	90	1894	1894	Vienna Exhibition of 1873		vol014_tropicalagricult1418ceyl#1894-08#149
3411	village agricultural shows	1	1	10	1918	1918	Village Agricultural Shows	proposals for grants	vol050_dli-ernet-21168#1918-01#004
3412	village communities ordinance, 1871	1	1	90	1890	1890	Village Communities Ordinance, 1871	ordinance	vol010_tropicalagricult1018ceyl#1890-10#109
3413	village show at kalawellawa	1	1	10	1913	1913	Village Show at Kalawellawa	fourth Village Show in the Pasdum Korale East	vol040_lbg-630-5-tag-v-40#1913-06#036
3414	village shows	1	1	10	1918	1918	Village Shows	events in Kegalle and Nuwara Eliya districts	vol051_iss01_tropical-agriculturist-1918-07-51-1#1918-07#004
3415	ville series	1	1	80	1886	1886	Ville Series	experimental series	vol005_tropicalagricult18851886colo#1886-05#137
3416	visitors' day at bandirippuwa	1	1	30	1934	1934	Visitors' Day at Bandirippuwa	event	vol082_dli-ernet-229227#1934-08#020
3417	vith international exhibition of rubber and other tropical products	1	1	20	1928	1928	VIth International Exhibition of Rubber and other Tropical Products	Brussels, April, 1924	vol071_tropical-agriculturist-1928-09-71#1928-09#006
3418	vocational education act	1	1	10	1917	1917	Vocational Education Act	legislation	vol049_iss02_tropical-agriculturist-1917-08-49-2#1917-08#022
3419	w. a. scholten	1	1	80	1888	1888	W. A. Scholten	steamer involved in disaster	vol007_tropicalagricult7188ceyl#1888-05#107
3420	wadduwa show	1	1	10	1918	1918	Wadduwa Show	show held on 1st of June, 1918	vol051_iss01_tropical-agriculturist-1918-07-51-1#1918-07#006
3421	wagaung	1	1	00	1909	1909	Wagaung	month (about July)	vol032_tropicalagricul321909ceyl#1909-05#013
3422	walapane agricultural show	1	1	10	1918	1918	Walapane	agricultural show at Nildandahinna	vol051_iss04_tropical-agriculturist-1918-10-51-4#1918-10#020
3423	walapane chillie cultivation competition	1	1	20	1928	1928	Walapane Chillie Cultivation Competition		vol071_tropical-agriculturist-1928-08-71#1928-08#023
3424	walapane show	1	1	20	1925	1925	Walapane Show	event	vol065_iss04_tropical-agriculturist-1925-10-65-4#1925-10#016
3425	walawa ganga scheme	1	1	20	1928	1928	Walawa Ganga Scheme	Irrigation scheme	vol070_dli-ernet-229220#1928-06#022
3426	walawe right bank scheme	1	1	10	1919	1919	Walawe Right Bank Scheme	irrigation scheme	vol052_iss05_tropical-agriculturist-1919-05-52-5#1919-05#009
3427	waltham abbey petty sessions	1	1	90	1891	1891	Waltham Abbey Petty Sessions	court examination	vol011_tropicalagricult1118ceyl#1891-09#103
3428	war between japan and china	1	1	90	1894	1894	The War between Japan and China		vol014_tropicalagricult1418ceyl#1894-09#063
3429	war distribution	1	1	10	1915	1915	War distribution	seed distribution scheme	vol045_lbg-630-5-tag-v-45#1915-09#044
3430	war loan	1	1	10	1918	1918	War Loan	financial campaign	vol050_dli-ernet-21168#1918-05#016
3431	war of secession	1	1	90	1893	1893	War of Secession		vol012_tropicalagricult1218ceyl#1893-03#108
3432	war revenue act of 1898	1	1	00	1900	1900	War Revenue Act of 1898		vol019_tropicalagricult1918ceyl#1900-03#014
3433	war tax repeal bill	1	1	00	1902	1902	War Tax Repeal Bill	legislation affecting the tea market	vol021_tropicalagricult2119ceyl#1902-06#045
3434	war with france	1	1	80	1885	1885	war with France		vol004_tropicalagricult18841885colo#1885-04#011
3435	warehousemen's certificates bill	1	1	90	1896	1896	Warehousemen's Certificates Bill	Bill affecting the title of tea warrants	vol015_tropicalagricult1518ceyl#1896-06#058
3436	warrior	1	1	80	1886	1886	Warrior	ship	vol006_tropicalagricult18861887colo#1886-10#087
3437	wars of the roses	1	1	80	1885	1885	Wars of the Roses	historical conflict associated with sweating sickness	vol005_tropicalagricult18851886colo#1885-10#009
3438	warwick and stanthorpe shows	1	1	90	1890	1890	Warwick and Stanthorpe shows	agricultural shows	vol009_tropicalagricult9188ceyl#1890-01#093
3439	washington pure food show	1	1	90	1896	1896	Washington Pure Food Show		vol015_tropicalagricult1518ceyl#1896-03#067
3440	waste land ordinance	1	1	30	1930	1930	Waste Land Ordinance	legislation	vol075_tropical-agriculturist-1930-11-75#1930-11#006
3441	water act 1905	1	1	10	1910	1910	Water Act 1905	legislation	vol034_tropicalagricul341910ceyl#1910-05#033
3442	water conservation act of 1881	1	1	80	1887	1887	Water Conservation Act of 1881	legislation	vol007_tropicalagricult7188ceyl#1887-12#016
3443	waterloo	1	1	90	1892	1892	Waterloo		vol011_tropicalagricult1118ceyl#1892-01#030
3444	wayung	1	1	80	1883	1883	Wayung	Chinese play	vol003_tropicalagricult18831884colo#1883-09#094
3445	wazo	1	1	00	1909	1909	Wazo	month (about June)	vol032_tropicalagricul321909ceyl#1909-05#013
3446	weights and measures act	1	1	90	1891	1891	Weights and Measures Act	legislation	vol011_tropicalagricult1118ceyl#1891-11#035
3447	welcome nugget	1	1	80	1881	1881	Welcome Nugget	colossal nugget	vol001_tropicalagricult1188ceyl#1881-06#060
3448	weliara sunday market	1	1	10	1917	1917	Weliara Sunday Market	market	vol048_iss05_tropical-agriculturist-1917-05-48-5#1917-05#025
3449	weligam korale agricultural show	1	1	10	1918	1918	Weligam Korale	arranged agricultural show	vol051_iss04_tropical-agriculturist-1918-10-51-4#1918-10#020
3450	weligam korale show	1	1	00	1906	1906	Weligam Korale Show		vol026_tropicalagricul261906ceyl#1906-03#060
3451	weligama agri-horticultural show	1	1	00	1906	1906	Weligama Agri-Horticultural Show	village show	vol026_tropicalagricul261906ceyl#1906-05#059
3452	weligama agri-horticultural shows	1	1	00	1906	1906	Weligama Agri-Horticultural Shows		vol026_tropicalagricul261906ceyl#1906-01/06#008
3453	weligama show	1	1	00	1906	1906	Weligama Show		vol026_tropicalagricul261906ceyl#1906-05#020
3454	wellaboda pattu (galle) show	1	1	10	1913	1913	Wellaboda Pattu (Galle) Show	show	vol040_lbg-630-5-tag-v-40#1913-02#007
3455	welleboda pattu a. h. exhibition	1	1	00	1907	1907	Welleboda Pattu A. H. Exhibition	exhibition held on 20th and 21st December, 1906	vol028_tropicalagricul281907ceyl#1907-02#022
3456	wesak festivities	1	1	00	1909	1909	Wesak festivities	occasion for Agri-Horticultural Show	vol032_tropicalagricul321909ceyl#1909-02#031
3457	west african slave trade	1	1	90	1892	1892	West African slave trade	historical trade	vol012_tropicalagricult1218ceyl#1892-07#081
3458	west indian agricultural conference of 1912	1	1	20	1928	1928	West Indian Agricultural Conference of 1912	conference attended by Director	vol070_dli-ernet-229220#1928-03#012
3459	west indian agricultural conferences	1	1	00	1909	1909	West Indian Agricultural Conferences	conferences	vol032_tropicalagricul321909ceyl#1909-04#032
3460	west indian and inter-colonial fruit and vegetable conference	1	1	30	1936	1936	West Indian and Inter-Colonial Fruit and Vegetable Conference	conference	vol086_dli-ernet-229228#1936-02#002
3461	west indian conference	1	1	00	1908	1908	West Indian Conference	conference where Mr. Macintyre spoke	vol031_tropicalagricul311908ceyl#1908-07#039
3462	west indian conference of 1901	1	1	00	1908	1908	West Indian Conference of 1901	Conference	vol031_tropicalagricul311908ceyl#1908-07#002
3463	west indian courts	1	1	90	1893	1893	West Indian Courts	exhibition at the Imperial Institute	vol013_tropicalagricult1318ceyl#1893-09#110
3464	west indian royal commission of 1897	1	1	00	1909	1909	West Indian Royal Commission of 1897	commission	vol032_tropicalagricul321909ceyl#1909-04#032
3465	western agricultural show	1	1	90	1898	1898	Western Agricultural Show	event where insect was discovered	vol018_tropicalagricult1818ceyl#1898-07#139
3466	western australian mining and industrial exhibition	1	1	90	1899	1899	Western Australian Mining and Industrial Exhibition	exhibition	vol018_tropicalagricult1818ceyl#1899-02#028
3467	western exhibition	1	1	90	1899	1899	Western Exhibition	exhibition in Omaha	vol018_tropicalagricult1818ceyl#1899-02#059
3468	westward ho!	1	1	80	1887	1887	Westward Ho!	movement or trend	vol006_tropicalagricult18861887colo#1887-06#038
3469	wewita agricultural show	1	1	10	1918	1918	Wewita Agricultural Show	agricultural show	vol051_iss02_tropical-agriculturist-1918-08-51-2#1918-08#005
3470	wheat agreement	1	1	30	1934	1934	Wheat Agreement	signed in August 1933	vol082_dli-ernet-229227#1934-06#010
3471	wheat campaign	1	1	30	1934	1934	Wheat Campaign	agricultural development scheme	vol082_dli-ernet-229227#1934-05#011
3472	whipping ordinance	1	1	90	1893	1893	WHIPPING ORDINANCE	legislation introduced into districts	vol012_tropicalagricult1218ceyl#1893-06#009
3473	white australia policy	1	1	00	1902	1902	White Australia policy		vol022_tropicalagricult2219ceyl#1902-12#025
3474	white house conference of governors	1	1	30	1938	1938	White House Conference of Governors	conference proceedings source	vol090_iss06_tropical-agriculturist-1938-06-90-6#1938-06#012
3475	wild birds protection ordinance of 1881	1	1	80	1885	1885	Wild Birds Protection Ordinance of 1881	ordinance	vol005_tropicalagricult18851886colo#1885-11#056
3476	wild birds' protection act 1894	1	1	90	1895	1895	Wild Birds' Protection Act 1894	act	vol015_tropicalagricult1518ceyl#1895-09#198
3477	willy willy	1	1	80	1888	1888	Willy Willy	hurricane, native name	vol007_tropicalagricult7188ceyl#1888-04#098
3478	wilson bill	1	1	90	1896	1896	Wilson Bill	legislation	vol015_tropicalagricult1518ceyl#1896-04#033
3479	windom silver bill	1	1	90	1891	1891	Windom Silver Bill	legislation affecting bullion market	vol010_tropicalagricult1018ceyl#1891-03#062
3480	windsor show	1	1	80	1889	1889	Windsor show	show of the Royal Agricultural Society	vol009_tropicalagricult9188ceyl#1889-12#118
3481	wirawila scheme	1	1	10	1919	1919	Wirawila Scheme	irrigation scheme	vol053_iss02_tropical-agriculturist-1919-08-53-2#1919-08#010
3482	witch-broom disease	1	1	40	1940	1940	witch-broom disease	cacao disease	vol094_iss04_tropical-agriculturist-1940-04-94-4#1940-04#013
3483	witches' broom disease	1	1	20	1927	1927	Witches' Broom disease	physiological disease of tea	vol068_tropical-agriculturist-1927-04-68#1927-04#005
3484	wither tip of limes	1	1	20	1926	1926	Wither Tip of Limes	Topic of discussion	vol066_iss06_tropical-agriculturist-1926-06-66-6#1926-06#005
3485	witu expeditions	1	1	90	1894	1894	Witu Expeditions	military operations	vol014_tropicalagricult1418ceyl#1894-11#096
3486	wollaston gold medal	1	1	80	1888	1888	Wollaston Gold Medal	award presented in 1881	vol008_tropicalagricult8188ceyl#1888-08#139
3487	wood v. burgess	1	1	90	1890	1890	Wood v. Burgess	legal case	vol010_tropicalagricult1018ceyl#1890-08#128
3488	wool exhibition	1	1	80	1881	1881	Wool Exhibition	exhibition at Crystal Palace	vol001_tropicalagricult1188ceyl#1881-11#149
3489	workmen's compensation ordinance	1	1	30	1939	1939	Workmen's Compensation Ordinance	legal framework for insurance	vol093_iss03_tropical-agriculturist-1939-09-93-3#1939-09#012
3490	world agricultural census of 1929-30	1	1	20	1929	1929	World Agricultural Census of 1929-30	proposed census	vol072_dli-ernet-229221#1929-01/06#051
3491	world agricultural census of 1930-31	1	1	20	1928	1928	World Agricultural Census of 1930-31	census	vol070_dli-ernet-229220#1928-03#006
3492	world economic conference	1	1	20	1929	1929	World Economic Conference	organised by the League of Nations in May, 1927	vol072_dli-ernet-229221#1929-01/06#051
3493	world economic conference at geneva	1	1	20	1928	1928	World Economic Conference at Geneva	conference where standardization of agricultural products wa	vol070_dli-ernet-229220#1928-11#011
3494	world show at chicago	1	1	90	1891	1891	World Show at Chicago		vol010_tropicalagricult1018ceyl#1891-05#064
3495	world's columbian exhibition of 1893	1	1	90	1895	1895	World's Columbian Exhibition	exhibition	vol014_tropicalagricult1418ceyl#1895-03#026
3496	world's columbian exposition, chicago 1893	1	1	90	1892	1892	World's Columbian Exposition, Chicago 1893	exhibition	vol011_tropicalagricult1118ceyl#1892-01#053
3497	world's dairy congress	1	1	20	1927	1927	World's Dairy Congress	congress proposed to be held in Great Britain in July, 1928	vol069_tropical-agriculturist-1927-08-69#1927-08#014
3498	world's exhibition	1	1	00	1908	1908	World's Exhibition	projected for 1910	vol031_tropicalagricul311908ceyl#1908-12#087
3499	world's exposition	1	1	90	1893	1893	World's Exposition	held at Chicago	vol012_tropicalagricult1218ceyl#1893-04#071
3500	world's fair and columbian exposition at chicago 1893	1	1	90	1893	1893	WORLD'S FAIR AND COLUMBIAN EXPOSITION AT CHICAGO 1893	exhibition	vol013_tropicalagricult1318ceyl#1893-09#094
3501	world's fair at brussels	1	1	10	1910	1910	World's Fair at Brussels	exhibition destination	vol035_tropicalagricul351910ceyl#1910-12#002
3502	world's fair at calcutta	1	1	80	1885	1885	World's Fair at Calcutta	recent exhibition	vol004_tropicalagricult18841885colo#1885-03#117
3503	world's fair at new orleans	1	1	80	1886	1886	World's Fair at New Orleans	exhibition where the machine was not demonstrated	vol005_tropicalagricult18851886colo#1886-03#015
3504	world's fair exhibition	1	1	90	1899	1899	World's Fair Exhibition	exhibition	vol018_tropicalagricult1818ceyl#1899-02#059
3505	world's fair in chicago	1	1	90	1899	1899	World's Fair in Chicago	1893	vol019_tropicalagricult1918ceyl#1899-08#039
3506	world's fair in chicago in 1893	1	1	90	1891	1891	World's Fair as Chicago in 1893		vol010_tropicalagricult1018ceyl#1891-02#041
3507	world's fair, st. louis	1	1	00	1906	1906	World's Fair, St. Louis	exhibition	vol027_tropicalagricul271906ceyl#1906-07#044
3508	world's poultry congress	1	1	00	1909	1909	World's Poultry Congress		vol032_tropicalagricul321909ceyl#1909-03#030
3509	world's poultry congress and exhibition	1	1	20	1923	1923	Worlds' Poultry Congress and Exhibition	to be held at Barcelona in Spain during the year 1924	vol060_lbg-tropicalagricultvol-lx-1923-0000unse-n0c4#1923-03#017
3510	world's rubber exhibition	1	1	10	1912	1912	World's Rubber Exhibition	held in 1906	vol038_tropicalagricul381912ceyl#1912-03#047
3511	world's rubber exhibition at peradeniya	1	1	00	1909	1909	World's Rubber Exhibition at Peradeniya	exhibition where Lanadron rubber won a gold medal	vol033_tropicalagricul331909ceyl#1909-08#068
3512	world's rubber exhibitions	1	1	20	1922	1922	World's Rubber Exhibitions	held in 1906	vol058_dli-ernet-229219#1922-03#002
3513	world's show at chicago	1	1	90	1891	1891	World's Show at Chicago	exhibition	vol010_tropicalagricult1018ceyl#1891-05#095
3514	world’s fair at paris	1	1	80	1882	1882	World’s Fair at Paris	exhibition for Amazonian products	vol002_tropicalagricult18821883colo#1882-10#106
3515	wright prize competition	1	1	20	1926	1926	Wright Prize Competition	competition in the North-Western Division	vol067_iss05_tropical-agriculturist-1926-11-67-5#1926-11#011
3516	xiith world's dairy congress	1	1	30	1939	1939	XIIth WORLD'S DAIRY CONGRESS	congress, Vienna, 1940	vol092_tropical-agriculturist-1939-01-92#1939-01#013
3517	yala 1920	1	1	20	1921	1921	Yala 1920	season/year of transplanting	vol046_lbg-630-5-tag-v-46#1921-02#002
3518	yala 1927	1	1	20	1927	1927	Yala 1927	season of the competition	vol069_tropical-agriculturist-1927-12-69#1927-12#028
3519	yala 1933	1	1	30	1933	1933	Yala 1933	season of second main experiment	vol080_dli-ernet-229226#1933-07#008
3520	yala 1935	1	1	30	1936	1936	Yala 1935	agricultural season	vol086_dli-ernet-229228#1936-10#007
3521	yala harvest	1	1	20	1927	1927	Yala harvest	harvest season of 1926	vol068_tropical-agriculturist-1927-01-68#1927-01#016
3522	yala season 1926	1	1	20	1926	1926	Yala Season 1926	season of competition	vol067_iss04_tropical-agriculturist-1926-10-67-4#1926-10#017
3523	yala season of 1928	1	1	20	1928	1928	Yala season of 1928	agricultural season	vol070_dli-ernet-229220#1928-11#017
3524	yala season, 1926	1	1	20	1926	1926	Yala season, 1926	time period of the competition	vol067_iss05_tropical-agriculturist-1926-11-67-5#1926-11#016
3525	yalla crop	1	1	80	1886	1886	Yalla	agricultural season	vol006_tropicalagricult18861887colo#1886-09#034
3526	yatiyantota market	1	1	00	1906	1906	Yatiyantota Market	market at Ruanwella	vol026_tropicalagricul261906ceyl#1906-02#043
3527	yatiyantota market show	1	1	00	1906	1906	Yatiyantota Market Show	agricultural show	vol027_tropicalagricul271906ceyl#1906-11#040
3528	yaws	1	1	00	1904	1904	yaws	tropical disease treated with papaw	vol023_tropicalagricult2319ceyl#1904-03#129
3529	yorouba	1	1	80	1888	1888	Yorouba	ship	vol008_tropicalagricult8188ceyl#1888-12#109
3530	young scotsman letters	1	1	00	1900	1900	Young Scotsman letters		vol019_tropicalagricult1918ceyl#1900-05#001
