rank	key	mentions	articles	decades	first	last	surface_forms	roles	example_article
1	chinese	1641	1545	80,90,00,10,20,30,40	1881	1945	Chinese | Chinamen | Chinaman | Celestials | John Chinaman	labourers | coolies | nationality	vol001_tropicalagricult1188ceyl#1881-06#025
2	sinhalese	1575	1459	80,90,00,10,20,30,40	1881	1945	Sinhalese | Singhalese | Cingalese | Sinh. | Singhaless	people | community | ethnic group	vol001_tropicalagricult1188ceyl#1881-06#013
3	indian	721	709	80,90,00,10,20,30,40	1881	1944	Indian | Indian. | INDIAN	nationality | planters | origin of tea	vol001_tropicalagricult1188ceyl#1881-06#051
4	tamil	640	621	80,90,00,10,20,30,40	1881	1945	Tamil | Tamils | Tam. | Tamilman | Tanils	labourers | language group | ethnic group	vol001_tropicalagricult1188ceyl#1881-08#074
5	english	569	562	80,90,00,10,20,30,40	1881	1940	English | Englishman | Englishmen | ENGLISH | English nation	nationality | market | manufacturers	vol001_tropicalagricult1188ceyl#1881-06#041
6	dutch	551	513	80,90,00,10,20,30,40	1881	1944	Dutch | Dutchmen | Dutchman | Hollanders | the Dutch	nationality | colonial power | settlers	vol001_tropicalagricult1188ceyl#1881-06#004
7	japanese	442	429	80,90,00,10,20,30,40	1881	1941	Japanese | Jap | Japs | Japponeses | Jappanese	nationality | labourers | people	vol001_tropicalagricult1188ceyl#1881-07#164
8	british	439	427	80,90,00,10,20,30,40	1881	1945	British | BRITISH | John Bull | British race | British lion	nationality | colonial power | merchants	vol001_tropicalagricult1188ceyl#1881-07#141
9	coolies	399	392	80,90,00,10,20,30	1881	1933	coolies | Coolies | coolie | COOLIES | coolie labour	labourers | laborers | workers	vol001_tropicalagricult1188ceyl#1881-06#033
10	indians	382	366	80,90,00,10,20,30	1881	1938	Indians | Indian | natives of India | indians | in-halese	labourers | people | native people	vol001_tropicalagricult1188ceyl#1881-06#130
11	french	355	351	80,90,00,10,20,30,40	1881	1940	French | Frenchmen | Frenchman | French colony | French men	nationality | manufacturers | colonists	vol001_tropicalagricult1188ceyl#1881-08#106
12	americans	345	343	80,90,00,10,20,30,40	1881	1942	Americans | American | Yankees | American people | Yankee	nationality | consumers | buyers	vol001_tropicalagricult1188ceyl#1881-06#130
13	tamils	327	318	80,90,00,10,20,30,40	1881	1941	Tamils | Tamil | Tamils of Ceylon	labourers | ethnic group | people	vol001_tropicalagricult1188ceyl#1881-07#016
14	malays	319	297	80,90,00,10,20,30,40	1881	1942	Malays | Malay | Malayan | Malay population | The Malays	labourers | people | cultivators	vol001_tropicalagricult1188ceyl#1881-07#001
15	german	314	312	80,90,00,10,20,30,40	1881	1940	German	nationality | origin of quinine | manufacturers	vol001_tropicalagricult1188ceyl#1881-07#004
16	american	302	301	80,90,00,10,20,30,40	1881	1945	American	nationality | market | origin of kerosene oil	vol001_tropicalagricult1188ceyl#1881-06#097
17	europeans	281	279	80,90,00,10,20,30,40	1881	1940	Europeans | European | European peoples | European nationality | Europe's	planters | nationality | community	vol001_tropicalagricult1188ceyl#1881-06#122
18	portuguese	277	261	80,90,00,10,20,30,40	1881	1941	Portuguese | Portingales	nationality | people | colonial power	vol001_tropicalagricult1188ceyl#1881-09#142
19	javanese	272	262	80,90,00,10,20,30,40	1881	1942	Javanese | Javan | Javaese | Javans | Javas	labourers | coolies | labour	vol001_tropicalagricult1188ceyl#1881-07#145
20	natives	224	222	80,90,00,10,20,30	1881	1937	natives | Natives | the natives	local population | cultivators | planters	vol001_tropicalagricult1188ceyl#1881-06#130
21	european	201	198	80,90,00,10,20,30,40	1881	1940	European	planters | market | nationality	vol001_tropicalagricult1188ceyl#1881-08#040
22	russian	197	195	80,90,00,10,30	1881	1939	Russian | Russian bear	nationality | origin of kerosene oil | buyers	vol001_tropicalagricult1188ceyl#1881-10#028
23	germans	179	176	80,90,00,10,20,30	1881	1939	Germans | German | GERMANS | Teuton | The Germans	nationality | immigrants | settlers	vol001_tropicalagricult1188ceyl#1881-09#033
24	malay	169	162	80,90,00,10,20,30	1881	1939	Malay | Malays | Malayan | Malay type | Malay Race	ethnic group | labourers | language/people	vol001_tropicalagricult1188ceyl#1881-07#053
25	arabs	165	163	80,90,00,10,20,30,40	1881	1940	Arabs | Arab | Arabian	people | traders | ethnic group	vol001_tropicalagricult1188ceyl#1881-06#041
26	ceylonese	163	157	80,90,00,10,20,30,40	1881	1944	Ceylonese | Ceylon men | Ceylons | CEYLONESE | Ceylonesers	nationality | people | planters	vol001_tropicalagricult1188ceyl#1881-07#066
27	australian	146	145	80,90,00,10,20,30,40	1881	1945	Australian | AUSTRALIAN	nationality | buyers | farmers	vol001_tropicalagricult1188ceyl#1881-08#070
28	negroes	125	119	80,90,00,10,20,30	1881	1936	negroes | Negroes | negro | niggers | negro population	labourers | population group | community	vol001_tropicalagricult1188ceyl#1881-07#054
29	ryots	125	122	80,90,00,10,20,30,40	1881	1942	ryots | Ryots | ryot | ryot classes	cultivators | farmers | peasants	vol001_tropicalagricult1188ceyl#1881-10#137
30	west indian	125	123	80,90,00,10,20,30	1882	1938	West Indian | West-Indian	origin of kola | planters | planter	vol001_tropicalagricult1188ceyl#1882-01#140
31	burmese	122	114	80,90,00,10,20,30,40	1882	1945	Burmese | Burman | Burmene | Burmah people | Burinese	people | nationality | origin of harrows	vol001_tropicalagricult1188ceyl#1882-03#088
32	spaniards	114	113	80,90,00,10,20,30,40	1881	1944	Spaniards | Spaniard | Spanish | The Spaniards	nationality | people | conquerors	vol001_tropicalagricult1188ceyl#1881-06#041
33	moormen	112	108	80,90,00,10	1881	1918	Moormen | Moorman | moor-men | Moormena | moormen	traders | community | trader	vol001_tropicalagricult1188ceyl#1881-06#049
34	tamil coolies	112	109	80,90,00,10,20,30	1881	1930	Tamil coolies | Tamil cooly | Tamil coolie | Tamil Coolies | Tamil-cooly	labourers | laborers | workers	vol001_tropicalagricult1188ceyl#1881-12#001
35	brazilian	104	103	80,90,00,10,20,30	1881	1937	Brazilian | brazilian | Brazalian	nationality | planters | origin of annatto	vol001_tropicalagricult1188ceyl#1881-07#004
36	russians	104	104	80,90,00,10,30,40	1881	1944	Russians | Russian | Russia | RUSSIAN	buyers | consumers | consumers of tea	vol001_tropicalagricult1188ceyl#1881-08#091
37	hindu	99	96	80,90,00,10,20,30,40	1881	1940	Hindu | Hindoo	religious group | community | cultivators	vol001_tropicalagricult1188ceyl#1881-08#054
38	spanish	91	90	80,90,00,10,20,30	1881	1939	Spanish | Spaniards | Spanish race	nationality | language | conquerors	vol001_tropicalagricult1188ceyl#1881-08#088
39	east indian	89	84	80,90,00,10,20,30,40	1881	1941	East Indian | East-Indian	origin of bees' wax | immigrants | origin of bark	vol001_tropicalagricult1188ceyl#1881-06#074
40	hindus	87	85	80,90,00,10,30,40	1881	1945	Hindus | Hindoos | Hindu | Hiudoos	religious group | people | consumers	vol001_tropicalagricult1188ceyl#1881-07#016
41	kandyan	87	83	80,90,00,10,20,40	1882	1940	Kandyan | Kandyans | KANDYANS	people | ethnic group | community	vol002_tropicalagricult18821883colo#1882-11#019
42	italian	82	82	80,90,00,10,20	1881	1920	Italian | Italians	nationality | nationality of works | growers	vol001_tropicalagricult1188ceyl#1881-10#045
43	romans	77	77	80,90,00,10,20,30,40	1881	1945	Romans | Roman | The Romans	ancient people | historical group | people	vol001_tropicalagricult1188ceyl#1881-06#124
44	irish	72	71	80,90,00,10,30	1881	1935	Irish | Irishman	nationality | origin of potatoes | peasantry	vol001_tropicalagricult1188ceyl#1881-07#012
45	italians	70	69	80,90,00,10,20,30,40	1881	1944	Italians | Italian	immigrants | nationality | labourers	vol001_tropicalagricult1188ceyl#1881-11#036
46	moors	70	68	80,90,00,10,20,30,40	1881	1940	Moors | Moor | Moorish | Moormen | Mors	traders | community | dealers	vol001_tropicalagricult1188ceyl#1881-09#066
47	african	65	65	80,90,00,10,20,30	1881	1933	African	slaves | origin of bark | origin of kola	vol001_tropicalagricult1188ceyl#1881-11#157
48	australians	65	65	80,90,00,10,20	1881	1923	Australians | Australian | THE AUSTRALIANS | The Australian	nationality | indigenous people | tea consumers	vol001_tropicalagricult1188ceyl#1881-11#114
49	chetties	62	59	80,90,00,10	1884	1910	Chetties | chetties | Chetty	traders | moneylenders | community	vol003_tropicalagricult18831884colo#1884-02#112
50	indian coolies	60	59	80,90,00,10	1881	1915	Indian coolies | Indian coolie | Indian Coolies | coolies from India | Indian Cooly	labourers | labour force | labour	vol001_tropicalagricult1188ceyl#1881-08#026
51	persian	59	59	80,90,00,10,30	1881	1936	Persian | Pers	language | origin of safflower | nationality	vol001_tropicalagricult1188ceyl#1881-06#002
52	greeks	58	58	80,90,00,10,20,30,40	1882	1945	Greeks | Greek | Grecians	ancient people | people | received fig-tree from Phoenicians	vol001_tropicalagricult1188ceyl#1882-04#057
53	chetty	57	57	80,90,00,10,20	1881	1929	Chetty | chetty	community associated with coffee | community | coffee growers	vol001_tropicalagricult1188ceyl#1881-06#094
54	brazilians	56	53	80,90,00,10,30,40	1881	1944	Brazilians | Brazilian	coffee producers | people | collectors	vol001_tropicalagricult1188ceyl#1881-11#149
55	englishmen	56	56	80,90,00,10	1881	1918	Englishmen	nationality | consumers | purchasers	vol001_tropicalagricult1188ceyl#1881-09#032
56	buddhists	49	48	80,90,00,10,20,30	1882	1938	Buddhists | Buddhist	religious group | faith of Sinhalese | of Ceylon	vol002_tropicalagricult18821883colo#1882-10#100
57	kanakas	49	48	80,90,00	1881	1904	Kanakas | kanakas | Kanoakas	labourers | laborers | buyers of cocoa-nuts	vol001_tropicalagricult1188ceyl#1881-11#025
58	polynesians	49	49	80,90,00,10,30	1881	1936	Polynesians | Polynesian	labourers | laborers | people	vol001_tropicalagricult1188ceyl#1881-09#175
59	ryot	49	49	80,90,00,10,20,30	1881	1931	ryot	cultivator | farmer | peasant farmer	vol001_tropicalagricult1188ceyl#1881-09#106
60	arab	47	47	80,90,00,10,20,30	1882	1935	Arab	agriculturist | traders | planters	vol001_tropicalagricult1188ceyl#1882-05#040
61	fijians	47	46	80,90,00,10,20	1881	1922	Fijians | Fijian | Fijiani	native population | labourers | natives	vol001_tropicalagricult1188ceyl#1881-07#016
62	cingalese	46	45	80,90,00,10	1881	1915	Cingalese | Cingalee	people | labourers | nationality	vol001_tropicalagricult1188ceyl#1881-06#049
63	mexican	46	43	80,90,00,10,30,40	1883	1945	Mexican	nationality | nationality of planter | nationality/currency reference	vol002_tropicalagricult18821883colo#1883-01#034
64	scotch	44	43	80,90,00,10	1881	1919	Scotch | Scotch people	nationality | farmers | planters	vol001_tropicalagricult1188ceyl#1881-07#012
65	mexicans	43	41	80,90,00,10,30	1881	1939	Mexicans | Mexican | Mexican residents	people | nationality | people who made paper from agave fibres	vol001_tropicalagricult1188ceyl#1881-06#099
66	africans	42	42	80,90,00,10,30	1881	1930	Africans | African	people | emancipated | aboriginal	vol001_tropicalagricult1188ceyl#1881-11#092
67	egyptian	42	42	80,90,00,10,20,30	1881	1934	Egyptian | Egyptians	nationality | ancient people | inhabitants of tombs	vol001_tropicalagricult1188ceyl#1881-07#164
68	canarese	41	41	80,90,00,20	1881	1925	Canarese	labourers | coolies | language group	vol001_tropicalagricult1188ceyl#1881-11#108
69	hindoos	40	38	80,90,00,10,20,30	1882	1935	Hindoos	religious group | immigrants | users of Pucha-pat	vol001_tropicalagricult1188ceyl#1882-05#125
70	malayan	40	38	80,90,00,10,20,30,40	1881	1941	Malayan	nationality/region | people | planters	vol001_tropicalagricult1188ceyl#1881-09#139
71	kandyans	39	39	80,90,00,10,20,40	1881	1941	Kandyans | Kandyan | Kandyian	people | cultivators | community	vol001_tropicalagricult1188ceyl#1881-12#051
72	anglo-indians	38	38	80,90,00,10	1881	1911	Anglo-Indians | Anglo-Indian	community | readers | community addressed	vol001_tropicalagricult1188ceyl#1881-07#154
73	egyptians	38	37	80,90,00,10,20,30,40	1882	1945	Egyptians | Egyptian	ancient people | people | consumers of coffee	vol002_tropicalagricult18821883colo#1882-10#096
74	siamese	38	38	80,90,00,10	1881	1912	Siamese	people | nationality | sect of priests	vol001_tropicalagricult1188ceyl#1881-12#100
75	south american	37	37	80,90,00,10,30	1881	1932	South American	origin of bark | origin of cinchona bark | origin of leaves	vol001_tropicalagricult1188ceyl#1881-08#038
76	burmans	35	34	80,90,00,10	1882	1917	Burmans | Burman	people | traders | rice-growers	vol002_tropicalagricult18821883colo#1882-11#002
77	west african	35	35	80,90,00,10,20	1881	1927	West African	origin of Palm Kernels | origin of bark | origin of potential new variety	vol001_tropicalagricult1188ceyl#1881-08#055
78	jews	34	34	80,90,00,20,30,40	1881	1941	Jews | Jew | Jewesses | The Jews | Jewish	religious group | religious/ethnic group | merchant	vol001_tropicalagricult1188ceyl#1881-08#001
79	buddhist	33	33	80,90,00,10,20,30,40	1882	1944	Buddhist | Bhudist	religious group | community | religious group owning temple properties	vol002_tropicalagricult18821883colo#1882-10#131
80	ceylon planters	33	33	80,90,00	1881	1904	Ceylon planters | Ceylon Planters | Ceylon men | Ceylon planter	community | planters | affirmed that collection of bark would no longer pay	vol001_tropicalagricult1188ceyl#1881-12#051
81	brahmins	32	32	80,90,00,10,40	1881	1940	Brahmins	caste | religious group | users of Banyan leaves	vol001_tropicalagricult1188ceyl#1881-11#013
82	peruvians	32	31	80,90,00,10,30	1881	1933	Peruvians | Peruvian	nationality | people | users of coca	vol001_tropicalagricult1188ceyl#1881-07#065
83	incas	31	29	80,90,00,30	1881	1933	Incas | Yncas | Uncas | Inca | Incas of Peru	people | ancient rulers | ancient people	vol001_tropicalagricult1188ceyl#1881-11#010
84	negro	31	31	80,90,00,40	1882	1941	negro | Negro | nigger	labourers | labourer | labor force	vol001_tropicalagricult1188ceyl#1882-05#021
85	swiss	31	30	80,90,00,10,20	1882	1928	Swiss | Switzers | Switzer	nationality | manufacturers of chocolate | planters	vol002_tropicalagricult18821883colo#1882-07#017
86	asiatic	30	29	80,90,00,10,20,40	1885	1941	Asiatic | asiatic	labour | labor | labourers	vol004_tropicalagricult18841885colo#1885-01#177
87	belgian	30	30	80,90,00,10,20,30	1882	1935	Belgian | Belgians	nationality | origin of hemp variety | nationality of agricultural journal	vol002_tropicalagricult18821883colo#1882-11#135
88	burghers	30	30	80,90,00,10,20	1883	1927	Burghers | Burgher | Burgher community | burghers	community | community in Ceylon | consumer group	vol002_tropicalagricult18821883colo#1883-01#008
89	mahomedans	30	30	80,90,00,10,20	1882	1924	Mahomedans	religious group | conquering group | people	vol001_tropicalagricult1188ceyl#1882-06#100
90	turks	30	30	80,90,00,10,20	1882	1929	Turks | Turk | Turkes	consumers of coffee | people | nationality	vol002_tropicalagricult18821883colo#1882-10#096
91	chinese coolies	29	28	80,90,00,10	1882	1912	Chinese coolies | Chinese cooly	labourers | laborers | labor employed	vol001_tropicalagricult1188ceyl#1882-05#108
92	creoles	28	26	80,90,00	1881	1908	creoles | Creoles | creole | Creole	inhabitants of the colony | laborers | people	vol001_tropicalagricult1188ceyl#1881-11#092
93	goyas	28	27	80,90,00,10,20	1886	1926	goyas | goiyas | Goiyas | goiys	community | cultivators | villagers	vol006_tropicalagricult18861887colo#1886-07#013
94	filipinos	27	25	90,00,10	1899	1919	Filipinos | Filipino | the Filipinos | Philippine people	nationality | make their swords | native tanners and oil manufacturers	vol019_tropicalagricult1918ceyl#1899-08#004
95	belgians	26	25	80,90,00,10,20	1882	1922	Belgians | Belgian	purchasers | nationality | farmers	vol001_tropicalagricult1188ceyl#1882-04#042
96	bolivian	26	26	80,90,00	1882	1902	Bolivian	nationality | origin of seed | origin of coca-leaves	vol001_tropicalagricult1188ceyl#1882-02#060
97	canadians	26	26	80,90,00,10	1882	1910	Canadian | Canadians	nationality | market | market for green tea	vol001_tropicalagricult1188ceyl#1882-05#020
98	hawaiian	26	25	90,00,10,20,30	1891	1937	Hawaiian	planters | associated with soils containing high ferric hydrate | laborers on plantations	vol010_tropicalagricult1018ceyl#1891-01#007
99	native	26	25	80,90,00,10,20,30	1881	1932	Native | native	population | planters | labourers	vol001_tropicalagricult1188ceyl#1881-08#018
100	assamese	25	25	80,90,00,10,20	1881	1922	Assamese | Assami	people | builders | cultivation type	vol001_tropicalagricult1188ceyl#1881-06#033
101	hindoo	25	25	80,90,00,10	1881	1912	Hindoo	religious group | consumer of cauliflower in curry | cultivators	vol001_tropicalagricult1188ceyl#1881-10#120
102	kanaka	25	24	80,90,00	1882	1903	Kanaka | kanaka | KANAKA	labourers | laborers | labour	vol001_tropicalagricult1188ceyl#1882-02#184
103	persians	25	25	80,90,00,10,20,30	1883	1931	Persians | Persian	fishermen | kept horses in good condition | known asafetida in middle ages	vol003_tropicalagricult18831884colo#1883-07#094
104	aborigines	24	22	80,90,00,10	1881	1912	aborigines | blacks | Aborigines | natives	use fruits as food | assemble to feast on Bunya nuts | consumers of seeds	vol001_tropicalagricult1188ceyl#1881-12#047
105	anglo-saxon	24	23	80,90,00,10	1883	1912	Anglo-Saxon | Anglo-Saxon race	ethnic group | race | rule/influence	vol002_tropicalagricult18821883colo#1883-05#011
106	asiatics	24	24	80,90,00,10,20,30,40	1882	1945	Asiatics | Asiatic	labourers | labouring classes | residents in the Islands	vol002_tropicalagricult18821883colo#1882-09#020
107	karens	24	22	80,90,00,10	1882	1912	Karens | Kareus	people | offered reward to cultivate cinchona | adopted religion brought by missionaries	vol002_tropicalagricult18821883colo#1882-08#095
108	kanganies	23	22	80,90,00,20,30	1887	1934	kanganies | Kanganies	labour recruiters | labor supervisors | labour contractors	vol006_tropicalagricult18861887colo#1887-03#106
109	mohammedans	23	23	80,90,00,10,20,30	1883	1931	Mohammedans | Muhomedans	religious group | religious group among boatmen | community	vol003_tropicalagricult18831884colo#1883-07#095
110	mongolian	23	23	80,90,00,10,20	1886	1921	Mongolian	unwashed, associated with tea preparation | peasantry | tea preparer	vol006_tropicalagricult18861887colo#1886-10#021
111	sikhs	23	23	80,90,00	1882	1903	Sikhs | Sikh	force | population group | Indian race	vol002_tropicalagricult18821883colo#1882-11#122
112	south african	23	23	80,90,00,10,20,30,40	1887	1945	South African	experience | nationality/region associated with mines | referenced for experience with snake poison	vol006_tropicalagricult18861887colo#1887-04#101
113	south indian	23	23	80,90,00,10,20,30,40	1881	1942	South Indian	planter | planters | reference to mines	vol001_tropicalagricult1188ceyl#1881-09#106
114	aztecs	22	21	80,90,00,10,30	1884	1933	Aztecs | Astecs | Atzec	historical group | people | ancient Mexican tribe	vol004_tropicalagricult18841885colo#1884-09#071
115	boers	22	21	80,90,00	1881	1903	Boers | Boer | Boerish | Boer prisoners	prisoners | countrymen of the Dutchmen in South Africa | community	vol001_tropicalagricult1188ceyl#1881-07#001
116	chinamen	22	22	80,90,00,10	1882	1912	Chinamen	employed at £1 per week | sent to teach curing of tea leaf | coolies imported from Asia	vol001_tropicalagricult1188ceyl#1882-06#093
117	jesuits	22	20	80,90,00,10,30	1881	1931	Jesuits | Jesuit fathers | Fathers | Jesuit	religious order | early authors on Yerba-maté | encouraged use of mate	vol001_tropicalagricult1188ceyl#1881-11#010
118	maori	22	21	80,90,00,10	1881	1913	Maori | Maories | Maoris	natives | indigenous people | aboriginal population	vol001_tropicalagricult1188ceyl#1881-08#098
119	bengali	21	21	80,90,00,10	1882	1911	Bengali | Beng.	coolies | population group | imported labourers	vol002_tropicalagricult18821883colo#1882-07#009
120	cuban	21	21	80,90,00,10,20	1881	1923	Cuban	nationality | nationality associated with insurrection | planters	vol001_tropicalagricult1188ceyl#1881-10#119
121	dyaks	21	21	80,90,00,10	1882	1910	Dyaks | dyaks	people | natives of Borneo | people involved in collection	vol001_tropicalagricult1188ceyl#1882-05#066
122	east indians	21	21	80,90,00,10,20	1881	1920	East Indians | East Indian	population group | labourers | immigrants	vol001_tropicalagricult1188ceyl#1881-09#105
123	indian planters	21	20	80,90,00	1883	1904	Indian planters | Indian Planters | Indian | Indian Planter	planters in India | tea producers | opened up tea gardens	vol002_tropicalagricult18821883colo#1883-06#072
124	kaffirs	21	20	80,90,00,10	1883	1912	Kaffirs	labourers | people | tribal users of the remedy	vol003_tropicalagricult18831884colo#1883-07#042
125	norwegian	21	21	80,90,00,10,20,30	1882	1933	Norwegian	nationality | origin of tar | vessel operators	vol001_tropicalagricult1188ceyl#1882-03#082
126	parsee	21	20	80,90,00	1888	1908	Parsee	community | religious group | capitalists	vol007_tropicalagricult7188ceyl#1888-03#086
127	californians	20	20	80,90,00,10,30	1883	1939	Californian | Californians	nationality/region | nationality/region reference | cultivators of the grape	vol003_tropicalagricult18831884colo#1883-12#009
128	mudaliyars	20	20	80,90,00,10,20	1881	1926	Mudaliyars	local officials | officials | leading headmen	vol001_tropicalagricult1188ceyl#1881-08#073
129	scotchmen	20	20	80,90,00	1881	1902	Scotchmen | Scotchman	prospective colonists | group noted for love of country | immigrants	vol001_tropicalagricult1188ceyl#1881-07#078
130	shans	20	19	80,90,00,30	1883	1939	Shans	workers | miners | people who mined for gold	vol003_tropicalagricult18831884colo#1883-07#034
131	canadian	19	19	80,90,00,10,20,30	1881	1938	Canadian	nationality | market | origin of competing produce	vol001_tropicalagricult1188ceyl#1881-08#039
132	coolie	19	19	80,90,00,10,20	1883	1921	coolie | Coolie | Cooiy	labour | labourer | labourers	vol002_tropicalagricult18821883colo#1883-01#006
133	filipino	19	18	00,10,20,30	1902	1939	Filipino	farmer | native laborer | residents of the Philippines	vol022_tropicalagricult2219ceyl#1902-07#046
134	nepalese	19	19	80,90,00	1882	1901	Nepalese | Napalese	coolies | people of Nepal | community that cleared forests for cultivation	vol001_tropicalagricult1188ceyl#1882-03#128
135	sanskrit	19	19	80,90,00,30	1883	1931	Sanskrit | Sanscrit | Sansk. | Sanserit	language | language of medical literature | writers on medicine	vol002_tropicalagricult18821883colo#1883-06#009
136	anglo-indian	18	18	80,90,00,10	1884	1912	Anglo-Indian	community | origin of teas | population	vol003_tropicalagricult18831884colo#1884-04#001
137	bengalis	18	18	80,90,00,10	1881	1910	Bengalis | Bengali	traders | people using rollers for sugar-cane | probationary officers	vol001_tropicalagricult1188ceyl#1881-11#129
138	danish	18	18	90,00,10,20,30	1890	1938	Danish | Danes	nationality | language | use	vol010_tropicalagricult1018ceyl#1890-10#080
139	muhammadans	18	18	80,90,00	1884	1907	Muhammadans	religious group | pharmacy holders | islanders who do not care for dogs	vol004_tropicalagricult18841885colo#1884-07#082
140	turkish	18	18	80,90,00,10,30	1881	1936	Turkish	nationality | opium producer | comparison for tobacco quality	vol001_tropicalagricult1188ceyl#1881-06#097
141	goiya	17	17	80,90,00,10,20,30,40	1887	1944	goiya | Goiya	native cultivator | conservative native farmer | cultivators	vol007_tropicalagricult7188ceyl#1887-09#106
142	mandarins	17	17	80,90,00	1882	1908	Mandarins | mandarins | Madarins | MANDARINS	Chinese officials | officials | buyers of coral for head-gear	vol001_tropicalagricult1188ceyl#1882-06#079
143	mongolians	17	17	80,90,00	1881	1908	Mongolians | Mongolian	people | ethnic group | in China	vol001_tropicalagricult1188ceyl#1881-12#002
144	tibetans	17	17	80,90,00,10	1885	1912	Tibetans | Thibetans | Tibetan	consumers of brick tea | consumers | consumers of tea	vol005_tropicalagricult18851886colo#1885-12#009
145	afghans	16	16	80,90,00,10	1883	1910	Afghans | Afghan	traders | money-lenders | consumers of tea	vol002_tropicalagricult18821883colo#1883-05#120
146	aryan	16	16	80,90,00,10,30	1882	1931	Aryan	ethnic group | forefathers | races	vol001_tropicalagricult1188ceyl#1882-01#001
147	european planters	16	16	80,90,00,10,20	1884	1927	European planters | European Planters	planters | planting cinchona | engaged in cultivation	vol004_tropicalagricult18841885colo#1884-07#046
148	maoris	16	16	80,90,00,10,30	1882	1935	Maoris | Maories	indigenous people | native inhabitants | collectors	vol001_tropicalagricult1188ceyl#1882-01#085
149	peruvian	16	16	80,90,00,10,30	1882	1930	Peruvian	nationality | origin of rubber | origin of bark imports	vol001_tropicalagricult1188ceyl#1882-03#124
150	seringueiros	16	14	80,00,10	1881	1915	seringueiros | Seringueiros | seringueiro	rubber gatherers | rubber tappers | rubber collectors	vol001_tropicalagricult1188ceyl#1881-09#016
151	telugu	16	16	80,90,00,10,30	1883	1932	Telugu | Telegu | Teloegoe | Telinga | Tel	language/people | language group | coolies	vol003_tropicalagricult18831884colo#1883-12#086
152	achinese	15	15	80,90	1881	1899	Achinese | AChinese	planters in Province Wellesley | marauders | pepper gardeners	vol001_tropicalagricult1188ceyl#1881-07#051
153	austrian	15	15	80,90,00,10	1881	1919	Austrian	nationality | nationality of wine | origin of briars	vol001_tropicalagricult1188ceyl#1881-07#005
154	buddhism	15	15	80,90,00,10	1882	1912	Buddhism | Buddhistic faith	religion | religion linking Ceylon and Kashmir | religion discussed	vol002_tropicalagricult18821883colo#1882-08#051
155	continental	15	15	80,90,00,10	1882	1912	Continental	raisers of new Lantana forms | buyers | manufacturers buying quinine	vol001_tropicalagricult1188ceyl#1882-03#048
156	greek	15	15	80,90,00,10	1885	1913	Greek | Greeks	Delegates to the Congress | reference to ancient system | artists	vol004_tropicalagricult18841885colo#1885-02#087
157	klings	15	13	80,90,00	1883	1909	Klings	local people | people encountered in Perak | labourers	vol003_tropicalagricult18831884colo#1883-09#045
158	mahomedan	15	15	80,90,00	1882	1902	Mahomedan	religious group | population | cultivators	vol001_tropicalagricult1188ceyl#1882-06#095
159	samoans	15	14	80,90,00,10	1883	1917	Samoans | Samoan	people of Samoa | indigenous people | people	vol003_tropicalagricult18831884colo#1883-10#028
160	somali	15	14	80,90,00,10,30	1884	1936	Somali | Somalis	race | origin of waras sample | people of the Somali country	vol004_tropicalagricult18841885colo#1884-07#108
161	afghan	14	14	80,90,00,20	1882	1929	Afghan | Affghan	population group | fruit pedlars | pedlar	vol002_tropicalagricult18821883colo#1882-07#009
162	blacks	14	14	80,90	1882	1898	blacks | Blacks	natives | laborers | indigenous people	vol002_tropicalagricult18821883colo#1882-09#007
163	burman	14	14	80,90,00,10,20	1885	1928	Burman	nationality | cultivators | farmer	vol004_tropicalagricult18841885colo#1885-01#219
164	caribs	14	13	80,90,00,10	1882	1911	Caribs	indigenous people | aboriginal people | users of Tadehouna bark	vol001_tropicalagricult1188ceyl#1882-04#112
165	cubans	14	14	80,90,00	1882	1908	Cubans	people | experts in tobacco cultivation | settlers in Key West	vol002_tropicalagricult18821883colo#1882-09#185
166	eurasian	14	14	80,90,00,10,40	1881	1941	Eurasian	settlers | conductors substituting for European superintendents | population	vol001_tropicalagricult1188ceyl#1881-08#040
167	hindustani	14	14	80,90,20,30	1884	1931	Hindustani	language | language of pamphlet | language group	vol004_tropicalagricult18841885colo#1884-09#084
168	kangany	14	14	80,90,00,20	1889	1923	Kangany | kangany	labour contractor | labour contractor class in Ceylon | headman or overseer	vol009_tropicalagricult9188ceyl#1889-10#065
169	masai	14	12	80,90,00,10,30	1888	1938	Masai | Masal	tribe | warlike tribes occupying the uplands | tribe, described as marauders	vol008_tropicalagricult8188ceyl#1888-10#114
170	muhammadan	14	14	80,90,00	1882	1908	Muhammadan	religious group | travellers | religion	vol002_tropicalagricult18821883colo#1882-08#051
171	planting community	14	14	80,90,00,10,20,30	1886	1939	Planting Community | Planting community | planting community	group of planters | community of planters | expected to view the invention as a boon	vol006_tropicalagricult18861887colo#1886-12#126
172	swahili	14	14	90,00,20	1893	1925	Swahili | Ki-swahili | Swahilis	people | language | dealers	vol012_tropicalagricult1218ceyl#1893-05#118
173	swedish	14	14	80,90,00,10	1881	1912	Swedish	nationality | metal origin | customers of wholesale drug firms	vol001_tropicalagricult1188ceyl#1881-10#028
174	venezuelan	14	13	80,90,00	1887	1906	Venezuelan	nationality | origin of tree | producer	vol007_tropicalagricult7188ceyl#1887-12#057
175	yankees	14	14	80,90,00	1881	1903	Yankees | Yankee	American settlers | nationality | nationality/origin group	vol001_tropicalagricult1188ceyl#1881-09#033
176	agricultural instructors	13	13	90,10,20,30,40	1893	1942	Agricultural Instructors	employees of the Government Agent | dismissed staff | officials using carbon bisulphide	vol012_tropicalagricult1218ceyl#1893-06#149
177	austrians	13	12	80,90,10	1883	1910	Austrians | Austrian	immigrants | sympathizing | nationality	vol003_tropicalagricult18831884colo#1883-08#061
178	californian	13	13	80,90,00,10,30	1881	1938	Californian	nationality/region | reference to vineyard planting style | mining methods	vol001_tropicalagricult1188ceyl#1881-06#060
179	dusun	13	10	80,90	1882	1897	Dusun	native people | people | labourers	vol002_tropicalagricult18821883colo#1882-07#130
180	eurasians	13	13	80,90,00,10	1882	1913	Eurasians	community | nationality | would be agriculturists	vol001_tropicalagricult1188ceyl#1882-05#064
181	fijian	13	13	80,90,00,20,30	1883	1938	Fijian	labourers | planters who visited the Gardens | planters	vol002_tropicalagricult18821883colo#1883-02#040
182	kachins	13	13	80,90,00,10	1888	1912	Kachins	part of Kau Hlaing's following | workers in jade mines | people cutting roots of trees	vol008_tropicalagricult8188ceyl#1888-11#008
183	shan	13	13	80,90,00,10,20	1883	1929	Shan | Shas	ethnic group | cultivators | people	vol002_tropicalagricult18821883colo#1883-04#044
184	arabic	12	12	80,90,10,30	1887	1931	Arabic | Ar	language | language of translations | language origin of the word rice	vol006_tropicalagricult18861887colo#1887-01#022
185	britons	12	12	80,90,00,10	1883	1918	Britons | Briton	nationality | ancient people | British colonizers	vol002_tropicalagricult18821883colo#1883-03#004
186	burgher	12	12	80,90,00,10	1882	1917	Burgher | Burgh	community | community represented at the meeting | population	vol002_tropicalagricult18821883colo#1882-08#063
187	creole	12	12	80,90,00	1882	1902	Creole | creole	labourers | population | proprietors	vol001_tropicalagricult1188ceyl#1882-02#145
188	formosan	12	12	80,90,00,10	1883	1911	Formosan	origin of sugar article | fashion of tea making | nationality/ethnic group	vol003_tropicalagricult18831884colo#1883-09#015
189	hovas	12	11	80,90,00	1882	1901	Hovas	people | native authorities in Madagascar | people of the interior province of Imerina	vol002_tropicalagricult18821883colo#1882-09#066
190	kandians	12	11	80,90,00	1882	1900	Kandians | Kandian	gem-diggers | chiefs | highlanders	vol001_tropicalagricult1188ceyl#1882-04#018
191	bengalee	11	9	80,00	1882	1908	Bengalee	labourers | language/alphabet mentioned | language dialect	vol001_tropicalagricult1188ceyl#1882-02#181
192	boer	11	11	00,10,20	1900	1929	Boer	farmers | prisoners | group posing raid danger	vol019_tropicalagricult1918ceyl#1900-03#076
193	brahmin	11	11	80,90,00,10,20	1882	1928	Brahmin | Braham	caste | pupils at the institution | species of cattle	vol001_tropicalagricult1188ceyl#1882-02#136
194	hungarian	11	11	80,90,00,10	1881	1913	Hungarian	nationality | nationality of wine | language	vol001_tropicalagricult1188ceyl#1881-07#005
195	moorish	11	11	90,00	1892	1908	Moorish	traders | ethnic group | nationality/ethnicity	vol012_tropicalagricult1218ceyl#1892-11#006
196	nagas	11	11	80,90,00,10	1881	1912	Nagas	people associated with Ming bamboo | predatory tribes | people in the Naga Hills	vol001_tropicalagricult1188ceyl#1881-09#144
197	papuan	11	11	80,90,00,10,30	1883	1930	Papuan | Papuan race	population | racial group | native seller	vol003_tropicalagricult18831884colo#1883-09#104
198	pariahs	11	11	80,90,00,20	1883	1920	Pariahs | pariahs	out-castes | community | caste collecting bones	vol003_tropicalagricult18831884colo#1883-10#057
199	parsees	11	11	80,90,00	1888	1908	Parsees | Parsee	pharmacy holders | community | community, Bombay	vol007_tropicalagricult7188ceyl#1888-01#121
200	south americans	11	11	80,90,00,10	1883	1913	South Americans | South American	market participants | visiting the office | buyers	vol003_tropicalagricult18831884colo#1883-08#138
201	south sea islanders	11	11	80,90	1881	1895	South Sea Islanders | South Sea Island | South Sea men | South Sea Islander	labourers | imported labourers | workers on sugar estates	vol001_tropicalagricult1188ceyl#1881-07#016
202	tartars	11	11	80,90,10,30	1887	1933	Tartars	people | customers for brick tea | people met at fair	vol007_tropicalagricult7188ceyl#1887-11#062
203	vel vidanes	11	8	20,30,40	1921	1944	Vel Vidanes	local officials | irrigation headmen | minor headmen	vol057_in-ernet-dli-2015-230764#1921-11#015
204	abyssinians	10	10	80,90,00,10	1884	1913	Abyssinians | Abyssinian	people of Abyssinia | people | people using the leaves	vol003_tropicalagricult18831884colo#1884-04#046
205	algerian	10	10	80,90,00,30	1884	1938	Algerian	source of experience for calculations | origin of esparto | Geranium growers	vol003_tropicalagricult18831884colo#1884-03#121
206	angoni	10	10	90,00	1894	1901	Angoni	people | labourers | labour supply, offshoot of Zulus	vol013_tropicalagricult1318ceyl#1894-01#116
207	annamites	10	10	80,90,00,10,20	1882	1924	Annamites	natives of Annam | people who search for cinnamon trees | people using the sap in medicine	vol002_tropicalagricult18821883colo#1882-07#142
208	battaks	10	9	80,90	1881	1898	Battaks | Battacks	cut down trees recklessly | labourers | labourers for felling jungle	vol001_tropicalagricult1188ceyl#1881-09#149
209	central american	10	10	80,90,00	1883	1900	Central American	coffee origin | group | planters	vol002_tropicalagricult18821883colo#1883-04#049
210	circassians	10	9	80,90,00	1882	1903	Circassians | Circassian | Circassian Colony	People in struggle with Russians | colony | workers at factory	vol001_tropicalagricult1188ceyl#1882-06#138
211	colonies	10	10	80,90,00,30	1881	1933	Colonies	British colonies | collective term for colonial planters | British colonial territories	vol001_tropicalagricult1188ceyl#1881-11#061
212	goanese	10	10	80,90,00,10	1886	1912	Goanese	community | users of astringent bark | toddy-drawer	vol005_tropicalagricult18851886colo#1886-01#010
213	goyias	10	10	80,90,10,20	1884	1927	goyias	cultivators | lowcountry natives | native agriculturists	vol004_tropicalagricult18841885colo#1884-11#040
214	hollanders	10	9	80,90,00	1881	1900	Hollanders | Hollander	nationality | nationality of Mr. John Kraft | interested in the progress of the country	vol001_tropicalagricult1188ceyl#1881-11#204
215	indian immigrants	10	10	80,90,00	1881	1903	Indian immigrants | Indian Immigrants	labourers | accused of robbery | immigrants	vol001_tropicalagricult1188ceyl#1881-06#084
216	israelites	10	10	80,90,00,10	1882	1915	Israelites | Israel	people | historical reference for grain cleaning methods | oppressed people	vol002_tropicalagricult18821883colo#1882-10#068
217	jaffna people	10	10	80,90,00,10,20	1889	1928	Jaffnese | Jaffna people | Jaffna man	collectors of palmirah fibre | cultivators | native inhabitants	vol008_tropicalagricult8188ceyl#1889-01#037
218	jaffna tamils	10	10	80,90,00,10,20	1889	1927	Jaffna Tamils | Jaffnese | Jaffna Tamil coolies	local population of Jaffna | settled in Batticaloa, traders and agricultural residents | cultivating rice	vol008_tropicalagricult8188ceyl#1889-02#100
219	kaffir	10	10	80,90,00,10	1881	1913	Kaffir | kaffir | Kaffri	people whose hut is described | native group | reference to South African mining context	vol001_tropicalagricult1188ceyl#1881-08#025
220	malayalam	10	10	80,90,00,30	1882	1930	Malayalam | Mal	language group | coolies | community/labour group	vol002_tropicalagricult18821883colo#1882-10#138
221	mohammedan	10	10	90,00,20	1892	1922	Mohammedan	religious group | merchant | countries of the north and east	vol012_tropicalagricult1218ceyl#1892-08#110
222	moorman	10	10	80,90,00	1887	1908	Moorman	enterprising buyer of husk coffee | gem dealer | planter	vol007_tropicalagricult7188ceyl#1887-12#047
223	polynesian	10	10	80,90,00	1882	1901	Polynesian	labourers | labour | labourer	vol001_tropicalagricult1188ceyl#1882-02#184
224	scots	10	10	80,90,00	1883	1908	Scots | Scotsman | Scot | Scotchman | Scotch	workers from Banff and Aberdeen Shires | nationality | nationality of Mr. Girvin	vol003_tropicalagricult18831884colo#1883-11#108
225	swedes	10	10	80,90,00	1885	1908	Swedes | Swede | Swedish	proposed European labourers | potential settlers | immigrants	vol004_tropicalagricult18841885colo#1885-04#029
226	veddahs	10	10	80,90,00,10	1888	1915	Veddahs | veddahs	people of Ceylon | indigenous people observed by Krasnov | aborigines	vol008_tropicalagricult8188ceyl#1888-12#106
227	veddas	10	10	80,90,00,20	1886	1921	Veddas	aboriginal inhabitants | village community using the plant as food | indigenous people	vol006_tropicalagricult18861887colo#1886-08#087
228	west indians	10	10	80,90,00	1887	1908	West Indians | West Indian	members of cricket club | people | people of the West Indies	vol007_tropicalagricult7188ceyl#1887-08#031
229	zemindars	10	10	80,90,00	1881	1908	zemindars | Zemindars	landholders | landholders in Simla district | landowners	vol001_tropicalagricult1188ceyl#1881-10#137
230	arabians	9	9	80,90,00,10	1883	1913	Arabians	people in the West | coffee cultivators | held Tamarisk to be a celebrated medical plant	vol003_tropicalagricult18831884colo#1883-10#021
231	batak	9	9	80,90	1881	1895	Battaks | Battak | Battack | Batak	people in Sumatra | indigenous people | tribesmen labourers	vol001_tropicalagricult1188ceyl#1881-08#043
232	british colonies	9	9	80,90,00	1888	1904	British colonies | British Colonies	colonies | competitors in tea trade | trading partners	vol007_tropicalagricult7188ceyl#1888-05#065
233	britishers	9	9	80,90,00,10	1882	1912	Britishers	consumers | nationality | subject of pity regarding labor policies	vol002_tropicalagricult18821883colo#1882-07#108
234	carib	9	9	80,90,00	1885	1908	Carib | Carribbees | Carabisi	stranger tribes | people associated with pottery | race that has almost disappeared	vol004_tropicalagricult18841885colo#1885-03#119
235	chinese people	9	9	80,90	1881	1897	John Chinaman | Chinamen | Chinaman	workers imported to teach tea manufacture | accused of adulteration | people	vol001_tropicalagricult1188ceyl#1881-07#044
236	goiyas	9	9	80,90,00,10,20	1884	1923	Goiyas | goiyas	share system cultivators | employed in the fields | cultivators in Ceylon	vol003_tropicalagricult18831884colo#1884-06#014
237	hottentots	9	9	80,90,00,20	1887	1929	Hottentots	people | people using the plant | collectors of drugs	vol007_tropicalagricult7188ceyl#1887-07#100
238	inca	9	6	80,90	1882	1895	Inca	ancient civilization | ancient people | ancient rulers of Peru	vol001_tropicalagricult1188ceyl#1882-01#033
239	indian ryot	9	9	80,90,00,10,20	1882	1927	Indian ryot | Indian Ryot	farmer | peasant farmer | cultivator	vol002_tropicalagricult18821883colo#1882-10#150
240	indian tea planters	9	9	80,90	1881	1895	Indian tea planters | Indian Tea Planters | Indian Tea planters	source of terms | producers of Indian tea | group of planters	vol001_tropicalagricult1188ceyl#1881-12#050
241	kandyan kings	9	7	80,90,00,20	1884	1927	Kandyan Kings | Kandyan kings	sovereigns | rulers | historical rulers	vol004_tropicalagricult18841885colo#1884-07#046
242	latin	9	9	80,90,30	1886	1931	Latin | Lat.	language | races of Latin origin | language origin of the word rice	vol005_tropicalagricult18851886colo#1886-05#170
243	madurese	9	9	80,90,00,10	1882	1913	Madurese | Madoerese	coolies | community | people	vol002_tropicalagricult18821883colo#1882-08#052
244	malabars	9	9	80,90,00	1881	1906	Malabars | Malabar	labourers | people | attraction at the store	vol001_tropicalagricult1188ceyl#1881-11#157
245	mongols	9	8	80,90,10,30	1886	1933	Mongols	group compared to Assamese features | consumers of tea | use Aspidium fragrans as tea	vol006_tropicalagricult18861887colo#1886-09#011
246	moor	9	9	80,90,10	1884	1919	Moor	ethnic group | traders | dealers	vol003_tropicalagricult18831884colo#1884-06#029
247	papuans	9	9	80,90,00	1883	1909	Papuans	natives | native inhabitants | people	vol003_tropicalagricult18831884colo#1883-12#084
248	phoenicians	9	9	80,90,00	1883	1909	Phoenicians | Phœnicians | Phœnician	traders | commercial nations who spread the fig-tree | nation of traders	vol002_tropicalagricult18821883colo#1883-04#027
249	roman	9	9	90,10,30,40	1890	1940	Roman | Romans	artists | occupation period | farmer	vol009_tropicalagricult9188ceyl#1890-04#091
250	roman catholic	9	9	80,90,30	1881	1934	Roman Catholic | Roman Catholic Religion	religious group | mission | missionaries	vol001_tropicalagricult1188ceyl#1881-08#054
251	sundanese	9	9	80,90,00	1882	1909	Sundanese | Soundance | Sundanees | Sundunese	inveterate betel chewers | coolies | language group	vol001_tropicalagricult1188ceyl#1882-05#083
252	tea planters	9	9	80,90,00	1885	1900	tea planters | Tea Planters | Tea Planter	users of manures | potential users of the method | industry stakeholders	vol005_tropicalagricult18851886colo#1885-08#142
253	aztec	8	8	90,00,20,30	1894	1936	Aztec	people | monarchy | civilisation	vol014_tropicalagricult1418ceyl#1894-10#059
254	badaga	8	8	80,90,00	1885	1902	Badaga	associated with plough type | cultivation | borrowers on the Nilgiris	vol004_tropicalagricult18841885colo#1885-06#027
255	british empire	8	8	80,90,00,10,20,30	1883	1934	British Empire	Political entity | political entity | primary target for the college	vol002_tropicalagricult18821883colo#1883-03#005
256	british public	8	8	80,90	1882	1899	British public	consumers | consumers affected by adulteration | target audience for the paper	vol001_tropicalagricult1188ceyl#1882-05#151
257	chamar	8	7	80,90,00,10	1884	1914	Chamar | chamar	caste | skinner caste | caste, bone collectors	vol003_tropicalagricult18831884colo#1884-04#113
258	colonists	8	8	80,00,10	1886	1912	Colonists | colonists | Colonial | Colonist	farmers | group who lost a friend | residents in Fiji	vol005_tropicalagricult18851886colo#1886-06#063
259	coorgs	8	8	80,90,00	1882	1904	Coorgs	native buyers and lessees of forest land | community | local community	vol001_tropicalagricult1188ceyl#1882-01#045
260	fellah	8	8	90,00,10	1891	1914	fellah	People of Egypt | farmer | Egyptian peasant farmer	vol011_tropicalagricult1118ceyl#1891-10#100
261	fellahs	8	8	80,90,10	1887	1915	fellahs | Fellahs	peasants | people of Egypt | consumers of new tobacco	vol006_tropicalagricult18861887colo#1887-06#006
262	hawaiians	8	8	80,90,00,10	1883	1918	Hawaiians	indigenous people | laborers employed on plantations | self-indulgent and unreliable race	vol003_tropicalagricult18831884colo#1883-11#031
263	hindi	8	8	90,00,30	1892	1931	Hindi | Hind. | Hind	language | language group	vol011_tropicalagricult1118ceyl#1892-02#135
264	kafirs	8	8	80,90,00,10	1883	1912	kafirs | Kafirs	native labourers | laborers | labourers	vol002_tropicalagricult18821883colo#1883-01#161
265	kangani	8	8	80,90,00,10	1885	1911	kangani | Kangani	labour contractor | labour recruiters | coolie recruiter/agent	vol005_tropicalagricult18851886colo#1885-07#052
266	malagasy	8	8	80,90,00	1883	1900	Malagasy	people of Madagascar | natives | people	vol002_tropicalagricult18821883colo#1883-04#152
267	moplahs	8	8	80,90,00	1884	1900	Moplahs	labourers | community | destructive Moplahs who frequent the Bhavani river	vol003_tropicalagricult18831884colo#1884-04#093
268	norwegians	8	8	80,90,10	1881	1910	Norwegians | Norwegian	settlers | makers of bread from bark | proposed European labourers	vol001_tropicalagricult1188ceyl#1881-09#033
269	scandinavians	8	8	80,90,00	1883	1909	Scandinavians | Scandinavian	colonists | proposed labourers | potential colonists	vol002_tropicalagricult18821883colo#1883-02#151
270	somalis	8	8	80,00,10	1881	1910	Somalis	people | trading group | ethnic group	vol001_tropicalagricult1188ceyl#1881-12#001
271	tasmanian	8	8	80,90	1881	1899	Tasmanian | Tasman	origin of pears and jams | local person | origin of timber	vol001_tropicalagricult1188ceyl#1881-08#039
272	veddah	8	8	90,00,30,40	1894	1941	Veddah | veddah	People | population | indigenous group	vol013_tropicalagricult1318ceyl#1894-02#001
273	venetians	8	8	80,90,00	1882	1903	Venetians | Venetian	historians | rulers of Cyprus | supposed first European coffee drinkers	vol002_tropicalagricult18821883colo#1882-07#146
274	welsh	8	8	80,90	1882	1899	Welsh	nationality | reference to coal quality | people	vol001_tropicalagricult1188ceyl#1882-01#094
275	whites	8	8	80,90,00,20	1881	1921	whites	crews of English vessels | inhabitants | poor whites of this Presidency	vol001_tropicalagricult1188ceyl#1881-10#133
276	yao	8	8	80,90	1883	1896	Yao	natives | tribe whose iron working is similar to Makua | ethnic group	vol003_tropicalagricult18831884colo#1883-11#106
277	zulu	8	8	80,90,00	1882	1901	Zulu	native tribe | people | tribes	vol002_tropicalagricult18821883colo#1882-11#014
278	zulus	8	8	80,90,00,10,30	1883	1931	Zulus	native labourers | people | ancestral group of Angoni	vol002_tropicalagricult18821883colo#1883-01#153
279	aboriginal australians	7	7	80,90	1881	1894	blacks | blacks of Australia | blackfellows	indigenous people | aboriginal race of Australia | recipients of tea supply	vol001_tropicalagricult1188ceyl#1881-12#002
280	andamanese	7	7	80,90	1882	1899	Andamanese	aborigines of the Andaman Islands | people who capture dugongs | local people assisting in collection	vol001_tropicalagricult1188ceyl#1882-03#025
281	annamite	7	5	80,90,10,20,30	1889	1932	Annamite	nom de plume of the author | workmen | tapper	vol008_tropicalagricult8188ceyl#1889-01#109
282	arabian	7	7	80,90,00	1886	1900	Arabian	origin of cotton seed | writers | breed of goats	vol005_tropicalagricult18851886colo#1886-02#022
283	arachchi	7	7	80,90	1883	1896	Arachchi | arachchi	village official | gem miners | gemming community	vol002_tropicalagricult18821883colo#1883-05#105
284	arawak	7	6	80,90,00	1883	1908	Arawack | Arrawacks | Arawacks | Arawak | Ackavoi	Indian tribe | indigenous people | tribe	vol003_tropicalagricult18831884colo#1883-07#040
285	armenians	7	7	80,90	1881	1899	Armenians | Armenian	merchant | people met at fair | importers of coffee to France	vol001_tropicalagricult1188ceyl#1881-08#001
286	atonga	7	7	90,00	1892	1901	Atonga	labourers from Lake Nyassa | labour source | labourers	vol012_tropicalagricult1218ceyl#1892-08#047
287	banjarese	7	7	80,90,00,20	1888	1925	Banjarese | Banjereze	coolies | labour | coffee planters	vol008_tropicalagricult8188ceyl#1888-07#123
288	bhutias	7	7	80,90,00	1883	1909	Bhutias	buyers/traders | traders and intermediaries with Tibet | noted for carrying powers	vol003_tropicalagricult18831884colo#1883-12#066
289	ceylon tea planters	7	7	80,90,00	1886	1901	Ceylon Tea Planters | Ceylon tea planters	group	vol006_tropicalagricult18861887colo#1886-07#066
290	chilians	7	7	80,90,10	1881	1910	Chilians | Chilian	people of Chile | people crossing sheep with goats | seized the seed package	vol001_tropicalagricult1188ceyl#1881-07#158
291	chunchos	7	5	90,10	1893	1910	Chunchos	people | people who thrive upon coca | scattered tribes	vol012_tropicalagricult1218ceyl#1893-01#022
292	danes	7	7	80,90,00	1881	1904	Danes | Danish | the Danes	nationality | proposed European labourers | users	vol001_tropicalagricult1188ceyl#1881-11#204
293	de soysa family	7	7	80,90,00	1883	1908	De Soysa family | De Soysa's	owners | owners of Kunwitte estate | proprietors of Kurnwitte estate	vol002_tropicalagricult18821883colo#1883-03#085
294	dutch planters	7	7	80,90,10	1884	1915	Dutch planters	expressed interest in sugar-growing in Queensland | developing the resources of North Borneo | agriculturalists	vol003_tropicalagricult18831884colo#1884-05#017
295	gauchos	7	7	80,90,00	1881	1906	gauchos | Gauchos	native horsemen | chief consumers | cowboys	vol001_tropicalagricult1188ceyl#1881-11#039
296	headmen	7	7	90,00,20,40	1897	1942	Headmen | headmen	local officials | village officials | co-operating with instructors	vol017_tropicalagricult1718ceyl#1897-10#056
297	hebrews	7	7	80,90,30	1883	1935	Hebrews	ancient people | Ancient users of Gram | buyers	vol003_tropicalagricult18831884colo#1883-12#090
298	indian tamils	7	7	90,00,10,20,30	1897	1939	Indian Tamils | Indian tamils	estate owners | labourers in Perak | favour Dolichos Lablab	vol017_tropicalagricult1718ceyl#1897-09#019
299	koreans	7	7	80,90,00,10,20	1881	1927	Koreans | Coreans | Corean | Korean	people | rice growers	vol001_tropicalagricult1188ceyl#1881-08#091
300	malabar	7	7	80,90,00	1883	1900	Malabar	labourers | coolies | servant	vol002_tropicalagricult18821883colo#1883-02#109
301	muslim	7	7	80,90,40	1882	1944	Mahomedan | Mohammedan | Musselman | Mussulman | Muslim	religious group | community	vol001_tropicalagricult1188ceyl#1882-03#063
302	nepali	7	5	90,00	1895	1909	Nepali	coolies | hill-man | laborer expert at felling trees	vol015_tropicalagricult1518ceyl#1895-07#024
303	parisians	7	7	80,90,00	1885	1900	Parisians	consumers of tea | citizens of Paris	vol005_tropicalagricult18851886colo#1885-09#116
304	peruvian indians	7	5	80,90	1882	1895	Peruvian Indians	users of coca leaf | users of coca leaves | Users of Coca	vol002_tropicalagricult18821883colo#1882-11#165
305	poles	7	7	80,90,00	1883	1900	Poles | Polish	immigrants | passengers on the train | workers	vol002_tropicalagricult18821883colo#1883-04#163
306	roman catholics	7	7	80,90	1881	1899	Roman Catholics | Roman Catholic	religious group | missionary group | religious group among boatmen	vol001_tropicalagricult1188ceyl#1881-07#016
307	saracens	7	7	80,90,00,20	1883	1927	Saracens | the Saracens	introduced cultivation to Europe | people	vol002_tropicalagricult18821883colo#1883-04#134
308	scottish	7	7	80,90,10,30	1889	1932	Scottish	nationality | investors | nationality in company name	vol008_tropicalagricult8188ceyl#1889-01#103
309	seringueiro	7	6	00,10	1909	1914	seringueiro | Seringueiro	rubber tapper | proprietor or worker of rubber trees | rubber gatherer	vol032_tropicalagricul321909ceyl#1909-01#084
310	sikh	7	7	80,90,00	1882	1903	Sikh	population group | police | rebel soldiers	vol002_tropicalagricult18821883colo#1882-07#009
311	syrian	7	7	80,90,10	1881	1913	Syrian	traders | nationality | money-lenders	vol001_tropicalagricult1188ceyl#1881-11#038
312	tibetan	7	7	80,90	1883	1896	Tibetan | Thibetan	source of ponies | market | language of translations	vol003_tropicalagricult18831884colo#1883-10#058
313	worms	7	7	90,00	1890	1901	Messrs. Worms	owners of coffee properties | land purchasers | Cousins of the Rothschilds	vol009_tropicalagricult9188ceyl#1890-06#118
314	zamindars	7	7	80,90,00,10,20	1886	1928	zamindars | Zamindars | zaminders	landowners | estimating crop area | visitors	vol005_tropicalagricult18851886colo#1886-05#137
315	aboriginals	6	6	80,90,00	1883	1903	blacks | Blacks | aboriginal | Aboriginals	indigenous people | labour | labourers	vol002_tropicalagricult18821883colo#1883-02#112
316	aryans	6	6	80,90,00,10,30	1887	1933	Aryan | Aryans	Indian people | early settlers using birch bark | group mentioned in historical context	vol007_tropicalagricult7188ceyl#1887-07#143
317	babylonians	6	6	80,90,10	1886	1914	Babylonians	ancient people | Historic people	vol005_tropicalagricult18851886colo#1886-04#101
318	bantu	6	5	90,00,10,30	1894	1938	Bantu | Bantu tribes	tribal family | dialect speakers | linguistic group	vol013_tropicalagricult1318ceyl#1894-05#046
319	bengalees	6	6	80,90,40	1882	1941	Bengalees	people eating shorosheyre shag | coolies from Bengal | Indian race	vol002_tropicalagricult18821883colo#1882-10#004
320	bolivians	6	6	80,10	1881	1910	Bolivians | Bolivian	cinchona cultivators | cultivators of cinchona | jealous of monopoly	vol001_tropicalagricult1188ceyl#1881-06#097
321	brahman	6	6	80,00,10	1887	1914	Brahman	caste | caste of Sami Aiyangar's father | high-caste group	vol007_tropicalagricult7188ceyl#1887-08#128
322	british indian	6	6	80,90,00	1888	1908	British Indian	origin of supply | growers | origin of tea	vol007_tropicalagricult7188ceyl#1888-04#111
323	british subjects	6	6	80,90,00	1884	1903	British subjects	growers and manufacturers | merchants | owners of plantations	vol003_tropicalagricult18831884colo#1884-02#040
324	celts	6	6	80,90,30	1881	1933	Celts	people	vol001_tropicalagricult1188ceyl#1881-12#002
325	chola	6	5	90,00	1892	1907	Chola	labourers | native inhabitants | inhabitants of the hills	vol011_tropicalagricult1118ceyl#1892-06#016
326	christian	6	6	80,90,00,30	1886	1934	Christian	population | religious group | population of South India	vol005_tropicalagricult18851886colo#1886-03#082
327	cinghalese	6	6	80,90	1883	1899	Cinghalese	imported laborers | labour | nationality	vol003_tropicalagricult18831884colo#1883-07#016
328	dusuns	6	6	80,90,00	1883	1903	Dusuns	people at camp | people | principal tribe of the colony	vol002_tropicalagricult18821883colo#1883-04#150
329	frenchmen	6	6	80,90	1883	1898	Frenchmen	purchasers | slave-owners in Brazil | nationality	vol002_tropicalagricult18821883colo#1883-01#036
330	galla	6	6	90,00	1894	1903	Galla | Gallas	people | race | people/region	vol013_tropicalagricult1318ceyl#1894-05#046
331	gonds	6	6	90,00,20	1899	1924	Gonds | gond	tribe | aboriginal race | caste	vol018_tropicalagricult1818ceyl#1899-03#155
332	goyia	6	6	80,00,10,30	1888	1931	goyia	cultivator | native cultivator | peasant farmer	vol008_tropicalagricult8188ceyl#1888-12#097
333	goyiya	6	6	80,90,00,20	1889	1927	goyiya	Sinhalese people | native cultivator | small landholder	vol009_tropicalagricult9188ceyl#1889-10#131
334	hausa	6	4	00,20,40	1909	1942	Hausa	traders | trader's ethnicity | tribe	vol032_tropicalagricul321909ceyl#1909-05#082
335	hebrew	6	6	80,00,10,30	1884	1931	Hebrew	community | ancient language/people | mine-owner	vol003_tropicalagricult18831884colo#1884-03#106
336	indian tea companies	6	6	80,90,00	1883	1902	Indian Tea Companies | Indian tea companies	forty-five companies | leading companies presenting reports | 23 companies	vol003_tropicalagricult18831884colo#1883-08#058
337	karen	6	6	80,90	1881	1892	Karen	population | cultivators | ethnic group, chief mentioned	vol001_tropicalagricult1188ceyl#1881-07#149
338	kikuyu	6	6	90,00,10,30,40	1894	1943	Kikuyu	northern neighbours | people | soil type reference	vol013_tropicalagricult1318ceyl#1894-05#046
339	kling	6	6	80,90,10	1881	1911	Kling | Kling coolie	speculator | auxiliary workmen | immigrants	vol001_tropicalagricult1188ceyl#1881-09#031
340	korean	6	6	80,90,00,10,40	1885	1941	Korean | Corean	origin of Pueraria Thunbergiana | quality of Ginseng | pearl divers	vol004_tropicalagricult18841885colo#1885-04#117
341	laos	6	6	80,90	1887	1893	Laos	people | settlements where silk culture is confined | peasants	vol006_tropicalagricult18861887colo#1887-05#026
342	lepchas	6	6	80,00,10	1883	1912	Lepchas | Lepchas of Sikkim	inhabitants of British Sikkim | flat-faced people helping with collections | aborigines of Sikkim	vol003_tropicalagricult18831884colo#1883-10#031
343	maistries	6	5	80,90	1884	1892	maistries | Maistries	labour contractors | labourers receiving advances | headmen	vol003_tropicalagricult18831884colo#1884-03#036
344	muslims	6	6	80,90,00,10,30,40	1882	1940	Muslim | Muhammadans | Mussalman | Muslims	religious group | community whose notions affect figure-work | religious section	vol002_tropicalagricult18821883colo#1882-11#223
345	naga	6	6	80,90,00,30	1884	1933	Naga | Nagas	people/region | people who brought specimens | tribes	vol003_tropicalagricult18831884colo#1884-02#114
346	native states	6	6	90,00	1896	1909	Native States	requested for land | recipients of quinine supply | states in a constant state of war and anarchy	vol015_tropicalagricult1518ceyl#1896-01#118
347	negro children	6	6	90,00	1892	1902	negro children	receive free education and pluck tea | students in tea picking school | employed to collect caterpillars	vol012_tropicalagricult1218ceyl#1892-10#002
348	peons	6	6	80,90,00,10	1886	1912	peons | peon	workers collecting yerba | laborers | laborers carrying burdens	vol006_tropicalagricult18861887colo#1886-11#086
349	planters	6	6	80,90,00	1886	1900	planters | Planters	residents | employers | estate owners	vol005_tropicalagricult18851886colo#1886-02#123
350	queenslanders	6	6	80,90,20	1882	1924	Queenslanders | Queenslander	people of Queensland | competitors	vol002_tropicalagricult18821883colo#1882-11#137
351	ratamahatmayas	6	6	90,00,10,20	1893	1920	Ratamahatmayas	officials reporting on cultivation | assisted in demonstrations | native civil authorities	vol013_tropicalagricult1318ceyl#1893-09#051
352	red indians	6	6	80,90,10,30	1888	1936	Red Indians	nomadic tribes of America | compared to Brazilian farming methods | people	vol008_tropicalagricult8188ceyl#1888-12#106
353	rodiyas	6	6	00,10	1900	1919	Rodiyas	Group studied by Geiger | exhibitors | exhibited fibre manufactures	vol019_tropicalagricult1918ceyl#1900-02#082
354	saxon	6	6	80,90	1884	1893	Saxon	coffee planters | people	vol004_tropicalagricult18841885colo#1884-08#085
355	shikari	6	6	80,00,40	1884	1940	shikari | Shikari	hunter | type of tracker | native hunter	vol004_tropicalagricult18841885colo#1884-12#088
356	soudanese	6	6	90,00,10	1894	1910	Soudanese	users of musk-rat perfume | coolies | servant's nationality	vol013_tropicalagricult1318ceyl#1894-02#126
357	south american indians	6	6	80,90,10	1888	1912	South American Indians | South American Indian	consumers of coca | users of coca leaves | indigenous people	vol007_tropicalagricult7188ceyl#1888-02#082
358	south indian planters	6	6	80,90,00	1885	1901	South Indian | South Indian planters	planters	vol005_tropicalagricult18851886colo#1885-11#060
359	sulus	6	6	80,90	1882	1896	Sulus	labourers | people of Sulu | workers	vol001_tropicalagricult1188ceyl#1882-01#065
360	tasmanians	6	6	80,90,00,40	1885	1941	Tasmanian	people | farming community	vol005_tropicalagricult18851886colo#1885-09#116
361	teamen	6	6	80,90	1881	1890	Teamen | teamen | TEAMEN	tea merchants | Chinese tea merchants | losing heavily at present	vol001_tropicalagricult1188ceyl#1881-09#109
362	telugus	6	6	90,00,20	1897	1925	Telugus | Telegus | delugus	new coolies | coolies | Cotton soil cultivators	vol016_tropicalagricult1618ceyl#1897-05#033
363	thibetans	6	6	80,90,00,10	1887	1910	Thibetans	consumers of brick tea | producers of brick tea | people	vol006_tropicalagricult18861887colo#1887-01#063
364	venezuelans	6	6	80,90,00,10	1885	1910	Venezuelans | Venezuelan	traders | users of Brounca coccinea as a laxative	vol005_tropicalagricult18851886colo#1885-07#125
365	aberdonian	5	5	80,90	1882	1897	Aberdonian	nationality/origin | nationality/origin of steamer commander | nationality/origin of the editor	vol001_tropicalagricult1188ceyl#1882-04#126
366	american indians	5	5	80,10,30,40	1882	1940	American Indians	users of stimulant | rice growers | group	vol002_tropicalagricult18821883colo#1882-11#165
367	american missionaries	5	5	80,90	1884	1893	American Missionaries | American missionaries	at Jaffna | religious group | encouraged the Karens	vol003_tropicalagricult18831884colo#1884-06#103
368	anglo-saxons	5	5	80,90	1886	1892	Anglo-Saxons | Agulo-Saxons | Anglo-Saxon | Anglo-Saxon race	descendants of Europeans | tea-drinking race	vol005_tropicalagricult18851886colo#1886-06#037
369	argentines	5	5	80,90,00	1882	1904	Argentines	consumers of dust 'matté' | people of Argentina | native	vol002_tropicalagricult18821883colo#1882-10#126
370	athenians	5	5	80,00	1882	1902	Athenians	ancient people | people | used hemlock for execution	vol002_tropicalagricult18821883colo#1882-11#128
371	aviadores	5	5	90,00,10	1898	1914	aviadores | Aviadores | aviador	class of traders | class of merchants shipping goods up-country | firms providing accommodation/advances	vol017_tropicalagricult1718ceyl#1898-02#076
372	badagas	5	5	80,90,00	1884	1902	Badagas	conservative community in Nilgiris | local community | Hill tribe	vol004_tropicalagricult18841885colo#1884-12#068
373	bedouins	5	5	80,90,00	1884	1901	Bedouins	people | market for goods | inhabitants of the province	vol004_tropicalagricult18841885colo#1884-09#058
374	buddhist priests	5	5	80,90,00	1885	1900	Buddhist priests | Buddhist Priests	users of incense | inhabitants of caves in Ceylon | growers of tea	vol004_tropicalagricult18841885colo#1885-01#106
375	bugis	5	5	80	1883	1888	Bugis	traders | people | of Celebes	vol002_tropicalagricult18821883colo#1883-01#018
376	cambodians	5	5	80,00	1882	1902	Cambodians	users of the liquid juice in medicine | people in south-eastern provinces | people using the sap in medicine	vol002_tropicalagricult18821883colo#1882-07#142
377	cantonese	5	5	80,90	1884	1893	Cantonese	labor group | planters | native dealers and teamen	vol003_tropicalagricult18831884colo#1884-02#029
378	ceylon	5	5	80,90,00	1889	1904	Ceylon | Ceylon.	planters | producers | category of tea	vol008_tropicalagricult8188ceyl#1889-02#075
379	chaliyas	5	5	80,90,00,10	1887	1910	Chaliyas	Sinhalese caste of cinnamon peelers | tribe in Siyane Korale | caste involved in cinnamon preparation	vol007_tropicalagricult7188ceyl#1887-09#002
380	chamars	5	4	90,00	1890	1909	Chamars | chamars	tanners | low caste Hindus collecting bones | low caste of Hindus collecting bones	vol010_tropicalagricult1018ceyl#1890-10#048
381	chilean	5	5	80,90	1881	1898	Chilian | Chilean	nationality | forces occupying ports | origin of Quillaja saponaria	vol001_tropicalagricult1188ceyl#1881-07#153
382	chinese merchants	5	5	80,90,00	1889	1900	Chinese merchants	exporters of rice | adulterated gums | trade participants	vol008_tropicalagricult8188ceyl#1889-05#070
383	cholas	5	3	90	1893	1896	cholas | Cholas	mountain inhabitants | Indo-Spanish | mixture of Indian and Spanish	vol012_tropicalagricult1218ceyl#1893-01#022
384	christians	5	5	80,00,30	1884	1934	Christians | Christian	inhabitants of Goa | religious group | users of rosaries	vol003_tropicalagricult18831884colo#1884-05#024
385	co-operative societies	5	5	10,30	1914	1936	Co-operative Societies | Co-operative societies	organised bodies | Subject of the report | suggested to take initiative	vol042_lbg-630-5-tag-v-42#1914-02#039
386	colombian	5	5	80,90,00	1881	1909	Colombian	character of bark | origin of bark | origin of cinchona bark	vol001_tropicalagricult1188ceyl#1881-11#010
387	cornish	5	5	80,90	1882	1899	Cornish	miners | workmen | source of clay	vol001_tropicalagricult1188ceyl#1882-04#132
388	dravidian	5	5	80,90,00	1889	1907	Dravidian	source for architects, sculptors and tank builders | ancient stock of the Pattinavar | ethnic/linguistic group	vol008_tropicalagricult8188ceyl#1889-04#102
389	european community	5	5	80,90,30,40	1882	1944	European Community | European community	community in Travancore | represented by Sir John Grinlinton | population group not using spices for curries	vol002_tropicalagricult18821883colo#1882-12#133
390	european nations	5	5	80,90,10	1884	1911	European nations	group among whom coffee spread rapidly | increased use of sugar	vol003_tropicalagricult18831884colo#1884-06#021
391	german manufacturers	5	5	80,90	1887	1895	German manufacturers | German manufactures	buyers of bark | bear sellers | buyers of cinchona	vol006_tropicalagricult18861887colo#1887-05#143
392	goyiyas	5	5	80,90	1888	1897	goyiyas | Goyiyas | goiyias	lowcountry cultivators | peelers or cultivators | Sinhalese peasant farmers	vol008_tropicalagricult8188ceyl#1888-09#045
393	goyya	5	5	80,10,40	1884	1944	goyia | Goiya | goyias | Goyya	system of coconut planting | villagers | conservative small farmer	vol004_tropicalagricult18841885colo#1884-12#061
394	hakka	5	5	80,90	1887	1897	Hakka | Heilochong | Hak-kas	Chinese dialect group | tribe of Chinese | children labor	vol007_tropicalagricult7188ceyl#1887-08#096
395	hakkas	5	5	80,90,00	1885	1902	Hakkas	hillmen and pioneers | tribe of agricultural Chinese | hillmen	vol005_tropicalagricult18851886colo#1885-08#092
396	haputale	5	5	80,00	1882	1900	Haputale	community | planter | caste of planter	vol001_tropicalagricult1188ceyl#1882-01#035
397	hausas	5	5	90,00,20,40	1899	1944	Hausas	local demand for nuts | inhabitants of West Africa | principal consumers of cola	vol018_tropicalagricult1818ceyl#1899-01#054
398	indians of guiana	5	5	90,00	1897	1909	Indians of Guiana	people | use red peppers as an antidote | people discussed in the text	vol016_tropicalagricult1618ceyl#1897-06#145
399	irishmen	5	5	80,90,00	1882	1903	Irishmen | Irishman	broom makers | sent to Barbadoes by Oliver Cromwell | swag men	vol002_tropicalagricult18821883colo#1882-08#055
400	jaffna tamil	5	5	90,00,10	1890	1914	Jaffna Tamil	ethnic group | in Ceylon | worker type mentioned	vol010_tropicalagricult1018ceyl#1890-12#138
401	jamaicans	5	5	80,90	1882	1891	Jamaicans | Jamaicaners	collectors of the plant | local producers | population	vol001_tropicalagricult1188ceyl#1882-05#194
402	jesuit missionaries	5	5	90,00,30	1895	1931	Jesuit missionaries | Jesuit Missionaries	religious group | in Angola | cultivated the plant in South America	vol014_tropicalagricult1418ceyl#1895-02#022
403	jewish	5	5	80,90,10,30	1883	1935	Jewish | Hebrew	community associated with Houndsditch | religious/ethnic group of exiles | population	vol002_tropicalagricult18821883colo#1883-01#141
404	kaders	5	5	80,90,00	1883	1908	Kaders	jungle experts | jungle tribe | local hill tribe	vol002_tropicalagricult18821883colo#1883-04#055
405	kandyan chiefs	5	5	80,90,00	1888	1908	Kandyan Chiefs	historical rulers | land owners | historical threat to the fisheries	vol008_tropicalagricult8188ceyl#1888-11#091
406	liberal	5	5	80,90,00	1888	1904	Liberal	political party	vol007_tropicalagricult7188ceyl#1888-02#076
407	london brokers	5	5	80,90	1886	1898	London Brokers	source of information | assessed the coffee sample | received samples	vol006_tropicalagricult18861887colo#1886-10#085
408	makua	5	4	80,90	1883	1895	Makua | Makuas	natives | make a fine string from the roots of a tree termed mamba | people whose chief employment is smelting and working of iro	vol003_tropicalagricult18831884colo#1883-11#106
409	malabar coolies	5	5	80,90	1882	1896	Malabar coolies	labourers | laborers in Ceylon | laborers in Uva	vol001_tropicalagricult1188ceyl#1882-06#102
410	maltese	5	5	80,90	1883	1893	Maltese	potential labour source | comparison for filigree work	vol002_tropicalagricult18821883colo#1883-04#079
411	mincing lane brokers	5	5	80,90,00	1889	1900	Mincing Lane Brokers	tea brokers | brokers	vol008_tropicalagricult8188ceyl#1889-03#059
412	moplah	5	4	80,00,20	1883	1923	Moplah | Moplaha | Moplachs	labourers | jungle Moplah | enterprising distillers	vol002_tropicalagricult18821883colo#1883-02#163
413	moros	5	5	90,00,10	1893	1912	Moros	tribe of Mindanao | natives securing sap | natives engaged in gutta-percha business	vol013_tropicalagricult1318ceyl#1893-11#113
414	mussulmans	5	5	80	1881	1888	Mussulmans | mussulmans	former religion of weavers | religious group | buyers of coral for turbans	vol001_tropicalagricult1188ceyl#1881-11#170
415	natalians	5	5	80,90	1886	1899	Natalians	residents of Natal | ambitious of developing an appreciable tea industry | local population	vol005_tropicalagricult18851886colo#1886-05#093
416	netherlanders	5	5	80,30	1887	1931	Netherlanders	nation | planters | nationality	vol006_tropicalagricult18861887colo#1887-06#035
417	new yorkers	5	5	80,90	1884	1895	New Yorkers	residents of New York	vol004_tropicalagricult18841885colo#1884-10#026
418	nigerian	5	5	00,20,30	1909	1934	Nigerian	villagers | nationality/region descriptor | origin of comparative ginger sample	vol032_tropicalagricul321909ceyl#1909-05#082
419	north indian	5	5	80,90	1885	1896	North Indian	planter | tea planters | planters	vol004_tropicalagricult18841885colo#1885-03#012
420	pali	5	5	80,90,00	1884	1901	Pali	language | language of ancient classic books | language/literary tradition	vol004_tropicalagricult18841885colo#1884-12#116
421	paraguayans	5	5	80,90	1882	1897	Paraguayans | Paraguayan	native people | people who prepare Maté | drinkers of mate	vol002_tropicalagricult18821883colo#1882-08#162
422	punjabi	5	5	80,90,10,20,40	1882	1940	Punjabi | Punjabee | Panjabi	people of Punjab | milkers | students	vol002_tropicalagricult18821883colo#1882-11#224
423	raiyats	5	5	90,00,10,40	1899	1940	raiyats	peasants of the Provinces | local tenants trained | local rearers/farmers	vol018_tropicalagricult1818ceyl#1899-01#180
424	revenue officers	5	5	00,30,40	1908	1942	Revenue Officers	officials responsible for enforcement | government officials | help for survey and estimate of crops	vol030_tropicalagricul301908ceyl#1908-01#055
425	sakais	5	5	80,90,00,10	1884	1918	Sakais	aboriginal tribe | aborigines in Perak | natives	vol004_tropicalagricult18841885colo#1884-10#025
426	santal	5	5	80,90,00	1887	1909	Santal	aboriginal inhabitants | girls who wear bracelets | girls who wear leaf bracelets	vol006_tropicalagricult18861887colo#1887-04#065
427	santals	5	5	80,00,10,20	1883	1924	Santals	community in Bengal | growers | forest tribes gathering seeds	vol002_tropicalagricult18821883colo#1883-01#142
428	siberians	5	5	90	1890	1895	Siberians | Siberian	customers for brick tea | people met at fair | populations	vol010_tropicalagricult1018ceyl#1890-10#060
429	singalese	5	5	90	1890	1896	Singalese	language | natives, labourers | people	vol010_tropicalagricult1018ceyl#1890-07#070
430	singhalese	5	5	80,10	1886	1915	Singhalese	people who call the weed uluk	vol005_tropicalagricult18851886colo#1886-02#101
431	sowcar	5	5	90,00,20	1893	1925	sowcar | Sowcar	money-lender | rich merchants | moneylender	vol012_tropicalagricult1218ceyl#1893-06#189
432	tea brokers	5	5	90	1891	1898	Tea Brokers | tea brokers	agreed to regulate quantity at sales | professionals | London	vol011_tropicalagricult1118ceyl#1891-12#052
433	vedaralas	5	5	80,90,00,20,40	1886	1945	Vedaralas | Native Vedaralas | Vedarālas	traditional healers | guides for utilisation of vegetation | religious scholars who recommended toddy	vol005_tropicalagricult18851886colo#1886-02#116
434	vederalas	5	5	90,30	1890	1934	vederalas | Vederalas	traditional healers | local practitioners attempting to stop bleeding | Ayurvedic medical men	vol010_tropicalagricult1018ceyl#1890-08#162
435	vel-vidanes	5	3	00,30,40	1908	1944	Vel-Vidanes	petty headmen | local officials | petty officers	vol031_tropicalagricul311908ceyl#1908-10#032
436	wakamba	5	5	80,90,00	1887	1909	Wakamba	tribe | tribe, used as porters | negroid people	vol006_tropicalagricult18861887colo#1887-02#067
437	armenian	4	4	90,10	1890	1910	Armenian	language | refugees | traders	vol010_tropicalagricult1018ceyl#1890-10#080
438	assyrians	4	4	90,10	1890	1914	Assyrians | Assyrian		vol010_tropicalagricult1018ceyl#1890-11#121
439	australian colonies	4	4	80,00	1887	1909	Australian Colonies | Australian colonies	exhibitors | had control of British New Guinea | colonies	vol007_tropicalagricult7188ceyl#1887-07#044
440	baganda	4	4	00,10	1902	1911	Baganda	people | people whose habits are changing | race	vol021_tropicalagricult2119ceyl#1902-01#042
441	bajows	4	4	80,90	1882	1896	Bajows	people coming from the coast | pirates | workers at seed pearl banks	vol001_tropicalagricult1188ceyl#1882-05#189
442	bheel	4	4	80,90	1883	1897	Bheel	tribes | tribe using bamboo for bows | associated with new gardens	vol002_tropicalagricult18821883colo#1883-02#145
443	bheels	4	4	80,90	1885	1896	Bheels	tribe residing in the forest | collect the gum	vol005_tropicalagricult18851886colo#1885-12#130
444	bhils	4	4	00	1907	1908	Bhils	community | people in Khandesh and Panch Mahals | aboriginals of the hills	vol028_tropicalagricul281907ceyl#1907-01#017
445	british indians	4	4	80,90,00	1885	1908	British Indians | British Indian	labourers whose importation is not tolerated | importers of adulterated cloves | labour, subjects	vol005_tropicalagricult18851886colo#1885-10#086
446	bulgarian	4	4	80,90,00	1883	1908	Bulgarian | BULGARIAN	nationality | harvest of otto	vol003_tropicalagricult18831884colo#1883-09#038
447	carib indians	4	4	00,10	1901	1913	Carib Indians | Carabisi Indians	indigenous people | people | indigenous group	vol020_tropicalagricult2019ceyl#1901-03#037
448	cascarilleros	4	4	80	1882	1888	Cascarilleros | cascarilleros	bark collectors | bark-peelers	vol001_tropicalagricult1188ceyl#1882-01#048
449	caucheros	4	4	80,90,00	1884	1900	caucheros	workers tapping trees | rubber tappers | rubber gatherers	vol003_tropicalagricult18831884colo#1884-01#065
450	cearenses	4	3	80,00,10	1885	1910	Cearenses | Ceareneses | Caerenses | Cearense	immigrants employed in rubber collection | Brazilian rubber workers | contract labourers from Ceará	vol004_tropicalagricult18841885colo#1885-03#067
451	central americans	4	4	80,90,40	1882	1940	Central American | Central Americans	buyers | people	vol002_tropicalagricult18821883colo#1882-12#010
452	ceylon contingent	4	4	00	1900	1903	Ceylon Contingent	military unit | Military contingent | troops sent to South Africa	vol019_tropicalagricult1918ceyl#1900-03#106
453	chilian	4	4	80,90,10	1881	1915	Chilian	nationality	vol001_tropicalagricult1188ceyl#1881-07#065
454	coffee planters	4	4	90,00,20	1890	1923	Coffee Planters | Coffee-planters	informal meeting participants	vol010_tropicalagricult1018ceyl#1890-07#104
455	colombians	4	4	80,90	1883	1897	Colombians | Colombian | Columbian	nationality | consumers	vol002_tropicalagricult18821883colo#1883-04#170
456	coolie labourers	4	4	80,90	1883	1896	coolie labourers	labourers on the gardens | imported labour	vol003_tropicalagricult18831884colo#1883-07#030
457	dhoby	4	4	80,20	1886	1922	dhoby | Dhoby	washman | washermen | caste/community	vol006_tropicalagricult18861887colo#1886-11#023
458	english people	4	4	80,90,00	1888	1901	English people | English People	consume 73 oz. per head | subject of satire | consumers of tea	vol007_tropicalagricult7188ceyl#1888-05#111
459	european countries	4	4	90,00,10,30	1897	1935	European countries	region using maguey fibre | ranked according to wealth per head	vol017_tropicalagricult1718ceyl#1897-08#003
460	fellahin	4	4	00,10	1900	1914	Fellahin | fellahin	small farmers | Cultivating class | farmers	vol020_tropicalagricult2019ceyl#1900-12#100
461	flemish	4	4	80,90,00	1885	1900	Flemish	farmer | housewives | language	vol005_tropicalagricult18851886colo#1885-09#118
462	french canadians	4	4	80,90	1882	1898	French Canadians	community with land reserves | consumers of Japan teas | class of consumers	vol001_tropicalagricult1188ceyl#1882-04#150
463	gauls	4	4	80,30	1881	1933	Gauls	people	vol001_tropicalagricult1188ceyl#1881-06#124
464	guaraní indians	4	4	80,00	1883	1908	Guaraní Indians	tribe | tribe associated with guarana | of Paraguay	vol003_tropicalagricult18831884colo#1883-10#090
465	hindustanis	4	4	80,90,30	1882	1936	Hindustanis | Hindustani	people eating shorosheyre shag | labourers sent to West Indies | people	vol002_tropicalagricult18821883colo#1882-10#004
466	huguenots	4	4	80,90	1887	1898	Huguenots | Huguenot	descendants | arrived in 1688 | Religious group	vol006_tropicalagricult18861887colo#1887-02#112
467	indian ryots	4	4	80,90,00,20	1885	1925	Indian ryots | Indian Ryots	farmers | collectors of kapok down | cotton growers	vol004_tropicalagricult18841885colo#1885-02#068
468	indo-chinese	4	4	80,00,20	1886	1924	Indo-Chinese	nations | peoples	vol006_tropicalagricult18861887colo#1886-10#041
469	islam	4	4	90,40	1893	1940	Islam | Muhammadanism	religion	vol013_tropicalagricult1318ceyl#1893-11#006
470	kachin	4	4	80,90	1886	1892	Kachin | Kakhyens	expert at trapping forest fowl | ethnic group | people/ethnic group	vol005_tropicalagricult18851886colo#1886-02#030
471	kadyans	4	4	80	1881	1889	Kadyans	tribe from Brunei territory | people in Borneo | Mahomedan tribe of Borneans	vol001_tropicalagricult1188ceyl#1881-09#066
472	kanganis	4	4	80,90,00	1889	1903	kanganis | kangani's | Kanganis	labour agents | labor contractors | workers	vol009_tropicalagricult9188ceyl#1889-10#029
473	kangayam	4	4	20,30	1927	1933	Kangayam | Kangayam stock	cattle breed | breed of bull | breed of cattle	vol069_tropical-agriculturist-1927-10-69#1927-10#015
474	kentish	4	4	80,00	1882	1902	Kentish	origin of hops | fruit-growers | gentleman who raised tobacco	vol001_tropicalagricult1188ceyl#1882-02#142
475	kurumbers	4	4	80,90,00	1886	1903	Kurumbers	wild tribe | laborers | jungle-men	vol006_tropicalagricult18861887colo#1886-09#124
476	liberians	4	4	80,00	1882	1900	Liberians | Liberian	natives | civilised natives | labourers imported hitherto	vol001_tropicalagricult1188ceyl#1882-01#002
477	low-country sinhalese	4	3	10,20,40	1919	1941	Low-country Sinhalese	community | peasantry | recruited settlers	vol052_iss01_tropical-agriculturist-1919-01-52-1#1919-01#005
478	malay states	4	4	80,90,00	1885	1908	Malay States | Malay states	protected states | under British protection | States on the Peninsula	vol004_tropicalagricult18841885colo#1885-05#114
479	mandarin	4	4	80,10	1884	1912	Mandarin | mandarin	officials | officials in China | language	vol004_tropicalagricult18841885colo#1884-10#033
480	manipuri	4	4	90	1895	1899	Manipuri | Munipoories	coolies | hill men | traders	vol015_tropicalagricult1518ceyl#1895-08#017
481	marathi	4	4	80,90	1886	1895	Marathi | Mahr	language spoken | language of pamphlet | language group	vol005_tropicalagricult18851886colo#1886-04#078
482	mauritians	4	4	80,90	1889	1894	Mauritians | Mauritian	people of Mauritius | friends and acquaintances	vol008_tropicalagricult8188ceyl#1889-01#102
483	mohamedan	4	4	90,10,20	1890	1922	Mohamedan	religious group | informant | candidate for scholarship	vol010_tropicalagricult1018ceyl#1890-08#090
484	mongol	4	4	90	1890	1899	Mongol	language | caravan-men	vol010_tropicalagricult1018ceyl#1890-10#080
485	muruts	4	4	80,90,00	1886	1909	Muruts	traders of jungle produce | woodsmen | tribesmen from the interior	vol005_tropicalagricult18851886colo#1886-05#053
486	muscovite	4	4	90	1892	1898	Muscovite | Mascovite	population | demand source | native of Moscow	vol012_tropicalagricult1218ceyl#1892-09#070
487	mussulman	4	4	80,90	1886	1892	Mussulman | Musalman	warpers | cultivators	vol005_tropicalagricult18851886colo#1886-04#078
488	mysore coolies	4	4	80,90	1885	1890	Mysore coolies | Mysore cooly	laborers | labourers | labourers for coffee plantations	vol004_tropicalagricult18841885colo#1885-04#047
489	native planters	4	4	80,90,00	1888	1903	Native Planters | native planters | Native planters	planters in Coorg | recipients of notices | source of rubber seed	vol007_tropicalagricult7188ceyl#1888-06#097
490	new zealanders	4	4	80,90	1885	1895	New Zealanders | New Zealander	colonists | nationality | people involved in flax treatment	vol004_tropicalagricult18841885colo#1885-06#139
491	north american	4	4	80,90,10	1882	1913	North American	origin of deal wood | trade centre | origin of locomotives	vol001_tropicalagricult1188ceyl#1882-02#010
492	pariah	4	4	80,90	1889	1895	Pariah | pariah	caste | low caste coolies	vol009_tropicalagricult9188ceyl#1889-12#014
493	polish	4	4	90,20	1890	1920	Polish	language | nationality of exiles | nationality	vol010_tropicalagricult1018ceyl#1890-10#080
494	rayats	4	4	90,00,10,20	1892	1928	rayats	cultivators | peasants of India	vol012_tropicalagricult1218ceyl#1892-11#051
495	rothschilds	4	4	80,90	1885	1897	Rothschilds | Rothschild's	pearl collectors | alleged offerors to Government	vol004_tropicalagricult18841885colo#1885-03#090
496	sakalava	4	4	80,90	1884	1898	Sakalava	people of the west coast | people of northern Madagascar | people of Madagascar	vol003_tropicalagricult18831884colo#1884-02#010
497	sakeis	4	4	80,90	1888	1897	Sakeis	wild men of Perak | dwellers on the plateau | wild tribe	vol008_tropicalagricult8188ceyl#1888-08#056
498	samoan	4	4	90,10	1890	1912	Samoan	language/people | origin of drying-sheds	vol009_tropicalagricult9188ceyl#1890-01#014
499	saxons	4	4	80,90	1884	1899	Saxon | Saxons | Saxon race	ancestors | preferred colonists	vol003_tropicalagricult18831884colo#1884-06#074
500	scotchman	4	4	80,90	1887	1897	Scotchman	nationality	vol006_tropicalagricult18861887colo#1887-03#078
501	shanar	4	4	80,90,00	1883	1901	Shanar	caste in Travancore and Tinnevelly | caste that supplies toddy | community in Tinnevelly and Madura	vol003_tropicalagricult18831884colo#1883-08#129
502	siberian	4	4	90,00,10	1898	1919	Siberian	immigrants | representatives | demand	vol018_tropicalagricult1818ceyl#1898-07#064
503	sicilian	4	4	80,00	1888	1909	Sicilian	nationality | voters | origin of oranges and lemons	vol008_tropicalagricult8188ceyl#1888-11#069
504	singphos	4	4	80,90	1885	1897	Singphos | Singpho	hill people purchasing tea	vol004_tropicalagricult18841885colo#1885-06#052
505	sinhalese coolies	4	4	90,00	1890	1908	Sinhalese coolies | Sinhalese Coolies | SINHALESE COOLIES	workers using crowbars and native hoes | scarce owing to tobacco cultivation | workers	vol009_tropicalagricult9188ceyl#1890-03#051
506	sinna durai	4	3	80,90	1883	1893	Sinna Durai | S. D. s.	caste/community | managerial rank | community	vol002_tropicalagricult18821883colo#1883-03#022
507	tagalog	4	4	80,10,30	1881	1934	Tagal | Tagalog	servant | workers in Manila factories | language group	vol001_tropicalagricult1188ceyl#1881-09#139
508	tambies	4	4	80,90,00	1881	1900	tambies | Tambies	hawking quinine | principal offenders in purchasing stolen produce | potential buyers of trash	vol001_tropicalagricult1188ceyl#1881-11#161
509	todas	4	4	80,90	1885	1898	Todas	community holding the tree sacred | tribe | pastoral folk	vol005_tropicalagricult18851886colo#1885-07#013
510	toltecs	4	3	80,10	1884	1918	Toltecs	original natives | ancient civilization | ancient race who understood sisal culture	vol004_tropicalagricult18841885colo#1884-09#071
511	trappists	4	4	80,90,00	1885	1902	Trappists	monks living on vegetable food | monks near Rome | religious order with establishment in Maremma	vol005_tropicalagricult18851886colo#1885-12#034
512	turk	4	4	80,90	1886	1891	Turk	traveler in the legend | person punished for smoking	vol006_tropicalagricult18861887colo#1886-10#068
513	vanniya	4	4	80,90,00	1889	1908	Vanniya	cultivator | caste | community	vol009_tropicalagricult9188ceyl#1889-08#014
514	vedda	4	4	80,90,30	1889	1930	Vedda | Vedda's	people | people of the Vedda districts | indigenous group in Ceylon	vol008_tropicalagricult8188ceyl#1889-03#072
515	victorian	4	4	90,00,10	1893	1911	Victorian	legislators | adjective referring to the region of Victoria | growers	vol012_tropicalagricult1218ceyl#1893-04#048
516	viennese	4	4	80,90,10	1886	1914	Viennese	coffee-house keeper | people | bacteriologists	vol005_tropicalagricult18851886colo#1886-05#059
517	wanyamwezi	4	4	90,00,10	1899	1914	Wanyamwezi	labourers | preferred labourers | Labourers	vol018_tropicalagricult1818ceyl#1899-02#091
518	wesleyan	4	4	80,90,00	1881	1900	Wesleyan	religious group | missionary denomination | ministers working as missionaries	vol001_tropicalagricult1188ceyl#1881-08#063
519	aboriginal indians	3	3	10,40	1914	1940	aboriginal Indians | Aboriginal Indians	collectors	vol043_lbg-tropicalagricultvol-xliii0000unse-c5y3#1914-11#043
520	abors	3	3	80,90	1882	1899	Abors	predatory tribes | tribe on the extreme north-east frontier of Assam | hill tribe	vol002_tropicalagricult18821883colo#1882-07#007
521	african natives	3	2	90,00	1892	1903	African natives | natives | African native	local population | population of Liberia	vol012_tropicalagricult1218ceyl#1892-07#081
522	african negro	3	3	90,00	1895	1901	African negro | African Negro	labourer | labour force | local population	vol015_tropicalagricult1518ceyl#1895-11#048
523	african negroes	3	3	80,90	1889	1895	African negroes	labourers | people who sowed kola	vol009_tropicalagricult9188ceyl#1889-11#030
524	akas	3	2	90,00	1899	1904	Akas	hill tribe | tribe from the hills | native hill men	vol018_tropicalagricult1818ceyl#1899-05#002
525	allies	3	3	10,20,40	1917	1940	Allies	importing group | military coalition	vol048_iss02_tropical-agriculturist-1917-02-48-2#1917-02#013
526	amazonian	3	3	90,00,10	1893	1910	Amazonian	people of the Amazon region | rubber districts | savage	vol013_tropicalagricult1318ceyl#1893-11#083
527	angonis	3	3	90	1892	1897	Angonis	native tribe, allies | native labourers | labourers	vol012_tropicalagricult1218ceyl#1892-08#097
528	anguru	3	3	90	1897	1897	Anguru	people | labourers | tribe	vol017_tropicalagricult1718ceyl#1897-07#022
529	anyika	3	2	90	1894	1894	Anyika	inhabiting the Nyika Plateau | inhabitants of Nyika | local people	vol013_tropicalagricult1318ceyl#1894-02#084
530	arawaks	3	3	80,00,10	1885	1913	Arawaks | Arawacks	people who make hammocks from Eta fibre | Indians | indigenous people	vol004_tropicalagricult18841885colo#1885-03#119
531	ashanti	3	3	90,10,20	1898	1922	Ashanti	kingdom | farmers | traders	vol018_tropicalagricult1818ceyl#1898-11#077
532	australasian	3	3	80,90	1885	1899	Australasian	visitors | buyers of tea | prejudice succumbed to tea superiority	vol004_tropicalagricult18841885colo#1885-05#118
533	australasian colonies	3	3	80,90	1882	1897	Australasian Colonies | Australasian colonies	importers of tea | region | trading partners	vol001_tropicalagricult1188ceyl#1882-06#079
534	australasians	3	3	90,00	1890	1903	Australasians	opposed to Chinese labour	vol009_tropicalagricult9188ceyl#1890-06#060
535	austro-hungarian	3	3	90,00,10	1899	1915	Austro-Hungarian	origin of crystallized sugar | rubber manufacturers	vol018_tropicalagricult1818ceyl#1899-01#034
536	ayurvedic physicians	3	3	10,30	1917	1938	Ayurvedic Physicians | Ayurvedic Physician	medical practitioners | prescribed dietary preferences	vol049_iss02_tropical-agriculturist-1917-08-49-2#1917-08#011
537	bajaus	3	3	80,90,00	1888	1908	Bajows | Bajaus	natives who believe in the Sherif's praying | labour force	vol007_tropicalagricult7188ceyl#1888-06#095
538	bania	3	3	00,10	1906	1912	bania	village money lender | money-lender | middleman	vol027_tropicalagricul271906ceyl#1906-10#015
539	barbadians	3	3	90,10,30	1895	1930	Barbadian | Barbadians	labourers in and around Iquitos | nationality	vol015_tropicalagricult1518ceyl#1895-10#163
540	berbers	3	3	80,00	1888	1903	Berbers	people | divers	vol007_tropicalagricult7188ceyl#1888-03#027
541	betsileo	3	2	80,90	1882	1891	Betsileo | Betsilo	country/tribe | territory/tribe	vol002_tropicalagricult18821883colo#1882-10#032
542	bhandaris	3	3	80,90	1886	1898	Bhandaris	interested persons | palm-juice extractors | coconut tappers	vol005_tropicalagricult18851886colo#1886-06#126
543	bhooteah	3	2	90	1896	1896	Bhooteah	ponies | hill tribe | hill-men/porters	vol016_tropicalagricult1618ceyl#1896-08#028
544	bohemian	3	3	80,90	1883	1899	Bohemian	nationality | language	vol003_tropicalagricult18831884colo#1883-09#038
545	boyanese	3	3	80,90	1888	1894	Boyanese	coolies engaged at Singapore | labourers with frugal style of living | labourers	vol008_tropicalagricult8188ceyl#1888-10#130
546	british commonwealth	3	2	30	1934	1939	British Commonwealth	political and economic entity | countries whose residents receive a specific subscription ra	vol082_dli-ernet-229227#1934-05#011
547	briton	3	3	80,90	1888	1895	Briton		vol007_tropicalagricult7188ceyl#1888-03#031
548	brokers	3	3	90,00	1891	1900	brokers | Brokers	trade agents in London | tea brokers opposing factory bulking | assure quality of infusion	vol010_tropicalagricult1018ceyl#1891-03#018
549	bunnias	3	3	80,90	1885	1897	Bunnias | bunnias	using leaves for packing | native shopkeepers	vol004_tropicalagricult18841885colo#1885-05#126
550	bushmen	3	3	80	1885	1888	Bushmen | bushmen	nomadic tribes of Australia	vol004_tropicalagricult18841885colo#1885-03#037
551	canarese coolies	3	2	80,00	1889	1902	Canarese coolies | Canary coolies | Canarese cooly		vol008_tropicalagricult8188ceyl#1889-03#146
552	caribisi	3	3	80,00	1883	1908	Caribisci | Caribisi | Carabisi	indigenous people | tribe | Indians	vol003_tropicalagricult18831884colo#1883-07#040
553	carthaginians	3	3	90,00	1891	1901	Carthaginians	great road-builders | ancient people	vol011_tropicalagricult1118ceyl#1891-12#086
554	catholics	3	3	00,10	1900	1911	Catholic | Catholics	religious group | historical reference to fish-culturists	vol019_tropicalagricult1918ceyl#1900-04#059
555	cattle	3	3	00,10,30	1902	1930	cattle	bred on the estate | animals fed on leaves of Leucaena glauca | penned by competitors	vol022_tropicalagricult2219ceyl#1902-12#051
556	celtic	3	3	80,90	1883	1895	Celtic	race	vol002_tropicalagricult18821883colo#1883-05#011
557	central asian	3	3	90,00	1896	1903	Central Asian	market | region of tea trade centre	vol016_tropicalagricult1618ceyl#1896-08#033
558	ceylon coffee planters	3	3	80,90	1889	1897	CEYLON COFFEE PLANTERS | Ceylon Coffee Planters	planters found all over the world | observers of company proceedings	vol008_tropicalagricult8188ceyl#1889-02#040
559	ceylon coolies	3	3	90	1890	1898	Ceylon coolies | Ceylon coolie	labourers | labor comparison | laborers	vol010_tropicalagricult1018ceyl#1890-10#013
560	chalias	3	3	80,90,00	1884	1908	Chalias | chalias	caste employed in cutting cinnamon | Caste of Cinnamon-peelers | traders from Matara	vol003_tropicalagricult18831884colo#1884-06#036
561	chena cultivators	3	3	90,10,30	1899	1938	chena cultivator | chena cultivators | Chena cultivators	agricultural community	vol019_tropicalagricult1918ceyl#1899-08#088
562	chermas	3	3	80,90	1888	1892	Chermas	laborers | community suffering from influenza | labourers	vol008_tropicalagricult8188ceyl#1888-12#124
563	chins	3	3	80,90,10	1886	1910	Chins | Chin	hill-tribes | coolies | of Burma	vol006_tropicalagricult18861887colo#1886-12#110
564	chuncho	3	2	90	1893	1896	chuncho | Chuncho	people | full-breed Indian | worker hired by contract	vol012_tropicalagricult1218ceyl#1893-01#022
565	cochinese	3	3	90	1897	1897	Cochinese	people from Cochin | people of Cochin | workers in chekkus and oil mills	vol017_tropicalagricult1718ceyl#1897-12#053
566	colonial	3	3	80,90,00	1885	1908	Colonial | colonial	readers | markets | source of leaf for display	vol005_tropicalagricult18851886colo#1885-08#110
567	colonials	3	3	00,10	1902	1914	Colonials | colonials | Colonial	old members of the College | origin of goods	vol021_tropicalagricult2119ceyl#1902-03#064
568	continental buyers	3	3	80,90,00	1884	1901	Continental	buyers | market for tea orders	vol004_tropicalagricult18841885colo#1884-10#051
569	coolie labour	3	3	80,90	1888	1897	coolie labour	imported from India | imported into Assam | imported workers	vol008_tropicalagricult8188ceyl#1888-09#051
570	cooly	3	3	80,90,00	1884	1901	cooly	labor | labourer	vol003_tropicalagricult18831884colo#1884-02#029
571	de mel	3	3	90,10	1896	1912	Messrs. De Mel | De Mel	proprietors | coconut plantation owners | family associated with cinnamon estates	vol015_tropicalagricult1518ceyl#1896-01#097
572	de mels	3	3	80,90,00	1885	1904	de Mels | De Mels	enterprising traders | owners of land on Dambulla Road | land-owners who bred cattle	vol005_tropicalagricult18851886colo#1885-10#048
573	dominicans	3	3	80,90	1881	1892	Dominicans | Dominican	orange exporters | growers and exporters | monks	vol001_tropicalagricult1188ceyl#1881-10#019
574	dravidians	3	3	80,90,00	1888	1907	Dravidians | Dravidian stock	ethnic group	vol008_tropicalagricult8188ceyl#1888-12#106
575	dutchmen	3	3	90,00	1896	1902	Dutchmen	lessees of land	vol016_tropicalagricult1618ceyl#1896-07#048
576	dyak	3	3	80,10	1883	1911	Dyak	associated with poison | people using term Ptoot | people	vol002_tropicalagricult18821883colo#1883-03#139
577	east african	3	3	80,00,40	1887	1941	East African	origin of copra | region/practice origin	vol006_tropicalagricult18861887colo#1887-02#067
578	east indian coolies	3	3	90,00,10	1897	1911	East Indian coolies | East Indian Coolies	immigrants in Jamaica | labouring population | labourers	vol016_tropicalagricult1618ceyl#1897-05#021
579	esquimaux	3	3	80,90,00	1887	1902	Esquimaux	people | crew	vol006_tropicalagricult18861887colo#1887-02#064
580	ethiopians	3	3	80,90,20	1887	1922	Ethiopians		vol007_tropicalagricult7188ceyl#1887-09#002
581	european colonists	3	3	80,90	1886	1894	European colonists | European Colonists	labour supply | pepper cultivators	vol005_tropicalagricult18851886colo#1886-04#135
582	european powers	3	3	80,90	1881	1899	European Powers | European powers	opposed importation of Eastern indigo | political entities	vol001_tropicalagricult1188ceyl#1881-07#164
583	european settlers	3	3	80,90	1885	1898	European settler	coffee cultivators in Coorg | intended settlers	vol004_tropicalagricult18841885colo#1885-03#025
584	fanti	3	3	90,10	1897	1912	Fanti | Fantis	people | farmers	vol017_tropicalagricult1718ceyl#1897-09#049
585	fijian natives	3	3	80,90,10	1882	1914	natives | Fijian natives	growers of cane for tax payment	vol001_tropicalagricult1188ceyl#1882-06#069
586	foulah	3	3	00	1901	1902	Foulah	associated with a method of preparing rubber | method of preparing rubber	vol020_tropicalagricult2019ceyl#1901-02#013
587	frasers	3	3	80,90	1887	1899	Messrs. Frasers | the Frasers | Frasers	cultivators near Matale | Ceylon planters | old friends	vol006_tropicalagricult18861887colo#1887-04#077
588	french troops	3	3	80,90,20	1882	1920	French troops	military force in desert oases | in Tonquin | in Indo-China	vol002_tropicalagricult18821883colo#1882-07#143
589	fulani	3	3	10,20,40	1912	1942	Fulani	Emirs | nomads with cattle | nomadic cattle owners	vol039_tropicalagricul391912ceyl#1912-09#014
590	garos	3	3	80,90,00	1882	1901	Garos | Garrows	predatory tribes | cotton sellers | tappers	vol002_tropicalagricult18821883colo#1882-07#007
591	german firms	3	3	80,00	1881	1901	German firms	buyers of bark | organized expedition	vol001_tropicalagricult1188ceyl#1881-07#135
592	gujarati	3	3	80,20	1888	1922	Gujarati	language of pamphlet | author identifier	vol008_tropicalagricult8188ceyl#1888-11#015
593	haddens	3	3	90	1894	1898	Haddens	planters of the 'forties' in Ceylon | planters	vol013_tropicalagricult1318ceyl#1894-01#042
594	hill and rathborne	3	3	90	1891	1893	Messrs. Hill and Rathborne	estate owners | owners of coffee plantation | proprietors	vol011_tropicalagricult1118ceyl#1891-07#031
595	hillmen	3	3	80,90	1888	1898	hillmen	wilder population expected to adopt cultivation | laborers | cultivators	vol007_tropicalagricult7188ceyl#1888-04#011
596	hova	3	3	80,90	1883	1890	Hova	people of Madagascar | evangelists and teachers	vol003_tropicalagricult18831884colo#1883-09#049
597	ilocano	3	3	10,20	1910	1921	Ilocano	rice growers | dialect | language group	vol034_tropicalagricul341910ceyl#1910-01#016
598	indian coolie	3	3	90,00	1894	1901	Indian coolie	worker | labourer	vol014_tropicalagricult1418ceyl#1894-12#094
599	indian labourers	3	3	80,90,30	1881	1932	Indian labour | Indian labourer | Indian labourers	Immigrant workers | consumers of imported rice	vol001_tropicalagricult1188ceyl#1881-12#137
600	indian population	3	3	90,10	1892	1910	Indian population	community | cultivators of indigo and rice | consumers	vol011_tropicalagricult1118ceyl#1892-03#097
601	indian races	3	3	80,90,10	1881	1910	Indian races	consumers of coca | peoples | consumers	vol001_tropicalagricult1188ceyl#1881-10#136
602	jaffnese	3	3	90	1891	1899	Jaffnese	applicants for land	vol010_tropicalagricult1018ceyl#1891-01#089
603	jains	3	3	80,10,20	1883	1928	Jains	religious group | Prefer Eri silk	vol003_tropicalagricult18831884colo#1883-07#013
604	jamaican	3	3	10,20,30	1914	1931	Jamaican	origin of cacao | cultivator | origin of grape fruit	vol043_lbg-tropicalagricultvol-xliii0000unse-c5y3#1914-12#008
605	jamaican negroes	3	3	80,00	1882	1904	Jamaican negroes | Jamaica negro	labourers | labourers in Guatemala	vol002_tropicalagricult18821883colo#1882-08#156
606	javanese coolies	3	3	80,10	1886	1912	Javanese coolies	laborers | labourers | employed on estates	vol006_tropicalagricult18861887colo#1886-10#040
607	jesuit fathers	3	3	80,30	1885	1938	Jesuit Fathers | Jesuit fathers	credited with legendary introduction of silk-worm to Europe | pioneering work with Apis indica	vol004_tropicalagricult18841885colo#1885-05#074
608	kafir	3	3	80,90,00	1886	1900	Kafir	name for Cape box | groom	vol006_tropicalagricult18861887colo#1886-07#068
609	kampong	3	2	20,30	1929	1931	Kampong	Malay, village | trees mentioned in table V | type of rubber tree	vol072_dli-ernet-229221#1929-05#010
610	kanarese	3	3	90,00,20	1895	1924	Kanarese	ancestral group of the Badegas | language group	vol015_tropicalagricult1518ceyl#1895-11#039
611	kandyan kingdom	3	3	90,20	1893	1929	Kandyan Kingdom | Kandyan kingdom	downfall in Ceylon | kingdom	vol013_tropicalagricult1318ceyl#1893-07#160
612	kangayam cattle	3	3	30	1930	1934	Kangayam cattle | Kangayam	herd used for grazing trial | cattle breed | imported cattle breed	vol074_dli-ernet-229223#1930-02#022
613	khasis	3	3	90,00,10	1890	1912	Khasis	people of Assam who obtain iron from granite | tribes | Hill tribe	vol010_tropicalagricult1018ceyl#1890-07#075
614	kuki	3	2	80,90	1888	1897	Kuki | Kukis	friend who brought light-colored leaves | hill men | people ruling the poonji	vol008_tropicalagricult8188ceyl#1888-09#080
615	kurumbars	3	3	90,00	1899	1902	Kurumbars	jungle experts | poachers | community prosecuted for slaughtering game	vol018_tropicalagricult1818ceyl#1899-05#001
616	kurumbas	3	3	90,00	1895	1902	Kurumbas | Kurumber	people who harvest rock-bee honey | hill tribe | workers	vol014_tropicalagricult1418ceyl#1895-02#086
617	laplanders	3	3	80,00	1882	1907	Laplanders | Laplander	consumers of conifer bark fecula | people whose huts contain cockroaches	vol002_tropicalagricult18821883colo#1882-07#146
618	liberal party	3	3	90	1892	1897	Liberal party | Liberal	political party | political affiliation	vol012_tropicalagricult1218ceyl#1892-07#005
619	lushais	3	3	90,10	1890	1910	Lushais	tribal group | tribe of the south | people	vol010_tropicalagricult1018ceyl#1890-12#037
620	macedonians	3	3	90,30	1891	1933	Macedonians | Macedonian	people	vol010_tropicalagricult1018ceyl#1891-05#031
621	madrasese	3	3	80,90	1884	1890	Madrasese | Madraseses	trained workers from Madras | potential protecting force | community, Madras	vol004_tropicalagricult18841885colo#1884-12#079
622	mahajan	3	3	00,10,20	1908	1928	mahajan | Mahajan	merchant from whom raiyats bought seed | money-lender	vol030_tropicalagricul301908ceyl#1908-04#076
623	mahajans	3	3	00,10	1906	1911	mahajans	money-lenders | local moneylenders	vol027_tropicalagricul271906ceyl#1906-11#027
624	mahometans	3	3	80,90	1887	1890	Mahometans	religious group | of India	vol007_tropicalagricult7188ceyl#1887-11#045
625	malaysian	3	3	80,90	1885	1892	Malaysian	nationality	vol004_tropicalagricult18841885colo#1885-03#089
626	malguzars	3	3	00,10	1909	1912	malguzars | Malguzars	landholders | members of District Agricultural Associations	vol032_tropicalagricul321909ceyl#1909-01#009
627	maniagars	3	3	90,00,30	1899	1938	Maniagars	community | community in Jaffna Peninsula	vol019_tropicalagricult1918ceyl#1899-08#091
628	maratha	3	3	80	1883	1886	Maratha | Mahratta	robe style	vol003_tropicalagricult18831884colo#1883-07#095
629	marwaris	3	3	90,00,20	1899	1928	Marwaris	traders	vol018_tropicalagricult1818ceyl#1899-05#002
630	mayas	3	3	00,30,40	1903	1940	Mayas	indigenous people of Yucatan | people	vol022_tropicalagricult2219ceyl#1903-01#077
631	mediterranean countries	3	3	90,20,30	1894	1933	Mediterranean countries	importing countries | competitors	vol014_tropicalagricult1418ceyl#1894-12#072
632	messrs. worms	3	3	80,90	1882	1894	Messrs. Worms	uncles of the present Under-Secretary of State for the Colon | proprietors	vol002_tropicalagricult18821883colo#1882-12#019
633	mexican indians	3	3	00,30	1901	1932	Mexican Indians | Indians	rubber preparers | users of rubber balls | early cultivators of cacao	vol020_tropicalagricult2019ceyl#1901-05#099
634	mishmi	3	3	90,00	1894	1902	Mishmi | Mishmis	neighbouring hills	vol013_tropicalagricult1318ceyl#1894-01#139
635	mogul	3	3	80,90,00	1884	1908	Mogul	group | architectural style reference	vol004_tropicalagricult18841885colo#1884-10#033
636	moguls	3	3	80,00,10	1881	1910	Moguls	dynasty | period when mica used for painting	vol001_tropicalagricult1188ceyl#1881-06#040
637	mohamedans	3	3	90,10	1893	1913	Mohamedans	use seeds for mixing with sherbets | of Ceylon	vol012_tropicalagricult1218ceyl#1893-06#159
638	mormons	3	3	80,20	1883	1928	Mormons | Mormans	settlers in Utah | religious group | community in Utah	vol002_tropicalagricult18821883colo#1883-06#121
639	moro	3	3	00,10	1907	1910	Moro	branch of the Malay race | group | people of Mindanao	vol028_tropicalagricul281907ceyl#1907-02#021
640	mozos	3	3	90	1893	1898	Mozos | mozo | mozos	coolies | laborers in Nicaragua | farm-workers	vol012_tropicalagricult1218ceyl#1893-02#003
641	musalman	3	3	80,00,10	1886	1912	Musalman	indigo dyers | merchants who chew Qat leaves	vol005_tropicalagricult18851886colo#1886-04#078
642	muscovites	3	3	80,90	1887	1896	Muscovites | Muscovite	inhabitants of Moscow | consumers	vol006_tropicalagricult18861887colo#1887-01#045
643	mussalman	3	3	90,00	1891	1901	Mussalman	religious group | races	vol010_tropicalagricult1018ceyl#1891-01#154
644	nagpuri	3	3	90,00	1895	1909	Nagpuri	coolies | labour in the Terai | labour group	vol015_tropicalagricult1518ceyl#1895-07#024
645	nairs	3	3	80,90,00	1884	1900	Nairs	tenants | landlords | labourers	vol004_tropicalagricult18841885colo#1884-11#053
646	native cattle	3	3	00,10,30	1903	1935	Native | native cattle	cattle breed | herd to be disposed of | breed of cattle	vol023_tropicalagricult2319ceyl#1903-07#106
647	negro peasantry	3	3	80,90,10	1888	1912	negro peasantry	principal consumers of plantains | Jamaica | Community	vol008_tropicalagricult8188ceyl#1888-10#048
648	negros	3	3	80,00,20	1887	1926	Negros | negros	laborers | mixed race group	vol006_tropicalagricult18861887colo#1887-02#048
649	nepalis	3	3	90	1896	1896	Nepalis	aliens in possession of land | laborers/residents	vol016_tropicalagricult1618ceyl#1896-08#028
650	new englanders	3	3	80,90	1889	1896	New Englanders | New Englander	American demographic	vol009_tropicalagricult9188ceyl#1889-07#119
651	norse	3	3	90	1890	1896	Norse	language | ancestral group of Shetlanders	vol010_tropicalagricult1018ceyl#1890-10#080
652	orientals	3	3	90	1892	1897	Orientals | orientals	people | users of ramie fibre	vol011_tropicalagricult1118ceyl#1892-02#050
653	parsi	3	3	80,90,10	1887	1912	Parsi	community	vol007_tropicalagricult7188ceyl#1887-09#090
654	philippine	3	3	90,10,40	1898	1940	Philippine	nationality | subject of weight loss experiment | nationality/origin	vol018_tropicalagricult1818ceyl#1898-07#007
655	protestants	3	3	90,00	1899	1903	Protestant | Protestants	religious group	vol018_tropicalagricult1818ceyl#1899-02#049
656	prussian	3	3	80,90	1888	1897	Prussian	nationality | nationality of G. Treutler	vol008_tropicalagricult8188ceyl#1888-09#046
657	ramasami	3	3	90	1891	1897	Ramasami	labour caste | labour supply, coolies	vol010_tropicalagricult1018ceyl#1891-05#061
658	ratemahatmayas	3	3	90,20	1893	1921	Ratemahatmayas | Ratémahatmayás	community | local officials | officials	vol012_tropicalagricult1218ceyl#1893-04#103
659	ratemahatmeyas	3	3	90,10	1899	1919	Ratemahatmeyas	government officials | local officials for seed distribution | congratulated on the shows	vol019_tropicalagricult1918ceyl#1899-10#106
660	rhodesians	3	3	00,10,40	1900	1944	Rhodesian	origin of flowers	vol019_tropicalagricult1918ceyl#1900-02#016
661	ross family	3	3	80	1883	1889	Ross family | Messrs. Ross	owners of the islands | settlers | settlers of Christmas Island	vol003_tropicalagricult18831884colo#1883-09#035
662	sakei	3	3	80,00,30	1887	1938	Sakei	Aboriginal tribes | natives employed to destroy squirrels | primitive tribes working mountainous regions	vol006_tropicalagricult18861887colo#1887-06#113
663	scotsmen	3	3	90	1896	1896	Scotsmen	planters | tea planters	vol015_tropicalagricult1518ceyl#1896-02#050
664	scythians	3	3	80,90	1883	1899	Scythians	ethnic group | people | ancient people	vol002_tropicalagricult18821883colo#1883-06#050
665	semitic	3	3	80,00,10	1883	1911	Semitic	ethnic group | linguistic group	vol002_tropicalagricult18821883colo#1883-06#050
666	shanars	3	3	80,00	1884	1909	Shanars	people | non-Aryan tribe | Caste	vol003_tropicalagricult18831884colo#1884-06#102
667	sind	3	3	90	1895	1898	Sind	breed of cattle | breed of cows	vol014_tropicalagricult1418ceyl#1895-03#143
668	sindhi	3	3	80,00,40	1883	1943	Sindhi	associated with local plough type | breed of cows	vol003_tropicalagricult18831884colo#1883-09#056
669	sivites	3	3	80,90,00	1884	1901	Sivites	religious group | strict vegetarians	vol003_tropicalagricult18831884colo#1884-06#029
670	society of friends	3	3	80,90,00	1881	1900	Society of Friends	religious group	vol001_tropicalagricult1188ceyl#1881-07#054
671	south australian	3	3	80,90,10	1886	1910	South Australian	citizen/inventor | exporters | breeders	vol005_tropicalagricult18851886colo#1886-04#029
672	south sea islander	3	3	80,90	1881	1895	South Sea Islander	users of kava	vol001_tropicalagricult1188ceyl#1881-11#010
673	sudras	3	3	80,00,10	1889	1911	Sudras	caste group | agriculturists	vol008_tropicalagricult8188ceyl#1889-03#063
674	telugu coolies	3	3	00	1903	1903	Telugu coolies | Telugu Coolies	labourers recruited from Telugu district | new labourers | laborers	vol023_tropicalagricult2319ceyl#1903-09#070
675	thakur	3	3	90,00	1893	1907	Thakur | thakur	landlords | high-caste group | caste	vol013_tropicalagricult1318ceyl#1893-09#039
676	trappist monks	3	3	80,90	1884	1896	Trappist monks | trappist monks	planting operations | planted eucalyptus near Rome	vol004_tropicalagricult18841885colo#1884-12#071
677	urdu	3	3	80,90	1885	1893	Urdu	language	vol004_tropicalagricult18841885colo#1885-02#022
678	venetian	3	3	90	1890	1892	Venetian	Consul | nationality of Marco Polo	vol009_tropicalagricult9188ceyl#1890-04#091
679	vythians	3	3	80,90,00	1886	1908	Vythians	practitioners | native doctors	vol006_tropicalagricult18861887colo#1886-12#115
680	wanika	3	3	80,00	1887	1903	Wanika	tribe | agricultural people	vol006_tropicalagricult18861887colo#1887-02#067
681	west indian planters	3	3	80,90	1885	1897	West Indian planters | West Indian	sugar producers | recipients of circular	vol004_tropicalagricult18841885colo#1885-02#149
682	yankee	3	3	80	1881	1886	Yankee		vol001_tropicalagricult1188ceyl#1881-12#117
683	yaos	3	3	90	1894	1894	Yaos	tribe | natives | slave-raiding and trading tribe	vol013_tropicalagricult1318ceyl#1894-05#065
684	yoruba	3	3	80,90	1887	1897	Yoruba	people | people of West Africa	vol007_tropicalagricult7188ceyl#1887-10#081
685	a. m. & j. ferguson	2	2	90	1893	1897	Messrs. A. M. & J. Ferguson | A. M. & J. Ferguson	compilers | Editors, Ceylon Observer	vol012_tropicalagricult1218ceyl#1893-05#001
686	a. m. and j. ferguson	2	2	90,00	1891	1902	Messrs. A. M. and J. Ferguson	publishers | authors	vol010_tropicalagricult1018ceyl#1891-01#024
687	aberdeenians	2	2	80,90	1884	1893	Aberdeenian	nationality/origin group | nationality/origin of author	vol003_tropicalagricult18831884colo#1884-02#068
688	aberdonians	2	2	80,90	1888	1898	Aberdonian	nationality/origin group	vol008_tropicalagricult8188ceyl#1888-11#050
689	aboriginal people	2	2	80,90	1884	1891	blacks	indigenous people	vol003_tropicalagricult18831884colo#1884-02#042
690	aborigines of australia	2	2	80	1882	1889	aborigines of Australia	eaters of Pandanus fruits	vol002_tropicalagricult18821883colo#1882-12#086
691	abyssinian	2	2	00	1908	1909	Abyssinian	origin of supply	vol031_tropicalagricul311908ceyl#1908-10#016
692	acehnese	2	2	80,90	1889	1890	Atchinese | Achinese	party in war | people	vol008_tropicalagricult8188ceyl#1889-05#003
693	acheinese	2	2	80,00	1883	1909	Acheinese	natives of Acheen | labourers	vol002_tropicalagricult18821883colo#1883-01#086
694	african races	2	2	00,20	1902	1929	African races	indigenous populations	vol021_tropicalagricult2119ceyl#1902-01#003
695	african tribes	2	2	90,00	1891	1900	African tribes	consumers of kola | groups venerating a green Mantis variety	vol010_tropicalagricult1018ceyl#1891-05#083
696	afrikaner	2	2	90,00	1899	1903	Afrikaner | Afrikander	community	vol018_tropicalagricult1818ceyl#1899-05#079
697	ajawa	2	2	80,90	1887	1897	Ajawa	tribe whose iron working is similar to Makua | tribe	vol006_tropicalagricult18861887colo#1887-06#034
698	american buyers	2	2	80,90	1886	1893	American buyers | American	buyers	vol006_tropicalagricult18861887colo#1886-07#099
699	american capitalists	2	2	00,10	1903	1912	American Capitalists | American capitalists	investors | investors in rubber industry	vol023_tropicalagricult2319ceyl#1903-10#091
700	american indian	2	2	90,00	1890	1902	American Indian	ancestry | comparison group	vol010_tropicalagricult1018ceyl#1890-10#058
701	american people	2	2	80,30	1888	1935	American people	occupiers of the continent	vol008_tropicalagricult8188ceyl#1888-08#164
702	american planters	2	2	80,00	1882	1901	American planters	planters from Mississippi	vol001_tropicalagricult1188ceyl#1882-06#060
703	american public	2	2	80,90	1889	1894	American public	target audience	vol009_tropicalagricult9188ceyl#1889-10#081
704	anglo-saxon race	2	2	80	1881	1888	Anglo-Saxon race	ethnic group	vol001_tropicalagricult1188ceyl#1881-07#044
705	angolan	2	1	00	1909	1909	Angolan	labourer	vol033_tropicalagricul331909ceyl#1909-11#057
706	annamese	2	2	80,10	1888	1911	Annamese	people of Annam	vol007_tropicalagricult7188ceyl#1888-05#129
707	arab chiefs	2	2	90,00	1893	1902	Arab chiefs | Arab Chiefs	local leaders | owners of trees	vol012_tropicalagricult1218ceyl#1893-01#033
708	arab planters	2	2	90	1892	1897	Arab planters	chief occupation for the past fifteen years	vol012_tropicalagricult1218ceyl#1892-12#028
709	arab traders	2	2	80,30	1887	1936	Arab traders	traders	vol007_tropicalagricult7188ceyl#1887-09#002
710	arawacks	2	2	80,10	1883	1911	Arawacks	Indians	vol003_tropicalagricult18831884colo#1883-08#065
711	argentine	2	2	00,10	1908	1913	Argentine	nationality associated with shipping ports	vol031_tropicalagricul311908ceyl#1908-12#064
712	assam planters	2	2	80,00	1886	1904	Assam planters | Assam Planters	buyers of seed	vol005_tropicalagricult18851886colo#1886-06#002
713	augoni	2	2	90	1895	1896	Augoni	labourers | laborers	vol014_tropicalagricult1418ceyl#1895-01#098
714	australian aborigines	2	2	90	1890	1893	Australian aborigines | Australian blacks	people who call the plant ti	vol010_tropicalagricult1018ceyl#1890-10#079
715	australian natives	2	2	80,10	1888	1918	Australian natives	divers for pearl shells | indigenous people	vol007_tropicalagricult7188ceyl#1888-04#098
716	awamba	2	2	90	1894	1894	Awamba	natives | tribe	vol013_tropicalagricult1318ceyl#1894-06#003
717	awemba	2	2	90	1894	1896	Awemba	slave-raiding and trading tribe	vol014_tropicalagricult1418ceyl#1894-08#120
718	baboos	2	2	80,90	1889	1892	baboos | Baboos	merchants	vol008_tropicalagricult8188ceyl#1889-04#004
719	babu	2	2	00	1902	1909	Babu		vol022_tropicalagricult2219ceyl#1902-07#068
720	babylonian	2	2	20,30	1924	1931	Babylonian	civilisation	vol063_lbg-630-5-tag-v-63#1924-12#024
721	badaghurs	2	2	80,90	1887	1894	Badaghurs	people of the Neilgherries	vol007_tropicalagricult7188ceyl#1887-10#008
722	bambara	2	2	90	1899	1899	Bambarra | Bambara	tribe | tribe where Kola nuts play an important part in life	vol018_tropicalagricult1818ceyl#1899-01#063
723	basques	2	2	80,30	1882	1931	Basques	immigrant group | whalers	vol002_tropicalagricult18821883colo#1882-08#162
724	battak	2	2	90,00	1895	1902	Battak	people in Sumatra | Asiatic	vol015_tropicalagricult1518ceyl#1895-10#023
725	benedictines	2	2	80,90	1886	1892	Benedictines | Benedictine	religious order | monks	vol006_tropicalagricult18861887colo#1886-08#087
726	bengalese	2	2	80,90	1886	1890	Bengalese	group filling best posts and imported as coolies	vol006_tropicalagricult18861887colo#1886-09#011
727	bhil	2	2	00	1900	1909	bhil | Bhil	community	vol020_tropicalagricult2019ceyl#1900-08#018
728	bhutanese	2	2	80	1881	1887	Bouthias | Bhootias	people living at Darjeeling | community	vol001_tropicalagricult1188ceyl#1881-08#004
729	black people	2	2	90,00	1891	1908	black people	community in British Guiana	vol011_tropicalagricult1118ceyl#1891-08#034
730	blue ribbon army	2	2	80	1883	1883	Blue Ribbon Army	temperance movement | advocates	vol002_tropicalagricult18821883colo#1883-03#096
731	bolivian indians	2	1	90	1895	1895	Bolivian Indians	chewers of coca leaves | wearers of mulberry shirts	vol015_tropicalagricult1518ceyl#1895-12#004
732	bombay parsees	2	2	80,00	1882	1900	Bombay Parsees	community | rice dealers	vol002_tropicalagricult18821883colo#1882-11#075
733	borah	2	2	90,00	1896	1908	Borah	merchants | ethnic/religious group of exporters	vol015_tropicalagricult1518ceyl#1896-01#030
734	breton	2	2	80	1885	1889	Breton	nationality | peasant proprietor	vol005_tropicalagricult18851886colo#1885-12#029
735	british colony	2	2	80,90	1889	1891	British Colony	political entity for comparison | community in Petersburg	vol009_tropicalagricult9188ceyl#1889-08#113
736	british farmer	2	2	80,90	1888	1893	British farmer	farmer	vol008_tropicalagricult8188ceyl#1888-10#025
737	british manufacturers	2	2	90,00	1897	1908	British manufacturers	conservative, considering ramie | prominent manufacturers	vol016_tropicalagricult1618ceyl#1897-03#012
738	british merchants	2	2	90,00	1896	1900	British merchants	potential investors | exporters	vol015_tropicalagricult1518ceyl#1896-04#030
739	british people	2	2	90	1891	1891	British People | British people	nation | tea drinkers	vol010_tropicalagricult1018ceyl#1891-05#095
740	british planters	2	2	90,20	1891	1929	British planters		vol010_tropicalagricult1018ceyl#1891-01#120
741	brothers worms	2	2	80	1882	1884	Brothers Worms	tea enterprise participants	vol001_tropicalagricult1188ceyl#1882-02#082
742	buchanan brothers	2	2	80,90	1887	1897	Buchanan Brothers	farmers | leading men in the country	vol006_tropicalagricult18861887colo#1887-02#062
743	buddhist monks	2	2	80,90	1886	1891	Buddhist monks	cultivators | teachers in Panala schools	vol005_tropicalagricult18851886colo#1886-01#093
744	buddhist temples	2	2	90,30	1891	1933	Buddhist temples | Buddhist Temples	land owners | premises where plants were grown	vol010_tropicalagricult1018ceyl#1891-05#089
745	bunniah	2	2	80,00	1887	1901	bunniah	shopkeeper | merchant	vol006_tropicalagricult18861887colo#1887-06#013
746	bunniahs	2	2	80,00	1882	1901	Bunniahs	community | shopkeepers	vol001_tropicalagricult1188ceyl#1882-03#063
747	burgers	2	2	80,00	1885	1902	Burgers | BURGHERS	participants in ploughing match | vernacular name source	vol004_tropicalagricult18841885colo#1885-06#027
748	bush negroes	2	2	00,10	1908	1911	Bush Negroes	population group | community in the hinterland	vol031_tropicalagricul311908ceyl#1908-08#127
749	byrde family	2	2	90,00	1897	1900	Byrde | Byrde family	planters | possessors of the land	vol016_tropicalagricult1618ceyl#1897-03#001
750	caffirs	2	2	00	1907	1907	Caffirs	ethnic group	vol028_tropicalagricul281907ceyl#1907-02#011
751	caffres	2	2	90,00	1894	1900	Caffres	South Africans; soldiers | soldiers	vol013_tropicalagricult1318ceyl#1894-01#001
752	campas	2	2	90	1892	1893	Campas	Native tribe | alternative name for Chunchos	vol011_tropicalagricult1118ceyl#1892-02#046
753	canganies	2	2	90,00	1895	1903	Canganies	moneylenders | labourers	vol015_tropicalagricult1518ceyl#1895-11#135
754	caribisi indians	2	1	80	1883	1883	Caribisi Indians	potters	vol003_tropicalagricult18831884colo#1883-08#065
755	catholic missionaries	2	2	90,10	1890	1913	Catholic missionaries | Catholic Missionaries	planted algaroba at Honolulu	vol009_tropicalagricult9188ceyl#1890-02#024
756	central american indians	2	2	80,90	1883	1899	Central American Indians	users of Moon-flower juice	vol003_tropicalagricult18831884colo#1883-11#031
757	ceylon tamils	2	2	00	1908	1908	Ceylon Tamils		vol031_tropicalagricul311908ceyl#1908-09#019
758	ceylonese planters	2	2	00,20	1909	1927	Ceylon planters | Ceylonese planters	planters | applicants for land	vol032_tropicalagricul321909ceyl#1909-04#099
759	ceylons	2	2	90	1896	1896	Ceylons	tea companies | shareholders	vol015_tropicalagricult1518ceyl#1896-04#074
760	chaldeans	2	2	90	1899	1899	Chaldeans	ancient people	vol019_tropicalagricult1918ceyl#1899-08#173
761	chinaman	2	2	80,90	1884	1890	Chinaman	consumer | labourer described as too smart	vol004_tropicalagricult18841885colo#1884-10#033
762	chinese agriculturists	2	2	80,00	1884	1904	Chinese Agriculturists	immigrants	vol003_tropicalagricult18831884colo#1884-02#005
763	chinese labourers	2	2	80,00	1881	1904	John Chinaman | Chinese labourers	Chinese workers	vol001_tropicalagricult1188ceyl#1881-12#137
764	cholo	2	2	90	1895	1896	Cholo | cholo	laborer | worker hired by the day	vol014_tropicalagricult1418ceyl#1895-04#001
765	christian chinese	2	2	90	1893	1897	Christian Chinese	Settlers | workers on the estate	vol013_tropicalagricult1318ceyl#1893-08#027
766	cinhalese	2	2	90	1891	1895	Cinhaless | Cinhalese	native miners	vol010_tropicalagricult1018ceyl#1891-04#004
767	cinnamon planters	2	2	80	1887	1889	Cinnamon Planters	group of growers | planters of cinnamon	vol007_tropicalagricult7188ceyl#1887-07#122
768	columbian	2	2	80	1886	1889	Columbian	trade in cinchona bark	vol006_tropicalagricult18861887colo#1886-08#139
769	conservative	2	2	80,00	1888	1901	Conservative	political party	vol007_tropicalagricult7188ceyl#1888-02#076
770	conservatives	2	2	80,90	1882	1892	Conservatives	political party	vol002_tropicalagricult18821883colo#1882-07#100
771	copts	2	2	80,90	1888	1895	Copts	community engaged in egg-hatching	vol007_tropicalagricult7188ceyl#1888-06#059
772	cornish miners	2	2	90,00	1891	1901	Cornish miners	to be brought as overseers | miners	vol011_tropicalagricult1118ceyl#1891-09#017
773	cossacks	2	2	90	1892	1898	Cossacks	frontier protectors	vol011_tropicalagricult1118ceyl#1892-02#039
774	cypriotes	2	2	80,90	1886	1895	Cypriotes	people of Cyprus	vol005_tropicalagricult18851886colo#1886-02#001
775	cypriots	2	2	00,10	1901	1915	Cypriot	peasant	vol020_tropicalagricult2019ceyl#1901-05#062
776	dacoits	2	2	90,00	1897	1904	Dacoits	robbers | bandits	vol016_tropicalagricult1618ceyl#1897-02#026
777	dalmatian	2	2	80,90	1886	1891	Dalmatian		vol005_tropicalagricult18851886colo#1886-04#041
778	danish people	2	2	00,20	1908	1923	Danish people | Dane	nationality	vol031_tropicalagricul311908ceyl#1908-12#037
779	davidsons	2	2	80,90	1881	1896	Davidsons	planters	vol001_tropicalagricult1188ceyl#1881-12#001
780	de alwis	2	2	90	1893	1893	Messrs. de Alwis | De Alwis	artists of original plates | family of artists	vol013_tropicalagricult1318ceyl#1893-09#047
781	dhangers	2	1	80	1886	1886	Dhangers	community | coolies	vol005_tropicalagricult18851886colo#1886-04#025
782	dhobi	2	2	00	1906	1907	dhobi | Dhobi	low-caste group | caste	vol027_tropicalagricul271906ceyl#1906-10#015
783	dhobis	2	2	80,90	1886	1896	Dhobis	washermen | lower castes	vol005_tropicalagricult18851886colo#1886-05#037
784	dhoney	2	2	80,90	1884	1890	Dhoney	native | native carrier	vol003_tropicalagricult18831884colo#1884-01#047
785	dhoobies	2	2	80	1883	1888	dhoobies	village indigo workers	vol003_tropicalagricult18831884colo#1883-11#077
786	district mudaliyars	2	2	80,90	1887	1899	District Mudaliyars	recipients of seed distribution | guardians of Crown lands	vol006_tropicalagricult18861887colo#1887-03#114
787	dorai	2	2	80,90	1883	1895	Dorai	coolies | labour group	vol003_tropicalagricult18831884colo#1883-11#073
788	dufflas	2	2	90,00	1899	1904	Dufflas	hill tribe | native hill men	vol018_tropicalagricult1818ceyl#1899-05#002
789	durais	2	2	80,90	1885	1897	Durais | durais	community addressed regarding whisky | historical labor supervisors	vol004_tropicalagricult18841885colo#1885-01#121
790	dutch botanists	2	2	80,40	1888	1944	Dutch botanists | Dutch Botanists	researchers of Malayan flora	vol008_tropicalagricult8188ceyl#1888-11#145
791	dutch companies	2	2	90	1891	1894	Dutch companies	companies attracted to Borneo | tobacco investors	vol011_tropicalagricult1118ceyl#1891-10#090
792	dutch-indian	2	2	80,90	1884	1892	Dutch-Indian	culture | nationality/ethnicity	vol003_tropicalagricult18831884colo#1884-04#027
793	egyptian fellah	2	2	00	1908	1909	Egyptian fellah	peasant dependent on berseem | labourer	vol030_tropicalagricul301908ceyl#1908-03#023
794	english capitalists	2	2	80	1886	1889	English Capitalists | English capitalists	potential investors	vol006_tropicalagricult18861887colo#1886-10#075
795	english colonies	2	2	90,10	1898	1912	English Colonies | English colonies	neighbouring colonies	vol018_tropicalagricult1818ceyl#1898-09#013
796	english firms	2	2	90,10	1890	1910	English firms	trade mark owners | owners of cacao plantation	vol009_tropicalagricult9188ceyl#1890-06#111
797	english manufacturers	2	2	90,00	1891	1908	English manufacturers | English Manufacturers	quinine producers | cocoa buyers	vol010_tropicalagricult1018ceyl#1891-05#085
798	english merchants	2	2	90,00	1894	1902	English merchants	potential shippers | traders	vol014_tropicalagricult1418ceyl#1894-10#113
799	english planters	2	2	80,10	1885	1915	English planters	potential users of American inventions	vol004_tropicalagricult18841885colo#1885-04#129
800	european cattle	2	2	30	1935	1939	European	breed of cattle | cattle used in crossbreeding	vol084_tropical-agriculturist-1935-03-84#1935-03#002
801	european companies	2	2	00,10	1909	1912	European companies	cocoa industry operators | coconut cultivators	vol033_tropicalagricul331909ceyl#1909-11#047
802	european estates	2	2	90	1897	1899	European estates	landholders | coffee growers	vol017_tropicalagricult1718ceyl#1897-07#117
803	european planter	2	2	90,00	1895	1900	European planter	agricultural group | agricultural practitioner	vol014_tropicalagricult1418ceyl#1895-02#137
804	fakir	2	2	80,00	1882	1908	Fakir | fakir	healer	vol002_tropicalagricult18821883colo#1882-07#010
805	fakirs	2	2	80,90	1886	1892	fakirs	sent off birds | pilgrims	vol005_tropicalagricult18851886colo#1886-01#122
806	fazendeiros	2	2	90	1893	1894	Fazendeiros | fazendeiros	Coffee Planters | slave owners	vol013_tropicalagricult1318ceyl#1893-08#099
807	fernandos	2	2	80,90	1885	1890	Fernandos	enterprising traders | wealthy family	vol005_tropicalagricult18851886colo#1885-10#048
808	foreign orientals	2	2	80,90	1881	1897	Foreign Orientals | foreign Orientals	population group | estate owners	vol001_tropicalagricult1188ceyl#1881-11#204
809	formosans	2	2	80,10	1888	1910	Formosans	people of Formosa | tea growers	vol008_tropicalagricult8188ceyl#1888-08#134
810	french colonies	2	2	80,90	1888	1898	French Colonies		vol008_tropicalagricult8188ceyl#1888-09#103
811	french creoles	2	2	90	1890	1895	French Creoles	consumers of Ceylon tea	vol009_tropicalagricult9188ceyl#1890-01#072
812	french missionaries	2	2	80,20	1886	1928	French missionaries	source of agricultural estimates | plant collectors	vol005_tropicalagricult18851886colo#1886-05#143
813	french peasants	2	2	80,90	1881	1898	French peasants	neighbours | make up smoky fire to avoid lightning	vol001_tropicalagricult1188ceyl#1881-10#081
814	german agents	2	2	80,90	1888	1893	German agents	buyers of quinine | buyers	vol008_tropicalagricult8188ceyl#1888-08#005
815	german chemists	2	2	90	1890	1895	German chemists | German Chemists	discoverers of fatty substitute	vol009_tropicalagricult9188ceyl#1890-01#134
816	german colonists	2	2	80,00	1886	1908	German Colonists | German colonists	workers in cinchona plantations	vol005_tropicalagricult18851886colo#1886-05#177
817	german farmers	2	2	80	1885	1887	German farmers	farmers in Pennsylvania who use boiling water on peach trees | prudent in fodder transition	vol005_tropicalagricult18851886colo#1885-11#100
818	german settlers	2	2	80,00	1886	1903	German settlers	settlers	vol005_tropicalagricult18851886colo#1886-06#084
819	gilbert islanders	2	2	90	1894	1894	Gilbert Islanders	imported labourers | laborers	vol013_tropicalagricult1318ceyl#1894-02#019
820	gingalese	2	2	90	1890	1892	Gingalese	consider cat's-eye a charm against witchcraft | visitors	vol009_tropicalagricult9188ceyl#1890-03#030
821	golas	2	2	30	1938	1939	golas	professional dhal-makers | professional dhal-curers	vol090_iss04_tropical-agriculturist-1938-04-90-4#1938-04#008
822	gordon highlanders	2	2	80,90	1888	1894	Gordon Highlanders	military battalion | regiment	vol008_tropicalagricult8188ceyl#1888-11#091
823	gorkha	2	2	90	1890	1890	Gorkha	police | police force	vol009_tropicalagricult9188ceyl#1890-05#058
824	government agents	2	2	90,00	1895	1900	Government Agents	officials	vol014_tropicalagricult1418ceyl#1895-02#085
825	gowdas	2	2	80,90	1886	1891	gowdas | Gowdas	community | coolies	vol006_tropicalagricult18861887colo#1886-12#124
826	gowiyas	2	2	80	1885	1886	gowiyas	native cultivators | farmers who fell and cleared land	vol004_tropicalagricult18841885colo#1885-01#134
827	goyigama	2	2	80,90	1884	1891	goiyyas | goiyya	labourers | Sinhalese caste	vol004_tropicalagricult18841885colo#1884-12#040
828	grecian	2	2	80,10	1886	1913	Grecian	cotton firms	vol005_tropicalagricult18851886colo#1886-03#056
829	guaraní	2	2	80	1883	1886	Guaraní	language/people | language	vol003_tropicalagricult18831884colo#1883-10#090
830	guatemalans	2	2	80,30	1886	1933	Guatemalatians | Guatemalans	natives | people	vol005_tropicalagricult18851886colo#1886-02#095
831	gurage	2	2	80	1887	1887	Gurage	people who make mats | women make mats	vol006_tropicalagricult18861887colo#1887-01#012
832	gurkhas	2	2	80,90	1889	1896	Goorkhas | Gurkhas	potential protecting force | pensioned soldiers employed as rangers	vol009_tropicalagricult9188ceyl#1889-07#002
833	hacenderos	2	2	10	1911	1914	hacenderos	landowners | landowners/cultivators	vol037_tropicalagricul371911ceyl#1911-09#024
834	hadden family	2	1	00	1902	1902	Aberdeen Haddens | Haddens	owners of Rajawella | owners of estates	vol021_tropicalagricult2119ceyl#1902-01#070
835	haitian	2	2	90	1893	1894	Haytian | Haitian	people	vol012_tropicalagricult1218ceyl#1893-04#032
836	hakims	2	2	90,00	1894	1908	hakims | Hakims	medical practitioners	vol013_tropicalagricult1318ceyl#1894-01#139
837	half-breeds	2	2	80,00	1882	1901	Halfbreeds | half-breeds	community with land reserves | holders of plantations	vol001_tropicalagricult1188ceyl#1882-04#150
838	half-castes	2	2	80,90	1886	1899	half-castes	previous collectors of cinchona | consumers	vol005_tropicalagricult18851886colo#1886-05#177
839	hill men	2	2	80	1884	1884	Hill men | hill men	present inhabitants | can always get a square meal off jungle products	vol003_tropicalagricult18831884colo#1884-02#112
840	hindoo coolies	2	2	80,00	1883	1906	Hindoo coolies | Hindoo coolie	users of opium in Trinidad and Guayaquil | labourers	vol002_tropicalagricult18821883colo#1883-05#119
841	hindu coolies	2	2	80,00	1881	1901	Hindu coolies	labourers in Northern Queensland | workers in Antananarivo	vol001_tropicalagricult1188ceyl#1881-12#002
842	hindustani coolies	2	2	80	1882	1887	Hindustani coolies | coolies from Hindustan	labourers	vol002_tropicalagricult18821883colo#1882-07#081
843	hongmen	2	2	80,90	1888	1890	Hongmen | hongmen	tea traders | tea merchants/traders in Foochow	vol008_tropicalagricult8188ceyl#1888-11#064
844	hopi	2	1	10	1914	1914	Hopi	Indians of New Mexico and Arizona | agricultural Indians	vol043_lbg-tropicalagricultvol-xliii0000unse-c5y3#1914-07#042
845	house of orange	2	2	00,10	1900	1911	House of Orange | Orange	legitimate family	vol019_tropicalagricult1918ceyl#1900-01#073
846	howards	2	2	90,30	1894	1930	Howards	reference to a family or group | researchers at Indore	vol014_tropicalagricult1418ceyl#1894-07#078
847	hulero	2	2	00	1902	1903	hulero	native rubber collector	vol022_tropicalagricult2219ceyl#1902-12#002
848	huleros	2	2	90	1894	1897	huleros | huléros	collectors of rubber | rubber tappers	vol014_tropicalagricult1418ceyl#1894-10#103
849	hungarians	2	2	90,00	1897	1900	Hungarians	immigrants | potential labourers	vol016_tropicalagricult1618ceyl#1897-03#089
850	huns	2	2	10,30	1910	1933	Huns	people	vol034_tropicalagricul341910ceyl#1910-03#022
851	imperial family	2	2	90,00	1897	1901	Imperial Family | Imperial family	consumers of tea from Ikeno-o | owner of Tohakva estate	vol017_tropicalagricult1718ceyl#1897-08#070
852	indian cattle	2	2	00,30	1903	1935	Indian breed | Indian	cattle breed | breed of cattle	vol023_tropicalagricult2319ceyl#1903-07#106
853	indian people	2	2	90,00	1896	1901	Indian | Indian people	population	vol015_tropicalagricult1518ceyl#1896-03#055
854	indian tea-planters	2	2	80,90	1882	1895	Indian tea-planters	producers	vol002_tropicalagricult18821883colo#1882-09#107
855	indian tribes	2	2	90,00	1896	1900	Indian tribes	indigenous people | peoples between the Jarua and the Javary	vol015_tropicalagricult1518ceyl#1896-05#074
856	indians of mexico	2	2	90,00	1897	1906	Indians of Mexico	people | practise hacking trees to make them bear	vol016_tropicalagricult1618ceyl#1897-01#032
857	indo-mongolian	2	2	80	1882	1888	Indo-Mongolian	race inhabiting Burma | women on Darjiling tea estates	vol002_tropicalagricult18821883colo#1882-11#001
858	islanders	2	2	80	1881	1884	Islanders | islanders	inhabitants of Sandwich Islands | labourers	vol001_tropicalagricult1188ceyl#1881-10#133
859	italian army	2	2	80,90	1889	1890	Italian army	described in book	vol008_tropicalagricult8188ceyl#1889-03#042
860	jamaica negro	2	2	80,00	1889	1902	Jamaica negro | Jamaica Negro	native population	vol009_tropicalagricult9188ceyl#1889-12#002
861	jat	2	2	80,90	1885	1898	Jat	cultivators | agriculturalist	vol004_tropicalagricult18841885colo#1885-01#151
862	java planters	2	2	80,00	1889	1903	Java planters	rumoured combination	vol009_tropicalagricult9188ceyl#1889-08#103
863	jobbers	2	1	00	1909	1909	Jobbers	obtained mailing lists | intermediaries committed to Grocers	vol033_tropicalagricul331909ceyl#1909-08#056
864	kabyle	2	2	80	1885	1885	Kabyle	cultivator of mountain land	vol005_tropicalagricult18851886colo#1885-11#073
865	kandian kings	2	2	80	1882	1884	Kandian Kings	rulers	vol001_tropicalagricult1188ceyl#1882-01#109
866	kandyan sinhalese	2	2	80,00	1882	1906	Kandyan Sinhalese	interior Sinhalese	vol002_tropicalagricult18821883colo#1882-10#100
867	kandyian	2	2	80,20	1887	1927	Kandyian		vol006_tropicalagricult18861887colo#1887-06#049
868	kannada	2	2	90,00	1895	1902	Can | KAN	language group | vernacular name source	vol014_tropicalagricult1418ceyl#1895-02#132
869	kashmiris	2	2	00,40	1901	1940	Kashmiris | Kashmiri	local people participating in the beat | local population and cultivators	vol020_tropicalagricult2019ceyl#1901-04#036
870	keling	2	1	90	1894	1894	Kelin | Quellin	inhabitants of Coromandel Coast	vol013_tropicalagricult1318ceyl#1894-05#128
871	khasias	2	2	90	1892	1898	Khasias	people	vol011_tropicalagricult1118ceyl#1892-05#044
872	khassias	2	2	80	1884	1886	Khassias	people | community	vol003_tropicalagricult18831884colo#1884-05#086
873	khoja	2	2	90	1892	1894	Khoja	sect	vol012_tropicalagricult1218ceyl#1892-08#110
874	kings of kandy	2	2	80,40	1884	1945	Kings of Kandy	former residents of the site	vol003_tropicalagricult18831884colo#1884-01#036
875	kiswahili	2	2	80,30	1887	1931	Kiswahili	language	vol006_tropicalagricult18861887colo#1887-02#067
876	kolis	2	1	10	1912	1912	Kolies | Kolees	sect of wild tribe | rearers of Tussore silk cocoons	vol039_tropicalagricul391912ceyl#1912-08#023
877	kongsis	2	2	90	1891	1897	Kongsis | kongsis	Chinese associations | associations of rioters	vol010_tropicalagricult1018ceyl#1891-02#138
878	korala	2	2	10	1910	1919	Korala	community | caste	vol034_tropicalagricul341910ceyl#1910-01#037
879	koringi sweepers	2	1	00	1901	1901	Koringi sweeper caste | Koringi sweepers	Trench maistry | Trench coolies	vol021_tropicalagricult2119ceyl#1901-11#010
880	krooman	2	2	90,00	1898	1900	Krooman	ship's crew	vol017_tropicalagricult1718ceyl#1898-04#045
881	kshatriyas	2	2	80,10	1887	1914	Kshatriyas	caste	vol007_tropicalagricult7188ceyl#1887-11#086
882	kunbi	2	2	80,90	1886	1892	Kunbi	farmers of the Western and Northern Provinces | community applying manures	vol006_tropicalagricult18861887colo#1886-11#112
883	labbe	2	1	20	1924	1924	Labbe	merchants | merchant	vol062_lbg-630-5-tag-v-62#1924-05#011
884	lascars	2	2	80,00	1887	1900	Lascars	divers and crews | Troops	vol007_tropicalagricult7188ceyl#1887-11#077
885	latin union	2	2	90	1890	1890	Latin Union	bi-metallic country | bimetallic ratio in force	vol010_tropicalagricult1018ceyl#1890-09#088
886	lawes and gilbert	2	2	80	1881	1883	Messrs. Lawes and Gilbert	researchers at Rothamstead | manure manufacturers	vol001_tropicalagricult1188ceyl#1881-11#011
887	legislative councillors	2	2	00,20	1901	1927	Legislative Councillors	legislative body	vol021_tropicalagricult2119ceyl#1901-07#109
888	liberals	2	2	80	1886	1889	Liberals	political party	vol006_tropicalagricult18861887colo#1886-08#064
889	lindsay family	2	2	90,00	1894	1902	Lindsay family | Lindsays	plaintiffs in Rajawella case | owners of Rajawella	vol013_tropicalagricult1318ceyl#1894-04#001
890	line islanders	2	2	80,90	1884	1892	Line Islanders	labourers from the Gilbert group | labourers	vol003_tropicalagricult18831884colo#1884-06#012
891	lock, wigner and harland	2	2	00	1903	1903	Messrs Lock, Wigner and Harland	authors | authors on Sugar-growing and refining	vol022_tropicalagricult2219ceyl#1903-05#024
892	lombard	2	2	90,00	1891	1902	Lombard	peasant	vol011_tropicalagricult1118ceyl#1891-11#070
893	londoners	2	2	90,00	1890	1901	Londoners	residents of London	vol009_tropicalagricult9188ceyl#1890-04#050
894	lushai	2	2	80,90	1884	1899	Lushai	people/region | hill tribe	vol003_tropicalagricult18831884colo#1884-02#114
895	macdonalds	2	2	90,00	1899	1901	Macdonalds	old friends	vol018_tropicalagricult1818ceyl#1899-02#001
896	madras civilians	2	2	90,10	1892	1911	Madras Civilians | Madras civilians	civil servants	vol011_tropicalagricult1118ceyl#1892-01#023
897	madrassees	2	2	80,90	1888	1896	Madrassees	residents | immigrants	vol008_tropicalagricult8188ceyl#1888-08#102
898	maestries	2	2	90	1890	1890	maestries	intermediaries providing coolies	vol010_tropicalagricult1018ceyl#1890-08#083
899	magyars	2	2	90,00	1891	1900	Magyar | Magyars	people	vol011_tropicalagricult1118ceyl#1891-11#069
900	mahouts	2	2	90,00	1899	1900	mahouts	elephant handlers | elephant drivers	vol019_tropicalagricult1918ceyl#1899-11#002
901	malabarese	2	2	90,10	1891	1910	Malabarese | Malabares	race | People	vol010_tropicalagricult1018ceyl#1891-05#089
902	malas	2	2	90,00	1892	1908	Malas	lowest members of the community | low class of people	vol011_tropicalagricult1118ceyl#1892-01#031
903	malayalis	2	2	00	1903	1903	Malayalis		vol022_tropicalagricult2219ceyl#1903-03#074
904	malis	2	2	80,10	1882	1910	malis	gardeners | caste	vol002_tropicalagricult18821883colo#1882-11#194
905	mallee	2	2	80	1884	1887	Mallee | mallee	native gardener | gardener	vol004_tropicalagricult18841885colo#1884-12#098
906	manchu	2	2	90	1892	1892	Manchu	tea buyers | conquering people	vol012_tropicalagricult1218ceyl#1892-08#058
907	mandingo	2	2	80	1884	1885	Mandingo	people	vol004_tropicalagricult18841885colo#1884-09#073
908	manipuris	2	2	90,00	1890	1901	Manipuris	tribal group | people	vol010_tropicalagricult1018ceyl#1890-12#037
909	mappillas	2	1	00	1901	1901	Mappillas	gang engaged for work | Garden coolies, Trench coolies	vol021_tropicalagricult2119ceyl#1901-11#010
910	maravars	2	2	90,00	1893	1909	Maravars	immigrants | Caste	vol012_tropicalagricult1218ceyl#1893-04#063
911	maroons	2	2	80,90	1885	1892	Maroons	descendants of Spanish slaves living in the mountains | people who named quassia	vol004_tropicalagricult18841885colo#1885-06#114
912	mauritian	2	2	00	1901	1901	Mauritian	origin of vanilla	vol021_tropicalagricult2119ceyl#1901-08#099
913	maya indians	2	2	80,00	1887	1900	Maya Indians | MAYA Indians	indigenous people of Yucatan	vol006_tropicalagricult18861887colo#1887-06#036
914	medes	2	2	80,10	1886	1914	Medes		vol005_tropicalagricult18851886colo#1886-05#039
915	meekies	2	1	80	1886	1886	Meekies	community	vol005_tropicalagricult18851886colo#1886-04#025
916	mejorero	2	1	90	1896	1896	mejorero	laborers | tenant farmer	vol016_tropicalagricult1618ceyl#1896-11#001
917	mejoreros	2	1	90	1896	1896	mejoreros	men who take charge of land for a term to cultivate coffee | workers for land preparation	vol016_tropicalagricult1618ceyl#1896-11#001
918	melanesian	2	2	80,30	1884	1930	Melanesian	dark-skinned people further west	vol003_tropicalagricult18831884colo#1884-06#012
919	mennonites	2	2	80	1882	1883	Memmonites | Mennonites	community with land reserves | community	vol001_tropicalagricult1188ceyl#1882-04#150
920	mestizos	2	2	80,90	1885	1892	mestizos	population | plantation owners	vol004_tropicalagricult18841885colo#1885-02#124
921	midianites	2	2	80	1885	1888	Midianitic | Midianites	trading caravan | tribes of the desert	vol004_tropicalagricult18841885colo#1885-05#073
922	mineiros	2	1	90	1891	1891	Mineiros	people belonging to Minas | people of Minas	vol011_tropicalagricult1118ceyl#1891-08#025
923	mirasidars	2	2	90,00	1893	1903	Mirasidars | mirasidars	landholders in Tamil Districts | land holders	vol012_tropicalagricult1218ceyl#1893-05#099
924	missionaries	2	2	80,90	1888	1894	Missionaries | missionaries	religious group | distributors of crude sulphate	vol008_tropicalagricult8188ceyl#1888-09#115
925	mois	2	2	10,30	1917	1932	Mois	labourers | savage population	vol048_iss05_tropical-agriculturist-1917-05-48-5#1917-05#010
926	mongolian races	2	2	90,40	1896	1941	Mongolian races	tea-drinkers | best farmers of the world	vol015_tropicalagricult1518ceyl#1896-02#041
927	mongolian tribes	2	2	80,90	1888	1898	Mongolian tribes		vol007_tropicalagricult7188ceyl#1888-03#031
928	moorish traders	2	2	80,00	1886	1903	Moorish traders | moorish trader	trade in skins and bones | Itinerant traders and game butchers	vol005_tropicalagricult18851886colo#1886-05#158
929	moplas	2	2	80	1885	1885	Moplas	coolies attracted from Malabar | coolies from Malabar	vol004_tropicalagricult18841885colo#1885-04#047
930	moquis	2	2	80	1885	1885	Moquis	people who grow cotton | people growing cotton	vol005_tropicalagricult18851886colo#1885-11#072
931	mormon	2	2	80,20	1888	1920	Mormon	faith | religious group	vol007_tropicalagricult7188ceyl#1888-03#007
932	moslem	2	2	80	1884	1885	Moslem	fellow-subjects	vol003_tropicalagricult18831884colo#1884-03#096
933	mosquito indians	2	2	90,00	1897	1901	Mosquito Indians	rubber collectors | people naming the tree	vol017_tropicalagricult1718ceyl#1897-09#006
934	mudaliyar	2	2	90,20	1899	1921	Mudaliyar	caste/title | local officials	vol019_tropicalagricult1918ceyl#1899-11#059
935	muhamadan	2	2	80,90	1889	1891	Muhamadan	religious group	vol009_tropicalagricult9188ceyl#1889-10#027
936	murut	2	2	80,00	1881	1908	Murut	people in Borneo | labour force	vol001_tropicalagricult1188ceyl#1881-09#066
937	mysore natives	2	2	80,00	1881	1903	Mysore native | Mysore natives	cardamom planters	vol001_tropicalagricult1188ceyl#1881-12#012
938	native christians	2	2	80,10	1888	1910	native Christians | Native Christians	community growing sugarcane in Malabar	vol008_tropicalagricult8188ceyl#1888-10#076
939	native estates	2	2	90	1897	1899	native estates | Native estates	landholders | coffee growers	vol017_tropicalagricult1718ceyl#1897-07#117
940	native gentlemen	2	2	90	1891	1898	Native gentlemen | native gentlemen		vol010_tropicalagricult1018ceyl#1891-04#037
941	natives of india	2	2	90,20	1891	1922	Natives of India	interested in fruit trees | practitioners of cotton cleaning	vol010_tropicalagricult1018ceyl#1891-04#037
942	natucotta chetties	2	2	00,10	1906	1910	Natucotta Chetties	bankers | lenders	vol027_tropicalagricul271906ceyl#1906-10#014
943	navajo	2	1	10	1914	1914	Navajo	Indians of New Mexico and Arizona | agricultural Indians	vol043_lbg-tropicalagricultvol-xliii0000unse-c5y3#1914-07#042
944	negritos	2	2	90,00	1893	1907	Negritos	tribe of the island | wild people	vol013_tropicalagricult1318ceyl#1893-11#113
945	negro labor	2	2	90	1894	1894	negro labor	labor force in South Carolina | labor force	vol014_tropicalagricult1418ceyl#1894-10#102
946	negro labour	2	2	90,10	1897	1918	negro labour	labour force in Southern States	vol016_tropicalagricult1618ceyl#1897-01#064
947	negro settlers	2	2	80	1884	1886	negro settlers	complain of mungoose ravages | fruit growers	vol004_tropicalagricult18841885colo#1884-09#093
948	new zealander	2	2	80	1883	1884	New Zealander	character in Macaulay's work	vol003_tropicalagricult18831884colo#1883-08#056
949	norman	2	2	90	1890	1892	Norman		vol009_tropicalagricult9188ceyl#1890-04#091
950	normans	2	2	90,10	1892	1913	Norman		vol011_tropicalagricult1118ceyl#1892-01#021
951	north american indians	2	2	80	1881	1886	North American Indians	community	vol001_tropicalagricult1188ceyl#1881-11#039
952	northern europeans	2	2	90	1895	1898	Northern Europeans		vol015_tropicalagricult1518ceyl#1895-11#106
953	nova scotians	2	2	80	1887	1889	Nova-Scotian | Nova Scotian	nationality	vol006_tropicalagricult18861887colo#1887-02#021
954	nubian	2	2	80,10	1886	1913	Nubian	bloodline	vol006_tropicalagricult18861887colo#1886-10#068
955	odessa school of plant physiologists	2	2	30	1936	1936	Odessa school of plant physiologists	school of plant physiologists	vol086_dli-ernet-229228#1936-03#011
956	ohermas	2	2	80	1888	1888	Ohermas	labourers from the coast | workers	vol008_tropicalagricult8188ceyl#1888-07#094
957	orang laut	2	1	80	1885	1885	Orang Laut | Orang laut	Sea-people | people who eat sea-worms	vol004_tropicalagricult18841885colo#1885-06#139
958	oriental	2	2	90,00	1898	1904	oriental | Oriental	reference to labourers	vol017_tropicalagricult1718ceyl#1898-03#091
959	palaungs	2	2	00	1908	1909	Palaungs	race requiring taungya areas | tribe	vol031_tropicalagricul311908ceyl#1908-08#029
960	pallars	2	2	90,00	1893	1909	Pallars	immigrants | Caste	vol012_tropicalagricult1218ceyl#1893-04#063
961	pandits	2	1	40	1940	1940	Pandits | Pandit	population group | money lenders	vol095_iss01_tropical-agriculturist-1940-07-95-1#1940-07#007
962	paraguayan	2	2	90,10	1898	1910	Paraguayan	consumers of Maté tea | nationality	vol017_tropicalagricult1718ceyl#1898-04#074
963	parsis	2	2	80	1884	1886	Parsis	trading group | users of checked silks	vol004_tropicalagricult18841885colo#1884-09#059
964	patagonians	2	2	90,00	1895	1907	Patagonians	people	vol014_tropicalagricult1418ceyl#1895-06#001
965	pathan	2	2	80,90	1882	1896	Pathan	population group | traders	vol002_tropicalagricult18821883colo#1882-07#009
966	pathans	2	2	80,00	1885	1902	Pathans	great tea drinkers	vol005_tropicalagricult18851886colo#1885-11#036
967	paulista	2	2	80	1883	1886	Paulista	planters from S. Paulo | resident of Sao Paulo	vol002_tropicalagricult18821883colo#1883-02#031
968	perak malays	2	2	90	1890	1893	Perak Malays	natives in the district | Local population	vol009_tropicalagricult9188ceyl#1890-05#126
969	peruvian indian	2	2	80	1881	1882	Peruvian Indian	users of Coca	vol001_tropicalagricult1188ceyl#1881-11#010
970	pettitt brothers	2	2	90	1896	1896	Pettitt Brothers | Messrs. Pettitt Brothers	planters | coffee planters	vol015_tropicalagricult1518ceyl#1896-05#028
971	philippine scouts	2	2	10,30	1911	1934	Scouts | Philippine Scouts	quarantine service | native troops	vol037_tropicalagricul371911ceyl#1911-09#024
972	philistines	2	2	00,10	1908	1919	Philistines	biblical group	vol030_tropicalagricul301908ceyl#1908-01#018
973	phoenician	2	2	90,00	1891	1908	Phœnician	origin of scarabs	vol011_tropicalagricult1118ceyl#1891-07#163
974	pierises	2	2	90,00	1890	1904	Pierises	wealthy family | land-owners who bred cattle	vol009_tropicalagricult9188ceyl#1890-05#128
975	pilgrim fathers	2	2	90	1895	1896	Pilgrim Fathers	early settlers	vol015_tropicalagricult1518ceyl#1895-10#045
976	pioneers	2	2	90,00	1897	1900	Pioneers	local battalion | Troops	vol017_tropicalagricult1718ceyl#1897-11#094
977	polynesian islanders	2	2	80	1885	1886	POLYNESIAN ISLANDERS | Polynesian Islanders	users of candle-nut kernel as illuminator	vol005_tropicalagricult18851886colo#1885-07#122
978	powars	2	2	80,00	1889	1908	Powars	tribe of Rajput origin | hereditary cultivating caste	vol009_tropicalagricult9188ceyl#1889-08#030
979	protestant	2	2	80,90	1883	1893	Protestant	mission | missionaries	vol003_tropicalagricult18831884colo#1883-10#056
980	provençal	2	2	80,90	1887	1890	Provençal	language	vol006_tropicalagricult18861887colo#1887-04#069
981	prussian veterinary surgeons	2	2	10	1912	1912	Prussian veterinary surgeons | Prussian Veterinary Surgeons	annual meeting attendees	vol038_tropicalagricul381912ceyl#1912-02#024
982	prussians	2	2	80,20	1889	1921	Prussian | Prussians		vol009_tropicalagricult9188ceyl#1889-09#099
983	pueblo indians	2	2	80,10	1884	1914	Pueblo Indians		vol003_tropicalagricult18831884colo#1884-04#114
984	punjabis	2	2	90	1897	1898	Punjabis	people	vol016_tropicalagricult1618ceyl#1897-01#003
985	quashie	2	2	80	1888	1889	Quashie	term for Jamaican laborers | community	vol008_tropicalagricult8188ceyl#1888-08#129
986	quichua	2	2	80,90	1883	1893	Quichua | quichua	language/people	vol003_tropicalagricult18831884colo#1883-10#071
987	raiyat	2	2	90,00	1891	1908	raiyaat | raiyat	cultivator | small cultivator	vol011_tropicalagricult1118ceyl#1891-07#045
988	rajapakse	2	2	00,10	1903	1912	Rajapakse	brand owners | family associated with cinnamon estates	vol023_tropicalagricult2319ceyl#1903-08#062
989	rajapakses	2	2	80,90	1886	1890	Rajapakses	wealthy natives | wealthy family	vol005_tropicalagricult18851886colo#1886-04#129
990	ramasamies	2	2	90,10	1897	1912	Ramasamies	town men | coolies	vol016_tropicalagricult1618ceyl#1897-02#117
991	ratamahatmeyas	2	2	00,10	1906	1919	Ratamahatmeyas	erected the maduwa | local officials to be placed on Committee	vol027_tropicalagricul271906ceyl#1906-07#035
992	reddies	2	2	90	1893	1894	Reddies	caste | cultivating classes	vol012_tropicalagricult1218ceyl#1893-05#099
993	republicans	2	2	80,00	1886	1901	Republicans	political party	vol006_tropicalagricult18861887colo#1886-09#119
994	rodiya	2	2	00,10	1909	1918	Rodiya	community associated with manufactures	vol033_tropicalagricul331909ceyl#1909-11#039
995	roman catholic christians	2	2	90	1893	1893	Roman Catholic Christians	colony of farmers | colonists	vol012_tropicalagricult1218ceyl#1893-05#073
996	roman catholic fathers	2	2	90	1891	1893	Roman Catholic Fathers	expert in Viticulture | Establishers of colony	vol010_tropicalagricult1018ceyl#1891-03#145
997	roman catholic religion	2	2	80,90	1885	1890	Roman Catholic religion	prevailing religion | religion established by Portuguese	vol005_tropicalagricult18851886colo#1885-08#138
998	rotumans	2	2	90,10	1898	1910	Rotumans | Rotumah natives	labourers	vol017_tropicalagricult1718ceyl#1898-05#128
999	sahib	2	2	80,90	1888	1891	sahib	European employer/manager | European official	vol007_tropicalagricult7188ceyl#1888-01#051
1000	sakalaves	2	2	90	1891	1899	Sakalaves	gatherers of rubber	vol011_tropicalagricult1118ceyl#1891-12#043
1001	samurai	2	2	80,90	1882	1896	Samurai	governing class | military class	vol002_tropicalagricult18821883colo#1882-11#062
1002	sana kachins	2	2	90	1897	1897	Sana Kachins		vol016_tropicalagricult1618ceyl#1897-05#043
1003	sandwich islanders	2	2	80,00	1887	1900	Sandwich Islanders	natives | makers of delicate fern baskets	vol006_tropicalagricult18861887colo#1887-04#113
1004	santali	2	2	90,10	1892	1912	Santali	people | People/Language group	vol011_tropicalagricult1118ceyl#1892-02#035
1005	scandinavian	2	2	90,10	1890	1919	Scandinavian	children fed on cereals and skimmed milk	vol009_tropicalagricult9188ceyl#1890-04#091
1006	scandinavian countries	2	2	10,30	1918	1934	Scandinavian countries	important consuming countries	vol050_dli-ernet-21168#1918-05#012
1007	scot	2	2	80,90	1886	1899	Scot	nationality | reader	vol005_tropicalagricult18851886colo#1886-06#004
1008	scotch brewers	2	2	80	1883	1888	Scotch brewers | Scotch Brewers	purchasing hops in London | competitors	vol002_tropicalagricult18821883colo#1883-01#074
1009	sepoys	2	2	90,00	1895	1900	Sepoys	soldiers who shot the tiger | Troops	vol015_tropicalagricult1518ceyl#1895-12#059
1010	seringuero	2	2	00	1903	1908	seringuero	rubber tapper	vol023_tropicalagricult2319ceyl#1903-09#085
1011	seychellois	2	2	90	1895	1896	Seychellois	local population	vol015_tropicalagricult1518ceyl#1895-07#121
1012	shikaris	2	2	00	1901	1901	native shikaris | shikaris	hunters	vol020_tropicalagricult2019ceyl#1901-03#038
1013	shoobridge family	2	2	80,90	1886	1890	Messrs. Shoobridge | Messrs Shoobridge	hop-growers and orchardists | orchardists	vol005_tropicalagricult18851886colo#1886-06#084
1014	sicilians	2	2	80,00	1885	1906	Sicilians | Sicilian	industry	vol004_tropicalagricult18841885colo#1885-02#064
1015	sind cattle	2	2	90,30	1896	1934	Sind cattle | Sind	imported cattle | imported cattle breed	vol016_tropicalagricult1618ceyl#1896-11#147
1016	singpho	2	2	90	1894	1897	Singphos | Singpho		vol014_tropicalagricult1418ceyl#1894-11#020
1017	small-holders	2	2	30	1935	1935	Small-Holders	represented by D. H. Kotalawala | group represented by Graham Panditsekere	vol084_tropical-agriculturist-1935-02-84#1935-02#011
1018	soapmakers	2	2	00,10	1903	1910	soapmakers	buyers of ashes | users of oil	vol022_tropicalagricult2219ceyl#1903-02#006
1019	solomon islanders	2	2	80,00	1888	1908	Solomon Islanders	imported labourers	vol007_tropicalagricult7188ceyl#1888-05#011
1020	south africans	2	2	90,10	1894	1918	South Africans | South African	Soldiers | nationality of adviser's experience	vol013_tropicalagricult1318ceyl#1894-01#001
1021	south american republics	2	2	90,30	1892	1934	South American Republics	nations compared favorably to England	vol012_tropicalagricult1218ceyl#1892-12#005
1022	soviets	2	2	20,40	1929	1944	Soviets	political group | political entity	vol072_dli-ernet-229221#1929-05#023
1023	spaniard	2	2	90	1893	1894	Spaniard	nationality | ruling group	vol012_tropicalagricult1218ceyl#1893-01#022
1024	spanish americans	2	2	90	1895	1895	Spanish Americans	people who chew coca leaves	vol014_tropicalagricult1418ceyl#1895-03#061
1025	sturge	2	2	80,00	1883	1908	Messrs. Sturge	cultivators in Montserrat	vol003_tropicalagricult18831884colo#1883-08#132
1026	sudanese	2	2	80,10	1887	1913	Soudanese | Sudanese	inhabitants of the Soudan | labouring class	vol007_tropicalagricult7188ceyl#1887-07#128
1027	sudra	2	2	90,00	1892	1908	Sudra	caste | menials	vol011_tropicalagricult1118ceyl#1892-01#031
1028	sulawesi people	2	2	80,90	1887	1896	Sooloo men | Sooloos	fishermen | labourers	vol006_tropicalagricult18861887colo#1887-04#029
1029	sumatran	2	2	80,90	1884	1896	Sumatran	tobacco-planter | origin	vol004_tropicalagricult18841885colo#1884-11#012
1030	sumatrans	2	2	80,00	1886	1900	Sumatrans	natives | people	vol006_tropicalagricult18861887colo#1886-07#026
1031	sundry druggists	2	2	90	1893	1894	Sundry druggists | Sundry Druggists	buyers | buyers of cinchona	vol013_tropicalagricult1318ceyl#1893-08#036
1032	swahilis	2	2	00,30	1902	1933	Swahilis	natives, Seede boys of steamers | gatherers of cloves	vol021_tropicalagricult2119ceyl#1902-04#030
1033	swatow	2	2	80	1887	1888	Swatows | Swaton	Chinese dialect group | source of coolies	vol007_tropicalagricult7188ceyl#1887-08#096
1034	syrians	2	2	80	1888	1888	Syrians	native sponge fishermen | primary participants in the sponge trade	vol007_tropicalagricult7188ceyl#1888-02#070
1035	tagals	2	2	80,90	1886	1899	Tagals	people in Manilla	vol006_tropicalagricult18861887colo#1886-12#023
1036	tahitian	2	2	00	1903	1908	Tahitian	nationality/origin of oyster species	vol022_tropicalagricult2219ceyl#1903-05#013
1037	talukdars	2	2	80	1883	1886	talukdars	landowners	vol003_tropicalagricult18831884colo#1883-07#095
1038	tamby	2	2	90,00	1896	1900	Tamby	cultivator	vol016_tropicalagricult1618ceyl#1896-11#009
1039	tamil women	2	2	90	1890	1892	Tamil women	users of henna | opening cacao pods	vol009_tropicalagricult9188ceyl#1890-06#127
1040	taoist	2	2	90,00	1892	1901	Taoist	religious group | religion	vol012_tropicalagricult1218ceyl#1892-11#051
1041	tea dealers	2	2	90	1891	1895	tea dealers | Tea Dealers	group that opposed the new weighing decree | provided facts to the Solicitor	vol011_tropicalagricult1118ceyl#1891-07#156
1042	tea estates	2	2	00,20	1901	1926	Tea Estates	recipients of reports and correspondence	vol020_tropicalagricult2019ceyl#1901-02#082
1043	tea guilds	2	2	00	1900	1903	tea guilds | Tea guilds	recipients of government grant	vol020_tropicalagricult2019ceyl#1900-08#086
1044	teutons	2	2	90,00	1897	1903	Teutons | Teutonic	imposed taxation | consumers of tea	vol017_tropicalagricult1718ceyl#1897-09#014
1045	the allies	2	2	10	1915	1919	The Allies | the Allies	blockading Germany	vol045_lbg-630-5-tag-v-45#1915-11#007
1046	the dominions	2	2	10,20	1919	1928	The Dominions	political entities | countries that made progress in standardization of commoditi	vol053_iss02_tropical-agriculturist-1919-08-53-2#1919-08#009
1047	thibetan	2	2	80,90	1884	1899	Thibetan	traders	vol004_tropicalagricult18841885colo#1884-11#001
1048	thomas and gilchrist	2	2	80,90	1887	1890	Messrs. Thomas and Gilchrist	utilized slag for phosphoric acid | inventors of the basic process	vol006_tropicalagricult18861887colo#1887-05#115
1049	thracians	2	2	80,30	1889	1933	Thracians	ancient people | people	vol008_tropicalagricult8188ceyl#1889-01#152
1050	tongan	2	2	80,90	1888	1890	Tongan		vol007_tropicalagricult7188ceyl#1888-04#031
1051	tories	2	2	80,90	1885	1892	Tories | Tory	political party | political group	vol004_tropicalagricult18841885colo#1885-04#038
1052	towkays	2	2	80	1882	1889	Towkays | towkays	Chinese capitalists | investors	vol002_tropicalagricult18821883colo#1882-10#094
1053	trade	2	2	80,00	1886	1901	Trade	rubber trade	vol005_tropicalagricult18851886colo#1886-02#003
1054	tunis	2	2	80	1885	1885	Tunis	people who weave cotton mantles | people weaving cotton mantles	vol005_tropicalagricult18851886colo#1885-11#072
1055	tytlers	2	2	90	1894	1898	Tytlers	planters of the 'forties' in Ceylon | planters	vol013_tropicalagricult1318ceyl#1894-01#042
1056	unionists	2	2	90,00	1892	1903	Unionists | Unionist	political party | political affiliation	vol011_tropicalagricult1118ceyl#1892-05#072
1057	uriya	2	2	90,30	1893	1936	Uriya	language group | racial group	vol012_tropicalagricult1218ceyl#1893-01#003
1058	v. a.'s	2	2	80	1887	1889	V. A.'s	shareholders in lowcountry tea company | visiting agents	vol006_tropicalagricult18861887colo#1887-03#106
1059	vanniah	2	2	80,00	1887	1908	Vanniah	caste | local Chief Headman	vol007_tropicalagricult7188ceyl#1887-09#068
1060	vedarala	2	2	90	1897	1899	vedarala	native practitioners | native healer	vol016_tropicalagricult1618ceyl#1897-05#166
1061	veddhas	2	2	80,10	1889	1919	Veddhas	aboriginal race | community	vol008_tropicalagricult8188ceyl#1889-05#032
1062	vegetarians	2	2	00	1901	1902	Vegetarians | vegetarians		vol021_tropicalagricult2119ceyl#1901-10#079
1063	vel muladeniyas	2	2	20,40	1927	1945	Vel Muladeniyas | vel muladeniyas	community | Irrigation headmen	vol068_tropical-agriculturist-1927-06-68#1927-06#013
1064	vellalas	2	2	00,30	1909	1935	Vellalas	Caste | cultivators of betel	vol033_tropicalagricul331909ceyl#1909-09#009
1065	victorians	2	2	80,00	1881	1908	Victorians | Victorian	consumers	vol001_tropicalagricult1188ceyl#1881-08#062
1066	vidane arachchies	2	2	00	1906	1909	Vidane Arachchies	local officials	vol026_tropicalagricul261906ceyl#1906-03#060
1067	villagers	2	2	80,00	1887	1903	villagers	extractors of fibre	vol006_tropicalagricult18861887colo#1887-03#072
1068	visayan	2	2	00,10	1908	1919	Visayan	people of the Visayas | language group	vol030_tropicalagricul301908ceyl#1908-04#010
1069	waganda	2	2	90,00	1890	1901	Waganda	people of Uganda | native population	vol010_tropicalagricult1018ceyl#1890-11#098
1070	warrau	2	2	80	1884	1884	Warraus | Warrau	indigenous people | Indians	vol004_tropicalagricult18841885colo#1884-09#069
1071	watussi	2	2	80,10	1887	1914	Watussi | Watussi tribe	draw out fine copper threads | tribe	vol006_tropicalagricult18861887colo#1887-06#034
1072	wesleyans	2	2	80,00	1881	1901	Wesleyans	missionary group | religious group	vol001_tropicalagricult1188ceyl#1881-07#016
1073	west african negroes	2	2	90	1894	1898	West African negroes	habitually masticate the bean	vol014_tropicalagricult1418ceyl#1894-07#097
1074	west africans	2	2	00	1900	1901	West African | West Africans	origin of nuts	vol020_tropicalagricult2019ceyl#1900-12#097
1075	west australians	2	2	80,90	1884	1899	West Australian | West Australians	colonists | consumers	vol004_tropicalagricult18841885colo#1884-08#074
1076	west indian colonies	2	2	80	1881	1888	West Indian colony | West Indian colonies	practising quarantine	vol001_tropicalagricult1188ceyl#1881-12#124
1077	west-indian	2	2	90,00	1899	1907	West-Indian	sociology context | origin of lemongrass oil	vol018_tropicalagricult1818ceyl#1899-04#047
1078	wharfingers	2	2	80,90	1885	1898	wharfingers	agents charging for bulking and taring	vol005_tropicalagricult18851886colo#1885-09#094
1079	whitehouse brothers	2	2	80	1887	1889	brothers Whitehouse | Messrs. Whitehouse Brothers	cotton cultivators | conducted cotton experiments	vol007_tropicalagricult7188ceyl#1887-09#013
1080	willis and parkin	2	2	10	1910	1911	Messrs. Willis and Parkin | Messrs Willis and Parkin	claimants of discovery | researchers	vol035_tropicalagricul351910ceyl#1910-07#069
1081	wood and barrett	2	2	80	1882	1884	Messrs. Wood and Barrett	chemists	vol001_tropicalagricult1188ceyl#1882-05#070
1082	worms brothers	2	2	80,90	1887	1898	Bros. Worms | brothers Worms	owners of Kondagalla estate	vol007_tropicalagricult7188ceyl#1887-09#013
1083	yunnanese	2	2	80,00	1883	1902	Yunnanese	people	vol002_tropicalagricult18821883colo#1883-02#121
1084	zanzibaris	2	2	90	1892	1892	Zanzibaris	traders/residents	vol012_tropicalagricult1218ceyl#1892-08#047
1085	zobeid bedouins	2	2	80	1887	1887	Zobeid Bedouins	tribe of Arabs | tribe inhabiting the coast, boat owners	vol006_tropicalagricult18861887colo#1887-06#120
1086	12th regiment of light dragoons	1	1	90	1898	1898	12th Regiment of Light Dragoons	military unit	vol017_tropicalagricult1718ceyl#1898-04#002
1087	21st lancers	1	1	10	1912	1912	21st Lancers	military regiment	vol039_tropicalagricul391912ceyl#1912-11#006
1088	35th sikhs	1	1	90	1896	1896	35th Sikhs	military regiment	vol015_tropicalagricult1518ceyl#1896-01#100
1089	4th pioneers	1	1	90	1898	1898	4th Pioneers	military unit	vol018_tropicalagricult1818ceyl#1898-07#123
1090	5th gurkhas	1	1	00	1901	1901	5th Gurkhas	military unit	vol020_tropicalagricult2019ceyl#1901-04#066
1091	72nd regiment	1	1	80	1883	1883	72nd regiment	military unit	vol003_tropicalagricult18831884colo#1883-12#104
1092	7th cuirassiers	1	1	90	1893	1893	7th Cuirassiers	military unit whose horses were fed with the mixture	vol012_tropicalagricult1218ceyl#1893-05#001
1093	80th regiment	1	1	80	1883	1883	80th regiment	military unit	vol003_tropicalagricult18831884colo#1883-12#104
1094	a. m. & j. engelken	1	1	80	1881	1881	Messrs. A. M. & J. Engelken	owners of Pendem estate	vol001_tropicalagricult1188ceyl#1881-11#012
1095	a. w. bennett, anderson, edgeworth, hiern, lawson, maxwell masters, stapf, and gamble	1	1	00	1900	1900	Messrs. A. W. Bennett, Anderson, Edgeworth, Hiern, Lawson, Maxwell Masters, Stapf, and Gamble	Botanists assisting on Flora of British India	vol019_tropicalagricult1918ceyl#1900-05#002
1096	abbay, morris, m. ward	1	1	80	1882	1882	Messrs. Abbay, Morris, M. Ward	researchers on coffee leaf fungus	vol001_tropicalagricult1188ceyl#1882-02#166
1097	abbey and morris	1	1	80	1882	1882	Messrs. Abbey and Morris		vol002_tropicalagricult18821883colo#1882-08#076
1098	abbey, morris and ward	1	1	80	1882	1882	Messrs. Abbey, Morris and Ward	investigators of coffee fungus	vol001_tropicalagricult1188ceyl#1882-02#141
1099	abbey, ward, and others	1	1	80	1881	1881	Messrs Abbey, Ward, and others	observers on gathering diseased leaves	vol001_tropicalagricult1188ceyl#1881-07#111
1100	abbott, achard, atzenwiler, batty, west, winterbotham, and hockin	1	1	80	1888	1888	Messrs. Abbott, Achard, Atzenwiler, Batty, West, Winterbotham, and Hockin	members present at meeting	vol008_tropicalagricult8188ceyl#1888-09#049
1101	aberdeenian	1	1	90	1897	1897	Aberdeenian	nationality/origin of the Manager	vol016_tropicalagricult1618ceyl#1897-04#101
1102	aberdonsians	1	1	90	1890	1890	Aberdonsians	merchants, army, civil service in India	vol009_tropicalagricult9188ceyl#1890-06#056
1103	aboriginal savages	1	1	90	1893	1893	aboriginal savages		vol013_tropicalagricult1318ceyl#1893-10#036
1104	aboriginal tribes	1	1	80	1887	1887	aboriginal tribes	permanently inhabited the region	vol006_tropicalagricult18861887colo#1887-03#069
1105	aborigines of north america	1	1	30	1935	1935	aborigines of North America	original inhabitants who did little to cultivate soil	vol085_tropical-agriculturist-1935-11-85#1935-11#008
1106	acadians	1	1	00	1908	1908	Acadians	French settlers of Nova Scotia	vol030_tropicalagricul301908ceyl#1908-03#012
1107	achari	1	1	00	1906	1906	Achari	Blacksmiths	vol027_tropicalagricul271906ceyl#1906-09#020
1108	acheenes	1	1	90	1892	1892	Acheenes	people in Acheen	vol012_tropicalagricult1218ceyl#1892-08#119
1109	acholi	1	1	00	1906	1906	Acholi	people	vol027_tropicalagricul271906ceyl#1906-10#027
1110	ackawoi	1	1	80	1883	1883	Ackawoi	tribe	vol003_tropicalagricult18831884colo#1883-08#065
1111	acreanos	1	1	00	1903	1903	Acreanos	insurgents/revolutionists	vol023_tropicalagricult2319ceyl#1903-07#053
1112	act coolies	1	1	80	1885	1885	Act coolies	labourers	vol004_tropicalagricult18841885colo#1885-06#111
1113	afghan merchants	1	1	90	1896	1896	Afghan merchants		vol016_tropicalagricult1618ceyl#1896-10#011
1114	african arabs	1	1	00	1901	1901	African Arabs		vol021_tropicalagricult2119ceyl#1901-11#074
1115	african bondsmen	1	1	90	1891	1891	African bondsmen	slaves	vol010_tropicalagricult1018ceyl#1891-05#064
1116	african coolie	1	1	80	1889	1889	African coolie	labourer	vol009_tropicalagricult9188ceyl#1889-09#088
1117	african farmers	1	1	20	1926	1926	African farmers	visitors to the plantation	vol066_iss01_tropical-agriculturist-1926-01-66-1#1926-01#012
1118	african group	1	1	10	1912	1912	African group	producing region	vol038_tropicalagricul381912ceyl#1912-05#010
1119	african people	1	1	80	1884	1884	African		vol004_tropicalagricult18841885colo#1884-12#056
1120	afro-americans	1	1	90	1896	1896	Afro-Americans	potential colonists	vol016_tropicalagricult1618ceyl#1896-08#026
1121	aghurias	1	1	80	1881	1881	Aghurias	aboriginal population, iron manufacturers	vol001_tropicalagricult1188ceyl#1881-10#028
1122	agrarian block	1	1	30	1934	1934	Agrarian Block	economic co-operation group	vol082_dli-ernet-229227#1934-05#011
1123	agricultural cadets	1	1	20	1920	1920	Agricultural Cadets	did the work	vol054_lbg-630-5-tag-v-54#1920-03#027
1124	agricultural community	1	1	20	1925	1925	Agricultural Community		vol064_lbg-630-5-tag-v-64#1925-06#014
1125	agricultural labourers	1	1	00	1902	1902	agricultural labourers	group affected by tax	vol022_tropicalagricult2219ceyl#1902-08#074
1126	agricultural schoolmen	1	1	90	1890	1890	Agricultural Schoolmen	Conducted experiments under Mr. Elliott's direction	vol010_tropicalagricult1018ceyl#1890-12#107
1127	agriculturists	1	1	20	1925	1925	Agriculturists		vol064_lbg-630-5-tag-v-64#1925-06#014
1128	aguinaldists	1	1	90	1899	1899	Aguinaldists	rebel group	vol019_tropicalagricult1918ceyl#1899-08#015
1129	aham	1	1	90	1892	1892	Aham	Mongol tribe	vol012_tropicalagricult1218ceyl#1892-10#017
1130	ahirs	1	1	00	1908	1908	Ahirs		vol031_tropicalagricul311908ceyl#1908-07#018
1131	ahom	1	1	90	1890	1890	Ahom	kings and nobles	vol009_tropicalagricult9188ceyl#1890-06#001
1132	ahom rajas	1	1	00	1901	1901	Ahom rajas		vol020_tropicalagricult2019ceyl#1901-02#018
1133	aitken	1	1	90	1896	1896	Messrs. Aitken	of the Lower Umzimkulu	vol016_tropicalagricult1618ceyl#1896-12#093
1134	akawois	1	1	10	1913	1913	Akawois	indigenous people	vol040_lbg-630-5-tag-v-40#1913-02#056
1135	akkadians	1	1	10	1912	1912	Akkad	people	vol039_tropicalagricul391912ceyl#1912-12#011
1136	akkarai pattu	1	1	90	1890	1890	Akkarai Pattu	community	vol009_tropicalagricult9188ceyl#1890-04#105
1137	alambadis	1	1	10	1913	1913	Alambadis	community	vol041_lbg-vol-xli-tropicalagricult0000dewi-t3r5#1913-07#052
1138	algerians	1	1	00	1908	1908	Algerian		vol030_tropicalagricul301908ceyl#1908-03#023
1139	aliens	1	1	90	1891	1891	Aliens	foreigners	vol010_tropicalagricult1018ceyl#1891-03#060
1140	all england eleven	1	1	90	1892	1892	All England eleven	cricket team	vol011_tropicalagricult1118ceyl#1892-05#003
1141	allied powers	1	1	30	1931	1931	Allied Powers	belligerents in the war	vol077_tdl-34003-the-tropical-agriculturist-the-agricultural-journa#1931-11#002
1142	alpine club	1	1	90	1890	1890	Alpine club		vol009_tropicalagricult9188ceyl#1890-06#016
1143	alsatian	1	1	10	1910	1910	Alsatian	nationality of the winegrower	vol034_tropicalagricul341910ceyl#1910-02#059
1144	alutgama	1	1	00	1906	1906	Alutgama	family in Matale	vol027_tropicalagricul271906ceyl#1906-09#020
1145	aluwihares	1	1	00	1906	1906	Aluwihares	family	vol027_tropicalagricul271906ceyl#1906-09#020
1146	alvai	1	1	10	1919	1919	Alvai	People	vol053_iss05_tropical-agriculturist-1919-11-53-5#1919-11#023
1147	amarapura	1	1	80	1882	1882	Amarapura	sect of priests	vol002_tropicalagricult18821883colo#1882-10#131
1148	amarapura priests	1	1	80	1882	1882	Amarapura priests	of Ceylon	vol002_tropicalagricult18821883colo#1882-11#001
1149	amarapura sect	1	1	80	1882	1882	Amarapura sect		vol002_tropicalagricult18821883colo#1882-11#001
1150	amatonga	1	1	80	1883	1883	Amatogna	native labourers	vol002_tropicalagricult18821883colo#1883-01#161
1151	amazon indians	1	1	10	1911	1911	Amazon Indians		vol037_tropicalagricul371911ceyl#1911-12#066
1152	amazon seringueiros	1	1	10	1910	1910	Amazon seringueiros	rubber tappers	vol035_tropicalagricul351910ceyl#1910-07#069
1153	amazonians	1	1	90	1894	1894	Amazons	rubber collectors	vol013_tropicalagricult1318ceyl#1894-01#052
1154	amazons	1	1	10	1911	1911	Amazons	people	vol037_tropicalagricul371911ceyl#1911-08#038
1155	ambagamuwa group of estates	1	1	80	1886	1886	Ambagamuwa group of estates	group of estates	vol005_tropicalagricult18851886colo#1886-02#077
1156	amboynese	1	1	90	1893	1893	Amboynese	islanders	vol013_tropicalagricult1318ceyl#1893-11#006
1157	american and english manufacturers	1	1	90	1896	1896	American and English manufacturers	represented by G Briegleb	vol015_tropicalagricult1518ceyl#1896-03#024
1158	american army	1	1	90	1898	1898	American Army	recipient of tea	vol018_tropicalagricult1818ceyl#1898-08#131
1159	american classes	1	1	20	1920	1920	American classes	chicken classification	vol055_lbg-630-5-tag-v-55#1920-12#029
1160	american consumers	1	1	80	1884	1884	American	consumers	vol004_tropicalagricult18841885colo#1884-10#051
1161	american group	1	1	10	1912	1912	American group	producing region	vol038_tropicalagricul381912ceyl#1912-05#010
1162	american manufacturers	1	1	80	1887	1887	American manufacturers	buyers of bark	vol006_tropicalagricult18861887colo#1887-05#143
1163	american merchants	1	1	10	1912	1912	American merchants		vol038_tropicalagricul381912ceyl#1912-01#042
1164	american negro	1	1	00	1909	1909	American negro	labourer	vol032_tropicalagricul321909ceyl#1909-05#010
1165	american school of soil chemists	1	1	20	1927	1927	American school of soil chemists		vol068_tropical-agriculturist-1927-03-68#1927-03#002
1166	american temperance party	1	1	90	1894	1894	American Temperance party		vol014_tropicalagricult1418ceyl#1894-07#112
1167	american workers	1	1	10	1912	1912	American workers	assert continued growth of same crop leads to low production	vol038_tropicalagricul381912ceyl#1912-03#023
1168	amhara	1	1	80	1887	1887	Amhara	people	vol007_tropicalagricult7188ceyl#1887-11#045
1169	amildars	1	1	90	1890	1890	Amildars	officials to be directed to send samples	vol009_tropicalagricult9188ceyl#1890-04#110
1170	amnyses	1	1	90	1892	1892	Amnyses	Native tribe	vol011_tropicalagricult1118ceyl#1892-02#046
1171	anakite	1	1	80	1888	1888	Anakite	tribe of Aboriginal Australians	vol007_tropicalagricult7188ceyl#1888-06#021
1172	anamites	1	1	00	1900	1900	Anamites	users of the 'fish's tail' scissor	vol019_tropicalagricult1918ceyl#1900-02#105
1173	ancient britons	1	1	20	1921	1921	Ancient Britons	historical group	vol057_in-ernet-dli-2015-230764#1921-09#012
1174	andai kurumbers	1	1	00	1903	1903	Andai Kurumbers	sect of Kurumbers, bamboo workers	vol022_tropicalagricult2219ceyl#1903-02#089
1175	andalusian	1	1	00	1906	1906	Andalusian	people	vol026_tropicalagricul261906ceyl#1906-02#022
1176	andean indians	1	1	80	1883	1883	Andean Indians	indigenous people	vol003_tropicalagricult18831884colo#1883-11#001
1177	anderson	1	1	80	1889	1889	Messrs. Anderson	planters of Bargaii	vol009_tropicalagricult9188ceyl#1889-11#144
1178	anderson, dewar, and pyper	1	1	80	1881	1881	Messrs. Anderson, Dewar, and Pyper	examiners of results	vol001_tropicalagricult1188ceyl#1881-07#111
1179	andorobo	1	1	00	1902	1902	Andorobo	wandering and fugitive people	vol021_tropicalagricult2119ceyl#1902-01#042
1180	angami nagas	1	1	10	1910	1910	Angami Nagas	ethnic group	vol034_tropicalagricul341910ceyl#1910-06#033
1181	anglican	1	1	80	1885	1885	Anglican		vol005_tropicalagricult18851886colo#1885-11#138
1182	anglican church	1	1	90	1898	1898	Anglican Church		vol017_tropicalagricult1718ceyl#1898-03#011
1183	anglo-australian	1	1	90	1897	1897	Anglo-Australian	nationality of a company owning coffee land	vol016_tropicalagricult1618ceyl#1897-03#096
1184	anglo-ceylonese	1	1	00	1903	1903	Anglo-Ceylonese	target demographic for retirement	vol023_tropicalagricult2319ceyl#1903-10#097
1185	anglo-cuban	1	1	00	1906	1906	Anglo-Cuban		vol027_tropicalagricul271906ceyl#1906-08#016
1186	anglo-indian engineers	1	1	90	1891	1891	Anglo-Indian engineers	Staff of Sir Colin Scott-Moncrieff	vol011_tropicalagricult1118ceyl#1891-10#100
1187	anglo-saxon races	1	1	80	1888	1888	Anglo-Saxon races		vol007_tropicalagricult7188ceyl#1888-04#105
1188	anglo-saxon-celtic people	1	1	90	1894	1894	Anglo-Saxon-Celtic people		vol014_tropicalagricult1418ceyl#1894-08#059
1189	angora	1	1	90	1892	1892	Angora	goat breed	vol012_tropicalagricult1218ceyl#1892-08#096
1190	annamalai planters	1	1	00	1902	1902	THE ANNAMALAI PLANTERS	planters	vol021_tropicalagricult2119ceyl#1902-05#091
1191	ansariel	1	1	90	1892	1892	Ansariel	tribe (alternative name for Nocairis)	vol012_tropicalagricult1218ceyl#1892-07#058
1192	ansarihs	1	1	80	1889	1889	Ansarih	descendants of the sect of assassins	vol009_tropicalagricult9188ceyl#1889-12#086
1193	antipodean	1	1	90	1890	1890	Antipodean		vol010_tropicalagricult1018ceyl#1890-07#086
1194	anyasa	1	1	90	1897	1897	Anyasa	people	vol017_tropicalagricult1718ceyl#1897-07#022
1195	apache indians	1	1	80	1884	1884	Apache Indians	gatherers of cactus fruit	vol004_tropicalagricult18841885colo#1884-11#020
1196	apatex indians	1	1	90	1894	1894	Apatex Indians		vol013_tropicalagricult1318ceyl#1894-01#043
1197	apoka	1	1	90	1894	1894	Apoka	inhabitants of Nyika	vol013_tropicalagricult1318ceyl#1894-05#065
1198	appoos	1	1	90	1895	1895	Appoos	middlemen	vol015_tropicalagricult1518ceyl#1895-10#151
1199	appuhami	1	1	90	1899	1899	appuhami	caste/title	vol019_tropicalagricult1918ceyl#1899-11#059
1200	arab conquerors	1	1	90	1892	1892	Arab conquerors		vol012_tropicalagricult1218ceyl#1892-07#090
1201	arab merchant	1	1	90	1892	1892	Arab merchant	commercial group	vol011_tropicalagricult1118ceyl#1892-06#003
1202	arab peasants	1	1	30	1938	1938	Arab peasant	agricultural group	vol091_tropical-agriculturist-1938-12-91#1938-12#008
1203	arab slave-traders	1	1	90	1895	1895	Arab Slave-traders		vol015_tropicalagricult1518ceyl#1895-11#086
1204	arab slavers	1	1	90	1896	1896	Arab slavers		vol015_tropicalagricult1518ceyl#1896-03#012
1205	arab subordinates	1	1	90	1891	1891	Arab subordinates	Subordinates of French engineers	vol011_tropicalagricult1118ceyl#1891-10#100
1206	arabian navigators	1	1	90	1892	1892	Arabian navigators		vol011_tropicalagricult1118ceyl#1892-02#063
1207	aracies	1	1	20	1925	1925	Aracies	rank of Headmen	vol064_lbg-630-5-tag-v-64#1925-04#018
1208	aratchi	1	1	00	1901	1901	Aratchi	official	vol020_tropicalagricult2019ceyl#1901-06#087
1209	arauc indians	1	1	90	1897	1897	Arauc Indians	indigenous people of South America	vol017_tropicalagricult1718ceyl#1897-10#148
1210	arauna indians	1	1	80	1883	1883	Arauna Indians	indigenous group, said to be cannibals	vol002_tropicalagricult18821883colo#1883-02#009
1211	arawak indians	1	1	80	1883	1883	Arawack Indians	indigenous people	vol003_tropicalagricult18831884colo#1883-08#065
1212	arcot	1	1	00	1903	1903	Arcot	coolies	vol023_tropicalagricult2319ceyl#1903-11#095
1213	areconas	1	1	80	1885	1885	Areconas	workers	vol004_tropicalagricult18841885colo#1885-04#074
1214	arecoo	1	1	80	1885	1885	Arecoo's	people who cut sandals from leaf-stalks	vol004_tropicalagricult18841885colo#1885-03#119
1215	arecoña	1	1	80	1885	1885	Arecoña	guide	vol004_tropicalagricult18841885colo#1885-04#074
1216	arecuna indians	1	1	10	1913	1913	Arecuna Indians	indigenous people	vol040_lbg-630-5-tag-v-40#1913-02#056
1217	argentine nation	1	1	80	1882	1882	Argentine nation		vol001_tropicalagricult1188ceyl#1882-05#159
1218	argentine people	1	1	80	1888	1888	Argentine people		vol007_tropicalagricult7188ceyl#1888-02#092
1219	arians	1	1	30	1931	1931	Arians	ancient worshippers of the sun	vol077_tdl-34003-the-tropical-agriculturist-the-agricultural-journa#1931-08#008
1220	arkattis	1	1	90	1896	1896	Arkattis	recruiters described as rascally	vol016_tropicalagricult1618ceyl#1896-10#040
1221	arkinson brothers	1	1	90	1894	1894	ARKINSON BROTHERS	subjects of a tragedy	vol014_tropicalagricult1418ceyl#1894-09#072
1222	arkutti	1	1	00	1908	1908	arkutti	recruiting	vol030_tropicalagricul301908ceyl#1908-06#098
1223	arkuttis	1	1	90	1890	1890	arkuttis	coolie recruiters	vol009_tropicalagricult9188ceyl#1890-05#102
1224	armed lascoryns	1	1	90	1893	1893	Armed Lascoryns	military unit	vol013_tropicalagricult1318ceyl#1893-08#002
1225	armitage	1	1	80	1883	1883	Messrs. Armitage	estate owners	vol003_tropicalagricult18831884colo#1883-10#096
1226	armitage and tindall	1	1	80	1885	1885	Messrs. Armitage and Tindall		vol005_tropicalagricult18851886colo#1885-10#048
1227	armstrong and huon	1	1	80	1887	1887	Messrs. Armstrong and Huon	owners of plantation	vol006_tropicalagricult18861887colo#1887-04#064
1228	armstrong, owen and others	1	1	80	1885	1885	Messrs. Armstrong, Owen and others	authors of previous cost estimates	vol004_tropicalagricult18841885colo#1885-03#149
1229	aroosi	1	1	90	1896	1896	Aroosi	Galla subgroup	vol015_tropicalagricult1518ceyl#1896-02#001
1230	arrawak indians	1	1	80	1886	1886	Arrawak Indians	gave vernacular names to the balata tree	vol006_tropicalagricult18861887colo#1886-10#083
1231	arundels	1	1	90	1892	1892	Arundels	noble family	vol011_tropicalagricult1118ceyl#1892-06#062
1232	aryan race	1	1	80	1884	1884	Aryan race	ethnic group	vol004_tropicalagricult18841885colo#1884-10#023
1233	aryau	1	1	80	1884	1884	Aryau	ethnic group referenced	vol003_tropicalagricult18831884colo#1884-06#063
1234	asgiri udasiya	1	1	20	1924	1924	Asgiri Udasiya	pattu	vol062_lbg-630-5-tag-v-62#1924-01#027
1235	asgiri udasiya pattu	1	1	20	1920	1920	Asgiri Udasiya Pattu	religious community	vol055_lbg-630-5-tag-v-55#1920-09#018
1236	asgiriya-wihares	1	1	00	1900	1900	Asgiriya-wihares	Buddhist sect	vol019_tropicalagricult1918ceyl#1900-06#156
1237	ashantee	1	1	90	1891	1891	Ashantee	peoples	vol011_tropicalagricult1118ceyl#1891-07#027
1238	asiatic classes	1	1	20	1920	1920	Asiatic classes	chicken classification	vol055_lbg-630-5-tag-v-55#1920-12#029
1239	asiatic countries	1	1	90	1896	1896	Asiatic countries		vol015_tropicalagricult1518ceyl#1896-03#078
1240	asiatic estate	1	1	30	1931	1931	Asiatic Estate	producers	vol076_dli-ernet-229225#1931-03#006
1241	asiatic people	1	1	80	1884	1884	Asiatic		vol004_tropicalagricult18841885colo#1884-12#056
1242	asiatic petty traders	1	1	80	1888	1888	Arabs	petty traders	vol008_tropicalagricult8188ceyl#1888-09#051
1243	asiatic producers	1	1	90	1897	1897	Asiatic	producers of lower and medium grade teas	vol017_tropicalagricult1718ceyl#1897-12#002
1244	asiatic races	1	1	10	1911	1911	Asiatic races	consumers of soya bean	vol037_tropicalagricul371911ceyl#1911-07#039
1245	asiatic traders	1	1	90	1896	1896	Asiatic traders		vol016_tropicalagricult1618ceyl#1896-12#071
1246	assam rajas	1	1	80	1883	1883	Assam Rajas	rulers of Assam	vol003_tropicalagricult18831884colo#1883-12#054
1247	assam tea companies	1	1	90	1893	1893	Assam Tea Companies	group of companies	vol013_tropicalagricult1318ceyl#1893-07#038
1248	assam tea planters	1	1	80	1883	1883	Assam tea planters		vol002_tropicalagricult18821883colo#1883-06#005
1249	assistant engineers	1	1	80	1885	1885	Assistant Engineers	tracing the road	vol005_tropicalagricult18851886colo#1885-08#022
1250	assistant government agents	1	1	40	1945	1945	Assistant Government Agents		vol101_iss03_tropical-agriculturist-july-september-1945-101-3#1945-07/09#014
1251	astor	1	1	90	1895	1895	Astor	families	vol015_tropicalagricult1518ceyl#1895-09#130
1252	astors	1	1	90	1897	1897	Astors	people of great fortunes	vol017_tropicalagricult1718ceyl#1897-07#037
1253	asturians	1	1	80	1889	1889	Asturians	factory owners	vol009_tropicalagricult9188ceyl#1889-08#156
1254	athenian	1	1	00	1903	1903	Athenian	nationality	vol023_tropicalagricult2319ceyl#1903-07#032
1255	atongas	1	1	90	1894	1894	Atongas	native labourers	vol014_tropicalagricult1418ceyl#1894-12#121
1256	attygalla mohandriam and paulis silva	1	1	90	1891	1891	Messrs. Attygalla Mohandriam and Paulis Silva	large plumbago merchants, purchasers	vol010_tropicalagricult1018ceyl#1891-06#088
1257	australasian colonists	1	1	80	1885	1885	Australasian Colonists	interested in New Guinea administration	vol005_tropicalagricult18851886colo#1885-10#092
1258	australasian growers	1	1	90	1891	1891	Australasian	growers	vol011_tropicalagricult1118ceyl#1891-09#012
1259	australian agriculturists	1	1	90	1898	1898	Australian agriculturists	advised to take up lavender-oil distilling	vol017_tropicalagricult1718ceyl#1898-01#040
1260	australian blacks	1	1	80	1881	1881	Australian blacks	divers	vol001_tropicalagricult1188ceyl#1881-11#025
1261	australian bushmen	1	1	00	1902	1902	Australian Bushmen		vol022_tropicalagricult2219ceyl#1902-09#068
1262	australian capitalists	1	1	80	1884	1884	Australian capitalists	buyers of estate	vol004_tropicalagricult18841885colo#1884-12#132
1263	australian cattle	1	1	30	1935	1935	Australian	breed of cattle	vol084_tropical-agriculturist-1935-03-84#1935-03#002
1264	australian colonist	1	1	90	1892	1892	Australian Colonist		vol011_tropicalagricult1118ceyl#1892-01#017
1265	australian commercial commissioners	1	1	90	1894	1894	Australian Commercial Commissioners		vol013_tropicalagricult1318ceyl#1894-05#056
1266	australian diggers	1	1	80	1888	1888	Australian diggers		vol008_tropicalagricult8188ceyl#1888-07#026
1267	australian farmers	1	1	90	1898	1898	Australian farmers		vol017_tropicalagricult1718ceyl#1898-05#153
1268	australian firms	1	1	80	1885	1885	Australian firms	land allottees	vol005_tropicalagricult18851886colo#1885-08#017
1269	australian group	1	1	90	1890	1890	Australian group		vol009_tropicalagricult9188ceyl#1890-04#010
1270	australian merchants	1	1	10	1912	1912	Australian merchants		vol038_tropicalagricul381912ceyl#1912-01#042
1271	australian sugar companies	1	1	80	1884	1884	Australian Sugar Companies		vol003_tropicalagricult18831884colo#1884-03#089
1272	australian sugar planters	1	1	80	1883	1883	Australian Sugar Planters		vol003_tropicalagricult18831884colo#1883-09#049
1273	austrian poles	1	1	90	1896	1896	Austrian Poles	European planters	vol016_tropicalagricult1618ceyl#1896-11#097
1274	ayahs	1	1	80	1886	1886	ayahs	domestic servants	vol005_tropicalagricult18851886colo#1886-01#003
1275	aymara	1	1	80	1883	1883	Aymara	language/people	vol003_tropicalagricult18831884colo#1883-11#002
1276	aymara indians	1	1	90	1895	1895	Aymara Indians	tribe naming the guayacu tree	vol015_tropicalagricult1518ceyl#1895-12#004
1277	ayrshire	1	1	40	1943	1943	Ayrshire	breed of cows	vol099_iss02_tropical-agriculturist-april-june-1943-99-2#1943-04/06#016
1278	ayurveda	1	1	00	1909	1909	Ayurveda	system of science	vol032_tropicalagricul321909ceyl#1909-01#016
1279	ayurvedic	1	1	10	1913	1913	Ayurvedic	medical treatment system	vol040_lbg-630-5-tag-v-40#1913-06#033
1280	ayurvedic practitioners	1	1	30	1934	1934	Ayurvedic practitioners	purchasers of cloves	vol082_dli-ernet-229227#1934-03#008
1281	b. fanshawe and j. c. lawrie	1	1	00	1902	1902	Messrs. B. Fanshawe and J. C. Lawrie	owners, The Park Group	vol021_tropicalagricult2119ceyl#1902-03#089
1282	ba iro	1	1	00	1902	1902	Ba iro	people	vol021_tropicalagricult2119ceyl#1902-01#042
1283	ba-hima	1	1	00	1902	1902	Ba-hima	aristocracy	vol021_tropicalagricult2119ceyl#1902-01#042
1284	ba-ilundo	1	1	80	1884	1884	Ba-ilundo	tribe	vol003_tropicalagricult18831884colo#1884-04#040
1285	babajees	1	1	90	1896	1896	babajees	treat low caste men with a very high hand	vol016_tropicalagricult1618ceyl#1896-11#016
1286	baboo	1	1	90	1890	1890	Baboo	community, Calcutta	vol010_tropicalagricult1018ceyl#1890-10#049
1287	bachanners	1	1	80	1882	1882	Bachanners	inhabitants of Bachan	vol001_tropicalagricult1188ceyl#1882-01#094
1288	bachelors	1	1	90	1891	1891	Bachelors	group presenting the prize	vol010_tropicalagricult1018ceyl#1891-04#056
1289	backras	1	1	80	1885	1885	Backras	population	vol004_tropicalagricult18841885colo#1885-01#067
1290	badalo	1	1	00	1906	1906	Badalo	Goldsmiths	vol027_tropicalagricul271906ceyl#1906-09#020
1291	badde people	1	1	00	1908	1908	Badde people	cultivators and weavers	vol030_tropicalagricul301908ceyl#1908-05#083
1292	badega	1	1	90	1893	1893	Badega	hill coolies	vol013_tropicalagricult1318ceyl#1893-08#050
1293	badegas	1	1	90	1895	1895	Badegas	local labour group, descendants of Kanarese colonists	vol015_tropicalagricult1518ceyl#1895-11#039
1294	badges	1	1	90	1894	1894	Badges		vol013_tropicalagricult1318ceyl#1894-02#043
1295	bagas	1	1	10	1914	1914	Bagas	exploit oil palms	vol043_lbg-tropicalagricultvol-xliii0000unse-c5y3#1914-07#045
1296	bagos	1	1	00	1909	1909	bagos	people in the hills	vol032_tropicalagricul321909ceyl#1909-06#039
1297	bagot, metcalfe, roberts	1	1	90	1898	1898	Messrs. Bagot, Metcalfe, Roberts	planters in Upper Dimbula and Dikoya	vol018_tropicalagricult1818ceyl#1898-11#032
1298	bagows	1	1	80	1883	1883	Bagows	native race	vol002_tropicalagricult18821883colo#1883-04#150
1299	bahama planters	1	1	90	1890	1890	Bahama planters	unlucky with weeds	vol009_tropicalagricult9188ceyl#1890-05#062
1300	bahamian	1	1	90	1890	1890	Bahamian	people of the Bahamas	vol009_tropicalagricult9188ceyl#1890-04#034
1301	bahra	1	1	80	1883	1883	Bahra	race associated with the name 'ti'n'	vol002_tropicalagricult18821883colo#1883-04#027
1302	baidis	1	1	80	1888	1888	baidis	indigenous doctors	vol008_tropicalagricult8188ceyl#1888-10#108
1303	bailey and worship	1	1	90	1893	1893	Messrs. Bailey and Worship	planting gentlemen	vol013_tropicalagricult1318ceyl#1893-12#092
1304	bailundos	1	1	00	1908	1908	Bailundos	people	vol031_tropicalagricul311908ceyl#1908-07#100
1305	bajan	1	1	80	1887	1887	Bajan	sea-gipsies	vol006_tropicalagricult18861887colo#1887-04#029
1306	bajau	1	1	80	1886	1886	Bajau	people	vol006_tropicalagricult18861887colo#1886-07#010
1307	bajow	1	1	80	1887	1887	Bajow	village inhabitants	vol006_tropicalagricult18861887colo#1887-06#002
1308	bajus	1	1	80	1881	1881	Bajus	natives	vol001_tropicalagricult1188ceyl#1881-12#100
1309	bakala	1	1	90	1898	1898	Bakala	natives	vol018_tropicalagricult1818ceyl#1898-08#016
1310	bakarwans	1	1	40	1940	1940	Bakarwans	herdsmen for sheep and goats	vol095_iss01_tropical-agriculturist-1940-07-95-1#1940-07#007
1311	baker and hall	1	1	80	1889	1889	Messrs. Baker and Hall	claimants	vol008_tropicalagricult8188ceyl#1889-02#002
1312	bakk	1	1	90	1898	1898	Bakk		vol018_tropicalagricult1818ceyl#1898-07#103
1313	bakongo	1	1	90	1897	1897	Bakongo	native porters	vol017_tropicalagricult1718ceyl#1897-11#025
1314	baldensperger family	1	1	00	1900	1900	Baldenspergen	family that developed the bee industry	vol020_tropicalagricult2019ceyl#1900-11#019
1315	balgeers	1	1	80	1889	1889	balgeers	horse drivers	vol009_tropicalagricult9188ceyl#1889-07#122
1316	balinese	1	1	30	1931	1931	Balinese	people	vol076_dli-ernet-229225#1931-04#014
1317	baltic countries	1	1	20	1928	1928	Baltic countries	countries that took in hand definition of standard grades fo	vol070_dli-ernet-229220#1928-11#011
1318	baluchis	1	1	00	1900	1900	Baluchis	people on the border	vol020_tropicalagricult2019ceyl#1900-09#083
1319	bamas	1	1	00	1906	1906	Bamas	bankers	vol027_tropicalagricul271906ceyl#1906-10#014
1320	bamber and carruthers	1	1	00	1909	1909	Messrs. Bamber and Carruthers		vol032_tropicalagricul321909ceyl#1909-03#001
1321	bamber and green	1	1	00	1906	1906	Messrs. Bamber and Green	Developers of oil method	vol027_tropicalagricul271906ceyl#1906-10#004
1322	bamber and lock	1	1	10	1911	1911	Messrs Bamber and Lock	conducted experiments	vol037_tropicalagricul371911ceyl#1911-08#048
1323	bandanese	1	1	00	1900	1900	Bandanese	inhabitants of Banda	vol019_tropicalagricult1918ceyl#1900-01#073
1324	bandathis	1	1	00	1900	1900	Bandathis	Local tribe of miners	vol019_tropicalagricult1918ceyl#1900-04#009
1325	bandjanese	1	1	00	1903	1903	Bandjanese		vol023_tropicalagricult2319ceyl#1903-12#041
1326	bandjirmassins	1	1	80	1884	1884	Bandjirmassins	group associated with gutta-percha	vol004_tropicalagricult18841885colo#1884-08#091
1327	bangalee	1	1	80	1887	1887	Bangalee	script/language	vol007_tropicalagricult7188ceyl#1887-12#009
1328	bangerese	1	1	80	1888	1888	Bangerese	labourers with greater immunity	vol008_tropicalagricult8188ceyl#1888-11#046
1329	banians	1	1	90	1894	1894	Banians	settlers	vol013_tropicalagricult1318ceyl#1894-05#065
1330	banias	1	1	10	1917	1917	banias	moneylenders	vol049_iss05_tropical-agriculturist-1917-11-49-5#1917-11#010
1331	banjar	1	1	90	1894	1894	Banjar	immigrants	vol013_tropicalagricult1318ceyl#1894-03#092
1332	banjar malays	1	1	90	1896	1896	Banjar Malays	coolies	vol015_tropicalagricult1518ceyl#1896-04#058
1333	banjaras	1	1	10	1912	1912	Banjaras	transporters	vol038_tropicalagricul381912ceyl#1912-04#007
1334	banjer	1	1	90	1890	1890	Banjer	Malays coming into the district	vol009_tropicalagricult9188ceyl#1890-05#126
1335	banjerece	1	1	90	1896	1896	Banjerece	ethnic group	vol015_tropicalagricult1518ceyl#1896-04#037
1336	banjerese	1	1	00	1909	1909	Banjerese	coolies on the island	vol033_tropicalagricul331909ceyl#1909-12#083
1337	banjereze	1	1	90	1897	1897	Banjereze	labourers	vol016_tropicalagricult1618ceyl#1897-05#024
1338	bantamese	1	1	00	1903	1903	Bantamese		vol022_tropicalagricult2219ceyl#1903-02#077
1339	bantu tribes	1	1	00	1900	1900	Bant tribes	population classes	vol020_tropicalagricult2019ceyl#1900-10#119
1340	banyan	1	1	90	1892	1892	Banyan	caste, merchants	vol012_tropicalagricult1218ceyl#1892-08#110
1341	banyans	1	1	00	1901	1901	Banyans	traders	vol021_tropicalagricult2119ceyl#1901-11#036
1342	baragurs	1	1	10	1913	1913	Baragurs	community	vol041_lbg-vol-xli-tropicalagricult0000dewi-t3r5#1913-07#052
1343	baranese	1	1	00	1902	1902	Baranese	sub-division of Javanese race	vol021_tropicalagricult2119ceyl#1902-02#013
1344	barbadian	1	1	90	1890	1890	Barbadian	labourer described as too delicate	vol010_tropicalagricult1018ceyl#1890-10#058
1345	barber, martin and gibbon	1	1	90	1893	1893	Meers. Barber, Martin and Gibbon	correspondents	vol012_tropicalagricult1218ceyl#1893-03#055
1346	barkaley	1	1	90	1890	1890	Messrs. Barkaley	owners of tea-gardens	vol009_tropicalagricult9188ceyl#1890-03#108
1347	barlines	1	1	80	1882	1882	Barlines	interior tribe	vol002_tropicalagricult18821883colo#1882-10#098
1348	barotse	1	1	00	1903	1903	Barotse		vol023_tropicalagricult2319ceyl#1903-07#038
1349	barry, hodgson and skrine	1	1	80	1887	1887	Barry, Hodgson and Skrine		vol007_tropicalagricult7188ceyl#1887-12#001
1350	bartholomeuz family	1	1	80	1883	1883	Bartholomeuz		vol002_tropicalagricult18821883colo#1883-01#089
1351	barton	1	1	80	1886	1886	Messrs. Barton	owners of Chateau Langeac	vol005_tropicalagricult18851886colo#1886-01#073
1352	basque	1	1	80	1887	1887	Basque		vol007_tropicalagricult7188ceyl#1887-11#026
1353	bassa	1	1	80	1885	1885	Bassa	dialect group	vol005_tropicalagricult18851886colo#1885-12#029
1354	basuto	1	1	80	1883	1883	Basuto	native labourers	vol002_tropicalagricult18821883colo#1883-01#161
1355	basutos	1	1	00	1902	1902	Basutos		vol022_tropicalagricult2219ceyl#1902-08#181
1356	bataks	1	1	80	1882	1882	Bataks	coolies	vol002_tropicalagricult18821883colo#1882-09#071
1357	bataninis	1	1	90	1890	1890	Bataninis	pirates	vol010_tropicalagricult1018ceyl#1890-11#099
1358	batavian	1	1	90	1898	1898	Batavian	origin of quinine	vol017_tropicalagricult1718ceyl#1898-04#090
1359	batoks	1	1	00	1908	1908	Batoks		vol031_tropicalagricul311908ceyl#1908-08#121
1360	battacks	1	1	80	1888	1888	Battacks	inhabitants of the inland country	vol008_tropicalagricult8188ceyl#1888-08#123
1361	batticaloa coolies	1	1	10	1919	1919	Batticaloa coolies	labourers	vol053_iss03_tropical-agriculturist-1919-09-53-3#1919-09#004
1362	batticaloa muslims	1	1	30	1930	1930	Batticaloa Muslims		vol074_dli-ernet-229223#1930-12#006
1363	batticaloa planters	1	1	00	1904	1904	Batticaloa Planters	group starting agitation	vol023_tropicalagricult2319ceyl#1904-03#111
1364	bavarian	1	1	80	1886	1886	Bavarian	nationality/region	vol005_tropicalagricult18851886colo#1886-05#074
1365	baweanese	1	1	90	1895	1895	Baweanese	language spoken	vol014_tropicalagricult1418ceyl#1895-05#101
1366	baz and perdreau	1	1	80	1889	1889	Messieurs Baz and Perdreau	funders of Digard's machine	vol009_tropicalagricult9188ceyl#1889-09#002
1367	bazaar population	1	1	00	1903	1903	Bazaar	population	vol023_tropicalagricult2319ceyl#1903-10#022
1368	bedawin	1	1	80	1887	1887	Bedawin	people of Arabia Petraea and the Arabah Valley	vol006_tropicalagricult18861887colo#1887-06#006
1369	bedouin	1	1	80	1883	1883	Bedouin	tribes	vol003_tropicalagricult18831884colo#1883-07#094
1370	bedouin arabs	1	1	80	1886	1886	Bedouin Arabs	load their camels with Esparto-grass	vol006_tropicalagricult18861887colo#1886-11#103
1371	beduins	1	1	00	1900	1900	Beduins	group stealing hives	vol020_tropicalagricult2019ceyl#1900-11#019
1372	bee	1	1	00	1902	1902	bee	bred on the estate	vol022_tropicalagricult2219ceyl#1902-12#051
1373	beharis	1	1	80	1889	1889	Beharis	potential settlers	vol009_tropicalagricult9188ceyl#1889-08#044
1374	belgian capitalists	1	1	00	1908	1908	Belgian capitalists	applied for a concession	vol031_tropicalagricul311908ceyl#1908-08#133
1375	belgian concessionaires	1	1	00	1903	1903	Belgian concessionaires	created the Antwerp rubber market	vol023_tropicalagricult2319ceyl#1903-08#092
1376	belgian financiers	1	1	00	1908	1908	Belgian financiers	offer to halve the profits	vol031_tropicalagricul311908ceyl#1908-08#133
1377	belgian officials	1	1	00	1902	1902	Belgian officials	officials	vol021_tropicalagricult2119ceyl#1902-01#042
1378	belooch	1	1	80	1883	1883	Belooch	fishermen	vol003_tropicalagricult18831884colo#1883-07#094
1379	beluchis	1	1	80	1883	1883	Beluchis		vol002_tropicalagricult18821883colo#1883-05#120
1380	bengal coolies	1	1	80	1885	1885	Bengal coolies	laborers	vol004_tropicalagricult18841885colo#1885-06#136
1381	bengal forest officers	1	1	80	1887	1887	Bengal Forest Officers	forestry officers in India	vol006_tropicalagricult18861887colo#1887-05#007
1382	bengal natives	1	1	90	1898	1898	Bengal natives		vol017_tropicalagricult1718ceyl#1898-04#040
1383	bengalee coolies	1	1	80	1885	1885	Bengalee coolies	laborers to be imported	vol004_tropicalagricult18841885colo#1885-05#093
1384	bengali babus	1	1	00	1903	1903	Bengali babus	owners of a tea garden	vol022_tropicalagricult2219ceyl#1903-06#036
1385	bengali coolies	1	1	90	1897	1897	Bengali coolies		vol017_tropicalagricult1718ceyl#1897-08#094
1386	bengali traders	1	1	20	1928	1928	Bengali traders		vol071_tropical-agriculturist-1928-10-71#1928-10#002
1387	benighted	1	1	80	1881	1881	Benighted	Presidency	vol001_tropicalagricult1188ceyl#1881-07#026
1388	benjamin	1	1	10	1914	1914	Benjamin	Biblical tribe	vol042_lbg-630-5-tag-v-42#1914-03#061
1389	bepari	1	1	90	1899	1899	Bepari	traders	vol018_tropicalagricult1818ceyl#1899-05#002
1390	berawayo	1	1	00	1906	1906	Berawayo	Tom-tom-beaters	vol027_tropicalagricul271906ceyl#1906-09#020
1391	berawayā	1	1	90	1890	1890	Berawayā	caste	vol010_tropicalagricult1018ceyl#1890-09#151
1392	berberee	1	1	00	1902	1902	Berberee	date tree owners	vol021_tropicalagricult2119ceyl#1902-05#007
1393	beris	1	1	00	1909	1909	Beris	buyers	vol033_tropicalagricul331909ceyl#1909-07#017
1394	berkeley and broom	1	1	80	1889	1889	Messrs. Berkeley and Broom		vol008_tropicalagricult8188ceyl#1889-05#059
1395	berkeley and broome	1	1	90	1894	1894	Messrs. Berkeley and Broome		vol014_tropicalagricult1418ceyl#1894-08#001
1396	berkeley family	1	1	80	1883	1883	Berkeley family	estate owners	vol002_tropicalagricult18821883colo#1883-05#108
1397	berkeley, broome, thwaites, abbay and morris	1	1	80	1882	1882	Messrs. Berkeley, Broome, Thwaites, Abbay and Morris	researchers	vol002_tropicalagricult18821883colo#1882-07#006
1398	besayah	1	1	80	1887	1887	Besayah	tribe	vol006_tropicalagricult18861887colo#1887-06#121
1399	bessarabian	1	1	80	1886	1886	Bessarabian		vol006_tropicalagricult18861887colo#1886-07#085
1400	bezanozano	1	1	90	1890	1890	Bezanozano	tribe inhabiting the valley	vol010_tropicalagricult1018ceyl#1890-12#089
1401	bhadr-log	1	1	10	1912	1912	bhadr-log	class in Bengal whose tradition is against manual labour	vol038_tropicalagricul381912ceyl#1912-05#027
1402	bhadralok	1	1	20	1921	1921	bhadralok	term for educated class	vol047_lbg-630-5-tag-v-47#1921-07#009
1403	bhandari	1	1	90	1896	1896	Bhandari	liquor-shops supplier	vol016_tropicalagricult1618ceyl#1896-11#140
1404	bhars	1	1	10	1914	1914	Bhars	tribe locally noted for its criminal propensities	vol042_lbg-630-5-tag-v-42#1914-06#030
1405	bhattia	1	1	90	1892	1892	Bhattia	caste	vol012_tropicalagricult1218ceyl#1892-08#110
1406	bhattias	1	1	80	1882	1882	Bhattias	community	vol001_tropicalagricult1188ceyl#1882-03#063
1407	bheel estates	1	1	00	1909	1909	Bheel Estates	producers of low grade tea	vol032_tropicalagricul321909ceyl#1909-03#051
1408	bhikshu	1	1	90	1899	1899	Bhikshu	Buddhist monks	vol018_tropicalagricult1818ceyl#1899-06#154
1409	bhootea	1	1	80	1887	1887	Bhootea	community	vol007_tropicalagricult7188ceyl#1887-10#092
1410	bhooteas	1	1	80	1889	1889	Bhooteas	people carrying bamboo beer	vol008_tropicalagricult8188ceyl#1889-02#151
1411	bhootia	1	1	80	1882	1882	Bhootia	porters	vol001_tropicalagricult1188ceyl#1882-01#015
1412	bhotans	1	1	90	1890	1890	Bhotans	tribe	vol010_tropicalagricult1018ceyl#1890-09#134
1413	bhoteas	1	1	80	1886	1886	Bhoteas	trade partner	vol005_tropicalagricult18851886colo#1886-05#175
1414	bhotia	1	1	80	1888	1888	Bhotia	collector	vol007_tropicalagricult7188ceyl#1888-06#040
1415	bhotian	1	1	00	1902	1902	Bhotian	traders	vol021_tropicalagricult2119ceyl#1902-01#017
1416	bhuntas	1	1	90	1891	1891	Bhuntas	coolies	vol011_tropicalagricult1118ceyl#1891-09#040
1417	bhuteas	1	1	80	1888	1888	Bhuteas	women on Darjiling tea estates	vol007_tropicalagricult7188ceyl#1888-06#075
1418	bhutia	1	1	80	1887	1887	Bhutia	traders, encampment at Dewangiri	vol006_tropicalagricult18861887colo#1887-05#025
1419	bhutials	1	1	90	1894	1894	Bhutials		vol013_tropicalagricult1318ceyl#1894-02#071
1420	bhuties	1	1	90	1893	1893	Bhuties	consumers of brick tea	vol012_tropicalagricult1218ceyl#1893-04#034
1421	bicolana	1	1	20	1921	1921	Bicolana	dialect	vol047_lbg-630-5-tag-v-47#1921-07#008
1422	bierach and cockburn	1	1	90	1895	1895	Messrs. Bierach and Cockburn	proposals for representation	vol014_tropicalagricult1418ceyl#1895-04#086
1423	big-indians	1	1	80	1889	1889	Big-Indians	group in Swat	vol008_tropicalagricult8188ceyl#1889-01#077
1424	bihanos	1	1	00	1908	1908	Bihanos	people	vol031_tropicalagricul311908ceyl#1908-07#100
1425	bill	1	1	90	1890	1890	Bill	labourer liable to sickness	vol010_tropicalagricult1018ceyl#1890-10#058
1426	bimetallists	1	1	90	1893	1893	Bimetallists	advocates for bimetallism	vol012_tropicalagricult1218ceyl#1893-06#118
1427	bims	1	1	90	1895	1895	Bims	term for Barbadians	vol015_tropicalagricult1518ceyl#1895-10#163
1428	bini	1	1	00	1901	1901	Bini	native people	vol020_tropicalagricult2019ceyl#1901-04#075
1429	binis	1	1	80	1884	1884	Binis		vol003_tropicalagricult18831884colo#1884-03#084
1430	binisaya	1	1	00	1904	1904	Binasaaya	dialect	vol023_tropicalagricult2319ceyl#1904-01#007
1431	bionian manufacturers	1	1	80	1885	1885	bionian manufacturers	manufacturers of cacao products	vol005_tropicalagricult18851886colo#1885-12#121
1432	biscayan	1	1	80	1881	1881	Biscayan	fishermen	vol001_tropicalagricult1188ceyl#1881-10#108
1433	bishops of london	1	1	90	1891	1891	Bishops of London	licensed clergy	vol010_tropicalagricult1018ceyl#1891-05#064
1434	bismarckian	1	1	80	1881	1881	Bismarckian	referring to German tariff tactics	vol001_tropicalagricult1188ceyl#1881-12#081
1435	black boys	1	1	90	1899	1899	black boys	labor imported from the Solomon Islands	vol018_tropicalagricult1818ceyl#1899-04#011
1436	black flags	1	1	90	1894	1894	Black Flags	pirates	vol014_tropicalagricult1418ceyl#1894-08#012
1437	black labour	1	1	00	1909	1909	black labour	labour force	vol032_tropicalagricul321909ceyl#1909-05#010
1438	blackett family	1	1	90	1895	1895	Blackett	proprietors	vol014_tropicalagricult1418ceyl#1895-03#014
1439	blackett, drummond and others	1	1	80	1885	1885	Messrs. Blackett, Drummond and others	planters	vol005_tropicalagricult18851886colo#1885-07#131
1440	blackfellows	1	1	90	1890	1890	blackfellowa		vol010_tropicalagricult1018ceyl#1890-10#084
1441	blacks of the interior	1	1	80	1886	1886	blacks of the interior	consumers of Poma	vol005_tropicalagricult18851886colo#1886-04#127
1442	blenders	1	1	10	1911	1911	Blenders	tea blenders	vol037_tropicalagricul371911ceyl#1911-07#048
1443	bodagus	1	1	00	1901	1901	Bodagus	hill tribe	vol020_tropicalagricult2019ceyl#1901-02#042
1444	bods	1	1	90	1890	1890	Bods	customers for compressed tea	vol010_tropicalagricult1018ceyl#1890-10#060
1445	body guard of his highness the maharaja	1	1	10	1915	1915	Body Guard of His HIGHNESS THE MAHARAJA	group forming a society	vol044_lbg-tropicalagricultvol-xliv0000unse-e6v7#1915-01#026
1446	boedjangs	1	1	80	1884	1884	boedjangs	native staff	vol004_tropicalagricult18841885colo#1884-08#095
1447	boedjongs	1	1	80	1888	1888	boedjongs	native staff	vol008_tropicalagricult8188ceyl#1888-07#069
1448	boer colony	1	1	00	1904	1904	Boer Colony	at Diyalawa	vol023_tropicalagricult2319ceyl#1904-03#071
1449	boer prisoners	1	1	00	1902	1902	Boer prisoners	arriving in Antigua	vol022_tropicalagricult2219ceyl#1902-10#003
1450	boer prisoners of war	1	1	00	1902	1902	Boer prisoners of war	Confined in camp at Diyatalawa	vol022_tropicalagricult2219ceyl#1902-09#043
1451	boer prisoners-of-war	1	1	00	1903	1903	Boer Prisoners-of-War		vol022_tropicalagricult2219ceyl#1903-02#079
1452	bohoras	1	1	80	1886	1886	Bohoras	users of checked silks	vol005_tropicalagricult18851886colo#1886-04#078
1453	boi	1	1	80	1889	1889	Boi	caste of Behar	vol009_tropicalagricult9188ceyl#1889-08#030
1454	bokharan dealers	1	1	90	1897	1897	Bokharan dealers	traders	vol017_tropicalagricult1718ceyl#1897-12#099
1455	bolra	1	1	90	1892	1892	Bolra	sect	vol012_tropicalagricult1218ceyl#1892-08#110
1456	bonaparte family	1	1	10	1911	1911	Bonaparte's		vol037_tropicalagricul371911ceyl#1911-07#056
1457	bonzes	1	1	80	1885	1885	bonzes	Buddhist monks	vol004_tropicalagricult18841885colo#1885-04#095
1458	bootes	1	1	80	1883	1883	Bootes	labourers	vol003_tropicalagricult18831884colo#1883-10#031
1459	bootias	1	1	00	1901	1901	Bootias		vol020_tropicalagricult2019ceyl#1901-03#055
1460	borneans	1	1	80	1889	1889	Borneans	labourers	vol009_tropicalagricult9188ceyl#1889-07#017
1461	borneos	1	1	80	1884	1884	Borneos	group associated with gutta-percha	vol004_tropicalagricult18841885colo#1884-08#091
1462	borrageiro	1	1	00	1908	1908	Borrageiro	rubber collector	vol030_tropicalagricul301908ceyl#1908-03#002
1463	bosanquet	1	1	90	1894	1894	Bosanquets	family in Ceylon	vol014_tropicalagricult1418ceyl#1894-11#096
1464	bosanquet and walker	1	1	80	1883	1883	Messrs. Bosanquet and Walker		vol003_tropicalagricult18831884colo#1883-08#097
1465	bosnians	1	1	80	1889	1889	Bosnians		vol008_tropicalagricult8188ceyl#1889-06#139
1466	bostoners	1	1	80	1882	1882	Bostoners		vol002_tropicalagricult18821883colo#1882-09#111
1467	boudewyn family	1	1	80	1883	1883	Boudewyn		vol002_tropicalagricult18821883colo#1883-01#089
1468	boulak arabs	1	1	80	1884	1884	Boulak Arabs	paper-makers	vol003_tropicalagricult18831884colo#1884-03#096
1469	bourbon kings	1	1	90	1891	1891	Bourbon kings	historical reference	vol010_tropicalagricult1018ceyl#1891-05#085
1470	bourbons	1	1	90	1896	1896	Bourbons		vol016_tropicalagricult1618ceyl#1896-10#053
1471	bourke	1	1	00	1902	1902	Bourke	surname	vol021_tropicalagricult2119ceyl#1902-01#018
1472	boyans	1	1	90	1892	1892	Boyans	Labourers, nut gatherers	vol011_tropicalagricult1118ceyl#1892-01#043
1473	boyds	1	1	90	1898	1898	Boyds	planters	vol018_tropicalagricult1818ceyl#1898-12#094
1474	brahmans	1	1	10	1914	1914	brahmans	privileged class	vol043_lbg-tropicalagricultvol-xliii0000unse-c5y3#1914-12#033
1475	brahmini	1	1	00	1903	1903	Brahmini	caste	vol023_tropicalagricult2319ceyl#1903-07#032
1476	brahminical	1	1	90	1892	1892	Brahminical	customs followed	vol011_tropicalagricult1118ceyl#1892-02#055
1477	brasilians	1	1	10	1918	1918	Brasilians		vol050_dli-ernet-21168#1918-02#022
1478	brass	1	1	90	1896	1896	Brass natives		vol015_tropicalagricult1518ceyl#1896-01#107
1479	brazilian agriculturists	1	1	00	1902	1902	Brazilian agriculturists	advised to adopt multiculture	vol021_tropicalagricult2119ceyl#1902-04#049
1480	brazilian colony	1	1	80	1882	1882	Brazilian colony	in Paris	vol002_tropicalagricult18821883colo#1882-07#046
1481	brazilian indians	1	1	90	1892	1892	Brazilian Indian		vol011_tropicalagricult1118ceyl#1892-02#022
1482	brazilian merchants	1	1	80	1883	1883	Brazilian merchants	promoting Brazilian coffee	vol002_tropicalagricult18821883colo#1883-04#011
1483	brazilian negroes	1	1	90	1895	1895	Brazilian negroes		vol015_tropicalagricult1518ceyl#1895-10#130
1484	brazilian producers	1	1	80	1889	1889	Brazilian producers		vol008_tropicalagricult8188ceyl#1889-04#072
1485	brazilian residents in paris	1	1	80	1883	1883	Brazilian residents in Paris	invited to attend exhibition	vol002_tropicalagricult18821883colo#1883-04#011
1486	brazilian seringueiros	1	1	10	1910	1910	Brazilian seringueiros	rubber tappers	vol035_tropicalagricul351910ceyl#1910-07#069
1487	brendiari	1	1	90	1890	1890	Brendiari	tribe of labourers	vol010_tropicalagricult1018ceyl#1890-07#088
1488	brians	1	1	80	1884	1884	Brians	Indian group using asafetida	vol004_tropicalagricult18841885colo#1884-11#029
1489	britanni	1	1	80	1883	1883	Britanni	name for Europeans	vol003_tropicalagricult18831884colo#1883-12#084
1490	british (local)	1	1	30	1931	1931	British : Local	producers	vol076_dli-ernet-229225#1931-03#006
1491	british (u.k.)	1	1	30	1931	1931	British : U.K.	producers	vol076_dli-ernet-229225#1931-03#006
1492	british agriculture	1	1	10	1912	1912	British agriculture	sector	vol038_tropicalagricul381912ceyl#1912-02#025
1493	british and american consuls	1	1	80	1885	1885	BRITISH AND AMERICAN CONSULS	source of reports	vol004_tropicalagricult18841885colo#1885-02#086
1494	british and american tobacco manufacturing industries	1	1	20	1923	1923	British and American tobacco manufacturing industries	industry representatives visiting Ceylon	vol060_lbg-tropicalagricultvol-lx-1923-0000unse-n0c4#1923-04#001
1495	british and foreign governments	1	1	10	1914	1914	British and Foreign Governments	exhibiting	vol042_lbg-630-5-tag-v-42#1914-03#008
1496	british and irish farmers	1	1	90	1891	1891	British and Irish farmers	holders of live stock	vol010_tropicalagricult1018ceyl#1891-02#057
1497	british and russian tea merchants	1	1	90	1897	1897	British and Russian Tea merchants	encouraging China tea trade	vol016_tropicalagricult1618ceyl#1897-01#066
1498	british burmese	1	1	80	1887	1887	British Burmese		vol007_tropicalagricult7188ceyl#1887-12#127
1499	british capital	1	1	00	1908	1908	British capital	investors	vol031_tropicalagricul311908ceyl#1908-07#077
1500	british colonial coffee planters	1	1	90	1895	1895	British colonial coffee planters	planters	vol015_tropicalagricult1518ceyl#1895-12#001
1501	british colonial governments	1	1	90	1899	1899	British Colonial Governments	criticised for backwardness in recognising importance of sci	vol019_tropicalagricult1918ceyl#1899-10#027
1502	british colonists	1	1	90	1898	1898	British Colonists		vol017_tropicalagricult1718ceyl#1898-06#011
1503	british companies	1	1	90	1894	1894	British companies	tobacco investors	vol014_tropicalagricult1418ceyl#1894-07#050
1504	british concession	1	1	90	1895	1895	British Concession	cricket team	vol014_tropicalagricult1418ceyl#1895-01#098
1505	british consumer	1	1	90	1894	1894	The British consumer		vol013_tropicalagricult1318ceyl#1894-01#056
1506	british countries	1	1	90	1897	1897	British countries	import/export partners	vol017_tropicalagricult1718ceyl#1897-11#012
1507	british engineers	1	1	90	1893	1893	British engineers	repaired tanks	vol012_tropicalagricult1218ceyl#1893-02#025
1508	british field naturalist societies	1	1	10	1913	1913	British field naturalist societies		vol040_lbg-630-5-tag-v-40#1913-01#034
1509	british firms	1	1	80	1884	1884	British firms	handlers of export trade	vol004_tropicalagricult18841885colo#1884-09#060
1510	british nation	1	1	90	1893	1893	British Nation		vol012_tropicalagricult1218ceyl#1893-03#002
1511	british nobility	1	1	90	1898	1898	British nobility		vol017_tropicalagricult1718ceyl#1898-06#076
1512	british possessions	1	1	00	1908	1908	British Possessions	colonies	vol031_tropicalagricul311908ceyl#1908-12#086
1513	british protectorates and dependencies	1	1	00	1908	1908	British Protectorates and Dependencies	source of raw rubber export	vol030_tropicalagricul301908ceyl#1908-04#052
1514	british royalty	1	1	90	1891	1891	British royalty		vol010_tropicalagricult1018ceyl#1891-02#043
1515	british ships	1	1	90	1898	1898	British bottoms	vessels transporting trade	vol017_tropicalagricult1718ceyl#1898-05#016
1516	british sugar machinery manufacturers	1	1	20	1924	1924	British Sugar Machinery Manufacturers	contributing plant to the factory	vol062_lbg-630-5-tag-v-62#1924-01#031
1517	british taxpayer	1	1	80	1888	1888	British taxpayer		vol007_tropicalagricult7188ceyl#1888-03#031
1518	british tea planters	1	1	90	1898	1898	British tea planters	have wide parliamentary influence	vol018_tropicalagricult1818ceyl#1898-12#041
1519	british troops	1	1	00	1901	1901	British troops	consumers of cocoa	vol021_tropicalagricult2119ceyl#1901-08#003
1520	british west african colonies	1	1	30	1930	1930	British West African Colonies	colonies advised to cooperate	vol074_dli-ernet-229223#1930-04#013
1521	british west indian colonies	1	1	00	1900	1900	British West Indian colonies	colonies	vol020_tropicalagricult2019ceyl#1900-10#055
1522	british-indian	1	1	90	1892	1892	British-Indian		vol012_tropicalagricult1218ceyl#1892-10#023
1523	british-indians	1	1	90	1892	1892	British-Indians	population group	vol012_tropicalagricult1218ceyl#1892-08#110
1524	britisher	1	1	90	1898	1898	Britisher		vol017_tropicalagricult1718ceyl#1898-02#076
1525	brokers in the lane	1	1	90	1898	1898	brokers in the Lane	agents for the sale of tea	vol018_tropicalagricult1818ceyl#1898-08#058
1526	bros. whitham	1	1	90	1897	1897	Bros. Whitham	former owners of Havilland	vol016_tropicalagricult1618ceyl#1897-06#020
1527	brothers barkaley	1	1	90	1890	1890	Brothers Barkaley	tea cultivators	vol009_tropicalagricult9188ceyl#1890-03#108
1528	brothers hippesley	1	1	90	1897	1897	Brothers Hippesley	owners of Stow Easton	vol016_tropicalagricult1618ceyl#1897-06#020
1529	brown and hutson	1	1	90	1892	1892	Messrs. Brown and Hutson	defendants	vol011_tropicalagricult1118ceyl#1892-03#077
1530	brunei	1	1	90	1895	1895	Brunei	extraction of the majority of the population	vol015_tropicalagricult1518ceyl#1895-07#126
1531	brunei malays	1	1	80	1889	1889	Brunei Malays	settled in Labuan	vol008_tropicalagricult8188ceyl#1889-04#104
1532	brunei tribes	1	1	80	1887	1887	Brunei tribes		vol006_tropicalagricult18861887colo#1887-06#121
1533	brunel	1	1	80	1886	1886	Brunel	people	vol006_tropicalagricult18861887colo#1886-07#010
1534	buchanan	1	1	00	1903	1903	Buchanan	origin of Sandy Gray	vol023_tropicalagricult2319ceyl#1903-11#002
1535	buchanan and muir	1	1	90	1892	1892	Messrs. Buchanan and Muir	shareholders	vol011_tropicalagricult1118ceyl#1892-01#060
1536	buchanan, rutherford, talbot and others	1	1	90	1898	1898	Buchanan, Rutherford, Talbot and others	shareholders	vol018_tropicalagricult1818ceyl#1898-07#036
1537	buchanans	1	1	90	1893	1893	Buchanans	settled colonists	vol012_tropicalagricult1218ceyl#1893-03#111
1538	buckra's	1	1	80	1885	1885	buckra's	white people	vol005_tropicalagricult18851886colo#1885-08#074
1539	budagas	1	1	10	1910	1910	Budagas	community	vol035_tropicalagricul351910ceyl#1910-08#053
1540	buddhas	1	1	00	1902	1902	Buddhas	religious figures	vol021_tropicalagricult2119ceyl#1902-05#026
1541	buddhist community	1	1	90	1891	1891	Buddhist community	religious group	vol010_tropicalagricult1018ceyl#1891-02#089
1542	buddhist priesthood	1	1	80	1886	1886	Buddhist priesthood	users of dyed robes	vol006_tropicalagricult18861887colo#1886-10#011
1543	buffaloes	1	1	30	1930	1930	buffaloes	penned by competitors	vol075_tropical-agriculturist-1930-08-75#1930-08#016
1544	bulgarians	1	1	90	1899	1899	Bulgarians	nationality	vol018_tropicalagricult1818ceyl#1899-02#059
1545	buli	1	1	90	1898	1898	Bulis	native chiefs	vol017_tropicalagricult1718ceyl#1898-01#044
1546	bulis	1	1	00	1909	1909	Bulis	native officials	vol033_tropicalagricul331909ceyl#1909-08#075
1547	bull, williams, veitch, and others	1	1	80	1881	1881	Messrs. Bull, Williams, Veitch, and others	nurseries furnishing specimens	vol001_tropicalagricult1188ceyl#1881-09#088
1548	bullis	1	1	80	1888	1888	Bullis	native chiefs	vol007_tropicalagricult7188ceyl#1888-04#031
1549	bundaries	1	1	80	1887	1887	Bundaries	men who collect toddy	vol006_tropicalagricult18861887colo#1887-03#011
1550	bunias	1	1	10	1912	1912	Bunias	community in Zanzibar	vol038_tropicalagricul381912ceyl#1912-06#059
1551	buno	1	1	80	1886	1886	Buno	low-caste-dwellers of the forest	vol006_tropicalagricult18861887colo#1886-09#038
1552	buntras	1	1	90	1890	1890	Buntras	caste of labourers	vol010_tropicalagricult1018ceyl#1890-07#088
1553	burglars	1	1	00	1902	1902	Burglars		vol022_tropicalagricult2219ceyl#1902-12#073
1554	burma chinese	1	1	80	1887	1887	Burma Chinese	consumers of eggs	vol007_tropicalagricult7188ceyl#1887-09#108
1555	burns family	1	1	80	1887	1887	Burns family	settlers massacred in 1873	vol006_tropicalagricult18861887colo#1887-03#012
1556	buyers	1	1	90	1899	1899	Buyers	party in tea dispute	vol019_tropicalagricult1918ceyl#1899-12#107
1557	byrdes	1	1	80	1883	1883	Byrdes	owners	vol002_tropicalagricult18821883colo#1883-03#085
1558	c. h. wood and barrett	1	1	80	1883	1883	Messrs. C. H. Wood and Barrett	chemists	vol002_tropicalagricult18821883colo#1883-05#112
1559	c. i. v.'s	1	1	10	1912	1912	C. I. V.'s	soldiers	vol039_tropicalagricul391912ceyl#1912-11#075
1560	c. tottenham and g. a. crüwell	1	1	90	1897	1897	Messrs. C. Tottenham and G. A. Crüwell	Supporters of Railway Extension	vol017_tropicalagricult1718ceyl#1897-08#001
1561	cabales	1	1	80	1885	1885	Cabales	laborers	vol004_tropicalagricult18841885colo#1885-03#112
1562	cabo-verdean	1	1	00	1909	1909	Cabo-Verdean	nationality	vol033_tropicalagricul331909ceyl#1909-11#057
1563	caboclo	1	1	80	1883	1883	Caboclo	aboriginal race	vol003_tropicalagricult18831884colo#1883-09#057
1564	caboclos	1	1	10	1912	1912	Caboclos	settlements on the banks of Lake Januari	vol039_tropicalagricul391912ceyl#1912-11#067
1565	cabocolo	1	1	90	1892	1892	Cabocolo	mixture between Brazilian Indian and white	vol011_tropicalagricult1118ceyl#1892-02#022
1566	cacaguero	1	1	80	1883	1883	cacaguero	cacao growers	vol002_tropicalagricult18821883colo#1883-01#006
1567	cacagueros	1	1	90	1890	1890	Cacagueros	cacao planters	vol009_tropicalagricult9188ceyl#1890-01#046
1568	cacao-growers	1	1	90	1893	1893	CACAO-GROWERS	community of growers	vol012_tropicalagricult1218ceyl#1893-06#009
1569	cacerilleros	1	1	40	1943	1943	Cacerilleros		vol099_iss02_tropical-agriculturist-april-june-1943-99-2#1943-04/06#013
1570	cachar-lushai force	1	1	90	1890	1890	Cachar-Lushai force	military force	vol009_tropicalagricult9188ceyl#1890-04#107
1571	cacharees	1	1	90	1898	1898	Cacharees	labourers	vol018_tropicalagricult1818ceyl#1898-09#140
1572	cachari	1	1	90	1892	1892	Oacharies	people of Cachar	vol012_tropicalagricult1218ceyl#1892-09#022
1573	cacharis	1	1	80	1883	1883	Cacharris	local labourers in Assam	vol003_tropicalagricult18831884colo#1883-10#002
1574	caddie people	1	1	90	1899	1899	caddie people		vol018_tropicalagricult1818ceyl#1899-01#151
1575	caddy men	1	1	90	1898	1898	Caddy men		vol017_tropicalagricult1718ceyl#1898-02#026
1576	caddy-keepers	1	1	90	1898	1898	caddy-keepers	porters	vol017_tropicalagricult1718ceyl#1898-03#075
1577	cadigas	1	1	80	1883	1883	Cadigas	collectors of palmyra seeds	vol002_tropicalagricult18821883colo#1883-01#052
1578	caffre men	1	1	90	1890	1890	Caffre men	labourers	vol010_tropicalagricult1018ceyl#1890-07#002
1579	caffre settlers	1	1	90	1898	1898	Caffre settlers	descendants of labourers from Mosambique	vol018_tropicalagricult1818ceyl#1898-08#022
1580	calavo growers	1	1	30	1934	1934	Calavo growers	founded a co-operative marketing agency	vol082_dli-ernet-229227#1934-06#008
1581	calcutta agents	1	1	90	1892	1892	CALCUTTA AGENTS	signatories	vol012_tropicalagricult1218ceyl#1892-09#028
1582	calcutta brokers	1	1	90	1896	1896	Calcutta Brokers	tea brokers	vol015_tropicalagricult1518ceyl#1896-04#099
1583	caledonian	1	1	80	1885	1885	Caledonian	coffee planters	vol004_tropicalagricult18841885colo#1885-01#186
1584	californian diggers	1	1	80	1888	1888	Californian diggers		vol008_tropicalagricult8188ceyl#1888-07#026
1585	calmuc tartars	1	1	80	1888	1888	Calmuc Tartars		vol007_tropicalagricult7188ceyl#1888-05#004
1586	camarose	1	1	80	1884	1884	Camarose	coolies enticed by high wages	vol004_tropicalagricult18841885colo#1884-12#090
1587	cambodian	1	1	90	1895	1895	Cambodian	tappers of gamboge trees	vol015_tropicalagricult1518ceyl#1895-09#190
1588	cambridge crew	1	1	00	1908	1908	Cambridge crew	rowing crew	vol030_tropicalagricul301908ceyl#1908-05#045
1589	cameron and j. b.	1	1	80	1884	1884	Messrs. Wm. Cameron and J. B.	authors of articles on drying	vol003_tropicalagricult18831884colo#1884-03#064
1590	cameron and w. b. aitken	1	1	80	1883	1883	Messrs. Cameron and W. B. Aitken	speakers at Maskeliya planters' Association	vol002_tropicalagricult18821883colo#1883-06#005
1591	cameroon negro	1	1	00	1909	1909	Cameroon negro	native population	vol033_tropicalagricul331909ceyl#1909-11#047
1592	canaanites	1	1	80	1882	1882	Canaanites		vol002_tropicalagricult18821883colo#1882-10#068
1593	canadian buyers	1	1	90	1893	1893	Canadian	buyers	vol012_tropicalagricult1218ceyl#1893-02#035
1594	canadian capitalists	1	1	80	1888	1888	Canadian capitalists	investors in the oil company	vol008_tropicalagricult8188ceyl#1888-08#087
1595	canagues	1	1	00	1900	1900	Canagues	users of the plant for woven goods	vol019_tropicalagricult1918ceyl#1900-02#039
1596	canarese wahala	1	1	80	1886	1886	Canarese Wahala	farmers	vol006_tropicalagricult18861887colo#1886-11#112
1597	canary islanders	1	1	10	1912	1912	Canary Islanders	banana growers	vol039_tropicalagricul391912ceyl#1912-10#069
1598	candians	1	1	90	1892	1892	Candians	inhabitants of the interior	vol011_tropicalagricult1118ceyl#1892-02#097
1599	cangany	1	1	90	1895	1895	cangany	gang leader	vol015_tropicalagricult1518ceyl#1895-12#008
1600	canguy	1	1	90	1897	1897	Canguy	labour system/monopoly	vol016_tropicalagricult1618ceyl#1897-05#139
1601	cannibal tartars	1	1	90	1893	1893	Cannibal Tartars	group described by Dr. Short	vol013_tropicalagricult1318ceyl#1893-08#065
1602	cantabs	1	1	90	1894	1894	Cantabs	old Cantabs in Ceylon	vol013_tropicalagricult1318ceyl#1894-06#095
1603	capataces	1	1	00	1906	1906	capataces	contractors with charge of the men	vol027_tropicalagricul271906ceyl#1906-09#011
1604	cape colonists	1	1	00	1901	1901	Cape Colonists	group associated with Witteboom	vol020_tropicalagricult2019ceyl#1901-02#110
1605	cape de verde islanders	1	1	00	1908	1908	Cape de Verde Islanders		vol030_tropicalagricul301908ceyl#1908-04#073
1606	cape verde islanders	1	1	00	1909	1909	Cape Verde islanders	hardworking and intelligent people	vol033_tropicalagricul331909ceyl#1909-11#057
1607	capel family	1	1	90	1893	1893	Capel family		vol013_tropicalagricult1318ceyl#1893-09#080
1608	capitan china	1	1	80	1887	1887	Capitan China		vol007_tropicalagricult7188ceyl#1887-12#017
1609	capuan	1	1	90	1893	1893	Capuan		vol013_tropicalagricult1318ceyl#1893-08#012
1610	carabasi	1	1	10	1911	1911	Carabasi	Indians	vol037_tropicalagricul371911ceyl#1911-10#004
1611	caringee	1	1	90	1898	1898	Caringee	coolie	vol018_tropicalagricult1818ceyl#1898-08#029
1612	carlisle family	1	1	90	1894	1894	Carlisle family		vol013_tropicalagricult1318ceyl#1894-03#037
1613	carmelites	1	1	90	1892	1892	Carmelite	monks	vol011_tropicalagricult1118ceyl#1892-06#062
1614	carnivora	1	1	90	1895	1895	carnivora	class of animals	vol015_tropicalagricult1518ceyl#1895-09#193
1615	carruthers and pratt	1	1	10	1910	1910	Messrs. Carruthers and Pratt	interested in termite queens	vol034_tropicalagricul341910ceyl#1910-04#033
1616	caruapies	1	1	90	1894	1894	Caruapies	people seen off from the dock	vol014_tropicalagricult1418ceyl#1894-11#096
1617	cascarillas indians	1	1	80	1886	1886	Cascarillas Indians	gatherers of bark	vol006_tropicalagricult18861887colo#1886-09#110
1618	cascarillero	1	1	90	1895	1895	cascarillero	bark-hunter	vol014_tropicalagricult1418ceyl#1895-03#006
1619	cascarrileos	1	1	80	1883	1883	cascarrileos	practitioners of bark scraping	vol002_tropicalagricult18821883colo#1883-04#103
1620	cascerileros	1	1	00	1906	1906	Cascerileros	bark collectors	vol027_tropicalagricul271906ceyl#1906-07#015
1621	cashmere	1	1	90	1892	1892	Cashmere	goat breed	vol012_tropicalagricult1218ceyl#1892-08#096
1622	cashmerees	1	1	80	1883	1883	Cashmerees	people who make flour from Trappa	vol002_tropicalagricult18821883colo#1883-02#167
1623	castilian	1	1	00	1906	1906	Castilian	people	vol026_tropicalagricul261906ceyl#1906-02#022
1624	castilians	1	1	90	1896	1896	Castilian	ethnic group	vol016_tropicalagricult1618ceyl#1896-12#069
1625	catholic	1	1	80	1886	1886	Catholic	weavers	vol005_tropicalagricult18851886colo#1886-04#078
1626	catholic fathers	1	1	00	1908	1908	Catholic Fathers	Introduced alfalfa and olive cuttings	vol030_tropicalagricul301908ceyl#1908-03#023
1627	catholic party	1	1	10	1911	1911	Catholic party	political party	vol037_tropicalagricul371911ceyl#1911-09#026
1628	cattos	1	1	90	1899	1899	Cattos	old friends	vol018_tropicalagricult1818ceyl#1899-02#001
1629	caucasian	1	1	90	1896	1896	Caucasian	planters	vol016_tropicalagricult1618ceyl#1896-09#057
1630	cavabisi	1	1	80	1883	1883	Cavabisi		vol003_tropicalagricult18831884colo#1883-08#065
1631	cavandishes	1	1	90	1893	1893	Cavandishes	former owners of Muturajawela	vol012_tropicalagricult1218ceyl#1893-05#113
1632	cearense	1	1	00	1901	1901	Cearense		vol020_tropicalagricult2019ceyl#1901-01#070
1633	celestial	1	1	90	1895	1895	Celestial		vol015_tropicalagricult1518ceyl#1895-11#114
1634	celestials	1	1	80	1888	1888	Celestials	people of China	vol008_tropicalagricult8188ceyl#1888-09#118
1635	celt	1	1	90	1890	1890	Celt		vol009_tropicalagricult9188ceyl#1890-04#091
1636	central africa rifles	1	1	00	1902	1902	Central Africa Rifles	military force going to Somaliland	vol022_tropicalagricult2219ceyl#1902-12#129
1637	central african	1	1	80	1883	1883	Central African	region/people reference	vol002_tropicalagricult18821883colo#1883-06#152
1638	central american republics	1	1	80	1888	1888	Central American republics	coffee exporters	vol008_tropicalagricult8188ceyl#1888-09#098
1639	central angoniland natives	1	1	90	1896	1896	Central Angoniland natives	natives	vol016_tropicalagricult1618ceyl#1896-12#085
1640	central asians	1	1	80	1887	1887	Central Asians		vol007_tropicalagricult7188ceyl#1887-11#056
1641	cessites	1	1	00	1903	1903	Cessites		vol022_tropicalagricult2219ceyl#1903-01#063
1642	ceylon and indian coolies	1	1	90	1890	1890	Ceylon and Indian coolies	labour force	vol010_tropicalagricult1018ceyl#1890-10#043
1643	ceylon buddhists	1	1	90	1895	1895	Ceylon Buddhists		vol015_tropicalagricult1518ceyl#1895-09#009
1644	ceylon coconut planters	1	1	10	1912	1912	Ceylon Coconut Planters		vol039_tropicalagricul391912ceyl#1912-09#044
1645	ceylon colonists	1	1	80	1888	1888	Ceylon Colonists	attendees at the reading	vol008_tropicalagricult8188ceyl#1888-07#125
1646	ceylon diobies	1	1	90	1897	1897	Ceylon diobies	local community	vol017_tropicalagricult1718ceyl#1897-09#108
1647	ceylon durais	1	1	90	1898	1898	Ceylon durais	responsible for operations	vol018_tropicalagricult1818ceyl#1898-12#080
1648	ceylon estates	1	1	90	1890	1890	Ceylon Estates		vol009_tropicalagricult9188ceyl#1890-05#057
1649	ceylon eurasians	1	1	90	1894	1894	Ceylon Eurasians	Ceylonese community	vol014_tropicalagricult1418ceyl#1894-12#022
1650	ceylon goiya	1	1	90	1893	1893	Ceylon goiya	cultivator	vol013_tropicalagricult1318ceyl#1893-10#103
1651	ceylon jew	1	1	80	1889	1889	Ceylon Jew	gem dealer	vol009_tropicalagricult9188ceyl#1889-10#023
1652	ceylon men	1	1	90	1896	1896	Ceylon men	investors in London	vol016_tropicalagricult1618ceyl#1896-09#082
1653	ceylon officers	1	1	90	1897	1897	Ceylon officers	public service	vol016_tropicalagricult1618ceyl#1897-05#032
1654	ceylon people	1	1	90	1896	1896	Ceylon people		vol015_tropicalagricult1518ceyl#1896-05#105
1655	ceylon planter	1	1	90	1896	1896	Ceylon Planter	planters in Ceylon	vol016_tropicalagricult1618ceyl#1896-08#006
1656	ceylon planting interests	1	1	40	1941	1941	Ceylon Planting interests	interest group	vol097_iss06_tropical-agriculturist-1941-12-97-6#1941-12#014
1657	ceylon press	1	1	10	1913	1913	Ceylon Press	press	vol040_lbg-630-5-tag-v-40#1913-04#001
1658	ceylon rifle	1	1	90	1893	1893	Ceylon Rifle	soldiers struck down in their barracks	vol012_tropicalagricult1218ceyl#1893-05#117
1659	ceylon rubber industry	1	1	30	1939	1939	Ceylon rubber industry	consumer of acetic and formic acid	vol093_iss04_tropical-agriculturist-1939-10-93-4#1939-10#005
1660	ceylon tea grower's agents	1	1	80	1882	1882	Ceylon tea grower's agents		vol001_tropicalagricult1188ceyl#1882-02#199
1661	ceylon tea growers	1	1	00	1900	1900	Ceylon Tea Growers		vol020_tropicalagricult2019ceyl#1900-11#066
1662	ceylon tea planting companies	1	1	90	1894	1894	Ceylon Tea Planting Companies		vol013_tropicalagricult1318ceyl#1894-06#087
1663	ceylon tea-growers	1	1	90	1893	1893	Ceylon tea-growers		vol013_tropicalagricult1318ceyl#1893-10#036
1664	ceyloners	1	1	80	1886	1886	Ceyloners	buyers of seed	vol005_tropicalagricult18851886colo#1886-06#002
1665	ceylonians	1	1	80	1884	1884	Ceylonians		vol003_tropicalagricult18831884colo#1884-03#120
1666	cha no yu	1	1	80	1885	1885	Cha no Yu	group associated with tea ceremony	vol005_tropicalagricult18851886colo#1885-08#001
1667	chaaazze	1	1	80	1887	1887	Chaaazze	professional tea taster	vol007_tropicalagricult7188ceyl#1887-10#070
1668	chacareros	1	1	90	1895	1895	chacareros	farmers of the district	vol014_tropicalagricult1418ceyl#1895-05#092
1669	chaffey brothers	1	1	90	1891	1891	Messrs. Chaffey	Canadian irrigation promoters	vol011_tropicalagricult1118ceyl#1891-11#088
1670	chahwallahs	1	1	90	1896	1896	chahwallahs	itinerant tea sellers	vol015_tropicalagricult1518ceyl#1896-02#135
1671	chajin	1	1	80	1886	1886	Chajin	tea men	vol006_tropicalagricult18861887colo#1886-07#060
1672	chasa	1	1	80	1886	1886	Chasa	farmers of Bengal	vol006_tropicalagricult18861887colo#1886-11#112
1673	chasus	1	1	90	1890	1890	Chasus	tea-tasters	vol009_tropicalagricult9188ceyl#1890-02#013
1674	chazzees	1	1	90	1892	1892	Chazzees	foreign agents	vol011_tropicalagricult1118ceyl#1892-06#027
1675	chekkus	1	1	00	1903	1903	Chekkus	caste/community	vol023_tropicalagricult2319ceyl#1903-07#092
1676	chelasen	1	1	80	1884	1884	chelasen	cinnamon peelers	vol003_tropicalagricult18831884colo#1884-06#036
1677	chena	1	1	40	1941	1941	chena		vol097_iss06_tropical-agriculturist-1941-12-97-6#1941-12#006
1678	chena cultivator	1	1	00	1907	1907	chena cultivator		vol028_tropicalagricul281907ceyl#1907-01#010
1679	chenaer	1	1	80	1882	1882	chenaer		vol002_tropicalagricult18821883colo#1882-11#001
1680	cherma	1	1	90	1892	1892	Cherma	labourers	vol012_tropicalagricult1218ceyl#1892-09#017
1681	chermers	1	1	00	1900	1900	Chermers	labourers	vol019_tropicalagricult1918ceyl#1900-06#042
1682	chermonts	1	1	90	1891	1891	Chermonts	group who came to Ceylon with Mr. Hawke	vol011_tropicalagricult1118ceyl#1891-09#013
1683	chettiars	1	1	00	1906	1906	Cheddi	money-lenders	vol027_tropicalagricul271906ceyl#1906-10#009
1684	chettys	1	1	90	1897	1897	chettys	creditors	vol016_tropicalagricult1618ceyl#1897-06#081
1685	chhattisgarh people	1	1	00	1909	1909	Chhattisgarh	cultivators	vol033_tropicalagricul331909ceyl#1909-08#021
1686	chhattisgarhi	1	1	00	1909	1909	Chhattisgarhi	cultivators	vol033_tropicalagricul331909ceyl#1909-09#015
1687	chickdoras	1	1	90	1893	1893	chickdoras	workers	vol012_tropicalagricult1218ceyl#1893-01#023
1688	chicleros	1	1	00	1906	1906	chicleros	labourers extracting chicle	vol027_tropicalagricul271906ceyl#1906-09#011
1689	chiefs	1	1	90	1890	1890	Chiefs	recipients of seed	vol009_tropicalagricult9188ceyl#1890-02#021
1690	chiefs of sangli, jamkhandi, and aundh	1	1	10	1918	1918	Chiefs of Sangli, Jamkhandi, and Aundh	chiefs	vol050_dli-ernet-21168#1918-03#020
1691	chileans	1	1	90	1890	1890	Chilean	citizens	vol009_tropicalagricult9188ceyl#1890-05#072
1692	chilenos	1	1	80	1882	1882	Chileno		vol001_tropicalagricult1188ceyl#1882-05#062
1693	chilotes	1	1	90	1893	1893	Chilotes	inhabitants	vol013_tropicalagricult1318ceyl#1893-11#100
1694	chin	1	1	90	1895	1895	Chin	coolies	vol015_tropicalagricult1518ceyl#1895-08#017
1695	chin tribes	1	1	90	1895	1895	Chin tribes	inhabitants of mountain tracts	vol014_tropicalagricult1418ceyl#1895-05#032
1696	china	1	1	90	1893	1893	China.	category of tea	vol012_tropicalagricult1218ceyl#1893-06#035
1697	china tea merchants	1	1	80	1882	1882	Ch na tea merchants	merchants of Tooley Street	vol001_tropicalagricult1188ceyl#1882-02#064
1698	chinas	1	1	90	1896	1896	Chinas		vol015_tropicalagricult1518ceyl#1896-01#048
1699	chinese babas	1	1	10	1911	1911	Chinese Babas	care of the nutmeg trees	vol037_tropicalagricul371911ceyl#1911-12#049
1700	chinese commissioners	1	1	80	1887	1887	Chinese Commissioners	travelling through Java	vol006_tropicalagricult18861887colo#1887-06#043
1701	chinese community of penang	1	1	80	1881	1881	Chinese Community of Penang	Community in Penang	vol001_tropicalagricult1188ceyl#1881-12#137
1702	chinese growers	1	1	00	1908	1908	Chinese growers	suppliers of young rubber plants	vol031_tropicalagricul311908ceyl#1908-07#052
1703	chinese hakka	1	1	80	1884	1884	Chinese Hakka	settlers	vol004_tropicalagricult18841885colo#1884-12#147
1704	chinese horticulturists	1	1	80	1884	1884	Chinese horticulturists	taught grafting principles	vol003_tropicalagricult18831884colo#1884-06#063
1705	chinese planters	1	1	80	1882	1882	Chinese planters	estate owners	vol001_tropicalagricult1188ceyl#1882-05#108
1706	chinese soldiers	1	1	80	1888	1888	Chinese soldiers	recipients of brick tea as pay	vol008_tropicalagricult8188ceyl#1888-10#104
1707	chinese tea merchants	1	1	90	1890	1890	Chinese tea merchants	suffered losses in 1889	vol009_tropicalagricult9188ceyl#1890-06#025
1708	chinese tea planters	1	1	90	1898	1898	Chinese tea planters		vol017_tropicalagricult1718ceyl#1898-01#083
1709	chinese tea-growers	1	1	80	1882	1882	Chinese tea-grower		vol002_tropicalagricult18821883colo#1882-09#107
1710	chinese tea-men	1	1	90	1891	1891	THE CHINESE TEA-MEN		vol011_tropicalagricult1118ceyl#1891-09#027
1711	chinese towkyahs	1	1	00	1900	1900	Chinese towkyahs	men who have made their fortunes in tin mining	vol019_tropicalagricult1918ceyl#1900-05#005
1712	chinese traders	1	1	80	1886	1886	Chinese traders	engaged in coasting trade	vol006_tropicalagricult18861887colo#1886-07#096
1713	chinese-japanese	1	1	90	1895	1895	Chinese-Japanese		vol014_tropicalagricult1418ceyl#1895-01#025
1714	chingalese	1	1	90	1891	1891	Chingalese		vol010_tropicalagricult1018ceyl#1891-01#073
1715	chinna dorais	1	1	90	1897	1897	Chinna Dorais	managers of estates	vol017_tropicalagricult1718ceyl#1897-09#012
1716	chino-shans	1	1	00	1909	1909	Chino-Shans	tribe	vol032_tropicalagricul321909ceyl#1909-05#064
1717	chinook jargon	1	1	90	1894	1894	Chinook Jargon	language	vol013_tropicalagricult1318ceyl#1894-05#039
1718	chippeway indians	1	1	90	1895	1895	Chippeway Indians		vol014_tropicalagricult1418ceyl#1895-03#012
1719	chitragars	1	1	80	1887	1887	Chitragars	painters	vol007_tropicalagricult7188ceyl#1887-11#086
1720	chittagonians	1	1	30	1936	1936	Chittagonians	racial group	vol086_dli-ernet-229228#1936-01#013
1721	chiu-chew	1	1	90	1893	1893	Chiu-chew	local buyers	vol012_tropicalagricult1218ceyl#1893-06#061
1722	cholia	1	1	90	1895	1895	cholia	workers who bark the trees	vol015_tropicalagricult1518ceyl#1895-09#001
1723	cholos	1	1	00	1901	1901	Cholos	labourers	vol020_tropicalagricult2019ceyl#1901-02#019
1724	chowpans	1	1	40	1940	1940	Chowpans	herdsmen for cattle	vol095_iss01_tropical-agriculturist-1940-07-95-1#1940-07#007
1725	christian countries	1	1	80	1884	1884	Christian countries	comparison for land tenure	vol004_tropicalagricult18841885colo#1884-08#065
1726	christian indian tribes	1	1	80	1889	1889	Christian Indian tribes	users of bark for literature	vol009_tropicalagricult9188ceyl#1889-09#004
1727	christian missionaries	1	1	90	1894	1894	Christian Missionaries	friends of Major Skinner	vol013_tropicalagricult1318ceyl#1894-01#002
1728	christian missions	1	1	00	1901	1901	Christian Missions	recipients of plants	vol021_tropicalagricult2119ceyl#1901-09#022
1729	christian population	1	1	30	1930	1930	Christian population	community involved in poultry farming	vol074_dli-ernet-229223#1930-12#007
1730	christianity	1	1	90	1899	1899	Christianity	religion	vol018_tropicalagricult1818ceyl#1899-06#158
1731	christie, fisher and le mesurier	1	1	10	1911	1911	Messrs. Christie, Fisher and Le Mesurier	officials who objected to tax appraisal	vol037_tropicalagricul371911ceyl#1911-12#010
1732	christie, mackintosh, and saunders	1	1	90	1897	1897	Messrs. Christie, Mackintosh, and yourself	Commission members	vol016_tropicalagricult1618ceyl#1897-05#141
1733	chumars	1	1	90	1890	1890	chumars	caste	vol010_tropicalagricult1018ceyl#1890-09#133
1734	churman	1	1	80	1887	1887	Churmans	labourers	vol007_tropicalagricult7188ceyl#1887-11#090
1735	churmas	1	1	80	1884	1884	Churmas	labourers	vol004_tropicalagricult18841885colo#1884-11#078
1736	churnas	1	1	80	1886	1886	Churnas	labourers	vol005_tropicalagricult18851886colo#1886-05#131
1737	cicoles	1	1	80	1885	1885	Cicoles	workers	vol004_tropicalagricult18841885colo#1885-01#185
1738	cinchona mantri	1	1	80	1884	1884	cinchona mantri	staff role	vol004_tropicalagricult18841885colo#1884-08#095
1739	cinchona planters	1	1	80	1881	1881	cinchona planters	should keep watch	vol001_tropicalagricult1188ceyl#1881-08#018
1740	cinchona planters of ceylon	1	1	80	1888	1888	Cinchona Planters of Ceylon		vol007_tropicalagricult7188ceyl#1888-02#003
1741	cinchona-planters	1	1	00	1901	1901	cinchona-planters	producers of cinchona	vol020_tropicalagricult2019ceyl#1901-05#097
1742	cinnamon peelers	1	1	80	1887	1887	cinamon peelers	special caste in Ceylon	vol006_tropicalagricult18861887colo#1887-02#010
1743	circassian mammelukes	1	1	90	1891	1891	Circassian Mammelukes	Ruling group	vol011_tropicalagricult1118ceyl#1891-07#008
1744	citric acid makers	1	1	00	1909	1909	citric acid makers		vol032_tropicalagricul321909ceyl#1909-01#023
1745	citrus colony	1	1	90	1891	1891	Citrus Colony	colony in Loomis valley	vol010_tropicalagricult1018ceyl#1891-01#026
1746	citrus industry	1	1	10	1917	1917	Citrus industry	industry in southern California	vol048_iss04_tropical-agriculturist-1917-04-48-4#1917-04#020
1747	civil servants	1	1	90	1890	1890	Civil Servants		vol009_tropicalagricult9188ceyl#1890-01#072
1748	civilian cadets	1	1	00	1900	1900	Civilian Cadets		vol020_tropicalagricult2019ceyl#1900-07#160
1749	civilized negroes	1	1	90	1892	1892	civilized negroes	population of Liberia	vol012_tropicalagricult1218ceyl#1892-07#081
1750	clan ferguson	1	1	00	1900	1900	Clan Ferguson	clan	vol019_tropicalagricult1918ceyl#1900-02#001
1751	clayton beadle and stevens	1	1	00	1908	1908	Messrs Clayton Beadle and Stevens	correspondents	vol031_tropicalagricul311908ceyl#1908-12#092
1752	cloppenberg & erikson	1	1	80	1884	1884	Messrs. Cloppenberg & Erikson	planters	vol003_tropicalagricult18831884colo#1884-02#133
1753	co-operators	1	1	00	1902	1902	Co-operators	members demanding direct origin	vol022_tropicalagricult2219ceyl#1902-08#030
1754	coast coolies	1	1	80	1884	1884	coast coolies	labour employed	vol004_tropicalagricult18841885colo#1884-07#070
1755	coast firms	1	1	90	1897	1897	Coast Firms	firms requested to supply information	vol016_tropicalagricult1618ceyl#1897-01#075
1756	coast moormen	1	1	90	1898	1898	Coast Moormen	principal buyers of local surplus crops, boutique keepers	vol018_tropicalagricult1818ceyl#1898-11#057
1757	coast moors	1	1	80	1889	1889	Coast moormen	traders in Jaffna	vol008_tropicalagricult8188ceyl#1889-02#100
1758	coast tamils	1	1	90	1895	1895	Coast Tamils	vegetable gardeners	vol014_tropicalagricult1418ceyl#1895-04#145
1759	coast-moor	1	1	20	1929	1929	coast-moor	boutique-keeper	vol072_dli-ernet-229221#1929-01/06#058
1760	cobden school	1	1	90	1893	1893	Cobden school		vol013_tropicalagricult1318ceyl#1893-12#068
1761	cochin chinese	1	1	90	1891	1891	Cochin Chinese	people	vol010_tropicalagricult1018ceyl#1891-04#124
1762	cochin natives	1	1	90	1897	1897	Cochin natives	people accustomed in copra and oil-making	vol017_tropicalagricult1718ceyl#1897-12#082
1763	cockburn family	1	1	90	1890	1890	Cockburn family	old settlers	vol009_tropicalagricult9188ceyl#1890-06#100
1764	cockney	1	1	90	1892	1892	Cockney		vol012_tropicalagricult1218ceyl#1892-08#106
1765	cocoanut-growers	1	1	90	1890	1890	cocoanut-growers		vol010_tropicalagricult1018ceyl#1890-11#103
1766	coconut growers	1	1	00	1908	1908	Coconut Growers		vol031_tropicalagricul311908ceyl#1908-07#053
1767	coconut planting industry	1	1	10	1913	1913	Coconut Planting Industry	industry representatives	vol040_lbg-630-5-tag-v-40#1913-03#002
1768	cocosians	1	1	80	1888	1888	Cocosians	natives	vol007_tropicalagricult7188ceyl#1888-03#007
1769	codleman and heinsen	1	1	00	1901	1901	Messrs. Codleman and Heinsen	cacao planters, San Carlos	vol021_tropicalagricult2119ceyl#1901-11#072
1770	coffee brokers	1	1	90	1898	1898	Coffee Brokers		vol017_tropicalagricult1718ceyl#1898-06#001
1771	coffee commissaries	1	1	00	1900	1900	coffee commissaries	petitioners for relief from central deposit obligation	vol019_tropicalagricult1918ceyl#1900-05#018
1772	coffee dealers	1	1	00	1900	1900	COFFEE DEALERS	trading group	vol020_tropicalagricult2019ceyl#1900-08#015
1773	coffee planters of ceylon	1	1	90	1896	1896	Coffee Planters of Ceylon		vol016_tropicalagricult1618ceyl#1896-10#002
1774	coffee team	1	1	30	1937	1937	Coffee Team	exhibit creators	vol088_dli-ernet-229229#1937-10#012
1775	coffee-planters	1	1	80	1881	1881	coffee-planters	Practical and inventive capacity for preventive measures	vol001_tropicalagricult1188ceyl#1881-12#058
1776	coffee-traders	1	1	90	1896	1896	coffee-traders	deputation waiting upon the Chancellor	vol015_tropicalagricult1518ceyl#1896-04#080
1777	coiare	1	1	80	1886	1886	Coiare	island tribe	vol005_tropicalagricult18851886colo#1886-02#113
1778	coimbatore tamils	1	1	90	1892	1892	Coimbatore Tamils	labourers	vol012_tropicalagricult1218ceyl#1892-09#023
1779	collectors	1	1	90	1890	1890	Collectors	officers	vol009_tropicalagricult9188ceyl#1890-05#061
1780	colombo agents	1	1	90	1894	1894	Colombo Agents	agents serving planters	vol013_tropicalagricult1318ceyl#1894-02#044
1781	colombo chetties	1	1	90	1898	1898	Colombo Chetties	traders in broken rice	vol018_tropicalagricult1818ceyl#1898-09#028
1782	colombo merchants	1	1	00	1904	1904	Colombo Merchants	merchants	vol023_tropicalagricult2319ceyl#1904-03#060
1783	colonial services	1	1	30	1936	1936	Colonial Services	Civil service	vol086_dli-ernet-229228#1936-04#006
1784	colonial, indian, and foreign botanic gardens	1	1	90	1897	1897	Colonial, Indian, and Foreign Botanic Gardens	exchange partners	vol016_tropicalagricult1618ceyl#1897-03#064
1785	colonna	1	1	90	1895	1895	Colonna	village/community	vol015_tropicalagricult1518ceyl#1895-11#033
1786	colored folk	1	1	00	1901	1901	colored folk	laborers	vol020_tropicalagricult2019ceyl#1901-02#085
1787	colored man	1	1	90	1891	1891	colored man		vol011_tropicalagricult1118ceyl#1891-08#079
1788	coloured children	1	1	10	1912	1912	coloured children	tea pluckers	vol038_tropicalagricul381912ceyl#1912-05#063
1789	coloured labour	1	1	00	1902	1902	coloured labour		vol022_tropicalagricult2219ceyl#1902-12#025
1790	coloured race	1	1	80	1889	1889	coloured race	consumers of sugar-cane	vol009_tropicalagricult9188ceyl#1889-09#077
1791	coloureds	1	1	00	1908	1908	Coloureds	group receiving wages in Natal	vol031_tropicalagricul311908ceyl#1908-09#016
1792	combeen	1	1	20	1925	1925	Combeen		vol064_lbg-630-5-tag-v-64#1925-05#014
1793	committee of experts	1	1	80	1888	1888	Committee of experts	appointed by the Shanghai Chamber	vol007_tropicalagricult7188ceyl#1888-03#012
1794	committee of the legislative council	1	1	10	1912	1912	Messrs. O'Brien, Saunders, Moir, Williams, Ramanathan, Seneviratne, Grinlinton and Panabokke	Committee members	vol038_tropicalagricul381912ceyl#1912-04#009
1795	committee of wynaad planters' association	1	1	80	1889	1889	Messrs. Jowitt, Lamb, C. A. Mackenzie, Walker, and Honorary Secretary	committee appointed to draw up memorial	vol008_tropicalagricult8188ceyl#1889-02#104
1796	communists	1	1	90	1893	1893	Communists	prisoners from Noumea	vol013_tropicalagricult1318ceyl#1893-11#007
1797	comoroisles	1	1	80	1882	1882	Comoroisles	mixed races	vol001_tropicalagricult1188ceyl#1882-02#002
1798	conch	1	1	00	1904	1904	Conch	local inhabitant of the Keys	vol023_tropicalagricult2319ceyl#1904-01#014
1799	confederates	1	1	10	1910	1910	Confederates	settlers from Texas	vol035_tropicalagricul351910ceyl#1910-11#002
1800	congalton of congalton	1	1	00	1900	1900	Congalton of Congalton	ancient family in East Lothian	vol019_tropicalagricult1918ceyl#1900-02#001
1801	congo natives	1	1	00	1903	1903	Congo natives	rubber gatherers	vol023_tropicalagricult2319ceyl#1903-08#096
1802	congolese	1	1	00	1906	1906	Congolese		vol027_tropicalagricul271906ceyl#1906-08#006
1803	conquistadores	1	1	90	1893	1893	Conquistadores		vol012_tropicalagricult1218ceyl#1893-02#103
1804	conservators of forests	1	1	10	1913	1913	Conservators of Forests	officials confirming observations on bamboo productivity	vol040_lbg-630-5-tag-v-40#1913-06#046
1805	continental agriculturists	1	1	80	1881	1881	Continental	agriculturists	vol001_tropicalagricult1188ceyl#1881-12#132
1806	continental chemists	1	1	10	1914	1914	Continental chemists		vol042_lbg-630-5-tag-v-42#1914-05#007
1807	continental powers	1	1	80	1883	1883	Continental Powers		vol003_tropicalagricult18831884colo#1883-11#076
1808	continental quinine manufacturers	1	1	90	1891	1891	Continental quinine manufacturers	speculative buyers	vol010_tropicalagricult1018ceyl#1891-05#085
1809	convicts	1	1	80	1884	1884	convicts	unpaid labour	vol004_tropicalagricult18841885colo#1884-12#071
1810	cook islanders	1	1	00	1901	1901	Cook Islanders	native owners of the soil	vol020_tropicalagricult2019ceyl#1901-02#012
1811	coolie immigrants	1	1	80	1885	1885	coolie immigrants	indentured labourers in the West Indies	vol004_tropicalagricult18841885colo#1885-05#037
1812	coolie labor	1	1	90	1894	1894	coolie labor	labor force in Assam	vol014_tropicalagricult1418ceyl#1894-10#102
1813	coolie lines	1	1	10	1919	1919	coolie lines	residential areas where lab-lab beans are found	vol053_iss02_tropical-agriculturist-1919-08-53-2#1919-08#026
1814	coolie lohar mistrie	1	1	80	1885	1885	coolie lohar mistrie	worker capable of converting the drier	vol004_tropicalagricult18841885colo#1885-05#075
1815	coolie women	1	1	00	1902	1902	coolie women	labourers	vol021_tropicalagricult2119ceyl#1902-01#019
1816	coolie workmen	1	1	90	1898	1898	coolie workmen	imported and indentured labourers	vol018_tropicalagricult1818ceyl#1898-12#013
1817	coolies of ceylon	1	1	80	1882	1882	coolies of Ceylon	workmen	vol002_tropicalagricult18821883colo#1882-12#006
1818	coolies, watchers and servants	1	1	00	1900	1900	coolies, watchers and servants	employed at the gardens	vol020_tropicalagricult2019ceyl#1900-07#006
1819	coorg gentlemen	1	1	90	1896	1896	Coorg gentlemen	local population	vol016_tropicalagricult1618ceyl#1896-08#081
1820	coorg men	1	1	80	1884	1884	Coorg men		vol004_tropicalagricult18841885colo#1884-09#108
1821	coorg native planters	1	1	90	1895	1895	Coorg Native Planters	District Association	vol015_tropicalagricult1518ceyl#1895-10#039
1822	coorg natives	1	1	80	1881	1881	natives of Coorg	cardamom planters	vol001_tropicalagricult1188ceyl#1881-12#012
1823	coorg rajas	1	1	90	1896	1896	Coorg Rajas	former rulers	vol016_tropicalagricult1618ceyl#1896-11#003
1824	cooty	1	1	90	1897	1897	Cooty	labourers	vol017_tropicalagricult1718ceyl#1897-09#012
1825	coravars	1	1	90	1891	1891	coravars	class of wandering dealer	vol010_tropicalagricult1018ceyl#1891-01#072
1826	coringis	1	1	00	1901	1901	Coringis	workers under the head mali	vol021_tropicalagricult2119ceyl#1901-11#010
1827	corsican	1	1	00	1902	1902	Corsican	element contributing Italian names	vol021_tropicalagricult2119ceyl#1902-01#068
1828	corsican wine-growers	1	1	80	1888	1888	CORSICAN WINE-GROWERS	wine producers in Corsica	vol008_tropicalagricult8188ceyl#1888-12#133
1829	corsicans	1	1	10	1910	1910	Corsicans		vol034_tropicalagricul341910ceyl#1910-03#081
1830	corumburs	1	1	90	1891	1891	Corumburs	tribe in Wynaad	vol011_tropicalagricult1118ceyl#1891-08#135
1831	costa ricans	1	1	80	1882	1882	Costa Rican		vol002_tropicalagricult18821883colo#1882-12#010
1832	costers	1	1	00	1902	1902	costers	fruit sellers	vol022_tropicalagricult2219ceyl#1902-07#069
1833	cotton and kellow	1	1	80	1887	1887	Messrs. Cotton and Kellow	estate owners	vol006_tropicalagricult18861887colo#1887-02#061
1834	cotton bleachers	1	1	00	1909	1909	cotton bleachers		vol032_tropicalagricul321909ceyl#1909-01#023
1835	coulter and hastley	1	1	90	1894	1894	Coulter and Hastley	surveyors	vol014_tropicalagricult1418ceyl#1894-10#138
1836	cox, grant and fraser	1	1	90	1892	1892	Messrs. Cox, Grant and Fraser	pioneers of Travancore planting	vol012_tropicalagricult1218ceyl#1892-12#041
1837	creassians	1	1	80	1885	1885	Creassians	users of tea	vol004_tropicalagricult18841885colo#1885-05#099
1838	cree indians	1	1	90	1891	1891	Cree Indians		vol010_tropicalagricult1018ceyl#1891-05#067
1839	creeper	1	1	90	1893	1893	Creeper	persuasion of young men	vol013_tropicalagricult1318ceyl#1893-08#124
1840	creole labourer	1	1	90	1890	1890	creole labourer	labourer suited to work	vol010_tropicalagricult1018ceyl#1890-10#058
1841	creole negro	1	1	80	1883	1883	creole negro	labourer	vol002_tropicalagricult18821883colo#1883-02#139
1842	creole population	1	1	10	1911	1911	Creole population		vol037_tropicalagricul371911ceyl#1911-10#028
1843	creoles of indian extraction	1	1	80	1884	1884	creoles of Indian extraction	engaged under written contract	vol004_tropicalagricult18841885colo#1884-09#022
1844	croatian	1	1	90	1891	1891	Croatian		vol010_tropicalagricult1018ceyl#1891-02#012
1845	crofters	1	1	80	1887	1887	Crofters	potential colonists	vol006_tropicalagricult18861887colo#1887-03#028
1846	cross and beven	1	1	90	1899	1899	Messrs. Cross and Beven	analysts	vol018_tropicalagricult1818ceyl#1899-06#137
1847	cross, bevan, and king	1	1	00	1900	1900	Messrs. Cross, Bevan, and King	chemical researchers in England	vol019_tropicalagricult1918ceyl#1900-02#126
1848	cross, bevan, king joynson and watt	1	1	00	1903	1903	Cross, Bevan, King Joynson and Watt	authors of Report on Indian fibres and fibrous substances	vol023_tropicalagricult2319ceyl#1903-08#013
1849	crow and decker	1	1	80	1886	1886	Messrs. Crow and Decker	managers, Managala	vol005_tropicalagricult18851886colo#1886-03#081
1850	crown colonies	1	1	00	1901	1901	Crown Colonies		vol021_tropicalagricult2119ceyl#1901-07#100
1851	crusaders	1	1	90	1893	1893	Crusaders		vol012_tropicalagricult1218ceyl#1893-06#073
1852	cruwells	1	1	90	1899	1899	Cruwells	old friends	vol018_tropicalagricult1818ceyl#1899-02#001
1853	créoles	1	1	90	1892	1892	Créoles	community	vol012_tropicalagricult1218ceyl#1892-10#028
1854	cushites	1	1	10	1912	1912	Cushite	people	vol039_tropicalagricul391912ceyl#1912-12#011
1855	cutchi	1	1	00	1909	1909	Cutchi	type of cattle	vol033_tropicalagricul331909ceyl#1909-08#041
1856	cutoche	1	1	90	1894	1894	Cutoche		vol014_tropicalagricult1418ceyl#1894-08#120
1857	cutten brothers	1	1	00	1900	1900	Messrs. Cutten Brothers	coffee growers	vol019_tropicalagricult1918ceyl#1900-04#007
1858	cyloponatans	1	1	90	1891	1891	Cyloponatans	group associated with iron sterility	vol011_tropicalagricult1118ceyl#1891-07#125
1859	cypriote greeks	1	1	90	1898	1898	Cypriote Greeks		vol018_tropicalagricult1818ceyl#1898-07#103
1860	czechs	1	1	90	1891	1891	Czech		vol011_tropicalagricult1118ceyl#1891-11#069
1861	d'univilles	1	1	80	1889	1889	the d'Univilles	aloes cultivators	vol009_tropicalagricult9188ceyl#1889-09#002
1862	d. f. browne and f. dornhorst	1	1	90	1892	1892	Messrs. D. F. Browne and F. Dornhorst	Advocates	vol012_tropicalagricult1218ceyl#1892-11#070
1863	dadoru	1	1	80	1886	1886	Dadoru	island tribe	vol005_tropicalagricult18851886colo#1886-02#113
1864	dadup	1	1	80	1886	1886	Dadup	AChinese group	vol006_tropicalagricult18861887colo#1886-09#103
1865	daffas	1	1	10	1910	1910	Daffas	Himalayan tribe	vol034_tropicalagricul341910ceyl#1910-01#067
1866	daimios	1	1	80	1889	1889	Daimios	feudal lords	vol008_tropicalagricult8188ceyl#1889-06#092
1867	dairy coolies	1	1	00	1900	1900	Dairy coolies	paid	vol020_tropicalagricult2019ceyl#1900-12#128
1868	dajak	1	1	80	1884	1884	Dajaks	people cutting trees and building cabins	vol004_tropicalagricult18841885colo#1884-10#018
1869	dalmatians	1	1	80	1887	1887	Dalmatians	cultivators settled in California	vol006_tropicalagricult18861887colo#1887-05#098
1870	danakil	1	1	90	1896	1896	Danakil	camel owners	vol015_tropicalagricult1518ceyl#1896-02#001
1871	dane	1	1	90	1890	1890	Dane		vol009_tropicalagricult9188ceyl#1890-04#091
1872	daogri	1	1	90	1892	1892	Daogri	teapickers	vol012_tropicalagricult1218ceyl#1892-08#013
1873	darjeeling and terai planters	1	1	90	1893	1893	DARJEELING AND TERAI PLANTERS	planters	vol013_tropicalagricult1318ceyl#1893-07#068
1874	darley, c. shand, a. gibson and j. c. fowlie	1	1	90	1899	1899	Darley, C. Shand, A. Gibson and J. C. Fowlie	merchants	vol018_tropicalagricult1818ceyl#1899-06#001
1875	darwinians	1	1	80	1881	1881	Darwinians		vol001_tropicalagricult1188ceyl#1881-07#080
1876	dasun	1	1	80	1887	1887	Dasun	tribe	vol006_tropicalagricult18861887colo#1887-06#121
1877	dayak	1	1	90	1891	1891	Dayak	gold washers, laborers	vol010_tropicalagricult1018ceyl#1891-02#138
1878	dayaks	1	1	90	1891	1891	Dayaks	ethnic group	vol010_tropicalagricult1018ceyl#1891-02#138
1879	de alwises	1	1	00	1900	1900	de Alwises	family of Natural History Artists	vol019_tropicalagricult1918ceyl#1900-04#071
1880	de mel, fernando	1	1	90	1899	1899	Messrs. de Mel, Fernando	plumbago owners	vol019_tropicalagricult1918ceyl#1899-12#059
1881	de saram	1	1	90	1895	1895	Messrs. de Saram		vol014_tropicalagricult1418ceyl#1895-05#001
1882	de silva brothers	1	1	90	1896	1896	de Silva brothers	owners of Kohana estate	vol015_tropicalagricult1518ceyl#1896-02#134
1883	de silvas	1	1	80	1888	1888	De Silvas	family	vol007_tropicalagricult7188ceyl#1888-06#044
1884	de soysa brothers	1	1	10	1912	1912	De Soysa brothers	estate owners in Mahaoya Valley	vol038_tropicalagricul381912ceyl#1912-05#041
1885	de soysa, de mel and jeronis peris	1	1	90	1894	1894	Messrs. De Soysa, De Mel and Jeronis Peris	owners of properties	vol013_tropicalagricult1318ceyl#1894-06#053
1886	de soysas	1	1	90	1890	1890	De Soysas	wealthy family	vol009_tropicalagricult9188ceyl#1890-05#128
1887	de soyza family	1	1	00	1900	1900	De Soyza family	philanthropic family	vol020_tropicalagricult2019ceyl#1900-10#193
1888	de wales	1	1	90	1890	1890	De wales	in this Province	vol009_tropicalagricult9188ceyl#1890-01#122
1889	de. moleyn	1	1	90	1899	1899	Messrs. De. Moleyn	Planting cacao in North Queensland	vol018_tropicalagricult1818ceyl#1899-04#151
1890	dealers and importers	1	1	90	1899	1899	Dealers and Importers	petitioners regarding terms of agreement	vol019_tropicalagricult1918ceyl#1899-12#107
1891	deb rajahs	1	1	80	1882	1882	Deb Rajahs	rulers of Bhootan	vol002_tropicalagricult18821883colo#1882-11#125
1892	deccan reddi	1	1	00	1907	1907	Deccan Reddi	cultivator class	vol028_tropicalagricul281907ceyl#1907-03#014
1893	deccani	1	1	00	1902	1902	Deccani	breed of cow	vol022_tropicalagricult2219ceyl#1902-12#147
1894	deer	1	1	00	1902	1902	deer	bred on the estate	vol022_tropicalagricult2219ceyl#1902-12#051
1895	delegation	1	1	20	1926	1926	Delegation	conclusions agreed with by the Board	vol067_iss02_tropical-agriculturist-1926-08-67-2#1926-08#011
1896	delft stud	1	1	90	1897	1897	Delft stud	Horses	vol016_tropicalagricult1618ceyl#1897-03#001
1897	deli planters	1	1	90	1895	1895	Deli	planters	vol014_tropicalagricult1418ceyl#1895-04#111
1898	democratic party	1	1	90	1892	1892	Democratic Party	political party concerned about free coinage	vol011_tropicalagricult1118ceyl#1892-05#008
1899	democrats	1	1	80	1885	1885	Democrats	attendees at meeting	vol004_tropicalagricult18841885colo#1885-03#111
1900	deng-gists	1	1	80	1885	1885	Deng-gists'	buyers of shavings and quills	vol005_tropicalagricult18851886colo#1885-10#096
1901	dervishes	1	1	00	1900	1900	Dervishes		vol020_tropicalagricult2019ceyl#1900-12#087
1902	deshi	1	1	10	1917	1917	deshi	areas	vol048_iss02_tropical-agriculturist-1917-02-48-2#1917-02#013
1903	desiccators	1	1	00	1902	1902	Desiccators	buyers	vol021_tropicalagricult2119ceyl#1902-02#041
1904	devil dancers	1	1	80	1886	1886	Devil Dancers	performers	vol006_tropicalagricult18861887colo#1886-08#087
1905	devon	1	1	90	1896	1896	Devon	Breed of Cattle	vol015_tropicalagricult1518ceyl#1896-01#060
1906	devonian	1	1	00	1900	1900	Devonian		vol019_tropicalagricult1918ceyl#1900-05#097
1907	devonians	1	1	90	1895	1895	Devonian	people of Devon	vol014_tropicalagricult1418ceyl#1895-02#023
1908	dewala	1	1	80	1889	1889	Dewala	religious group owning temple properties	vol009_tropicalagricult9188ceyl#1889-07#140
1909	dhangurs	1	1	90	1890	1890	Dhangurs	coolies	vol009_tropicalagricult9188ceyl#1890-03#080
1910	dharikars	1	1	90	1896	1896	Dharikars	lower castes	vol016_tropicalagricult1618ceyl#1896-12#004
1911	dharwalas	1	1	00	1900	1900	Dharwalas	beaters	vol019_tropicalagricult1918ceyl#1900-06#035
1912	dheemurs	1	1	80	1889	1889	Dheemurs	class of men, fishermen and palankin bearers	vol008_tropicalagricult8188ceyl#1889-01#152
1913	dheres	1	1	90	1891	1891	Dheres	sect or caste	vol010_tropicalagricult1018ceyl#1891-06#133
1914	dhimar	1	1	90	1893	1893	Dhimar	caste, fishermen and palki-bearers	vol012_tropicalagricult1218ceyl#1893-06#186
1915	dhobie	1	1	10	1912	1912	dhobie	washerman	vol038_tropicalagricul381912ceyl#1912-06#017
1916	dhobies	1	1	80	1882	1882	dhobies	washermen	vol001_tropicalagricult1188ceyl#1882-02#019
1917	dias & janzi	1	1	10	1914	1914	MESSRS. DIAS & JANZI	exhibitors	vol042_lbg-630-5-tag-v-42#1914-06#025
1918	digger indians	1	1	90	1895	1895	Digger Indians	consumers of salt grass seeds	vol015_tropicalagricult1518ceyl#1895-12#005
1919	dimbula hounds	1	1	90	1895	1895	Dimbula Honnds	hunting pack	vol015_tropicalagricult1518ceyl#1895-09#103
1920	disawas	1	1	10	1911	1911	Disawas	native civil authorities	vol037_tropicalagricul371911ceyl#1911-09#016
1921	district agricultural inspectors	1	1	80	1885	1885	District Agricultural Inspectors	proposed officials	vol005_tropicalagricult18851886colo#1885-11#018
1922	district medical and sanitary officers	1	1	00	1902	1902	District Medical and Sanitary Officers	requested to send specimens	vol022_tropicalagricult2219ceyl#1902-11#066
1923	district officers	1	1	80	1887	1887	District Officers	authors of reports on tobacco cultivation	vol007_tropicalagricult7188ceyl#1887-07#136
1924	district planters' associations	1	1	10	1919	1919	District Planters' Associations	recipients of seed distribution	vol053_iss04_tropical-agriculturist-1919-10-53-4#1919-10#003
1925	divisional agricultural officers	1	1	40	1942	1942	Divisional Agricultural Officers	scrutinize returns	vol098_iss04_tropical-agriculturist-october-december-1942-98-4#1942-10/12#017
1926	dixon, schrottky and others	1	1	80	1882	1882	Messrs. Dixon, Schrottky and others	chemists	vol002_tropicalagricult18821883colo#1882-08#015
1927	do josselin de jong and visser	1	1	90	1896	1896	do Josselin de Jong and Visser	planters	vol015_tropicalagricult1518ceyl#1896-05#028
1928	dobree, macartney, young	1	1	80	1882	1882	Messrs. Dobree, Macartney, Young	Ceylon planters	vol001_tropicalagricult1188ceyl#1882-06#146
1929	doherty bros.	1	1	00	1909	1909	Doherty Bros.	arrowroot growers	vol032_tropicalagricul321909ceyl#1909-03#015
1930	dominions	1	1	30	1933	1933	Dominions	financiers	vol080_dli-ernet-229226#1933-05#017
1931	don cossacks	1	1	90	1890	1890	Don Cossacks	community in the Don Cossack territory	vol010_tropicalagricult1018ceyl#1890-08#121
1932	donnan and sinclair	1	1	80	1884	1884	Messrs. Donnan and Sinclair	visitors	vol004_tropicalagricult18841885colo#1884-11#058
1933	doom	1	1	80	1884	1884	Doom	workers processing rhea fibre	vol003_tropicalagricult18831884colo#1884-01#002
1934	dooms	1	1	80	1884	1884	dooms	fishermen and cultivators of Rhea	vol003_tropicalagricult18831884colo#1884-01#073
1935	doors	1	1	80	1884	1884	Doors	labor system reference	vol004_tropicalagricult18841885colo#1884-07#068
1936	doraias	1	1	90	1895	1895	Doraias	labour group	vol015_tropicalagricult1518ceyl#1895-07#043
1937	dorakumbure	1	1	00	1906	1906	Dorakumbure	family	vol027_tropicalagricul271906ceyl#1906-09#020
1938	dorasmar	1	1	00	1902	1902	dorasmar		vol021_tropicalagricult2119ceyl#1902-01#020
1939	doratu-palayas	1	1	90	1895	1895	Doratu-Palayas	Janitors	vol014_tropicalagricult1418ceyl#1895-04#063
1940	doray	1	1	90	1896	1896	doray	workers	vol016_tropicalagricult1618ceyl#1896-12#009
1941	dorays	1	1	90	1895	1895	Dorays		vol015_tropicalagricult1518ceyl#1895-11#033
1942	dornhorst & pieris	1	1	90	1899	1899	Dornhorst & Pieris	purchasers	vol018_tropicalagricult1818ceyl#1899-03#060
1943	doré	1	1	90	1895	1895	Doré	labour contractor	vol014_tropicalagricult1418ceyl#1895-05#080
1944	dravidian races	1	1	80	1884	1884	Dravidian races	ethnic group	vol004_tropicalagricult18841885colo#1884-10#023
1945	driemberg	1	1	10	1912	1912	Driemberg	family associated with cinnamon estates	vol039_tropicalagricul391912ceyl#1912-11#042
1946	druggists	1	1	10	1911	1911	druggists	buyers of Australian honey	vol037_tropicalagricul371911ceyl#1911-07#022
1947	druids	1	1	90	1895	1895	Druids		vol014_tropicalagricult1418ceyl#1895-01#031
1948	drummond and shand	1	1	90	1894	1894	Drummond and Shand	managers of estates	vol013_tropicalagricult1318ceyl#1894-04#002
1949	druses	1	1	90	1899	1899	Druses	inhabitants of the province	vol019_tropicalagricult1918ceyl#1899-07#004
1950	dubashes	1	1	90	1898	1898	dubashes	supplying ships	vol018_tropicalagricult1818ceyl#1898-11#040
1951	dullweve	1	1	00	1906	1906	Dullweve	family	vol027_tropicalagricul271906ceyl#1906-09#020
1952	dums	1	1	80	1881	1881	Dums	aboriginal population, iron manufacturers	vol001_tropicalagricult1188ceyl#1881-10#028
1953	dunbar and ryan	1	1	90	1894	1894	Messrs. Dunbar and Ryan	planters	vol014_tropicalagricult1418ceyl#1894-12#097
1954	dunstan and short	1	1	80	1884	1884	Messrs. Dunstan and Short	chemists	vol003_tropicalagricult18831884colo#1884-02#101
1955	dupuis and vanden eckhart	1	1	00	1904	1904	Messrs. Dupuis and Vanden Eckhart	of the Brussels Veterinary School	vol023_tropicalagricult2319ceyl#1904-06#123
1956	durai	1	1	00	1903	1903	Durai	native headman or overseer	vol023_tropicalagricult2319ceyl#1903-09#068
1957	durbanites	1	1	90	1898	1898	Durbanites	residents of Durban interested in poultry breeding	vol018_tropicalagricult1818ceyl#1898-10#069
1958	durrani shahs	1	1	90	1890	1890	Durani Shahs	dynasty	vol009_tropicalagricult9188ceyl#1890-04#092
1959	dutch bark producers	1	1	30	1931	1931	Dutch bark producers	producers of cinchona bark	vol077_tdl-34003-the-tropical-agriculturist-the-agricultural-journa#1931-11#002
1960	dutch business men	1	1	90	1894	1894	Dutch business men	attendees at the meeting	vol014_tropicalagricult1418ceyl#1894-11#087
1961	dutch cinchona planters	1	1	90	1898	1898	Dutch cinchona planters		vol018_tropicalagricult1818ceyl#1898-11#008
1962	dutch colonies	1	1	80	1888	1888	Dutch colonies	colonies	vol007_tropicalagricult7188ceyl#1888-05#002
1963	dutch colonists	1	1	10	1912	1912	Dutch colonists	inhabitants of Surinam	vol039_tropicalagricul391912ceyl#1912-10#069
1964	dutch cultivators	1	1	90	1891	1891	Dutch cultivators		vol011_tropicalagricult1118ceyl#1891-09#035
1965	dutch east indian planters	1	1	10	1911	1911	Dutch East Indian planters	improvers of indigo product	vol037_tropicalagricul371911ceyl#1911-09#057
1966	dutch families	1	1	00	1900	1900	Dutch families		vol020_tropicalagricult2019ceyl#1900-10#193
1967	dutch islands	1	1	80	1887	1887	Dutch islands	source of coffee samples	vol007_tropicalagricult7188ceyl#1887-09#021
1968	dutch merchants	1	1	80	1888	1888	Dutch merchants	first to bring tea to Europe	vol008_tropicalagricult8188ceyl#1888-10#104
1969	dutch naturalists	1	1	80	1889	1889	Dutch naturalists	researchers on eel worms	vol008_tropicalagricult8188ceyl#1889-02#153
1970	dutch negro workmen	1	1	10	1911	1911	Dutch Negro Workmen	workers	vol037_tropicalagricul371911ceyl#1911-09#009
1971	dutch reformed synod	1	1	20	1923	1923	Dutch Reformed Synod	visitors to Glen	vol060_lbg-tropicalagricultvol-lx-1923-0000unse-n0c4#1923-03#015
1972	dutch republics	1	1	80	1886	1886	Dutch republics	neighbouring states	vol005_tropicalagricult18851886colo#1886-03#009
1973	dutch sugar planters	1	1	00	1908	1908	Dutch sugar planters		vol030_tropicalagricul301908ceyl#1908-05#061
1974	dutch tea planters	1	1	00	1906	1906	Dutch tea planters	imported seed from Assam	vol027_tropicalagricul271906ceyl#1906-08#012
1975	dutch-german	1	1	00	1902	1902	Dutch-German		vol021_tropicalagricult2119ceyl#1902-02#071
1976	dutch-indian syndicate	1	1	90	1895	1895	Dutch-Indian syndicate	buyer of Bajahang plantation	vol015_tropicalagricult1518ceyl#1895-07#048
1977	dāmilas	1	1	90	1894	1894	Dāmilas		vol014_tropicalagricult1418ceyl#1894-11#131
1978	e. g. windle and e. e. campbell gompertz	1	1	00	1909	1909	Messrs. E G Windle and E E Campbell Gompertz	planters	vol032_tropicalagricul321909ceyl#1909-03#068
1979	eajak	1	1	80	1884	1884	Eajak		vol003_tropicalagricult18831884colo#1884-02#050
1980	earls bothwell	1	1	00	1900	1900	Earls Bothwell	noble family	vol019_tropicalagricult1918ceyl#1900-02#001
1981	east indian cooly	1	1	00	1900	1900	East Indian cooly	laborer	vol020_tropicalagricult2019ceyl#1900-07#091
1982	east indian dealers	1	1	80	1887	1887	East Indian dealers	dealers in ganja	vol006_tropicalagricult18861887colo#1887-05#047
1983	east indian immigrants	1	1	90	1891	1891	East Indian immigrants		vol011_tropicalagricult1118ceyl#1891-10#106
1984	east indian population	1	1	90	1897	1897	East Indian population	immigrants in Jamaica	vol016_tropicalagricult1618ceyl#1897-05#021
1985	east indian settlers	1	1	00	1908	1908	East Indian settlers	community in British Guiana	vol030_tropicalagricul301908ceyl#1908-02#040
1986	east prussians	1	1	00	1903	1903	East Prussian	nationality of dealer	vol023_tropicalagricult2319ceyl#1903-10#133
1987	east-african	1	1	90	1893	1893	East-African	planters	vol012_tropicalagricult1218ceyl#1893-01#077
1988	east-indian	1	1	80	1884	1884	East-Indian	friend of Dr. Kitchener	vol003_tropicalagricult18831884colo#1884-05#049
1989	east-indians	1	1	10	1917	1917	East-Indians	repatriated labourers	vol048_iss03_tropical-agriculturist-1917-03-48-3#1917-03#023
1990	eastern and central european	1	1	90	1898	1898	Eastern and Central European		vol018_tropicalagricult1818ceyl#1898-11#066
1991	eastern bengali mahammadan	1	1	90	1892	1892	Eastern Bengali Mahammadan	community in Sylhet	vol012_tropicalagricult1218ceyl#1892-10#076
1992	eastern labour	1	1	80	1884	1884	Eastern labour	labor force to be excluded	vol003_tropicalagricult18831884colo#1884-05#017
1993	eastern peoples	1	1	00	1900	1900	Eastern peoples		vol019_tropicalagricult1918ceyl#1900-02#041
1994	eastern plantations	1	1	10	1911	1911	Eastern plantations	rubber producers	vol037_tropicalagricul371911ceyl#1911-07#042
1995	eastern planters	1	1	10	1910	1910	Eastern planters	recognise the value of true scientific help	vol034_tropicalagricul341910ceyl#1910-06#046
1996	ecuadorian	1	1	30	1935	1935	Ecuadorian	system of protecting steep slopes	vol085_tropical-agriculturist-1935-07-85#1935-07#008
1997	egnor, chapman, g. matterson, barnes, g. thresh, and joseph baynes	1	1	80	1885	1885	Messrs. Egnor, Chapman, G. Matterson, Barnes, G. Thresh, and Joseph Baynes	committee	vol004_tropicalagricult18841885colo#1885-02#121
1998	egyptian pharaohs	1	1	80	1884	1884	Egyptian Pharaohs	illustrious people	vol003_tropicalagricult18831884colo#1884-04#055
1999	elizabethan	1	1	00	1907	1907	Elizabethan	dramatists	vol028_tropicalagricul281907ceyl#1907-06#025
2000	ellis, burrows and willis	1	1	00	1900	1900	Messrs. Ellis, Burrows and Willis	members of the Commission	vol020_tropicalagricult2019ceyl#1900-07#103
2001	elmoran	1	1	90	1894	1894	Elmoran	Masai warrior class	vol013_tropicalagricult1318ceyl#1894-06#033
2002	elphinstone, talbot and borron	1	1	80	1885	1885	Messrs. Elphinstone, Talbot and Borron	planters	vol004_tropicalagricult18841885colo#1885-03#001
2003	elphinstone, tytler, bosanquet, and leake	1	1	80	1881	1881	Messrs. Elphinstone, Tytler, Bosanquet, and Leake	Planters	vol001_tropicalagricult1188ceyl#1881-07#092
2004	elphinstones	1	1	00	1903	1903	Elphinstones	patrons	vol023_tropicalagricult2319ceyl#1903-11#002
2005	embettayo	1	1	00	1906	1906	Embettayo	barbers	vol027_tropicalagricul271906ceyl#1906-09#020
2006	emergency assistant government agents	1	1	40	1942	1942	Emergency Assistant Government Agents	organization used for survey and estimate of crops	vol098_iss04_tropical-agriculturist-october-december-1942-98-4#1942-10/12#017
2007	engelken and croes	1	1	80	1881	1881	Messrs. Engelken and Croes	report authors	vol001_tropicalagricult1188ceyl#1881-11#012
2008	english agriculturists	1	1	80	1881	1881	English agriculturists	agricultural community	vol001_tropicalagricult1188ceyl#1881-11#048
2009	english and dutch manufacturers	1	1	00	1902	1902	English and Dutch Manufacturers	consumers of bark	vol022_tropicalagricult2219ceyl#1902-11#019
2010	english aristocracy	1	1	80	1889	1889	aristocratie anglaise		vol008_tropicalagricult8188ceyl#1889-02#135
2011	english classes	1	1	20	1920	1920	English classes	chicken classification	vol055_lbg-630-5-tag-v-55#1920-12#029
2012	english colony	1	1	90	1896	1896	English Colony	community in Moscow	vol016_tropicalagricult1618ceyl#1896-10#007
2013	english consumers	1	1	80	1882	1882	English consumers		vol002_tropicalagricult18821883colo#1882-09#107
2014	english families	1	1	90	1898	1898	English families	consumers of Shire Highland coffee	vol018_tropicalagricult1818ceyl#1898-12#003
2015	english friendly societies	1	1	00	1909	1909	English Friendly Societies	source of the idea of the Societies	vol032_tropicalagricul321909ceyl#1909-03#041
2016	english group	1	1	80	1889	1889	English group	group of cotton mills	vol008_tropicalagricult8188ceyl#1889-01#077
2017	english market	1	1	80	1887	1887	English market	market segment for leaf Bro. Pekoes	vol006_tropicalagricult18861887colo#1887-05#123
2018	english syndicate	1	1	90	1897	1897	English syndicate	buyer of plantation	vol017_tropicalagricult1718ceyl#1897-07#048
2019	english trade	1	1	00	1909	1909	English Trade		vol032_tropicalagricul321909ceyl#1909-01#063
2020	english-speaking people	1	1	10	1914	1914	English-speaking people		vol042_lbg-630-5-tag-v-42#1914-04#057
2021	englishman	1	1	00	1904	1904	Englishman	resident in Ceylon	vol023_tropicalagricult2319ceyl#1904-05#073
2022	ephraimites	1	1	10	1914	1914	Ephraimites	Biblical tribe	vol042_lbg-630-5-tag-v-42#1914-03#061
2023	epicureans	1	1	90	1890	1890	Epicureans		vol009_tropicalagricult9188ceyl#1890-03#059
2024	episcopal churches	1	1	90	1896	1896	Episcopal Churches	religious denomination	vol015_tropicalagricult1518ceyl#1896-05#081
2025	erok	1	1	30	1938	1938	Erok	people of Mbulu District	vol090_iss05_tropical-agriculturist-1938-05-90-5#1938-05#011
2026	escobar family	1	1	00	1902	1902	Escobar family	owners of Los Cerros and Santa Isabel tracts	vol021_tropicalagricult2119ceyl#1902-01#012
2027	established presbyterian churches	1	1	80	1882	1882	Established Presbyterian churches	religious group	vol001_tropicalagricult1188ceyl#1882-05#095
2028	estate coolies	1	1	90	1896	1896	estate coolies	workers	vol016_tropicalagricult1618ceyl#1896-12#009
2029	ethiopian	1	1	80	1883	1883	Ethiopian	region/people referenced	vol002_tropicalagricult18821883colo#1883-03#080
2030	etolayo	1	1	00	1906	1906	Etolayo	elephant-keepers	vol027_tropicalagricul271906ceyl#1906-09#020
2031	etonian	1	1	90	1890	1890	Etonian		vol010_tropicalagricult1018ceyl#1890-08#084
2032	etruscans	1	1	90	1893	1893	Etruscans	ancient people	vol013_tropicalagricult1318ceyl#1893-08#124
2033	european and native merchants	1	1	80	1884	1884	European and Native merchants	engaged in the ground nut trade	vol003_tropicalagricult18831884colo#1884-05#100
2034	european coffee planters	1	1	90	1890	1890	European coffee planters	complainants	vol010_tropicalagricult1018ceyl#1890-08#103
2035	european farmers	1	1	30	1939	1939	European farmers	taking up land	vol092_tropical-agriculturist-1939-04-92#1939-04#006
2036	european governments	1	1	10	1913	1913	European Governments		vol040_lbg-630-5-tag-v-40#1913-04#018
2037	european immigrants	1	1	00	1901	1901	European immigrants	potential labourers	vol020_tropicalagricult2019ceyl#1901-02#044
2038	european laborers	1	1	80	1882	1882	European laborers	laborers	vol001_tropicalagricult1188ceyl#1882-04#143
2039	european merchants	1	1	80	1886	1886	European Merchants	buyers of tea for shipment	vol006_tropicalagricult18861887colo#1886-10#021
2040	european missionaries	1	1	90	1899	1899	European Missionaries	consumers of white-ants	vol018_tropicalagricult1818ceyl#1899-03#102
2041	european or australian cattle breeds	1	1	40	1945	1945	European or Australian breeds		vol101_iss04_tropical-agriculturist-october-december-1945-101-4#1945-10/12#008
2042	european plantations	1	1	80	1885	1885	European plantations	owners of tea gardens	vol004_tropicalagricult18841885colo#1885-02#021
2043	european population	1	1	00	1907	1907	European population	principal consumers of fruit	vol028_tropicalagricul281907ceyl#1907-05#008
2044	european staff	1	1	20	1924	1924	European Staff	management staff	vol063_lbg-630-5-tag-v-63#1924-07#005
2045	european syndicates	1	1	90	1898	1898	European syndicates	investors	vol018_tropicalagricult1818ceyl#1898-07#090
2046	europeans and americans	1	1	00	1902	1902	Europeans and Americans	nationality	vol022_tropicalagricult2219ceyl#1902-09#089
2047	evangelical protestant	1	1	90	1897	1897	Evangelical Protestant	religion	vol016_tropicalagricult1618ceyl#1897-02#001
2048	executive commissioners of victoria and new south wales	1	1	80	1888	1888	Executive Commissioners of Victoria and New South Wales	presented plants to the garden	vol008_tropicalagricult8188ceyl#1888-09#061
2049	exeter hall party	1	1	80	1889	1889	Exeter Hall party	political group	vol009_tropicalagricult9188ceyl#1889-12#002
2050	f. a. stockdale, george brown, d. s. senanayake and r. g. coombe	1	1	20	1927	1927	Messrs. F. A. Stockdale, George Brown, D. S. Senanayake and R. G. Coombe	riders on report	vol069_tropical-agriculturist-1927-08-69#1927-08#017
2051	f. b. hicks, e. b. skinner, a. a. allen, and e. j. allen	1	1	90	1896	1896	Messrs. F. B. Hicks, E. B. Skinner, A. A. Allen, and E. J. Allen	applicants for land	vol015_tropicalagricult1518ceyl#1896-04#108
2052	f.c.s.	1	1	80	1888	1888	F.C.S.	fellowship	vol008_tropicalagricult8188ceyl#1888-11#039
2053	f.m.s. planters	1	1	10	1912	1912	F.M.S. Planters	recipients of the exhibition report	vol039_tropicalagricul391912ceyl#1912-11#087
2054	f.s. kadirane group	1	1	90	1896	1896	F.S. Kadirane group	cinnamon producers	vol016_tropicalagricult1618ceyl#1896-08#076
2055	fabii	1	1	90	1892	1892	Fabii	Roman family	vol011_tropicalagricult1118ceyl#1892-03#110
2056	fager	1	1	80	1886	1886	Fager	island tribe	vol005_tropicalagricult18851886colo#1886-02#113
2057	fairweather	1	1	90	1894	1894	Messrs. Fairweather	planters	vol013_tropicalagricult1318ceyl#1894-06#103
2058	fakeers	1	1	20	1924	1924	Fakeers	travelling ascetics	vol063_lbg-630-5-tag-v-63#1924-10#007
2059	fantis	1	1	00	1908	1908	Fantis	local people	vol031_tropicalagricul311908ceyl#1908-07#042
2060	faquir	1	1	40	1940	1940	Faquir	ascetic	vol095_iss01_tropical-agriculturist-1940-07-95-1#1940-07#007
2061	fascists	1	1	30	1934	1934	Fascist	political group	vol082_dli-ernet-229227#1934-05#011
2062	fazandars	1	1	90	1898	1898	fazandars	owners of coconut plantations	vol018_tropicalagricult1818ceyl#1898-09#124
2063	fazendeiro	1	1	80	1882	1882	Frazendeiro	slave owner	vol001_tropicalagricult1188ceyl#1882-05#021
2064	federal	1	1	90	1891	1891	Federal	military force during the war	vol011_tropicalagricult1118ceyl#1891-09#003
2065	fellaheen	1	1	00	1906	1906	fellaheen	Egyptian peasants	vol026_tropicalagricul261906ceyl#1906-05#023
2066	fellâhin	1	1	90	1893	1893	Fellâhin	small proprietors	vol013_tropicalagricult1318ceyl#1893-10#141
2067	fenton	1	1	90	1891	1891	Messrs. Fenton	farmers	vol010_tropicalagricult1018ceyl#1891-02#101
2068	ferguson	1	1	80	1885	1885	Messrs. Ferguson	editors of the Ceylon Observer	vol005_tropicalagricult18851886colo#1885-07#131
2069	fergusons	1	1	90	1895	1895	Fergusons		vol014_tropicalagricult1418ceyl#1895-05#013
2070	fernando	1	1	80	1885	1885	clan Fernando		vol004_tropicalagricult18841885colo#1885-05#136
2071	field naturalists' section	1	1	80	1888	1888	Field Naturalists' section	collected specimens	vol007_tropicalagricult7188ceyl#1888-03#057
2072	fijian labourers	1	1	80	1882	1882	Fijian labourers	workers	vol001_tropicalagricult1188ceyl#1882-01#142
2073	fingoes	1	1	90	1891	1891	Fingoes	people	vol010_tropicalagricult1018ceyl#1891-03#133
2074	fisher & lyons	1	1	80	1884	1884	Messrs. Fisher & Lyons	landholders	vol003_tropicalagricult18831884colo#1884-02#133
2075	fisher people	1	1	90	1895	1895	fisher people	community in maritime provinces	vol014_tropicalagricult1418ceyl#1895-01#139
2076	fishermen	1	1	10	1911	1911	fishermen	group near whose huts disease was observed	vol037_tropicalagricul371911ceyl#1911-07#067
2077	flemish weavers	1	1	20	1927	1927	Flemish weavers		vol069_tropical-agriculturist-1927-07-69#1927-07#012
2078	floridians	1	1	80	1888	1888	Floridian	residents of Florida	vol007_tropicalagricult7188ceyl#1888-02#106
2079	forbes	1	1	00	1900	1900	Forbes	clan	vol019_tropicalagricult1918ceyl#1900-02#002
2080	forbes & walker	1	1	80	1886	1886	Messrs. Forbes & Walker	tea brokers	vol005_tropicalagricult18851886colo#1886-02#016
2081	forbes, aspland, grigg and blacklaw	1	1	80	1885	1885	Messrs. Forbes, Aspland, Grigg and Blacklaw		vol004_tropicalagricult18841885colo#1885-03#001
2082	foreign malays	1	1	90	1893	1893	foreign Malays	Planters	vol013_tropicalagricult1318ceyl#1893-08#027
2083	foreign merchants	1	1	90	1896	1896	foreign merchants		vol016_tropicalagricult1618ceyl#1896-12#094
2084	foreign powers	1	1	00	1903	1903	Foreign Powers	recipients of indemnity	vol022_tropicalagricult2219ceyl#1903-05#072
2085	foreigners	1	1	80	1885	1885	Foreigners	trading partners	vol005_tropicalagricult18851886colo#1885-07#120
2086	forest officers	1	1	90	1891	1891	Forest Officers	staff of the Ceylon Government	vol010_tropicalagricult1018ceyl#1891-03#074
2087	foresters	1	1	80	1887	1887	Foresters	demanders of succirubra seed	vol006_tropicalagricult18861887colo#1887-01#098
2088	forsyths	1	1	90	1899	1899	Forsyths	old friends	vol018_tropicalagricult1818ceyl#1899-02#001
2089	fourth party	1	1	90	1895	1895	Fourth Party	political party	vol014_tropicalagricult1418ceyl#1895-02#148
2090	francis and percival	1	1	80	1883	1883	Messrs. Francis and Percival	cacao and coffee planters	vol002_tropicalagricult18821883colo#1883-02#140
2091	franciscan brotherhood	1	1	90	1892	1892	Franciscan brotherhood	religious group	vol011_tropicalagricult1118ceyl#1892-06#016
2092	franciscan friars	1	1	30	1935	1935	Franciscan friars	religious group	vol084_tropical-agriculturist-1935-04-84#1935-04#006
2093	franciscans	1	1	90	1892	1892	Franciscan	monks	vol011_tropicalagricult1118ceyl#1892-06#062
2094	franco-austrian	1	1	00	1907	1907	Franco-Austrian	nationality of syndicate	vol028_tropicalagricul281907ceyl#1907-04#005
2095	franco-creole	1	1	90	1892	1892	Franco-Creole	cultivator	vol012_tropicalagricult1218ceyl#1892-08#065
2096	frank smart students	1	1	20	1921	1921	Frank Smart students	students	vol057_in-ernet-dli-2015-230764#1921-09#006
2097	fraser, hutton and dickenson	1	1	90	1898	1898	Messrs. Fraser, Hutton and myself	proprietors of Wariapola and Suduganga	vol017_tropicalagricult1718ceyl#1898-03#013
2098	fredk. and c. s. hadden	1	1	90	1898	1898	Messrs. Fredk. and C. S. Hadden	Planting Pioneers	vol017_tropicalagricult1718ceyl#1898-04#002
2099	free negroes	1	1	80	1889	1889	free negroes	laborers	vol009_tropicalagricult9188ceyl#1889-11#159
2100	free presbyterian churches	1	1	80	1882	1882	Free Presbyterian churches	religious group	vol001_tropicalagricult1188ceyl#1882-05#095
2101	free-traders	1	1	80	1882	1882	Free-traders	political group	vol002_tropicalagricult18821883colo#1882-09#168
2102	french agriculturist	1	1	00	1900	1900	French agriculturist	agricultural practitioner	vol020_tropicalagricult2019ceyl#1900-12#019
2103	french agriculturists	1	1	80	1882	1882	French Agriculturists	farmers	vol002_tropicalagricult18821883colo#1882-09#161
2104	french analysts	1	1	10	1915	1915	French Analysts	analysts	vol044_lbg-tropicalagricultvol-xliv0000unse-e6v7#1915-03#025
2105	french botanists	1	1	80	1888	1888	French botanists	researchers of flora	vol008_tropicalagricult8188ceyl#1888-11#145
2106	french colonial possessions	1	1	10	1915	1915	French colonial possessions	exporters of rubber and balata gum	vol045_lbg-630-5-tag-v-45#1915-08#017
2107	french colonists	1	1	00	1903	1903	French Colonists	in Réunion	vol023_tropicalagricult2319ceyl#1903-11#062
2108	french colony	1	1	90	1896	1896	French Colony	community of French merchants	vol016_tropicalagricult1618ceyl#1896-07#006
2109	french engineers	1	1	90	1891	1891	French engineers	Predecessors to Anglo-Indian officers	vol011_tropicalagricult1118ceyl#1891-10#100
2110	french manufacturers	1	1	90	1891	1891	French manufacturers	buyers of bark	vol011_tropicalagricult1118ceyl#1891-07#014
2111	french merchants	1	1	00	1901	1901	French merchants		vol021_tropicalagricult2119ceyl#1901-12#041
2112	french planters	1	1	00	1903	1903	French planters	accused of greed and cruelty	vol023_tropicalagricult2319ceyl#1903-08#028
2113	french priests	1	1	90	1899	1899	French priests	minister to the masses	vol019_tropicalagricult1918ceyl#1899-12#032
2114	french snake-charmers	1	1	90	1899	1899	French snake-charmers	owners of the collection	vol019_tropicalagricult1918ceyl#1899-12#045
2115	french traders	1	1	90	1894	1894	French traders	traders at Freetown	vol014_tropicalagricult1418ceyl#1894-10#113
2116	french trappists	1	1	80	1883	1883	French Trappists	planted Eucalyptus trees	vol002_tropicalagricult18821883colo#1883-06#111
2117	french veterinarians	1	1	80	1884	1884	French veterinarians	introduced cakes	vol004_tropicalagricult18841885colo#1884-11#028
2118	french vine growers	1	1	90	1890	1890	French Vine growers	employing grafting on cuttings	vol009_tropicalagricult9188ceyl#1890-02#103
2119	french wine growers	1	1	80	1882	1882	French wine growers	settled on Waioa river	vol001_tropicalagricult1188ceyl#1882-02#111
2120	french-canadian	1	1	00	1903	1903	French-Canadian	nationality/ethnicity of the subject	vol022_tropicalagricult2219ceyl#1903-06#138
2121	friars	1	1	00	1908	1908	Friars	introduced alfalfa	vol030_tropicalagricul301908ceyl#1908-03#023
2122	friesland	1	1	80	1888	1888	Friesland	breed of calves	vol007_tropicalagricult7188ceyl#1888-01#085
2123	fula	1	1	00	1902	1902	Foulah	group associated with a rubber preparation method	vol022_tropicalagricult2219ceyl#1902-11#041
2124	g. & m. b. worms	1	1	90	1894	1894	G. & M. B. Worms	proprietors	vol013_tropicalagricult1318ceyl#1894-05#003
2125	g. a. talbot, j. h. starey, d. & j. r. fairweather, wilson wood, rutherford, reid	1	1	90	1898	1898	Messrs. G. A. Talbot, J. H. Starey, D. & J. R. Fairweather, Wilson Wood, Rutherford, Reid	Ceylon capitalists	vol017_tropicalagricult1718ceyl#1898-02#048
2126	g. f. s. and m. sydney parry	1	1	90	1896	1896	Messrs. G. F. S. and M. Sydney Parry	applicants for land	vol015_tropicalagricult1518ceyl#1896-04#108
2127	gaelic	1	1	80	1884	1884	Gaelic	language spoken by the old man	vol004_tropicalagricult18841885colo#1884-10#062
2128	gage family	1	1	90	1892	1892	Gage family		vol011_tropicalagricult1118ceyl#1892-01#021
2129	gala	1	1	00	1902	1902	Gala	people	vol021_tropicalagricult2119ceyl#1902-01#042
2130	galaha group of estates	1	1	00	1902	1902	Galaha Group of estates	group of estates	vol021_tropicalagricult2119ceyl#1902-03#041
2131	galbraith and maclean	1	1	80	1885	1885	Messrs. Galbraith and Maclean	purchasers of the 'Cascade' estate	vol005_tropicalagricult18851886colo#1885-09#015
2132	galician	1	1	10	1910	1910	Galician	nationality/ethnic group	vol035_tropicalagricul351910ceyl#1910-10#030
2133	gallas	1	1	80	1884	1884	Gallas		vol004_tropicalagricult18841885colo#1884-08#070
2134	galle planters	1	1	00	1904	1904	Galle Planters	desire extension of close season	vol023_tropicalagricult2319ceyl#1904-03#040
2135	gamaheya	1	1	20	1922	1922	Gamaheya	in charge of Agala Kotuwewatte	vol058_dli-ernet-229219#1922-03#002
2136	gamarala	1	1	00	1909	1909	gamarala	large land holder class	vol032_tropicalagricul321909ceyl#1909-02#004
2137	gamerala	1	1	10	1911	1911	Gamerala	leaders or elders	vol037_tropicalagricul371911ceyl#1911-12#010
2138	gampahasiya	1	1	20	1924	1924	Gampahasiya	pattu	vol062_lbg-630-5-tag-v-62#1924-01#027
2139	gan-arachchi	1	1	90	1890	1890	Gan-Arachchi	caste/community	vol009_tropicalagricult9188ceyl#1890-01#122
2140	gandara people	1	1	80	1886	1886	Gandara people	community using 'jadi' curing method	vol006_tropicalagricult18861887colo#1886-12#001
2141	ganiarese	1	1	80	1888	1888	Ganiarese	coolies	vol008_tropicalagricult8188ceyl#1888-08#055
2142	gankaraya	1	1	20	1928	1928	Gankaraya	intermediary	vol070_dli-ernet-229220#1928-06#006
2143	gantidars	1	1	80	1883	1883	Gantidars	tenant proprietors	vol003_tropicalagricult18831884colo#1883-07#095
2144	gaolies	1	1	20	1926	1926	gaolies	class incapable of developing the industry	vol066_iss02_tropical-agriculturist-1926-02-66-2#1926-02#008
2145	garden sirdars	1	1	00	1904	1904	garden sirdars	recruiters in Assam	vol023_tropicalagricult2319ceyl#1904-03#101
2146	garland and faithful	1	1	90	1891	1891	Messrs Garland and Faithful	contractors	vol010_tropicalagricult1018ceyl#1891-01#033
2147	garo	1	1	00	1900	1900	Garo	coolies	vol020_tropicalagricult2019ceyl#1900-08#007
2148	garrison	1	1	80	1889	1889	Garrison	cricket team	vol009_tropicalagricult9188ceyl#1889-11#182
2149	gaudian	1	1	90	1896	1896	Gaudian	dialects of India	vol016_tropicalagricult1618ceyl#1896-09#093
2150	gavins	1	1	90	1898	1898	Gavins	planters	vol018_tropicalagricult1818ceyl#1898-12#094
2151	gavli	1	1	90	1896	1896	gavli	milkman	vol015_tropicalagricult1518ceyl#1896-02#162
2152	gayo	1	1	80	1881	1881	Gayoos	people in Sumatra	vol001_tropicalagricult1188ceyl#1881-08#043
2153	gaúcho	1	1	10	1913	1913	guacho		vol040_lbg-630-5-tag-v-40#1913-06#019
2154	general european community	1	1	10	1913	1913	General European Community	community represented in Legislative Council	vol040_lbg-630-5-tag-v-40#1913-01#056
2155	geneserrie	1	1	00	1900	1900	Geneserrie	the Vandal	vol020_tropicalagricult2019ceyl#1900-10#190
2156	genevan	1	1	80	1885	1885	Genevan		vol004_tropicalagricult18841885colo#1885-02#028
2157	gentiles	1	1	80	1886	1886	Gentiles	non-Jewish business entities	vol005_tropicalagricult18851886colo#1886-05#118
2158	georgians	1	1	20	1929	1929	Georgians	people who damaged estates	vol072_dli-ernet-229221#1929-05#023
2159	german bee-keepers	1	1	90	1896	1896	German bee-keepers	applicants for stocks	vol016_tropicalagricult1618ceyl#1896-09#133
2160	german beekeepers	1	1	80	1882	1882	German beekeepers	interested in the bee	vol002_tropicalagricult18821883colo#1882-10#153
2161	german brewers	1	1	80	1883	1883	German brewers	industry group	vol002_tropicalagricult18821883colo#1883-06#094
2162	german colony of planters	1	1	90	1895	1895	German colony of planters	settlers	vol014_tropicalagricult1418ceyl#1895-04#001
2163	german combination of manufacturers	1	1	90	1897	1897	German combination of manufacturers	contemplating price advance	vol017_tropicalagricult1718ceyl#1897-11#042
2164	german companies	1	1	80	1887	1887	German Companies	sugar companies	vol007_tropicalagricult7188ceyl#1887-09#073
2165	german emigrants	1	1	20	1921	1921	German emigrants	colonies practising modern bee-keeping	vol057_in-ernet-dli-2015-230764#1921-10#019
2166	german exporters	1	1	90	1897	1897	German exporters	buyers of wild cardamoms	vol016_tropicalagricult1618ceyl#1897-01#058
2167	german growers	1	1	80	1886	1886	German growers	trained in Sumatra	vol006_tropicalagricult18861887colo#1886-10#051
2168	german jews	1	1	90	1891	1891	German Jews		vol010_tropicalagricult1018ceyl#1891-06#168
2169	german missions	1	1	90	1893	1893	German Missions	Missions	vol013_tropicalagricult1318ceyl#1893-12#125
2170	german planters	1	1	80	1888	1888	German planters	cultivators of cinchona	vol008_tropicalagricult8188ceyl#1888-07#025
2171	german quinine makers	1	1	90	1898	1898	German quinine makers		vol018_tropicalagricult1818ceyl#1898-11#008
2172	german quinine manufacturers	1	1	90	1895	1895	German quinine manufacturers	manufacturers	vol015_tropicalagricult1518ceyl#1895-09#053
2173	german quinine-makers	1	1	90	1894	1894	German quinine-makers	coalition of manufacturers	vol014_tropicalagricult1418ceyl#1894-11#103
2174	german ring	1	1	90	1898	1898	German ring	market manipulators	vol017_tropicalagricult1718ceyl#1898-02#023
2175	german sugar producers	1	1	00	1902	1902	German sugar producers	considering reduction of acreage	vol021_tropicalagricult2119ceyl#1902-03#063
2176	german trade	1	1	80	1888	1888	German trade		vol008_tropicalagricult8188ceyl#1888-10#024
2177	german traders	1	1	80	1888	1888	German traders	traders in Savage Island	vol008_tropicalagricult8188ceyl#1888-12#059
2178	german-americans	1	1	90	1890	1890	German-American		vol009_tropicalagricult9188ceyl#1890-05#115
2179	germans of the steelyard	1	1	90	1896	1896	Germans of the Steelyard	trading community	vol016_tropicalagricult1618ceyl#1896-09#064
2180	gharh	1	1	40	1940	1940	Gharh	cattle breeders	vol095_iss02_tropical-agriculturist-1940-08-95-2#1940-08#007
2181	ghaut	1	1	90	1895	1895	ghaut	labourers	vol014_tropicalagricult1418ceyl#1895-05#117
2182	ghaute	1	1	90	1897	1897	Ghaute	labour	vol016_tropicalagricult1618ceyl#1897-05#053
2183	ghontees	1	1	90	1894	1894	Ghontees	mountaineers of the Himalayas	vol013_tropicalagricult1318ceyl#1894-04#002
2184	ghoorka	1	1	80	1889	1889	Ghoorka	troops	vol009_tropicalagricult9188ceyl#1889-08#033
2185	ghoorkas	1	1	80	1885	1885	Ghoorkas	hill tribes	vol004_tropicalagricult18841885colo#1885-01#001
2186	ghosha women	1	1	20	1924	1924	ghosha women	community to be relieved of distress	vol062_lbg-630-5-tag-v-62#1924-05#011
2187	gibson family	1	1	80	1884	1884	Messrs. Gibson	breeders of merino sheep	vol003_tropicalagricult18831884colo#1884-02#042
2188	giessen school	1	1	90	1890	1890	Giessen school	academic school	vol009_tropicalagricult9188ceyl#1890-06#026
2189	gipsies	1	1	00	1902	1902	gipsies	naturalised datura	vol021_tropicalagricult2119ceyl#1902-03#020
2190	gipsy tribe	1	1	90	1892	1892	gipsy tribe	users of Kreat in Madras	vol012_tropicalagricult1218ceyl#1892-07#108
2191	gir	1	1	40	1943	1943	Gir	breed of cows	vol099_iss02_tropical-agriculturist-april-june-1943-99-2#1943-04/06#016
2192	glassford	1	1	90	1893	1893	Messrs. Glassford	proprietors	vol012_tropicalagricult1218ceyl#1893-05#130
2193	globe-trotter & co.	1	1	80	1884	1884	Globe-Trotter & Co.	group of travelers	vol003_tropicalagricult18831884colo#1884-03#100
2194	goala	1	1	90	1893	1893	goala	milkman	vol013_tropicalagricult1318ceyl#1893-11#132
2195	goanese indians	1	1	00	1909	1909	Goanese Indians	imported labourers	vol032_tropicalagricul321909ceyl#1909-04#034
2196	goats	1	1	10	1918	1918	goats	animals fed on leaves of Leucaena glauca	vol050_dli-ernet-21168#1918-02#006
2197	goigama	1	1	00	1909	1909	Goigama	caste	vol032_tropicalagricul321909ceyl#1909-02#004
2198	golahs	1	1	80	1882	1882	Golahs	interior tribe	vol002_tropicalagricult18821883colo#1882-10#098
2199	goldsmith caste	1	1	00	1906	1906	goldsmith caste	volunteered to learn the work	vol027_tropicalagricul271906ceyl#1906-07#025
2200	gomashta	1	1	80	1882	1882	gomashta	agent/manager	vol002_tropicalagricult18821883colo#1882-12#100
2201	gomashtha	1	1	80	1883	1883	Gomashtha	money lenders	vol002_tropicalagricult18821883colo#1883-01#145
2202	gomutte chetties	1	1	00	1906	1906	Gomutte Chetties	bankers	vol027_tropicalagricul271906ceyl#1906-10#014
2203	goober-grubbers	1	1	80	1885	1885	Goober-grubber	euphonious title for citizens of North Carolina	vol004_tropicalagricult18841885colo#1885-01#119
2204	good templars	1	1	80	1885	1885	Good Templars	temperance society	vol004_tropicalagricult18841885colo#1885-05#129
2205	gooorkha	1	1	90	1890	1890	Gooorkha	military police	vol009_tropicalagricult9188ceyl#1890-05#097
2206	goorkhas	1	1	90	1896	1896	Goorkhas	invaders	vol016_tropicalagricult1618ceyl#1896-08#028
2207	gordon reeves and w. gow	1	1	90	1891	1891	Messrs. Gordon Reeves and W. Gow	lessees of Crown land for fibre plant experiments	vol011_tropicalagricult1118ceyl#1891-08#058
2208	gorkha soldier	1	1	90	1896	1896	Gorkha soldier	same race as Nagpuri	vol016_tropicalagricult1618ceyl#1896-08#028
2209	gosavies	1	1	80	1886	1886	Gosavies	class of professional beggars	vol006_tropicalagricult18861887colo#1886-08#117
2210	goths	1	1	80	1889	1889	Goths	people	vol009_tropicalagricult9188ceyl#1889-07#066
2211	gouds	1	1	80	1886	1886	Gouds	Central Indian tribes	vol006_tropicalagricult18861887colo#1886-11#030
2212	gowala	1	1	90	1896	1896	Gowala	milk vendor	vol015_tropicalagricult1518ceyl#1896-03#106
2213	gowalla	1	1	90	1896	1896	gowalla	cattle herder	vol015_tropicalagricult1518ceyl#1896-06#131
2214	gowigama sinhalese	1	1	00	1906	1906	Gowigama-Sinhalese	caste group	vol027_tropicalagricul271906ceyl#1906-09#020
2215	gowivanse	1	1	20	1923	1923	Gowivanse	land owners	vol060_lbg-tropicalagricultvol-lx-1923-0000unse-n0c4#1923-04#027
2216	gowiya	1	1	80	1882	1882	gowiya	labour system	vol001_tropicalagricult1188ceyl#1882-02#047
2217	gowli	1	1	10	1917	1917	gowli	Cattle breeders	vol048_iss04_tropical-agriculturist-1917-04-48-4#1917-04#031
2218	goya	1	1	80	1884	1884	goya	local leader	vol004_tropicalagricult18841885colo#1884-07#047
2219	goyyas	1	1	10	1912	1912	goiyyas	indigenous population	vol039_tropicalagricul391912ceyl#1912-12#100
2220	graham, stenholme and campbell	1	1	90	1893	1893	Messrs. Graham, Stenholme and Campbell		vol013_tropicalagricult1318ceyl#1893-09#019
2221	grahams	1	1	80	1881	1881	Grahams	residents, Liliesmere	vol001_tropicalagricult1188ceyl#1881-12#002
2222	grain growers' movement	1	1	10	1913	1913	Grain Growers' Movement	co-operative organisation	vol041_lbg-vol-xli-tropicalagricult0000dewi-t3r5#1913-10#057
2223	grants	1	1	80	1887	1887	the Grants	Ceylon planters	vol007_tropicalagricult7188ceyl#1887-08#082
2224	grass land coolies	1	1	00	1900	1900	grass land coolies	paid	vol020_tropicalagricult2019ceyl#1900-12#128
2225	grassois	1	1	80	1888	1888	Grassois	people of Grasse	vol007_tropicalagricult7188ceyl#1888-06#074
2226	grays	1	1	90	1895	1895	the Grays	hunters	vol015_tropicalagricult1518ceyl#1895-09#103
2227	great powers	1	1	90	1891	1891	Great Powers		vol010_tropicalagricult1018ceyl#1891-02#043
2228	grecians	1	1	80	1887	1887	Grecians	ancient people	vol006_tropicalagricult18861887colo#1887-01#022
2229	greek pantheon	1	1	90	1892	1892	Greek Pantheon		vol012_tropicalagricult1218ceyl#1892-07#025
2230	greek traders	1	1	10	1915	1915	Greek traders	buyers of coffee	vol045_lbg-630-5-tag-v-45#1915-09#013
2231	greeks of alexandria	1	1	90	1891	1891	Greeks of Alexandria	group who introduced rice to Europe	vol011_tropicalagricult1118ceyl#1891-09#116
2232	green and jackson	1	1	80	1889	1889	Messrs. Green and Jackson	authors of letters on Coffee Scale destruction	vol009_tropicalagricult9188ceyl#1889-08#146
2233	green, carruthers and bamber	1	1	40	1941	1941	Messrs. Green, Carruthers and Bamber	scientists working independently or on retainers	vol097_iss05_tropical-agriculturist-1941-11-97-5#1941-11#009
2234	grimes and lahey	1	1	00	1909	1909	Messrs. Grimes and Lahey	arrowroot growers	vol032_tropicalagricul321909ceyl#1909-03#015
2235	grinlinton and birch	1	1	90	1898	1898	Messrs. Grinlinton and Birch	of Batticaloa	vol017_tropicalagricult1718ceyl#1898-03#012
2236	grocers	1	1	00	1909	1909	Grocers	retailers who suffered from depression in business	vol033_tropicalagricul331909ceyl#1909-08#056
2237	grozines	1	1	00	1901	1901	Grozines	labourers on the estates	vol020_tropicalagricult2019ceyl#1901-05#087
2238	guahis	1	1	80	1884	1884	Guahis	native tribe	vol003_tropicalagricult18831884colo#1884-02#049
2239	guanches	1	1	90	1895	1895	Guanches	original inhabitants	vol015_tropicalagricult1518ceyl#1895-11#048
2240	guarani	1	1	90	1895	1895	Guarani		vol014_tropicalagricult1418ceyl#1895-03#005
2241	guaranis	1	1	80	1883	1883	Guaranis	users of caa-una	vol003_tropicalagricult18831884colo#1883-10#090
2242	guards	1	1	80	1884	1884	Guards	military regiment	vol004_tropicalagricult18841885colo#1884-11#053
2243	guatemalan indians	1	1	10	1918	1918	Gautemalan Indians		vol051_iss02_tropical-agriculturist-1918-08-51-2#1918-08#021
2244	guatemalans of european blood	1	1	30	1934	1934	Guatemalans of European blood		vol082_dli-ernet-229227#1934-06#008
2245	guatemaltecan	1	1	80	1887	1887	Guatemaltecan	natives	vol006_tropicalagricult18861887colo#1887-05#024
2246	gudigars	1	1	80	1887	1887	Gudigars	carvers	vol007_tropicalagricult7188ceyl#1887-11#086
2247	guerin and poisson	1	1	00	1902	1902	Messrs Guerin and Poisson	informants on Castilloa Liga	vol021_tropicalagricult2119ceyl#1902-01#007
2248	guiana natives	1	1	90	1891	1891	Guiana natives		vol010_tropicalagricult1018ceyl#1891-06#164
2249	guianese	1	1	90	1898	1898	Guianese	inhabitants	vol017_tropicalagricult1718ceyl#1898-04#006
2250	gumas tribe	1	1	80	1881	1881	Gumas tribe		vol001_tropicalagricult1188ceyl#1881-07#018
2251	gun lascars	1	1	90	1893	1893	Gun Lascars	military unit	vol013_tropicalagricult1318ceyl#1893-08#002
2252	gune, boistelman, potgeiter	1	1	90	1898	1898	Messrs. Gune, Boistelman, Potgeiter	farmers	vol017_tropicalagricult1718ceyl#1898-06#026
2253	gurkha	1	1	90	1890	1890	Goorkha	police force	vol009_tropicalagricult9188ceyl#1890-05#001
2254	guzerat	1	1	80	1889	1889	Guzerat	merchants trading in diamonds	vol009_tropicalagricult9188ceyl#1889-10#111
2255	guzerati	1	1	00	1909	1909	Guzerati	type of cattle	vol033_tropicalagricul331909ceyl#1909-08#041
2256	gwas 'ngishu masia	1	1	00	1902	1902	Gwas 'Ngishu Masia	human inhabitants	vol021_tropicalagricult2119ceyl#1902-01#042
2257	gypsies	1	1	80	1882	1882	gipsies	besom-makers	vol002_tropicalagricult18821883colo#1882-08#055
2258	gánigas	1	1	80	1888	1888	Gánigas	class manufacturing castor-oil	vol007_tropicalagricult7188ceyl#1888-01#121
2259	h. n. rildey, c. curtis, leonard wray, a. b. stephens and robert derry	1	1	90	1898	1898	Messrs. H. N. Rildey, C. Curtis, Leonard Wray, A. B. Stephens and Robert Derry	planters expected to take the initiative	vol017_tropicalagricult1718ceyl#1898-02#015
2260	h.m. consular officers	1	1	10	1912	1912	H.M. Consular Officers	source of reports	vol038_tropicalagricul381912ceyl#1912-06#054
2261	h.m. navy	1	1	90	1895	1895	H.M. Navy	cricket team	vol014_tropicalagricult1418ceyl#1895-01#098
2262	hadij	1	1	80	1886	1886	Hadij	group mentioned in context of tools and trade	vol005_tropicalagricult18851886colo#1886-02#056
2263	hadji	1	1	80	1884	1884	hadji	ask for land	vol003_tropicalagricult18831884colo#1884-02#029
2264	haitian speculator	1	1	00	1902	1902	Haytian speculator	intermediary for coffee exports	vol021_tropicalagricult2119ceyl#1902-01#094
2265	hakeems	1	1	80	1888	1888	hakeems	indigenous doctors	vol008_tropicalagricult8188ceyl#1888-10#108
2266	hakka chinese	1	1	80	1889	1889	Hakka Chinese	settlers planting coffee	vol009_tropicalagricult9188ceyl#1889-09#073
2267	hal kurumbers	1	1	00	1903	1903	Hal Kurumbers	sect of Kurumbers, field labourers and magicians	vol022_tropicalagricult2219ceyl#1903-02#089
2268	haldees	1	1	00	1900	1900	haldees	people	vol020_tropicalagricult2019ceyl#1900-10#184
2269	haleya	1	1	90	1895	1895	Haleya	caste/community	vol015_tropicalagricult1518ceyl#1895-08#075
2270	half-indian camarada	1	1	80	1882	1882	half-Indian *camarada*	despised by free negroes	vol001_tropicalagricult1188ceyl#1882-05#021
2271	hallilean	1	1	80	1883	1883	Hallilean	sceptical group	vol002_tropicalagricult18821883colo#1883-04#017
2272	halwais	1	1	80	1885	1885	Halwais	using leaves for packing	vol004_tropicalagricult18841885colo#1885-05#126
2273	hamara	1	1	10	1910	1910	Hamara	people who value naturally hollow trees	vol034_tropicalagricul341910ceyl#1910-06#019
2274	hamburg jews	1	1	00	1902	1902	Hamburg Jews	group of tea dealers	vol021_tropicalagricult2119ceyl#1902-03#001
2275	hannali	1	1	00	1906	1906	Hannali	tailors	vol027_tropicalagricul271906ceyl#1906-09#020
2276	haquro	1	1	00	1906	1906	Haquro	jaggery caste people	vol027_tropicalagricul271906ceyl#1906-09#020
2277	harak vederalas	1	1	90	1899	1899	harak vederalas	healers	vol018_tropicalagricult1818ceyl#1899-06#130
2278	harmsworth family	1	1	00	1909	1909	Harmsworth family	interested in the company	vol032_tropicalagricul321909ceyl#1909-03#058
2279	harper and davidson	1	1	90	1893	1893	Messrs. Harper and Davidson	new proprietors of Arampola estate	vol012_tropicalagricult1218ceyl#1893-01#094
2280	harrari	1	1	00	1901	1901	Harrari		vol020_tropicalagricult2019ceyl#1901-01#103
2281	harrison and leake	1	1	10	1910	1910	Messrs. Harrison and Leake	agents for Keir Dundas & Co.	vol035_tropicalagricul351910ceyl#1910-09#066
2282	harrison, leake and james taylor	1	1	90	1896	1896	Messrs. Harrison, Leake and James Taylor	pioneers in tea	vol015_tropicalagricult1518ceyl#1896-06#105
2283	harvey brothers	1	1	30	1931	1931	Harvey brothers	owners of San Jose Plantation	vol077_tdl-34003-the-tropical-agriculturist-the-agricultural-journa#1931-11#003
2284	hasaraths	1	1	90	1891	1891	Hasaraths		vol011_tropicalagricult1118ceyl#1891-10#120
2285	hatarawaran dewiyō	1	1	90	1891	1891	Hatarawaran Dewiyō	gods of the four regions of the globe	vol011_tropicalagricult1118ceyl#1891-08#153
2286	haviks	1	1	00	1900	1900	Haviks	class among the Brahmins	vol020_tropicalagricult2019ceyl#1900-09#176
2287	havor	1	1	80	1886	1886	Havor	island tribe	vol005_tropicalagricult18851886colo#1886-02#113
2288	havre brokers	1	1	80	1881	1881	Havre brokers	brokers	vol001_tropicalagricult1188ceyl#1881-08#035
2289	hawa	1	1	90	1891	1891	Hawa	regiment stationed in Elmina	vol010_tropicalagricult1018ceyl#1891-03#115
2290	hawaiian planters	1	1	90	1898	1898	Hawaiian planters		vol018_tropicalagricult1818ceyl#1898-12#036
2291	hawaiian sugar and coffee planters	1	1	90	1899	1899	Hawaiian sugar and coffee planters	sugar and coffee planters	vol018_tropicalagricult1818ceyl#1899-02#047
2292	hawas	1	1	80	1882	1882	Hawas		vol001_tropicalagricult1188ceyl#1882-02#002
2293	haytians	1	1	00	1908	1908	Haytians	People playing with rubber balls	vol030_tropicalagricul301908ceyl#1908-02#044
2294	head kanganis	1	1	00	1903	1903	Head Kanganis	supervisors	vol023_tropicalagricult2319ceyl#1903-10#114
2295	heath, tokmakoff, tchokoff, thomson and lampard	1	1	00	1900	1900	Messrs. Heath, Tokmakoff, Tchokoff, Thomson and Lampard	letter writing committee	vol019_tropicalagricult1918ceyl#1900-01#010
2296	heathen	1	1	90	1890	1890	Heathen	target of evangelism	vol010_tropicalagricult1018ceyl#1890-11#036
2297	hebridean	1	1	80	1886	1886	Hebridean	crofters	vol006_tropicalagricult18861887colo#1886-10#062
2298	helpers of holy souls in purgatory	1	1	90	1896	1896	H. O. T. H. S.	Catholic order	vol015_tropicalagricult1518ceyl#1896-03#033
2299	helpers of the holy soul	1	1	90	1896	1896	Helpers of the Holy Soul	Catholic order	vol015_tropicalagricult1518ceyl#1896-03#033
2300	henayo	1	1	00	1906	1906	Henayo	dhooby	vol027_tropicalagricul271906ceyl#1906-09#020
2301	henderson, holwell, and haith	1	1	90	1893	1893	Messrs. Henderson, Holwell, and Haith	tennis players	vol012_tropicalagricult1218ceyl#1893-05#006
2302	henderson, mcclaverty and thorp	1	1	90	1891	1891	Messrs. Henderson, McClaverty and Thorp	exhibitors from St. Andrew	vol010_tropicalagricult1018ceyl#1891-05#064
2303	hepburns of hailes	1	1	00	1900	1900	Hepburns of Hailes	family branch	vol019_tropicalagricult1918ceyl#1900-02#001
2304	her majesty's consular officers	1	1	80	1884	1884	Her Majesty's Consular Officers	in China	vol004_tropicalagricult18841885colo#1884-07#081
2305	herbivora	1	1	90	1895	1895	herbivora	class of animals	vol015_tropicalagricult1518ceyl#1895-09#193
2306	hereford	1	1	00	1903	1903	Hereford	breed of bullocks	vol023_tropicalagricult2319ceyl#1903-10#147
2307	hereros	1	1	00	1903	1903	Hereros	native people	vol022_tropicalagricult2219ceyl#1903-02#009
2308	hessian troops	1	1	80	1888	1888	Hessian troops	troops	vol007_tropicalagricult7188ceyl#1888-01#018
2309	highland crofters	1	1	90	1894	1894	Highland Crofters	proposed emigrants	vol013_tropicalagricult1318ceyl#1894-04#049
2310	hill and rathbone	1	1	80	1887	1887	Messrs. Hill and Rathbone	Planters	vol006_tropicalagricult18861887colo#1887-06#113
2311	hill coolies	1	1	80	1889	1889	hill coolies	rice growers	vol008_tropicalagricult8188ceyl#1889-06#092
2312	hill ryot	1	1	00	1902	1902	Hill ryot	smallholder farmer in the hills	vol022_tropicalagricult2219ceyl#1902-10#022
2313	hill shan	1	1	80	1889	1889	Hill Shan	tribes in Upper Burma	vol009_tropicalagricult9188ceyl#1889-07#140
2314	hill tribes	1	1	90	1893	1893	hill tribes	illicit tappers	vol012_tropicalagricult1218ceyl#1893-05#038
2315	hill tribes of north india	1	1	90	1896	1896	hill tribes of North India		vol016_tropicalagricult1618ceyl#1896-10#125
2316	hill tribes of the higher himalaya	1	1	80	1889	1889	hill tribes of the higher Himalaya	potential traders	vol009_tropicalagricult9188ceyl#1889-09#049
2317	hill tribes of the north-western himalaya	1	1	90	1890	1890	hill tribes of the North-Western Himalaya		vol010_tropicalagricult1018ceyl#1890-08#161
2318	hill-tribes	1	1	90	1896	1896	hill-tribes		vol016_tropicalagricult1618ceyl#1896-09#093
2319	himalayan	1	1	90	1897	1897	Himalayan	character of the new north wing	vol017_tropicalagricult1718ceyl#1897-12#102
2320	himalayan planters	1	1	80	1885	1885	Himalayan planters	competitors in Central Asia	vol004_tropicalagricult18841885colo#1885-06#015
2321	hinayana	1	1	90	1898	1898	Hinayana	school of Buddhism	vol017_tropicalagricult1718ceyl#1898-06#128
2322	hindoo castes	1	1	80	1887	1887	Hindoo castes	subject of paper	vol007_tropicalagricult7188ceyl#1887-07#057
2323	hindoo group	1	1	80	1889	1889	Hindoo group	group of cotton mills	vol008_tropicalagricult8188ceyl#1889-01#077
2324	hindostani	1	1	90	1895	1895	Hindostani	language spoken	vol014_tropicalagricult1418ceyl#1895-05#101
2325	hindu castes	1	1	80	1889	1889	Hindu Castes	subject of paper	vol009_tropicalagricult9188ceyl#1889-08#030
2326	hindu community	1	1	20	1923	1923	Hindu community	community	vol060_lbg-tropicalagricultvol-lx-1923-0000unse-n0c4#1923-03#015
2327	hindu coolie	1	1	80	1881	1881	Hindu coolie	labourers	vol001_tropicalagricult1188ceyl#1881-12#001
2328	hindu kings	1	1	80	1884	1884	Hindu Kings	reigning during the trade period	vol003_tropicalagricult18831884colo#1884-02#036
2329	hindu philosophy	1	1	90	1899	1899	Hindu Philosophy	philosophical tradition	vol018_tropicalagricult1818ceyl#1899-06#158
2330	hindu rajput	1	1	40	1940	1940	Hindu Rajput		vol095_iss01_tropical-agriculturist-1940-07-95-1#1940-07#007
2331	hindu sages	1	1	90	1899	1899	Hindu sages	old Hindu sages or Rishis	vol018_tropicalagricult1818ceyl#1899-02#140
2332	hindu sects	1	1	90	1896	1896	Hindu sects	religious groups denying tobacco	vol016_tropicalagricult1618ceyl#1896-07#030
2333	hindu washer-men	1	1	90	1896	1896	Hindu washer-man		vol016_tropicalagricult1618ceyl#1896-09#117
2334	hindu-chinese	1	1	80	1884	1884	Hindu-Chinese	group that does not use coffee	vol003_tropicalagricult18831884colo#1884-06#021
2335	hindus of bengal	1	1	90	1891	1891	Hindus of Bengal		vol010_tropicalagricult1018ceyl#1891-01#071
2336	hindustanee	1	1	90	1891	1891	Hindustanee	language of inscription	vol010_tropicalagricult1018ceyl#1891-01#068
2337	hittite	1	1	90	1891	1891	Hittite	origin of gems	vol011_tropicalagricult1118ceyl#1891-07#163
2338	hogans	1	1	00	1902	1902	Hogans	American family	vol022_tropicalagricult2219ceyl#1902-07#106
2339	hogg and braithwaite	1	1	80	1884	1884	Messrs. Hogg and Braithwaite	chemists	vol003_tropicalagricult18831884colo#1884-02#101
2340	hoi pouloi	1	1	90	1897	1897	hoi pouloi		vol016_tropicalagricult1618ceyl#1897-05#031
2341	hokien	1	1	80	1887	1887	Hokien	coolies	vol007_tropicalagricult7188ceyl#1887-09#028
2342	hokkien	1	1	80	1887	1887	Kheh	Chinese dialect group	vol007_tropicalagricult7188ceyl#1887-08#096
2343	holijah	1	1	90	1890	1890	Holijah	labourers	vol010_tropicalagricult1018ceyl#1890-07#088
2344	holmes, wilkinson and simpson	1	1	80	1889	1889	Messrs. Holmes, Wilkinson and Simpson	suppliers of cacao seed	vol009_tropicalagricult9188ceyl#1889-12#067
2345	home buyers	1	1	10	1910	1910	Home buyers	buyers	vol035_tropicalagricul351910ceyl#1910-12#011
2346	home trade	1	1	90	1896	1896	home trade		vol015_tropicalagricult1518ceyl#1896-06#138
2347	home-ruler	1	1	80	1888	1888	Home-Ruler	political party	vol007_tropicalagricult7188ceyl#1888-02#076
2348	hong merchants	1	1	80	1885	1885	Hong merchants	Cantonese merchants	vol005_tropicalagricult18851886colo#1885-08#004
2349	honzes	1	1	90	1893	1893	honzes	protecting interests against Indian planter	vol012_tropicalagricult1218ceyl#1893-04#034
2350	hopi indian tribe	1	1	90	1899	1899	Hopi Indian tribe	native Indian tribe	vol019_tropicalagricult1918ceyl#1899-09#111
2351	hopi indians	1	1	00	1900	1900	Hopi Indians	makers of Yucca oil baskets and others	vol019_tropicalagricult1918ceyl#1900-06#147
2352	hoppenstadt and gillett	1	1	00	1902	1902	Messrs. Hoppenstadt and Gillett	settlers	vol022_tropicalagricult2219ceyl#1902-07#106
2353	horsford family	1	1	00	1902	1902	Horsford family	party to the purchase	vol021_tropicalagricult2119ceyl#1902-05#095
2354	horticultural societies	1	1	10	1914	1914	Horticultural Societies		vol043_lbg-tropicalagricultvol-xliii0000unse-c5y3#1914-09#044
2355	hottentot	1	1	80	1884	1884	Hottentot	natives using Agathosma	vol003_tropicalagricult18831884colo#1884-05#071
2356	house of hanover	1	1	90	1897	1897	House of Hanover	royal house	vol017_tropicalagricult1718ceyl#1897-08#135
2357	house of montrose	1	1	00	1900	1900	House of Montrose	noble family	vol019_tropicalagricult1918ceyl#1900-02#001
2358	hova methodists	1	1	80	1883	1883	Hova Methodists	religious group	vol003_tropicalagricult18831884colo#1883-07#042
2359	hsuan-wei ssu	1	1	90	1890	1890	Hsuan-wei Ssu	ethnic group	vol009_tropicalagricult9188ceyl#1890-03#057
2360	hughes and petch	1	1	00	1909	1909	Messrs. Hughes and Petch	advocates of burying prunings	vol032_tropicalagricul321909ceyl#1909-03#062
2361	hui-chow men	1	1	90	1895	1895	Hui-chow men	skilled workers	vol015_tropicalagricult1518ceyl#1895-09#148
2362	huillac umu	1	1	80	1882	1882	Huillac Umu	high priests	vol001_tropicalagricult1188ceyl#1882-06#077
2363	hukks	1	1	90	1897	1897	Hukks	immigrants from South China	vol016_tropicalagricult1618ceyl#1897-06#064
2364	hulangomwe	1	1	00	1906	1906	Hulangomwe	family	vol027_tropicalagricul271906ceyl#1906-09#020
2365	hullett family	1	1	90	1893	1893	Hullett	residents of Kearsney	vol012_tropicalagricult1218ceyl#1893-05#006
2366	human	1	1	80	1881	1881	human subject	host animal	vol001_tropicalagricult1188ceyl#1881-10#081
2367	human beings	1	1	40	1940	1940	human beings	subject of metabolic study	vol094_iss03_tropical-agriculturist-1940-03-94-3#1940-03#010
2368	hung-fung dynasty	1	1	90	1892	1892	Hung-Fung	dynasty	vol012_tropicalagricult1218ceyl#1892-10#010
2369	hungarian farmers	1	1	10	1914	1914	Hungarian farmers		vol042_lbg-630-5-tag-v-42#1914-05#040
2370	hunno	1	1	00	1906	1906	Hunno	chunam-burners	vol027_tropicalagricul271906ceyl#1906-09#020
2371	hurons	1	1	80	1884	1884	Hurons		vol003_tropicalagricult18831884colo#1884-04#114
2372	hutchinson bros.	1	1	80	1888	1888	Hutchinson Bros.	farmers	vol007_tropicalagricult7188ceyl#1888-02#120
2373	hyderabad contingent cavalry	1	1	90	1892	1892	Hyderabad Contingent Cavalry	regiments using kitool brushes	vol012_tropicalagricult1218ceyl#1892-08#013
2374	hyell, boyle, and wallace	1	1	90	1898	1898	Messrs. Hyell, Boyle, and Wallace	sub-committee	vol018_tropicalagricult1818ceyl#1898-09#088
2375	hysterical brigade	1	1	90	1895	1895	Hysterical Brigade	group at Home	vol014_tropicalagricult1418ceyl#1895-06#020
2376	ibanag	1	1	20	1921	1921	Ibanag	dialect	vol047_lbg-630-5-tag-v-47#1921-07#008
2377	ibo	1	1	30	1939	1939	Ibo	people inhabiting the palm belt	vol093_iss03_tropical-agriculturist-1939-09-93-3#1939-09#011
2378	ida'an	1	1	80	1881	1881	Ida'an	villagers	vol001_tropicalagricult1188ceyl#1881-12#100
2379	idaiyars	1	1	90	1893	1893	Idaiyars	immigrants	vol012_tropicalagricult1218ceyl#1893-04#063
2380	idumaeans	1	1	90	1893	1893	Idumæans		vol012_tropicalagricult1218ceyl#1893-06#073
2381	igorots	1	1	00	1907	1907	Igerotes	wild people	vol028_tropicalagricul281907ceyl#1907-02#021
2382	igorrote	1	1	00	1903	1903	Igorrote	women of the Union Province	vol023_tropicalagricult2319ceyl#1903-09#082
2383	igorrotes	1	1	90	1893	1893	Igorrotes	tribe in the mountains in the west of Luzon	vol013_tropicalagricult1318ceyl#1893-11#113
2384	ilanun	1	1	80	1886	1886	Ilanun	people	vol006_tropicalagricult18861887colo#1886-07#010
2385	illamins	1	1	90	1890	1890	Illamins	pirates	vol010_tropicalagricult1018ceyl#1890-11#099
2386	illyrians	1	1	30	1933	1933	Illyrians	people	vol080_dli-ernet-229226#1933-05#015
2387	ilocanos	1	1	00	1909	1909	Ilocanos	people described as agriculturally inclined	vol032_tropicalagricul321909ceyl#1909-06#039
2388	immigrants	1	1	80	1887	1887	immigrants	class of inhabitants	vol007_tropicalagricult7188ceyl#1887-07#001
2389	imperial entomologists	1	1	40	1943	1943	Imperial Entomologists	conference attendees	vol099_iss04_tropical-agriculturist-october-december-1943-99-4#1943-10/12#010
2390	importadores	1	1	00	1900	1900	Importadores	class of merchants importing goods	vol020_tropicalagricult2019ceyl#1900-10#005
2391	importers	1	1	90	1899	1899	Importers	party in tea dispute	vol019_tropicalagricult1918ceyl#1899-12#107
2392	incas of peru	1	1	90	1895	1895	Incas of Peru	ancient civilization	vol014_tropicalagricult1418ceyl#1895-03#004
2393	inchbraikie	1	1	00	1900	1900	Inchbraikie	family branch	vol019_tropicalagricult1918ceyl#1900-02#001
2394	indentured coolies	1	1	90	1896	1896	indentured coolies		vol016_tropicalagricult1618ceyl#1896-12#094
2395	india rubber manufacturers	1	1	00	1900	1900	India Rubber Manufacturers		vol019_tropicalagricult1918ceyl#1900-06#058
2396	india-rubber manufacturers	1	1	00	1901	1901	india-rubber manufacturers	manufacturers	vol020_tropicalagricult2019ceyl#1901-04#037
2397	indian 'roots'	1	1	90	1896	1896	Indian 'roots'	small cultivators	vol015_tropicalagricult1518ceyl#1896-02#016
2398	indian agriculture	1	1	00	1909	1909	Indian agriculture	sector	vol033_tropicalagricul331909ceyl#1909-11#011
2399	indian agriculturists	1	1	90	1897	1897	Indian Agriculturists		vol016_tropicalagricult1618ceyl#1897-05#031
2400	indian and ceylon garden owners	1	1	00	1901	1901	Indian and Ceylon Garden Owners	proposing combined action on production	vol020_tropicalagricult2019ceyl#1901-03#039
2401	indian borahs	1	1	30	1932	1932	Indian Borahs	middlemen dealing in chillies	vol079_iss02_tropical-agriculturist-1932-08-79-2#1932-08#013
2402	indian bullocks	1	1	10	1917	1917	Indian bullocks	draft animals	vol049_iss03_tropical-agriculturist-1917-09-49-3#1917-09#002
2403	indian captives	1	1	80	1888	1888	Indian captives	slaves	vol008_tropicalagricult8188ceyl#1888-09#103
2404	indian cattle breeds	1	1	40	1945	1945	Indian breeds		vol101_iss04_tropical-agriculturist-october-december-1945-101-4#1945-10/12#008
2405	indian coast bulls	1	1	20	1926	1926	Indian coast bulls	livestock	vol067_iss02_tropical-agriculturist-1926-08-67-2#1926-08#013
2406	indian doctors	1	1	90	1890	1890	Indian doctors		vol009_tropicalagricult9188ceyl#1890-06#057
2407	indian emigrant coolies	1	1	80	1882	1882	Indian emigrant coolies	laborers	vol001_tropicalagricult1188ceyl#1882-04#143
2408	indian emigrants	1	1	00	1901	1901	Indian emigrants	potential tea consumers	vol020_tropicalagricult2019ceyl#1901-03#074
2409	indian gardens	1	1	80	1887	1887	Indian gardens		vol006_tropicalagricult18861887colo#1887-02#055
2410	indian gipsies	1	1	80	1889	1889	Indian gipsies		vol008_tropicalagricult8188ceyl#1889-02#123
2411	indian hill tribes	1	1	00	1906	1906	Indian hill tribes	practitioners of jhuming	vol027_tropicalagricul271906ceyl#1906-07#019
2412	indian immigrant	1	1	80	1889	1889	Indian immigrant	labourer	vol009_tropicalagricult9188ceyl#1889-09#088
2413	indian laborers	1	1	80	1882	1882	Indian laborers	workers	vol002_tropicalagricult18821883colo#1882-08#056
2414	indian merchants	1	1	00	1907	1907	Indian merchants	buyers of ground nuts	vol028_tropicalagricul281907ceyl#1907-03#010
2415	indian mohammedans	1	1	90	1898	1898	Indian Mohammedans	religious group	vol017_tropicalagricult1718ceyl#1898-04#004
2416	indian natives	1	1	90	1896	1896	Indian natives	consumers of papain	vol016_tropicalagricult1618ceyl#1896-12#064
2417	indian peasant	1	1	80	1883	1883	Indian peasant		vol003_tropicalagricult18831884colo#1883-11#039
2418	indian planter	1	1	90	1896	1896	Indian Planter	planters in India	vol016_tropicalagricult1618ceyl#1896-08#006
2419	indian princes	1	1	90	1890	1890	Indian princes	gem diggers	vol009_tropicalagricult9188ceyl#1890-02#107
2420	indian rajahs	1	1	90	1892	1892	Indian Rajahs	buyers of gems	vol012_tropicalagricult1218ceyl#1892-10#006
2421	indian ramasamy	1	1	90	1897	1897	Indian Ramasamy	competing labour group	vol017_tropicalagricult1718ceyl#1897-08#039
2422	indian rayat	1	1	80	1882	1882	Indian rayat	peasants	vol001_tropicalagricult1188ceyl#1882-05#086
2423	indian slaves	1	1	80	1888	1888	Indian slaves		vol008_tropicalagricult8188ceyl#1888-07#097
2424	indian spice dealers	1	1	30	1934	1934	Indian spice dealers	traders	vol082_dli-ernet-229227#1934-03#008
2425	indian tea industry	1	1	90	1898	1898	Indian Tea Industry	industry that would save money	vol018_tropicalagricult1818ceyl#1898-08#002
2426	indian tea people	1	1	00	1900	1900	Indian tea people		vol019_tropicalagricult1918ceyl#1900-04#088
2427	indian traders and merchants	1	1	90	1893	1893	Indian traders and merchants	holders of encumbered estates	vol012_tropicalagricult1218ceyl#1893-02#051
2428	indian tribes of tropical south america	1	1	40	1940	1940	Indian tribes of tropical South America		vol095_iss01_tropical-agriculturist-1940-07-95-1#1940-07#008
2429	indian villagers	1	1	90	1896	1896	Indian villagers	claiming rights over lands	vol016_tropicalagricult1618ceyl#1896-08#041
2430	indian workmen	1	1	00	1902	1902	Indian workmen	staff at the Oriental Boot Emporium	vol021_tropicalagricult2119ceyl#1902-02#048
2431	indians of bolivia	1	1	90	1899	1899	Indians of Bolivia	collectors of wild vanilla	vol018_tropicalagricult1818ceyl#1899-03#001
2432	indians of british guiana	1	1	80	1885	1885	Indians of British Guiana	subject of book	vol004_tropicalagricult18841885colo#1885-03#120
2433	indians of central america	1	1	80	1883	1883	Indians of Central America	people	vol003_tropicalagricult18831884colo#1883-11#031
2434	indians of chile	1	1	80	1882	1882	Indians of Chile	consumers of Araucaria seeds	vol001_tropicalagricult1188ceyl#1882-05#074
2435	indians of colombia	1	1	00	1909	1909	Indians of Columbia	people	vol032_tropicalagricul321909ceyl#1909-03#022
2436	indians of guatemala	1	1	30	1934	1934	Indians of Guatemala		vol082_dli-ernet-229227#1934-06#008
2437	indians of north-west america	1	1	80	1882	1882	Indians of North-West America	collectors of cones	vol001_tropicalagricult1188ceyl#1882-05#074
2438	indians of paraguay	1	1	80	1884	1884	Indians of Paraguay	users of maize	vol004_tropicalagricult18841885colo#1884-09#071
2439	indians of south america	1	1	90	1897	1897	Indians of South America	people	vol016_tropicalagricult1618ceyl#1897-06#145
2440	indians of the amazon and orinoco basins	1	1	00	1906	1906	Indians of the Amazon and Orinoco basins	gatherers of Para rubber	vol026_tropicalagricul261906ceyl#1906-02#009
2441	indians of the amazon territory	1	1	80	1887	1887	Indians of the Amazon territory	producers of guarana paste	vol007_tropicalagricult7188ceyl#1887-12#012
2442	indians of urusapan	1	1	90	1896	1896	Indians of Urusapan	use chicalote oil for paintings	vol016_tropicalagricult1618ceyl#1896-08#059
2443	indigenous black cattle	1	1	30	1936	1936	indigenous black cattle	animals used in grazing experiments	vol086_dli-ernet-229228#1936-06#003
2444	indios	1	1	90	1893	1893	Indios	natives called by the Spaniards	vol013_tropicalagricult1318ceyl#1893-11#113
2445	indo-aryan	1	1	00	1907	1907	Indo-Aryan		vol028_tropicalagricul281907ceyl#1907-06#029
2446	indo-australian	1	1	10	1919	1919	Indo-Australian	cross breeds of milch cows	vol053_iss02_tropical-agriculturist-1919-08-53-2#1919-08#042
2447	indo-european	1	1	80	1889	1889	Indo-European		vol009_tropicalagricult9188ceyl#1889-08#103
2448	indo-mauritians	1	1	80	1884	1884	Indo-Mauritians	becoming small land-owners	vol004_tropicalagricult18841885colo#1884-09#022
2449	indo-pacific fauna	1	1	00	1900	1900	Indo-Pacific Fauna	biogeographical group	vol020_tropicalagricult2019ceyl#1900-12#025
2450	indo-syctian	1	1	80	1884	1884	Indo-Syctian	peoples	vol003_tropicalagricult18831884colo#1884-06#063
2451	indochinese	1	1	10	1910	1910	Indochinois	people	vol034_tropicalagricul341910ceyl#1910-01#033
2452	ingleses	1	1	80	1886	1886	Ingleses	term for English/Americans	vol005_tropicalagricult18851886colo#1886-02#095
2453	inka	1	1	80	1887	1887	Inka	language origin of word maté	vol007_tropicalagricult7188ceyl#1887-12#028
2454	inkas	1	1	90	1899	1899	Inkas	aboriginal civilization	vol019_tropicalagricult1918ceyl#1899-09#111
2455	inspectors	1	1	00	1908	1908	Inspectors	appointed to see that trees are treated or cut down	vol030_tropicalagricul301908ceyl#1908-01#055
2456	ionians	1	1	40	1945	1945	Ionians		vol101_iss03_tropical-agriculturist-july-september-1945-101-3#1945-07/09#008
2457	irani parsees	1	1	90	1896	1896	Irani Parsees	community	vol015_tropicalagricult1518ceyl#1896-02#135
2458	irish home rulers	1	1	90	1890	1890	Irish Home Rulers	political group	vol010_tropicalagricult1018ceyl#1890-08#063
2459	irish niggers	1	1	00	1902	1902	Irish Niggers	inhabitants of Montserrat	vol021_tropicalagricult2119ceyl#1902-01#018
2460	irish party	1	1	90	1892	1892	Irish Party	political party	vol011_tropicalagricult1118ceyl#1892-05#072
2461	irish trade	1	1	80	1887	1887	Irish trade	market segment seeking Small Broken Pekoes	vol006_tropicalagricult18861887colo#1887-05#123
2462	irish-americans	1	1	90	1890	1890	Irish-American		vol009_tropicalagricult9188ceyl#1890-05#115
2463	ironsides of cromwell	1	1	00	1907	1907	Ironsides of Cromwell	historical group used as analogy	vol028_tropicalagricul281907ceyl#1907-03#014
2464	iroquois	1	1	90	1891	1891	Iroquois	language group	vol010_tropicalagricult1018ceyl#1891-05#080
2465	irrigation headmen	1	1	40	1944	1944	Irrigation Headmen	Officials (Vel Vidanes)	vol100_iss03_tropical-agriculturist-july-september-1944-100-3#1944-07/09#015
2466	irulars	1	1	00	1908	1908	Irulars	hill tribes	vol031_tropicalagricul311908ceyl#1908-07#022
2467	irulas	1	1	00	1904	1904	Irulas	collecting agents	vol023_tropicalagricult2319ceyl#1904-03#007
2468	islamites	1	1	80	1888	1888	Islamites		vol007_tropicalagricult7188ceyl#1888-02#069
2469	issa	1	1	00	1901	1901	Issa	tribe of Somalis	vol020_tropicalagricult2019ceyl#1901-04#104
2470	italian colonies	1	1	10	1912	1912	Italian colonies	neighbouring colonies	vol039_tropicalagricul391912ceyl#1912-07#026
2471	italian emigrants	1	1	90	1897	1897	Italian emigrants	workers on the plantation	vol017_tropicalagricult1718ceyl#1897-12#004
2472	italian houses	1	1	90	1895	1895	Italian houses	buyers of coffee	vol015_tropicalagricult1518ceyl#1895-09#105
2473	italian labourers	1	1	00	1900	1900	Italian labourers	workers in Brazil	vol019_tropicalagricult1918ceyl#1900-01#080
2474	italian prisoners of war	1	1	40	1941	1941	Italian Prisoners of War	requisitioned for rice cultivation	vol097_iss06_tropical-agriculturist-1941-12-97-6#1941-12#012
2475	italian vendors	1	1	80	1882	1882	Italian vendors	buyers of damaged fruit	vol002_tropicalagricult18821883colo#1882-09#147
2476	ittoo	1	1	90	1896	1896	Ittoo	Galla subgroup	vol015_tropicalagricult1518ceyl#1896-02#001
2477	iwasaki family	1	1	00	1908	1908	Iwasaki family		vol031_tropicalagricul311908ceyl#1908-07#055
2478	j. latimer and sons	1	1	00	1909	1909	Messrs. J. Latimer and Sons	arrowroot growers	vol032_tropicalagricul321909ceyl#1909-03#015
2479	jackson, halliley and cassie	1	1	90	1891	1891	Messrs. Jackson, Halliley and Cassie	erecting new machinery at Carlabeck	vol011_tropicalagricult1118ceyl#1891-11#048
2480	jacques, delcommune and gillain	1	1	00	1902	1902	Messrs. Jacques, Delcommune and Gillain	affirm eastern region is covered with forests	vol021_tropicalagricult2119ceyl#1902-04#002
2481	jaffanese	1	1	10	1914	1914	Jaffanese	farmers	vol042_lbg-630-5-tag-v-42#1914-01#018
2482	jaffars	1	1	90	1894	1894	Jaffers	majority of Ceylonese immigrants	vol014_tropicalagricult1418ceyl#1894-12#022
2483	jaffna cultivators	1	1	80	1883	1883	Jaffna cultivators		vol003_tropicalagricult18831884colo#1883-11#093
2484	jaffna gardeners	1	1	90	1893	1893	Jaffna gardeners	buyers of grafted plants	vol012_tropicalagricult1218ceyl#1893-06#147
2485	jaffna men	1	1	80	1887	1887	Jaffna man	people of Jaffna	vol007_tropicalagricult7188ceyl#1887-10#078
2486	jaffna population	1	1	10	1913	1913	Jaffna population	consumers of palmyra paste	vol040_lbg-630-5-tag-v-40#1913-02#007
2487	jaggeros	1	1	80	1885	1885	Jaggeros	Caste who prepare sugar in Ceylon	vol004_tropicalagricult18841885colo#1885-03#145
2488	jaggery-caste	1	1	90	1892	1892	Jaggery-caste		vol012_tropicalagricult1218ceyl#1892-07#117
2489	jain	1	1	80	1886	1886	Jain	religious group	vol006_tropicalagricult18861887colo#1886-10#041
2490	jain cooumbers	1	1	90	1899	1899	Jain Cooumbers	honey men, or honey collectors	vol018_tropicalagricult1818ceyl#1899-06#004
2491	jakun	1	1	80	1889	1889	Jakun	people	vol009_tropicalagricult9188ceyl#1889-12#113
2492	jalgars	1	1	90	1892	1892	jalgars	gold-washers	vol012_tropicalagricult1218ceyl#1892-12#054
2493	jaluo	1	1	30	1938	1938	Jaluo	natives from South Kavirondo	vol091_tropical-agriculturist-1938-07-91#1938-07#009
2494	jamaica carib	1	1	00	1908	1908	Jamaica Carib	pre-Columbian people	vol030_tropicalagricul301908ceyl#1908-03#009
2495	jamaica creole settlers	1	1	90	1890	1890	Jamaica Creole settlers	local population	vol009_tropicalagricult9188ceyl#1890-01#120
2496	jamaica girls	1	1	80	1885	1885	Jamaica girls		vol004_tropicalagricult18841885colo#1885-03#088
2497	jamaica negroes	1	1	80	1882	1882	Jamaica negroes	labourers	vol002_tropicalagricult18821883colo#1882-11#041
2498	james blackett and john drummond	1	1	80	1881	1881	Messrs. James Blackett and John Drummond	examiners of results	vol001_tropicalagricult1188ceyl#1881-07#111
2499	janglis	1	1	10	1910	1910	Janglis		vol035_tropicalagricul351910ceyl#1910-12#022
2500	japanese authorities	1	1	00	1902	1902	Japanese authorities	government	vol022_tropicalagricult2219ceyl#1902-10#011
2501	japanese coolies	1	1	90	1892	1892	Japanese coolies	labourers used by planters	vol011_tropicalagricult1118ceyl#1892-01#030
2502	japanese tea merchants	1	1	90	1897	1897	Japanese tea merchants	committee	vol016_tropicalagricult1618ceyl#1897-02#089
2503	japanese tea trade	1	1	00	1903	1903	Japanese Tea Trade		vol023_tropicalagricult2319ceyl#1903-10#132
2504	jardine	1	1	10	1912	1912	Jardine	family associated with cinnamon estates	vol039_tropicalagricul391912ceyl#1912-11#042
2505	jardine, lamont, beven and others	1	1	90	1891	1891	Messrs. Jardine Lamont, Beven and others	coconut planters	vol011_tropicalagricult1118ceyl#1891-07#112
2506	jardine, wright and nicholas	1	1	90	1896	1896	Messrs. Jardine, Wright and Nicholas	experienced planters	vol015_tropicalagricult1518ceyl#1896-01#097
2507	jas. forbes and somerville	1	1	80	1888	1888	Messrs. Jas. Forbes and Somerville	Colombo brokers	vol008_tropicalagricult8188ceyl#1888-08#039
2508	jaths	1	1	90	1893	1893	jaths	groups	vol012_tropicalagricult1218ceyl#1893-03#061
2509	jats	1	1	80	1883	1883	Jats	agricultural class of Upper India	vol003_tropicalagricult18831884colo#1883-07#095
2510	java cinchona planters	1	1	80	1883	1883	Java cinchona planters	buyers of grafts	vol002_tropicalagricult18821883colo#1883-06#131
2511	javas	1	1	90	1896	1896	Javas		vol015_tropicalagricult1518ceyl#1896-01#048
2512	jayawardene, silva, and rodrigo	1	1	90	1892	1892	Messrs. Jayawardene, Silva, and Rodrigo	assistant masters	vol011_tropicalagricult1118ceyl#1892-01#097
2513	jeheinah tribe	1	1	00	1903	1903	Jeheinah tribe	pearl fishers	vol022_tropicalagricult2219ceyl#1903-03#096
2514	jemadar	1	1	90	1891	1891	Jemadar	military rank	vol010_tropicalagricult1018ceyl#1891-02#065
2515	jemindar	1	1	90	1895	1895	Jemindar	Headman, lessee of land	vol015_tropicalagricult1518ceyl#1895-10#069
2516	jesuit priests	1	1	90	1893	1893	Jesuit priests		vol012_tropicalagricult1218ceyl#1893-01#089
2517	jewish colonies	1	1	00	1900	1900	Jewish colonies	in Palestine	vol020_tropicalagricult2019ceyl#1900-10#013
2518	jewish colonists	1	1	30	1938	1938	Jewish colonist	agricultural group	vol091_tropical-agriculturist-1938-12-91#1938-12#008
2519	jewish colony	1	1	00	1900	1900	Jewish colony	purchasers of hives	vol020_tropicalagricult2019ceyl#1900-11#019
2520	jewish firms	1	1	80	1886	1886	Jewish firms	business entities in Jamaica	vol005_tropicalagricult18851886colo#1886-05#118
2521	jewish missionaries	1	1	80	1882	1882	Jewish missionaries		vol001_tropicalagricult1188ceyl#1882-04#128
2522	jewish population	1	1	90	1891	1891	Jewish population	diamond-cutters	vol011_tropicalagricult1118ceyl#1891-12#089
2523	jewish women	1	1	00	1908	1908	Jewish women	consumers of fenugreek seeds	vol030_tropicalagricul301908ceyl#1908-03#027
2524	jews of amsterdam	1	1	90	1890	1890	Jews of Amsterdam	sellers of sapphires	vol009_tropicalagricult9188ceyl#1890-02#074
2525	john and hamilton duncan	1	1	90	1896	1896	Messrs. John and Hamilton Duncan	brothers of A. H. Duncan	vol015_tropicalagricult1518ceyl#1896-05#011
2526	john bull	1	1	90	1899	1899	John Bull	personification of the English race	vol019_tropicalagricult1918ceyl#1899-11#015
2527	johnny bull	1	1	00	1903	1903	Johnny Bull		vol022_tropicalagricult2219ceyl#1903-02#052
2528	johnston, anstruther, wilson	1	1	90	1892	1892	Messrs. Johnston, Anstruther, Wilson	shareholders	vol011_tropicalagricult1118ceyl#1892-06#093
2529	jolha karigars	1	1	80	1883	1883	Jolha Karigars	weavers	vol003_tropicalagricult18831884colo#1883-07#095
2530	jollof	1	1	80	1885	1885	Jollof	language/people	vol004_tropicalagricult18841885colo#1885-01#106
2531	jolly jack tar	1	1	90	1898	1898	Jolly Jack Tar	sailors	vol018_tropicalagricult1818ceyl#1898-12#016
2532	jolof	1	1	80	1885	1885	Jolof	language/people	vol004_tropicalagricult18841885colo#1885-01#106
2533	jonqueiro family	1	1	90	1892	1892	Jonqueiro family	estate owners	vol011_tropicalagricult1118ceyl#1892-02#022
2534	joomer	1	1	80	1882	1882	joomer	or chenaer	vol002_tropicalagricult18821883colo#1882-11#001
2535	jotedars	1	1	80	1883	1883	jotedars	tenant proprietors	vol003_tropicalagricult18831884colo#1883-07#095
2536	joves	1	1	90	1892	1892	Joves	deities	vol012_tropicalagricult1218ceyl#1892-09#023
2537	judah	1	1	10	1914	1914	Judah	Biblical tribe	vol042_lbg-630-5-tag-v-42#1914-03#061
2538	jumbe	1	1	90	1895	1895	Jumbe	old headmen	vol015_tropicalagricult1518ceyl#1895-11#031
2539	jungalis	1	1	20	1927	1927	Jungalis	community	vol069_tropical-agriculturist-1927-09-69#1927-09#013
2540	jungle people	1	1	80	1889	1889	jungle people	community in Canara District	vol009_tropicalagricult9188ceyl#1889-10#140
2541	junole	1	1	90	1891	1891	junole	tribe in Wynaad	vol011_tropicalagricult1118ceyl#1891-08#135
2542	jute coolies	1	1	00	1900	1900	jute coolies	workers in jute mills	vol019_tropicalagricult1918ceyl#1900-02#093
2543	k. a. w. group of estates	1	1	80	1886	1886	K. A. W. group of estates	group of estates	vol005_tropicalagricult18851886colo#1886-02#077
2544	k. v.'s	1	1	20	1920	1920	K. V.'s	Community	vol055_lbg-630-5-tag-v-55#1920-11#020
2545	kabyles	1	1	20	1925	1925	Kabyles	people growing sorghum	vol065_iss01_tropical-agriculturist-1925-07-65-1#1925-07#015
2546	kach'hi	1	1	80	1886	1886	Kach'hi	gardeners	vol006_tropicalagricult18861887colo#1886-11#112
2547	kacharese	1	1	80	1886	1886	Kacharese	natives in Lower Assam	vol006_tropicalagricult18861887colo#1886-09#011
2548	kachari	1	1	90	1890	1890	Kachari	labourers	vol009_tropicalagricult9188ceyl#1890-05#121
2549	kacharies	1	1	80	1884	1884	Kacharies	coolies	vol004_tropicalagricult18841885colo#1884-08#109
2550	kacharis	1	1	90	1890	1890	Kacharis	tribe	vol009_tropicalagricult9188ceyl#1890-06#001
2551	kachcheis	1	1	90	1897	1897	Kachcheis		vol017_tropicalagricult1718ceyl#1897-08#100
2552	kachcheri clerks	1	1	90	1893	1893	Kachchéri clerks	community	vol012_tropicalagricult1218ceyl#1893-04#103
2553	kachin chiefs	1	1	90	1893	1893	Katchin Chiefs	collectors and sellers of rubber	vol012_tropicalagricult1218ceyl#1893-05#035
2554	kachis	1	1	10	1910	1910	kachis	specialised cultivators	vol034_tropicalagricul341910ceyl#1910-06#033
2555	kachyens	1	1	90	1890	1890	Kachyens	people from hills	vol010_tropicalagricult1018ceyl#1890-12#109
2556	kadai karen	1	1	90	1895	1895	Kadai Karen		vol015_tropicalagricult1518ceyl#1895-10#021
2557	kadayans	1	1	90	1891	1891	Kadayans	tribe in Borneo, potential coolies	vol011_tropicalagricult1118ceyl#1891-12#063
2558	kaddie-keepers	1	1	90	1895	1895	Kaddie-keepers	moneylenders	vol015_tropicalagricult1518ceyl#1895-07#043
2559	kader	1	1	90	1897	1897	Kader	race in the Anamalais	vol017_tropicalagricult1718ceyl#1897-09#037
2560	kadirs	1	1	90	1899	1899	Kadirs	Hill men	vol019_tropicalagricult1918ceyl#1899-09#080
2561	kaffas	1	1	90	1895	1895	Kaffas	natives of Kaffa	vol015_tropicalagricult1518ceyl#1895-12#105
2562	kaffer	1	1	80	1883	1883	Kaffer	tribes	vol003_tropicalagricult18831884colo#1883-08#076
2563	kafir tribes	1	1	10	1912	1912	Kafir tribes	origin of kafir sorghum	vol038_tropicalagricul381912ceyl#1912-03#010
2564	kagasingans	1	1	80	1883	1883	Kagasingans	tribe	vol002_tropicalagricult18821883colo#1883-04#150
2565	kagjis	1	1	00	1909	1909	Kagjis	class of Mahomedan paper-makers	vol033_tropicalagricul331909ceyl#1909-10#013
2566	kahtani	1	1	80	1887	1887	Kahtani	tribe	vol007_tropicalagricult7188ceyl#1887-11#045
2567	kai colo	1	1	80	1887	1887	Kai Colo	Fijian people	vol006_tropicalagricult18861887colo#1887-03#012
2568	kai tokalau	1	1	80	1884	1884	Kai Tokalau	Fijian name for Line Islanders	vol003_tropicalagricult18831884colo#1884-06#012
2569	kaivert	1	1	80	1883	1883	Kaivert	timber agricultural class	vol003_tropicalagricult18831884colo#1883-07#095
2570	kajis	1	1	00	1909	1909	Kajis	community engaged in paper making	vol033_tropicalagricul331909ceyl#1909-10#013
2571	kakhyens	1	1	80	1886	1886	Kakhyens	miners	vol005_tropicalagricult18851886colo#1886-02#131
2572	kalmoucks	1	1	90	1892	1892	Kalmoucks	consumers of tea bricks	vol011_tropicalagricult1118ceyl#1892-05#002
2573	kama	1	1	80	1886	1886	Kama	farmers	vol006_tropicalagricult18861887colo#1886-11#112
2574	kamchatdales	1	1	80	1889	1889	Kamchatdales	people using bark and sturgeon eggs as food	vol009_tropicalagricult9188ceyl#1889-09#004
2575	kamdars	1	1	10	1910	1910	kamdars	village officials	vol034_tropicalagricul341910ceyl#1910-06#033
2576	kammavar	1	1	90	1893	1893	Kammavar	caste	vol012_tropicalagricult1218ceyl#1893-05#099
2577	kammavars	1	1	90	1893	1893	Kammavars	caste	vol012_tropicalagricult1218ceyl#1893-05#099
2578	kampong malayas	1	1	20	1922	1922	Kampong Malayas	source of information	vol059_tropicalagricult0059unse#1922-12#002
2579	kamtschatdales	1	1	90	1893	1893	Kamtschatdales	people in Arctic Regions	vol012_tropicalagricult1218ceyl#1893-03#002
2580	kanacas	1	1	00	1900	1900	Kanacas	labourers	vol019_tropicalagricult1918ceyl#1900-06#042
2581	kanaka coolies	1	1	90	1896	1896	kanaka coolies	labourers	vol016_tropicalagricult1618ceyl#1896-09#027
2582	kanakapullai	1	1	20	1921	1921	kanakapullai	tapper	vol047_lbg-630-5-tag-v-47#1921-08#002
2583	kanakapulleys	1	1	90	1897	1897	Kanakapulleys	workers	vol016_tropicalagricult1618ceyl#1897-06#027
2584	kanakpillas	1	1	90	1899	1899	Kanakpillas	community	vol018_tropicalagricult1818ceyl#1899-06#001
2585	kanaks	1	1	80	1884	1884	kanaks	labourers	vol004_tropicalagricult18841885colo#1884-09#042
2586	kandal	1	1	90	1898	1898	Kandal	caste/community	vol018_tropicalagricult1818ceyl#1898-10#057
2587	kandian	1	1	80	1888	1888	Kandian		vol008_tropicalagricult8188ceyl#1888-10#028
2588	kandiyans	1	1	00	1900	1900	Kandiyans		vol019_tropicalagricult1918ceyl#1900-01#054
2589	kandy dynasty	1	1	90	1896	1896	Kandy dynasty		vol016_tropicalagricult1618ceyl#1896-08#093
2590	kandy villagers	1	1	90	1894	1894	Kandy villagers	Labourers	vol013_tropicalagricult1318ceyl#1894-01#001
2591	kandyan aristocracy	1	1	90	1898	1898	Kandyan aristocracy		vol018_tropicalagricult1818ceyl#1898-10#001
2592	kandyan community	1	1	10	1912	1912	Kandyan community	community	vol039_tropicalagricul391912ceyl#1912-08#030
2593	kandyan coolies	1	1	80	1886	1886	Kandyan coolies	workers picking coffee	vol005_tropicalagricult18851886colo#1886-04#062
2594	kandyan highlanders	1	1	90	1890	1890	Kandyan Highlanders	inhabitants of mountain fastnesses	vol009_tropicalagricult9188ceyl#1890-03#062
2595	kandyan monarchs	1	1	20	1922	1922	Kandyan Monarchs		vol059_tropicalagricult0059unse#1922-11#009
2596	kandyan peasantry	1	1	20	1927	1927	Kandyan peasantry	peasantry	vol068_tropical-agriculturist-1927-04-68#1927-04#003
2597	kandyan society	1	1	20	1923	1923	Kandyan Society	social group	vol061_tropicalagricult0061unse#1923-10#017
2598	kandyanans	1	1	90	1890	1890	Kandyanans	people of the Kandyan region	vol009_tropicalagricult9188ceyl#1890-03#062
2599	kandyani	1	1	00	1909	1909	Kandyani	jewellery style/origin	vol033_tropicalagricul331909ceyl#1909-07#049
2600	kandyau	1	1	80	1886	1886	Kandyau	workmen, artists, goldsmiths	vol006_tropicalagricult18861887colo#1886-10#038
2601	kandyian kings	1	1	80	1889	1889	Kandyian Kings	dynasty that guarded gem digging rights	vol009_tropicalagricult9188ceyl#1889-08#001
2602	kaneka	1	1	80	1881	1881	Kaneka		vol001_tropicalagricult1188ceyl#1881-12#002
2603	kanekas	1	1	80	1881	1881	Kanekas	South Sea Island coolies	vol001_tropicalagricult1188ceyl#1881-12#001
2604	kanganiés	1	1	90	1899	1899	kanganiés	labour gang leaders	vol018_tropicalagricult1818ceyl#1899-06#016
2605	kangaries	1	1	90	1898	1898	kangaries		vol017_tropicalagricult1718ceyl#1898-02#026
2606	kangean	1	1	80	1885	1885	Kangean	descendants of Madurese	vol005_tropicalagricult18851886colo#1885-07#067
2607	kangraites	1	1	80	1884	1884	Kangraites	people of Kangra	vol004_tropicalagricult18841885colo#1884-08#108
2608	kaniiau	1	1	80	1884	1884	Kaniiau	family	vol004_tropicalagricult18841885colo#1884-07#046
2609	kanikkars	1	1	00	1908	1908	Kanikkars	hill-tribes	vol031_tropicalagricul311908ceyl#1908-07#022
2610	kankas	1	1	80	1882	1882	Kankas		vol002_tropicalagricult18821883colo#1882-11#012
2611	kannyan	1	1	90	1897	1897	Kannyan	people using the fibre	vol016_tropicalagricult1618ceyl#1897-04#107
2612	kantalas	1	1	80	1884	1884	Kantalas		vol003_tropicalagricult18831884colo#1884-03#070
2613	kapa	1	1	80	1886	1886	Kapa	farmers	vol006_tropicalagricult18861887colo#1886-11#112
2614	kapti masai	1	1	90	1894	1894	Kapti Masai		vol013_tropicalagricult1318ceyl#1894-06#033
2615	kapua	1	1	80	1888	1888	Kapua	caste/religious group	vol008_tropicalagricult8188ceyl#1888-10#028
2616	karenee	1	1	80	1883	1883	Karenee	country/people	vol002_tropicalagricult18821883colo#1883-06#124
2617	karna	1	1	90	1892	1892	Karna	caste, small shopkeepers and spirit dealers	vol012_tropicalagricult1218ceyl#1892-08#110
2618	karumbas	1	1	80	1888	1888	Karumbas	wild race living in jungles	vol007_tropicalagricult7188ceyl#1888-01#121
2619	kashkar	1	1	90	1892	1892	kashkar	ordinary cultivator	vol012_tropicalagricult1218ceyl#1892-12#105
2620	kashmiri	1	1	40	1940	1940	Kashmiri	local people	vol095_iss01_tropical-agriculturist-1940-07-95-1#1940-07#007
2621	kashmirians	1	1	80	1882	1882	Kashmirians	people pursuing commerce	vol002_tropicalagricult18821883colo#1882-12#136
2622	katannees	1	1	80	1883	1883	katannees	silk spinners	vol002_tropicalagricult18821883colo#1883-01#145
2623	kathis	1	1	00	1907	1907	kathis	community in Pahang	vol028_tropicalagricul281907ceyl#1907-06#030
2624	kattshi	1	1	90	1894	1894	Kattshi		vol014_tropicalagricult1418ceyl#1894-08#120
2625	kaudian	1	1	90	1897	1897	Kaudian	neighbouring community	vol016_tropicalagricult1618ceyl#1897-05#116
2626	kazungu	1	1	90	1896	1896	Kazungu	people	vol015_tropicalagricult1518ceyl#1896-06#052
2627	kegalla sinhalese	1	1	90	1895	1895	Kegalla Sinhalese	natives well acquainted with the pepper vine	vol015_tropicalagricult1518ceyl#1895-11#066
2628	kehensiya	1	1	20	1924	1924	Kehensiya	pattu	vol062_lbg-630-5-tag-v-62#1924-01#027
2629	kekchis	1	1	10	1910	1910	Kekchis	Indians of eastern Guatemala	vol034_tropicalagricul341910ceyl#1910-06#014
2630	kelantan	1	1	90	1893	1893	Kelantan	settlers	vol013_tropicalagricult1318ceyl#1893-09#013
2631	kelantan coolies	1	1	80	1889	1889	Kelantan coolies	labourers	vol009_tropicalagricult9188ceyl#1889-12#004
2632	kelantan malays	1	1	90	1891	1891	Kelantan Malays	labourers	vol010_tropicalagricult1018ceyl#1891-03#025
2633	kelantans	1	1	80	1889	1889	Kelantans	labourers	vol009_tropicalagricult9188ceyl#1889-12#004
2634	kelly, fetherstonbaugh	1	1	80	1886	1886	Messrs. Kelly, Fetherstonbaugh	pioneers in Dikoya	vol005_tropicalagricult18851886colo#1886-05#107
2635	kenddi	1	1	90	1893	1893	Kenddi	fibre collectors	vol012_tropicalagricult1218ceyl#1893-06#180
2636	kentuckians	1	1	90	1896	1896	Kentuckians	users of Kentucky coffee tree seeds	vol016_tropicalagricult1618ceyl#1896-09#016
2637	kew botanists	1	1	80	1883	1883	Kew botanists		vol003_tropicalagricult18831884colo#1883-12#005
2638	khamous	1	1	00	1903	1903	Khamous	natives	vol022_tropicalagricult2219ceyl#1903-01#038
2639	khampis	1	1	80	1888	1888	Khampis	traders	vol007_tropicalagricult7188ceyl#1888-05#052
2640	khamptis	1	1	90	1896	1896	Khamptis	people	vol016_tropicalagricult1618ceyl#1896-10#033
2641	khamtis	1	1	80	1889	1889	Khamtis	hill people purchasing tea	vol009_tropicalagricult9188ceyl#1889-09#081
2642	khan sahibs	1	1	90	1891	1891	Khan Sahibs		vol011_tropicalagricult1118ceyl#1891-10#120
2643	khanikars	1	1	00	1901	1901	Khanikars	special class of workers	vol020_tropicalagricult2019ceyl#1901-02#018
2644	khasia	1	1	80	1887	1887	Khasia	people	vol007_tropicalagricult7188ceyl#1887-11#056
2645	khatik	1	1	10	1912	1912	Khatik	caste	vol038_tropicalagricul381912ceyl#1912-05#024
2646	khatis	1	1	00	1903	1903	khatis	buyers of fruit crops	vol023_tropicalagricult2319ceyl#1903-10#045
2647	khatri	1	1	90	1892	1892	Khatri	sect	vol012_tropicalagricult1218ceyl#1892-08#110
2648	khatris	1	1	80	1886	1886	Khatris	special name of weavers	vol005_tropicalagricult18851886colo#1886-04#078
2649	khisan	1	1	80	1886	1886	Khisan	farmers of Bengal	vol006_tropicalagricult18861887colo#1886-11#112
2650	khitmagar	1	1	90	1894	1894	Khitmagar	gaudily-dressed attendant	vol013_tropicalagricult1318ceyl#1894-01#098
2651	khitmaghars	1	1	90	1894	1894	khitmaghars	attendants	vol013_tropicalagricult1318ceyl#1894-06#089
2652	khitnagar	1	1	90	1896	1896	Khitnagar	uniform source	vol015_tropicalagricult1518ceyl#1896-03#033
2653	khmer	1	1	80	1882	1882	Khmer		vol002_tropicalagricult18821883colo#1882-07#142
2654	khutries	1	1	10	1912	1912	KHUTRIES	sect of Hindoos who weave silk	vol039_tropicalagricul391912ceyl#1912-08#023
2655	khutti	1	1	80	1886	1886	Khutti	caste	vol005_tropicalagricult18851886colo#1886-04#078
2656	kia	1	1	80	1886	1886	Kia	visitors from the hills	vol006_tropicalagricult18861887colo#1886-09#011
2657	kikuyi	1	1	90	1894	1894	Kikuyi	tribe	vol013_tropicalagricult1318ceyl#1894-01#042
2658	kilings	1	1	90	1892	1892	Kilings	labourers	vol012_tropicalagricult1218ceyl#1892-08#119
2659	kilungu	1	1	90	1894	1894	Kilungu	clan	vol013_tropicalagricult1318ceyl#1894-05#046
2660	kinders	1	1	80	1884	1884	kinders	laborers allowed in small numbers	vol003_tropicalagricult18831884colo#1884-05#017
2661	kindersley	1	1	90	1896	1896	Messrs. Kindersley	applicants for land	vol015_tropicalagricult1518ceyl#1896-04#108
2662	king coolie	1	1	80	1885	1885	King coolie	immigrants	vol005_tropicalagricult18851886colo#1885-08#145
2663	king, millier, whicker, bell, and hoare	1	1	90	1894	1894	Messrs. King, Millier, Whicker, Bell, and Hoare	Administration officials	vol014_tropicalagricult1418ceyl#1894-08#046
2664	kinia malays	1	1	00	1906	1906	Kinia Malays		vol026_tropicalagricul261906ceyl#1906-05#053
2665	kinnarayo	1	1	00	1906	1906	Kinnarayo	caste group	vol027_tropicalagricul271906ceyl#1906-09#020
2666	kirghiz tartars	1	1	90	1895	1895	Kirghiz Tartars	make kendir into cords and cloth	vol014_tropicalagricult1418ceyl#1895-02#112
2667	kis-samas	1	1	80	1884	1884	Kis-samas	tribe	vol003_tropicalagricult18831884colo#1884-04#040
2668	kitmutgars	1	1	90	1892	1892	Kitmutgars	tea planters	vol012_tropicalagricult1218ceyl#1892-07#098
2669	kitui-wakamba	1	1	00	1909	1909	Kitui-Wakamba	labour group	vol033_tropicalagricul331909ceyl#1909-09#004
2670	klath indians	1	1	80	1889	1889	Kluath Indians	indigenous group	vol008_tropicalagricult8188ceyl#1889-01#152
2671	kleberg family	1	1	40	1942	1942	Kleberg family	owners of King Ranch	vol098_iss04_tropical-agriculturist-october-december-1942-98-4#1942-10/12#015
2672	knakas	1	1	00	1903	1903	Knakas	make operating sticks	vol022_tropicalagricult2219ceyl#1903-02#008
2673	knights of the tea bushes	1	1	80	1885	1885	Knights of the Tea Bushes	group of tea planters	vol005_tropicalagricult18851886colo#1885-07#130
2674	knn	1	1	90	1892	1892	Knn	labourers seeking work	vol012_tropicalagricult1218ceyl#1892-11#038
2675	kol	1	1	00	1901	1901	Kol		vol021_tropicalagricult2119ceyl#1901-10#098
2676	kolarin	1	1	00	1907	1907	Kolarin		vol028_tropicalagricul281907ceyl#1907-06#029
2677	kolhis	1	1	10	1910	1910	Kolis	fishing community	vol034_tropicalagricul341910ceyl#1910-01#033
2678	koli	1	1	80	1884	1884	koli	term with affinity to kuli	vol004_tropicalagricult18841885colo#1884-10#001
2679	kolies	1	1	00	1908	1908	KOLIS	race of the West Coast of India	vol031_tropicalagricul311908ceyl#1908-09#012
2680	kols	1	1	80	1888	1888	Kols	people of India	vol007_tropicalagricult7188ceyl#1888-03#122
2681	kongas	1	1	90	1891	1891	Kongas	coolies	vol011_tropicalagricult1118ceyl#1891-08#052
2682	kongsi	1	1	20	1920	1920	kongsi	type of partnership for small owners	vol055_lbg-630-5-tag-v-55#1920-10#006
2683	konkani	1	1	80	1887	1887	Konkani	language/speakers	vol007_tropicalagricult7188ceyl#1887-11#086
2684	kooki	1	1	90	1890	1890	Kooki		vol009_tropicalagricult9188ceyl#1890-04#107
2685	kookies	1	1	80	1885	1885	Kookies	roving families	vol005_tropicalagricult18851886colo#1885-11#005
2686	koorambers	1	1	80	1881	1881	koo-rambers	community using the tree	vol001_tropicalagricult1188ceyl#1881-11#108
2687	kopah	1	1	80	1883	1883	Kopah	timber agricultural class	vol003_tropicalagricult18831884colo#1883-07#095
2688	koppa	1	1	90	1891	1891	Koppa	coolies	vol011_tropicalagricult1118ceyl#1891-08#052
2689	koralas	1	1	10	1919	1919	Koralas	Officials	vol053_iss02_tropical-agriculturist-1919-08-53-2#1919-08#010
2690	korale	1	1	00	1901	1901	Korale	official	vol020_tropicalagricult2019ceyl#1901-06#087
2691	korales	1	1	90	1895	1895	korales	administrative divisions	vol014_tropicalagricult1418ceyl#1895-04#063
2692	koravens	1	1	00	1903	1903	Koravens	gipsies	vol022_tropicalagricult2219ceyl#1903-01#113
2693	koringi	1	1	00	1909	1909	Koringi	coolies	vol033_tropicalagricul331909ceyl#1909-11#057
2694	koringi hindus	1	1	00	1901	1901	Koringi Hindus	Trench coolies	vol021_tropicalagricult2119ceyl#1901-11#010
2695	koriyans	1	1	80	1885	1885	Koriyans	community	vol005_tropicalagricult18851886colo#1885-10#048
2696	korkus	1	1	90	1899	1899	Korkus	tribe	vol018_tropicalagricult1818ceyl#1899-03#155
2697	korumbars	1	1	00	1900	1900	Korumbars	native race	vol019_tropicalagricult1918ceyl#1900-01#074
2698	koshtees	1	1	10	1912	1912	Koshtees	sect of Hindoos who reside in remote villages	vol039_tropicalagricul391912ceyl#1912-08#023
2699	kossaks	1	1	80	1886	1886	Kossaks	local population	vol005_tropicalagricult18851886colo#1886-01#048
2700	kotelmann and heynsohn	1	1	00	1902	1902	Messrs. Kotelmann and Heynsohn	neighbours of Mr. Koschney	vol022_tropicalagricult2219ceyl#1902-07#106
2701	koter	1	1	80	1888	1888	Koter	borrowers on the Nilgiris	vol007_tropicalagricult7188ceyl#1888-04#080
2702	kottur family	1	1	90	1892	1892	Kottur family	family of the lecturer	vol012_tropicalagricult1218ceyl#1892-09#055
2703	koya	1	1	90	1897	1897	Koya	natives	vol016_tropicalagricult1618ceyl#1897-04#045
2704	krasnov, khugen	1	1	90	1895	1895	Messrs. Krasnov, Khugen	party visiting tea-producing centres	vol015_tropicalagricult1518ceyl#1895-07#055
2705	krobboys	1	1	90	1894	1894	Krobboys	laborers	vol014_tropicalagricult1418ceyl#1894-10#094
2706	krobo	1	1	00	1906	1906	Krobo	labourers	vol027_tropicalagricul271906ceyl#1906-08#011
2707	krobos	1	1	00	1908	1908	Krobos		vol031_tropicalagricul311908ceyl#1908-07#008
2708	kroo	1	1	90	1891	1891	Kroo	labourers	vol010_tropicalagricult1018ceyl#1891-03#115
2709	krooboy	1	1	90	1895	1895	Krooboy	labourers using hoes	vol014_tropicalagricult1418ceyl#1895-05#151
2710	krooboys	1	1	90	1893	1893	Krooboys	labour gang	vol013_tropicalagricult1318ceyl#1893-11#009
2711	kroot	1	1	90	1897	1897	Kroot	labourers	vol016_tropicalagricult1618ceyl#1897-01#006
2712	kroumirs	1	1	80	1887	1887	Kroumirs	inhabitants	vol007_tropicalagricult7188ceyl#1887-11#081
2713	kru	1	1	00	1902	1902	Krew	native workers	vol022_tropicalagricult2219ceyl#1902-08#012
2714	kshatriya	1	1	00	1908	1908	Kshatriya	warriors	vol030_tropicalagricul301908ceyl#1908-02#023
2715	kuantan malays	1	1	90	1893	1893	Kuantan Malays		vol012_tropicalagricult1218ceyl#1893-05#130
2716	kudat dusuns	1	1	00	1908	1908	Kudat Dusuns	labour force	vol031_tropicalagricul311908ceyl#1908-08#099
2717	kukis	1	1	80	1886	1886	Kukis	community	vol005_tropicalagricult18851886colo#1886-04#025
2718	kuli	1	1	80	1884	1884	kuli	term with affinity to koli	vol004_tropicalagricult18841885colo#1884-10#001
2719	kumars	1	1	80	1883	1883	Kumars	agricultural class of Upper India	vol003_tropicalagricult18831884colo#1883-07#095
2720	kummers	1	1	00	1902	1902	Kummer	workers	vol022_tropicalagricult2219ceyl#1902-12#116
2721	kunbis	1	1	00	1908	1908	Kunbis	hereditary cultivating caste	vol031_tropicalagricul311908ceyl#1908-09#032
2722	kuri kurumbers	1	1	00	1903	1903	Kuri Kurumbers	sect of Kurumbers, sheep shearers and wool weavers	vol022_tropicalagricult2219ceyl#1903-02#089
2723	kurmi	1	1	80	1889	1889	Kurmi	caste/community	vol009_tropicalagricult9188ceyl#1889-08#044
2724	kurmil	1	1	80	1886	1886	Kurmil	farmers of the Western and Northern Provinces	vol006_tropicalagricult18861887colo#1886-11#112
2725	kurumburs	1	1	90	1898	1898	Kurumburs	community	vol018_tropicalagricult1818ceyl#1898-10#057
2726	kuruvikaran	1	1	10	1914	1914	Kuruvikaran	watcher	vol043_lbg-tropicalagricultvol-xliii0000unse-c5y3#1914-09#031
2727	körner and bühringer	1	1	80	1884	1884	Messrs. Körner and Bühringer	chemists	vol003_tropicalagricult18831884colo#1884-02#101
2728	labonama	1	1	80	1885	1885	Labonama	Malays	vol005_tropicalagricult18851886colo#1885-08#107
2729	lacayo family	1	1	80	1883	1883	Lacayo family	plantation owners	vol002_tropicalagricult18821883colo#1883-03#005
2730	ladinos	1	1	80	1886	1886	Ladinos	mixed breed population	vol005_tropicalagricult18851886colo#1886-02#095
2731	ladinós	1	1	00	1906	1906	Ladinós		vol026_tropicalagricul261906ceyl#1906-03#030
2732	lagos natives	1	1	00	1903	1903	Lagos natives		vol023_tropicalagricult2319ceyl#1903-12#088
2733	lahey	1	1	00	1909	1909	Messrs. Lahey	arrowroot growers	vol032_tropicalagricul321909ceyl#1909-03#015
2734	lahupas	1	1	00	1902	1902	Lahupas	hill tribe	vol022_tropicalagricult2219ceyl#1902-09#050
2735	laing family	1	1	90	1895	1895	Laing	proprietors	vol014_tropicalagricult1418ceyl#1895-03#014
2736	laka	1	1	90	1894	1894	Laka	natives	vol014_tropicalagricult1418ceyl#1894-08#004
2737	lakims	1	1	90	1895	1895	lakims	native people extracting oil from mites	vol015_tropicalagricult1518ceyl#1895-09#002
2738	lamas	1	1	90	1890	1890	Lamas	priestly caste, monopoly holders	vol010_tropicalagricult1018ceyl#1890-10#060
2739	lamaseries	1	1	00	1904	1904	Lamaseries		vol023_tropicalagricult2319ceyl#1904-05#091
2740	lambani	1	1	90	1890	1890	Lambani	tribe of labourers	vol010_tropicalagricult1018ceyl#1890-07#088
2741	lampongs	1	1	90	1892	1892	Lampongs	people in Lampong district	vol012_tropicalagricult1218ceyl#1892-08#119
2742	lancers	1	1	90	1894	1894	Lancers	escort	vol014_tropicalagricult1418ceyl#1894-11#024
2743	land reformers	1	1	80	1885	1885	Land Reformers	attendees at meeting	vol004_tropicalagricult18841885colo#1885-03#111
2744	landais	1	1	80	1884	1884	Landais	cultivators	vol004_tropicalagricult18841885colo#1884-07#061
2745	lapp	1	1	90	1890	1890	Lapp	group used in analogy	vol010_tropicalagricult1018ceyl#1890-08#133
2746	laputans	1	1	30	1936	1936	Laputan	philosophers	vol086_dli-ernet-229228#1936-01#012
2747	lascareens	1	1	90	1891	1891	lascareens	guard	vol010_tropicalagricult1018ceyl#1891-02#043
2748	lascarins	1	1	80	1887	1887	Lascarins	guards	vol007_tropicalagricult7188ceyl#1887-09#002
2749	lascelles and cockburn	1	1	90	1890	1890	Messrs. Lascelles and Cockburn	early coffee planters	vol009_tropicalagricult9188ceyl#1890-04#106
2750	latimer bros.	1	1	00	1909	1909	Messrs. Latimer Bros.	arrowroot growers	vol032_tropicalagricul321909ceyl#1909-03#015
2751	latin and mixed races	1	1	90	1891	1891	Latin and mixed races		vol010_tropicalagricult1018ceyl#1891-06#082
2752	latin nations	1	1	10	1911	1911	Latin Nations	descendants inhabit countries west of the continent	vol037_tropicalagricul371911ceyl#1911-09#059
2753	latin people	1	1	90	1892	1892	Latin People	coffee-drinking races	vol011_tropicalagricult1118ceyl#1892-01#027
2754	latin race	1	1	80	1887	1887	Latin race	colonists	vol006_tropicalagricult18861887colo#1887-03#028
2755	lawes & gilbert	1	1	80	1885	1885	Messrs. Lawes & Gilbert	conductors of Rothamsted experiments	vol004_tropicalagricult18841885colo#1885-04#031
2756	lawes, gilbert and warrington	1	1	80	1882	1882	Lawes, Gilbert and Warrington	researchers	vol001_tropicalagricult1188ceyl#1882-03#092
2757	lawes, gilbert, and warington	1	1	80	1882	1882	Messrs. Lawes, Gilbert, and Warington	researchers	vol002_tropicalagricult18821883colo#1882-08#174
2758	lawson and hooper	1	1	90	1892	1892	Messrs. Lawson and Hooper	cinchona cultivators	vol012_tropicalagricult1218ceyl#1892-12#001
2759	layard family	1	1	90	1898	1898	Layard family	family connected by marriage	vol018_tropicalagricult1818ceyl#1898-09#002
2760	le mesurier and fowler	1	1	90	1893	1893	Messrs. Le Mesurier and Fowler		vol012_tropicalagricult1218ceyl#1893-06#032
2761	leather working castes	1	1	10	1917	1917	leather working castes	purchasers of carcasses	vol048_iss05_tropical-agriculturist-1917-05-48-5#1917-05#012
2762	lebbe	1	1	90	1895	1895	Lebbe	middlemen	vol014_tropicalagricult1418ceyl#1895-02#140
2763	lebbes	1	1	90	1891	1891	Lebbes	cacao traders	vol010_tropicalagricult1018ceyl#1891-01#125
2764	lecots	1	1	80	1887	1887	Lecots	former owners of the house	vol007_tropicalagricult7188ceyl#1887-12#013
2765	lekin	1	1	80	1888	1888	lekin	farmers	vol008_tropicalagricult8188ceyl#1888-11#053
2766	lentuli	1	1	90	1892	1892	Lentuli	Roman family	vol011_tropicalagricult1118ceyl#1892-03#110
2767	leontes	1	1	80	1889	1889	the Leontes	aloes cultivators	vol009_tropicalagricult9188ceyl#1889-09#002
2768	lepcha	1	1	00	1902	1902	LEPCHA	vernacular name source	vol022_tropicalagricult2219ceyl#1902-11#016
2769	libollos	1	1	80	1884	1884	Libollos	tribe	vol003_tropicalagricult18831884colo#1884-04#040
2770	libyans	1	1	10	1917	1917	Libyans	captives used as herdsmen	vol049_iss04_tropical-agriculturist-1917-10-49-4#1917-10#019
2771	light brigade	1	1	90	1891	1891	Light Brigade	military unit	vol010_tropicalagricult1018ceyl#1891-03#092
2772	lim ah kvi, li peh and others	1	1	90	1891	1891	Messrs. Lim Ah Kvi, Li Peh and others	lessees of tea estates	vol011_tropicalagricult1118ceyl#1891-10#037
2773	limuru residents	1	1	20	1925	1925	Limuru Residents	meeting attendees	vol064_lbg-630-5-tag-v-64#1925-01#005
2774	lios	1	1	90	1893	1893	Lios	people inhabiting a district of Siam	vol012_tropicalagricult1218ceyl#1893-05#015
2775	literati	1	1	80	1884	1884	literati	class	vol004_tropicalagricult18841885colo#1884-10#033
2776	lithuanian	1	1	90	1890	1890	Lithuanian	language	vol010_tropicalagricult1018ceyl#1890-10#080
2777	lithuanians	1	1	30	1933	1933	Lithuanians	people	vol080_dli-ernet-229226#1933-05#015
2778	little englander	1	1	90	1898	1898	Little Englander		vol017_tropicalagricult1718ceyl#1898-02#076
2779	little-indians	1	1	80	1889	1889	Little-Indians	group in Swat	vol008_tropicalagricult8188ceyl#1889-01#077
2780	llaneros	1	1	90	1896	1896	llaneros		vol016_tropicalagricult1618ceyl#1896-11#100
2781	lloyd, bradshaw and imlab	1	1	90	1894	1894	Messrs. Lloyd, Bradshaw and Imlab	European residents, witnesses	vol014_tropicalagricult1418ceyl#1894-10#030
2782	local	1	1	30	1937	1937	local	breed of cattle	vol089_tropical-agriculturist-1937-12-89#1937-12#011
2783	locoo mahatmeya	1	1	90	1898	1898	Locoo Mahatmeya		vol017_tropicalagricult1718ceyl#1898-01#061
2784	loddiges brothers	1	1	80	1884	1884	brothers Loddiges	owners of a famous palm collection at Hackney	vol003_tropicalagricult18831884colo#1884-06#107
2785	lodha	1	1	80	1886	1886	Lodha	gardeners	vol006_tropicalagricult18861887colo#1886-11#112
2786	lodhis	1	1	00	1908	1908	Lodhis	hereditary cultivating caste	vol031_tropicalagricul311908ceyl#1908-09#032
2787	logan and teare	1	1	80	1886	1886	Messrs. Logan and Teare	tea authorities from India	vol005_tropicalagricult18851886colo#1886-02#016
2788	logie	1	1	00	1903	1903	Logie	family	vol023_tropicalagricult2319ceyl#1903-11#002
2789	lois	1	1	90	1898	1898	Lois	aboriginal	vol017_tropicalagricult1718ceyl#1898-03#074
2790	lombardians	1	1	80	1883	1883	Lombardians	workers	vol003_tropicalagricult18831884colo#1883-09#057
2791	lombards	1	1	00	1900	1900	Lombards	colony reclaiming the Campagna	vol020_tropicalagricult2019ceyl#1900-07#060
2792	london dealers	1	1	90	1894	1894	London Dealers	worked quietly on a mercantile basis	vol014_tropicalagricult1418ceyl#1894-08#018
2793	london deputation	1	1	00	1903	1903	London Deputation	group that decided against taking up land in Mexico	vol022_tropicalagricult2219ceyl#1903-04#081
2794	london rothschilds	1	1	90	1894	1894	London Rothschilds	cousins of the Messrs. Worms	vol013_tropicalagricult1318ceyl#1894-05#004
2795	london staff of the scheme	1	1	20	1928	1928	London Staff of the Scheme	tested specimens at the Imperial Institute	vol071_tropical-agriculturist-1928-10-71#1928-10#008
2796	loos, staples and wijeyesekere	1	1	80	1883	1883	Messrs. Loos, Staples and Wijeyesekere	estate buyers	vol003_tropicalagricult18831884colo#1883-10#096
2797	lotophagi	1	1	80	1884	1884	Lotophagi	people who ate Lotus fruits	vol004_tropicalagricult18841885colo#1884-11#002
2798	lovelock, whiffen and dickenson	1	1	90	1893	1893	Messrs. Lovelock, Whiffen and Dickenson	auditors	vol012_tropicalagricult1218ceyl#1893-02#094
2799	low caste men	1	1	90	1896	1896	low caste men		vol016_tropicalagricult1618ceyl#1896-11#016
2800	low country sinhalese	1	1	00	1900	1900	Low Country Sinhalese	community	vol019_tropicalagricult1918ceyl#1900-06#172
2801	low, st. john, and burbridge	1	1	80	1883	1883	Messrs. Low, St. John, and Burbridge	Previous travelers	vol002_tropicalagricult18821883colo#1883-04#150
2802	low-caste natives	1	1	90	1897	1897	low-caste natives	community associated with liquor	vol017_tropicalagricult1718ceyl#1897-11#077
2803	low-caste people	1	1	80	1883	1883	low-caste people	makers of sleeping mats	vol002_tropicalagricult18821883colo#1883-05#056
2804	lowcountry sinhalese	1	1	00	1906	1906	Lowcountry Sinhalese	community	vol027_tropicalagricul271906ceyl#1906-07#035
2805	loyalists	1	1	00	1902	1902	loyalists	prisoners	vol022_tropicalagricult2219ceyl#1902-08#096
2806	lucas	1	1	90	1893	1893	Lucas		vol012_tropicalagricult1218ceyl#1893-02#103
2807	lumsden's horse	1	1	00	1902	1902	Lumsden's Horse	military unit	vol021_tropicalagricult2119ceyl#1902-02#089
2808	lusitanian doms	1	1	90	1891	1891	Lusitanian Doms	Portuguese residents with country residences	vol010_tropicalagricult1018ceyl#1891-02#043
2809	lutzaxas	1	1	00	1908	1908	Lutzaxas	people	vol031_tropicalagricul311908ceyl#1908-07#100
2810	lyle and reynolds	1	1	80	1886	1886	Messrs. Lyle and Reynolds	tea growers	vol006_tropicalagricult18861887colo#1886-07#029
2811	ma'abele	1	1	90	1894	1894	Ma'abele	warriors compared to Masai	vol013_tropicalagricult1318ceyl#1894-02#077
2812	ma'ays	1	1	80	1882	1882	Ma'ays	natives	vol002_tropicalagricult18821883colo#1882-10#094
2813	macassars	1	1	80	1884	1884	Macassars	group associated with gutta-percha	vol004_tropicalagricult18841885colo#1884-08#091
2814	maccassars	1	1	80	1887	1887	Maccassars	carriers in the spice trade	vol006_tropicalagricult18861887colo#1887-06#058
2815	maccoo	1	1	80	1885	1885	Maccoo is	people who use Eta leaves for thatch	vol004_tropicalagricult18841885colo#1885-03#119
2816	macedonian	1	1	10	1915	1915	Macedonian	origin of tobaccos	vol045_lbg-630-5-tag-v-45#1915-07#019
2817	macensi	1	1	90	1896	1896	Macensi	Indians	vol016_tropicalagricult1618ceyl#1896-11#100
2818	macfarlane	1	1	80	1886	1886	Messrs. Macfarlane	planters, Cannavarella estate	vol005_tropicalagricult18851886colo#1886-03#081
2819	machies	1	1	80	1882	1882	Machies	aboriginal inhabitants	vol002_tropicalagricult18821883colo#1882-11#125
2820	machinga	1	1	90	1897	1897	Machinga	section of Ajawa	vol017_tropicalagricult1718ceyl#1897-12#029
2821	machingas	1	1	90	1897	1897	Machingas	porters	vol016_tropicalagricult1618ceyl#1897-01#055
2822	machinjeras	1	1	90	1894	1894	Machinjeras	local people	vol014_tropicalagricult1418ceyl#1894-10#030
2823	mackenzie	1	1	80	1888	1888	Messrs. Mackenzie	former owners of Craig	vol007_tropicalagricult7188ceyl#1888-04#089
2824	mackenzie and blechynden	1	1	90	1896	1896	Messrs. Mackenzie and Blechynden	authors	vol016_tropicalagricult1618ceyl#1896-07#049
2825	mackilligan and maxwell	1	1	90	1894	1894	MacKilligan and Maxwell	owners of Kirankulam	vol013_tropicalagricult1318ceyl#1894-04#002
2826	maclellans	1	1	90	1899	1899	MacLellans	old friends	vol018_tropicalagricult1818ceyl#1899-02#001
2827	madagascan	1	1	80	1889	1889	Madagascan	inhabitants	vol009_tropicalagricult9188ceyl#1889-07#150
2828	madasiya	1	1	20	1924	1924	Madasiya	pattu	vol062_lbg-630-5-tag-v-62#1924-01#027
2829	madiga	1	1	90	1892	1892	Madiga	caste of a surety	vol012_tropicalagricult1218ceyl#1892-11#038
2830	madigas	1	1	90	1892	1892	Madigas	lowest members of the community	vol011_tropicalagricult1118ceyl#1892-01#031
2831	madras chettyars	1	1	30	1934	1934	Madras Chettyars	financiers	vol082_dli-ernet-229227#1934-03#012
2832	madras coolies	1	1	00	1903	1903	Madras coolies	emigrant coolies	vol023_tropicalagricult2319ceyl#1903-10#142
2833	madras fusiliers	1	1	90	1892	1892	Madras Fusiliers	military regiment	vol011_tropicalagricult1118ceyl#1892-02#099
2834	madras sepoys	1	1	10	1915	1915	Madras sepoys		vol044_lbg-tropicalagricultvol-xliv0000unse-e6v7#1915-02#040
2835	madrassee	1	1	90	1890	1890	Madrassee		vol009_tropicalagricult9188ceyl#1890-01#027
2836	madrassi	1	1	90	1896	1896	Madrassi	crowd who prefer coffee in the morning	vol016_tropicalagricult1618ceyl#1896-10#017
2837	madrasī	1	1	80	1888	1888	Madrasī		vol008_tropicalagricult8188ceyl#1888-09#036
2838	maduraese	1	1	90	1898	1898	Maduraese	inhabitants from Madura	vol017_tropicalagricult1718ceyl#1898-02#048
2839	maduvars	1	1	00	1908	1908	Maduvars	hill tribes	vol031_tropicalagricul311908ceyl#1908-07#022
2840	maha and subordinate mudaliyars	1	1	90	1894	1894	Maha and subordinate Mudaliyars	native chiefs	vol013_tropicalagricult1318ceyl#1894-01#001
2841	maha mudaliyars	1	1	10	1912	1912	Maha Mudaliyars	families	vol039_tropicalagricul391912ceyl#1912-12#008
2842	mahals	1	1	90	1896	1896	Mahals	lower castes	vol016_tropicalagricult1618ceyl#1896-12#004
2843	maharattas	1	1	20	1929	1929	Maharattas		vol072_dli-ernet-229221#1929-07#010
2844	maharras	1	1	80	1888	1888	Maharras	native princes	vol007_tropicalagricult7188ceyl#1888-05#106
2845	mahars	1	1	20	1924	1924	Mahars	forest tribes gathering seeds	vol063_lbg-630-5-tag-v-63#1924-09#025
2846	mahatmayas	1	1	00	1902	1902	Mahatmayas		vol022_tropicalagricult2219ceyl#1902-10#096
2847	mahawats	1	1	00	1900	1900	Mahawats	elephant drivers	vol019_tropicalagricult1918ceyl#1900-06#035
2848	mahayana	1	1	90	1898	1898	Mahayana	school of Buddhism	vol017_tropicalagricult1718ceyl#1898-06#128
2849	mahdi's followers	1	1	00	1900	1900	Mahdi's followers	source of trophies	vol019_tropicalagricult1918ceyl#1900-04#106
2850	mahlee	1	1	80	1884	1884	mahlee	native gardener	vol004_tropicalagricult18841885colo#1884-07#087
2851	mahomedan malays	1	1	80	1886	1886	Mahomedan Malays	population on the coast	vol006_tropicalagricult18861887colo#1886-11#018
2852	mahomedan nations	1	1	80	1884	1884	Mahomedan nations	group that used coffee in Western Asia	vol003_tropicalagricult18831884colo#1884-06#021
2853	mahomedan women	1	1	80	1887	1887	Mahomedan women		vol006_tropicalagricult18861887colo#1887-01#020
2854	mahommedan	1	1	90	1893	1893	Mahommedan	religious group in Turkey	vol012_tropicalagricult1218ceyl#1893-06#202
2855	mahondrews	1	1	90	1894	1894	Mahondrews		vol013_tropicalagricult1318ceyl#1894-02#028
2856	mahrattas	1	1	00	1909	1909	Mahrattas		vol033_tropicalagricul331909ceyl#1909-12#032
2857	mahratti	1	1	90	1892	1892	Mahratti	language/speakers	vol011_tropicalagricult1118ceyl#1892-02#135
2858	maintbas	1	1	90	1890	1890	Maintbas	best labourers	vol010_tropicalagricult1018ceyl#1890-12#109
2859	maistri	1	1	00	1904	1904	maistri	recruiter in Madras	vol023_tropicalagricult2319ceyl#1904-03#101
2860	maitlands of barcaple	1	1	90	1899	1899	Maitlands of Barcaple	ancient family of landed gentry	vol019_tropicalagricult1918ceyl#1899-08#002
2861	makakas	1	1	80	1882	1882	makakas	workers	vol001_tropicalagricult1188ceyl#1882-03#103
2862	makalanga	1	1	00	1900	1900	Makalanga	people/language	vol019_tropicalagricult1918ceyl#1900-05#090
2863	makandangis	1	1	90	1892	1892	Makandangis	hostile forces	vol012_tropicalagricult1218ceyl#1892-08#047
2864	makangeries	1	1	90	1892	1892	Makangeries	hostile forces	vol012_tropicalagricult1218ceyl#1892-08#047
2865	makeas	1	1	80	1888	1888	Makeas	people of Madagascar	vol008_tropicalagricult8188ceyl#1888-07#077
2866	makha	1	1	90	1896	1896	Makha	soldiers	vol015_tropicalagricult1518ceyl#1896-03#143
2867	makololo	1	1	90	1894	1894	Makololo	people of chief Makwira	vol014_tropicalagricult1418ceyl#1894-08#048
2868	mala	1	1	90	1892	1892	Mala	labourers	vol012_tropicalagricult1218ceyl#1892-10#102
2869	malabar people	1	1	90	1897	1897	Malabar people	superintend drying	vol017_tropicalagricult1718ceyl#1897-12#015
2870	malabar ryot	1	1	90	1892	1892	Malabar ryot	local cultivators	vol012_tropicalagricult1218ceyl#1892-07#071
2871	malai arasar	1	1	90	1897	1897	Malai Arasar	race in the Anamalais	vol017_tropicalagricult1718ceyl#1897-09#037
2872	malais	1	1	80	1886	1886	Malais	labourers	vol005_tropicalagricult18851886colo#1886-05#131
2873	malay coolies	1	1	90	1898	1898	Malay coolies	labourers	vol017_tropicalagricult1718ceyl#1898-06#011
2874	malay cultivator	1	1	00	1908	1908	Malay cultivator	local farmer interested in rubber	vol031_tropicalagricul311908ceyl#1908-07#052
2875	malay padi-planters	1	1	90	1897	1897	Malay padi-planters	local farmers	vol017_tropicalagricult1718ceyl#1897-10#115
2876	malay peasantry	1	1	80	1883	1883	Malay Peasantry	community	vol002_tropicalagricult18821883colo#1883-02#044
2877	malayalams	1	1	80	1889	1889	Malayalums		vol008_tropicalagricult8188ceyl#1889-03#142
2878	malayalese	1	1	00	1907	1907	Malayalese	ethnic group	vol028_tropicalagricul281907ceyl#1907-03#014
2879	malayam	1	1	00	1903	1903	Malayam	language origin of name	vol022_tropicalagricult2219ceyl#1903-06#134
2880	malayan native	1	1	30	1931	1931	Malayan Native	producers	vol076_dli-ernet-229225#1931-03#006
2881	malayans	1	1	80	1881	1881	Malayans		vol001_tropicalagricult1188ceyl#1881-06#109
2882	malayese	1	1	40	1944	1944	Malayese	People who relish durian	vol100_iss02_tropical-agriculturist-april-june-1944-100-2#1944-04/06#010
2883	malayo	1	1	00	1902	1902	Malayo	language	vol021_tropicalagricult2119ceyl#1902-01#058
2884	malays and other natives of the archipelago	1	1	00	1902	1902	Malays and other Natives of the Archipelago	nationality	vol022_tropicalagricult2219ceyl#1902-09#089
2885	malaysian natives	1	1	90	1891	1891	Malaysian natives	cutting trees	vol010_tropicalagricult1018ceyl#1891-02#058
2886	maldivian	1	1	80	1883	1883	Maldivian	speakers of Maldivian	vol003_tropicalagricult18831884colo#1883-10#016
2887	maldivians	1	1	90	1898	1898	Maldivians	sellers of Maldivi fish	vol017_tropicalagricult1718ceyl#1898-01#126
2888	maler	1	1	80	1881	1881	maler	native	vol001_tropicalagricult1188ceyl#1881-11#116
2889	males	1	1	80	1881	1881	males	group with prejudices against night soil	vol001_tropicalagricult1188ceyl#1881-10#120
2890	malgozars	1	1	80	1882	1882	malgozars	plough owners	vol002_tropicalagricult18821883colo#1882-07#076
2891	malguzari	1	1	00	1909	1909	Malguzari	land tenure system/area	vol032_tropicalagricul321909ceyl#1909-01#009
2892	mali	1	1	80	1886	1886	Mali	gardeners	vol006_tropicalagricult18861887colo#1886-11#112
2893	maligars	1	1	90	1891	1891	Maligars	labourers	vol011_tropicalagricult1118ceyl#1891-08#052
2894	maliyalies	1	1	00	1903	1903	Maliyalies	inhabitants	vol022_tropicalagricult2219ceyl#1903-05#016
2895	mallees	1	1	80	1883	1883	mallees	native gardeners	vol003_tropicalagricult18831884colo#1883-08#130
2896	malwatta	1	1	00	1900	1900	Malwatta	Buddhist sect	vol019_tropicalagricult1918ceyl#1900-06#156
2897	mamagun dusuns	1	1	80	1882	1882	Mamagun Dusuns	community living in Penenian	vol001_tropicalagricult1188ceyl#1882-05#189
2898	mameluke	1	1	80	1883	1883	Mameluke		vol003_tropicalagricult18831884colo#1883-07#132
2899	mananga	1	1	90	1897	1897	Mananga	people/language group	vol017_tropicalagricult1718ceyl#1897-07#005
2900	mananja	1	1	90	1894	1894	Mananja	people with local name for tree	vol014_tropicalagricult1418ceyl#1894-08#048
2901	manchou	1	1	90	1892	1892	Manchou		vol011_tropicalagricult1118ceyl#1892-03#079
2902	manchu dynasty	1	1	10	1912	1912	Manchu Dynasty	overthrown dynasty	vol038_tropicalagricul381912ceyl#1912-04#058
2903	manchurian	1	1	10	1912	1912	Manchurian		vol038_tropicalagricul381912ceyl#1912-04#062
2904	mandama	1	1	00	1902	1902	Mandama	vernacular name source	vol022_tropicalagricult2219ceyl#1902-11#016
2905	mandarese	1	1	80	1885	1885	Mandarese	people	vol005_tropicalagricult18851886colo#1885-07#067
2906	mandor	1	1	90	1897	1897	Mandor	labour overseer	vol016_tropicalagricult1618ceyl#1897-02#069
2907	mandores	1	1	00	1909	1909	Mandores	in charge of gangs	vol033_tropicalagricul331909ceyl#1909-09#063
2908	mangauja	1	1	90	1897	1897	Mangauja tribe	tribe	vol016_tropicalagricult1618ceyl#1897-05#061
2909	mangoche	1	1	90	1897	1897	Mangoche	people	vol017_tropicalagricult1718ceyl#1897-07#022
2910	manicolo boys	1	1	80	1885	1885	Manicolo boys	labourers from Manicolo	vol004_tropicalagricult18841885colo#1885-04#046
2911	manilamen	1	1	00	1902	1902	Manilamen	natives of the Philippine Islands	vol022_tropicalagricult2219ceyl#1902-09#068
2912	mankaladom people	1	1	80	1886	1886	Mankaladom people		vol005_tropicalagricult18851886colo#1886-05#007
2913	mannam	1	1	00	1900	1900	Mannam	villager community	vol019_tropicalagricult1918ceyl#1900-06#002
2914	mannon	1	1	90	1894	1894	Mannon		vol014_tropicalagricult1418ceyl#1894-08#120
2915	manufacturers of quinine	1	1	80	1884	1884	manufacturers of quinine	combination formed after bark corner failed	vol004_tropicalagricult18841885colo#1884-08#068
2916	maories	1	1	80	1881	1881	Maories	divers	vol001_tropicalagricult1188ceyl#1881-11#025
2917	marakoyers	1	1	90	1893	1893	Marakoyers	a class of Muhammadans	vol013_tropicalagricult1318ceyl#1893-08#113
2918	maramawongse	1	1	00	1900	1900	Maramawongse	Burmese sect	vol019_tropicalagricult1918ceyl#1900-06#156
2919	marathas	1	1	80	1889	1889	Marathas	caste	vol009_tropicalagricult9188ceyl#1889-08#030
2920	maravar	1	1	90	1897	1897	Maravar	race in the Anamalais	vol017_tropicalagricult1718ceyl#1897-09#037
2921	mardy'ken	1	1	90	1898	1898	Manty'ken	class of swarte borgeren	vol017_tropicalagricult1718ceyl#1898-06#129
2922	mariawattes	1	1	90	1893	1893	Mariawattes		vol012_tropicalagricult1218ceyl#1893-02#031
2923	marist priests	1	1	80	1884	1884	Marist priests	religious group	vol003_tropicalagricult18831884colo#1884-01#005
2924	maronite	1	1	90	1891	1891	Maronite		vol010_tropicalagricult1018ceyl#1891-06#137
2925	martin and bannatyne	1	1	00	1903	1903	Messrs. Martin and Bannatyne	former Ceylon planters	vol022_tropicalagricult2219ceyl#1903-04#004
2926	martin and dickenson	1	1	90	1897	1897	Messrs. Martin and Dickenson		vol017_tropicalagricult1718ceyl#1897-08#065
2927	martindale, robertson, and others	1	1	90	1899	1899	Messrs. Martindale, Robertson, and others	American cousins	vol019_tropicalagricult1918ceyl#1899-07#020
2928	martins	1	1	90	1894	1894	Martins	planters of the 'forties' in Ceylon	vol013_tropicalagricult1318ceyl#1894-01#042
2929	marutse-mabunda	1	1	80	1881	1881	Marutse-Mabunda	empire/tribe	vol001_tropicalagricult1188ceyl#1881-09#066
2930	marwadi	1	1	20	1924	1924	Marwadi	money-lender	vol062_lbg-630-5-tag-v-62#1924-05#011
2931	marwadis	1	1	20	1924	1924	Marwadis	merchants	vol062_lbg-630-5-tag-v-62#1924-05#011
2932	marwaree	1	1	90	1896	1896	Marwaree	people	vol016_tropicalagricult1618ceyl#1896-10#033
2933	marwari	1	1	80	1886	1886	Marwari	community	vol005_tropicalagricult18851886colo#1886-06#136
2934	marwaries	1	1	90	1897	1897	Marwaries		vol016_tropicalagricult1618ceyl#1897-02#005
2935	masalchi	1	1	10	1910	1910	masalchi	vessel washer	vol035_tropicalagricul351910ceyl#1910-12#015
2936	masaroa	1	1	80	1889	1889	Masaroa	race of wandering bushmen	vol008_tropicalagricult8188ceyl#1889-03#013
2937	mashona	1	1	00	1902	1902	Mashona		vol022_tropicalagricult2219ceyl#1902-08#181
2938	mashonas	1	1	90	1899	1899	Mashonas	natives	vol019_tropicalagricult1918ceyl#1899-12#003
2939	masula	1	1	80	1884	1884	Masula	boatmen	vol004_tropicalagricult18841885colo#1884-12#062
2940	mata or dungari kolis	1	1	00	1908	1908	Mata or Dungari Kolis	tribe settled just north of Bombay	vol031_tropicalagricul311908ceyl#1908-09#012
2941	matabele	1	1	90	1896	1896	Matabele		vol016_tropicalagricult1618ceyl#1896-10#071
2942	matables	1	1	90	1899	1899	Matables	natives	vol019_tropicalagricult1918ceyl#1899-12#003
2943	mataco	1	1	90	1895	1895	Mataco Indian	maker of cuirass	vol014_tropicalagricult1418ceyl#1895-06#033
2944	matale cocoa planters	1	1	00	1904	1904	Matale Cocoa Planters	group of planters	vol023_tropicalagricult2319ceyl#1904-02#084
2945	matapwerry	1	1	90	1896	1896	Matapwerry	people/country	vol015_tropicalagricult1518ceyl#1896-06#061
2946	matchingeries	1	1	90	1891	1891	Matchingeries	people at war	vol011_tropicalagricult1118ceyl#1891-08#110
2947	mathuvars	1	1	90	1895	1895	Mathuvars	nomadic class, back-carriers	vol015_tropicalagricult1518ceyl#1895-12#018
2948	mauché indians	1	1	80	1887	1887	Mauché Indians	tribe associated with guarana	vol007_tropicalagricult7188ceyl#1887-12#028
2949	mauritian planters	1	1	80	1881	1881	Mauritian planters	assistants to Mr. Bernard	vol001_tropicalagricult1188ceyl#1881-08#094
2950	mauritius factors	1	1	90	1892	1892	Mauritius factors	traders	vol011_tropicalagricult1118ceyl#1892-06#107
2951	mauritius planters	1	1	90	1892	1892	Mauritius planters	sugar growers	vol011_tropicalagricult1118ceyl#1892-06#107
2952	mautzu	1	1	80	1885	1885	Mautzu	people living in the mountains	vol004_tropicalagricult18841885colo#1885-06#118
2953	maya	1	1	00	1900	1900	Maya	ancient inhabitants	vol019_tropicalagricult1918ceyl#1900-06#125
2954	maya civilization	1	1	30	1935	1935	Maya civilization	civilization that migrated due to mud	vol085_tropical-agriculturist-1935-11-85#1935-11#008
2955	mayes	1	1	00	1909	1909	Mayes	arrowroot growers	vol032_tropicalagricul321909ceyl#1909-03#015
2956	mbé	1	1	90	1894	1894	Mbé	tribe	vol013_tropicalagricult1318ceyl#1894-01#042
2957	mclellan	1	1	00	1900	1900	McLellan	clan	vol019_tropicalagricult1918ceyl#1900-02#002
2958	meccans	1	1	80	1883	1883	Meccans		vol003_tropicalagricult18831884colo#1883-07#132
2959	mechi	1	1	90	1895	1895	Mechi	coolies	vol015_tropicalagricult1518ceyl#1895-07#024
2960	meddygon maddfai	1	1	80	1884	1884	Meddygon Maddfai	physicians of Maddfai	vol004_tropicalagricult18841885colo#1884-11#029
2961	medical officers	1	1	00	1901	1901	Medical Officers	of military Cantonments	vol021_tropicalagricult2119ceyl#1901-08#022
2962	medical profession	1	1	90	1894	1894	Medical Profession	target audience for advertising	vol014_tropicalagricult1418ceyl#1894-10#130
2963	medinese	1	1	80	1883	1883	Medinese		vol003_tropicalagricult18831884colo#1883-07#132
2964	mediterranean	1	1	10	1919	1919	Mediterranean	Race of fowls	vol052_iss05_tropical-agriculturist-1919-05-52-5#1919-05#028
2965	mediterranean classes	1	1	20	1920	1920	Mediterranean classes	chicken classification	vol055_lbg-630-5-tag-v-55#1920-12#029
2966	mediterranean squadron	1	1	00	1909	1909	Mediterranean squadron	naval unit	vol033_tropicalagricul331909ceyl#1909-09#002
2967	meenatchies	1	1	90	1894	1894	Meenatchies	people seen off from the dock	vol014_tropicalagricult1418ceyl#1894-11#096
2968	meikle and glassford	1	1	90	1898	1898	Messrs. Meikle and Glassford	coffee planters	vol018_tropicalagricult1818ceyl#1898-11#102
2969	melanesians	1	1	00	1909	1909	Melanesians	labourers	vol033_tropicalagricul331909ceyl#1909-11#075
2970	meleagrides	1	1	90	1890	1890	Meleagrides	sisters of Meleager	vol009_tropicalagricult9188ceyl#1890-03#030
2971	meman	1	1	90	1892	1892	Meman	sect	vol012_tropicalagricult1218ceyl#1892-08#110
2972	menangkabau	1	1	90	1890	1890	Menangkabau	Malays coming into the district	vol009_tropicalagricult9188ceyl#1890-05#126
2973	menatchies	1	1	90	1897	1897	Menatchies	town women	vol016_tropicalagricult1618ceyl#1897-02#117
2974	mendelists	1	1	10	1910	1910	Mendelists	enthusiastic proponents of Mendelian genetics	vol035_tropicalagricul351910ceyl#1910-12#025
2975	mensheviks	1	1	20	1929	1929	Mensheviks	political group	vol072_dli-ernet-229221#1929-05#023
2976	mentonese	1	1	80	1888	1888	Mentonese		vol007_tropicalagricult7188ceyl#1888-01#023
2977	mercantile and planting members	1	1	00	1900	1900	Mercantile and Planting Members	members of the Legislative Council	vol019_tropicalagricult1918ceyl#1900-06#172
2978	mercian	1	1	90	1893	1893	Mercian		vol012_tropicalagricult1218ceyl#1893-03#075
2979	meris	1	1	80	1889	1889	Meris		vol008_tropicalagricult8188ceyl#1889-03#054
2980	messinio and culamida	1	1	00	1904	1904	Messrs. Messinio and Culamida	conducted experiments on toxins	vol023_tropicalagricult2319ceyl#1904-06#123
2981	messrs. buchanan, duncan and others	1	1	90	1896	1896	Messrs. Buchanan, Duncan and others	pioneers	vol015_tropicalagricult1518ceyl#1896-06#037
2982	messrs. delmege	1	1	80	1885	1885	Messrs. Delmege	proprietors of Court Lodge estate	vol004_tropicalagricult18841885colo#1885-03#002
2983	messrs. goonatilleke, smerdon and crozier	1	1	20	1922	1922	MESSRS. GOONATILLEKE, SMERDON and CROZIER	members of the Ceylon Bee-keepers' Association	vol059_tropicalagricult0059unse#1922-08#018
2984	messrs. green	1	1	80	1886	1886	Messrs. Green	residents, Kollupitiya	vol006_tropicalagricult18861887colo#1886-11#017
2985	messrs. mangles, j. p. hunt, and others	1	1	80	1882	1882	Messrs. Mangles, J. P. Hunt, and one or two other gentlemen	coffee planters in Coorg	vol002_tropicalagricult18821883colo#1882-07#128
2986	messrs. morris, schrottky, ward and the writer	1	1	80	1883	1883	Messrs. Morris, Schrottky, Ward and the writer	competitors for the honor in the field	vol003_tropicalagricult18831884colo#1883-07#060
2987	messrs. shand	1	1	90	1894	1894	Messrs. Shand	Planters	vol013_tropicalagricult1318ceyl#1894-02#001
2988	messrs. swallow	1	1	90	1896	1896	Messrs. Swallow	sugar plantation owners	vol016_tropicalagricult1618ceyl#1896-12#073
2989	messrs. taylor	1	1	90	1891	1891	Messrs. Taylor	investors in Mysore Goldfield	vol010_tropicalagricult1018ceyl#1891-02#095
2990	messrs. w. smith, christy and others	1	1	80	1882	1882	Messrs. W. Smith, Christy and others	cinchona growers	vol001_tropicalagricult1188ceyl#1882-04#169
2991	metcalfe, berwick, cox, harfleet and fincham	1	1	90	1895	1895	Messrs. Metcalfe, Berwick, Cox, Harfleet and Fincham	took charge of sections	vol015_tropicalagricult1518ceyl#1895-10#036
2992	methodists	1	1	00	1900	1900	Methodist	religious group	vol020_tropicalagricult2019ceyl#1900-12#088
2993	metropolitan bar	1	1	90	1891	1891	Metropolitan Bar		vol011_tropicalagricult1118ceyl#1891-07#114
2994	metropolitan grocers	1	1	90	1891	1891	Metropolitan grocers	association	vol010_tropicalagricult1018ceyl#1891-06#141
2995	mexican authorities	1	1	90	1899	1899	Mexican authorities	own the lands	vol019_tropicalagricult1918ceyl#1899-11#004
2996	mexican peon	1	1	00	1900	1900	Mexican peon	laborer	vol020_tropicalagricult2019ceyl#1900-07#091
2997	mexican shippers	1	1	90	1898	1898	Mexican shippers	shippers of vanilla beans	vol017_tropicalagricult1718ceyl#1898-04#085
2998	mhars	1	1	90	1896	1896	Mhars		vol015_tropicalagricult1518ceyl#1896-02#165
2999	micmac indians	1	1	10	1911	1911	Micmac Indians	indigenous people	vol037_tropicalagricul371911ceyl#1911-07#012
3000	middleton and brooke mockett	1	1	10	1912	1912	Messrs. Middleton and Brooke Mockett	cardamom planters	vol039_tropicalagricul391912ceyl#1912-08#047
3001	middleton and brooke-mockett	1	1	00	1909	1909	Messrs. Middleton and Brooke-Mockett	cardamom planters	vol033_tropicalagricul331909ceyl#1909-07#017
3002	midigas	1	1	10	1911	1911	Midigas	low caste of people who live on flesh	vol037_tropicalagricul371911ceyl#1911-07#067
3003	mikir	1	1	00	1900	1900	Mikir	coolies	vol020_tropicalagricult2019ceyl#1900-08#007
3004	milanese	1	1	80	1883	1883	Milanese	manufacturers	vol002_tropicalagricult18821883colo#1883-03#013
3005	milkmen of madras	1	1	20	1924	1924	Milkmen of Madras	have a great prejudice against groundnut cake	vol062_lbg-630-5-tag-v-62#1924-05#005
3006	mills	1	1	00	1909	1909	Mills	arrowroot growers	vol032_tropicalagricul321909ceyl#1909-03#015
3007	mincing lane	1	1	00	1903	1903	Mincing Lane	old style of merchants dealing in tea	vol022_tropicalagricult2219ceyl#1903-01#022
3008	mineiro	1	1	90	1892	1892	mineiro	settlers from the north	vol011_tropicalagricult1118ceyl#1892-02#022
3009	miri	1	1	10	1910	1910	Miri	tribe	vol034_tropicalagricul341910ceyl#1910-01#067
3010	mishmias	1	1	90	1899	1899	Mishmias	hill tribe	vol018_tropicalagricult1818ceyl#1899-05#002
3011	misotsu	1	1	90	1896	1896	Misotsu	independent tribe	vol016_tropicalagricult1618ceyl#1896-08#001
3012	missions	1	1	00	1903	1903	Missions	raised opposition to labour recruitment	vol023_tropicalagricult2319ceyl#1903-11#032
3013	mistri	1	1	00	1909	1909	mistri	craftsman	vol032_tropicalagricul321909ceyl#1909-06#032
3014	modee	1	1	80	1887	1887	modee	shopkeeper	vol006_tropicalagricult18861887colo#1887-06#013
3015	mofussil stock-traders	1	1	80	1885	1885	Mofussil stock-traders	to be encouraged by presentations of live and dead stock	vol005_tropicalagricult18851886colo#1885-07#074
3016	mogambiques	1	1	00	1909	1909	Mogambiques	labourers	vol033_tropicalagricul331909ceyl#1909-11#057
3017	mogul conquerors	1	1	90	1894	1894	Mogul conquerors	historical group	vol013_tropicalagricult1318ceyl#1894-02#015
3018	mogul emperors	1	1	80	1887	1887	Mogul Emperors		vol006_tropicalagricult18861887colo#1887-05#036
3019	mogul merchants	1	1	90	1897	1897	Mogul merchants		vol016_tropicalagricult1618ceyl#1897-03#027
3020	mohammedan chinese	1	1	90	1898	1898	Mohammedan Chinese		vol018_tropicalagricult1818ceyl#1898-08#062
3021	mohammedan world	1	1	90	1893	1893	Mohammedan world	region/group where coffee is popular	vol013_tropicalagricult1318ceyl#1893-08#065
3022	mohammedanism	1	1	00	1908	1908	Mohammedanism	religion	vol031_tropicalagricul311908ceyl#1908-12#066
3023	mohometans	1	1	20	1922	1922	Mohometans		vol058_dli-ernet-229219#1922-02#003
3024	moi	1	1	30	1932	1932	Moi	cultivators of cassia	vol078_tropical-agriculturist-1932-06-78#1932-06#008
3025	moir brothers	1	1	90	1896	1896	Moir Brothers	managers of the African Lakes Company	vol016_tropicalagricult1618ceyl#1896-11#097
3026	moirs	1	1	90	1894	1894	Moirs	planters of the 'forties' in Ceylon	vol013_tropicalagricult1318ceyl#1894-01#042
3027	moki indians	1	1	20	1921	1921	Moki Indians	growers of Moki lima bean	vol047_lbg-630-5-tag-v-47#1921-12#005
3028	moldanardo family	1	1	00	1903	1903	Moldanardo family	planters	vol023_tropicalagricult2319ceyl#1903-10#003
3029	moleque	1	1	00	1909	1909	Moleque	offspring of the imported servicae	vol033_tropicalagricul331909ceyl#1909-11#057
3030	moleques	1	1	00	1909	1909	moleques	children of imported serviçaes, born on the islands	vol033_tropicalagricul331909ceyl#1909-11#057
3031	moligoda, herat, a. perera and dedigama korala	1	1	90	1890	1890	Messrs. Moligoda, Herat, A. Perera and Dedigama Korala	large land owners of this district	vol009_tropicalagricult9188ceyl#1890-01#032
3032	moluccan	1	1	80	1885	1885	Moluccan	region affinity	vol004_tropicalagricult18841885colo#1885-04#117
3033	momboutous	1	1	90	1890	1890	Momboutous	native people	vol010_tropicalagricult1018ceyl#1890-10#021
3034	mombuttoo	1	1	80	1885	1885	Mombuttoo	people	vol004_tropicalagricult18841885colo#1885-01#106
3035	monarchical party	1	1	90	1896	1896	monarchical party		vol016_tropicalagricult1618ceyl#1896-10#054
3036	mongrels	1	1	90	1890	1890	mongrels	natives	vol009_tropicalagricult9188ceyl#1890-01#126
3037	monjik	1	1	90	1899	1899	Monjik	Russian peasant	vol018_tropicalagricult1818ceyl#1899-05#118
3038	monjiks	1	1	90	1896	1896	Monjiks	poorer classes	vol016_tropicalagricult1618ceyl#1896-10#007
3039	monks	1	1	80	1884	1884	monks	unpaid labour	vol004_tropicalagricult18841885colo#1884-12#071
3040	moodel	1	1	90	1895	1895	moodel	labourers	vol014_tropicalagricult1418ceyl#1895-05#117
3041	moodeliers	1	1	90	1895	1895	Moodeliers	officers of a higher caste	vol015_tropicalagricult1518ceyl#1895-09#001
3042	moodies	1	1	90	1899	1899	moodies	small native grocers	vol018_tropicalagricult1818ceyl#1899-03#071
3043	moodlars	1	1	90	1895	1895	Moodlars	labour group	vol015_tropicalagricult1518ceyl#1895-07#043
3044	moody and sibthorp	1	1	80	1881	1881	Messrs. Moody and Sibthorp	tea tasters	vol001_tropicalagricult1188ceyl#1881-08#060
3045	mook	1	1	80	1886	1886	Mook	island tribe	vol005_tropicalagricult18851886colo#1886-02#113
3046	mookars	1	1	90	1891	1891	Mookars	peculiar people, pioneers of gemming industry	vol010_tropicalagricult1018ceyl#1891-05#089
3047	mookoowas	1	1	10	1911	1911	Mookoowas		vol037_tropicalagricul371911ceyl#1911-12#010
3048	mooltanis	1	1	80	1885	1885	Mooltanis	people of Mooltan	vol005_tropicalagricult18851886colo#1885-12#114
3049	moomen	1	1	80	1886	1886	Moomen	monopoly of the trade	vol005_tropicalagricult18851886colo#1886-06#067
3050	moopas	1	1	90	1890	1890	Moopas	local community	vol010_tropicalagricult1018ceyl#1890-07#105
3051	moopers	1	1	90	1892	1892	Moopers	labourers	vol012_tropicalagricult1218ceyl#1892-09#023
3052	moorhies	1	1	80	1884	1884	moorhies	tender mercies	vol004_tropicalagricult18841885colo#1884-08#013
3053	moorish castes	1	1	80	1889	1889	Moorish castes	miners	vol009_tropicalagricult9188ceyl#1889-08#073
3054	moorish cultivators	1	1	30	1936	1936	Moorish cultivators		vol086_dli-ernet-229228#1936-04#005
3055	moorish money-lenders	1	1	90	1893	1893	Moorish money-lenders	creditors	vol012_tropicalagricult1218ceyl#1893-02#049
3056	moorsmen	1	1	80	1884	1884	Moorsmen	secure proceeds of sales	vol004_tropicalagricult18841885colo#1884-09#105
3057	mopen	1	1	90	1897	1897	Mopens	chiefs of the Kader	vol017_tropicalagricult1718ceyl#1897-09#037
3058	moplaha	1	1	80	1882	1882	Moplaha	race arising from Arab and Coast women	vol001_tropicalagricult1188ceyl#1882-05#116
3059	mops	1	1	90	1891	1891	Mops		vol011_tropicalagricult1118ceyl#1891-10#120
3060	morant family	1	1	80	1888	1888	Morant	owners of Brockenhurst	vol007_tropicalagricult7188ceyl#1888-04#110
3061	moratuwa people	1	1	00	1908	1908	Moratuwa	trade in hemp	vol031_tropicalagricul311908ceyl#1908-08#040
3062	moravian	1	1	10	1914	1914	Moravian	origin of coriander variety	vol042_lbg-630-5-tag-v-42#1914-03#053
3063	moravians	1	1	90	1893	1893	Moravian	Missions	vol013_tropicalagricult1318ceyl#1893-12#125
3064	mordle, killikelly, and roach	1	1	80	1883	1883	Messrs. Mordle, Killikelly, and Roach	cacao and coffee planters	vol002_tropicalagricult18821883colo#1883-02#140
3065	morgan, marsden and reeve	1	1	10	1917	1917	Messrs. Morgan, Marsden and Reeve	resident scientific officers in the East	vol048_iss05_tropical-agriculturist-1917-05-48-5#1917-05#009
3066	moro sultans	1	1	00	1904	1904	Moro sultans	prize mangosteen	vol023_tropicalagricult2319ceyl#1904-01#004
3067	morris and saunders	1	1	90	1898	1898	Messrs. Morris and Saunders	Government Agent and Assistant	vol017_tropicalagricult1718ceyl#1898-03#012
3068	moslem community	1	1	10	1913	1913	Moslem Community		vol040_lbg-630-5-tag-v-40#1913-06#043
3069	moslems	1	1	00	1901	1901	Moslems		vol021_tropicalagricult2119ceyl#1901-08#013
3070	mosquito	1	1	00	1902	1902	Mosquito		vol021_tropicalagricult2119ceyl#1902-01#009
3071	motu	1	1	80	1886	1886	Motu	Port Moresby tribe	vol005_tropicalagricult18851886colo#1886-02#113
3072	moujik	1	1	80	1885	1885	moujik	Russian peasant who drinks tea	vol004_tropicalagricult18841885colo#1885-04#024
3073	mozambique natives	1	1	80	1883	1883	Mozambique natives		vol002_tropicalagricult18821883colo#1883-01#153
3074	mozo	1	1	90	1893	1893	Mozo	Indians, labourers	vol012_tropicalagricult1218ceyl#1893-02#003
3075	mozzo	1	1	90	1898	1898	Mozzo	peasant	vol018_tropicalagricult1818ceyl#1898-10#078
3076	moçambique negro	1	1	00	1909	1909	Moçambique negro	labourer	vol033_tropicalagricul331909ceyl#1909-11#057
3077	mudaliars	1	1	90	1898	1898	Mudaliars	officials to bring relief to paddy growers	vol018_tropicalagricult1818ceyl#1898-07#134
3078	mudaliyars of the district	1	1	10	1919	1919	Mudaliyars of the District	joint Honorary Secretaries	vol053_iss02_tropical-agriculturist-1919-08-53-2#1919-08#024
3079	muganda	1	1	00	1904	1904	Muganda		vol023_tropicalagricult2319ceyl#1904-03#008
3080	mughal	1	1	80	1889	1889	Mogul		vol009_tropicalagricult9188ceyl#1889-09#039
3081	mughals	1	1	90	1890	1890	Moghuls	dynasty	vol009_tropicalagricult9188ceyl#1890-04#092
3082	mughis	1	1	90	1894	1894	Mughis	growers of Jooma Choul	vol014_tropicalagricult1418ceyl#1894-12#002
3083	mugwumps	1	1	90	1896	1896	Mugwumps	political group	vol015_tropicalagricult1518ceyl#1896-05#034
3084	muhammadan countries	1	1	80	1881	1881	Muhammadan countries	region of consumption	vol001_tropicalagricult1188ceyl#1881-12#012
3085	muhammedan	1	1	10	1919	1919	Muhammedan	merchants	vol052_iss01_tropical-agriculturist-1919-01-52-1#1919-01#024
3086	muhammedan countries	1	1	00	1901	1901	Muhammedan countries		vol021_tropicalagricult2119ceyl#1901-11#110
3087	muhammedanis	1	1	80	1887	1887	Muhammedanis	religious group	vol007_tropicalagricult7188ceyl#1887-11#045
3088	muhammedans	1	1	00	1902	1902	Muhammedans	religious group	vol021_tropicalagricult2119ceyl#1902-05#015
3089	muhandiram	1	1	80	1884	1884	Muhandiram	in charge of the garden	vol003_tropicalagricult18831884colo#1884-05#111
3090	muhandirams	1	1	90	1898	1898	Muhandirams	native Headmen	vol017_tropicalagricult1718ceyl#1898-02#138
3091	mujiks	1	1	10	1910	1910	mujiks	immense majority of Russian population	vol034_tropicalagricul341910ceyl#1910-05#013
3092	mulatto	1	1	90	1890	1890	Mulatto	population physically unable to do the work	vol010_tropicalagricult1018ceyl#1890-10#058
3093	mulattos	1	1	00	1908	1908	Mulattos	population group	vol030_tropicalagricul301908ceyl#1908-04#002
3094	mulee	1	1	80	1885	1885	mulee	local people	vol004_tropicalagricult18841885colo#1885-04#059
3095	mullaikaran	1	1	10	1914	1914	Mullaikaran	head cultivator	vol043_lbg-tropicalagricultvol-xliii0000unse-c5y3#1914-09#031
3096	mullaitivu people	1	1	10	1919	1919	Mullaitivu	community requesting tank restoration	vol053_iss03_tropical-agriculturist-1919-09-53-3#1919-09#004
3097	mulu kurumbers	1	1	00	1903	1903	Mulu Kurumbers	sect of Kurumbers, nomadic tribe and magicians	vol022_tropicalagricult2219ceyl#1903-02#089
3098	muniporees	1	1	80	1888	1888	Muniporees	people who planted out indigenous tea	vol007_tropicalagricult7188ceyl#1888-06#038
3099	murrah	1	1	40	1943	1943	Murrah	breed of buffaloes	vol099_iss02_tropical-agriculturist-april-june-1943-99-2#1943-04/06#016
3100	murray and guppy	1	1	90	1891	1891	Messrs. Murray and Guppy	scientists	vol011_tropicalagricult1118ceyl#1891-08#150
3101	murray and leake	1	1	90	1892	1892	Messrs. Murray and Leake		vol012_tropicalagricult1218ceyl#1892-09#078
3102	murray islanders	1	1	00	1902	1902	Murray islanders	crew	vol021_tropicalagricult2119ceyl#1902-01#058
3103	musalmans	1	1	10	1914	1914	Musalmans	section who decline to take interest	vol043_lbg-tropicalagricultvol-xliii0000unse-c5y3#1914-09#029
3104	mussalmans	1	1	00	1903	1903	Mussalmans	Religious group	vol022_tropicalagricult2219ceyl#1903-05#038
3105	mussalmen	1	1	80	1885	1885	Mussalmen	fishing community	vol005_tropicalagricult18851886colo#1885-11#016
3106	mussulman dyaks	1	1	90	1893	1893	Mussulman Dyaks	of Borneo	vol013_tropicalagricult1318ceyl#1893-11#113
3107	musulman physicians	1	1	80	1887	1887	Musulman physicians	learned physicians (Hakims)	vol007_tropicalagricult7188ceyl#1887-09#027
3108	musulmans	1	1	90	1891	1891	Musulmans	itinerant dealers	vol010_tropicalagricult1018ceyl#1891-01#121
3109	mutineers from india	1	1	90	1896	1896	mutineers from India	coolie labourers on sugar plantations	vol016_tropicalagricult1618ceyl#1896-11#016
3110	muttu	1	1	00	1900	1900	muttu	horse owner/driver	vol020_tropicalagricult2019ceyl#1900-12#132
3111	myall blacks	1	1	80	1888	1888	Myall blacks	indigenous group in the north	vol008_tropicalagricult8188ceyl#1888-10#006
3112	mycologists	1	1	20	1921	1921	Mycologists		vol057_in-ernet-dli-2015-230764#1921-09#002
3113	mysore canarese	1	1	00	1900	1900	Mysore Canarese	labourers	vol019_tropicalagricult1918ceyl#1900-06#042
3114	mysore coffee planters	1	1	90	1897	1897	Mysore coffee planters		vol016_tropicalagricult1618ceyl#1897-01#126
3115	mysore native planters	1	1	90	1895	1895	Mysore Native planters	planting community	vol015_tropicalagricult1518ceyl#1895-10#039
3116	mysore planters	1	1	00	1903	1903	Mysore Planters		vol022_tropicalagricult2219ceyl#1903-06#103
3117	mysorean	1	1	20	1924	1924	Mysorean		vol062_lbg-630-5-tag-v-62#1924-05#011
3118	mysoreans	1	1	00	1904	1904	Mysoreans	labourers	vol023_tropicalagricult2319ceyl#1904-05#018
3119	mérandon and bonieux	1	1	80	1889	1889	Messieurs Mérandon and Bonieux	modifiers of the new process	vol009_tropicalagricult9188ceyl#1889-09#002
3120	n. b. & l. b. wyse	1	1	90	1899	1899	Messrs. N. B. & L. B. Wyse	purchasers	vol018_tropicalagricult1818ceyl#1899-03#060
3121	n. j. campbell, p. b. godamune and j. r. nugawela	1	1	10	1914	1914	Messrs. N. J. Campbell, P. B. Godamune and J. R. Nugawela	recipients of brood lac	vol043_lbg-tropicalagricultvol-xliii0000unse-c5y3#1914-12#041
3122	n.e.i. native	1	1	30	1931	1931	N.E.I. Native	producers	vol076_dli-ernet-229225#1931-03#006
3123	naad	1	1	90	1895	1895	Naad	labour group	vol015_tropicalagricult1518ceyl#1895-07#043
3124	nabobs	1	1	90	1895	1895	Nabobs	ancient order	vol015_tropicalagricult1518ceyl#1895-12#061
3125	nadroga natives	1	1	90	1895	1895	Nadroga natives	planting bananas	vol015_tropicalagricult1518ceyl#1895-12#039
3126	naga coolies	1	1	90	1897	1897	Naga coolies		vol016_tropicalagricult1618ceyl#1897-06#055
3127	naga demons	1	1	80	1888	1888	Naga demons	guardians of under-ground treasure	vol008_tropicalagricult8188ceyl#1888-09#083
3128	nagadis	1	1	30	1936	1936	Nagadis	native merchants	vol086_dli-ernet-229228#1936-02#009
3129	naidus	1	1	00	1907	1907	Naidus	descendants of Telugu immigrants	vol028_tropicalagricul281907ceyl#1907-03#014
3130	naikars	1	1	90	1893	1893	Naikars	immigrants	vol012_tropicalagricult1218ceyl#1893-04#063
3131	nair brigade	1	1	90	1892	1892	Nair Brigade	military unit	vol012_tropicalagricult1218ceyl#1892-10#012
3132	nakeems	1	1	80	1888	1888	Nakeems	native doctors of India	vol007_tropicalagricult7188ceyl#1888-01#121
3133	nandi	1	1	00	1902	1902	Nandi	inhabitants	vol021_tropicalagricult2119ceyl#1902-01#042
3134	napoleon bonaparte wyse	1	1	90	1898	1898	Messrs. Napoleon Bonaparte Wyse	purchasers of Holbrook	vol017_tropicalagricult1718ceyl#1898-05#045
3135	natal colonists	1	1	80	1886	1886	Natal colonists	callers of the wood 'pink ivory'	vol006_tropicalagricult18861887colo#1886-08#147
3136	natal opposition	1	1	00	1903	1903	Natal Opposition		vol022_tropicalagricult2219ceyl#1903-06#109
3137	nationalist irish	1	1	90	1899	1899	Nationalist Irish	believers in agrarian outrage	vol018_tropicalagricult1818ceyl#1899-01#034
3138	native americans	1	1	80	1882	1882	red Indians	aboriginal race of America	vol002_tropicalagricult18821883colo#1882-11#012
3139	native brethren	1	1	90	1890	1890	Native brethren	workers	vol010_tropicalagricult1018ceyl#1890-11#036
3140	native buyers	1	1	00	1900	1900	native buyers	buyers of rubbishy teas	vol020_tropicalagricult2019ceyl#1900-10#042
3141	native capitalists	1	1	90	1896	1896	Native capitalists	trying their hands at mills	vol015_tropicalagricult1518ceyl#1896-01#011
3142	native chinese	1	1	00	1902	1902	Native Chinese	manufacturers and exporters	vol022_tropicalagricult2219ceyl#1902-10#011
3143	native coffee planters	1	1	80	1888	1888	native coffee planters	paid by the Government for labour	vol008_tropicalagricult8188ceyl#1888-10#130
3144	native community	1	1	90	1891	1891	native community		vol011_tropicalagricult1118ceyl#1891-11#081
3145	native dealers	1	1	80	1888	1888	native dealers	local business participants	vol007_tropicalagricult7188ceyl#1888-04#011
3146	native doctors	1	1	90	1895	1895	native doctors		vol014_tropicalagricult1418ceyl#1895-03#002
3147	native gardens	1	1	90	1895	1895	Native Gardens	source of cinnamon produce	vol015_tropicalagricult1518ceyl#1895-08#054
3148	native growers	1	1	90	1890	1890	Native	growers in village gardens	vol010_tropicalagricult1018ceyl#1890-08#152
3149	native indian tribes	1	1	10	1918	1918	Indian tribes	cultivators of wild rice in North America	vol051_iss03_tropical-agriculturist-1918-09-51-3#1918-09#007
3150	native medical practitioners	1	1	90	1890	1890	Native Medical Practitioners	practitioners of traditional medicine	vol009_tropicalagricult9188ceyl#1890-05#122
3151	native merchants	1	1	90	1896	1896	native merchants		vol016_tropicalagricult1618ceyl#1896-12#094
3152	native militia	1	1	00	1900	1900	Native Militia	raised for service in the Interior	vol020_tropicalagricult2019ceyl#1900-10#199
3153	native owners	1	1	90	1893	1893	Native Owners	lessors of properties	vol012_tropicalagricult1218ceyl#1893-01#014
3154	native population	1	1	80	1889	1889	Native population	local inhabitants	vol009_tropicalagricult9188ceyl#1889-11#098
3155	native population of java	1	1	80	1888	1888	native population	coffee cultivators	vol008_tropicalagricult8188ceyl#1888-10#073
3156	native princes	1	1	00	1900	1900	native princes	keepers of male elephants	vol019_tropicalagricult1918ceyl#1900-04#106
3157	native ryots	1	1	80	1881	1881	Native ryots		vol001_tropicalagricult1188ceyl#1881-09#123
3158	native states of india	1	1	90	1899	1899	Native States of India		vol018_tropicalagricult1818ceyl#1899-02#049
3159	native tea brokers	1	1	80	1886	1886	native tea brokers	participants in trade rules	vol006_tropicalagricult18861887colo#1886-07#096
3160	native tea guild	1	1	80	1887	1887	native tea guild	group	vol007_tropicalagricult7188ceyl#1887-12#091
3161	native town population	1	1	80	1887	1887	native town population		vol006_tropicalagricult18861887colo#1887-03#072
3162	native tribes	1	1	00	1901	1901	Native tribes	practised preventive remedies	vol020_tropicalagricult2019ceyl#1901-04#120
3163	natives of ceylon	1	1	90	1895	1895	Natives of Ceylon	Carvings	vol014_tropicalagricult1418ceyl#1895-05#066
3164	natives of north borneo	1	1	10	1917	1917	natives	small holders, coolies	vol049_iss04_tropical-agriculturist-1917-10-49-4#1917-10#006
3165	natives of sierra leone	1	1	10	1910	1910	The natives	have a rooted objection to raise any more trees	vol035_tropicalagricul351910ceyl#1910-12#038
3166	natives of tagula	1	1	00	1900	1900	natives	inhabitants of Tagula Island	vol020_tropicalagricult2019ceyl#1900-12#088
3167	natives of the country	1	1	00	1908	1908	natives of the country	beneficiaries of the experiment	vol031_tropicalagricul311908ceyl#1908-07#066
3168	nattukotta chetties	1	1	80	1882	1882	Nattukotta chetties	traders replacing Chinese monopoly	vol001_tropicalagricult1188ceyl#1882-04#051
3169	nattukotta chetty	1	1	90	1897	1897	Nattukotta Chetty	new buyer	vol017_tropicalagricult1718ceyl#1897-11#054
3170	nattukottai chettiar	1	1	80	1889	1889	Nattucotta Chetties	traders in Jaffna	vol008_tropicalagricult8188ceyl#1889-02#100
3171	natucotta chetty	1	1	00	1906	1906	Natucotta Chetty	money lender	vol027_tropicalagricul271906ceyl#1906-10#014
3172	navajo indians	1	1	90	1894	1894	Navajo Indians		vol013_tropicalagricult1318ceyl#1894-01#043
3173	nawabs of the carnatic	1	1	80	1883	1883	Nawabs of the Carnatic	former rulers	vol002_tropicalagricult18821883colo#1883-06#152
3174	nayars	1	1	80	1885	1885	Nayars		vol004_tropicalagricult18841885colo#1885-03#039
3175	nayer	1	1	80	1884	1884	Nayer	sepoys and peons	vol003_tropicalagricult18831884colo#1884-04#110
3176	nazira team	1	1	90	1892	1892	Nazira Team	cricket team captained by Mr. Turton	vol011_tropicalagricult1118ceyl#1892-05#003
3177	neapolitan pharmacists	1	1	90	1895	1895	Neapolitan pharmacists	protesters	vol015_tropicalagricult1518ceyl#1895-10#091
3178	nederlanders	1	1	90	1898	1898	Nederlanders	Dutch people	vol017_tropicalagricult1718ceyl#1898-06#129
3179	negro cultivators	1	1	80	1887	1887	negro cultivator		vol007_tropicalagricult7188ceyl#1887-09#046
3180	negro emigrants	1	1	80	1885	1885	negro emigrants	coconut farmers	vol004_tropicalagricult18841885colo#1885-01#039
3181	negro labourer	1	1	80	1883	1883	negro labourer		vol002_tropicalagricult18821883colo#1883-02#139
3182	negro population	1	1	90	1896	1896	negro population	native population	vol016_tropicalagricult1618ceyl#1896-11#015
3183	negro priests	1	1	90	1891	1891	Negro priests	informants	vol011_tropicalagricult1118ceyl#1891-10#038
3184	negro race	1	1	80	1885	1885	negro race	population	vol004_tropicalagricult18841885colo#1885-01#067
3185	negro races	1	1	80	1881	1881	negro races	groups preparing coffee substitutes	vol001_tropicalagricult1188ceyl#1881-11#090
3186	negro servants	1	1	80	1885	1885	negro servants		vol004_tropicalagricult18841885colo#1885-03#093
3187	negro tenants	1	1	00	1909	1909	negro tenants	farmers	vol032_tropicalagricul321909ceyl#1909-05#010
3188	negro tribes	1	1	00	1903	1903	Negro tribes	settled population	vol023_tropicalagricult2319ceyl#1903-07#077
3189	negro women	1	1	80	1883	1883	negro women	fruit gatherers	vol002_tropicalagricult18821883colo#1883-01#160
3190	negroes of the west indies	1	1	80	1883	1883	negroes of the West Indies	labourers	vol002_tropicalagricult18821883colo#1883-05#122
3191	neolithic men	1	1	90	1891	1891	Neolithic men	polished flint weapons	vol010_tropicalagricult1018ceyl#1891-02#098
3192	nepalese coolies	1	1	80	1885	1885	Nepalese coolies	labourers on tea gardens	vol004_tropicalagricult18841885colo#1885-02#109
3193	nepali girls	1	1	90	1896	1896	Nepali girls	workers in finishing tea	vol016_tropicalagricult1618ceyl#1896-09#044
3194	netherlands indian tea planters	1	1	30	1937	1937	Netherlands Indian tea planters	Community	vol088_dli-ernet-229229#1937-05#010
3195	new england indians	1	1	00	1900	1900	New England Indians	makers of sweet-scented grass baskets	vol019_tropicalagricult1918ceyl#1900-06#147
3196	new granadian	1	1	90	1894	1894	New Granadian	origin of bark	vol014_tropicalagricult1418ceyl#1894-12#045
3197	newar	1	1	80	1883	1883	Newar	coolies on tea estates	vol003_tropicalagricult18831884colo#1883-10#058
3198	newbury, dunn, and moody	1	1	80	1884	1884	Messrs. Newbury, Dunn, and myself	tea brokers	vol004_tropicalagricult18841885colo#1884-08#053
3199	nias	1	1	80	1882	1882	Nias	language/people	vol001_tropicalagricult1188ceyl#1882-05#204
3200	nicaraguan	1	1	10	1910	1910	Nicaraguan	origin of the shade tree	vol034_tropicalagricul341910ceyl#1910-05#015
3201	nicholas	1	1	10	1912	1912	Nicholas	family associated with cinnamon estates	vol039_tropicalagricul391912ceyl#1912-11#042
3202	nicobarese	1	1	80	1882	1882	Nicobarese	inhabitants of the islands	vol001_tropicalagricult1188ceyl#1882-06#109
3203	nicols	1	1	90	1894	1894	Nicols	planters of the 'forties' in Ceylon	vol013_tropicalagricult1318ceyl#1894-01#042
3204	niggers	1	1	80	1889	1889	niggers	crush and ferment peanuts	vol009_tropicalagricult9188ceyl#1889-11#125
3205	nihilism	1	1	90	1898	1898	Nihilism	political movement	vol017_tropicalagricult1718ceyl#1898-04#015
3206	nilagama	1	1	90	1898	1898	Nilagama	guild of painters	vol017_tropicalagricult1718ceyl#1898-06#128
3207	nilgiri planters	1	1	90	1893	1893	Nilgiri planters	planters in the Nilgiris	vol012_tropicalagricult1218ceyl#1893-06#021
3208	ningpo chinese merchants	1	1	90	1895	1895	Ningpo Chinese merchants	buyers of tea	vol015_tropicalagricult1518ceyl#1895-09#148
3209	ningpoese	1	1	80	1884	1884	Ningpoese		vol003_tropicalagricult18831884colo#1884-06#063
3210	nipalee	1	1	80	1886	1886	Nipalee	people using seed for washing hair	vol005_tropicalagricult18851886colo#1886-05#037
3211	niueans	1	1	10	1910	1910	Nieuéans	labourers	vol034_tropicalagricul341910ceyl#1910-03#011
3212	nocairis	1	1	90	1892	1892	Nocairis	tribe engaged in cultivation of Latakia tobacco	vol012_tropicalagricult1218ceyl#1892-07#058
3213	nock and clark	1	1	80	1888	1888	Messrs. Nock and Clark	pattern for experimental gardens	vol008_tropicalagricult8188ceyl#1888-12#114
3214	nomades	1	1	80	1888	1888	nomades	consumers of brick tea in the desert of Cobi	vol008_tropicalagricult8188ceyl#1888-10#104
3215	nomads	1	1	10	1910	1910	nomads	herders	vol034_tropicalagricul341910ceyl#1910-06#033
3216	non-brahman hindus	1	1	80	1888	1888	non-Brahman Hindus		vol008_tropicalagricult8188ceyl#1888-10#076
3217	non-christians	1	1	90	1890	1890	non-Christians	not to enter the church	vol010_tropicalagricult1018ceyl#1890-09#041
3218	nonconformist teetotallers	1	1	00	1902	1902	Nonconformist teetotallers	group affected by tax	vol022_tropicalagricult2219ceyl#1902-08#074
3219	nonconformists	1	1	90	1899	1899	Nonconformists	religious group	vol019_tropicalagricult1918ceyl#1899-10#001
3220	norfolks	1	1	90	1892	1892	Norfolks	noble family	vol011_tropicalagricult1118ceyl#1892-06#062
3221	norman pirates	1	1	90	1890	1890	Norman pirates		vol010_tropicalagricult1018ceyl#1890-11#121
3222	norman stewart and macintyre	1	1	90	1894	1894	Messrs. Norman Stewart and Macintyre	partners of Mr. John Brown	vol013_tropicalagricult1318ceyl#1894-04#006
3223	norman-french	1	1	90	1891	1891	Norman-French	language origin	vol010_tropicalagricult1018ceyl#1891-03#060
3224	norsemen	1	1	80	1887	1887	Norsemen		vol006_tropicalagricult18861887colo#1887-03#055
3225	north	1	1	80	1882	1882	North	political group in Queensland	vol002_tropicalagricult18821883colo#1882-11#012
3226	north african	1	1	10	1913	1913	North African	origin of varieties	vol041_lbg-vol-xli-tropicalagricult0000dewi-t3r5#1913-12#032
3227	north americans	1	1	10	1912	1912	North American	speculators	vol038_tropicalagricul381912ceyl#1912-04#004
3228	north brazilians	1	1	10	1910	1910	North Brazilians	people of the region	vol035_tropicalagricul351910ceyl#1910-07#003
3229	north indian planters	1	1	00	1901	1901	North Indian planters		vol020_tropicalagricult2019ceyl#1901-04#083
3230	north-american	1	1	00	1902	1902	North-American	negroes	vol022_tropicalagricult2219ceyl#1902-12#014
3231	north-americans	1	1	00	1901	1901	North-American	capital source	vol021_tropicalagricult2119ceyl#1901-10#004
3232	north-eastern indian planters	1	1	90	1899	1899	North-Eastern Indian		vol018_tropicalagricult1818ceyl#1899-06#009
3233	north-west coolie	1	1	90	1893	1893	North-West coolie		vol013_tropicalagricult1318ceyl#1893-12#129
3234	north-westers	1	1	80	1884	1884	North-Westers	coolies from the North-West	vol004_tropicalagricult18841885colo#1884-10#076
3235	northern americans	1	1	80	1884	1884	Northern Americans	visitors	vol004_tropicalagricult18841885colo#1884-10#055
3236	northern army	1	1	00	1907	1907	Northern army		vol028_tropicalagricul281907ceyl#1907-03#010
3237	northern chinese	1	1	80	1889	1889	Northern Chinese	teams whose knowledge and experience are reliable	vol008_tropicalagricult8188ceyl#1889-05#022
3238	northern coolies	1	1	90	1897	1897	Northern coolies	labour group	vol016_tropicalagricult1618ceyl#1897-06#082
3239	northern district planters	1	1	90	1899	1899	THE NORTHERN DISTRICT PLANTERS		vol018_tropicalagricult1818ceyl#1899-01#092
3240	northern new zealanders	1	1	90	1898	1898	Northern New Zealander		vol017_tropicalagricult1718ceyl#1898-06#076
3241	northerners	1	1	80	1886	1886	Northerners	wealthy settlers from the Northern winter	vol005_tropicalagricult18851886colo#1886-06#068
3242	northumbrian	1	1	80	1883	1883	Northumbrian	nationality/region	vol003_tropicalagricult18831884colo#1883-07#095
3243	northway, forsythe & macadam	1	1	00	1909	1909	Messrs Northway, W Forsythe and C O Macadam		vol033_tropicalagricul331909ceyl#1909-07#065
3244	nova scotian	1	1	90	1890	1890	Nova Scotian	nationality of Mr. Pineo	vol009_tropicalagricult9188ceyl#1890-01#058
3245	nubians	1	1	80	1888	1888	Nubians	constables	vol008_tropicalagricult8188ceyl#1888-07#060
3246	numantians	1	1	30	1933	1933	Numantians	people	vol080_dli-ernet-229226#1933-05#015
3247	nuniah	1	1	10	1917	1917	nuniah	extractors of crude saltpetre	vol048_iss04_tropical-agriculturist-1917-04-48-4#1917-04#021
3248	nunials	1	1	10	1917	1917	Nunials	workers engaged in extraction	vol048_iss04_tropical-agriculturist-1917-04-48-4#1917-04#021
3249	nuwara eliya coolies	1	1	80	1886	1886	Nuwara Eliya coolies	workers	vol006_tropicalagricult18861887colo#1886-12#106
3250	o'bryan	1	1	00	1902	1902	O'Bryan	surname	vol021_tropicalagricult2119ceyl#1902-01#018
3251	o'finnagin	1	1	00	1902	1902	O'Finnagin	surname	vol021_tropicalagricult2119ceyl#1902-01#018
3252	o. and r. meikle	1	1	90	1893	1893	Messrs. O. and R. Meikle	proprietors	vol012_tropicalagricult1218ceyl#1893-05#130
3253	oaxaquenos	1	1	00	1901	1901	Oaxaquenos	labourers	vol020_tropicalagricult2019ceyl#1901-01#071
3254	obbo tribe	1	1	00	1900	1900	Obbo Tribe	native tribe in Africa	vol019_tropicalagricult1918ceyl#1900-03#139
3255	obeah men	1	1	80	1888	1888	Obeah men	practitioners of Obeah	vol007_tropicalagricult7188ceyl#1888-02#106
3256	obenat nair	1	1	80	1886	1886	Obenat Nair	community/forest area	vol006_tropicalagricult18861887colo#1886-09#124
3257	occident	1	1	80	1886	1886	Occident		vol006_tropicalagricult18861887colo#1886-10#110
3258	oceanians	1	1	90	1894	1894	Oceanian	stockmen	vol013_tropicalagricult1318ceyl#1894-04#061
3259	oceanic	1	1	90	1894	1894	Oceanic	language/people	vol013_tropicalagricult1318ceyl#1894-05#039
3260	octaroons	1	1	90	1891	1891	octaroons		vol011_tropicalagricult1118ceyl#1891-08#079
3261	ogas	1	1	10	1912	1912	Ogas	headmen	vol039_tropicalagricul391912ceyl#1912-10#005
3262	oholas	1	1	90	1893	1893	Oholas	local laborers	vol013_tropicalagricult1318ceyl#1893-08#015
3263	ojibwa-algonquins	1	1	10	1910	1910	Ojibwa-Algonquins	tribe	vol035_tropicalagricul351910ceyl#1910-11#009
3264	okals	1	1	00	1901	1901	Okals	chiefs and elders of the Issas	vol020_tropicalagricult2019ceyl#1901-04#104
3265	old colonials	1	1	90	1899	1899	Old Colonials	group of former students	vol019_tropicalagricult1918ceyl#1899-07#092
3266	old pueblos	1	1	90	1894	1894	Old Pueblos		vol013_tropicalagricult1318ceyl#1894-01#043
3267	old zion	1	1	80	1882	1882	Old Zion	congregation	vol001_tropicalagricult1188ceyl#1882-05#095
3268	oliyo	1	1	00	1906	1906	Oliyo	dancers	vol027_tropicalagricul271906ceyl#1906-09#020
3269	olmecs	1	1	40	1940	1940	Olmees	ancient tribe in South America	vol094_iss01_tropical-agriculturist-1940-01-94-1#1940-01#007
3270	oman arabs	1	1	30	1933	1933	Oman Arabs	brought cloves to Zanzibar	vol081_iss02_tropical-agriculturist-1933-08-81-2#1933-08#008
3271	oorya beras	1	1	80	1883	1883	Oorya beras	smoke cigars	vol003_tropicalagricult18831884colo#1883-08#130
3272	ootacamundites	1	1	90	1891	1891	Ootacamundites	residents of Ootacamund	vol010_tropicalagricult1018ceyl#1891-04#062
3273	ootyites	1	1	80	1889	1889	Ootyites	residents of Ooty	vol008_tropicalagricult8188ceyl#1889-02#094
3274	orang ot	1	1	80	1884	1884	Orang Ot	territory inhabitants	vol004_tropicalagricult18841885colo#1884-08#091
3275	orang poonan	1	1	80	1882	1882	Orang Poonan	forest people, chief collectors of wax	vol001_tropicalagricult1188ceyl#1882-05#066
3276	orang putih	1	1	80	1882	1882	Orang putih	white people	vol002_tropicalagricult18821883colo#1882-09#071
3277	orang sletar	1	1	80	1885	1885	Orang Sletar	Aborigines	vol004_tropicalagricult18841885colo#1885-06#139
3278	orang utans	1	1	80	1885	1885	Orang Utans	Aborigines	vol004_tropicalagricult18841885colo#1885-06#139
3279	orchard & bateson	1	1	90	1899	1899	Messrs. Orchard & Bateson	purchasers	vol018_tropicalagricult1818ceyl#1899-03#060
3280	oriental christians	1	1	90	1895	1895	Oriental Christians		vol015_tropicalagricult1518ceyl#1895-07#077
3281	osage	1	1	80	1889	1889	Osaga	Western Indians	vol008_tropicalagricult8188ceyl#1889-01#152
3282	other european	1	1	30	1931	1931	Other European	producers	vol076_dli-ernet-229225#1931-03#006
3283	other native	1	1	30	1931	1931	Other Native	producers	vol076_dli-ernet-229225#1931-03#006
3284	ottomans	1	1	00	1903	1903	Ottoman	rule	vol022_tropicalagricult2219ceyl#1903-05#020
3285	ouchterlony family	1	1	80	1887	1887	Ouchterlony family		vol007_tropicalagricult7188ceyl#1887-10#065
3286	ourrumbas	1	1	90	1892	1892	Ourrumbas	labourers	vol012_tropicalagricult1218ceyl#1892-09#023
3287	overbeck and dent	1	1	80	1881	1881	Messrs. Overbeck and Dent		vol001_tropicalagricult1188ceyl#1881-08#091
3288	oxford men	1	1	00	1908	1908	Oxford men	rowing crew	vol030_tropicalagricul301908ceyl#1908-05#045
3289	pacific coast indians	1	1	90	1891	1891	Pacific Coast Indians	used cypress in ceremony of purification	vol011_tropicalagricult1118ceyl#1891-11#020
3290	padalotmen	1	1	90	1898	1898	padalotmen	salt transporters	vol017_tropicalagricult1718ceyl#1898-02#068
3291	padaunge	1	1	90	1892	1892	Padaunge	tribe imported for labour	vol012_tropicalagricult1218ceyl#1892-07#043
3292	padouns	1	1	80	1887	1887	Padouns	local community	vol007_tropicalagricult7188ceyl#1887-11#064
3293	padres	1	1	00	1903	1903	Padres	Catholic priests	vol022_tropicalagricult2219ceyl#1903-04#073
3294	padungs	1	1	90	1891	1891	Padungs	natives who secure harvests	vol011_tropicalagricult1118ceyl#1891-08#115
3295	paduwo	1	1	00	1906	1906	Paduwo	caste group	vol027_tropicalagricul271906ceyl#1906-09#020
3296	pagans	1	1	80	1888	1888	Pagans		vol007_tropicalagricult7188ceyl#1888-02#069
3297	paharias	1	1	90	1896	1896	Paharias	hill women, pluckers	vol016_tropicalagricult1618ceyl#1896-12#022
3298	paharie	1	1	90	1892	1892	paharie	hill peasant	vol012_tropicalagricult1218ceyl#1892-11#051
3299	paharihs	1	1	80	1885	1885	paharihs	coolies	vol004_tropicalagricult18841885colo#1885-05#078
3300	paharis	1	1	80	1883	1883	paharris	hill men, porters	vol003_tropicalagricult18831884colo#1883-10#058
3301	pakus	1	1	80	1887	1887	Pakus	local community	vol007_tropicalagricult7188ceyl#1887-11#064
3302	palghaut wodru	1	1	90	1892	1892	Palghaut Wodru	labourers	vol012_tropicalagricult1218ceyl#1892-09#057
3303	paliyo	1	1	00	1906	1906	Paliyo	caste group	vol027_tropicalagricul271906ceyl#1906-09#020
3304	palla	1	1	10	1919	1919	Palla	caste of climbers	vol052_iss04_tropical-agriculturist-1919-04-52-4#1919-04#016
3305	pallam	1	1	80	1889	1889	pallam	coffee thieves	vol009_tropicalagricult9188ceyl#1889-07#096
3306	palle-gar chiefs	1	1	80	1887	1887	Palle-gar Chiefs	chiefs	vol007_tropicalagricult7188ceyl#1887-11#086
3307	pallesiya	1	1	20	1924	1924	Pallesiya	pattu	vol062_lbg-630-5-tag-v-62#1924-01#027
3308	pallivendlu	1	1	10	1914	1914	Pallivendlu	fishermen	vol043_lbg-tropicalagricultvol-xliii0000unse-c5y3#1914-10#049
3309	paloungs	1	1	80	1889	1889	Paloungs		vol009_tropicalagricult9188ceyl#1889-09#085
3310	pampanga	1	1	10	1919	1919	Pampanga	language group	vol052_iss06_tropical-agriculturist-1919-06-52-6#1919-06#021
3311	pan-malis	1	1	10	1917	1917	Pan-malis	Community	vol048_iss04_tropical-agriculturist-1917-04-48-4#1917-04#031
3312	panchama	1	1	10	1918	1918	Panchama	community receiving special education grant	vol051_iss01_tropical-agriculturist-1918-07-51-1#1918-07#017
3313	panchayats	1	1	20	1928	1928	Panchayats	community bodies	vol071_tropical-agriculturist-1928-08-71#1928-08#014
3314	panches	1	1	10	1918	1918	Panches	village leaders	vol050_dli-ernet-21168#1918-02#017
3315	panchkalshas	1	1	80	1889	1889	Panchkalshas	caste	vol009_tropicalagricult9188ceyl#1889-08#030
3316	pandyan kings	1	1	80	1887	1887	Pandyan kings	historical rulers	vol007_tropicalagricult7188ceyl#1887-11#071
3317	pangasinan	1	1	20	1921	1921	Pangasinan	dialect	vol047_lbg-630-5-tag-v-47#1921-07#008
3318	paniars	1	1	90	1891	1891	Paniars		vol011_tropicalagricult1118ceyl#1891-10#120
3319	panjabis	1	1	80	1885	1885	Panjabis	people who acquired a passion for the fruit	vol004_tropicalagricult18841885colo#1885-02#137
3320	pannayo	1	1	00	1906	1906	Pannayo	grass-cutters	vol027_tropicalagricul271906ceyl#1906-09#020
3321	panniahs	1	1	90	1892	1892	Panniahs	labourers	vol012_tropicalagricult1218ceyl#1892-09#023
3322	pannirs	1	1	00	1900	1900	Pannirs	native race	vol019_tropicalagricult1918ceyl#1900-01#074
3323	panthays	1	1	80	1886	1886	Panthays	miners	vol005_tropicalagricult18851886colo#1886-02#131
3324	papago indians	1	1	80	1884	1884	Papago Indians	producers of cactus syrup	vol004_tropicalagricult18841885colo#1884-11#020
3325	papajo indians	1	1	80	1884	1884	Papajo Indians	transporters of cactus syrup	vol004_tropicalagricult18841885colo#1884-11#020
3326	papar dusuns	1	1	00	1908	1908	Papar Dusuns	labour force	vol031_tropicalagricul311908ceyl#1908-08#099
3327	paraguayan indians	1	1	90	1891	1891	Paraguayan Indian	people	vol010_tropicalagricult1018ceyl#1891-05#081
3328	parawa	1	1	90	1899	1899	Parawa	ethnic group	vol019_tropicalagricult1918ceyl#1899-11#059
3329	parawas	1	1	00	1901	1901	Parawas	retail shop-keepers	vol021_tropicalagricult2119ceyl#1901-07#096
3330	parcae	1	1	00	1907	1907	Parcee	mythological figures	vol028_tropicalagricul281907ceyl#1907-06#025
3331	parisian	1	1	30	1934	1934	Parisian	manufacturers of cosmetics	vol082_dli-ernet-229227#1934-01#009
3332	parleys	1	1	90	1891	1891	Parleys	coolies	vol011_tropicalagricult1118ceyl#1891-09#040
3333	parpiteyar	1	1	90	1890	1890	parpiteyar	village official	vol010_tropicalagricult1018ceyl#1890-08#094
3334	parramore family	1	1	80	1884	1884	Messrs. Parramore	breeders of stud sheep	vol003_tropicalagricult18831884colo#1884-02#042
3335	parsee group	1	1	80	1889	1889	Parsee group	group of cotton mills	vol008_tropicalagricult8188ceyl#1889-01#077
3336	parsee merchants	1	1	90	1899	1899	Parsee Merchants	traders in tea	vol019_tropicalagricult1918ceyl#1899-08#077
3337	parsee theatrical company	1	1	80	1882	1882	Parsee Theatrical Company	group that cut down palm specimens	vol001_tropicalagricult1188ceyl#1882-01#127
3338	parsi merchants	1	1	90	1899	1899	Parsi merchants	tea traders	vol019_tropicalagricult1918ceyl#1899-07#004
3339	passis	1	1	90	1896	1896	Passis	lower castes	vol016_tropicalagricult1618ceyl#1896-12#004
3340	pata bulutgama	1	1	00	1906	1906	Pata Bulutgama	family	vol027_tropicalagricul271906ceyl#1906-09#020
3341	patani	1	1	90	1891	1891	Patani	nationality/origin	vol011_tropicalagricult1118ceyl#1891-08#038
3342	patrao	1	1	00	1908	1908	patrao	possessor of a seringal	vol031_tropicalagricul311908ceyl#1908-12#002
3343	pattagar	1	1	10	1913	1913	Pattagar	community	vol041_lbg-vol-xli-tropicalagricult0000dewi-t3r5#1913-07#052
3344	patti wala aya	1	1	00	1906	1906	Patti Wala Aya	people who belong to the royal palanquin department	vol027_tropicalagricul271906ceyl#1906-09#020
3345	pattinavar	1	1	90	1891	1891	Pattinavar	original fishermen caste	vol011_tropicalagricult1118ceyl#1891-10#062
3346	patwaris	1	1	90	1891	1891	Patwaris	recording area	vol011_tropicalagricult1118ceyl#1891-12#040
3347	pauk-too	1	1	10	1912	1912	Pauk-too	workers in weeding	vol038_tropicalagricul381912ceyl#1912-05#033
3348	paul and cowlen	1	1	80	1883	1883	Messrs. Paul and Cowlen	investigators	vol002_tropicalagricult18821883colo#1883-05#112
3349	paulist	1	1	80	1885	1885	Paulist	planter	vol005_tropicalagricult18851886colo#1885-10#034
3350	paulista planters	1	1	80	1886	1886	Paulista planters	coffee planters in São Paulo	vol005_tropicalagricult18851886colo#1886-04#135
3351	paulistas	1	1	90	1899	1899	Paulista	natives of São Paulo	vol018_tropicalagricult1818ceyl#1899-03#025
3352	paya-tagu	1	1	00	1909	1909	Paya-tagu	class of Palaungs	vol032_tropicalagricul321909ceyl#1909-05#064
3353	pea fowl	1	1	00	1902	1902	pea fowl	bred on the estate	vol022_tropicalagricult2219ceyl#1902-12#051
3354	peermade	1	1	10	1911	1911	Peermade	South Indian planter	vol037_tropicalagricul371911ceyl#1911-09#047
3355	peluans	1	1	90	1897	1897	Peluans	people who manufacture fibre coats	vol016_tropicalagricult1618ceyl#1897-03#013
3356	penghulu	1	1	90	1890	1890	Penghulu	native magistrate	vol009_tropicalagricult9188ceyl#1890-06#100
3357	penghulus	1	1	00	1902	1902	penghulus	local officials	vol022_tropicalagricult2219ceyl#1902-07#025
3358	pennsylvania dutch	1	1	30	1936	1936	Pennsylvania Dutch	community with specific motto	vol086_dli-ernet-229228#1936-02#006
3359	pennsylvanians	1	1	90	1897	1897	Pennsylvanians	young men who commenced the extraction of bee venom	vol017_tropicalagricult1718ceyl#1897-07#118
3360	people of mixed race	1	1	80	1883	1883	people of mixed race	bark collectors	vol002_tropicalagricult18821883colo#1883-03#014
3361	perera family	1	1	10	1912	1912	Perera	family	vol039_tropicalagricul391912ceyl#1912-12#008
3362	peria durai	1	1	90	1893	1893	Peria Durai	community	vol013_tropicalagricult1318ceyl#1893-07#102
3363	perieses	1	1	80	1886	1886	Perieses	wealthy natives	vol005_tropicalagricult18851886colo#1886-04#129
3364	perikivandlu	1	1	10	1914	1914	Perikivandlu	group extracting fibre	vol043_lbg-tropicalagricultvol-xliii0000unse-c5y3#1914-10#049
3365	periya durais	1	1	80	1888	1888	periya durais	workers	vol008_tropicalagricult8188ceyl#1888-11#108
3366	persian agriculturists	1	1	90	1890	1890	Persian agriculturist	imported labour	vol009_tropicalagricult9188ceyl#1890-02#028
3367	persian mahomedans	1	1	80	1887	1887	Persian Mahomedans		vol006_tropicalagricult18861887colo#1887-01#020
3368	peruvian bondholders	1	1	90	1892	1892	Peruvian bondholders	investors	vol011_tropicalagricult1118ceyl#1892-02#014
3369	peruvian miners	1	1	80	1886	1886	Peruvian miners	chewers of coca	vol006_tropicalagricult18861887colo#1886-12#097
3370	pesaris	1	1	00	1900	1900	pesaris	native druggists	vol020_tropicalagricult2019ceyl#1900-10#105
3371	pessahs	1	1	80	1882	1882	Pessahs	interior tribe	vol002_tropicalagricult18821883colo#1882-10#098
3372	petch, fraser and others	1	1	00	1909	1909	Messrs. Petch, Fraser and others	correspondents	vol032_tropicalagricul321909ceyl#1909-03#064
3373	pharaohs	1	1	00	1909	1909	Pharaohs	ancient rulers	vol032_tropicalagricul321909ceyl#1909-04#040
3374	pharisees	1	1	00	1901	1901	Pharisees		vol020_tropicalagricult2019ceyl#1901-06#120
3375	philadelphians	1	1	90	1895	1895	Philadelphian	origin of pamphlet	vol015_tropicalagricult1518ceyl#1895-07#065
3376	philippine cattle	1	1	30	1939	1939	Philippine	cattle used in crossbreeding	vol093_iss06_tropical-agriculturist-1939-12-93-6#1939-12#016
3377	phœnician	1	1	80	1884	1884	Phœnician	period/people	vol003_tropicalagricult18831884colo#1884-03#096
3378	piachaud	1	1	10	1912	1912	Piachaud	family associated with cinnamon estates	vol039_tropicalagricul391912ceyl#1912-11#042
3379	piedmontese	1	1	80	1884	1884	Piedmontese	people associated with a fashion of eating turnips	vol003_tropicalagricult18831884colo#1884-02#017
3380	pigmies	1	1	00	1907	1907	Pigmies	people of Africa	vol028_tropicalagricul281907ceyl#1907-03#014
3381	pimo indians	1	1	80	1884	1884	Pimo Indians	producers of cactus wine	vol004_tropicalagricult18841885colo#1884-11#020
3382	pimos indians	1	1	80	1884	1884	Pimos Indians		vol003_tropicalagricult18831884colo#1884-02#134
3383	pingo men	1	1	90	1891	1891	pingo men	carriers	vol010_tropicalagricult1018ceyl#1891-04#058
3384	pitcairn islanders	1	1	90	1890	1890	Pitcairn Islanders	example of prosperous race	vol010_tropicalagricult1018ceyl#1890-07#077
3385	plainsmen	1	1	80	1885	1885	plainsmen	workers	vol004_tropicalagricult18841885colo#1885-05#078
3386	plant pest inspectors	1	1	20	1924	1924	Plant Pest Inspectors	submitted list of pests	vol062_lbg-630-5-tag-v-62#1924-04#011
3387	plantation companies	1	1	90	1895	1895	Plantation Companies		vol014_tropicalagricult1418ceyl#1895-01#025
3388	planters in the east	1	1	10	1910	1910	Planters in the East	producers	vol034_tropicalagricul341910ceyl#1910-02#066
3389	planters of coorg and mysore	1	1	90	1893	1893	Planters of Coorg and Mysore	presented addresses to Lord Lansdowne	vol012_tropicalagricult1218ceyl#1893-01#035
3390	planters of france	1	1	00	1903	1903	Planters of France		vol023_tropicalagricult2319ceyl#1903-11#099
3391	planters of the colony	1	1	90	1898	1898	Planters of the Colony	applied for loans	vol018_tropicalagricult1818ceyl#1898-09#096
3392	planters' associations	1	1	10	1917	1917	Planters' Associations	professional associations	vol049_iss04_tropical-agriculturist-1917-10-49-4#1917-10#003
3393	planters' deputations	1	1	90	1893	1893	Planters' Deputations	deputations addressed by Lord Lansdowne	vol012_tropicalagricult1218ceyl#1893-01#036
3394	plymouth brethren	1	1	00	1900	1900	Plymouth Brother		vol019_tropicalagricult1918ceyl#1900-05#001
3395	poayero	1	1	00	1908	1908	Poayero	collectors of Ipecacuanha root	vol031_tropicalagricul311908ceyl#1908-09#013
3396	podas	1	1	80	1889	1889	Podas	aboriginal race	vol009_tropicalagricult9188ceyl#1889-10#022
3397	podi	1	1	10	1914	1914	Podi	landlord	vol043_lbg-tropicalagricultvol-xliii0000unse-c5y3#1914-09#031
3398	pody	1	1	90	1891	1891	Pody	caste or class	vol011_tropicalagricult1118ceyl#1891-09#086
3399	poett and mackinnon	1	1	80	1882	1882	Messrs. Poett and Mackinnon	planters	vol002_tropicalagricult18821883colo#1882-08#008
3400	police officers	1	1	30	1933	1933	Police Officers	officials	vol081_iss06_tropical-agriculturist-1933-12-81-6#1933-12#002
3401	poohur	1	1	90	1893	1893	Poohur	coolies	vol012_tropicalagricult1218ceyl#1893-03#010
3402	poongyees	1	1	80	1883	1883	Poongyees	consumers of wet tea	vol003_tropicalagricult18831884colo#1883-07#034
3403	poor whites	1	1	90	1892	1892	poor whites		vol012_tropicalagricult1218ceyl#1892-09#037
3404	poorbeahs	1	1	80	1882	1882	Poorbeahs	labourers from Oudh	vol002_tropicalagricult18821883colo#1882-11#004
3405	porokarayo	1	1	00	1906	1906	Porokarayo	wood-cutters	vol027_tropicalagricul271906ceyl#1906-09#020
3406	port douglas aborigines	1	1	80	1884	1884	Port Douglas aborigines	native labour	vol004_tropicalagricult18841885colo#1884-09#038
3407	porto rican	1	1	30	1931	1931	Porto Rican	origin of grape fruit	vol076_dli-ernet-229225#1931-01#010
3408	portuguese colonists	1	1	00	1903	1903	Portuguese colonists	hard-working residents	vol022_tropicalagricult2219ceyl#1903-01#020
3409	potta soldiers	1	1	00	1903	1903	potta soldiers		vol023_tropicalagricult2319ceyl#1903-12#104
3410	potta-holders	1	1	00	1903	1903	potta-holders		vol023_tropicalagricult2319ceyl#1903-09#094
3411	poudrette farmers	1	1	10	1910	1910	poudrette farmers	specialised cultivators	vol034_tropicalagricul341910ceyl#1910-06#033
3412	powell brothers	1	1	00	1903	1903	Powell Brothers	Englishmen working the estate	vol023_tropicalagricult2319ceyl#1903-07#028
3413	prado family	1	1	90	1890	1890	Prado	pioneers of coffee cultivation	vol010_tropicalagricult1018ceyl#1890-11#024
3414	prados	1	1	90	1891	1891	Prados	pioneers in coffee planting	vol010_tropicalagricult1018ceyl#1891-02#003
3415	prairie indians	1	1	90	1895	1895	prairie Indians	consumers of wild turnips	vol015_tropicalagricult1518ceyl#1895-12#005
3416	prakrit	1	1	90	1890	1890	Prakrit	language	vol010_tropicalagricult1018ceyl#1890-10#080
3417	pre-inca tribes	1	1	40	1940	1940	pre-Inca tribes	users of Capsicum in Central Andean regions	vol094_iss01_tropical-agriculturist-1940-01-94-1#1940-01#007
3418	preanger regents	1	1	90	1893	1893	Preanger Regents		vol013_tropicalagricult1318ceyl#1893-10#079
3419	presbyterian church congress	1	1	20	1923	1923	Presbyterian Church Congress	visitors to Glen	vol060_lbg-tropicalagricultvol-lx-1923-0000unse-n0c4#1923-03#015
3420	presbyterians	1	1	90	1899	1899	Presbyterians	religious group	vol019_tropicalagricult1918ceyl#1899-10#001
3421	princes	1	1	00	1901	1901	Princes	young Princes	vol021_tropicalagricult2119ceyl#1901-07#033
3422	proprietary planters	1	1	90	1895	1895	Proprietary Planters		vol014_tropicalagricult1418ceyl#1895-01#025
3423	protectionist party	1	1	90	1891	1891	Protectionist party	organized committee of scientists	vol011_tropicalagricult1118ceyl#1891-08#140
3424	protestant missions	1	1	30	1931	1931	Protestant Missions	religious group co-operating with Kinabureau	vol077_tdl-34003-the-tropical-agriculturist-the-agricultural-journa#1931-11#002
3425	proto-nordics	1	1	30	1933	1933	Proto-Nordics	people	vol080_dli-ernet-229226#1933-05#015
3426	prussian farmers	1	1	80	1884	1884	Prussian farmers	farmers	vol004_tropicalagricult18841885colo#1884-10#054
3427	ptolemies	1	1	90	1895	1895	Ptolemies		vol015_tropicalagricult1518ceyl#1895-11#106
3428	pueblo	1	1	10	1914	1914	Pueblo	Indians	vol043_lbg-tropicalagricultvol-xliii0000unse-c5y3#1914-07#042
3429	pueblos	1	1	90	1894	1894	Pueblos		vol013_tropicalagricult1318ceyl#1894-01#043
3430	puerto rican	1	1	00	1904	1904	Puerto Rican	people in Puerto Rico	vol023_tropicalagricult2319ceyl#1904-01#094
3431	puglian	1	1	90	1893	1893	Puglian	origin of mustard seed	vol013_tropicalagricult1318ceyl#1893-07#026
3432	puliyar	1	1	90	1897	1897	Pul, yar	race in the Anamalais	vol017_tropicalagricult1718ceyl#1897-09#037
3433	punniabs	1	1	80	1888	1888	Punniabs	thieves	vol008_tropicalagricult8188ceyl#1888-12#124
3434	punniars	1	1	90	1892	1892	Punniars	labourers	vol012_tropicalagricult1218ceyl#1892-09#023
3435	punnihs	1	1	90	1892	1892	Punnihs	robbers	vol011_tropicalagricult1118ceyl#1892-02#149
3436	purbias	1	1	00	1900	1900	Purbias	beaters using bamboo lathis	vol019_tropicalagricult1918ceyl#1900-06#035
3437	purmese	1	1	10	1914	1914	Purmese	students under training	vol043_lbg-tropicalagricultvol-xliii0000unse-c5y3#1914-12#041
3438	puthur coolies	1	1	90	1892	1892	Puthur coolies	labourers from Puthur	vol012_tropicalagricult1218ceyl#1892-11#038
3439	puuiahs	1	1	80	1889	1889	Puuiahs	native employés	vol009_tropicalagricult9188ceyl#1889-11#149
3440	pygmies	1	1	00	1902	1902	Pygmies	people	vol021_tropicalagricult2119ceyl#1902-01#042
3441	pétroleuses	1	1	90	1899	1899	pétroleuses		vol019_tropicalagricult1918ceyl#1899-11#080
3442	quadroons	1	1	90	1891	1891	quadroons		vol011_tropicalagricult1118ceyl#1891-08#079
3443	quaker	1	1	90	1899	1899	Quaker		vol019_tropicalagricult1918ceyl#1899-08#098
3444	quakers	1	1	90	1892	1892	Quaker	religious group	vol012_tropicalagricult1218ceyl#1892-08#116
3445	quashee	1	1	80	1887	1887	Quashee	laborers	vol006_tropicalagricult18861887colo#1887-02#048
3446	quechua	1	1	80	1883	1883	Quechua	language/people	vol003_tropicalagricult18831884colo#1883-11#002
3447	quechua indians	1	1	10	1910	1910	Quechua Indians	labourers	vol034_tropicalagricul341910ceyl#1910-06#008
3448	queiroz family	1	1	90	1897	1897	Queiroz family	owners of coffee plantations	vol017_tropicalagricult1718ceyl#1897-07#041
3449	quineros	1	1	00	1900	1900	Quineros	bark collectors	vol019_tropicalagricult1918ceyl#1900-04#061
3450	quitandeiros	1	1	80	1885	1885	quitandeiros	small farmers	vol005_tropicalagricult18851886colo#1885-10#034
3451	r. and g. board	1	1	00	1909	1909	Messrs. R. and G. Board	planters	vol032_tropicalagricul321909ceyl#1909-03#015
3452	r. b. downall and col. young	1	1	90	1897	1897	Messrs. R. B. Downall and Col. Young	previous owners of Yattawatte	vol016_tropicalagricult1618ceyl#1897-05#075
3453	r. b. downall, walker, buxton lawrie, chippendall	1	1	00	1901	1901	Messrs. R. B. Downall, Walker, Buxton Lawrie, Chippendall	in the district of Matale East	vol020_tropicalagricult2019ceyl#1901-06#083
3454	radical	1	1	80	1888	1888	Radical	political party	vol007_tropicalagricult7188ceyl#1888-02#076
3455	radicals	1	1	80	1885	1885	Radicals	attendees at meeting	vol004_tropicalagricult18841885colo#1885-03#111
3456	ragama gang	1	1	90	1894	1894	Ragama gang	criminal group, broken up after murder	vol013_tropicalagricult1318ceyl#1894-03#076
3457	rai-yats	1	1	90	1899	1899	rai-yats		vol019_tropicalagricult1918ceyl#1899-08#100
3458	raiat	1	1	90	1898	1898	raiat	petitioners	vol017_tropicalagricult1718ceyl#1898-05#059
3459	raiats	1	1	00	1900	1900	raiats	local inhabitants	vol020_tropicalagricult2019ceyl#1900-08#030
3460	raiayat	1	1	00	1908	1908	raiayat	cultivator	vol031_tropicalagricul311908ceyl#1908-11#018
3461	raiffeisen	1	1	00	1909	1909	Raiffeisen	loan schemes	vol032_tropicalagricul321909ceyl#1909-02#002
3462	raiffeisen societies	1	1	00	1909	1909	Raiffeisen societies	small democratically managed groups of agriculturists	vol032_tropicalagricul321909ceyl#1909-05#042
3463	raiyyat	1	1	20	1927	1927	raiyyat	agriculturists	vol069_tropical-agriculturist-1927-12-69#1927-12#011
3464	rajahs	1	1	00	1903	1903	Rajahs	prizers of coconut pearls	vol022_tropicalagricult2219ceyl#1903-04#024
3465	rajakariya	1	1	80	1889	1889	Rajakariya	pepper cultivators	vol008_tropicalagricult8188ceyl#1889-02#084
3466	rajas	1	1	10	1918	1918	Rajas	community	vol050_dli-ernet-21168#1918-01#008
3467	rajepaks	1	1	80	1888	1888	Rajepaks	name inseparably connected with our special spice staple	vol008_tropicalagricult8188ceyl#1888-12#002
3468	rajpoots	1	1	80	1889	1889	Rajpoots		vol008_tropicalagricult8188ceyl#1889-05#125
3469	rajput	1	1	80	1889	1889	Rajput	origin of Powars	vol009_tropicalagricult9188ceyl#1889-08#030
3470	rajputs	1	1	10	1911	1911	Rajputs		vol037_tropicalagricul371911ceyl#1911-07#050
3471	rakwanaites	1	1	80	1883	1883	Rakwanaites	community	vol002_tropicalagricult18821883colo#1883-04#124
3472	rakwanne	1	1	90	1893	1893	Rakwanne	miners	vol012_tropicalagricult1218ceyl#1893-01#014
3473	ralahamy	1	1	90	1898	1898	Ralahamy		vol017_tropicalagricult1718ceyl#1898-01#061
3474	ramanawongse	1	1	00	1900	1900	Ramanawongse	Pegan sect	vol019_tropicalagricult1918ceyl#1900-06#156
3475	ramas	1	1	80	1883	1883	Ramas		vol003_tropicalagricult18831884colo#1883-09#054
3476	ramasamis	1	1	80	1884	1884	Ramasamis	coolies	vol004_tropicalagricult18841885colo#1884-12#077
3477	ramsanies	1	1	80	1884	1884	Ramsanies	workers	vol003_tropicalagricult18831884colo#1884-06#023
3478	rangalla boys	1	1	00	1900	1900	Rangalla Boys	group associated with hunting	vol019_tropicalagricult1918ceyl#1900-04#056
3479	rangrez	1	1	80	1881	1881	rangrez	dyers	vol001_tropicalagricult1188ceyl#1881-12#128
3480	rankin family	1	1	10	1913	1913	Rankin family	owners of the largest maize farm in the world	vol040_lbg-630-5-tag-v-40#1913-02#029
3481	raratongans	1	1	00	1908	1908	Raratongans		vol030_tropicalagricul301908ceyl#1908-04#073
3482	ratamahatmaya	1	1	00	1901	1901	Ratamahatmaya	official	vol020_tropicalagricult2019ceyl#1901-06#087
3483	ratamahatnayas	1	1	00	1904	1904	Ratamahatnayas		vol023_tropicalagricult2319ceyl#1904-04#066
3484	ratanahatmeyas	1	1	10	1919	1919	Ratanahatmeyas	Officials	vol053_iss02_tropical-agriculturist-1919-08-53-2#1919-08#010
3485	ratemabatmayas	1	1	90	1894	1894	Ratemabatmayas	officials to keep register of labourers	vol013_tropicalagricult1318ceyl#1894-06#071
3486	rawdon-power, layard, &c.	1	1	80	1887	1887	Messrs. Rawdon-Power, Layard, &c.	Committee members	vol006_tropicalagricult18861887colo#1887-04#039
3487	rayah tribe	1	1	80	1887	1887	Rayah	tribe in conflict	vol007_tropicalagricult7188ceyl#1887-10#057
3488	rayat	1	1	90	1895	1895	rayat		vol014_tropicalagricult1418ceyl#1895-02#161
3489	rayuthars	1	1	90	1893	1893	Rayuthars	immigrants	vol012_tropicalagricult1218ceyl#1893-04#063
3490	recruiting agents	1	1	00	1903	1903	Recruiting Agents	agents	vol023_tropicalagricult2319ceyl#1903-10#114
3491	red indian	1	1	90	1890	1890	Red Indian		vol009_tropicalagricult9188ceyl#1890-01#023
3492	red man	1	1	90	1897	1897	Red man	native race	vol016_tropicalagricult1618ceyl#1897-02#026
3493	red-legs	1	1	90	1895	1895	Red-legs	white fishermen	vol015_tropicalagricult1518ceyl#1895-10#163
3494	red-necked	1	1	10	1913	1913	Red-necked	bloodline	vol041_lbg-vol-xli-tropicalagricult0000dewi-t3r5#1913-07#031
3495	reddis	1	1	00	1907	1907	Reddis	descendants of Telugu immigrants	vol028_tropicalagricul281907ceyl#1907-03#014
3496	reid, rutherford	1	1	90	1892	1892	Messrs. Reid, Rutherford	promoters	vol011_tropicalagricult1118ceyl#1892-03#033
3497	republican party	1	1	90	1892	1892	Republican Party	political party committed to Silver Act	vol011_tropicalagricult1118ceyl#1892-05#008
3498	residents	1	1	90	1890	1890	Residents	officials in Netherlands India	vol009_tropicalagricult9188ceyl#1890-03#011
3499	restaurateurs	1	1	00	1903	1903	Restaurateurs		vol022_tropicalagricult2219ceyl#1903-06#069
3500	rhinelanders	1	1	90	1893	1893	Rhinelanders	live around the river Rhine	vol012_tropicalagricult1218ceyl#1893-04#026
3501	rhodesian	1	1	00	1909	1909	Rhodesian	planters	vol032_tropicalagricul321909ceyl#1909-04#063
3502	rhodesian farmers	1	1	40	1944	1944	Rhodesian farmers	target audience for cultivation information	vol100_iss01_tropical-agriculturist-january-march-1944-100-1#1944-01/03#011
3503	richmonds	1	1	00	1903	1903	Richmonds	rugger team, Colombo	vol023_tropicalagricult2319ceyl#1903-11#001
3504	rifles	1	1	90	1891	1891	Rifles	military unit	vol010_tropicalagricult1018ceyl#1891-03#087
3505	rio merchants	1	1	80	1882	1882	Rio merchants	objecting to duty repeal	vol002_tropicalagricult18821883colo#1882-07#025
3506	rishis	1	1	90	1899	1899	Rishis	old Hindu sages	vol018_tropicalagricult1818ceyl#1899-02#140
3507	rivers, seabrook and hinson	1	1	00	1909	1909	Messrs. Rivers, Seabrook and Hinson	plantation owners	vol032_tropicalagricul321909ceyl#1909-05#010
3508	roas	1	1	80	1889	1889	Roas	caste of Kshatri origin	vol009_tropicalagricult9188ceyl#1889-08#030
3509	rochdale pioneers	1	1	20	1922	1922	Rochdale Pioneers	Founders of the co-operative movement	vol059_tropicalagricult0059unse#1922-07#010
3510	rochdale weavers	1	1	20	1924	1924	Rochdale weavers	originators of the Co-operative movement	vol062_lbg-630-5-tag-v-62#1924-04#017
3511	rodiyo	1	1	00	1906	1906	Rodiyo	caste group	vol027_tropicalagricul271906ceyl#1906-09#020
3512	rokokos	1	1	90	1895	1895	Rokokos	staff	vol014_tropicalagricult1418ceyl#1895-04#100
3513	rokos	1	1	00	1909	1909	Rokos	native officials	vol033_tropicalagricul331909ceyl#1909-08#075
3514	roman catholic aborigines	1	1	10	1912	1912	Roman Catholic aborigines	members of the society	vol038_tropicalagricul381912ceyl#1912-03#025
3515	roman catholic churches	1	1	90	1891	1891	Roman Catholic Churches	absorbers of large quantities of spice	vol011_tropicalagricult1118ceyl#1891-10#072
3516	roman catholic clergy	1	1	00	1907	1907	Roman Catholic Clergy	propagated and fostered co-operative societies	vol028_tropicalagricul281907ceyl#1907-05#020
3517	roman catholic missionaries	1	1	80	1882	1882	Roman Catholic missionaries		vol001_tropicalagricult1188ceyl#1882-03#105
3518	roman catholic missions	1	1	30	1931	1931	Roman Catholic Missions	religious group co-operating with Kinabureau	vol077_tdl-34003-the-tropical-agriculturist-the-agricultural-journa#1931-11#002
3519	roman catholic monks	1	1	90	1891	1891	Roman Catholic Monks	introduced vine to England	vol010_tropicalagricult1018ceyl#1891-03#145
3520	roman church	1	1	80	1885	1885	Roman Church		vol004_tropicalagricult18841885colo#1885-03#046
3521	roman commonwealth	1	1	80	1883	1883	Roman Commonwealth	historical state	vol003_tropicalagricult18831884colo#1883-11#052
3522	roman empire	1	1	00	1902	1902	Roman Empire		vol021_tropicalagricult2119ceyl#1902-04#036
3523	roman matrons	1	1	80	1882	1882	Roman matrons	users of parsley	vol001_tropicalagricult1188ceyl#1882-03#157
3524	roman priests	1	1	80	1884	1884	Roman priests		vol004_tropicalagricult18841885colo#1884-11#078
3525	romanism	1	1	90	1893	1893	Romanism	religious group	vol013_tropicalagricult1318ceyl#1893-12#125
3526	romanist	1	1	80	1889	1889	Romanist	church group	vol009_tropicalagricult9188ceyl#1889-09#016
3527	ronga kafirs	1	1	10	1912	1912	Ronga Kafirs	grew sorghum in Mozambique	vol038_tropicalagricul381912ceyl#1912-03#010
3528	rosling, jowitt, anderson, davies and vanderstraaten	1	1	10	1910	1910	Messrs. Rosling, Jowitt, Anderson, Davies and Vanderstraaten	members present	vol034_tropicalagricul341910ceyl#1910-01#035
3529	ross and sinclair	1	1	90	1892	1892	Messrs. Ross and Sinclair	Ceylon planters, members of the Peruvian Corporation mission	vol011_tropicalagricult1118ceyl#1892-02#046
3530	ross brothers	1	1	90	1891	1891	brothers Ross	residents of Christmas Island	vol011_tropicalagricult1118ceyl#1891-10#085
3531	ross, milne, taylor, davidson	1	1	00	1903	1903	Messrs. Ross, Milne, Taylor, Davidson	developers	vol022_tropicalagricult2219ceyl#1903-04#073
3532	roth family	1	1	90	1892	1892	Roth	patrician family	vol012_tropicalagricult1218ceyl#1892-10#016
3533	rothamsted workers	1	1	20	1927	1927	Rothamsted workers		vol068_tropical-agriculturist-1927-03-68#1927-03#002
3534	rothschild family	1	1	80	1889	1889	Rothschild family	offered government one million pounds for gemming rights	vol009_tropicalagricult9188ceyl#1889-08#073
3535	rotumah men	1	1	00	1908	1908	Rotumah men		vol030_tropicalagricul301908ceyl#1908-04#073
3536	roumanian	1	1	80	1885	1885	Roumanian	Delegates to the Congress	vol004_tropicalagricult18841885colo#1885-02#087
3537	royal family	1	1	80	1883	1883	Royal family	residents in Fahlun	vol003_tropicalagricult18831884colo#1883-11#057
3538	royalist families	1	1	90	1896	1896	Royalist families	ancestors of the white population	vol015_tropicalagricult1518ceyl#1896-04#116
3539	rubber buyers	1	1	00	1903	1903	rubber buyers	purchasers of rubber	vol022_tropicalagricult2219ceyl#1903-03#030
3540	rubber dealers	1	1	00	1903	1903	rubber dealers	meeting to discuss prices	vol022_tropicalagricult2219ceyl#1903-03#030
3541	rubber gatherers	1	1	00	1903	1903	rubber gatherers	collectors of rubber	vol022_tropicalagricult2219ceyl#1903-03#030
3542	rubber manufacturing industry	1	1	00	1903	1903	rubber manufacturing world	industry	vol022_tropicalagricult2219ceyl#1903-03#030
3543	rubber planters	1	1	20	1925	1925	Rubber Planters		vol065_iss05_tropical-agriculturist-1925-11-65-5#1925-11#002
3544	rubber planters of ceylon	1	1	10	1911	1911	Rubber Planters of Ceylon		vol037_tropicalagricul371911ceyl#1911-11#035
3545	rudd	1	1	80	1883	1883	Messrs. Rudd	coffee estate owners	vol003_tropicalagricult18831884colo#1883-10#096
3546	rudds	1	1	90	1894	1894	Rudds	planters of the 'forties' in Ceylon	vol013_tropicalagricult1318ceyl#1894-01#042
3547	rupee companies	1	1	10	1910	1910	Rupee Companies	rubber companies	vol034_tropicalagricul341910ceyl#1910-01#063
3548	russell, clayton and bell	1	1	80	1884	1884	Drs. Russell, Clayton and Bell	experts in London	vol004_tropicalagricult18841885colo#1884-08#053
3549	russian authorities	1	1	90	1896	1896	Russian authorities		vol016_tropicalagricult1618ceyl#1896-10#011
3550	russian botanists	1	1	30	1939	1939	Russian botanists	researchers on frost resistance	vol093_iss01_tropical-agriculturist-1939-07-93-1#1939-07#007
3551	russian buyers	1	1	90	1891	1891	Russian buyers	buyers of fine tea	vol010_tropicalagricult1018ceyl#1891-05#076
3552	russian merchants	1	1	80	1886	1886	Russian merchants	manufacturers of brick tea	vol006_tropicalagricult18861887colo#1886-07#096
3553	russian plant-breeders	1	1	30	1936	1936	Russian plant-breeders	group in forefront of breeding	vol086_dli-ernet-229228#1936-05#009
3554	russian tea merchants	1	1	90	1895	1895	Russian tea merchants	recipients of tea samples	vol014_tropicalagricult1418ceyl#1895-06#110
3555	russian troops	1	1	10	1910	1910	Russian troops	military force	vol034_tropicalagricul341910ceyl#1910-01#056
3556	russian workers	1	1	30	1933	1933	Russian workers	researchers	vol081_iss02_tropical-agriculturist-1933-08-81-2#1933-08#002
3557	russo-polish	1	1	90	1894	1894	Russo-Polish	origin of a Burgher gentleman	vol013_tropicalagricult1318ceyl#1894-04#002
3558	rutherford and tod	1	1	90	1896	1896	Messrs. Rutherford and Tod	colleagues in Railway Contracting and Engineering	vol015_tropicalagricult1518ceyl#1896-06#105
3559	rutherford, fraser, and others	1	1	80	1889	1889	Messrs. Rutherford, Fraser, and others	floaters of Tobacco Company	vol008_tropicalagricult8188ceyl#1889-04#099
3560	rutherford, talbot and wm. mackenzie	1	1	90	1896	1896	Messrs. Rutherford, Talbot and Wm. Mackenzie	Directors of the Ceylon Tea Plantations Co.	vol015_tropicalagricult1518ceyl#1896-06#105
3561	rutherford, thomas dickson, j. l. shand, and whittall	1	1	90	1892	1892	Messrs. Rutherford, Thomas Dickson, J. L. Shand, and Whittall	Sub-Committee members	vol011_tropicalagricult1118ceyl#1892-02#014
3562	ryan and wm. smith	1	1	00	1900	1900	Messrs. Ryan and Wm. Smith	late proprietors in Dimbula	vol020_tropicalagricult2019ceyl#1900-07#101
3563	ryders	1	1	80	1889	1889	the Ryders	aloes cultivators	vol009_tropicalagricult9188ceyl#1889-09#002
3564	ryotwari	1	1	00	1909	1909	Ryotwari	land tenure system/area	vol032_tropicalagricul321909ceyl#1909-01#009
3565	s. p. blackmore, a. c. hardy, b. h. jenkyns, e. g. jones, m. w. grant-peterkin, w. l. rolph	1	1	90	1895	1895	Messrs. S. P. Blackmore, A. C. Hardy, B. H. Jenkyns, E. G. Jones, M. W. Grant-Peterkin, and W. L. Rolph	representatives of Hollesley Bay College in Ceylon	vol014_tropicalagricult1418ceyl#1895-02#060
3566	sabaean	1	1	00	1900	1900	Sabaean	conquistadores	vol019_tropicalagricult1918ceyl#1900-05#090
3567	sabaean arabs	1	1	00	1902	1902	Sabaean Arabs		vol021_tropicalagricult2119ceyl#1902-05#029
3568	sabei	1	1	00	1902	1902	Sabei	people	vol021_tropicalagricult2119ceyl#1902-01#042
3569	sacateros	1	1	80	1881	1881	sacateros	workmen who cut the plants	vol001_tropicalagricult1188ceyl#1881-12#067
3570	sadgope	1	1	80	1883	1883	Sadgope	agricultural caste of Hindus	vol003_tropicalagricult18831884colo#1883-07#095
3571	sahalavas	1	1	80	1882	1882	Sahalavas	native population	vol001_tropicalagricult1188ceyl#1882-02#002
3572	saibes	1	1	90	1891	1891	Saibes	cacao traders	vol010_tropicalagricult1018ceyl#1891-01#125
3573	saivite	1	1	80	1884	1884	Saivite	religion	vol003_tropicalagricult18831884colo#1884-02#036
3574	sakai	1	1	10	1918	1918	Sakai	native cultivators	vol051_iss03_tropical-agriculturist-1918-09-51-3#1918-09#007
3575	sakiies	1	1	80	1885	1885	Sakiies	inhabitants	vol004_tropicalagricult18841885colo#1885-04#041
3576	sakya	1	1	90	1890	1890	Sakya	tribe to which Buddha belonged	vol010_tropicalagricult1018ceyl#1890-11#071
3577	salvadorian	1	1	80	1889	1889	Salvadorian	nationality	vol008_tropicalagricult8188ceyl#1889-01#116
3578	sambancara	1	1	80	1885	1885	Sambancara	boutique-keepers	vol004_tropicalagricult18841885colo#1885-06#082
3579	sameans	1	1	90	1891	1891	Sameans	mixed Malayo-Siamese people	vol010_tropicalagricult1018ceyl#1891-01#034
3580	samindars	1	1	30	1934	1934	samindars	landholders with grazing problems	vol082_dli-ernet-229227#1934-03#011
3581	sampayo and bawa	1	1	90	1899	1899	Messrs. Sampayo and Bawa	purchasers	vol018_tropicalagricult1818ceyl#1899-03#060
3582	samsam	1	1	90	1891	1891	Samsam	community	vol010_tropicalagricult1018ceyl#1891-01#033
3583	san blas indians	1	1	00	1902	1902	San Blas Indians	coconut growers	vol021_tropicalagricult2119ceyl#1902-04#014
3584	sandakan bachelors	1	1	90	1891	1891	Sandakan Bachelors	group mentioned in speech	vol010_tropicalagricult1018ceyl#1891-04#056
3585	sandakanites	1	1	90	1896	1896	Sandakanites	residents of Sandakan	vol016_tropicalagricult1618ceyl#1896-09#072
3586	sanskrit writers	1	1	00	1901	1901	Sanskrit writers	ancient authors who knew the plant	vol021_tropicalagricult2119ceyl#1901-07#049
3587	santal tribes	1	1	90	1891	1891	Santal tribes		vol011_tropicalagricult1118ceyl#1891-12#054
3588	santhali	1	1	90	1895	1895	Santhali	coolies	vol015_tropicalagricult1518ceyl#1895-07#024
3589	santo islanders	1	1	90	1890	1890	Santo Islanders	boat owners	vol009_tropicalagricult9188ceyl#1890-05#032
3590	sanyasi	1	1	40	1940	1940	Sanyasi	ascetic	vol095_iss01_tropical-agriculturist-1940-07-95-1#1940-07#007
3591	saramina	1	1	80	1886	1886	Saramina	island tribe	vol005_tropicalagricult18851886colo#1886-02#113
3592	sarawak dayaks	1	1	80	1885	1885	Sarawak dayaks	headhunters, traders	vol004_tropicalagricult18841885colo#1885-02#048
3593	sarawak malays	1	1	80	1885	1885	Sarawak Malays		vol004_tropicalagricult18841885colo#1885-05#114
3594	sarawak men	1	1	80	1887	1887	Sarawak men	digging for gold and cinnabar	vol006_tropicalagricult18861887colo#1887-04#045
3595	sarawak traders	1	1	80	1885	1885	Sarawak traders	party of five who found gold	vol004_tropicalagricult18841885colo#1885-05#115
3596	sardari	1	1	00	1908	1908	sardari	recruiting	vol030_tropicalagricul301908ceyl#1908-06#098
3597	sardinian	1	1	80	1886	1886	Sardinian		vol006_tropicalagricult18861887colo#1886-07#085
3598	sarts	1	1	80	1888	1888	Sarts		vol007_tropicalagricult7188ceyl#1888-02#035
3599	sassenach	1	1	80	1884	1884	Sassenach	term used for the young man	vol004_tropicalagricult18841885colo#1884-10#062
3600	savage islanders	1	1	00	1908	1908	Savage Islanders		vol030_tropicalagricul301908ceyl#1908-04#073
3601	savages	1	1	80	1886	1886	savages		vol006_tropicalagricult18861887colo#1886-07#099
3602	sawbwas	1	1	90	1897	1897	Sawbwas		vol017_tropicalagricult1718ceyl#1897-10#003
3603	sayads	1	1	20	1927	1927	Sayads	community	vol069_tropical-agriculturist-1927-09-69#1927-09#013
3604	scandinavian states	1	1	80	1888	1888	Scandinavian states	consumers of pepper	vol008_tropicalagricult8188ceyl#1888-09#119
3605	scavengers	1	1	90	1894	1894	scavengers	distinct caste	vol013_tropicalagricult1318ceyl#1894-03#110
3606	schlagintweit brothers	1	1	00	1902	1902	Brothers Schlagintweit	collectors of wood specimens	vol021_tropicalagricult2119ceyl#1902-03#007
3607	schokman	1	1	80	1889	1889	Messrs. Schokman	coconut plantation owners	vol009_tropicalagricult9188ceyl#1889-10#024
3608	schrader	1	1	10	1912	1912	Schrader	family associated with cinnamon estates	vol039_tropicalagricul391912ceyl#1912-11#042
3609	schraders	1	1	00	1903	1903	Schraders	owners of Wester Seaton and Kimbulapitiya	vol023_tropicalagricult2319ceyl#1903-08#062
3610	schraeder, de soysa and others	1	1	90	1894	1894	Messrs. Schraeder, De Soysa and others	owners of plantations	vol013_tropicalagricult1318ceyl#1894-06#053
3611	schwann and mitchell	1	1	90	1891	1891	Messrs. Schwann and Mitchell	promoters of Technical School	vol010_tropicalagricult1018ceyl#1891-03#045
3612	scind	1	1	30	1936	1936	Scind	origin of pure bred bulls	vol086_dli-ernet-229228#1936-03#006
3613	scovell	1	1	80	1885	1885	Brothers Scovell	planters	vol005_tropicalagricult18851886colo#1885-07#131
3614	scythian	1	1	80	1887	1887	Scythian	nationality/ethnicity	vol006_tropicalagricult18861887colo#1887-05#049
3615	sea dyaks	1	1	80	1884	1884	sea Dyaks	collectors	vol003_tropicalagricult18831884colo#1884-04#037
3616	sea sakeis	1	1	00	1909	1909	Sea Sakeis	tribe formerly on the island	vol033_tropicalagricul331909ceyl#1909-12#083
3617	second virginia regiment	1	1	80	1885	1885	Second Virginia Regiment	military unit stationed near Winchester	vol004_tropicalagricult18841885colo#1885-03#117
3618	segore	1	1	80	1886	1886	Segore	island tribe	vol005_tropicalagricult18851886colo#1886-02#113
3619	seistanis	1	1	00	1900	1900	Seistanis	people of the country	vol020_tropicalagricult2019ceyl#1900-09#083
3620	semangs	1	1	90	1890	1890	Semangs	aboriginal tribe	vol009_tropicalagricult9188ceyl#1890-03#056
3621	semiaborigines	1	1	90	1896	1896	semiaborigines	residents	vol016_tropicalagricult1618ceyl#1896-08#028
3622	semindars	1	1	10	1912	1912	Semindars	cotton growers	vol038_tropicalagricul381912ceyl#1912-06#072
3623	seminole indians	1	1	80	1886	1886	Seminole Indians	camped near wild orange groves	vol006_tropicalagricult18861887colo#1886-08#051
3624	semites	1	1	10	1912	1912	Semites	ancestors of the children of Israel	vol039_tropicalagricul391912ceyl#1912-12#011
3625	semitic races	1	1	90	1893	1893	Semitic races		vol012_tropicalagricult1218ceyl#1893-06#073
3626	senanayake	1	1	20	1925	1925	Messrs. Senanayake	landowners	vol065_iss03_tropical-agriculturist-1925-09-65-3#1925-09#019
3627	seneca indians	1	1	80	1885	1885	Senecoa Indians	known oil flowing from rocks	vol004_tropicalagricult18841885colo#1885-01#042
3628	senoussiya	1	1	90	1890	1890	Senoussiya		vol010_tropicalagricult1018ceyl#1890-11#055
3629	sepoy coolies	1	1	00	1902	1902	Sepoy Coolies	labourers	vol022_tropicalagricult2219ceyl#1902-09#154
3630	seringueros	1	1	00	1909	1909	seringueros	Brazilian tappers	vol033_tropicalagricul331909ceyl#1909-09#047
3631	seringueru	1	1	00	1909	1909	Seringueru	rubber-tappers	vol032_tropicalagricul321909ceyl#1909-04#106
3632	servian	1	1	80	1885	1885	Servian	Delegates to the Congress	vol004_tropicalagricult18841885colo#1885-02#087
3633	servians	1	1	90	1890	1890	Servians	gardeners	vol009_tropicalagricult9188ceyl#1890-05#079
3634	seton, baur and others	1	1	90	1896	1896	Messrs. Seton, Baur and others	planters	vol015_tropicalagricult1518ceyl#1896-01#097
3635	shaivites	1	1	00	1902	1902	Sivaitees		vol021_tropicalagricult2119ceyl#1902-05#060
3636	shakers	1	1	80	1882	1882	Shakers	people who chiefly used to cultivate Broom Corn in America	vol001_tropicalagricult1188ceyl#1882-02#126
3637	shambas	1	1	20	1927	1927	shambas	native people of Uganda	vol068_tropical-agriculturist-1927-01-68#1927-01#010
3638	shand and henry walker	1	1	90	1892	1892	Messrs. Shand and Henry Walker	interested in the company	vol012_tropicalagricult1218ceyl#1892-08#022
3639	shands	1	1	90	1898	1898	the Shands	pioneer planters	vol018_tropicalagricult1818ceyl#1898-12#001
3640	shanghai merchants	1	1	80	1888	1888	Shanghai merchants		vol007_tropicalagricult7188ceyl#1888-04#104
3641	shearers	1	1	80	1885	1885	shearers		vol004_tropicalagricult18841885colo#1885-03#037
3642	sheep	1	1	00	1902	1902	sheep	bred on the estate	vol022_tropicalagricult2219ceyl#1902-12#051
3643	shenvis	1	1	80	1887	1887	Shenvis	caste using Dhataki	vol007_tropicalagricult7188ceyl#1887-07#057
3644	shetlanders	1	1	90	1896	1896	Shetlanders	people of the Shetlands	vol015_tropicalagricult1518ceyl#1896-06#035
3645	shikaries	1	1	90	1898	1898	shikaries	hunters	vol018_tropicalagricult1818ceyl#1898-10#057
3646	shikarree	1	1	80	1887	1887	Shikarree	native hunter	vol006_tropicalagricult18861887colo#1887-04#135
3647	shin states	1	1	40	1940	1940	Shin States		vol095_iss01_tropical-agriculturist-1940-07-95-1#1940-07#007
3648	shire highland residents	1	1	90	1894	1894	Shire Highland residents	European residents	vol014_tropicalagricult1418ceyl#1894-08#046
3649	shoguns	1	1	90	1894	1894	Shoguns	Japanese rulers	vol014_tropicalagricult1418ceyl#1894-10#082
3650	sholagars	1	1	00	1904	1904	Sholagars	collecting agents	vol023_tropicalagricult2319ceyl#1904-03#007
3651	sholagas	1	1	80	1884	1884	Sholagas	wild tribe inhabiting Billigarungun hills	vol003_tropicalagricult18831884colo#1884-06#022
3652	sholigars	1	1	00	1903	1903	Sholigars	assistants to Kurumbers	vol022_tropicalagricult2219ceyl#1903-02#089
3653	shroff	1	1	00	1903	1903	shroff	village moneylender	vol023_tropicalagricult2319ceyl#1903-08#028
3654	shugnanites	1	1	80	1888	1888	Shugnanites		vol007_tropicalagricult7188ceyl#1888-02#035
3655	siamese royal family	1	1	90	1892	1892	Siamese Royal Family	interested in the undertaking	vol011_tropicalagricult1118ceyl#1892-02#147
3656	siberian hunters	1	1	80	1889	1889	Siberian hunters	users of larch bark leaven	vol009_tropicalagricult9188ceyl#1889-09#004
3657	siberian peasants	1	1	10	1912	1912	Siberian peasants		vol038_tropicalagricul381912ceyl#1912-01#011
3658	sibi-sibi	1	1	80	1883	1883	Sibi-sibi	tribe	vol003_tropicalagricult18831884colo#1883-08#065
3659	sidonians	1	1	90	1898	1898	Sidonians		vol018_tropicalagricult1818ceyl#1898-07#103
3660	sikh police	1	1	90	1899	1899	Sikh police	police	vol019_tropicalagricult1918ceyl#1899-10#062
3661	sikkimese	1	1	80	1881	1881	Sikimies	people living at Darjeeling	vol001_tropicalagricult1188ceyl#1881-08#004
3662	silesians	1	1	80	1885	1885	Silesians	potential emigrants	vol005_tropicalagricult18851886colo#1885-11#145
3663	silvas	1	1	90	1890	1890	Silvas	wealthy family	vol009_tropicalagricult9188ceyl#1890-05#128
3664	sinclairs	1	1	80	1882	1882	Sinclairs	badge of the Sinclairs	vol002_tropicalagricult18821883colo#1882-09#088
3665	sindhis	1	1	80	1885	1885	Sindhis	people of Sindh	vol005_tropicalagricult18851886colo#1885-12#114
3666	singaporeans	1	1	90	1897	1897	Singaporeans	residents of Singapore	vol017_tropicalagricult1718ceyl#1897-10#038
3667	singapores	1	1	80	1884	1884	Singapores	group associated with gutta-percha	vol004_tropicalagricult18841885colo#1884-08#091
3668	singhaless	1	1	90	1897	1897	Singhaless	community	vol016_tropicalagricult1618ceyl#1897-05#116
3669	singhphos	1	1	80	1888	1888	Singhphos	traders	vol007_tropicalagricult7188ceyl#1888-05#052
3670	singphoos	1	1	90	1896	1896	Singphoos	people	vol016_tropicalagricult1618ceyl#1896-10#033
3671	sinhalese buddhists	1	1	90	1894	1894	Sinhalese Buddhists	requesters of the temple foundation	vol014_tropicalagricult1418ceyl#1894-12#022
3672	sinhalese goiyas	1	1	90	1894	1894	Sinhalese goiyas	cultivators	vol013_tropicalagricult1318ceyl#1894-03#112
3673	sinhalese kings	1	1	80	1885	1885	Sinhalese Kings		vol005_tropicalagricult18851886colo#1885-09#136
3674	sinhalese pattu of panawa	1	1	90	1890	1890	Sinhalese Pattu of Panawa	community	vol009_tropicalagricult9188ceyl#1890-04#105
3675	sinkeys	1	1	90	1890	1890	Sinkeys	labourers	vol010_tropicalagricult1018ceyl#1890-07#061
3676	sinkhe	1	1	80	1885	1885	Sinkhe	coolies	vol005_tropicalagricult18851886colo#1885-07#040
3677	sinkhehs	1	1	00	1908	1908	Sinkhehs	indentured coolies	vol031_tropicalagricul311908ceyl#1908-09#024
3678	sinna dorie	1	1	90	1898	1898	Sinna Dorie	type of superintendent	vol017_tropicalagricult1718ceyl#1898-03#091
3679	sinna durais	1	1	80	1888	1888	sinna durais	workers	vol008_tropicalagricult8188ceyl#1888-11#108
3680	sioux	1	1	80	1883	1883	Sioux	indigenous tribe	vol002_tropicalagricult18821883colo#1883-05#086
3681	siringueiros	1	1	00	1909	1909	siringueiros	rubber collectors	vol033_tropicalagricul331909ceyl#1909-11#071
3682	sirsi totgars	1	1	10	1917	1917	Sirsi Totgars	Community of garden produce sellers	vol048_iss04_tropical-agriculturist-1917-04-48-4#1917-04#031
3683	sissio	1	1	80	1883	1883	Sissio		vol002_tropicalagricult18821883colo#1883-04#150
3684	sisters of charity	1	1	80	1887	1887	Sisters of Charity	conductors of the school	vol006_tropicalagricult18861887colo#1887-06#100
3685	sittarayas	1	1	10	1919	1919	Sittarayas	painters	vol052_iss04_tropical-agriculturist-1919-04-52-4#1919-04#021
3686	skertchly and allard	1	1	80	1888	1888	Messrs. Skertchly and Allard	representatives	vol007_tropicalagricult7188ceyl#1888-04#023
3687	slav	1	1	30	1932	1932	Slav	workers practising herbaceous grafting	vol079_iss03_tropical-agriculturist-1932-09-79-3#1932-09#010
3688	slave lords	1	1	80	1886	1886	Slave Lords	nickname for Louisiana Sugar-planters	vol005_tropicalagricult18851886colo#1886-01#100
3689	slaves	1	1	80	1886	1886	slaves		vol005_tropicalagricult18851886colo#1886-02#011
3690	slavonic	1	1	90	1891	1891	Slavonic		vol011_tropicalagricult1118ceyl#1891-11#069
3691	slavs of russia	1	1	90	1891	1891	Slaves of Russia		vol010_tropicalagricult1018ceyl#1891-06#082
3692	smalahs	1	1	90	1896	1896	Smalahs	wives and children	vol016_tropicalagricult1618ceyl#1896-12#083
3693	smith family	1	1	00	1903	1903	Smith family	owners of Golua Pokuna	vol023_tropicalagricult2319ceyl#1903-08#062
3694	smith, elphinstone & sinclair	1	1	80	1884	1884	Messrs. Smith, Elphinstone and Sinclair	individuals with schemes	vol004_tropicalagricult18841885colo#1884-09#108
3695	soap industry	1	1	40	1941	1941	soap industry		vol097_iss06_tropical-agriculturist-1941-12-97-6#1941-12#010
3696	soap-makers	1	1	00	1902	1902	soap-makers	buyers of ashes	vol022_tropicalagricult2219ceyl#1902-12#089
3697	socialism	1	1	90	1898	1898	Socialism	political movement	vol017_tropicalagricult1718ceyl#1898-04#015
3698	socialists	1	1	80	1885	1885	Socialists	attendees at meeting	vol004_tropicalagricult18841885colo#1885-03#111
3699	society islanders	1	1	80	1885	1885	Society islanders	neighbouring people	vol004_tropicalagricult18841885colo#1885-06#134
3700	society's instructors	1	1	10	1913	1913	the Society's Instructors	supervising trial plots	vol040_lbg-630-5-tag-v-40#1913-02#007
3701	socotrians	1	1	90	1899	1899	Socotrians	people of Socotra	vol019_tropicalagricult1918ceyl#1899-08#133
3702	sofi	1	1	80	1883	1883	Sofi	order of Ultra-Pantheists	vol003_tropicalagricult18831884colo#1883-07#132
3703	sogere	1	1	80	1883	1883	Sogere	tribe	vol003_tropicalagricult18831884colo#1883-12#084
3704	soldiers	1	1	20	1922	1922	Soldiers	camped during cholera	vol058_dli-ernet-229219#1922-03#002
3705	solomon boys	1	1	80	1885	1885	Solomon boys	labourers from Solomon Islands	vol004_tropicalagricult18841885colo#1885-04#046
3706	sonar	1	1	80	1889	1889	Sonar	caste	vol009_tropicalagricult9188ceyl#1889-08#030
3707	sonars	1	1	00	1900	1900	sonars	gold smiths	vol019_tropicalagricult1918ceyl#1900-01#074
3708	sonora indians	1	1	90	1890	1890	Sonora Indians	divers	vol010_tropicalagricult1018ceyl#1890-10#070
3709	sonthals	1	1	00	1908	1908	Sonthals		vol030_tropicalagricul301908ceyl#1908-02#019
3710	sookpilall's clan	1	1	90	1899	1899	Sookpilall's clan	Lushai clan	vol018_tropicalagricult1818ceyl#1899-05#002
3711	sooloo	1	1	90	1896	1896	Sooloo	ethnic group	vol015_tropicalagricult1518ceyl#1896-04#037
3712	sooloos	1	1	90	1897	1897	Sooloos	labourers	vol016_tropicalagricult1618ceyl#1897-05#024
3713	sorfs	1	1	80	1885	1885	sorfs	original inhabitants	vol004_tropicalagricult18841885colo#1885-01#178
3714	soudagars	1	1	00	1900	1900	soudagars	native pedlars	vol020_tropicalagricult2019ceyl#1900-10#105
3715	soukars	1	1	10	1917	1917	soukars	local merchants/shareholders	vol049_iss05_tropical-agriculturist-1917-11-49-5#1917-11#010
3716	south	1	1	80	1882	1882	South	political group in Queensland	vol002_tropicalagricult18821883colo#1882-11#012
3717	south american indian	1	1	90	1898	1898	South American Indian	laborer	vol018_tropicalagricult1818ceyl#1898-10#002
3718	south american peoples	1	1	80	1883	1883	South American peoples		vol002_tropicalagricult18821883colo#1883-06#002
3719	south american tribes	1	1	00	1900	1900	South American	makers of Damaju-hato	vol019_tropicalagricult1918ceyl#1900-06#147
3720	south and central american countries	1	1	30	1936	1936	South and Central American countries	importers of Ceylon cinnamon	vol086_dli-ernet-229228#1936-10#009
3721	south australian breeders	1	1	10	1910	1910	South Australian	breeders	vol035_tropicalagricul351910ceyl#1910-07#029
3722	south cheshire foxhounds	1	1	00	1901	1901	South Cheshire Foxhounds	bitch pack	vol021_tropicalagricult2119ceyl#1901-12#032
3723	south chinese	1	1	90	1895	1895	South Chinaman		vol015_tropicalagricult1518ceyl#1895-11#106
3724	south european	1	1	10	1917	1917	South European	people	vol049_iss03_tropical-agriculturist-1917-09-49-3#1917-09#009
3725	south indian companies	1	1	20	1929	1929	South Indian Companies	directors attended the lecture	vol072_dli-ernet-229221#1929-01/06#044
3726	south indian rubber estates	1	1	20	1925	1925	South Indian Rubber Estates	recipients of circular	vol064_lbg-630-5-tag-v-64#1925-06#004
3727	south indians	1	1	80	1883	1883	South Indian	audience	vol003_tropicalagricult18831884colo#1883-07#047
3728	southern chinese	1	1	90	1895	1895	Southern Chinese		vol015_tropicalagricult1518ceyl#1895-11#106
3729	southern colonies	1	1	80	1882	1882	Southern Colonies	colonies striving to prevent smallpox	vol002_tropicalagricult18821883colo#1882-10#136
3730	southern french	1	1	90	1895	1895	Southern French	flower pickers	vol015_tropicalagricult1518ceyl#1895-07#001
3731	southern india coolies	1	1	80	1883	1883	Southern India coolie	labourers	vol003_tropicalagricult18831884colo#1883-10#046
3732	southern indian planters	1	1	90	1894	1894	Southern Indian Planters	tea and coffee planters	vol013_tropicalagricult1318ceyl#1894-02#032
3733	southern negroes	1	1	10	1912	1912	Southern negroes	labourers	vol038_tropicalagricul381912ceyl#1912-05#063
3734	southern people	1	1	10	1911	1911	southern people	community	vol037_tropicalagricul371911ceyl#1911-11#021
3735	southern trade	1	1	90	1895	1895	Southern Trade		vol014_tropicalagricult1418ceyl#1895-04#065
3736	southerners	1	1	90	1892	1892	Southerners		vol012_tropicalagricult1218ceyl#1892-08#106
3737	southsea islanders	1	1	00	1902	1902	Southsea islanders	crew	vol021_tropicalagricult2119ceyl#1902-01#058
3738	sowars of native cavalry	1	1	90	1892	1892	Sowars of native Cavalry	users of kitool brushes	vol012_tropicalagricult1218ceyl#1892-08#013
3739	sowcars	1	1	90	1892	1892	Sowcars	lenders to native cultivators	vol012_tropicalagricult1218ceyl#1892-09#057
3740	sowrashtra	1	1	90	1898	1898	Sowrashtra	silk-weaving community	vol017_tropicalagricult1718ceyl#1898-05#124
3741	soysas	1	1	80	1886	1886	Soysas	wealthy natives	vol005_tropicalagricult18851886colo#1886-04#129
3742	spahis	1	1	40	1940	1940	Spahis	cavalry regiments	vol095_iss02_tropical-agriculturist-1940-08-95-2#1940-08#007
3743	spanish american states	1	1	30	1936	1936	Spanish American States	principal users of Ceylon cinnamon	vol086_dli-ernet-229228#1936-10#003
3744	spanish botanists	1	1	80	1883	1883	Spanish botanists		vol003_tropicalagricult18831884colo#1883-10#071
3745	spanish catholic missionaries	1	1	80	1886	1886	Spanish Catholic missionaries	introduced orange seed	vol006_tropicalagricult18861887colo#1886-08#051
3746	spanish colonies	1	1	90	1890	1890	Spanish colonies	coasting sailors	vol009_tropicalagricult9188ceyl#1890-03#008
3747	spanish conquerors	1	1	10	1910	1910	Spanish conquerors	historical group	vol034_tropicalagricul341910ceyl#1910-06#014
3748	spanish conquistadores	1	1	90	1894	1894	Spanish Conquistadores	importers of chocolate	vol014_tropicalagricult1418ceyl#1894-07#028
3749	spanish explorers	1	1	00	1909	1909	Spanish explorers	early discoverers of the plant	vol033_tropicalagricul331909ceyl#1909-11#025
3750	spanish people	1	1	80	1882	1882	Spanish people		vol002_tropicalagricult18821883colo#1882-11#219
3751	spanish planters	1	1	90	1897	1897	Spanish planters	group mentioned in historical context	vol017_tropicalagricult1718ceyl#1897-08#104
3752	spanish subjects	1	1	90	1893	1893	Spanish subjects		vol012_tropicalagricult1218ceyl#1893-04#003
3753	spanish-americans	1	1	90	1896	1896	Spanish-Americans	nationality of coffee planters	vol016_tropicalagricult1618ceyl#1896-12#069
3754	spanish-portuguese-italian community	1	1	90	1891	1891	Spanish-Portuguese-Italian community	community in Ventura	vol010_tropicalagricult1018ceyl#1891-01#026
3755	spicebrokers	1	1	00	1900	1900	Spicebrokers	sorting nutmegs and mace	vol019_tropicalagricult1918ceyl#1900-02#008
3756	st. clairs	1	1	80	1884	1884	St. Clairs		vol004_tropicalagricult18841885colo#1884-11#074
3757	st. thomases	1	1	80	1884	1884	St. Thomases	group invited to see ensilage method	vol004_tropicalagricult18841885colo#1884-11#076
3758	stalkart family	1	1	80	1885	1885	Stalkart	connected with the Indian tea enterprise	vol004_tropicalagricult18841885colo#1885-01#001
3759	stanes, kirby, and reilly	1	1	80	1885	1885	Messrs. Stanes, Kirby, and Reilly	veteran planters	vol004_tropicalagricult18841885colo#1885-02#057
3760	starey, talbot and fairweather	1	1	90	1895	1895	Messrs. Starey, Talbot and Fairweather	investors	vol014_tropicalagricult1418ceyl#1895-01#046
3761	statute immigrant coolies	1	1	90	1892	1892	Statute Immigrant coolies		vol012_tropicalagricult1218ceyl#1892-11#030
3762	stellenbosch farmers	1	1	80	1881	1881	Stellenbosch farmers	resolved to undertake olive-planting	vol001_tropicalagricult1188ceyl#1881-12#089
3763	stephens, barratt and simpson	1	1	80	1889	1889	Messrs. Stephens, Barratt and Simpson	pioneers of tea enterprise in Fiji	vol009_tropicalagricult9188ceyl#1889-12#067
3764	stephens, muller	1	1	80	1888	1888	Messrs. Stephens, Muller	planters	vol007_tropicalagricult7188ceyl#1888-04#023
3765	stevenson and lawrance	1	1	80	1883	1883	Messrs. Stevenson and Lawrance	estate owners	vol003_tropicalagricult18831884colo#1883-10#096
3766	stewart and kennedy	1	1	90	1893	1893	Messrs. Stewart and Kennedy	land grant recipients	vol013_tropicalagricult1318ceyl#1893-07#141
3767	stewart, mann, &c.	1	1	80	1882	1882	Stewart, Mann, &c.	settlers in Coorg	vol001_tropicalagricult1188ceyl#1882-05#116
3768	storey	1	1	90	1899	1899	Messrs. Storey	owners of the estate	vol018_tropicalagricult1818ceyl#1899-02#036
3769	stork family	1	1	80	1883	1883	Stork family	former owners of house in Maradana	vol002_tropicalagricult18821883colo#1883-01#137
3770	straits chinese	1	1	80	1884	1884	Straits Chinese	probable cooly of Borneo	vol003_tropicalagricult18831884colo#1884-02#029
3771	straits companies	1	1	10	1910	1910	Straits Companies	rubber companies	vol034_tropicalagricul341910ceyl#1910-01#063
3772	stuarts	1	1	00	1908	1908	Stuarts		vol030_tropicalagricul301908ceyl#1908-02#023
3773	subadar	1	1	90	1890	1890	subadar	village official	vol010_tropicalagricult1018ceyl#1890-08#094
3774	sugar colonies	1	1	80	1882	1882	Sugar Colonies	colonies	vol001_tropicalagricult1188ceyl#1882-05#048
3775	sugar growers in java	1	1	80	1888	1888	Sugar growers in Java	community	vol007_tropicalagricult7188ceyl#1888-06#117
3776	sugar planters	1	1	90	1897	1897	Sugar planters	group	vol016_tropicalagricult1618ceyl#1897-03#068
3777	sultans of brunei and sulu sea	1	1	80	1885	1885	Sultans of Brunei and Sulu Sea	source of company powers	vol005_tropicalagricult18851886colo#1885-07#121
3778	sultans of bunei	1	1	80	1881	1881	Sultans of Bunei		vol001_tropicalagricult1188ceyl#1881-08#091
3779	sultans of johore	1	1	80	1883	1883	Sultans of Johore	ancient rulers	vol003_tropicalagricult18831884colo#1883-10#066
3780	sultans of sulu	1	1	80	1881	1881	Sultans of Sulu		vol001_tropicalagricult1188ceyl#1881-08#091
3781	sulu	1	1	80	1883	1883	Sulu	trading boat origin	vol002_tropicalagricult18821883colo#1883-04#150
3782	sulu divers	1	1	80	1884	1884	Sulu diver	best in the world	vol004_tropicalagricult18841885colo#1884-09#096
3783	sumalis	1	1	80	1888	1888	Sumalis	constables	vol008_tropicalagricult8188ceyl#1888-07#060
3784	sumatra malays	1	1	90	1892	1892	Sumatra Malays		vol012_tropicalagricult1218ceyl#1892-11#030
3785	sumatra rubber planters	1	1	10	1917	1917	Sumatra Rubber Planters		vol048_iss05_tropical-agriculturist-1917-05-48-5#1917-05#019
3786	sumatran planters	1	1	00	1901	1901	Sumatran planters	planters	vol020_tropicalagricult2019ceyl#1901-01#071
3787	sumatras	1	1	80	1884	1884	Sumatras	group associated with gutta-percha	vol004_tropicalagricult18841885colo#1884-08#091
3788	sumerians	1	1	10	1912	1912	Sumer	people	vol039_tropicalagricul391912ceyl#1912-12#011
3789	sumps	1	1	80	1881	1881	Sumps	users of rattans	vol001_tropicalagricult1188ceyl#1881-09#095
3790	sunar	1	1	00	1901	1901	sunar	caste in gold and silver industry	vol020_tropicalagricult2019ceyl#1901-04#051
3791	superintendents	1	1	90	1898	1898	Superintendents	estate managers	vol017_tropicalagricult1718ceyl#1898-03#091
3792	surti	1	1	90	1896	1896	Surti	community	vol015_tropicalagricult1518ceyl#1896-02#135
3793	sutars	1	1	80	1889	1889	Sutars	caste of Bombay	vol009_tropicalagricult9188ceyl#1889-08#030
3794	sutton herd	1	1	20	1922	1922	Sutton herd	herd of Red Polls	vol058_dli-ernet-229219#1922-01#035
3795	svostchik	1	1	90	1898	1898	Svostchik	Russian driver	vol017_tropicalagricult1718ceyl#1898-02#058
3796	swadeshi	1	1	00	1909	1909	Swadeshi	movement/industry	vol033_tropicalagricul331909ceyl#1909-10#030
3797	swede	1	1	90	1895	1895	Swede		vol015_tropicalagricult1518ceyl#1895-11#106
3798	swedenborgians	1	1	90	1890	1890	Swedenborgian	religious group	vol010_tropicalagricult1018ceyl#1890-10#058
3799	swiss colony	1	1	80	1889	1889	Swiss colony	community in Brazil	vol008_tropicalagricult8188ceyl#1889-02#087
3800	swiss lake dwellers	1	1	90	1899	1899	Swiss Lake Dwellers		vol019_tropicalagricult1918ceyl#1899-08#173
3801	sword and mullinghaus	1	1	80	1887	1887	Messrs. Sword and Mullinghaus	Tin exporters	vol006_tropicalagricult18861887colo#1887-06#113
3802	syama nikaya	1	1	00	1900	1900	Syama Nikaya	Siamese sect	vol019_tropicalagricult1918ceyl#1900-06#156
3803	syces	1	1	80	1889	1889	syces	horse drivers	vol009_tropicalagricult9188ceyl#1889-07#122
3804	sydney merchants	1	1	90	1897	1897	Sydney merchants	conduct trade	vol017_tropicalagricult1718ceyl#1897-09#014
3805	sylock	1	1	00	1906	1906	Sylock	village money lender	vol027_tropicalagricul271906ceyl#1906-10#015
3806	symons and shand	1	1	80	1889	1889	Messrs. Symons and Shand	proposed company partners	vol009_tropicalagricult9188ceyl#1889-08#073
3807	syndicate of merchants and zemindars	1	1	80	1887	1887	Syndicate of Merchants and Zemindars	proposed association with Government	vol007_tropicalagricult7188ceyl#1887-07#136
3808	syrian christians	1	1	90	1892	1892	Syrian Christians	manufacturers	vol012_tropicalagricult1218ceyl#1892-10#012
3809	sáráswat bráhmins	1	1	10	1917	1917	Sáráswat Bráhmins	communal group	vol048_iss04_tropical-agriculturist-1917-04-48-4#1917-04#031
3810	t. h. hill, m. listor, w. w. bailey	1	1	90	1895	1895	Messrs. T. H. Hill, M. Listor, W. W. Bailey	owners of estates	vol015_tropicalagricult1518ceyl#1895-08#018
3811	t. north christie, w. forsythe and others	1	1	90	1896	1896	Messrs. T. North Christie, W. Forsythe and others	purchasers of land	vol015_tropicalagricult1518ceyl#1896-04#089
3812	t. pilgrim and mcalister	1	1	20	1926	1926	Messrs. T. Pilgrim and McAlister	landowners, Cobaki	vol066_iss01_tropical-agriculturist-1926-01-66-1#1926-01#002
3813	tabouri	1	1	80	1883	1883	Tabouri	tribe	vol003_tropicalagricult18831884colo#1883-12#084
3814	tabsildar	1	1	90	1899	1899	Tabsildar	Deputy collector	vol019_tropicalagricult1918ceyl#1899-08#100
3815	tadshik	1	1	80	1888	1888	Tadshik		vol007_tropicalagricult7188ceyl#1888-02#035
3816	tagalo	1	1	20	1921	1921	Tagalo	dialect	vol047_lbg-630-5-tag-v-47#1921-07#008
3817	tagalogs	1	1	00	1908	1908	Tagalogs	ethnic group	vol030_tropicalagricul301908ceyl#1908-04#010
3818	tai	1	1	90	1891	1891	Tai		vol010_tropicalagricult1018ceyl#1891-01#034
3819	taiping rebels	1	1	90	1899	1899	Taiping rebels	rebels	vol019_tropicalagricult1918ceyl#1899-10#062
3820	talbot, welldon and d. reid	1	1	80	1889	1889	Messrs. Talbot, Welldon and D. Reid	owners of tea properties	vol008_tropicalagricult8188ceyl#1889-02#002
3821	taltec	1	1	80	1888	1888	Taltec	tribe	vol008_tropicalagricult8188ceyl#1888-07#014
3822	taluk officers	1	1	00	1908	1908	Taluk officers	officials instructed to watch for disease	vol030_tropicalagricul301908ceyl#1908-04#096
3823	talukdars of oudh	1	1	80	1882	1882	Talukdars of Oudh	wealthy landlords	vol001_tropicalagricult1188ceyl#1882-03#032
3824	tamans	1	1	90	1890	1890	tamans	natives	vol009_tropicalagricult9188ceyl#1890-01#126
3825	tamboes	1	1	90	1896	1896	Tamboes		vol015_tropicalagricult1518ceyl#1896-01#030
3826	tambonuas	1	1	80	1882	1882	Tambonuas	people who prepare raw sugar	vol001_tropicalagricult1188ceyl#1882-05#189
3827	tambys	1	1	90	1895	1895	Tambys		vol015_tropicalagricult1518ceyl#1895-11#133
3828	tamil chetties	1	1	90	1897	1897	Tamil chetties	chief residents of Gangoda	vol016_tropicalagricult1618ceyl#1897-04#060
3829	tamil chetty	1	1	90	1899	1899	Tamil Chetty	caste/community	vol019_tropicalagricult1918ceyl#1899-11#059
3830	tamil christians	1	1	90	1890	1890	Tamil Christians	participants in prayer and revival meetings	vol010_tropicalagricult1018ceyl#1890-11#036
3831	tamil community	1	1	90	1891	1891	Tamil community	community of the North	vol010_tropicalagricult1018ceyl#1891-05#137
3832	tamil cooly	1	1	90	1892	1892	Tamil cooly	labourer	vol012_tropicalagricult1218ceyl#1892-08#047
3833	tamil kanganies	1	1	90	1890	1890	Tamil kanganies	supervisors of estate labour	vol009_tropicalagricult9188ceyl#1890-02#001
3834	tamil kanganis	1	1	00	1903	1903	Tamil kanganis	labour contractors	vol023_tropicalagricult2319ceyl#1903-11#093
3835	tamil labourers	1	1	00	1903	1903	Tamil labourers	workers	vol023_tropicalagricult2319ceyl#1903-11#105
3836	tamil men	1	1	90	1894	1894	Tamil men	cultivators	vol014_tropicalagricult1418ceyl#1894-10#151
3837	tamil vellalar	1	1	80	1886	1886	Tamil Vellalar	farmers	vol006_tropicalagricult18861887colo#1886-11#112
3838	tamilas	1	1	80	1881	1881	Tamilas		vol001_tropicalagricult1188ceyl#1881-11#166
3839	tamilians	1	1	00	1907	1907	Tamilians	local population	vol028_tropicalagricul281907ceyl#1907-03#014
3840	tamilized sinhalese	1	1	80	1885	1885	Tamilized Sinhalese	coolies	vol004_tropicalagricult18841885colo#1885-02#135
3841	tamulians	1	1	90	1893	1893	Tamulians	cultivators	vol012_tropicalagricult1218ceyl#1893-05#099
3842	tang-chi dynasty	1	1	90	1892	1892	Tang-Chi	dynasty	vol012_tropicalagricult1218ceyl#1892-10#010
3843	tanna boys	1	1	80	1885	1885	Tanna boys	labourers from Tanna	vol004_tropicalagricult18841885colo#1885-04#046
3844	tannakara	1	1	90	1891	1891	Tannakara	class of people	vol011_tropicalagricult1118ceyl#1891-09#086
3845	tanner and tollemache	1	1	90	1899	1899	Messrs. Tanner and Tollemache	planters	vol018_tropicalagricult1818ceyl#1899-05#049
3846	taoist priests	1	1	90	1895	1895	Taoist priests	occupants of temples	vol015_tropicalagricult1518ceyl#1895-09#148
3847	tapejos	1	1	80	1888	1888	Tapejos	people who subsist largely upon the nuts	vol007_tropicalagricult7188ceyl#1888-05#149
3848	tapporabs	1	1	80	1885	1885	Tapporabs	people	vol005_tropicalagricult18851886colo#1885-11#118
3849	tar-heels	1	1	80	1885	1885	Tar-heel	descriptive name for citizens of North Carolina	vol004_tropicalagricult18841885colo#1885-01#119
3850	tartar	1	1	90	1892	1892	Tartar		vol011_tropicalagricult1118ceyl#1892-03#079
3851	tatham, ferguson, and walker	1	1	90	1894	1894	Messrs. Tatham, Ferguson, and Walker	officers who have passed through the Forest school	vol014_tropicalagricult1418ceyl#1894-11#144
3852	tatoga	1	1	30	1938	1938	Tatoga	neighbours	vol090_iss05_tropical-agriculturist-1938-05-90-5#1938-05#011
3853	tavalam	1	1	80	1883	1883	Tavalam		vol003_tropicalagricult18831884colo#1883-08#124
3854	tavalams	1	1	90	1898	1898	Tavalams	transporters	vol018_tropicalagricult1818ceyl#1898-08#082
3855	tavelam men	1	1	90	1893	1893	tavelam men	native thieves of pods	vol013_tropicalagricult1318ceyl#1893-10#049
3856	tavoy volunteers	1	1	80	1889	1889	Tavoy Volunteers	saved the town from destruction	vol008_tropicalagricult8188ceyl#1889-01#075
3857	taylor and scott	1	1	80	1882	1882	Messrs. Taylor and Scott	planters of blue gums	vol001_tropicalagricult1188ceyl#1882-01#048
3858	tcherkess	1	1	90	1890	1890	Tcherkess	prisoners who revealed the plant's secret	vol009_tropicalagricult9188ceyl#1890-06#021
3859	tea agency houses	1	1	90	1897	1897	Tea Agency Houses	representatives	vol016_tropicalagricult1618ceyl#1897-05#110
3860	tea brokers and agents	1	1	00	1902	1902	Tea Brokers and Agents	representatives to be conveyed to the Docks	vol021_tropicalagricult2119ceyl#1902-06#106
3861	tea buyers	1	1	00	1900	1900	Tea Buyers	buyers	vol020_tropicalagricult2019ceyl#1900-08#009
3862	tea coolies	1	1	80	1885	1885	tea coolies	labourers in tea gardens	vol004_tropicalagricult18841885colo#1885-04#010
3863	tea garden agents	1	1	90	1898	1898	Tea Garden Agents	firms submitting estimates	vol018_tropicalagricult1818ceyl#1898-11#076
3864	tea hongs	1	1	90	1890	1890	Tea Hongs	native buyers	vol010_tropicalagricult1018ceyl#1890-09#044
3865	tea importers of amsterdam	1	1	90	1898	1898	Tea Importers of Amsterdam		vol017_tropicalagricult1718ceyl#1898-01#084
3866	tea men	1	1	90	1891	1891	Teamen		vol011_tropicalagricult1118ceyl#1891-09#106
3867	tea merchants	1	1	80	1885	1885	teamen		vol004_tropicalagricult18841885colo#1885-04#011
3868	tea planters of ceylon	1	1	80	1885	1885	tea planters of Ceylon		vol005_tropicalagricult18851886colo#1885-10#048
3869	tea planters of india and ceylon	1	1	80	1886	1886	Tea planters of India and Ceylon	group thanked by Mr. Davidson	vol005_tropicalagricult18851886colo#1886-06#002
3870	tea shippers	1	1	90	1893	1893	tea shippers	meeting attendees	vol012_tropicalagricult1218ceyl#1893-05#111
3871	tea testers	1	1	90	1893	1893	Tea Testers	London	vol013_tropicalagricult1318ceyl#1893-07#139
3872	teachers of the educational conference	1	1	10	1918	1918	Teachers of the Educational Conference	audience for the address	vol051_iss03_tropical-agriculturist-1918-09-51-3#1918-09#008
3873	teaguilds	1	1	90	1890	1890	Teaguilds	assembled in Tokyo	vol009_tropicalagricult9188ceyl#1890-04#079
3874	telegu	1	1	00	1903	1903	Teingu	language	vol023_tropicalagricult2319ceyl#1903-11#023
3875	telgama's	1	1	80	1888	1888	Telgama's	owners of abandoned coffee fields	vol008_tropicalagricult8188ceyl#1888-10#053
3876	teli	1	1	10	1915	1915	teli	native oil man	vol044_lbg-tropicalagricultvol-xliv0000unse-e6v7#1915-03#016
3877	telies	1	1	80	1884	1884	Telies	prepare fibre by boiling	vol004_tropicalagricult18841885colo#1884-09#011
3878	teling reddi	1	1	80	1886	1886	Teling Reddi	farmers	vol006_tropicalagricult18861887colo#1886-11#112
3879	telinga	1	1	80	1881	1881	Tiling	community/region (OCR error for Telinga/Telugu)	vol001_tropicalagricult1188ceyl#1881-09#082
3880	telingas	1	1	00	1906	1906	Telingas	people	vol026_tropicalagricul261906ceyl#1906-05#011
3881	telugu kangani	1	1	00	1903	1903	Telugu kangani	labour contractor	vol023_tropicalagricult2319ceyl#1903-11#093
3882	telugu ryots	1	1	90	1893	1893	Telugu ryots	cultivators	vol012_tropicalagricult1218ceyl#1893-05#099
3883	tenant farmers' delegation	1	1	90	1894	1894	Tenant Farmers' Delegation	delegation	vol014_tropicalagricult1418ceyl#1894-07#033
3884	tengerese	1	1	00	1903	1903	Tengerese		vol023_tropicalagricult2319ceyl#1903-10#039
3885	teochew	1	1	80	1887	1887	Teochew	Chinese dialect group	vol007_tropicalagricult7188ceyl#1887-08#096
3886	teor	1	1	80	1883	1883	Teor	timber agricultural class	vol003_tropicalagricult18831884colo#1883-07#095
3887	terkas	1	1	80	1881	1881	Teklas	workers for clearing land	vol001_tropicalagricult1188ceyl#1881-06#033
3888	teuton	1	1	90	1894	1894	Teuton		vol013_tropicalagricult1318ceyl#1894-01#038
3889	teutonic	1	1	90	1892	1892	Teutonic	coffee-drinking races	vol011_tropicalagricult1118ceyl#1892-01#027
3890	teutonic people	1	1	90	1899	1899	Teutonic people	target audience	vol018_tropicalagricult1818ceyl#1899-05#111
3891	teutonic peoples	1	1	90	1891	1891	Teutonic		vol010_tropicalagricult1018ceyl#1891-06#082
3892	teythanni	1	1	00	1908	1908	Teythanni	itinerant tea vendors	vol030_tropicalagricul301908ceyl#1908-03#057
3893	tezch	1	1	80	1883	1883	Tezch		vol003_tropicalagricult18831884colo#1883-10#071
3894	thai	1	1	20	1923	1923	Thai	language/people	vol060_lbg-tropicalagricultvol-lx-1923-0000unse-n0c4#1923-05#020
3895	thanar	1	1	80	1881	1881	Thanar	caste	vol001_tropicalagricult1188ceyl#1881-11#038
3896	thans	1	1	90	1892	1892	Thans	people wearing imitation silks made from rhamie	vol011_tropicalagricult1118ceyl#1892-05#078
3897	the birds	1	1	90	1891	1891	The Birds	group within the Association	vol011_tropicalagricult1118ceyl#1891-11#073
3898	the brokers	1	1	90	1892	1892	The Brokers		vol012_tropicalagricult1218ceyl#1892-07#049
3899	the buchanans	1	1	90	1898	1898	the Buchanans	planters	vol018_tropicalagricult1818ceyl#1898-07#010
3900	the buffs	1	1	80	1883	1883	the "Buffs"	military regiment	vol003_tropicalagricult18831884colo#1883-10#033
3901	the colonies	1	1	80	1886	1886	The Colonies		vol006_tropicalagricult18861887colo#1886-09#032
3902	the fowlers	1	1	90	1893	1893	the Fowlers		vol013_tropicalagricult1318ceyl#1893-08#006
3903	the frizzles	1	1	90	1893	1893	The Frizzles		vol013_tropicalagricult1318ceyl#1893-08#006
3904	the moirs	1	1	90	1890	1890	The Moirs		vol010_tropicalagricult1018ceyl#1890-11#124
3905	the steamer agents	1	1	90	1899	1899	The Steamer Agents	recipients of the circular	vol019_tropicalagricult1918ceyl#1899-12#044
3906	the thompsons	1	1	90	1893	1893	Thompsons		vol013_tropicalagricult1318ceyl#1893-08#006
3907	the webbs	1	1	20	1929	1929	The Webbs	authors	vol073_tropical-agriculturist-1929-09-73#1929-09#015
3908	thean	1	1	90	1890	1890	Thean		vol010_tropicalagricult1018ceyl#1890-11#064
3909	theectees	1	1	80	1885	1885	Theectees	women adept at garbling coffee	vol005_tropicalagricult18851886colo#1885-12#113
3910	theobald (junior) and dixon	1	1	80	1883	1883	Messrs. Theobald (Junior) and Dixon	landholders	vol003_tropicalagricult18831884colo#1883-11#034
3911	theosophists	1	1	90	1896	1896	Theosophists	religious group	vol016_tropicalagricult1618ceyl#1896-11#073
3912	theosophy	1	1	90	1899	1899	Theosophy	religious movement	vol018_tropicalagricult1818ceyl#1899-06#158
3913	thiruvengada charriar, balasubramania aiyar and rangiah naidu	1	1	80	1888	1888	Messrs. Thiruvengada Charriar, Balasubramania Aiyar and Rangiah Naidu	land-holders, judges	vol008_tropicalagricult8188ceyl#1888-11#076
3914	thomson and mylne	1	1	80	1887	1887	Messrs. Thomson and Mylne	of Beheea	vol006_tropicalagricult18861887colo#1887-04#109
3915	thugs	1	1	00	1902	1902	Thugs	tribes using poison	vol021_tropicalagricult2119ceyl#1902-03#020
3916	thuringian	1	1	10	1914	1914	Thuringian	origin of coriander variety	vol042_lbg-630-5-tag-v-42#1914-03#053
3917	thôss	1	1	00	1908	1908	Thôss	people who know the tree as Teo-non	vol031_tropicalagricul311908ceyl#1908-08#126
3918	tibetan traders	1	1	80	1887	1887	Thibetan traders	traders	vol007_tropicalagricult7188ceyl#1887-10#046
3919	tilians	1	1	80	1883	1883	Tilians	people	vol003_tropicalagricult18831884colo#1883-07#013
3920	tilly and murray	1	1	80	1885	1885	Messrs. Tilly and Murray	planters	vol005_tropicalagricult18851886colo#1885-07#131
3921	timini	1	1	80	1889	1889	Timini	race of Africans	vol008_tropicalagricult8188ceyl#1889-06#092
3922	timni	1	1	90	1897	1897	Timni	language speakers	vol016_tropicalagricult1618ceyl#1897-05#059
3923	tirailleurs	1	1	40	1940	1940	Tirailleurs	infantry regiments	vol095_iss02_tropical-agriculturist-1940-08-95-2#1940-08#007
3924	tiyanas	1	1	30	1930	1930	Tiyanas	of the Malabar Coast	vol074_dli-ernet-229223#1930-01#014
3925	tocano indians	1	1	80	1888	1888	Tocano Indians	indolent and improvident race	vol008_tropicalagricult8188ceyl#1888-07#098
3926	toconaco indians	1	1	80	1888	1888	Toconaco Indians	inhabitants of the land around Papantia	vol008_tropicalagricult8188ceyl#1888-08#148
3927	toda	1	1	80	1888	1888	Toda	group compared for dislike of water	vol007_tropicalagricult7188ceyl#1888-04#085
3928	togo	1	1	00	1906	1906	Togo	labourers	vol027_tropicalagricul271906ceyl#1906-08#011
3929	tokelauans	1	1	90	1892	1892	Tokolano	labourers	vol012_tropicalagricult1218ceyl#1892-11#060
3930	tokugawa	1	1	90	1896	1896	Tokugawa	dynasty	vol016_tropicalagricult1618ceyl#1896-12#037
3931	tokugawa dynasty	1	1	90	1891	1891	Tokugawa dynasty		vol011_tropicalagricult1118ceyl#1891-10#004
3932	toltec	1	1	40	1940	1940	Toltec	culture in South America	vol094_iss01_tropical-agriculturist-1940-01-94-1#1940-01#007
3933	tommies	1	1	00	1902	1902	Tommies	British soldiers	vol022_tropicalagricult2219ceyl#1902-07#113
3934	tommy atkins	1	1	90	1898	1898	Tommy Atkins	soldiers	vol018_tropicalagricult1818ceyl#1898-12#016
3935	tomos	1	1	90	1898	1898	Tomos		vol017_tropicalagricult1718ceyl#1898-01#082
3936	tongan islanders	1	1	80	1886	1886	Tongan Islanders	people	vol005_tropicalagricult18851886colo#1886-06#022
3937	tonkinese	1	1	90	1894	1894	Tonkinese	natives	vol014_tropicalagricult1418ceyl#1894-08#012
3938	topinambos	1	1	00	1907	1907	Topinambos	Carib tribe	vol028_tropicalagricul281907ceyl#1907-06#025
3939	torlego	1	1	90	1895	1895	torlego	head hunter of the party	vol014_tropicalagricult1418ceyl#1895-03#006
3940	torres strait islanders	1	1	00	1902	1902	Torres Strait islanders	owners	vol022_tropicalagricult2219ceyl#1902-12#075
3941	tory	1	1	90	1892	1892	Tory	political party	vol012_tropicalagricult1218ceyl#1892-07#086
3942	tota-kara	1	1	80	1886	1886	Tota-Kara	gardeners	vol006_tropicalagricult18861887colo#1886-11#112
3943	total abstainers	1	1	90	1896	1896	Total Abstainers	convention delegates	vol015_tropicalagricult1518ceyl#1896-01#114
3944	tottenham and cruwell	1	1	90	1895	1895	Messrs. Tottenham and Cruwell	backed the 3½ feet gauge proposal	vol015_tropicalagricult1518ceyl#1895-07#101
3945	toussaints	1	1	80	1883	1883	Toussaints	property owners	vol002_tropicalagricult18821883colo#1883-01#008
3946	towkay	1	1	90	1893	1893	towkay	Chinese town merchants	vol012_tropicalagricult1218ceyl#1893-05#039
3947	townsvillites	1	1	80	1882	1882	Townsvillites	residents of Townsville	vol002_tropicalagricult18821883colo#1882-11#012
3948	transvaal boers	1	1	80	1884	1884	Tranwaal Boers	settlers	vol003_tropicalagricult18831884colo#1884-04#040
3949	trappist brotherhood	1	1	90	1890	1890	Trappist brotherhood	religious order	vol010_tropicalagricult1018ceyl#1890-11#121
3950	travancoreans	1	1	10	1910	1910	Travancoreans	Consumers of Ceylon tobacco	vol034_tropicalagricul341910ceyl#1910-06#037
3951	travancorees	1	1	90	1894	1894	Travancorees		vol013_tropicalagricult1318ceyl#1894-05#005
3952	trinidadians	1	1	00	1901	1901	Trinidadians		vol021_tropicalagricult2119ceyl#1901-08#024
3953	trouchets	1	1	80	1889	1889	the Trouchets	aloes cultivators	vol009_tropicalagricult9188ceyl#1889-09#002
3954	tsin dynasty	1	1	80	1889	1889	Tsin	dynasty	vol008_tropicalagricult8188ceyl#1889-02#044
3955	tuaran dusuns	1	1	00	1908	1908	Tuaran Dusuns	labour force	vol031_tropicalagricul311908ceyl#1908-08#099
3956	tuetic	1	1	80	1884	1884	Tuetic	agriculturalists in Germany	vol004_tropicalagricult18841885colo#1884-11#076
3957	tulu	1	1	10	1914	1914	Tulu	farmers of South Canara district	vol043_lbg-tropicalagricultvol-xliii0000unse-c5y3#1914-07#024
3958	tunganis	1	1	00	1903	1903	Tunganis		vol022_tropicalagricult2219ceyl#1903-05#022
3959	tunguses	1	1	80	1881	1881	Tunguses	group using henbane seeds	vol001_tropicalagricult1188ceyl#1881-11#090
3960	tunisian	1	1	80	1883	1883	Tunisian		vol003_tropicalagricult18831884colo#1883-07#132
3961	tunisians	1	1	00	1902	1902	Tunisian	origin of imported dates	vol021_tropicalagricult2119ceyl#1902-05#007
3962	tupi	1	1	80	1883	1883	Tupi	language/people	vol003_tropicalagricult18831884colo#1883-10#090
3963	tupy	1	1	80	1882	1882	Tupy		vol001_tropicalagricult1188ceyl#1882-03#034
3964	turcoman	1	1	80	1885	1885	Turcoman	horse owner	vol005_tropicalagricult18851886colo#1885-09#118
3965	turkana	1	1	00	1901	1901	Turkanas	race of giants	vol021_tropicalagricult2119ceyl#1901-10#125
3966	turkish officials	1	1	00	1900	1900	Turkish officials	authorities imposing taxation	vol020_tropicalagricult2019ceyl#1900-11#019
3967	turkish peasants	1	1	90	1899	1899	Turkish peasants	consumers of tea	vol019_tropicalagricult1918ceyl#1899-07#004
3968	turkomans	1	1	00	1900	1900	Turkomans	users of the plant for withes and cord	vol019_tropicalagricult1918ceyl#1900-02#039
3969	tuticorin tamils	1	1	90	1898	1898	Tuticorin Tamils	handlers of dry fish business	vol017_tropicalagricult1718ceyl#1898-01#126
3970	twan lok	1	1	90	1893	1893	Twan Lok	Chinese family holding concession	vol013_tropicalagricult1318ceyl#1893-11#020
3971	tyens	1	1	00	1900	1900	Tyens	labourers	vol019_tropicalagricult1918ceyl#1900-06#042
3972	tyrian	1	1	90	1891	1891	Tyrian	associated with Hercules	vol011_tropicalagricult1118ceyl#1891-07#163
3973	tyrians	1	1	90	1898	1898	Tyrians		vol018_tropicalagricult1818ceyl#1898-07#103
3974	tytler	1	1	00	1900	1900	Tytler	family name	vol019_tropicalagricult1918ceyl#1900-02#001
3975	tytler family	1	1	90	1891	1891	Messrs. Tytler	relatives of Mr. Ross	vol010_tropicalagricult1018ceyl#1891-04#016
3976	udaiyars	1	1	00	1908	1908	Udaiyars	headmen next in rank to the Vanniah	vol031_tropicalagricul311908ceyl#1908-08#047
3977	udasiya	1	1	20	1924	1924	Udasiya	pattu	vol062_lbg-630-5-tag-v-62#1924-01#027
3978	udayar	1	1	20	1920	1920	Udayar	Community	vol055_lbg-630-5-tag-v-55#1920-11#020
3979	uitlanders	1	1	90	1896	1896	Uitlanders		vol016_tropicalagricult1618ceyl#1896-07#048
3980	ulima	1	1	90	1899	1899	Ulima	consumers of China tea	vol019_tropicalagricult1918ceyl#1899-07#004
3981	umfaan	1	1	10	1912	1912	umfaan	attendant to chicks	vol039_tropicalagricul391912ceyl#1912-11#018
3982	umfried and schoch	1	1	00	1902	1902	Messrs. Umfried and Schoch	settlers	vol022_tropicalagricult2219ceyl#1902-07#106
3983	unani	1	1	00	1909	1909	Unani	system of science	vol032_tropicalagricul321909ceyl#1909-01#016
3984	uncle sam	1	1	90	1899	1899	Uncle Sam	personification of the Americans	vol019_tropicalagricult1918ceyl#1899-11#015
3985	unionist	1	1	90	1895	1895	Unionist	political party	vol015_tropicalagricult1518ceyl#1895-11#119
3986	united presbyterian churches	1	1	80	1882	1882	United Presbyterian churches	religious group	vol001_tropicalagricult1188ceyl#1882-05#095
3987	united states soap manufacturers	1	1	30	1937	1937	United States soap manufacturers	opposed the 3-cent processing tax	vol088_dli-ernet-229229#1937-10#011
3988	unwins	1	1	80	1885	1885	Unwins	neighbours	vol004_tropicalagricult18841885colo#1885-01#066
3989	upaliwongse	1	1	00	1900	1900	Upaliwongse	Siamese sect	vol019_tropicalagricult1918ceyl#1900-06#156
3990	upper burmans	1	1	80	1884	1884	Upper Burmans	chief cultivators	vol003_tropicalagricult18831884colo#1884-01#050
3991	uralis	1	1	00	1903	1903	Uralis	assistants to Kurumbers	vol022_tropicalagricult2219ceyl#1903-02#089
3992	uriyas	1	1	80	1884	1884	Uriyas		vol003_tropicalagricult18831884colo#1884-06#105
3993	ursuline nuns	1	1	00	1908	1908	Ursuline nuns		vol030_tropicalagricul301908ceyl#1908-03#050
3994	usbek tartars	1	1	90	1896	1896	Usbek Tartars		vol015_tropicalagricult1518ceyl#1896-05#030
3995	uva	1	1	90	1892	1892	Uva	Natives in Badulla	vol011_tropicalagricult1118ceyl#1892-05#094
3996	uva patans	1	1	10	1911	1911	Uva Patanas	source of oil grass supply	vol037_tropicalagricul371911ceyl#1911-08#028
3997	uva planters	1	1	90	1898	1898	Uva planters		vol018_tropicalagricult1818ceyl#1898-08#010
3998	uzbek tartars	1	1	80	1889	1889	Usbeck Tartars		vol009_tropicalagricult9188ceyl#1889-09#039
3999	v.a.'s	1	1	00	1903	1903	V.A.'s		vol023_tropicalagricult2319ceyl#1903-09#088
4000	vaidya	1	1	80	1887	1887	Vaidya	distinct caste of physicians	vol006_tropicalagricult18861887colo#1887-01#022
4001	vaishas	1	1	80	1887	1887	Vaishas	caste using Asupala	vol007_tropicalagricult7188ceyl#1887-07#057
4002	vaishnava	1	1	00	1903	1903	Vaishnava	religious group	vol023_tropicalagricult2319ceyl#1903-07#032
4003	vaishya	1	1	80	1889	1889	Vaishya	caste	vol009_tropicalagricult9188ceyl#1889-08#030
4004	vaisya	1	1	00	1908	1908	Vaisya	traders and agriculturists	vol030_tropicalagricul301908ceyl#1908-02#023
4005	vaisyas	1	1	10	1914	1914	Vaisyas		vol043_lbg-tropicalagricultvol-xliii0000unse-c5y3#1914-10#049
4006	valentine, marshall, miller, moncur, mackay	1	1	90	1890	1890	Messrs. Valentine, Marshall, Miller, Moncur, Mackay	owners of tea gardens	vol009_tropicalagricult9188ceyl#1890-03#035
4007	vallys	1	1	80	1889	1889	the Vallys	aloes cultivators	vol009_tropicalagricult9188ceyl#1889-09#002
4008	van gorkom, moens, peal and wood-mason	1	1	80	1884	1884	Messrs. Van Gorkom, Moens, Peal and Wood-Mason	authors of publications on Helopeltis Antonii	vol004_tropicalagricult18841885colo#1884-12#032
4009	van suchtelen family	1	1	90	1899	1899	van Suchtelen	family adopting surname Maartensz	vol018_tropicalagricult1818ceyl#1899-06#149
4010	vandal	1	1	90	1895	1895	Vandal		vol015_tropicalagricult1518ceyl#1895-11#106
4011	vandals	1	1	80	1889	1889	Vandals	people	vol009_tropicalagricult9188ceyl#1889-07#066
4012	vander brout	1	1	90	1891	1891	Messrs. Vander Brout	persons who partook of Tea and Coffee	vol010_tropicalagricult1018ceyl#1891-06#137
4013	vanderbilt	1	1	90	1895	1895	Vanderbilt	families	vol015_tropicalagricult1518ceyl#1895-09#130
4014	vanderbilt family	1	1	90	1893	1893	Vanderbilt	owners of railways	vol012_tropicalagricult1218ceyl#1893-05#074
4015	vanderbilts	1	1	90	1897	1897	Vanderbilts	people of great fortunes	vol017_tropicalagricult1718ceyl#1897-07#037
4016	vanillero	1	1	10	1914	1914	vanillero	Mexican vanilla curer	vol043_lbg-tropicalagricultvol-xliii0000unse-c5y3#1914-12#040
4017	vaniyas	1	1	90	1892	1892	Vaniyas	irrigation community	vol011_tropicalagricult1118ceyl#1892-01#097
4018	vanja	1	1	90	1892	1892	Vanja	caste, sailors	vol012_tropicalagricult1218ceyl#1892-08#110
4019	vanni people	1	1	00	1906	1906	Vanni people	inhabitants of the mainland	vol026_tropicalagricul261906ceyl#1906-02#033
4020	vanni villagers	1	1	40	1941	1941	Vanni	villagers targeted for training in mixed farming	vol097_iss01_tropical-agriculturist-1941-07-97-1#1941-07#013
4021	vanniahs	1	1	20	1924	1924	Vanniahs	local residents	vol062_lbg-630-5-tag-v-62#1924-06#013
4022	vanniars	1	1	00	1908	1908	Vanniars		vol031_tropicalagricul311908ceyl#1908-08#058
4023	vannias	1	1	90	1899	1899	Vannias	moneylenders	vol018_tropicalagricult1818ceyl#1899-06#138
4024	vanniyah	1	1	10	1919	1919	Vanniyah	caste	vol052_iss05_tropical-agriculturist-1919-05-52-5#1919-05#007
4025	vanniyas	1	1	20	1928	1928	Vanniyas	colonized the Wanni	vol070_dli-ernet-229220#1928-06#019
4026	vanniys	1	1	90	1893	1893	Vanniys	men who know nothing of levels	vol012_tropicalagricult1218ceyl#1893-02#025
4027	veddho	1	1	00	1906	1906	Veddho	caste group	vol027_tropicalagricul271906ceyl#1906-09#020
4028	vederades	1	1	80	1889	1889	vederades	native practitioners	vol008_tropicalagricult8188ceyl#1889-01#015
4029	vederala	1	1	10	1913	1913	Vederala	native doctor	vol041_lbg-vol-xli-tropicalagricult0000dewi-t3r5#1913-09#035
4030	vederales	1	1	80	1889	1889	vederales	native village practitioners	vol008_tropicalagricult8188ceyl#1889-01#015
4031	vedic	1	1	20	1926	1926	Vedic		vol067_iss03_tropical-agriculturist-1926-09-67-3#1926-09#016
4032	veguero	1	1	10	1918	1918	veguero	tobacco harvester	vol050_dli-ernet-21168#1918-06#005
4033	vel muladaniyas	1	1	20	1920	1920	Vel Muladaniyas	village headmen	vol055_lbg-630-5-tag-v-55#1920-07#011
4034	veliyans	1	1	10	1914	1914	Veliyans	cultivators	vol043_lbg-tropicalagricultvol-xliii0000unse-c5y3#1914-09#031
4035	vellala	1	1	10	1913	1913	VELLAREEN	community	vol040_lbg-630-5-tag-v-40#1913-03#016
4036	velvidanes	1	1	20	1923	1923	Velvidanes		vol060_lbg-tropicalagricultvol-lx-1923-0000unse-n0c4#1923-02#032
4037	veragama	1	1	00	1906	1906	Veragama	family	vol027_tropicalagricul271906ceyl#1906-09#020
4038	verkutli	1	1	10	1919	1919	verkutli	class of Palla caste people who dig chaya roots	vol052_iss04_tropical-agriculturist-1919-04-52-4#1919-04#016
4039	verner	1	1	90	1896	1896	Messrs. Verner	owners of gardens at Tondoo	vol015_tropicalagricult1518ceyl#1896-04#125
4040	vettars	1	1	00	1908	1908	Vettars	hill-tribes	vol031_tropicalagricul311908ceyl#1908-07#022
4041	vidana arachchi	1	1	20	1921	1921	Vidana Arachchi	local officials	vol047_lbg-630-5-tag-v-47#1921-07#006
4042	vidanes	1	1	00	1906	1906	Vidanes		vol026_tropicalagricul261906ceyl#1906-03#060
4043	vikings	1	1	80	1887	1887	Vikings		vol006_tropicalagricult18861887colo#1887-03#055
4044	villard party	1	1	80	1882	1882	Villard party		vol001_tropicalagricult1188ceyl#1882-01#011
4045	virginian	1	1	00	1906	1906	Virginian	origin of tobacco for blending	vol027_tropicalagricul271906ceyl#1906-09#015
4046	virginian tobacco planters	1	1	80	1881	1881	Virginian tobacco planters		vol001_tropicalagricult1188ceyl#1881-12#050
4047	visayo	1	1	20	1921	1921	Visayo	dialect	vol047_lbg-630-5-tag-v-47#1921-07#008
4048	viscondes de s. clement	1	1	80	1885	1885	Viscondes de S. Clement	owners of fazendas	vol005_tropicalagricult18851886colo#1885-10#034
4049	vishnuites	1	1	10	1915	1915	Vishnuites		vol045_lbg-630-5-tag-v-45#1915-09#045
4050	vollar & h. j. gavin	1	1	90	1899	1899	Messrs. Vollar & H. J. Gavin	purchasers	vol018_tropicalagricult1818ceyl#1899-03#060
4051	vollar and gwatkin	1	1	90	1897	1897	Messrs. Vollar and Gwatkin	tobacco growers	vol016_tropicalagricult1618ceyl#1897-03#106
4052	vollar, von kriegsheim and gibbs	1	1	80	1881	1881	Messrs. Vollar, von Kriegsheim and Gibbs	examiners of results	vol001_tropicalagricult1188ceyl#1881-07#111
4053	volscians	1	1	40	1944	1944	Volscians	native people	vol100_iss01_tropical-agriculturist-january-march-1944-100-1#1944-01/03#007
4054	volunteers	1	1	90	1896	1896	Volunteer	planters	vol016_tropicalagricult1618ceyl#1896-12#056
4055	von donop and callaghan	1	1	80	1885	1885	Messrs. Von Donop and Callaghan	in New Ceylon	vol004_tropicalagricult18841885colo#1885-05#114
4056	voortrekkers	1	1	00	1900	1900	Voortrekkers	settlers, South Africa	vol020_tropicalagricult2019ceyl#1900-09#102
4057	vril	1	1	80	1883	1883	Vril	fictional race	vol003_tropicalagricult18831884colo#1883-07#005
4058	vytians	1	1	80	1888	1888	Vytians	people	vol007_tropicalagricult7188ceyl#1888-03#122
4059	vānis	1	1	90	1897	1897	Vānis	tribe who prepare classes of nuts	vol017_tropicalagricult1718ceyl#1897-11#132
4060	w. b. baring and f. w. bois	1	1	90	1895	1895	Messrs. W. B. Baring and F. W. Bois	shareholders	vol015_tropicalagricult1518ceyl#1895-07#050
4061	w. h. wright and c. driberg	1	1	90	1894	1894	Messrs. W. H. Wright and C. Driberg		vol014_tropicalagricult1418ceyl#1894-09#013
4062	w. j. & h. thompson	1	1	80	1888	1888	Messrs. W. J. & H. Thompson	brokers	vol008_tropicalagricult8188ceyl#1888-08#039
4063	w. stewart taylor, g. w. suhren and m. bremer	1	1	00	1902	1902	Messrs. W. Stewart Taylor, G. W. Suhren and M. Bremer	owners of estate group	vol021_tropicalagricult2119ceyl#1902-03#089
4064	w. taylor and r. collinson	1	1	90	1895	1895	Messrs. W. Taylor and R. Collinson	shareholders	vol015_tropicalagricult1518ceyl#1895-07#050
4065	wa galla	1	1	90	1894	1894	Wa Galla	tribe to the north	vol013_tropicalagricult1318ceyl#1894-06#033
4066	wa-ha-dimu	1	1	00	1900	1900	wa-ha-dimu	small cultivators	vol019_tropicalagricult1918ceyl#1900-01#001
4067	wa-kikuyu	1	1	90	1894	1894	Wa-kikuyu	tribe	vol013_tropicalagricult1318ceyl#1894-06#033
4068	wa-pemba	1	1	90	1898	1898	Wa-pemba	labourers	vol018_tropicalagricult1818ceyl#1898-08#119
4069	wa-teita	1	1	90	1894	1894	Wa-Teita	tribe	vol013_tropicalagricult1318ceyl#1894-05#046
4070	wachaga	1	1	00	1909	1909	Wachaga	labour group	vol033_tropicalagricul331909ceyl#1909-09#004
4071	wadwals	1	1	80	1889	1889	Wadwals	gardeners	vol009_tropicalagricult9188ceyl#1889-08#030
4072	wafykumas	1	1	90	1896	1896	Wafykumas	labourers	vol016_tropicalagricult1618ceyl#1896-12#083
4073	wahabi sect	1	1	00	1903	1903	Wahabi sect	religious group	vol022_tropicalagricult2219ceyl#1903-05#004
4074	wahabis	1	1	90	1896	1896	Wahabis	religious group denying tobacco	vol016_tropicalagricult1618ceyl#1896-07#030
4075	wahadimu	1	1	00	1900	1900	Wahadimu		vol019_tropicalagricult1918ceyl#1900-02#007
4076	wahadinu	1	1	00	1900	1900	Wahadinu	people cultivating chillies	vol020_tropicalagricult2019ceyl#1900-11#172
4077	wahampuriyo	1	1	90	1893	1893	Wahampuriyo	toddy and jaggery-makers	vol012_tropicalagricult1218ceyl#1893-06#180
4078	wahehe	1	1	90	1897	1897	Wahehe	target of expedition	vol016_tropicalagricult1618ceyl#1897-05#045
4079	wahunga	1	1	00	1902	1902	Wahunga	people	vol022_tropicalagricult2219ceyl#1902-12#014
4080	wakara	1	1	30	1938	1938	Wakara	tribes	vol090_iss05_tropical-agriculturist-1938-05-90-5#1938-05#011
4081	wakikuyu	1	1	00	1909	1909	Wakikuyu	labour group	vol033_tropicalagricul331909ceyl#1909-09#004
4082	wakwafi	1	1	90	1894	1894	Wakwafi	people	vol013_tropicalagricult1318ceyl#1894-05#046
4083	walker and rae	1	1	80	1885	1885	Messrs. Walker and Rae	present at trial	vol004_tropicalagricult18841885colo#1885-06#059
4084	walolo	1	1	90	1896	1896	Walolo	labour supply from east of Lake Shirwa	vol016_tropicalagricult1618ceyl#1896-12#092
4085	wamatengo	1	1	30	1938	1938	Wamatengo	tribes	vol090_iss05_tropical-agriculturist-1938-05-90-5#1938-05#011
4086	wanandi	1	1	90	1894	1894	Wanandi	tribe, source of raids	vol013_tropicalagricult1318ceyl#1894-02#077
4087	wankondi	1	1	90	1897	1897	Wankondi	race of people	vol017_tropicalagricult1718ceyl#1897-10#010
4088	wannians	1	1	90	1893	1893	Wannians	people of the Vanni	vol013_tropicalagricult1318ceyl#1893-12#079
4089	wannu	1	1	10	1910	1910	Wannu	natives who grow cotton	vol035_tropicalagricul351910ceyl#1910-11#059
4090	wanyamwesi	1	1	00	1900	1900	Wanyamwesi	labourers	vol020_tropicalagricult2019ceyl#1900-07#133
4091	wanyamwezis	1	1	90	1896	1896	Wanyamwezis	labourers	vol016_tropicalagricult1618ceyl#1896-12#083
4092	wanyanwezi	1	1	00	1909	1909	Wanyanwezi	labour group	vol033_tropicalagricul331909ceyl#1909-09#004
4093	wardlaw and kirsten	1	1	10	1913	1913	Messrs. Wardlaw and Kirsten	owners of the ground	vol040_lbg-630-5-tag-v-40#1913-02#002
4094	warraus	1	1	80	1885	1885	Warraus	people who make hammocks and use leaf-stalks	vol004_tropicalagricult18841885colo#1885-03#119
4095	wasukuma	1	1	00	1901	1901	Wasukuma	preferred labourers	vol020_tropicalagricult2019ceyl#1901-06#095
4096	wataveta	1	1	90	1894	1894	Wataveta	people	vol013_tropicalagricult1318ceyl#1894-05#046
4097	wateita	1	1	90	1894	1894	Wateita	people	vol013_tropicalagricult1318ceyl#1894-05#046
4098	wathaka	1	1	90	1894	1894	Wathaka	tribe	vol013_tropicalagricult1318ceyl#1894-01#042
4099	wazee	1	1	90	1894	1894	Wazee	elders	vol013_tropicalagricult1318ceyl#1894-05#046
4100	we we	1	1	80	1886	1886	We We	group tending bread-fruit trees	vol006_tropicalagricult18861887colo#1886-10#067
4101	wedarala	1	1	80	1885	1885	wedarala	native practitioners	vol004_tropicalagricult18841885colo#1885-05#052
4102	wedarales	1	1	00	1904	1904	Wedarales	religious group	vol023_tropicalagricult2319ceyl#1904-02#148
4103	weinholts	1	1	80	1881	1881	Weinholts	interested in properties in Ceylon	vol001_tropicalagricult1188ceyl#1881-08#062
4104	welsh members of parliament	1	1	90	1895	1895	Welsh M.P.'s	politicians	vol014_tropicalagricult1418ceyl#1895-03#082
4105	welsh tin plate makers	1	1	90	1896	1896	Welsh tin plate makers	trade group	vol015_tropicalagricult1518ceyl#1896-02#152
4106	welshmen	1	1	90	1893	1893	Welshmen		vol013_tropicalagricult1318ceyl#1893-12#094
4107	wesleyan methodist	1	1	90	1894	1894	Wesleyan Methodist	Denomination	vol014_tropicalagricult1418ceyl#1894-12#001
4108	wesleyan missionaries	1	1	90	1890	1890	Wesleyan Missionaries	responsible for the good work	vol009_tropicalagricult9188ceyl#1890-06#129
4109	west australian	1	1	00	1901	1901	West Australian		vol021_tropicalagricult2119ceyl#1901-11#089
4110	west indian colonists	1	1	90	1898	1898	West Indian Colonists	colonists	vol017_tropicalagricult1718ceyl#1898-04#107
4111	west indian communities	1	1	80	1887	1887	West Indian communities		vol006_tropicalagricult18861887colo#1887-05#086
4112	west indian negroes	1	1	90	1898	1898	West Indian negroes	laborers	vol018_tropicalagricult1818ceyl#1898-10#002
4113	west indian sugar planters	1	1	90	1899	1899	West Indian Sugar Planters	sugar planters	vol018_tropicalagricult1818ceyl#1899-02#047
4114	western australians	1	1	00	1908	1908	Western Australians		vol031_tropicalagricul311908ceyl#1908-08#193
4115	western medicine	1	1	90	1895	1895	Western Medicine	medical practice recognizing cinnamon	vol015_tropicalagricult1518ceyl#1895-08#054
4116	western nations	1	1	80	1886	1886	Western nations		vol005_tropicalagricult18851886colo#1886-03#029
4117	westminster assembly of divines	1	1	90	1898	1898	Westminster Assembly of Divines	body that drew up the Catechism	vol017_tropicalagricult1718ceyl#1898-01#049
4118	westmoreland family	1	1	80	1885	1885	Westmoreland family	owners of estates	vol005_tropicalagricult18851886colo#1885-07#003
4119	whig	1	1	90	1892	1892	Whig	political party	vol012_tropicalagricult1218ceyl#1892-07#086
4120	whigs	1	1	90	1892	1892	Whig	political group	vol011_tropicalagricult1118ceyl#1892-06#062
4121	white and cahill	1	1	90	1894	1894	Messrs. White and Cahill	promoters	vol014_tropicalagricult1418ceyl#1894-12#106
4122	white and colored people	1	1	90	1894	1894	white and colored people	to be colonized	vol014_tropicalagricult1418ceyl#1894-08#005
4123	white man	1	1	10	1912	1912	white man		vol038_tropicalagricul381912ceyl#1912-01#029
4124	white men	1	1	00	1902	1902	white men		vol022_tropicalagricult2219ceyl#1902-12#025
4125	white race	1	1	20	1927	1927	white race		vol069_tropical-agriculturist-1927-11-69#1927-11#010
4126	white settlers	1	1	00	1908	1908	white settlers	potential colonists	vol030_tropicalagricul301908ceyl#1908-04#073
4127	whitehouse and hardy	1	1	80	1889	1889	Messrs. Whitehouse and Hardy	cotton experimenters	vol008_tropicalagricult8188ceyl#1889-03#070
4128	whittall, rutherford, storey	1	1	90	1896	1896	Messrs. Whittall, Rutherford, Storey	chiefs who control a large proportion of Ceylon tea estates	vol016_tropicalagricult1618ceyl#1896-07#048
4129	wijayan	1	1	80	1888	1888	Wijayan	conquerors	vol007_tropicalagricult7188ceyl#1888-05#155
4130	wild tribes	1	1	00	1902	1902	wild tribes	felled trees for gutta percha	vol022_tropicalagricult2219ceyl#1902-08#001
4131	willis, carruthers and gardiner	1	1	00	1900	1900	Messrs. Willis, Carruthers and Gardiner	younger scientists	vol020_tropicalagricult2019ceyl#1900-11#032
4132	willis, nock and macmillan	1	1	90	1898	1898	Messrs. Willis, Nock and Macmillan	experts associated with the School of Agriculture curriculum	vol018_tropicalagricult1818ceyl#1898-07#132
4133	windle, marsh, walsh, congreve duncan, watt	1	1	00	1903	1903	Messrs Windle, Marsh, Walsh, Congreve Duncan, Watt	Planters	vol023_tropicalagricult2319ceyl#1903-12#031
4134	wintuns	1	1	90	1896	1896	Wintuns		vol016_tropicalagricult1618ceyl#1896-11#100
4135	wise, field, and aydon	1	1	80	1888	1888	Messrs. Wise, Field, and Aydon	early users of successful liquid fuel jets	vol008_tropicalagricult8188ceyl#1888-07#001
4136	wm. mills	1	1	90	1891	1891	Messrs. Wm. Mills	shareholders	vol010_tropicalagricult1018ceyl#1891-06#009
4137	wodehouse, newington & blatherwick	1	1	80	1882	1882	Messrs. Wodehouse, J. W. Newington, F. F. Blatherwick	purchasers of lands at Tissa	vol002_tropicalagricult18821883colo#1882-09#165
4138	wolfered family	1	1	10	1910	1910	Wolfered	Family possessing the nut	vol034_tropicalagricul341910ceyl#1910-06#020
4139	woliars	1	1	90	1891	1891	Woliars	coolies	vol011_tropicalagricult1118ceyl#1891-09#040
4140	women	1	1	90	1898	1898	Women	labourers	vol017_tropicalagricult1718ceyl#1898-03#091
4141	woodman, tilloch and eds	1	1	90	1895	1895	Messrs. WOODMAN, TILLOCH and EDDS	Auditors	vol015_tropicalagricult1518ceyl#1895-07#053
4142	woodman, tulloch and edds	1	1	00	1903	1903	Messrs. Woodman, Tulloch and Edds	Auditors	vol023_tropicalagricult2319ceyl#1903-12#076
4143	woodman, tulloch, and edds	1	1	90	1897	1897	Messrs. Woodman, Tulloch, and Edds	auditors	vol017_tropicalagricult1718ceyl#1897-08#073
4144	working classes	1	1	90	1894	1894	working classes	target audience for lectures	vol014_tropicalagricult1418ceyl#1894-10#130
4145	worms and sabonadiere	1	1	00	1903	1903	Messrs. Worms and Sabonadiere	builders at Fussellawa	vol022_tropicalagricult2219ceyl#1903-04#073
4146	wuddis	1	1	00	1908	1908	Wuddis	low class of people	vol031_tropicalagricul311908ceyl#1908-09#021
4147	wynaad planters	1	1	00	1906	1906	Wynaad Planters	group of planters	vol026_tropicalagricul261906ceyl#1906-05#038
4148	wyse	1	1	90	1898	1898	Messrs. Wyse	purchasers of Holbrook	vol017_tropicalagricult1718ceyl#1898-05#045
4149	ya	1	1	00	1901	1901	Ya	tribe supplying skilled labour	vol020_tropicalagricult2019ceyl#1901-05#119
4150	yakhas	1	1	90	1892	1892	Yakhhos	devils	vol011_tropicalagricult1118ceyl#1892-02#160
4151	yakhos	1	1	80	1888	1888	Yakhos	ancient name for Sinhalese	vol008_tropicalagricult8188ceyl#1888-12#106
4152	yakkas	1	1	80	1888	1888	Yakkas	alleged architects	vol008_tropicalagricult8188ceyl#1888-10#001
4153	yakoons	1	1	80	1881	1881	Yakoons	workers clearing jungle	vol001_tropicalagricult1188ceyl#1881-12#014
4154	yankee collectors	1	1	00	1903	1903	Yankee collectors	Collectors of rubber	vol023_tropicalagricult2319ceyl#1903-07#069
4155	yankee soldiers	1	1	80	1885	1885	Yankee soldiers	soldiers who created demand for peanuts	vol004_tropicalagricult18841885colo#1885-01#119
4156	yellow race	1	1	80	1888	1888	Yellow Race		vol007_tropicalagricult7188ceyl#1888-04#104
4157	yellow races	1	1	00	1900	1900	Yellow Races		vol019_tropicalagricult1918ceyl#1900-03#109
4158	yellow riband army	1	1	80	1883	1883	Yellow Riband Army		vol002_tropicalagricult18821883colo#1883-04#143
4159	yemenites	1	1	00	1902	1902	Yemenites		vol021_tropicalagricult2119ceyl#1902-05#029
4160	yeomanry cavalry	1	1	90	1898	1898	Yeomanry Cavalry	military unit	vol017_tropicalagricult1718ceyl#1898-04#002
4161	yoga	1	1	90	1899	1899	yoga	system of philosophy	vol018_tropicalagricult1818ceyl#1899-06#158
4162	yorkshireman	1	1	80	1883	1883	Yorkshireman	nationality/region	vol003_tropicalagricult18831884colo#1883-07#095
4163	yorubas	1	1	00	1901	1901	Yorubas		vol021_tropicalagricult2119ceyl#1901-11#025
4164	young and hawkes	1	1	90	1895	1895	Messrs. Young and Hawkes		vol014_tropicalagricult1418ceyl#1895-05#001
4165	young, welsh, waddell and logan	1	1	90	1891	1891	Messrs. Young, Welsh, Waddell and Logan	exhibitors from Clarendon	vol010_tropicalagricult1018ceyl#1891-05#064
4166	yularoes	1	1	90	1893	1893	yularoes	rubber hunters	vol013_tropicalagricult1318ceyl#1893-11#083
4167	yuma	1	1	90	1896	1896	Yuma	tribes	vol016_tropicalagricult1618ceyl#1896-11#100
4168	yunani	1	1	00	1908	1908	Yunani		vol030_tropicalagricul301908ceyl#1908-02#019
4169	zafirambo	1	1	80	1882	1882	Zafirambo	chiefs	vol002_tropicalagricult18821883colo#1882-09#066
4170	zaian	1	1	40	1940	1940	Zaian	cattle breeders	vol095_iss02_tropical-agriculturist-1940-08-95-2#1940-08#007
4171	zanzibari	1	1	90	1895	1895	Zanzibari	policemen	vol015_tropicalagricult1518ceyl#1895-11#031
4172	zemindar	1	1	00	1900	1900	zemindar	landowner	vol020_tropicalagricult2019ceyl#1900-12#019
4173	zemindars of behar	1	1	90	1891	1891	zemindars of Behar	sponsors of the paper manufactory	vol010_tropicalagricult1018ceyl#1891-05#019
4174	zemindary	1	1	80	1882	1882	Zemindary	villages/tenants	vol001_tropicalagricult1188ceyl#1882-06#029
4175	zingalas	1	1	90	1891	1891	Zingalas	principal people of the Island	vol010_tropicalagricult1018ceyl#1891-02#043
4176	zuni	1	1	10	1914	1914	Zuni	Indians of New Mexico and Arizona	vol043_lbg-tropicalagricultvol-xliii0000unse-c5y3#1914-07#042
4177	zuni indians	1	1	90	1890	1890	Zuni Indians	indigenous group	vol010_tropicalagricult1018ceyl#1890-11#031
