tag	page	reason	action	source	words	note
vol001_tropicalagricult1188ceyl	1	faded	KEEP_MINOR	old	5	old:ok:5w E:ok:5w J:ok:5w K:ok:5w tess:0/0
vol001_tropicalagricult1188ceyl	1114	faded	KEEP_BLANK	old	0	old:ok:0w E:ok:0w J:ok:0w K:ok:0w tess:0/0
vol001_tropicalagricult1188ceyl	1116	faded	KEEP_BLANK	old	0	old:ok:0w E:ok:0w J:ok:0w K:ok:0w tess:0/0
vol001_tropicalagricult1188ceyl	2	faded	KEEP_BLANK	old	0	old:ok:0w E:ok:0w J:ok:0w K:ok:0w tess:0/0
vol001_tropicalagricult1188ceyl	3	faded	KEEP_BLANK	old	0	old:ok:0w E:ok:0w J:ok:0w K:ok:0w tess:0/0
vol001_tropicalagricult1188ceyl	5	faded	ACCEPT	r2J/J_001:5	89	old:ok:89w E:ok:95w J:ok:89w K:ok:89w tess:38/10 recall=0.96
vol001_tropicalagricult1188ceyl	556	faded	ACCEPT	r2J/J_001:6	1585	old:ok:1586w E:ok:1587w E:ok:1588w J:ok:1585w K:ok:1585w tess:858/180 recall=0.98
vol001_tropicalagricult1188ceyl	6	faded	ACCEPT	r2J/J_001:7	104	old:ok:107w E:ok:107w J:ok:104w K:ok:104w tess:56/12 recall=0.95
vol001_tropicalagricult1188ceyl	7	faded	FAINT	old-images-only	0	old:ok:152w E:ok:81w J:ok:99w K:ok:90w tess:0/1
vol002_tropicalagricult18821883colo	0	faded	KEEP_MINOR	old	3	old:ok:3w E:ok:3w J:ok:3w K:ok:3w tess:0/0
vol002_tropicalagricult18821883colo	1028	faded	KEEP_BLANK	old	0	old:ok:0w E:ok:0w J:ok:0w K:ok:0w tess:0/0
vol002_tropicalagricult18821883colo	1030	faded	KEEP_MINOR	old	9	old:ok:9w E:ok:4w J:ok:9w K:ok:9w tess:0/0
vol002_tropicalagricult18821883colo	18	faded	KEEP_BLANK	old	0	old:ok:0w E:ok:0w J:ok:0w K:ok:0w tess:0/0
vol002_tropicalagricult18821883colo	19	faded	KEEP_BLANK	old	0	old:ok:0w E:ok:0w J:ok:0w K:ok:0w tess:0/0
vol002_tropicalagricult18821883colo	2	faded	KEEP_BLANK	old	0	old:ok:0w E:ok:0w J:ok:0w K:ok:0w tess:0/0
vol002_tropicalagricult18821883colo	3	faded	KEEP_BLANK	old	0	old:ok:0w E:ok:0w J:ok:0w K:ok:0w tess:0/0
vol002_tropicalagricult18821883colo	5	faded	FAINT	old-images-only	0	old:ok:195w E:ok:285w J:ok:217w K:ok:348w H:ok:111w M:LOOP:5371w Q:ok:191w tess:1/0
vol002_tropicalagricult18821883colo	550	capped	ACCEPT_CAP	r1O/O_001:0	2161	old:LOOP:5064w O:ok:2161w tess:826/194 recall=0.91
vol002_tropicalagricult18821883colo	7	faded	FAINT	old-images-only	0	old:ok:50w E:ok:96w J:ok:226w K:ok:71w H:ok:63w M:ok:144w Q:ok:143w tess:0/0
vol002_tropicalagricult18821883colo	805	capped	ACCEPT_CAP	r1O/O_001:1	2113	old:LOOP:4093w O:ok:2113w tess:651/145 recall=0.97
vol003_tropicalagricult18831884colo	110	faded	ACCEPT	r2J/J_001:18	1513	old:ok:1251w E:ok:1251w J:ok:1513w K:ok:1514w tess:897/187 recall=0.97
vol003_tropicalagricult18831884colo	113	faded	ACCEPT	r2J/J_001:19	1598	old:ok:937w E:ok:937w J:ok:1598w K:ok:1598w tess:1020/204 recall=0.96
vol003_tropicalagricult18831884colo	17	faded	SHOWTHROUGH	tess-mirror:47/10/rot2	0	old:ok:0w E:ok:0w J:ok:133w K:ok:1725w tess:10/47
vol003_tropicalagricult18831884colo	174	capped	ACCEPT_CAP	r1O/O_001:2	1457	old:LOOP:10367w O:ok:1457w tess:896/178 recall=0.88
vol003_tropicalagricult18831884colo	268	capped	ACCEPT_CAP	r1O/O_001:3	1311	old:LOOP:11706w O:ok:1311w tess:842/198 recall=0.81
vol003_tropicalagricult18831884colo	312	capped+repeat	ACCEPT_CAP	r1O/O_001:4	1595	old:LOOP:13121w O:ok:1595w tess:986/214 recall=0.95
vol003_tropicalagricult18831884colo	369	capped+repeat	ACCEPT_CAP	r4H/H_001:0+1	1478	old:LOOP:8464w O:ok:1389w H:ok:1478w tess:841/118 recall=0.95
vol003_tropicalagricult18831884colo	406	capped	ACCEPT_CAP	r2H/H_001:0+1	1263	old:LOOP:10312w O:LOOP:18917w O:LOOP:18917w H:ok:1263w tess:758/175 recall=0.96
vol003_tropicalagricult18831884colo	429	capped	ACCEPT_CAP	r1O/O_001:7	1280	old:LOOP:11888w O:ok:1280w tess:847/204 recall=0.82
vol003_tropicalagricult18831884colo	476	faded	ACCEPT	r2J/J_001:21	1646	old:ok:1251w E:ok:1260w J:ok:1646w K:ok:1646w tess:994/195 recall=0.94
vol003_tropicalagricult18831884colo	477	capped+repeat	ACCEPT_CAP	r4H/H_001:2+3	1204	old:LOOP:2413w O:ok:760w H:ok:1204w tess:679/124 recall=0.93
vol003_tropicalagricult18831884colo	478	capped	ACCEPT_CAP	r1O/O_001:9	1277	old:LOOP:9875w O:ok:1277w tess:817/173 recall=0.77
vol003_tropicalagricult18831884colo	491	capped	ACCEPT_CAP	r1O/O_001:10	898	old:LOOP:12325w O:ok:898w tess:653/114 recall=0.73
vol003_tropicalagricult18831884colo	5	faded	FAINT	old-images-only	0	old:ok:16w E:ok:43w J:ok:34w K:ok:54w tess:2/0
vol003_tropicalagricult18831884colo	558	capped+repeat	ACCEPT_CAP	pilot/O_001:4	1194	old:LOOP:12706w O:ok:1194w O:ok:1390w tess:955/239 recall=0.77
vol003_tropicalagricult18831884colo	559	capped	ACCEPT_CAP	r2H/H_001:2+3	1358	old:LOOP:13566w O:LOOP:28641w H:ok:1358w tess:797/166 recall=0.95
vol003_tropicalagricult18831884colo	7	faded	FAINT	old-images-only	0	old:ok:163w E:ok:254w J:ok:333w K:ok:291w tess:2/9
vol003_tropicalagricult18831884colo	743	faded	ACCEPT	r2J/J_001:24	1555	old:ok:1079w E:ok:1079w E:ok:1079w J:ok:1555w K:ok:1549w tess:893/191 recall=0.96
vol003_tropicalagricult18831884colo	78	capped	ACCEPT_CAP	r2H/H_001:4+5	1410	old:LOOP:12059w O:LOOP:24225w H:ok:1410w tess:878/227 recall=0.96
vol004_tropicalagricult18841885colo	167	capped	ACCEPT_CAP	r1O/O_001:14	1158	old:LOOP:1939w O:ok:1158w tess:225/62 recall=0.93
vol004_tropicalagricult18841885colo	17	faded	KEEP_BLANK	old	0	old:ok:0w E:ok:0w J:ok:0w K:ok:0w tess:0/0
vol004_tropicalagricult18841885colo	2	faded	KEEP_MINOR	old	9	old:ok:9w E:ok:9w J:ok:9w K:ok:9w tess:0/0
vol004_tropicalagricult18841885colo	399	capped	ACCEPT_CAP	r1O/O_001:15	1159	old:LOOP:1262w O:ok:1159w tess:34/11 recall=1.00
vol004_tropicalagricult18841885colo	5	faded	FAINT	old-images-only	0	old:ok:25w E:ok:43w J:ok:46w K:ok:22w tess:0/0
vol004_tropicalagricult18841885colo	7	faded	FAINT	old-images-only	0	old:ok:38w E:ok:66w J:ok:93w K:ok:24w H:ok:4w M:LOOP:14010w Q:ok:174w tess:0/0
vol004_tropicalagricult18841885colo	970	faded	KEEP_BLANK	old	0	old:ok:0w E:ok:0w J:ok:0w K:ok:0w tess:0/0
vol004_tropicalagricult18841885colo	973	faded	KEEP_BLANK	old	0	old:ok:0w E:ok:0w J:ok:0w K:ok:0w tess:0/0
vol005_tropicalagricult18851886colo	0	faded	KEEP_BLANK	old	0	old:ok:0w E:ok:0w J:ok:0w K:ok:0w tess:0/0
vol005_tropicalagricult18851886colo	2	faded	KEEP_BLANK	old	0	old:ok:0w E:ok:0w J:ok:0w K:ok:0w tess:0/0
vol005_tropicalagricult18851886colo	3	faded	KEEP_BLANK	old	0	old:ok:0w E:ok:0w J:ok:0w K:ok:0w tess:0/0
vol005_tropicalagricult18851886colo	323	capped	ACCEPT_CAP	r4H/H_001:4+5	1355	old:LOOP:266w O:ok:1067w H:ok:1355w tess:341/48 recall=0.90
vol005_tropicalagricult18851886colo	382	faded	ACCEPT	r2J/J_001:34	1319	old:ok:875w E:ok:818w J:ok:1319w K:ok:1319w tess:791/113 recall=0.94
vol005_tropicalagricult18851886colo	392	faded	ACCEPT	r2J/J_001:35	1297	old:ok:1311w E:ok:1293w J:ok:1297w K:ok:1297w tess:739/152 recall=0.98
vol005_tropicalagricult18851886colo	404	capped+faded	ACCEPT	r2J/J_001:36	1330	old:LOOP:11171w E:ok:1075w O:LOOP:25183w H:ok:1330w J:ok:1330w K:ok:1330w tess:813/142 recall=0.96
vol005_tropicalagricult18851886colo	408	faded	ACCEPT	r2J/J_001:37	1497	old:ok:1515w E:ok:1415w J:ok:1497w K:ok:1497w tess:891/182 recall=0.98
vol005_tropicalagricult18851886colo	414	faded	ACCEPT	r2J/J_001:38	1344	old:ok:1319w E:ok:1350w J:ok:1344w K:ok:1344w tess:860/174 recall=0.97
vol005_tropicalagricult18851886colo	428	faded	ACCEPT	r2J/J_001:39	1450	old:ok:897w E:ok:864w J:ok:1450w K:ok:1450w tess:893/183 recall=0.96
vol005_tropicalagricult18851886colo	432	faded	ACCEPT	r2J/J_001:40	1457	old:ok:998w E:ok:782w J:ok:1457w K:ok:1458w tess:885/178 recall=0.97
vol005_tropicalagricult18851886colo	436	faded	ACCEPT	r2J/J_001:41	1406	old:ok:1060w E:ok:1067w J:ok:1406w K:ok:1406w tess:883/188 recall=0.98
vol005_tropicalagricult18851886colo	440	faded	ACCEPT	r2J/J_001:42	1285	old:ok:534w E:ok:587w J:ok:1285w K:ok:1285w tess:766/163 recall=0.96
vol005_tropicalagricult18851886colo	442	faded	ACCEPT	r2J/J_001:43	1378	old:ok:825w E:ok:811w J:ok:1378w K:ok:1378w tess:795/144 recall=0.96
vol005_tropicalagricult18851886colo	444	faded	ACCEPT	r2J/J_001:44	1366	old:ok:639w E:ok:4724w J:ok:1366w K:ok:1366w tess:782/126 recall=0.92
vol005_tropicalagricult18851886colo	448	faded	ACCEPT	r2J/J_001:45	1129	old:ok:1193w E:ok:1215w J:ok:1129w K:ok:1130w tess:656/90 recall=0.96
vol005_tropicalagricult18851886colo	450	capped+repeat	ACCEPT_CAP	r4H/H_001:6+7	1415	old:LOOP:14641w O:LOOP:29993w O:ok:1648w H:ok:1415w tess:880/176 recall=0.94
vol005_tropicalagricult18851886colo	498	capped	ACCEPT_CAP	r1O/O_001:19	1369	old:LOOP:13171w O:ok:1369w tess:874/183 recall=0.79
vol005_tropicalagricult18851886colo	5	faded	FAINT	old-images-only	0	old:ok:15w E:ok:44w J:ok:42w K:ok:44w tess:0/1
vol005_tropicalagricult18851886colo	7	faded	SHOWTHROUGH	tess-mirror:25/3/rot0	0	old:ok:308w E:ok:258w J:ok:399w K:ok:402w tess:3/25
vol005_tropicalagricult18851886colo	903	faded	KEEP_BLANK	old	0	old:ok:0w E:ok:0w J:ok:0w K:ok:0w tess:0/0
vol006_tropicalagricult18861887colo	3	faded	FAINT	old-images-only	0	old:ok:65w E:ok:571w J:ok:62w K:ok:306w tess:1/14
vol006_tropicalagricult18861887colo	5	faded	SHOWTHROUGH	tess-mirror:101/6/rot5	0	old:ok:471w E:ok:546w J:ok:475w K:ok:475w tess:6/101
vol007_tropicalagricult7188ceyl	0	faded	KEEP_MINOR	old	3	old:ok:3w E:ok:3w J:ok:3w K:ok:3w tess:0/0
vol007_tropicalagricult7188ceyl	1	faded	KEEP_MINOR	old	3	old:ok:3w E:ok:3w J:ok:3w K:ok:3w tess:0/0
vol007_tropicalagricult7188ceyl	1002	faded	KEEP_BLANK	old	0	old:ok:0w E:ok:0w J:ok:0w K:ok:0w tess:0/0
vol007_tropicalagricult7188ceyl	1004	faded	KEEP_BLANK	old	0	old:ok:0w E:ok:0w J:ok:0w K:ok:0w tess:0/0
vol007_tropicalagricult7188ceyl	13	repeat+faded	FAINT	old-images-only	0	old:LOOP:29w E:LOOP:29w E:LOOP:29w J:ok:81w K:ok:289w tess:2/0
vol007_tropicalagricult7188ceyl	15	faded	SHOWTHROUGH	tess-mirror:81/5/rot2	0	old:ok:21w E:LOOP:2436w J:ok:477w K:ok:477w tess:5/81
vol007_tropicalagricult7188ceyl	27	faded	KEEP_MINOR	old	0	old:ok:0w E:ok:0w J:LOOP:142w K:LOOP:3512w tess:0/4
vol008_tropicalagricult8188ceyl	1	faded	KEEP_MINOR	old	5	old:ok:5w E:ok:5w J:ok:5w K:ok:5w tess:0/0
vol008_tropicalagricult8188ceyl	11	faded	FAINT	old-images-only	0	old:ok:9w E:ok:9w J:ok:196w K:ok:67w tess:3/0
vol008_tropicalagricult8188ceyl	1117	faded	FAINT	old-images-only	0	old:ok:66w E:ok:66w J:ok:66w K:ok:66w tess:9/2
vol008_tropicalagricult8188ceyl	1158	faded	KEEP_MINOR	old	3	old:ok:3w E:ok:3w J:ok:3w K:ok:3w tess:0/0
vol008_tropicalagricult8188ceyl	1160	faded	KEEP_BLANK	old	0	old:ok:0w E:ok:0w J:ok:0w K:ok:0w tess:0/0
vol008_tropicalagricult8188ceyl	13	faded	FAINT	old-images-only	0	old:ok:0w E:ok:1w J:ok:479w K:ok:469w tess:0/0
vol008_tropicalagricult8188ceyl	2	faded	KEEP_BLANK	old	0	old:ok:0w E:ok:0w J:ok:0w K:ok:0w tess:0/0
vol008_tropicalagricult8188ceyl	316	capped	ACCEPT_CAP	pilot/O_001:6	1146	old:LOOP:2180w O:ok:1146w O:ok:1112w tess:12/24 unverified
vol008_tropicalagricult8188ceyl	424	capped	ACCEPT_CAP	r1O/O_001:21	1052	old:LOOP:923w O:ok:1052w tess:425/67 recall=0.94
vol008_tropicalagricult8188ceyl	783	faded	FAINT	old-images-only	0	old:ok:0w E:ok:0w J:LOOP:1769w K:ok:71w tess:0/0
vol009_tropicalagricult9188ceyl	1	faded	KEEP_MINOR	old	5	old:ok:5w E:ok:5w J:ok:5w K:ok:5w tess:0/0
vol009_tropicalagricult9188ceyl	1016	faded	KEEP_BLANK	old	0	old:ok:0w E:ok:0w J:ok:0w K:ok:0w tess:0/0
vol009_tropicalagricult9188ceyl	1017	faded	KEEP_BLANK	old	0	old:ok:0w E:ok:0w J:ok:0w K:ok:0w tess:0/0
vol009_tropicalagricult9188ceyl	1018	faded	KEEP_BLANK	old	0	old:ok:0w E:ok:0w J:ok:0w K:ok:0w tess:0/0
vol009_tropicalagricult9188ceyl	2	faded	KEEP_BLANK	old	0	old:ok:0w E:ok:0w J:ok:0w K:ok:0w tess:0/0
vol009_tropicalagricult9188ceyl	21	faded	FAINT	old-images-only	0	old:ok:70w E:ok:89w J:ok:1195w K:LOOP:5966w tess:1/9
vol009_tropicalagricult9188ceyl	23	faded	SHOWTHROUGH	tess-mirror:41/3/rot2	0	old:ok:3w E:ok:248w J:ok:371w K:ok:378w tess:3/41
vol009_tropicalagricult9188ceyl	261	faded	FAINT	old-images-only	0	old:ok:0w E:ok:0w J:ok:150w K:LOOP:12644w tess:0/6
vol009_tropicalagricult9188ceyl	39	faded	FAINT	old-images-only	0	old:ok:0w E:ok:0w J:ok:25w K:LOOP:1765w tess:1/0
vol009_tropicalagricult9188ceyl	703	faded	FAINT	old-images-only	0	old:ok:0w E:ok:0w E:ok:0w J:ok:379w K:ok:386w tess:0/0
vol010_tropicalagricult1018ceyl	1	faded	KEEP_MINOR	old	4	old:ok:4w E:ok:5w J:ok:4w K:ok:4w tess:0/0
vol010_tropicalagricult1018ceyl	1066	faded	KEEP_BLANK	old	0	old:ok:0w E:ok:0w J:ok:0w K:ok:0w tess:0/0
vol010_tropicalagricult1018ceyl	1067	faded	FAINT	old-images-only	0	old:ok:11w E:ok:0w J:ok:0w K:ok:0w tess:0/0
vol010_tropicalagricult1018ceyl	183	capped	ACCEPT_CAP	r1O/O_001:22	1364	old:LOOP:5213w O:ok:1364w tess:340/79 recall=0.92
vol010_tropicalagricult1018ceyl	193	faded	FAINT	old-images-only	0	old:ok:0w E:ok:0w J:LOOP:181w K:ok:750w tess:0/0
vol010_tropicalagricult1018ceyl	2	faded	KEEP_BLANK	old	0	old:ok:0w E:ok:0w J:ok:0w K:ok:0w tess:0/0
vol010_tropicalagricult1018ceyl	21	repeat+faded	FAINT	old-images-only	0	old:LOOP:14w E:ok:0w E:ok:0w J:ok:1191w K:LOOP:5612w H:ok:993w M:ok:499w Q:ok:371w tess:1/1
vol010_tropicalagricult1018ceyl	23	faded	FAINT	old-images-only	0	old:ok:17w E:ok:9w J:ok:432w K:ok:465w tess:0/5
vol010_tropicalagricult1018ceyl	39	faded	FAINT	old-images-only	0	old:ok:0w E:ok:0w J:ok:209w K:ok:1189w tess:0/0
vol010_tropicalagricult1018ceyl	583	repeat+faded	SHOWTHROUGH	tess-mirror:28/0/rot1	0	old:LOOP:57w E:ok:66w E:LOOP:61w J:ok:1023w K:ok:1015w tess:0/28
vol010_tropicalagricult1018ceyl	627	capped	ACCEPT_CAP	r2H/H_001:8+9	1314	old:LOOP:3165w O:LOOP:5840w H:ok:1314w tess:564/134 recall=0.93
vol010_tropicalagricult1018ceyl	637	faded	ACCEPT	r2J/J_001:85	107	old:ok:107w E:ok:109w E:ok:109w J:ok:107w K:ok:107w tess:51/11 recall=0.79
vol010_tropicalagricult1018ceyl	657	repeat+faded	FAINT	old-images-only	0	old:LOOP:140w E:ok:38w E:ok:40w J:ok:992w K:ok:976w tess:0/0
vol010_tropicalagricult1018ceyl	729	faded	FAINT	old-images-only	0	old:ok:0w E:ok:0w J:ok:127w K:ok:141w tess:0/0
vol010_tropicalagricult1018ceyl	937	faded	FAINT	old-images-only	0	old:ok:123w E:ok:24w J:ok:465w K:ok:333w tess:0/4
vol011_tropicalagricult1118ceyl	1	faded	KEEP_MINOR	old	3	old:ok:3w E:ok:3w J:ok:3w K:ok:3w tess:0/0
vol011_tropicalagricult1118ceyl	1010	faded	KEEP_BLANK	old	0	old:ok:0w E:ok:0w J:ok:0w K:ok:0w tess:0/0
vol011_tropicalagricult1118ceyl	1011	faded	FAINT	old-images-only	0	old:ok:0w E:ok:0w J:ok:21w K:ok:0w tess:0/0
vol011_tropicalagricult1118ceyl	1025	faded	KEEP_BLANK	old	0	old:ok:0w E:ok:0w E:ok:0w J:ok:0w K:ok:0w tess:0/0
vol011_tropicalagricult1118ceyl	1043	faded	FAINT	old-images-only	0	old:ok:0w E:ok:0w J:ok:195w K:ok:0w tess:0/0
vol011_tropicalagricult1118ceyl	107	faded	FAINT	old-images-only	0	old:ok:7w E:ok:4w J:ok:85w K:ok:84w tess:0/4
vol011_tropicalagricult1118ceyl	1230	faded	KEEP_BLANK	old	0	old:ok:0w E:ok:0w J:ok:0w K:ok:0w tess:0/0
vol011_tropicalagricult1118ceyl	179	faded	FAINT	old-images-only	0	old:ok:0w E:ok:0w J:ok:213w K:ok:214w tess:0/0
vol011_tropicalagricult1118ceyl	243	faded	FAINT	old-images-only	0	old:ok:39w E:LOOP:30w J:ok:422w K:ok:420w tess:2/7
vol011_tropicalagricult1118ceyl	315	faded	FAINT	old-images-only	0	old:ok:0w E:ok:0w J:ok:83w K:LOOP:11346w tess:0/0
vol011_tropicalagricult1118ceyl	5	faded	FAINT	old-images-only	0	old:ok:663w E:LOOP:11566w E:LOOP:5719w J:ok:121w K:ok:243w tess:0/1
vol011_tropicalagricult1118ceyl	627	faded	FAINT	old-images-only	0	old:ok:82w E:ok:10w J:ok:606w K:ok:564w tess:0/0
vol011_tropicalagricult1118ceyl	7	faded	SHOWTHROUGH	tess-mirror:31/5/rot2	0	old:ok:430w E:ok:433w J:ok:430w K:ok:433w tess:5/31
vol011_tropicalagricult1118ceyl	715	faded	FAINT	old-images-only	0	old:ok:4w E:ok:2w J:ok:315w K:ok:324w tess:1/2
vol011_tropicalagricult1118ceyl	748	capped	ACCEPT_CAP	r1O/O_001:24	1251	old:LOOP:2881w O:ok:1251w tess:410/80 recall=0.96
vol011_tropicalagricult1118ceyl	875	faded	FAINT	old-images-only	0	old:ok:0w E:ok:0w J:ok:1095w K:ok:30w tess:2/1
vol012_tropicalagricult1218ceyl	0	faded	KEEP_MINOR	old	3	old:ok:3w E:ok:3w J:ok:3w K:ok:3w tess:0/0
vol012_tropicalagricult1218ceyl	1	faded	KEEP_MINOR	old	3	old:ok:3w E:ok:2w J:ok:5w K:ok:8w tess:0/0
vol012_tropicalagricult1218ceyl	1049	faded	FAINT	old-images-only	0	old:ok:0w E:ok:0w J:ok:1475w K:ok:174w tess:0/0
vol012_tropicalagricult1218ceyl	105	faded	FAINT	old-images-only	0	old:ok:158w E:ok:186w J:ok:223w K:ok:803w tess:0/10
vol012_tropicalagricult1218ceyl	1079	faded	FAINT	old-images-only	0	old:ok:0w E:ok:0w J:ok:55w K:ok:61w tess:0/0
vol012_tropicalagricult1218ceyl	1103	faded	FAINT	old-images-only	0	old:ok:0w E:ok:0w J:ok:85w K:ok:64w tess:0/0
vol012_tropicalagricult1218ceyl	1131	faded	KEEP_BLANK	old	0	old:ok:0w E:ok:0w J:ok:0w K:ok:0w tess:0/0
vol012_tropicalagricult1218ceyl	1139	faded	KEEP_MINOR	old	0	old:ok:0w E:ok:0w J:ok:5w K:ok:5w tess:0/0
vol012_tropicalagricult1218ceyl	1151	faded	FAINT	old-images-only	0	old:ok:0w E:ok:0w J:ok:5w K:ok:416w tess:0/0
vol012_tropicalagricult1218ceyl	1159	faded	FAINT	old-images-only	0	old:ok:0w E:ok:0w J:ok:78w K:ok:0w tess:0/0
vol012_tropicalagricult1218ceyl	1189	faded	FAINT	old-images-only	0	old:ok:0w E:ok:0w J:LOOP:2323w K:ok:74w tess:0/0
vol012_tropicalagricult1218ceyl	1197	faded	KEEP_BLANK	old	0	old:ok:0w E:ok:0w J:ok:0w K:ok:0w tess:0/0
vol012_tropicalagricult1218ceyl	1211	faded	KEEP_BLANK	old	0	old:ok:0w E:ok:0w J:ok:0w K:ok:0w tess:0/0
vol012_tropicalagricult1218ceyl	1225	faded	KEEP_BLANK	old	0	old:ok:0w E:ok:0w J:ok:0w K:ok:0w tess:0/0
vol012_tropicalagricult1218ceyl	1269	faded	FAINT	old-images-only	0	old:ok:0w E:ok:0w J:ok:220w K:ok:341w tess:0/1
vol012_tropicalagricult1218ceyl	1277	faded	FAINT	old-images-only	0	old:ok:0w E:ok:0w J:ok:45w K:ok:1299w tess:0/0
vol012_tropicalagricult1218ceyl	1293	faded	KEEP_MINOR	old	0	old:ok:0w E:ok:0w J:ok:4w K:ok:4w tess:0/0
vol012_tropicalagricult1218ceyl	1299	faded	KEEP_MINOR	old	0	old:ok:0w E:ok:0w J:ok:5w K:ok:5w tess:0/0
vol012_tropicalagricult1218ceyl	13	repeat+faded	FAINT	old-images-only	0	old:LOOP:8w E:LOOP:43w E:LOOP:28w J:ok:159w K:ok:149w tess:1/3
vol012_tropicalagricult1218ceyl	1310	capped	ACCEPT_CAP	r1O/O_001:25	6062	old:LOOP:2719w O:ok:6062w tess:1107/128 recall=0.76
vol012_tropicalagricult1218ceyl	1311	capped	ACCEPT_CAP	r4H/H_001:8+9	8225	old:LOOP:4195w O:ok:3848w H:ok:8225w tess:379/64 recall=0.74
vol012_tropicalagricult1218ceyl	1344	faded	KEEP_BLANK	old	0	old:ok:0w E:ok:0w J:ok:0w K:ok:0w tess:0/0
vol012_tropicalagricult1218ceyl	1345	faded	KEEP_BLANK	old	0	old:ok:0w E:ok:0w J:ok:0w K:ok:0w tess:0/0
vol012_tropicalagricult1218ceyl	1346	faded	KEEP_BLANK	old	0	old:ok:0w E:ok:0w J:ok:0w K:ok:0w tess:0/0
vol012_tropicalagricult1218ceyl	147	capped	ACCEPT_CAP	r2H/H_001:10+11	949	old:LOOP:2101w O:LOOP:9593w H:ok:949w tess:491/116 recall=0.95
vol012_tropicalagricult1218ceyl	15	faded	SHOWTHROUGH	tess-mirror:91/13/rot2	0	old:ok:213w E:LOOP:81w E:LOOP:81w J:ok:467w K:ok:467w tess:13/91
vol012_tropicalagricult1218ceyl	2	faded	KEEP_BLANK	old	0	old:ok:0w E:ok:0w J:ok:0w K:ok:0w tess:0/0
vol012_tropicalagricult1218ceyl	3	faded	KEEP_BLANK	old	0	old:ok:0w E:ok:0w J:ok:0w K:ok:0w tess:0/0
vol012_tropicalagricult1218ceyl	821	capped	UNRESOLVED		0	old:LOOP:2060w O:ok:58w tess:334/111 best-recall=0.02
vol012_tropicalagricult1218ceyl	829	faded	FAINT	old-images-only	0	old:ok:0w E:ok:0w J:ok:217w K:ok:128w tess:0/0
vol012_tropicalagricult1218ceyl	837	repeat+faded	FAINT	old-images-only	0	old:LOOP:67w E:ok:330w E:ok:705w J:ok:545w K:ok:521w tess:1/12
vol012_tropicalagricult1218ceyl	876	faded	FAINT	old-images-only	0	old:ok:0w E:ok:0w J:ok:74w K:ok:60w tess:0/0
vol012_tropicalagricult1218ceyl	877	faded	FAINT	old-images-only	0	old:ok:0w E:ok:0w J:ok:856w K:ok:281w tess:0/0
vol012_tropicalagricult1218ceyl	885	faded	FAINT	old-images-only	0	old:ok:0w E:ok:0w J:ok:331w K:ok:325w tess:0/4
vol013_tropicalagricult1318ceyl	0	faded	KEEP_MINOR	old	3	old:ok:3w E:ok:3w J:ok:3w K:ok:3w tess:0/0
vol013_tropicalagricult1318ceyl	1	faded	FAINT	old-images-only	0	old:ok:3w E:ok:16w J:ok:3w K:ok:5w tess:0/0
vol013_tropicalagricult1318ceyl	1067	faded	FAINT	old-images-only	0	old:ok:33w E:ok:1012w J:ok:72w K:ok:69w tess:2/0
vol013_tropicalagricult1318ceyl	1072	capped	UNRESOLVED		0	old:LOOP:10970w O:LOOP:22857w H:ok:8113w tess:275/104 best-recall=0.66
vol013_tropicalagricult1318ceyl	1073	capped	UNRESOLVED		0	old:LOOP:4266w O:LOOP:5725w O:ok:4652w H:ok:5696w tess:500/60 best-recall=0.67
vol013_tropicalagricult1318ceyl	1082	faded	KEEP_BLANK	old	0	old:ok:0w E:ok:0w J:ok:0w K:ok:0w tess:0/0
vol013_tropicalagricult1318ceyl	168	faded	KEEP_BLANK	old	0	old:ok:0w E:ok:0w J:ok:0w K:ok:0w tess:0/0
vol013_tropicalagricult1318ceyl	242	faded	KEEP_BLANK	old	0	old:ok:0w E:ok:0w E:ok:0w J:ok:0w K:ok:0w tess:0/0
vol013_tropicalagricult1318ceyl	317	faded	FAINT	old-images-only	0	old:ok:27w E:ok:26w J:ok:26w K:ok:27w tess:3/0
vol013_tropicalagricult1318ceyl	322	capped	ACCEPT_CAP	r2H/H_001:14+15	816	old:LOOP:1165w O:LOOP:1979w H:ok:816w tess:264/45 recall=0.96
vol013_tropicalagricult1318ceyl	390	faded	KEEP_BLANK	old	0	old:ok:0w E:ok:0w J:ok:0w K:ok:0w tess:0/0
vol013_tropicalagricult1318ceyl	469	faded	FAINT	old-images-only	0	old:ok:101w E:ok:101w J:ok:65w K:LOOP:14646w tess:1/4
vol013_tropicalagricult1318ceyl	470	faded	KEEP_BLANK	old	0	old:ok:0w E:ok:0w J:ok:0w K:ok:0w tess:0/0
vol013_tropicalagricult1318ceyl	5	faded	FAINT	old-images-only	0	old:ok:170w E:ok:175w J:ok:168w K:ok:173w tess:1/8
vol013_tropicalagricult1318ceyl	536	faded	KEEP_BLANK	old	0	old:ok:0w E:ok:0w J:ok:0w K:ok:0w tess:0/0
vol013_tropicalagricult1318ceyl	610	faded	KEEP_BLANK	old	0	old:ok:0w E:ok:0w J:ok:0w K:ok:0w tess:0/0
vol013_tropicalagricult1318ceyl	613	faded	FAINT	old-images-only	0	old:ok:31w E:ok:0w J:ok:557w K:ok:45w H:ok:1560w M:ok:0w Q:ok:2160w tess:0/0
vol013_tropicalagricult1318ceyl	685	faded	SHOWTHROUGH	tess-mirror:30/5/rot0	0	old:ok:121w E:ok:18w J:ok:468w K:ok:437w tess:5/30
vol013_tropicalagricult1318ceyl	686	faded	KEEP_BLANK	old	0	old:ok:0w E:ok:0w J:ok:0w K:ok:0w tess:0/0
vol013_tropicalagricult1318ceyl	689	faded	FAINT	old-images-only	0	old:ok:0w E:ok:0w J:ok:29w K:ok:42w tess:0/0
vol013_tropicalagricult1318ceyl	7	faded	SHOWTHROUGH	tess-mirror:19/0/rot4	0	old:ok:392w E:ok:635w J:ok:563w K:ok:557w tess:0/19
vol013_tropicalagricult1318ceyl	761	faded	FAINT	old-images-only	0	old:ok:190w E:ok:190w J:ok:382w K:ok:399w tess:3/7
vol013_tropicalagricult1318ceyl	762	faded	KEEP_BLANK	old	0	old:ok:0w E:ok:0w J:ok:0w K:ok:0w tess:0/0
vol013_tropicalagricult1318ceyl	836	faded	KEEP_BLANK	old	0	old:ok:0w E:ok:0w J:ok:0w K:ok:0w tess:0/0
vol013_tropicalagricult1318ceyl	908	faded	FAINT	old-images-only	0	old:ok:0w E:ok:0w J:ok:67w K:ok:60w tess:0/0
vol013_tropicalagricult1318ceyl	909	faded	FAINT	old-images-only	0	old:ok:0w E:ok:0w J:LOOP:9337w K:ok:90w tess:1/0
vol013_tropicalagricult1318ceyl	91	faded	FAINT	old-images-only	0	old:ok:191w E:ok:303w J:LOOP:7937w K:LOOP:6470w tess:3/8
vol013_tropicalagricult1318ceyl	92	faded	KEEP_BLANK	old	0	old:ok:0w E:ok:0w J:ok:0w K:ok:0w tess:0/0
vol013_tropicalagricult1318ceyl	923	faded	FAINT	old-images-only	0	old:ok:178w E:ok:442w J:ok:465w K:ok:748w H:ok:706w M:ok:743w Q:ok:707w tess:0/3
vol013_tropicalagricult1318ceyl	94	faded	ACCEPT	r2J/J_002:35	764	old:ok:678w E:ok:744w J:ok:764w K:ok:764w tess:276/53 recall=0.90
vol014_tropicalagricult1418ceyl	1	faded	KEEP_MINOR	old	5	old:ok:5w E:ok:5w J:ok:5w K:ok:5w tess:0/0
vol014_tropicalagricult1418ceyl	1035	faded	FAINT	old-images-only	0	old:ok:0w E:ok:0w J:ok:67w K:ok:180w tess:0/0
vol014_tropicalagricult1418ceyl	1051	faded	FAINT	old-images-only	0	old:ok:33w E:ok:1478w J:ok:1300w K:ok:755w H:LOOP:3520w M:ok:917w Q:ok:1099w tess:2/8
vol014_tropicalagricult1418ceyl	1067	faded	FAINT	old-images-only	0	old:ok:0w E:ok:75w J:ok:124w K:ok:553w H:ok:463w M:LOOP:2085w Q:ok:850w tess:1/5
vol014_tropicalagricult1418ceyl	1071	faded	FAINT	old-images-only	0	old:ok:0w E:ok:186w J:ok:527w K:ok:592w H:ok:1196w M:ok:1155w Q:ok:1546w tess:0/4
vol014_tropicalagricult1418ceyl	1088	faded	KEEP_BLANK	old	0	old:ok:0w E:ok:0w J:ok:0w K:ok:0w tess:0/0
vol014_tropicalagricult1418ceyl	1090	faded	KEEP_BLANK	old	0	old:ok:0w E:ok:0w J:ok:0w K:ok:0w tess:0/0
vol014_tropicalagricult1418ceyl	172	faded	KEEP_BLANK	old	0	old:ok:0w E:ok:0w J:ok:0w K:ok:0w tess:0/0
vol014_tropicalagricult1418ceyl	19	faded	KEEP_FIGURE	old	57	old:ok:57w E:ok:57w J:ok:57w K:ok:57w tess:13/0 agree-J=0.63
vol014_tropicalagricult1418ceyl	20	faded	KEEP_BLANK	old	0	old:ok:0w E:ok:0w J:ok:0w K:ok:0w tess:0/0
vol014_tropicalagricult1418ceyl	316	faded	KEEP_BLANK	old	0	old:ok:0w E:ok:0w J:ok:0w K:ok:0w tess:0/0
vol014_tropicalagricult1418ceyl	410	faded	KEEP_BLANK	old	0	old:ok:0w E:ok:0w J:ok:0w K:ok:0w tess:0/0
vol014_tropicalagricult1418ceyl	486	faded	KEEP_BLANK	old	0	old:ok:0w E:ok:1w J:ok:0w K:ok:0w tess:0/0
vol014_tropicalagricult1418ceyl	5	faded	FAINT	old-images-only	0	old:ok:142w E:ok:1154w J:ok:152w K:ok:164w tess:1/0
vol014_tropicalagricult1418ceyl	56	capped	UNRESOLVED		0	old:LOOP:11453w O:LOOP:24308w O:LOOP:27812w H:ok:1344w tess:31/62 best-recall=0.00
vol014_tropicalagricult1418ceyl	57	capped+repeat	UNRESOLVED		0	old:LOOP:13579w O:ok:1096w tess:43/64 best-recall=0.00
vol014_tropicalagricult1418ceyl	58	capped	UNRESOLVED		0	old:LOOP:10083w O:LOOP:18884w H:ok:1341w tess:39/61 best-recall=0.00
vol014_tropicalagricult1418ceyl	59	capped+repeat	UNRESOLVED		0	old:LOOP:9614w O:ok:921w tess:39/72 best-recall=0.00
vol014_tropicalagricult1418ceyl	60	capped	UNRESOLVED		0	old:LOOP:12169w O:ok:1316w tess:51/51 best-recall=0.00
vol014_tropicalagricult1418ceyl	7	faded	SHOWTHROUGH	tess-mirror:33/5/rot0	0	old:ok:476w E:ok:465w J:ok:506w K:ok:511w tess:5/33
vol014_tropicalagricult1418ceyl	701	faded	FAINT	old-images-only	0	old:ok:22w E:ok:9w J:ok:757w K:ok:89w tess:0/0
vol014_tropicalagricult1418ceyl	79	capped	ACCEPT_CAP	r1O/O_001:37	917	old:LOOP:1905w O:ok:917w tess:484/112 recall=0.96
vol014_tropicalagricult1418ceyl	826	capped	ACCEPT_CAP	r1O/O_001:38	2025	old:LOOP:2296w O:ok:2025w tess:214/27 recall=0.98
vol014_tropicalagricult1418ceyl	96	faded	KEEP_BLANK	old	0	old:ok:0w E:ok:0w J:ok:0w K:ok:0w tess:0/0
vol015_tropicalagricult1518ceyl	0	faded	KEEP_MINOR	old	6	old:ok:6w E:ok:8w J:ok:3w K:ok:3w tess:0/0
vol015_tropicalagricult1518ceyl	1	faded	KEEP_MINOR	old	3	old:ok:3w E:ok:3w J:ok:5w K:ok:7w tess:0/0
vol015_tropicalagricult1518ceyl	1003	faded	FAINT	old-images-only	0	old:ok:0w E:ok:0w J:ok:800w K:ok:298w tess:0/0
vol015_tropicalagricult1518ceyl	1007	faded	FAINT	old-images-only	0	old:ok:0w E:ok:0w J:ok:154w K:LOOP:1747w tess:0/0
vol015_tropicalagricult1518ceyl	1041	faded	ACCEPT	r2J/J_002:57	346	old:ok:354w E:ok:347w J:ok:346w K:ok:346w tess:49/5 recall=0.91
vol015_tropicalagricult1518ceyl	1046	faded	ACCEPT	r2J/J_002:58	213	old:ok:213w E:ok:213w J:ok:213w K:ok:213w tess:38/9 recall=0.70
vol015_tropicalagricult1518ceyl	1047	faded	FAINT	old-images-only	0	old:ok:0w E:ok:0w J:ok:87w K:ok:28w tess:0/0
vol015_tropicalagricult1518ceyl	1067	faded	FAINT	old-images-only	0	old:ok:0w E:ok:0w J:LOOP:1877w K:ok:800w tess:0/0
vol015_tropicalagricult1518ceyl	1077	faded	FAINT	old-images-only	0	old:ok:0w E:ok:0w J:ok:2320w K:ok:51w tess:0/0
vol015_tropicalagricult1518ceyl	1085	faded	KEEP_MINOR	old	0	old:ok:0w E:ok:0w J:ok:0w K:LOOP:9w tess:0/0
vol015_tropicalagricult1518ceyl	1109	faded	FAINT	old-images-only	0	old:ok:0w E:ok:0w J:ok:200w K:ok:71w tess:0/0
vol015_tropicalagricult1518ceyl	1114	faded	KEEP_BLANK	old	0	old:ok:0w E:ok:0w J:ok:0w K:ok:0w tess:0/0
vol015_tropicalagricult1518ceyl	247	faded	FAINT	old-images-only	0	old:ok:0w E:ok:0w J:LOOP:295w K:ok:610w tess:0/0
vol015_tropicalagricult1518ceyl	25	faded	FAINT	old-images-only	0	old:ok:0w E:ok:0w J:ok:1604w K:ok:404w tess:0/2
vol015_tropicalagricult1518ceyl	3	faded	KEEP_BLANK	old	0	old:ok:0w E:ok:0w J:ok:0w K:ok:0w tess:0/0
vol015_tropicalagricult1518ceyl	321	faded	FAINT	old-images-only	0	old:ok:0w E:ok:0w J:ok:127w K:ok:312w tess:1/9
vol015_tropicalagricult1518ceyl	5	faded	FAINT	old-images-only	0	old:ok:0w E:ok:5w J:ok:138w K:ok:157w H:ok:75w M:ok:173w Q:ok:120w tess:2/0
vol015_tropicalagricult1518ceyl	535	faded	FAINT	old-images-only	0	old:ok:0w E:ok:0w J:ok:123w K:ok:211w tess:0/0
vol015_tropicalagricult1518ceyl	598	capped	ACCEPT_CAP	r1O/O_001:39	1014	old:LOOP:2239w O:ok:966w O:ok:1014w tess:188/24 recall=0.93
vol015_tropicalagricult1518ceyl	672	capped	ACCEPT_CAP	r1O/O_001:40	1059	old:LOOP:997w O:ok:1059w tess:198/28 recall=0.94
vol015_tropicalagricult1518ceyl	7	faded	FAINT	old-images-only	0	old:ok:0w E:ok:0w J:ok:331w K:ok:387w tess:0/0
vol015_tropicalagricult1518ceyl	746	capped	ACCEPT_CAP	r1O/O_001:41	1035	old:LOOP:1026w O:ok:1035w tess:206/27 recall=0.94
vol015_tropicalagricult1518ceyl	908	capped	ACCEPT_CAP	r2H/H_001:20+21	10032	old:LOOP:4344w O:LOOP:6780w H:ok:10032w tess:640/29 recall=0.75
vol015_tropicalagricult1518ceyl	909	capped	UNRESOLVED		0	old:LOOP:4840w O:ok:4517w H:ok:7124w tess:729/118 best-recall=0.65
vol015_tropicalagricult1518ceyl	931	faded	FAINT	old-images-only	0	old:ok:0w E:ok:0w J:ok:768w K:ok:1080w tess:0/0
vol015_tropicalagricult1518ceyl	963	faded	ACCEPT	r2J/J_002:73	200	old:ok:200w E:ok:200w J:ok:200w K:ok:199w tess:23/0 recall=1.00
vol015_tropicalagricult1518ceyl	967	faded	FAINT	old-images-only	0	old:ok:0w E:ok:0w J:ok:149w K:ok:359w tess:0/0
vol015_tropicalagricult1518ceyl	999	faded	FAINT	old-images-only	0	old:ok:0w E:ok:0w J:ok:1665w K:LOOP:2729w tess:0/0
vol016_tropicalagricult1618ceyl	1	faded	KEEP_MINOR	old	1	old:ok:1w E:ok:2w J:ok:5w K:ok:5w tess:0/0
vol016_tropicalagricult1618ceyl	1009	faded	KEEP_MINOR	old	0	old:ok:0w E:ok:0w J:LOOP:2897w K:LOOP:2732w tess:2/4
vol016_tropicalagricult1618ceyl	1017	faded	FAINT	old-images-only	0	old:ok:0w E:ok:52w J:ok:602w K:LOOP:3096w H:ok:1010w M:ok:920w Q:LOOP:5739w tess:2/3
vol016_tropicalagricult1618ceyl	1033	faded	FAINT	old-images-only	0	old:ok:0w E:ok:0w J:ok:1017w K:LOOP:1670w tess:1/4
vol016_tropicalagricult1618ceyl	1037	faded	ACCEPT	r2J/J_002:80	81	old:ok:80w E:ok:77w J:ok:81w K:ok:81w tess:28/3 recall=0.92
vol016_tropicalagricult1618ceyl	1043	faded	ACCEPT	r2J/J_002:81	163	old:ok:162w E:ok:162w J:ok:163w K:ok:197w tess:29/6 recall=0.96
vol016_tropicalagricult1618ceyl	1067	faded	FAINT	old-images-only	0	old:ok:0w E:ok:0w J:ok:536w K:ok:434w tess:2/2
vol016_tropicalagricult1618ceyl	1083	faded	FAINT	old-images-only	0	old:ok:0w E:ok:0w J:ok:465w K:ok:778w tess:2/2
vol016_tropicalagricult1618ceyl	1130	faded	KEEP_BLANK	old	0	old:ok:0w E:ok:0w J:ok:0w K:ok:0w tess:0/0
vol016_tropicalagricult1618ceyl	1131	faded	KEEP_BLANK	old	0	old:ok:0w E:ok:0w J:ok:0w K:ok:0w tess:0/0
vol016_tropicalagricult1618ceyl	1132	faded	KEEP_BLANK	old	0	old:ok:0w E:ok:0w J:ok:0w K:ok:0w tess:0/0
vol016_tropicalagricult1618ceyl	2	faded	KEEP_BLANK	old	0	old:ok:0w E:ok:0w J:ok:0w K:ok:0w tess:0/0
vol016_tropicalagricult1618ceyl	237	faded	FAINT	old-images-only	0	old:ok:0w E:ok:186w J:ok:367w K:ok:376w tess:0/0
vol016_tropicalagricult1618ceyl	3	faded	KEEP_BLANK	old	0	old:ok:0w E:ok:0w J:ok:0w K:ok:0w tess:0/0
vol016_tropicalagricult1618ceyl	5	faded	FAINT	old-images-only	0	old:ok:89w E:ok:12w J:ok:200w K:ok:220w tess:0/7
vol016_tropicalagricult1618ceyl	531	faded	FAINT	old-images-only	0	old:ok:0w E:ok:0w J:ok:220w K:ok:351w tess:0/1
vol016_tropicalagricult1618ceyl	532	faded	KEEP_BLANK	old	0	old:ok:0w E:ok:0w J:ok:0w K:ok:0w tess:0/0
vol016_tropicalagricult1618ceyl	608	faded	KEEP_BLANK	old	0	old:ok:0w E:ok:0w J:ok:0w K:ok:0w tess:0/0
vol016_tropicalagricult1618ceyl	684	faded	KEEP_BLANK	old	0	old:ok:0w E:ok:0w J:ok:0w K:ok:0w tess:0/0
vol016_tropicalagricult1618ceyl	7	faded	FAINT	old-images-only	0	old:ok:0w E:ok:0w J:ok:284w K:ok:243w tess:3/8
vol016_tropicalagricult1618ceyl	746	capped	ACCEPT_CAP	r1O/O_001:44	640	old:LOOP:964w O:ok:640w tess:202/15 recall=0.80
vol016_tropicalagricult1618ceyl	758	faded	KEEP_BLANK	old	0	old:ok:0w E:ok:0w J:ok:0w K:ok:0w tess:0/0
vol016_tropicalagricult1618ceyl	841	faded	FAINT	old-images-only	0	old:ok:0w E:ok:0w J:LOOP:7961w K:ok:200w tess:4/7
vol016_tropicalagricult1618ceyl	842	faded	KEEP_BLANK	old	0	old:ok:0w E:ok:0w J:ok:0w K:ok:0w tess:0/0
vol016_tropicalagricult1618ceyl	919	faded	FAINT	old-images-only	0	old:ok:263w E:ok:168w J:ok:481w K:ok:127w H:ok:691w M:ok:446w Q:ok:1241w tess:0/0
vol016_tropicalagricult1618ceyl	923	faded	ACCEPT	r2J/J_002:100	195	old:ok:194w E:ok:194w J:ok:195w K:ok:195w tess:31/2 recall=0.96
vol016_tropicalagricult1618ceyl	953	faded	ACCEPT	r2J/J_002:101	291	old:ok:290w E:ok:291w J:ok:291w K:ok:292w tess:68/7 recall=0.93
vol016_tropicalagricult1618ceyl	961	faded	FAINT	old-images-only	0	old:ok:0w E:ok:0w J:ok:450w K:ok:85w tess:0/0
vol016_tropicalagricult1618ceyl	977	faded	FAINT	old-images-only	0	old:ok:0w E:LOOP:2w J:ok:917w K:ok:994w H:ok:1109w M:ok:1407w Q:ok:752w tess:6/0
vol016_tropicalagricult1618ceyl	981	faded	FAINT	old-images-only	0	old:ok:0w E:ok:728w J:ok:901w K:ok:1008w H:ok:1461w M:LOOP:2888w Q:LOOP:4292w tess:3/3
vol016_tropicalagricult1618ceyl	987	faded	FAINT	old-images-only	0	old:ok:0w E:ok:0w J:ok:1446w K:ok:88w tess:1/3
vol017_tropicalagricult1718ceyl	0	faded	KEEP_MINOR	old	3	old:ok:3w E:ok:4w J:ok:3w K:ok:3w tess:0/0
vol017_tropicalagricult1718ceyl	1	faded	KEEP_MINOR	old	3	old:ok:3w E:ok:3w J:ok:4w K:ok:4w tess:0/0
vol017_tropicalagricult1718ceyl	1003	faded	FAINT	old-images-only	0	old:ok:0w E:ok:0w J:ok:1386w K:ok:507w tess:0/0
vol017_tropicalagricult1718ceyl	1007	faded	FAINT	old-images-only	0	old:ok:0w E:ok:505w J:ok:118w K:ok:1556w H:LOOP:2610w M:ok:1224w Q:ok:1499w tess:4/11
vol017_tropicalagricult1718ceyl	1017	faded	FAINT	old-images-only	0	old:ok:0w E:ok:0w J:ok:183w K:ok:955w tess:0/0
vol017_tropicalagricult1718ceyl	1029	faded	FAINT	old-images-only	0	old:ok:0w E:ok:261w J:ok:1688w K:ok:825w H:ok:2197w M:ok:1117w Q:ok:1639w tess:0/1
vol017_tropicalagricult1718ceyl	1035	faded	FAINT	old-images-only	0	old:ok:0w E:ok:0w J:ok:94w K:ok:85w tess:0/0
vol017_tropicalagricult1718ceyl	1043	faded	FAINT	old-images-only	0	old:ok:25w E:ok:26w J:ok:1220w K:ok:1538w H:LOOP:3394w M:ok:1540w Q:ok:1356w tess:1/3
vol017_tropicalagricult1718ceyl	1049	faded	FAINT	old-images-only	0	old:ok:0w E:LOOP:54w J:ok:452w K:ok:528w H:ok:688w M:ok:536w Q:ok:927w tess:0/3
vol017_tropicalagricult1718ceyl	1053	faded	FAINT	old-images-only	0	old:ok:0w E:ok:0w J:ok:576w K:ok:890w tess:0/0
vol017_tropicalagricult1718ceyl	1061	faded	FAINT	old-images-only	0	old:ok:0w E:ok:0w J:ok:203w K:ok:199w tess:0/0
vol017_tropicalagricult1718ceyl	1073	faded	FAINT	old-images-only	0	old:ok:0w E:ok:0w J:ok:815w K:ok:1273w tess:0/0
vol017_tropicalagricult1718ceyl	1085	faded	FAINT	old-images-only	0	old:ok:0w E:ok:0w J:ok:178w K:ok:117w tess:1/1
vol017_tropicalagricult1718ceyl	1093	faded	FAINT	old-images-only	0	old:ok:43w E:ok:28w J:LOOP:2072w K:ok:1227w H:ok:3055w M:ok:1465w Q:ok:1738w tess:0/1
vol017_tropicalagricult1718ceyl	1105	faded	FAINT	old-images-only	0	old:ok:0w E:ok:0w J:ok:710w K:LOOP:1952w tess:0/0
vol017_tropicalagricult1718ceyl	1145	faded	FAINT	old-images-only	0	old:ok:0w E:ok:0w J:ok:1365w K:LOOP:2260w tess:0/0
vol017_tropicalagricult1718ceyl	1158	faded	KEEP_BLANK	old	0	old:ok:0w E:ok:0w J:ok:0w K:ok:0w tess:0/0
vol017_tropicalagricult1718ceyl	1159	faded	KEEP_BLANK	old	0	old:ok:0w E:ok:0w J:ok:0w K:ok:0w tess:0/0
vol017_tropicalagricult1718ceyl	1160	faded	KEEP_BLANK	old	0	old:ok:0w E:ok:0w J:ok:0w K:ok:0w tess:0/0
vol017_tropicalagricult1718ceyl	173	faded	FAINT	old-images-only	0	old:ok:0w E:ok:0w J:ok:261w K:ok:508w tess:0/1
vol017_tropicalagricult1718ceyl	174	faded	KEEP_BLANK	old	0	old:ok:0w E:ok:0w J:ok:0w K:ok:0w tess:0/0
vol017_tropicalagricult1718ceyl	176	faded	FAINT	old-images-only	0	old:ok:0w E:ok:0w J:ok:547w K:LOOP:13666w tess:0/0
vol017_tropicalagricult1718ceyl	177	faded	KEEP_MINOR	old	0	old:ok:0w E:ok:0w J:ok:2w K:ok:2w tess:0/0
vol017_tropicalagricult1718ceyl	2	faded	KEEP_BLANK	old	0	old:ok:0w E:ok:0w J:ok:0w K:ok:0w tess:0/0
vol017_tropicalagricult1718ceyl	20	faded	KEEP_BLANK	old	0	old:ok:0w E:ok:0w J:ok:0w K:ok:0w tess:0/0
vol017_tropicalagricult1718ceyl	22	faded	FAINT	old-images-only	0	old:ok:41w E:ok:201w J:ok:458w K:ok:452w tess:0/0
vol017_tropicalagricult1718ceyl	23	faded	KEEP_BLANK	old	0	old:ok:0w E:ok:0w J:ok:0w K:ok:0w tess:0/0
vol017_tropicalagricult1718ceyl	252	faded	KEEP_BLANK	old	0	old:ok:0w E:ok:0w J:ok:0w K:ok:0w tess:0/0
vol017_tropicalagricult1718ceyl	254	faded	FAINT	old-images-only	0	old:ok:0w E:ok:0w J:ok:470w K:ok:414w tess:0/0
vol017_tropicalagricult1718ceyl	255	faded	KEEP_MINOR	old	0	old:ok:0w E:ok:0w J:ok:3w K:ok:3w tess:0/0
vol017_tropicalagricult1718ceyl	297	faded	KEEP_MINOR	old	0	old:ok:0w E:ok:0w J:LOOP:1376w K:LOOP:14325w tess:0/0
vol017_tropicalagricult1718ceyl	3	faded	KEEP_BLANK	old	0	old:ok:0w E:ok:0w J:ok:0w K:ok:0w tess:0/0
vol017_tropicalagricult1718ceyl	332	faded	KEEP_BLANK	old	0	old:ok:0w E:ok:0w J:ok:0w K:ok:0w tess:0/0
vol017_tropicalagricult1718ceyl	408	faded	KEEP_BLANK	old	0	old:ok:0w E:ok:0w J:ok:0w K:ok:0w tess:1/0
vol017_tropicalagricult1718ceyl	485	faded	FAINT	old-images-only	0	old:ok:0w E:ok:0w J:ok:284w K:ok:302w tess:0/0
vol017_tropicalagricult1718ceyl	5	faded	FAINT	old-images-only	0	old:ok:67w E:ok:808w J:ok:654w K:ok:240w H:ok:247w M:ok:245w Q:ok:287w tess:0/0
vol017_tropicalagricult1718ceyl	550	faded	KEEP_BLANK	old	0	old:ok:0w E:ok:0w J:ok:0w K:ok:0w tess:0/0
vol017_tropicalagricult1718ceyl	627	faded	FAINT	old-images-only	0	old:ok:0w E:ok:0w J:LOOP:14096w K:ok:936w tess:0/0
vol017_tropicalagricult1718ceyl	7	faded	FAINT	old-images-only	0	old:ok:0w E:ok:0w J:ok:615w K:ok:551w tess:0/0
vol017_tropicalagricult1718ceyl	701	faded	FAINT	old-images-only	0	old:ok:0w E:ok:0w J:ok:997w K:LOOP:13391w tess:0/1
vol017_tropicalagricult1718ceyl	702	faded	KEEP_BLANK	old	0	old:ok:0w E:ok:0w J:ok:0w K:ok:0w tess:0/0
vol017_tropicalagricult1718ceyl	777	faded	FAINT	old-images-only	0	old:ok:0w E:ok:0w J:LOOP:4041w K:ok:525w tess:1/4
vol017_tropicalagricult1718ceyl	918	capped	UNRESOLVED		0	old:LOOP:2696w O:ok:1945w H:LOOP:5603w tess:698/58 best-recall=0.56
vol017_tropicalagricult1718ceyl	919	capped	ACCEPT_CAP	r1O/O_001:46	5656	old:LOOP:3058w O:ok:5656w tess:1482/213 recall=0.74
vol017_tropicalagricult1718ceyl	920	capped	ACCEPT_CAP	pilot/O_001:8	4301	old:LOOP:4253w O:ok:4301w O:ok:4618w tess:1574/302 recall=0.89
vol017_tropicalagricult1718ceyl	921	capped	ACCEPT_CAP	r1O/O_001:48	2629	old:LOOP:2362w O:ok:2629w tess:172/37 recall=0.87
vol017_tropicalagricult1718ceyl	923	faded	KEEP_BLANK	old	0	old:ok:0w E:ok:0w J:ok:0w K:ok:0w tess:0/0
vol017_tropicalagricult1718ceyl	965	faded	FAINT	old-images-only	0	old:ok:0w E:ok:0w J:ok:1332w K:ok:1837w tess:0/0
vol017_tropicalagricult1718ceyl	98	faded	KEEP_BLANK	old	0	old:ok:0w E:ok:0w J:ok:0w K:ok:0w tess:0/0
vol017_tropicalagricult1718ceyl	995	faded	FAINT	old-images-only	0	old:ok:0w E:ok:0w J:ok:44w K:ok:14w tess:0/0
vol018_tropicalagricult1818ceyl	0	faded	KEEP_MINOR	old	3	old:ok:3w E:ok:3w J:ok:3w K:ok:3w tess:0/0
vol018_tropicalagricult1818ceyl	1	faded	KEEP_MINOR	old	6	old:ok:6w E:ok:6w J:ok:5w K:ok:6w tess:0/0
vol018_tropicalagricult1818ceyl	1001	faded	FAINT	old-images-only	0	old:ok:0w E:ok:0w J:ok:165w K:LOOP:2598w tess:0/0
vol018_tropicalagricult1818ceyl	1021	faded	FAINT	old-images-only	0	old:ok:32w E:ok:539w J:ok:889w K:ok:150w H:ok:915w M:LOOP:3599w Q:LOOP:3502w tess:1/4
vol018_tropicalagricult1818ceyl	1039	faded	FAINT	old-images-only	0	old:ok:0w E:LOOP:6w J:ok:60w K:ok:72w H:ok:1874w M:ok:718w Q:ok:2045w tess:3/2
vol018_tropicalagricult1818ceyl	1053	faded	FAINT	old-images-only	0	old:ok:130w E:ok:105w J:ok:111w K:ok:928w H:LOOP:7083w M:ok:136w Q:LOOP:3340w tess:2/7
vol018_tropicalagricult1818ceyl	1065	faded	FAINT	old-images-only	0	old:ok:0w E:ok:13w J:ok:1237w K:ok:1470w H:LOOP:13710w M:ok:1000w Q:ok:1889w tess:4/8
vol018_tropicalagricult1818ceyl	1087	faded	FAINT	old-images-only	0	old:ok:0w E:ok:0w J:ok:49w K:ok:32w tess:0/0
vol018_tropicalagricult1818ceyl	1099	faded	FAINT	old-images-only	0	old:ok:0w E:ok:5w J:ok:62w K:ok:664w H:ok:276w M:ok:709w Q:ok:699w tess:0/1
vol018_tropicalagricult1818ceyl	1115	faded	SHOWTHROUGH	tess-mirror:18/6/rot5	0	old:ok:217w E:LOOP:1946w J:ok:1169w K:ok:36w H:ok:1855w M:ok:1212w Q:LOOP:2993w tess:6/18
vol018_tropicalagricult1818ceyl	1133	faded	SHOWTHROUGH	tess-mirror:35/8/rot4	0	old:ok:953w E:ok:8w J:ok:126w K:ok:97w H:ok:2342w M:ok:1514w Q:LOOP:8328w tess:8/35
vol018_tropicalagricult1818ceyl	1164	capped	ACCEPT_CAP	r4H/H_001:16+17	8910	old:LOOP:11360w O:ok:1232w H:ok:8910w tess:3328/201 recall=0.87
vol018_tropicalagricult1818ceyl	1171	faded	FAINT	old-images-only	0	old:ok:0w E:ok:0w J:ok:417w K:ok:1924w tess:0/1
vol018_tropicalagricult1818ceyl	1181	faded	FAINT	old-images-only	0	old:ok:0w E:ok:0w J:ok:51w K:ok:67w tess:1/0
vol018_tropicalagricult1818ceyl	1187	faded	FAINT	old-images-only	0	old:ok:5w E:ok:39w J:ok:51w K:ok:2107w H:ok:61w M:ok:610w Q:ok:3078w tess:1/2
vol018_tropicalagricult1818ceyl	1193	faded	FAINT	old-images-only	0	old:ok:482w E:ok:334w J:ok:2401w K:LOOP:2645w H:ok:2536w M:ok:1632w Q:LOOP:2461w tess:5/4
vol018_tropicalagricult1818ceyl	1199	repeat+faded	FAINT	old-images-only	0	old:LOOP:431w E:ok:281w E:ok:247w J:ok:741w K:ok:541w H:ok:2853w M:ok:844w Q:LOOP:5296w tess:2/1
vol018_tropicalagricult1818ceyl	1200	faded	KEEP_BLANK	old	0	old:ok:0w E:ok:0w J:ok:0w K:ok:0w tess:0/0
vol018_tropicalagricult1818ceyl	1201	faded	KEEP_BLANK	old	0	old:ok:0w E:ok:0w J:ok:0w K:ok:0w tess:0/0
vol018_tropicalagricult1818ceyl	1202	faded	KEEP_BLANK	old	0	old:ok:0w E:ok:0w J:ok:0w K:ok:0w tess:0/0
vol018_tropicalagricult1818ceyl	154	capped	ACCEPT_CAP	r1O/O_001:50	914	old:LOOP:1416w O:ok:914w tess:234/27 recall=0.96
vol018_tropicalagricult1818ceyl	166	faded	KEEP_BLANK	old	0	old:ok:0w E:ok:0w J:ok:0w K:ok:0w tess:0/0
vol018_tropicalagricult1818ceyl	19	faded	FAINT	old-images-only	0	old:ok:18w E:ok:12w J:ok:244w K:ok:107w H:ok:98w M:ok:99w Q:ok:99w tess:0/0
vol018_tropicalagricult1818ceyl	2	faded	KEEP_BLANK	old	0	old:ok:0w E:ok:0w J:ok:0w K:ok:0w tess:0/0
vol018_tropicalagricult1818ceyl	324	faded	KEEP_BLANK	old	0	old:ok:0w E:ok:0w J:ok:0w K:ok:0w tess:0/0
vol018_tropicalagricult1818ceyl	400	faded	KEEP_BLANK	old	0	old:ok:0w E:ok:0w J:ok:0w K:ok:0w tess:0/0
vol018_tropicalagricult1818ceyl	5	faded	FAINT	old-images-only	0	old:ok:210w E:ok:150w J:ok:250w K:ok:241w tess:0/3
vol018_tropicalagricult1818ceyl	548	faded	KEEP_BLANK	old	0	old:ok:0w E:ok:0w J:ok:0w K:ok:0w tess:0/0
vol018_tropicalagricult1818ceyl	698	faded	KEEP_BLANK	old	0	old:ok:0w E:ok:0w J:ok:0w K:ok:0w tess:0/0
vol018_tropicalagricult1818ceyl	7	faded	SHOWTHROUGH	tess-mirror:37/9/rot1	0	old:ok:654w E:ok:557w J:ok:630w K:ok:629w tess:9/37
vol018_tropicalagricult1818ceyl	839	faded	SHOWTHROUGH	tess-mirror:16/1/rot2	0	old:ok:252w E:LOOP:44w J:ok:55w K:ok:224w tess:1/16
vol018_tropicalagricult1818ceyl	850	faded	KEEP_BLANK	old	0	old:ok:0w E:ok:0w J:ok:0w K:ok:0w tess:0/0
vol018_tropicalagricult1818ceyl	852	faded	ACCEPT	r2J/J_003:57	401	old:ok:266w E:ok:113w J:ok:401w K:ok:473w H:ok:393w M:ok:369w Q:ok:404w tess:87/12 recall=0.88
vol018_tropicalagricult1818ceyl	959	faded	FAINT	old-images-only	0	old:ok:255w E:ok:261w J:ok:254w K:ok:340w H:ok:374w M:ok:208w Q:ok:343w tess:1/0
vol018_tropicalagricult1818ceyl	960	capped	UNRESOLVED		0	old:LOOP:12484w O:ok:1490w O:ok:337w H:LOOP:8889w tess:397/33 best-recall=0.46
vol018_tropicalagricult1818ceyl	961	capped	ACCEPT_CAP	r4H/H_001:20+21	6919	old:LOOP:4173w O:ok:5423w H:ok:6919w tess:990/87 recall=0.72
vol018_tropicalagricult1818ceyl	963	faded	FAINT	old-images-only	0	old:ok:59w E:ok:0w J:ok:298w K:LOOP:13282w H:ok:1557w M:ok:349w Q:ok:721w tess:0/1
vol018_tropicalagricult1818ceyl	969	faded	FAINT	old-images-only	0	old:ok:14w E:ok:18w J:LOOP:2172w K:ok:2882w H:LOOP:3701w M:ok:405w Q:LOOP:3268w tess:0/0
vol018_tropicalagricult1818ceyl	995	faded	FAINT	old-images-only	0	old:ok:0w E:ok:0w J:ok:412w K:ok:215w tess:2/1
vol019_tropicalagricult1918ceyl	0	faded	KEEP_MINOR	old	3	old:ok:3w E:ok:3w J:ok:3w K:ok:3w tess:0/0
vol019_tropicalagricult1918ceyl	1	faded	KEEP_MINOR	old	6	old:ok:6w E:ok:5w J:ok:5w K:ok:9w tess:0/0
vol019_tropicalagricult1918ceyl	1022	faded	FAINT	old-images-only	0	old:ok:6w E:ok:13w J:ok:25w K:ok:43w H:ok:459w M:ok:575w Q:ok:787w tess:0/0
vol019_tropicalagricult1918ceyl	1036	faded	SHOWTHROUGH	tess-mirror:17/3/rot2	0	old:ok:4w E:LOOP:108w J:ok:545w K:ok:921w tess:3/17
vol019_tropicalagricult1918ceyl	1042	faded	FAINT	old-images-only	0	old:ok:0w E:ok:0w J:ok:123w K:ok:164w tess:1/3
vol019_tropicalagricult1918ceyl	1060	faded	FAINT	old-images-only	0	old:ok:240w E:ok:24w J:ok:1321w K:LOOP:6594w H:LOOP:4417w M:ok:1248w Q:LOOP:2549w tess:0/4
vol019_tropicalagricult1918ceyl	1070	faded	FAINT	old-images-only	0	old:ok:0w E:ok:27w J:ok:1368w K:ok:517w H:ok:1532w M:ok:385w Q:LOOP:5895w tess:0/1
vol019_tropicalagricult1918ceyl	1076	faded	FAINT	old-images-only	0	old:ok:0w E:ok:0w J:ok:2062w K:ok:2069w tess:0/0
vol019_tropicalagricult1918ceyl	1084	faded	FAINT	old-images-only	0	old:ok:36w E:ok:31w J:ok:1012w K:LOOP:7114w H:LOOP:7598w M:ok:1366w Q:LOOP:7359w tess:0/0
vol019_tropicalagricult1918ceyl	1094	faded	FAINT	old-images-only	0	old:ok:23w E:ok:258w J:ok:657w K:ok:320w H:LOOP:3620w M:LOOP:5295w Q:ok:1151w tess:0/0
vol019_tropicalagricult1918ceyl	1102	capped+faded	FAINT	old-images-only	0	old:LOOP:3492w E:ok:24w O:ok:192w H:ok:1132w J:ok:644w K:ok:515w H:ok:1132w M:ok:361w Q:ok:1802w tess:0/0
vol019_tropicalagricult1918ceyl	1128	faded	FAINT	old-images-only	0	old:ok:0w E:ok:0w J:ok:235w K:ok:68w tess:0/0
vol019_tropicalagricult1918ceyl	1138	faded	FAINT	old-images-only	0	old:ok:0w E:ok:0w J:ok:847w K:LOOP:6949w tess:0/0
vol019_tropicalagricult1918ceyl	1144	faded	KEEP_MINOR	old	0	old:ok:0w E:ok:0w J:LOOP:2431w K:LOOP:5339w tess:0/0
vol019_tropicalagricult1918ceyl	1156	faded	FAINT	old-images-only	0	old:ok:231w E:ok:190w J:ok:314w K:ok:510w tess:0/8
vol019_tropicalagricult1918ceyl	1166	faded	FAINT	old-images-only	0	old:ok:0w E:ok:0w J:LOOP:2570w K:ok:711w tess:0/1
vol019_tropicalagricult1918ceyl	1201	faded	KEEP_BLANK	old	0	old:ok:0w E:ok:0w J:ok:0w K:ok:0w tess:0/0
vol019_tropicalagricult1918ceyl	1202	faded	KEEP_BLANK	old	0	old:ok:0w E:ok:0w J:ok:0w K:ok:0w tess:0/0
vol019_tropicalagricult1918ceyl	1203	faded	KEEP_BLANK	old	0	old:ok:0w E:ok:0w J:ok:0w K:ok:0w tess:0/0
vol019_tropicalagricult1918ceyl	17	faded	ACCEPT	r2J/J_003:81	36	old:ok:36w E:ok:36w J:ok:36w K:ok:36w tess:19/2 recall=0.93
vol019_tropicalagricult1918ceyl	2	faded	KEEP_BLANK	old	0	old:ok:0w E:ok:0w J:ok:0w K:ok:0w tess:0/0
vol019_tropicalagricult1918ceyl	244	faded	KEEP_BLANK	old	0	old:ok:0w E:ok:0w J:ok:0w K:ok:0w tess:0/0
vol019_tropicalagricult1918ceyl	3	faded	KEEP_BLANK	old	0	old:ok:0w E:ok:0w J:ok:0w K:ok:0w tess:0/0
vol019_tropicalagricult1918ceyl	319	faded	FAINT	old-images-only	0	old:ok:0w E:ok:0w J:ok:60w K:ok:426w tess:0/0
vol019_tropicalagricult1918ceyl	5	faded	FAINT	old-images-only	0	old:ok:158w E:ok:761w J:ok:227w K:ok:200w tess:3/5
vol019_tropicalagricult1918ceyl	532	faded	KEEP_BLANK	old	0	old:ok:0w E:ok:0w J:ok:0w K:ok:0w tess:0/0
vol019_tropicalagricult1918ceyl	538	faded	KEEP_BLANK	old	0	old:ok:0w E:ok:0w J:ok:0w K:ok:0w tess:0/0
vol019_tropicalagricult1918ceyl	7	faded	FAINT	old-images-only	0	old:ok:540w E:ok:368w J:ok:628w K:ok:627w tess:1/4
vol019_tropicalagricult1918ceyl	750	faded	KEEP_BLANK	old	0	old:ok:0w E:ok:0w J:ok:0w K:ok:0w tess:0/0
vol019_tropicalagricult1918ceyl	783	faded	FAINT	old-images-only	0	old:ok:0w E:ok:0w J:ok:21w K:ok:29w tess:0/0
vol019_tropicalagricult1918ceyl	923	faded	FAINT	old-images-only	0	old:ok:0w E:ok:0w J:LOOP:107w K:ok:79w tess:0/0
vol019_tropicalagricult1918ceyl	933	faded	KEEP_BLANK	old	0	old:ok:0w E:ok:0w J:ok:0w K:ok:0w tess:0/0
vol019_tropicalagricult1918ceyl	935	faded	FAINT	old-images-only	0	old:ok:0w E:ok:0w J:ok:296w K:ok:311w tess:0/0
vol019_tropicalagricult1918ceyl	938	capped	ACCEPT_CAP	r4H/H_001:22+23	6041	old:LOOP:4063w O:ok:4597w H:ok:6041w tess:811/102 recall=0.73
vol019_tropicalagricult1918ceyl	94	faded	KEEP_BLANK	old	0	old:ok:0w E:ok:0w J:ok:0w K:ok:0w tess:0/0
vol019_tropicalagricult1918ceyl	954	faded	FAINT	old-images-only	0	old:ok:6w E:ok:6w J:ok:478w K:LOOP:3853w tess:0/0
vol019_tropicalagricult1918ceyl	968	faded	FAINT	old-images-only	0	old:ok:0w E:ok:0w J:ok:191w K:ok:46w tess:0/0
vol019_tropicalagricult1918ceyl	974	faded	FAINT	old-images-only	0	old:ok:0w E:ok:0w J:ok:611w K:ok:412w tess:1/1
vol019_tropicalagricult1918ceyl	980	faded	FAINT	old-images-only	0	old:ok:0w E:ok:0w J:ok:393w K:ok:94w tess:0/0
vol019_tropicalagricult1918ceyl	984	faded	FAINT	old-images-only	0	old:ok:211w E:ok:0w J:ok:1353w K:ok:393w H:LOOP:3018w M:ok:1929w Q:LOOP:12057w tess:0/1
vol019_tropicalagricult1918ceyl	998	faded	FAINT	old-images-only	0	old:ok:0w E:ok:0w J:ok:1625w K:ok:527w tess:1/0
vol020_tropicalagricult2019ceyl	1	faded	KEEP_MINOR	old	3	old:ok:3w E:ok:2w J:ok:3w K:ok:3w tess:0/0
vol020_tropicalagricult2019ceyl	1001	faded	UNRESOLVED		0	old:ok:1447w E:LOOP:1629w J:ok:169w K:ok:164w tess:15/72 best-recall=0.00
vol020_tropicalagricult2019ceyl	1033	repeat+faded	FAINT	old-images-only	0	old:LOOP:450w E:ok:1121w E:ok:221w J:ok:535w K:ok:816w H:LOOP:7576w M:ok:573w Q:LOOP:10311w tess:2/3
vol020_tropicalagricult2019ceyl	1045	faded	FAINT	old-images-only	0	old:ok:0w E:ok:0w J:LOOP:2069w K:ok:107w tess:2/2
vol020_tropicalagricult2019ceyl	1077	faded	FAINT	old-images-only	0	old:ok:0w E:ok:0w J:ok:999w K:ok:1178w tess:0/0
vol020_tropicalagricult2019ceyl	1095	faded	FAINT	old-images-only	0	old:ok:0w E:ok:0w J:ok:59w K:ok:213w tess:0/0
vol020_tropicalagricult2019ceyl	1099	faded	FAINT	old-images-only	0	old:ok:0w E:LOOP:24w J:ok:811w K:ok:743w H:ok:1231w M:ok:1050w Q:ok:1273w tess:1/0
vol020_tropicalagricult2019ceyl	1107	faded	FAINT	old-images-only	0	old:ok:49w E:ok:2090w J:ok:232w K:ok:600w H:LOOP:1697w M:ok:447w Q:ok:1220w tess:1/0
vol020_tropicalagricult2019ceyl	1119	faded	FAINT	old-images-only	0	old:ok:390w E:LOOP:1999w J:ok:316w K:ok:938w H:LOOP:5432w M:ok:1113w Q:LOOP:2767w tess:2/0
vol020_tropicalagricult2019ceyl	1125	faded	FAINT	old-images-only	0	old:ok:0w E:ok:0w J:ok:387w K:ok:49w tess:0/0
vol020_tropicalagricult2019ceyl	1131	faded	FAINT	old-images-only	0	old:ok:3w E:ok:0w J:ok:2538w K:ok:1191w H:ok:1540w M:LOOP:4024w Q:ok:2782w tess:1/2
vol020_tropicalagricult2019ceyl	1143	faded	FAINT	old-images-only	0	old:ok:0w E:ok:0w J:ok:248w K:ok:2351w tess:0/0
vol020_tropicalagricult2019ceyl	1149	faded	FAINT	old-images-only	0	old:ok:0w E:LOOP:5w J:ok:87w K:LOOP:3184w H:ok:1801w M:ok:2061w Q:ok:2319w tess:0/1
vol020_tropicalagricult2019ceyl	1155	faded	FAINT	old-images-only	0	old:ok:44w E:ok:114w J:ok:193w K:ok:800w H:ok:1141w M:ok:983w Q:ok:732w tess:0/1
vol020_tropicalagricult2019ceyl	1169	faded	FAINT	old-images-only	0	old:ok:0w E:ok:0w J:ok:271w K:ok:151w tess:0/0
vol020_tropicalagricult2019ceyl	1177	faded	FAINT	old-images-only	0	old:ok:0w E:ok:0w J:ok:505w K:ok:125w tess:0/0
vol020_tropicalagricult2019ceyl	1185	faded	FAINT	old-images-only	0	old:ok:0w E:ok:0w J:ok:1512w K:ok:1422w tess:0/0
vol020_tropicalagricult2019ceyl	1203	faded	FAINT	old-images-only	0	old:ok:3w E:ok:3w J:ok:118w K:ok:837w H:ok:61w M:LOOP:3712w Q:ok:1191w tess:1/0
vol020_tropicalagricult2019ceyl	1222	faded	KEEP_BLANK	old	0	old:ok:0w E:ok:0w J:ok:0w K:ok:0w tess:0/0
vol020_tropicalagricult2019ceyl	1224	faded	KEEP_BLANK	old	0	old:ok:0w E:ok:0w J:ok:0w K:ok:0w tess:0/0
vol020_tropicalagricult2019ceyl	172	faded	KEEP_BLANK	old	0	old:ok:0w E:ok:0w J:ok:0w K:ok:0w tess:0/0
vol020_tropicalagricult2019ceyl	19	faded	FAINT	old-images-only	0	old:ok:0w E:ok:0w J:ok:33w K:ok:133w tess:0/0
vol020_tropicalagricult2019ceyl	22	faded	KEEP_BLANK	old	0	old:ok:0w E:ok:0w J:ok:0w K:ok:0w tess:0/0
vol020_tropicalagricult2019ceyl	3	faded	KEEP_BLANK	old	0	old:ok:0w E:ok:0w J:ok:0w K:ok:0w tess:0/0
vol020_tropicalagricult2019ceyl	5	faded	FAINT	old-images-only	0	old:ok:26w E:ok:134w J:ok:56w K:ok:91w H:ok:46w M:ok:199w Q:ok:46w tess:0/0
vol020_tropicalagricult2019ceyl	7	faded	FAINT	old-images-only	0	old:ok:286w E:ok:201w J:ok:338w K:ok:242w H:ok:273w M:ok:696w Q:ok:514w tess:0/0
vol020_tropicalagricult2019ceyl	883	faded	KEEP_MINOR	old	9	old:ok:9w E:ok:9w J:ok:8w K:ok:8w tess:0/0
vol020_tropicalagricult2019ceyl	921	faded	FAINT	old-images-only	0	old:ok:0w E:ok:0w J:ok:606w K:ok:270w tess:0/7
vol020_tropicalagricult2019ceyl	933	faded	FAINT	old-images-only	0	old:ok:0w E:ok:0w J:ok:1495w K:ok:0w tess:0/0
vol020_tropicalagricult2019ceyl	939	faded	FAINT	old-images-only	0	old:ok:6w E:ok:6w J:ok:552w K:ok:752w H:ok:935w M:ok:400w Q:ok:1106w tess:0/5
vol020_tropicalagricult2019ceyl	945	faded	FAINT	old-images-only	0	old:ok:380w E:ok:263w J:ok:171w K:ok:372w tess:0/0
vol020_tropicalagricult2019ceyl	951	faded	FAINT	old-images-only	0	old:ok:0w E:ok:0w J:ok:92w K:LOOP:7318w tess:1/2
vol020_tropicalagricult2019ceyl	954	capped	ACCEPT_CAP	r1O/O_001:55	1613	old:LOOP:1974w O:ok:1613w tess:314/75 recall=0.85
vol020_tropicalagricult2019ceyl	957	faded	FAINT	old-images-only	0	old:ok:0w E:ok:0w J:ok:614w K:ok:817w tess:0/0
vol020_tropicalagricult2019ceyl	963	faded	FAINT	old-images-only	0	old:ok:0w E:ok:0w J:ok:1039w K:ok:590w tess:0/0
vol020_tropicalagricult2019ceyl	969	faded	FAINT	old-images-only	0	old:ok:0w E:ok:0w J:ok:80w K:ok:141w tess:1/0
vol020_tropicalagricult2019ceyl	97	faded	FAINT	old-images-only	0	old:ok:0w E:ok:0w J:ok:882w K:ok:399w tess:1/0
vol020_tropicalagricult2019ceyl	991	capped+faded	SHOWTHROUGH	tess-mirror:19/3/rot1	0	old:LOOP:2657w E:LOOP:2662w O:ok:274w H:ok:1935w J:ok:389w K:ok:380w tess:3/19
vol021_tropicalagricult2119ceyl	1	faded	KEEP_MINOR	old	5	old:ok:5w E:ok:5w J:ok:5w K:ok:5w tess:0/0
vol021_tropicalagricult2119ceyl	1007	faded	FAINT	old-images-only	0	old:ok:0w E:ok:0w J:ok:1124w K:ok:1436w tess:0/0
vol021_tropicalagricult2119ceyl	1025	faded	FAINT	old-images-only	0	old:ok:0w E:ok:0w J:ok:103w K:ok:430w tess:0/0
vol021_tropicalagricult2119ceyl	1039	faded	FAINT	old-images-only	0	old:ok:0w E:ok:0w J:ok:90w K:ok:250w tess:0/0
vol021_tropicalagricult2119ceyl	1057	faded	FAINT	old-images-only	0	old:ok:0w E:ok:0w J:ok:89w K:ok:82w tess:0/0
vol021_tropicalagricult2119ceyl	1069	faded	FAINT	old-images-only	0	old:ok:0w E:ok:0w J:ok:81w K:ok:101w tess:0/0
vol021_tropicalagricult2119ceyl	1075	faded	FAINT	old-images-only	0	old:ok:35w E:ok:33w J:ok:1806w K:ok:162w H:ok:1895w M:ok:1190w Q:ok:1443w tess:0/0
vol021_tropicalagricult2119ceyl	1081	faded	FAINT	old-images-only	0	old:ok:9w E:ok:6w J:LOOP:6196w K:ok:1731w H:LOOP:6669w M:ok:1977w Q:LOOP:8337w tess:0/0
vol021_tropicalagricult2119ceyl	1091	faded	KEEP_MINOR	old	0	old:ok:0w E:ok:0w J:LOOP:9565w K:LOOP:2917w tess:0/0
vol021_tropicalagricult2119ceyl	1103	faded	FAINT	old-images-only	0	old:ok:0w E:ok:0w J:ok:2027w K:ok:1026w tess:0/0
vol021_tropicalagricult2119ceyl	1129	faded	FAINT	old-images-only	0	old:ok:4w E:ok:7w J:ok:224w K:ok:227w H:ok:222w M:ok:226w Q:ok:224w tess:0/0
vol021_tropicalagricult2119ceyl	1135	faded	FAINT	old-images-only	0	old:ok:41w E:ok:30w J:LOOP:6249w K:ok:60w H:ok:496w M:ok:437w Q:ok:1211w tess:1/0
vol021_tropicalagricult2119ceyl	1147	faded	FAINT	old-images-only	0	old:ok:0w E:ok:0w J:ok:108w K:ok:119w tess:0/0
vol021_tropicalagricult2119ceyl	1153	faded	FAINT	old-images-only	0	old:ok:0w E:ok:0w J:ok:369w K:LOOP:3652w tess:0/0
vol021_tropicalagricult2119ceyl	1159	faded	KEEP_MINOR	old	0	old:ok:0w E:ok:0w J:LOOP:5356w K:LOOP:4116w tess:0/0
vol021_tropicalagricult2119ceyl	1167	faded	FAINT	old-images-only	0	old:ok:0w E:ok:0w J:ok:295w K:ok:295w tess:0/0
vol021_tropicalagricult2119ceyl	1193	faded	FAINT	old-images-only	0	old:ok:0w E:ok:0w J:ok:779w K:ok:1472w tess:0/0
vol021_tropicalagricult2119ceyl	1195	faded	FAINT	old-images-only	0	old:ok:106w E:ok:22w J:ok:548w K:ok:588w tess:0/0
vol021_tropicalagricult2119ceyl	1199	faded	FAINT	old-images-only	0	old:ok:0w E:ok:1w J:LOOP:3779w K:ok:84w H:LOOP:1862w M:LOOP:3839w Q:ok:106w tess:0/0
vol021_tropicalagricult2119ceyl	1217	faded	FAINT	old-images-only	0	old:ok:303w E:ok:328w J:ok:519w K:ok:308w H:ok:454w M:ok:382w Q:ok:438w tess:0/1
vol021_tropicalagricult2119ceyl	1218	faded	KEEP_BLANK	old	0	old:ok:0w E:ok:0w J:ok:0w K:ok:0w tess:0/0
vol021_tropicalagricult2119ceyl	1220	faded	KEEP_BLANK	old	0	old:ok:0w E:ok:0w J:ok:0w K:ok:0w tess:0/0
vol021_tropicalagricult2119ceyl	165	faded	FAINT	old-images-only	0	old:ok:0w E:ok:0w J:ok:47w K:ok:51w tess:0/1
vol021_tropicalagricult2119ceyl	17	faded	FAINT	old-images-only	0	old:ok:24w E:ok:19w J:ok:82w K:ok:123w H:ok:1765w M:ok:331w Q:ok:524w tess:0/3
vol021_tropicalagricult2119ceyl	2	faded	KEEP_MINOR	old	1	old:ok:1w E:ok:1w J:ok:1w K:ok:1w tess:0/0
vol021_tropicalagricult2119ceyl	5	faded	FAINT	old-images-only	0	old:ok:250w E:ok:257w J:ok:262w K:ok:262w tess:1/12
vol021_tropicalagricult2119ceyl	7	faded	FAINT	old-images-only	0	old:ok:243w E:ok:441w J:ok:904w K:ok:407w H:ok:508w M:ok:694w Q:ok:702w tess:0/0
vol021_tropicalagricult2119ceyl	735	faded	FAINT	old-images-only	0	old:ok:189w E:ok:303w J:ok:1063w K:ok:1035w tess:0/14
vol021_tropicalagricult2119ceyl	843	faded	FAINT	old-images-only	0	old:ok:12w E:ok:11w J:ok:27w K:ok:27w H:ok:26w M:ok:24w Q:ok:21w tess:0/0
vol021_tropicalagricult2119ceyl	903	faded	FAINT	old-images-only	0	old:ok:36w E:ok:241w J:ok:444w K:ok:427w H:ok:415w M:ok:445w Q:ok:416w tess:0/4
vol021_tropicalagricult2119ceyl	905	faded	FAINT	old-images-only	0	old:ok:6w E:ok:4w J:ok:1448w K:ok:1193w H:ok:525w M:ok:275w Q:ok:128w tess:0/0
vol021_tropicalagricult2119ceyl	907	capped	ACCEPT_CAP	r1O/O_001:57	5614	old:LOOP:5037w O:ok:5614w tess:2188/135 recall=0.88
vol021_tropicalagricult2119ceyl	909	faded	FAINT	old-images-only	0	old:ok:2w E:LOOP:40w J:ok:488w K:ok:377w H:ok:316w M:ok:541w Q:LOOP:1609w tess:0/1
vol021_tropicalagricult2119ceyl	910	capped	ACCEPT_CAP	r1O/O_001:58	3766	old:LOOP:3042w O:ok:3766w tess:960/38 recall=0.86
vol021_tropicalagricult2119ceyl	917	faded	FAINT	old-images-only	0	old:ok:0w E:ok:0w J:ok:882w K:ok:70w tess:0/0
vol021_tropicalagricult2119ceyl	947	faded	FAINT	old-images-only	0	old:ok:0w E:ok:0w J:ok:95w K:LOOP:4110w tess:0/0
vol021_tropicalagricult2119ceyl	955	faded	FAINT	old-images-only	0	old:ok:0w E:ok:0w J:ok:188w K:ok:131w tess:0/0
vol021_tropicalagricult2119ceyl	967	faded	FAINT	old-images-only	0	old:ok:0w E:ok:0w J:ok:900w K:ok:1262w tess:0/0
vol021_tropicalagricult2119ceyl	973	faded	FAINT	old-images-only	0	old:ok:0w E:ok:0w J:ok:2055w K:ok:542w tess:0/0
vol021_tropicalagricult2119ceyl	989	repeat+faded	FAINT	old-images-only	0	old:LOOP:190w E:LOOP:270w E:LOOP:270w J:ok:1065w K:ok:723w H:ok:3156w M:ok:1202w Q:LOOP:2338w tess:2/1
vol021_tropicalagricult2119ceyl	995	faded	FAINT	old-images-only	0	old:ok:0w E:ok:0w J:ok:140w K:ok:239w tess:0/0
vol022_tropicalagricult2219ceyl	1013	faded	FAINT	old-images-only	0	old:ok:22w E:ok:6w J:ok:330w K:ok:74w H:ok:134w M:ok:323w Q:LOOP:637w tess:0/0
vol022_tropicalagricult2219ceyl	1025	faded	FAINT	old-images-only	0	old:ok:0w E:ok:0w J:ok:1015w K:ok:661w tess:0/0
vol022_tropicalagricult2219ceyl	1031	repeat+faded	FAINT	old-images-only	0	old:LOOP:16w E:ok:62w E:ok:72w J:ok:279w K:ok:670w H:LOOP:7904w M:ok:574w Q:ok:802w tess:2/3
vol022_tropicalagricult2219ceyl	1037	repeat+faded	FAINT	old-images-only	0	old:LOOP:79w E:ok:89w E:ok:8w J:ok:104w K:ok:1076w H:ok:1518w M:ok:899w Q:LOOP:5119w tess:4/7
vol022_tropicalagricult2219ceyl	1049	faded	FAINT	old-images-only	0	old:ok:20w E:ok:303w J:ok:2344w K:LOOP:2534w H:ok:1752w M:ok:1241w Q:ok:1271w tess:2/6
vol022_tropicalagricult2219ceyl	1055	faded	FAINT	old-images-only	0	old:ok:136w E:ok:132w J:ok:144w K:ok:1510w tess:7/13
vol022_tropicalagricult2219ceyl	1083	capped+faded	SHOWTHROUGH	tess-mirror:65/11/rot18	0	old:LOOP:1783w E:LOOP:967w O:ok:117w H:ok:207w J:LOOP:2272w K:LOOP:3005w H:ok:678w M:ok:1281w Q:ok:1039w tess:11/65
vol022_tropicalagricult2219ceyl	1095	faded	FAINT	old-images-only	0	old:ok:169w E:ok:660w J:ok:1067w K:ok:697w H:ok:509w M:ok:1138w Q:ok:2425w tess:0/6
vol022_tropicalagricult2219ceyl	1109	faded	SHOWTHROUGH	tess-mirror:24/3/rot14	0	old:ok:588w E:ok:120w J:ok:777w K:LOOP:6322w H:ok:1120w M:ok:1154w Q:ok:1483w tess:3/24
vol022_tropicalagricult2219ceyl	1121	faded	SHOWTHROUGH	tess-mirror:33/5/rot3	0	old:ok:995w E:LOOP:1478w J:ok:768w K:ok:915w H:ok:902w M:ok:1088w Q:ok:1488w tess:5/33
vol022_tropicalagricult2219ceyl	1139	faded	SHOWTHROUGH	tess-mirror:34/8/rot10	0	old:ok:1007w E:ok:911w J:ok:133w K:ok:76w H:ok:1122w M:ok:1185w Q:LOOP:2512w tess:8/34
vol022_tropicalagricult2219ceyl	1155	faded	FAINT	old-images-only	0	old:ok:18w E:ok:1396w J:ok:1811w K:ok:35w H:ok:1761w M:ok:510w Q:LOOP:2024w tess:2/1
vol022_tropicalagricult2219ceyl	1175	faded	FAINT	old-images-only	0	old:ok:0w E:ok:0w J:ok:83w K:LOOP:6753w tess:0/0
vol022_tropicalagricult2219ceyl	1181	repeat+faded	FAINT	old-images-only	0	old:LOOP:40w E:ok:72w E:ok:66w J:LOOP:4629w K:ok:1568w H:LOOP:11160w M:ok:708w Q:LOOP:2972w tess:0/1
vol022_tropicalagricult2219ceyl	1195	capped+faded	FAINT	old-images-only	0	old:LOOP:10393w O:ok:47w E:ok:565w O:ok:24w H:ok:430w J:ok:528w K:LOOP:4562w H:ok:1043w M:ok:936w Q:ok:751w tess:0/1
vol022_tropicalagricult2219ceyl	1201	faded	FAINT	old-images-only	0	old:ok:0w E:ok:0w J:ok:957w K:ok:455w tess:0/0
vol022_tropicalagricult2219ceyl	1223	faded	FAINT	old-images-only	0	old:ok:848w E:LOOP:70w J:LOOP:6508w K:LOOP:6792w H:LOOP:6554w M:ok:635w Q:LOOP:3237w tess:2/7
vol022_tropicalagricult2219ceyl	1235	faded	FAINT	old-images-only	0	old:ok:28w E:ok:5w E:ok:5w J:ok:95w K:ok:490w H:ok:634w M:ok:375w Q:ok:170w tess:1/0
vol022_tropicalagricult2219ceyl	1273	faded	FAINT	old-images-only	0	old:ok:0w E:ok:31w J:LOOP:2661w K:ok:67w H:LOOP:3073w M:LOOP:5865w Q:ok:46w tess:0/0
vol022_tropicalagricult2219ceyl	1280	faded	KEEP_BLANK	old	0	old:ok:0w E:ok:0w J:ok:0w K:ok:0w tess:0/0
vol022_tropicalagricult2219ceyl	1282	faded	KEEP_BLANK	old	0	old:ok:0w E:ok:0w J:ok:0w K:ok:0w tess:0/0
vol022_tropicalagricult2219ceyl	157	capped	ACCEPT_CAP	r1O/O_001:61	1486	old:LOOP:2113w O:ok:1486w tess:389/87 recall=0.87
vol022_tropicalagricult2219ceyl	5	faded	FAINT	old-images-only	0	old:ok:226w E:LOOP:2670w J:ok:258w K:ok:240w tess:0/1
vol022_tropicalagricult2219ceyl	911	repeat+faded	FAINT	old-images-only	0	old:LOOP:64w E:ok:51w E:LOOP:2302w J:ok:0w K:ok:4w H:ok:31w M:ok:12w Q:ok:32w tess:0/0
vol022_tropicalagricult2219ceyl	933	faded	FAINT	old-images-only	0	old:ok:1023w E:ok:309w J:LOOP:1091w K:ok:247w H:ok:446w M:ok:507w Q:LOOP:2680w tess:0/0
vol022_tropicalagricult2219ceyl	947	faded	FAINT	old-images-only	0	old:ok:0w E:ok:0w J:ok:0w K:ok:14w tess:0/0
vol022_tropicalagricult2219ceyl	965	faded	FAINT	old-images-only	0	old:ok:46w E:ok:14w J:ok:413w K:ok:389w H:ok:1204w M:LOOP:5822w Q:ok:278w tess:0/0
vol022_tropicalagricult2219ceyl	979	faded	FAINT	old-images-only	0	old:ok:0w E:ok:63w E:ok:110w J:ok:90w K:ok:433w H:ok:4555w M:ok:1208w Q:LOOP:8406w tess:2/3
vol022_tropicalagricult2219ceyl	985	repeat+faded	FAINT	old-images-only	0	old:LOOP:466w E:LOOP:130w E:LOOP:130w J:ok:931w K:ok:1107w H:ok:2575w M:ok:1607w Q:ok:2915w tess:2/8
vol022_tropicalagricult2219ceyl	987	capped	ACCEPT_CAP	r1O/O_001:62	1431	old:LOOP:1627w O:ok:1431w tess:302/60 recall=0.82
vol022_tropicalagricult2219ceyl	993	faded	FAINT	old-images-only	0	old:ok:247w E:ok:1w J:LOOP:7527w K:LOOP:6820w H:LOOP:7527w M:ok:937w Q:LOOP:5702w tess:0/5
vol022_tropicalagricult2219ceyl	999	faded	FAINT	old-images-only	0	old:ok:0w E:ok:0w J:ok:926w K:ok:1174w tess:0/1
vol023_tropicalagricult2319ceyl	1	faded	KEEP_MINOR	old	3	old:ok:3w E:ok:2w J:ok:3w K:ok:7w tess:0/0
vol023_tropicalagricult2319ceyl	1001	repeat+faded	SHOWTHROUGH	tess-mirror:53/8/rot4	0	old:LOOP:86w E:LOOP:79w E:LOOP:2662w J:LOOP:6947w K:LOOP:1034w tess:8/53
vol023_tropicalagricult2319ceyl	101	faded	FAINT	old-images-only	0	old:ok:13w E:ok:15w J:ok:303w K:ok:305w tess:1/2
vol023_tropicalagricult2319ceyl	1015	repeat+faded	FAINT	old-images-only	0	old:LOOP:71w E:ok:102w E:ok:70w J:LOOP:7091w K:LOOP:6163w H:LOOP:6541w M:ok:911w Q:ok:4591w tess:0/7
vol023_tropicalagricult2319ceyl	102	faded	KEEP_BLANK	old	0	old:ok:0w E:ok:0w J:ok:0w K:ok:0w tess:0/0
vol023_tropicalagricult2319ceyl	1031	faded	FAINT	old-images-only	0	old:ok:290w E:ok:368w J:LOOP:6705w K:LOOP:6405w H:ok:1099w M:ok:913w Q:LOOP:7979w tess:0/2
vol023_tropicalagricult2319ceyl	1045	faded	SHOWTHROUGH	tess-mirror:25/5/rot5	0	old:ok:16w E:LOOP:2886w J:LOOP:6375w K:ok:126w H:LOOP:1344w M:ok:1375w Q:LOOP:14826w tess:5/25
vol023_tropicalagricult2319ceyl	1061	faded	FAINT	old-images-only	0	old:ok:0w E:ok:0w J:ok:20w K:LOOP:9959w tess:0/0
vol023_tropicalagricult2319ceyl	1081	faded	FAINT	old-images-only	0	old:ok:26w E:ok:808w J:ok:232w K:ok:1791w H:ok:1163w M:ok:1110w Q:ok:1581w tess:0/0
vol023_tropicalagricult2319ceyl	1099	faded	FAINT	old-images-only	0	old:ok:0w E:ok:0w J:ok:145w K:ok:53w tess:0/0
vol023_tropicalagricult2319ceyl	111	faded	KEEP_BLANK	old	0	old:ok:0w E:ok:0w J:ok:0w K:ok:0w tess:0/0
vol023_tropicalagricult2319ceyl	1113	faded	FAINT	old-images-only	0	old:ok:0w E:ok:0w J:ok:58w K:ok:832w tess:0/0
vol023_tropicalagricult2319ceyl	1137	faded	FAINT	old-images-only	0	old:ok:0w E:ok:0w J:LOOP:4060w K:ok:1122w tess:0/0
vol023_tropicalagricult2319ceyl	1171	faded	FAINT	old-images-only	0	old:ok:0w E:ok:0w J:ok:295w K:LOOP:5590w tess:0/0
vol023_tropicalagricult2319ceyl	1179	faded	FAINT	old-images-only	0	old:ok:0w E:ok:0w J:LOOP:5174w K:ok:1849w tess:0/0
vol023_tropicalagricult2319ceyl	1193	faded	FAINT	old-images-only	0	old:ok:30w E:ok:659w J:ok:905w K:ok:1217w H:ok:1445w M:ok:911w Q:ok:835w tess:1/4
vol023_tropicalagricult2319ceyl	1199	faded	FAINT	old-images-only	0	old:ok:0w E:ok:0w J:LOOP:5525w K:ok:119w tess:0/0
vol023_tropicalagricult2319ceyl	1213	repeat+faded	FAINT	old-images-only	0	old:LOOP:54w E:ok:12w E:ok:12w J:ok:194w K:ok:77w H:ok:430w M:ok:1377w Q:ok:717w tess:1/0
vol023_tropicalagricult2319ceyl	1245	faded	FAINT	old-images-only	0	old:ok:150w E:ok:74w J:ok:108w K:ok:811w H:LOOP:2809w M:ok:424w Q:ok:626w tess:0/2
vol023_tropicalagricult2319ceyl	1253	faded	FAINT	old-images-only	0	old:ok:4w E:ok:2w J:ok:431w K:ok:185w H:LOOP:6828w M:ok:785w Q:ok:94w tess:0/0
vol023_tropicalagricult2319ceyl	1261	faded	FAINT	old-images-only	0	old:ok:0w E:ok:0w J:ok:133w K:ok:685w tess:0/0
vol023_tropicalagricult2319ceyl	1271	faded	FAINT	old-images-only	0	old:ok:1211w E:ok:107w J:ok:398w K:ok:1033w tess:0/2
vol023_tropicalagricult2319ceyl	1281	repeat+faded	FAINT	old-images-only	0	old:LOOP:66w E:ok:2254w E:ok:2163w J:ok:124w K:LOOP:1021w tess:0/0
vol023_tropicalagricult2319ceyl	1289	faded	FAINT	old-images-only	0	old:ok:407w E:ok:621w J:LOOP:6061w K:LOOP:6216w H:LOOP:6979w M:ok:1256w Q:ok:1184w tess:4/4
vol023_tropicalagricult2319ceyl	1297	faded	FAINT	old-images-only	0	old:ok:27w E:ok:14w J:ok:158w K:ok:233w H:LOOP:3055w M:ok:1097w Q:ok:1109w tess:0/1
vol023_tropicalagricult2319ceyl	1317	faded	FAINT	old-images-only	0	old:ok:218w E:ok:165w J:ok:1513w K:LOOP:6629w H:ok:1149w M:ok:801w Q:LOOP:10071w tess:0/1
vol023_tropicalagricult2319ceyl	1327	repeat+faded	FAINT	old-images-only	0	old:LOOP:2w E:ok:37w E:ok:352w J:ok:119w K:ok:158w tess:0/0
vol023_tropicalagricult2319ceyl	1343	faded	FAINT	old-images-only	0	old:ok:100w E:LOOP:2658w J:LOOP:6369w K:ok:545w tess:0/0
vol023_tropicalagricult2319ceyl	1363	repeat+faded	FAINT	old-images-only	0	old:LOOP:126w E:LOOP:163w E:ok:304w J:ok:2488w K:LOOP:2595w H:ok:1003w M:ok:1112w Q:ok:992w tess:0/0
vol023_tropicalagricult2319ceyl	1383	faded	FAINT	old-images-only	0	old:ok:214w E:ok:196w J:ok:143w K:ok:142w H:ok:809w M:ok:1185w Q:LOOP:6076w tess:3/10
vol023_tropicalagricult2319ceyl	1395	faded	FAINT	old-images-only	0	old:ok:0w E:ok:11w J:ok:470w K:ok:258w H:LOOP:1726w M:ok:703w Q:ok:595w tess:0/2
vol023_tropicalagricult2319ceyl	1414	faded	KEEP_BLANK	old	0	old:ok:0w E:ok:0w J:ok:0w K:ok:0w tess:0/0
vol023_tropicalagricult2319ceyl	1416	faded	KEEP_BLANK	old	0	old:ok:0w E:ok:0w J:ok:0w K:ok:0w tess:0/0
vol023_tropicalagricult2319ceyl	180	faded	KEEP_BLANK	old	0	old:ok:0w E:ok:1w J:ok:0w K:ok:0w tess:0/0
vol023_tropicalagricult2319ceyl	22	faded	FAINT	old-images-only	0	old:ok:0w E:ok:0w J:ok:1202w K:ok:231w tess:0/0
vol023_tropicalagricult2319ceyl	23	faded	KEEP_BLANK	old	0	old:ok:0w E:ok:0w J:ok:0w K:ok:0w tess:0/0
vol023_tropicalagricult2319ceyl	258	faded	KEEP_BLANK	old	0	old:ok:0w E:ok:0w J:ok:0w K:ok:0w tess:0/0
vol023_tropicalagricult2319ceyl	334	faded	KEEP_BLANK	old	0	old:ok:0w E:ok:0w J:ok:0w K:ok:0w tess:0/0
vol023_tropicalagricult2319ceyl	396	capped	ACCEPT_CAP	r1O/O_001:63	631	old:LOOP:1729w O:ok:631w tess:157/18 recall=0.83
vol023_tropicalagricult2319ceyl	5	faded	FAINT	old-images-only	0	old:ok:289w E:ok:133w J:ok:172w K:ok:306w tess:0/1
vol023_tropicalagricult2319ceyl	7	faded	FAINT	old-images-only	0	old:ok:418w E:ok:679w J:ok:341w K:ok:533w tess:1/0
vol023_tropicalagricult2319ceyl	911	faded	FAINT	old-images-only	0	old:ok:136w E:ok:476w J:ok:623w K:ok:533w H:ok:637w M:ok:627w Q:ok:572w tess:1/3
vol023_tropicalagricult2319ceyl	913	faded	FAINT	old-images-only	0	old:ok:1154w E:ok:74w J:ok:1147w K:ok:337w H:LOOP:1925w M:ok:1076w Q:LOOP:4662w tess:0/0
vol026_tropicalagricul261906ceyl	0	faded	KEEP_BLANK	old	0	old:ok:0w E:ok:0w J:ok:0w K:ok:0w tess:0/0
vol026_tropicalagricul261906ceyl	101	faded	KEEP_BLANK	old	0	old:ok:0w E:ok:0w J:ok:0w K:ok:0w tess:0/0
vol026_tropicalagricul261906ceyl	12	faded	FAINT	old-images-only	0	old:ok:0w E:ok:0w J:ok:190w K:ok:0w tess:0/0
vol026_tropicalagricul261906ceyl	120	faded	KEEP_BLANK	old	0	old:ok:0w E:ok:0w J:ok:0w K:ok:0w tess:0/0
vol026_tropicalagricul261906ceyl	2	faded	KEEP_MINOR	old	7	old:ok:7w E:ok:0w J:ok:7w K:ok:7w tess:4/2
vol026_tropicalagricul261906ceyl	200	faded	KEEP_BLANK	old	0	old:ok:0w E:ok:3w J:ok:0w K:ok:0w tess:0/0
vol026_tropicalagricul261906ceyl	224	faded	KEEP_BLANK	old	0	old:ok:0w E:ok:0w J:ok:0w K:ok:0w tess:0/0
vol026_tropicalagricul261906ceyl	253	faded	KEEP_BLANK	old	0	old:ok:0w E:ok:0w J:ok:0w K:ok:0w tess:0/0
vol026_tropicalagricul261906ceyl	257	faded	KEEP_BLANK	old	0	old:ok:0w E:ok:0w J:ok:0w K:ok:0w tess:0/0
vol026_tropicalagricul261906ceyl	263	faded	KEEP_BLANK	old	0	old:ok:0w E:ok:0w J:ok:0w K:ok:0w tess:0/0
vol026_tropicalagricul261906ceyl	267	faded	KEEP_BLANK	old	0	old:ok:0w E:ok:0w J:ok:0w K:ok:0w tess:0/0
vol026_tropicalagricul261906ceyl	3	faded	KEEP_BLANK	old	0	old:ok:0w E:ok:0w J:ok:0w K:ok:0w tess:0/0
vol026_tropicalagricul261906ceyl	336	faded	KEEP_BLANK	old	0	old:ok:0w E:ok:2w J:ok:0w K:ok:0w tess:0/0
vol026_tropicalagricul261906ceyl	393	faded	FAINT	old-images-only	0	old:ok:0w E:ok:0w J:LOOP:13245w K:ok:374w tess:0/2
vol026_tropicalagricul261906ceyl	4	faded	KEEP_BLANK	old	0	old:ok:0w E:ok:0w J:ok:0w K:ok:0w tess:0/0
vol026_tropicalagricul261906ceyl	461	faded	KEEP_BLANK	old	0	old:ok:0w E:ok:0w J:ok:0w K:ok:0w tess:0/0
vol026_tropicalagricul261906ceyl	47	faded	KEEP_BLANK	old	0	old:ok:0w E:ok:0w J:ok:0w K:ok:0w tess:0/0
vol026_tropicalagricul261906ceyl	5	faded	KEEP_BLANK	old	0	old:ok:0w E:ok:0w J:ok:0w K:ok:0w tess:0/0
vol026_tropicalagricul261906ceyl	509	faded	FAINT	old-images-only	0	old:ok:0w E:ok:0w J:LOOP:184w K:ok:38w tess:0/0
vol026_tropicalagricul261906ceyl	517	faded	FAINT	old-images-only	0	old:ok:0w E:ok:0w J:ok:36w K:ok:328w tess:0/0
vol026_tropicalagricul261906ceyl	569	faded	KEEP_BLANK	old	0	old:ok:0w E:ok:0w J:ok:0w K:ok:0w tess:0/0
vol026_tropicalagricul261906ceyl	571	faded	KEEP_BLANK	old	0	old:ok:0w E:ok:0w J:ok:0w K:ok:0w tess:0/0
vol026_tropicalagricul261906ceyl	573	faded	KEEP_BLANK	old	0	old:ok:0w E:ok:0w J:ok:0w K:ok:0w tess:0/0
vol026_tropicalagricul261906ceyl	575	faded	KEEP_MINOR	old	0	old:ok:0w E:ok:0w J:ok:0w K:ok:5w tess:0/0
vol026_tropicalagricul261906ceyl	577	faded	KEEP_BLANK	old	0	old:ok:0w E:ok:0w J:ok:0w K:ok:0w tess:0/0
vol026_tropicalagricul261906ceyl	580	faded	KEEP_BLANK	old	0	old:ok:0w E:ok:0w J:ok:0w K:ok:0w tess:0/0
vol026_tropicalagricul261906ceyl	585	faded	FAINT	old-images-only	0	old:ok:0w E:ok:0w J:ok:0w K:ok:72w tess:0/0
vol026_tropicalagricul261906ceyl	586	faded	KEEP_BLANK	old	0	old:ok:0w E:ok:0w J:ok:0w K:ok:0w tess:0/0
vol026_tropicalagricul261906ceyl	587	faded	KEEP_BLANK	old	0	old:ok:0w E:ok:0w J:ok:0w K:ok:0w tess:0/0
vol026_tropicalagricul261906ceyl	588	faded	KEEP_BLANK	old	0	old:ok:0w E:ok:0w J:ok:0w K:ok:0w tess:0/0
vol026_tropicalagricul261906ceyl	589	faded	KEEP_BLANK	old	0	old:ok:0w E:ok:0w J:ok:0w K:ok:0w tess:0/0
vol026_tropicalagricul261906ceyl	590	faded	KEEP_BLANK	old	0	old:ok:0w E:ok:0w J:ok:0w K:ok:0w tess:0/0
vol027_tropicalagricul271906ceyl	167	faded	KEEP_BLANK	old	0	old:ok:0w E:ok:0w J:ok:0w K:ok:0w tess:0/0
vol027_tropicalagricul271906ceyl	169	faded	KEEP_BLANK	old	0	old:ok:0w E:ok:0w J:ok:0w K:ok:0w tess:0/0
vol027_tropicalagricul271906ceyl	173	faded	KEEP_BLANK	old	0	old:ok:0w E:ok:0w J:ok:0w K:ok:0w tess:0/0
vol027_tropicalagricul271906ceyl	21	faded	KEEP_BLANK	old	0	old:ok:0w E:ok:0w J:ok:0w K:ok:0w tess:0/0
vol027_tropicalagricul271906ceyl	221	faded	KEEP_BLANK	old	0	old:ok:0w E:ok:0w J:ok:0w K:ok:0w tess:0/0
vol027_tropicalagricul271906ceyl	249	faded	KEEP_BLANK	old	0	old:ok:0w E:ok:0w J:ok:0w K:ok:0w tess:0/0
vol027_tropicalagricul271906ceyl	25	faded	KEEP_BLANK	old	0	old:ok:0w E:ok:0w J:ok:0w K:ok:0w tess:0/0
vol027_tropicalagricul271906ceyl	251	faded	KEEP_BLANK	old	0	old:ok:0w E:ok:0w J:ok:0w K:ok:0w tess:0/0
vol027_tropicalagricul271906ceyl	3	faded	KEEP_BLANK	old	0	old:ok:0w E:ok:0w J:ok:0w K:ok:0w tess:0/0
vol027_tropicalagricul271906ceyl	311	faded	KEEP_MINOR	old	0	old:ok:0w E:ok:0w J:LOOP:135w K:LOOP:128w tess:0/0
vol027_tropicalagricul271906ceyl	344	faded	KEEP_BLANK	old	0	old:ok:0w E:ok:0w J:ok:0w K:ok:0w tess:0/0
vol027_tropicalagricul271906ceyl	351	faded	KEEP_BLANK	old	0	old:ok:0w E:ok:0w J:ok:0w K:ok:0w tess:0/0
vol027_tropicalagricul271906ceyl	380	faded	KEEP_BLANK	old	0	old:ok:0w E:ok:0w J:ok:0w K:ok:0w tess:0/0
vol027_tropicalagricul271906ceyl	383	faded	KEEP_BLANK	old	0	old:ok:0w E:ok:2w J:ok:0w K:ok:0w tess:0/0
vol027_tropicalagricul271906ceyl	4	faded	KEEP_MINOR	old	7	old:ok:7w E:ok:7w J:ok:7w K:ok:7w tess:4/2
vol027_tropicalagricul271906ceyl	423	faded	KEEP_BLANK	old	0	old:ok:0w E:ok:0w J:ok:0w K:ok:0w tess:0/0
vol027_tropicalagricul271906ceyl	425	faded	KEEP_BLANK	old	0	old:ok:0w E:ok:17w J:ok:0w K:ok:0w tess:0/0
vol027_tropicalagricul271906ceyl	5	faded	KEEP_BLANK	old	0	old:ok:0w E:ok:0w J:ok:0w K:ok:0w tess:0/0
vol027_tropicalagricul271906ceyl	527	faded	KEEP_BLANK	old	0	old:ok:0w E:ok:0w J:ok:0w K:ok:0w tess:0/0
vol027_tropicalagricul271906ceyl	529	faded	KEEP_BLANK	old	0	old:ok:0w E:ok:0w J:ok:0w K:ok:0w tess:0/0
vol027_tropicalagricul271906ceyl	555	faded	KEEP_BLANK	old	0	old:ok:0w E:ok:0w J:ok:0w K:ok:0w tess:0/0
vol027_tropicalagricul271906ceyl	572	faded	KEEP_BLANK	old	0	old:ok:0w E:ok:0w J:ok:0w K:ok:0w tess:0/0
vol027_tropicalagricul271906ceyl	573	faded	KEEP_BLANK	old	0	old:ok:0w E:ok:0w J:ok:0w K:ok:0w tess:0/0
vol027_tropicalagricul271906ceyl	574	faded	KEEP_BLANK	old	0	old:ok:0w E:ok:0w J:ok:0w K:ok:0w tess:0/0
vol027_tropicalagricul271906ceyl	90	faded	KEEP_BLANK	old	0	old:ok:0w E:ok:0w J:ok:0w K:ok:0w tess:0/0
vol028_tropicalagricul281907ceyl	11	faded	KEEP_BLANK	old	0	old:ok:0w E:ok:0w J:ok:0w K:ok:0w tess:0/0
vol028_tropicalagricul281907ceyl	13	faded	KEEP_BLANK	old	0	old:ok:0w E:ok:0w J:ok:0w K:ok:0w tess:1/0
vol028_tropicalagricul281907ceyl	196	faded	KEEP_BLANK	old	0	old:ok:0w E:ok:0w J:ok:0w K:ok:0w tess:0/0
vol028_tropicalagricul281907ceyl	201	faded	KEEP_BLANK	old	0	old:ok:0w E:ok:3w J:ok:0w K:ok:0w tess:0/0
vol028_tropicalagricul281907ceyl	214	faded	KEEP_BLANK	old	0	old:ok:0w E:ok:0w J:ok:0w K:ok:0w tess:0/0
vol028_tropicalagricul281907ceyl	219	faded	KEEP_BLANK	old	0	old:ok:0w E:ok:0w J:ok:0w K:ok:0w tess:0/0
vol028_tropicalagricul281907ceyl	317	faded	KEEP_BLANK	old	0	old:ok:0w E:ok:0w J:ok:0w K:ok:0w tess:0/0
vol028_tropicalagricul281907ceyl	363	faded	KEEP_BLANK	old	0	old:ok:0w E:ok:0w J:ok:0w K:ok:0w tess:0/0
vol028_tropicalagricul281907ceyl	4	faded	KEEP_BLANK	old	0	old:ok:0w E:ok:0w J:ok:0w K:ok:0w tess:0/0
vol028_tropicalagricul281907ceyl	413	faded	KEEP_BLANK	old	0	old:ok:0w E:ok:6w J:ok:0w K:ok:0w tess:0/0
vol028_tropicalagricul281907ceyl	445	faded	FAINT	old-images-only	0	old:ok:0w E:ok:191w J:LOOP:6w K:LOOP:105w H:ok:8w M:ok:24w Q:LOOP:31w tess:0/0
vol028_tropicalagricul281907ceyl	447	faded	FAINT	old-images-only	0	old:ok:2w E:ok:1w J:ok:2w K:ok:22w tess:0/0
vol028_tropicalagricul281907ceyl	448	faded	KEEP_BLANK	old	0	old:ok:0w E:ok:0w J:ok:0w K:ok:0w tess:0/0
vol028_tropicalagricul281907ceyl	449	faded	KEEP_BLANK	old	0	old:ok:0w E:ok:0w J:ok:0w K:ok:0w tess:0/0
vol028_tropicalagricul281907ceyl	46	faded	KEEP_BLANK	old	0	old:ok:0w E:ok:0w J:ok:0w K:ok:0w tess:0/0
vol028_tropicalagricul281907ceyl	5	faded	KEEP_MINOR	old	7	old:ok:7w E:ok:7w J:ok:7w K:ok:7w tess:4/1
vol030_tropicalagricul301908ceyl	229	faded	KEEP_BLANK	old	0	old:ok:0w E:ok:0w J:ok:0w K:ok:0w tess:0/0
vol030_tropicalagricul301908ceyl	273	faded	KEEP_BLANK	old	0	old:ok:0w E:ok:0w J:ok:0w K:ok:0w tess:0/0
vol030_tropicalagricul301908ceyl	3	faded	KEEP_BLANK	old	0	old:ok:0w E:ok:0w J:ok:0w K:ok:0w tess:0/0
vol030_tropicalagricul301908ceyl	367	faded	KEEP_BLANK	old	0	old:ok:0w E:ok:15w J:ok:0w K:ok:0w tess:0/0
vol030_tropicalagricul301908ceyl	369	faded	KEEP_BLANK	old	0	old:ok:0w E:ok:0w J:ok:0w K:ok:0w tess:0/0
vol030_tropicalagricul301908ceyl	371	faded	KEEP_MINOR	old	3	old:ok:3w E:ok:0w J:ok:3w K:ok:2w tess:0/0
vol030_tropicalagricul301908ceyl	4	faded	KEEP_MINOR	old	7	old:ok:7w E:ok:7w J:ok:7w K:ok:7w tess:4/2
vol030_tropicalagricul301908ceyl	494	faded	KEEP_BLANK	old	0	old:ok:0w E:ok:0w J:ok:0w K:ok:0w tess:0/0
vol030_tropicalagricul301908ceyl	499	faded	KEEP_BLANK	old	0	old:ok:0w E:ok:0w J:ok:0w K:ok:0w tess:0/0
vol030_tropicalagricul301908ceyl	5	faded	KEEP_BLANK	old	0	old:ok:0w E:ok:0w J:ok:0w K:ok:0w tess:0/0
vol030_tropicalagricul301908ceyl	554	faded	KEEP_BLANK	old	0	old:ok:0w E:ok:0w J:ok:0w K:ok:0w tess:0/0
vol030_tropicalagricul301908ceyl	605	faded	KEEP_BLANK	old	0	old:ok:0w E:ok:0w J:ok:0w K:ok:0w tess:0/0
vol030_tropicalagricul301908ceyl	607	faded	KEEP_BLANK	old	0	old:ok:0w E:ok:0w J:ok:0w K:ok:0w tess:0/0
vol030_tropicalagricul301908ceyl	654	faded	KEEP_BLANK	old	0	old:ok:0w E:ok:0w J:ok:0w K:ok:0w tess:0/0
vol030_tropicalagricul301908ceyl	655	faded	KEEP_BLANK	old	0	old:ok:0w E:ok:0w J:ok:0w K:ok:0w tess:0/0
vol030_tropicalagricul301908ceyl	656	faded	KEEP_BLANK	old	0	old:ok:0w E:ok:0w J:ok:0w K:ok:0w tess:0/0
vol030_tropicalagricul301908ceyl	69	faded	KEEP_BLANK	old	0	old:ok:0w E:ok:0w J:ok:0w K:ok:0w tess:0/0
vol031_tropicalagricul311908ceyl	0	faded	KEEP_BLANK	old	0	old:ok:0w E:ok:0w J:ok:0w K:ok:0w tess:0/0
vol031_tropicalagricul311908ceyl	122	faded	KEEP_BLANK	old	0	old:ok:0w E:ok:0w J:ok:0w K:ok:0w tess:0/0
vol031_tropicalagricul311908ceyl	154	faded	KEEP_BLANK	old	0	old:ok:0w E:ok:0w J:ok:0w K:ok:0w tess:0/0
vol031_tropicalagricul311908ceyl	230	faded	KEEP_BLANK	old	0	old:ok:0w E:ok:0w J:ok:0w K:ok:0w tess:0/0
vol031_tropicalagricul311908ceyl	257	faded	KEEP_BLANK	old	0	old:ok:0w E:ok:0w J:ok:0w K:ok:0w tess:0/0
vol031_tropicalagricul311908ceyl	258	faded	KEEP_MINOR	old	0	old:ok:0w E:ok:0w J:ok:4w K:ok:0w tess:0/0
vol031_tropicalagricul311908ceyl	342	faded	KEEP_BLANK	old	0	old:ok:0w E:ok:11w J:ok:0w K:ok:0w tess:0/0
vol031_tropicalagricul311908ceyl	351	faded	KEEP_BLANK	old	0	old:ok:0w E:ok:0w J:ok:0w K:ok:0w tess:0/0
vol031_tropicalagricul311908ceyl	4	faded	KEEP_BLANK	old	0	old:ok:0w E:ok:0w J:ok:0w K:ok:0w tess:0/0
vol031_tropicalagricul311908ceyl	444	faded	KEEP_BLANK	old	0	old:ok:0w E:ok:3w J:ok:0w K:ok:0w tess:0/0
vol031_tropicalagricul311908ceyl	467	faded	KEEP_BLANK	old	0	old:ok:0w E:ok:0w J:ok:0w K:ok:0w tess:0/0
vol031_tropicalagricul311908ceyl	468	faded	KEEP_BLANK	old	0	old:ok:0w E:ok:0w J:ok:0w K:ok:0w tess:0/0
vol031_tropicalagricul311908ceyl	5	faded	KEEP_MINOR	old	7	old:ok:7w E:ok:7w J:ok:7w K:ok:7w tess:4/2
vol031_tropicalagricul311908ceyl	554	faded	KEEP_BLANK	old	0	old:ok:0w E:ok:0w J:ok:0w K:ok:0w tess:0/0
vol031_tropicalagricul311908ceyl	572	faded	KEEP_BLANK	old	0	old:ok:0w E:ok:0w J:ok:0w K:ok:0w tess:0/0
vol031_tropicalagricul311908ceyl	662	faded	KEEP_BLANK	old	0	old:ok:0w E:ok:0w J:ok:0w K:ok:0w tess:0/0
vol031_tropicalagricul311908ceyl	663	faded	KEEP_BLANK	old	0	old:ok:0w E:ok:0w J:ok:0w K:ok:0w tess:0/0
vol031_tropicalagricul311908ceyl	85	faded	KEEP_BLANK	old	0	old:ok:0w E:ok:0w J:ok:0w K:ok:0w tess:0/0
vol031_tropicalagricul311908ceyl	86	faded	KEEP_BLANK	old	0	old:ok:0w E:ok:0w J:ok:0w K:ok:0w tess:0/0
vol032_tropicalagricul321909ceyl	0	faded	KEEP_BLANK	old	0	old:ok:0w E:ok:0w J:ok:0w K:ok:0w tess:0/0
vol032_tropicalagricul321909ceyl	122	faded	KEEP_BLANK	old	0	old:ok:0w E:ok:0w J:ok:0w K:ok:0w tess:0/0
vol032_tropicalagricul321909ceyl	14	faded	KEEP_BLANK	old	0	old:ok:0w E:ok:0w J:ok:0w K:ok:0w tess:0/0
vol032_tropicalagricul321909ceyl	303	faded	KEEP_BLANK	old	0	old:ok:0w E:ok:0w J:ok:0w K:ok:0w tess:0/0
vol032_tropicalagricul321909ceyl	336	faded	KEEP_BLANK	old	0	old:ok:0w E:ok:13w J:ok:0w K:ok:0w tess:0/0
vol032_tropicalagricul321909ceyl	355	faded	KEEP_BLANK	old	0	old:ok:0w E:ok:0w J:ok:0w K:ok:0w tess:0/0
vol032_tropicalagricul321909ceyl	4	faded	KEEP_MINOR	old	7	old:ok:7w E:ok:7w J:ok:7w K:ok:7w tess:4/2
vol032_tropicalagricul321909ceyl	415	faded	FAINT	old-images-only	0	old:ok:0w E:ok:0w J:ok:119w K:ok:76w tess:0/0
vol032_tropicalagricul321909ceyl	43	faded	KEEP_BLANK	old	0	old:ok:0w E:ok:0w J:ok:0w K:ok:0w tess:0/0
vol032_tropicalagricul321909ceyl	440	faded	KEEP_BLANK	old	0	old:ok:0w E:ok:0w J:ok:0w K:ok:0w tess:0/0
vol032_tropicalagricul321909ceyl	444	faded	KEEP_BLANK	old	0	old:ok:0w E:ok:0w J:ok:0w K:ok:0w tess:0/0
vol032_tropicalagricul321909ceyl	490	faded	KEEP_BLANK	old	0	old:ok:0w E:ok:0w J:ok:0w K:ok:0w tess:0/0
vol032_tropicalagricul321909ceyl	5	faded	KEEP_BLANK	old	0	old:ok:0w E:ok:0w J:ok:0w K:ok:0w tess:0/0
vol032_tropicalagricul321909ceyl	544	faded	KEEP_BLANK	old	0	old:ok:0w E:ok:0w E:ok:0w J:ok:0w K:ok:0w tess:0/0
vol032_tropicalagricul321909ceyl	646	faded	KEEP_MINOR	old	0	old:ok:0w E:ok:0w J:ok:1w K:ok:1w tess:0/0
vol032_tropicalagricul321909ceyl	647	faded	KEEP_BLANK	old	0	old:ok:0w E:ok:0w J:ok:0w K:ok:0w tess:0/0
vol032_tropicalagricul321909ceyl	651	faded	KEEP_BLANK	old	0	old:ok:0w E:ok:0w J:ok:0w K:ok:0w tess:0/0
vol033_tropicalagricul331909ceyl	137	faded	KEEP_BLANK	old	0	old:ok:0w E:ok:2w J:ok:0w K:ok:0w tess:0/0
vol033_tropicalagricul331909ceyl	14	faded	KEEP_BLANK	old	0	old:ok:0w E:ok:0w J:ok:0w K:ok:0w tess:0/0
vol033_tropicalagricul331909ceyl	153	faded	KEEP_BLANK	old	0	old:ok:0w E:ok:0w J:ok:0w K:ok:0w tess:0/0
vol033_tropicalagricul331909ceyl	239	faded	KEEP_BLANK	old	0	old:ok:0w E:ok:10w J:ok:0w K:ok:0w tess:0/0
vol033_tropicalagricul331909ceyl	330	faded	KEEP_BLANK	old	0	old:ok:0w E:ok:0w J:ok:0w K:ok:0w tess:0/0
vol033_tropicalagricul331909ceyl	342	faded	KEEP_BLANK	old	0	old:ok:0w E:ok:4w J:ok:0w K:ok:0w tess:0/0
vol033_tropicalagricul331909ceyl	4	faded	KEEP_BLANK	old	0	old:ok:0w E:ok:0w J:ok:0w K:ok:0w tess:0/0
vol033_tropicalagricul331909ceyl	440	faded	KEEP_BLANK	old	0	old:ok:0w E:ok:0w J:ok:0w K:ok:0w tess:0/0
vol033_tropicalagricul331909ceyl	460	faded	KEEP_BLANK	old	0	old:ok:0w E:ok:2w J:ok:0w K:ok:0w tess:0/0
vol033_tropicalagricul331909ceyl	5	faded	KEEP_MINOR	old	7	old:ok:7w E:ok:7w J:ok:7w K:ok:7w tess:4/2
vol033_tropicalagricul331909ceyl	512	faded	KEEP_BLANK	old	0	old:ok:0w E:ok:0w J:ok:0w K:ok:0w tess:0/0
vol033_tropicalagricul331909ceyl	538	faded	KEEP_BLANK	old	0	old:ok:0w E:ok:0w J:ok:0w K:ok:0w tess:0/0
vol033_tropicalagricul331909ceyl	608	faded	FAINT	old-images-only	0	old:ok:1w E:ok:0w J:ok:90w K:ok:76w H:ok:233w M:ok:253w Q:ok:211w tess:0/0
vol033_tropicalagricul331909ceyl	614	faded	KEEP_MINOR	old	0	old:ok:0w E:ok:0w J:ok:1w K:ok:0w tess:0/0
vol033_tropicalagricul331909ceyl	615	faded	KEEP_BLANK	old	0	old:ok:0w E:ok:0w J:ok:0w K:ok:0w tess:0/0
vol033_tropicalagricul331909ceyl	619	faded	KEEP_BLANK	old	0	old:ok:0w E:ok:0w J:ok:0w K:ok:0w tess:0/0
vol034_tropicalagricul341910ceyl	14	faded	KEEP_BLANK	old	0	old:ok:0w E:ok:0w J:ok:0w K:ok:0w tess:0/0
vol034_tropicalagricul341910ceyl	208	faded	FAINT	old-images-only	0	old:ok:0w E:ok:0w J:ok:0w K:ok:22w tess:0/0
vol034_tropicalagricul341910ceyl	3	faded	KEEP_BLANK	old	0	old:ok:0w E:ok:0w J:ok:0w K:ok:0w tess:0/0
vol034_tropicalagricul341910ceyl	306	faded	KEEP_BLANK	old	0	old:ok:0w E:ok:0w J:ok:0w K:ok:0w tess:0/0
vol034_tropicalagricul341910ceyl	4	faded	KEEP_MINOR	old	7	old:ok:7w E:ok:7w J:ok:7w K:ok:7w tess:4/0
vol034_tropicalagricul341910ceyl	404	faded	KEEP_BLANK	old	0	old:ok:0w E:ok:0w J:ok:0w K:ok:0w tess:0/0
vol034_tropicalagricul341910ceyl	5	faded	KEEP_MINOR	old	4	old:ok:4w E:ok:4w J:ok:4w K:ok:4w tess:0/0
vol034_tropicalagricul341910ceyl	606	faded	KEEP_BLANK	old	0	old:ok:0w E:ok:0w J:ok:0w K:ok:0w tess:0/0
vol034_tropicalagricul341910ceyl	607	faded	KEEP_BLANK	old	0	old:ok:0w E:ok:3w J:ok:0w K:ok:0w tess:0/0
vol034_tropicalagricul341910ceyl	608	faded	KEEP_BLANK	old	0	old:ok:0w E:ok:0w J:ok:0w K:ok:0w tess:0/0
vol035_tropicalagricul351910ceyl	120	faded	KEEP_BLANK	old	0	old:ok:0w E:ok:0w J:ok:0w K:ok:0w tess:0/0
vol035_tropicalagricul351910ceyl	140	faded	KEEP_BLANK	old	0	old:ok:0w E:ok:2w J:ok:0w K:ok:0w tess:0/0
vol035_tropicalagricul351910ceyl	146	faded	KEEP_BLANK	old	0	old:ok:0w E:ok:0w J:ok:0w K:ok:0w tess:0/0
vol035_tropicalagricul351910ceyl	20	faded	KEEP_BLANK	old	0	old:ok:0w E:ok:0w J:ok:0w K:ok:0w tess:0/0
vol035_tropicalagricul351910ceyl	222	faded	KEEP_BLANK	old	0	old:ok:0w E:ok:0w J:ok:0w K:ok:0w tess:0/0
vol035_tropicalagricul351910ceyl	252	faded	KEEP_BLANK	old	0	old:ok:0w E:ok:0w J:ok:0w K:ok:0w tess:0/0
vol035_tropicalagricul351910ceyl	258	faded	KEEP_BLANK	old	0	old:ok:0w E:ok:5w J:ok:0w K:ok:0w tess:0/0
vol035_tropicalagricul351910ceyl	263	faded	KEEP_BLANK	old	0	old:ok:0w E:ok:0w J:ok:0w K:ok:0w tess:0/0
vol035_tropicalagricul351910ceyl	264	faded	KEEP_BLANK	old	0	old:ok:0w E:ok:0w J:ok:0w K:ok:0w tess:0/0
vol035_tropicalagricul351910ceyl	328	faded	KEEP_BLANK	old	0	old:ok:0w E:ok:64w J:ok:0w K:ok:0w tess:0/0
vol035_tropicalagricul351910ceyl	374	faded	KEEP_BLANK	old	0	old:ok:0w E:ok:211w J:ok:0w K:ok:0w tess:0/0
vol035_tropicalagricul351910ceyl	4	faded	KEEP_BLANK	old	0	old:ok:0w E:ok:0w J:ok:0w K:ok:0w tess:0/0
vol035_tropicalagricul351910ceyl	428	faded	KEEP_BLANK	old	0	old:ok:0w E:ok:3w J:ok:0w K:ok:0w tess:0/0
vol035_tropicalagricul351910ceyl	46	faded	KEEP_BLANK	old	0	old:ok:0w E:ok:0w J:ok:0w K:ok:0w tess:0/0
vol035_tropicalagricul351910ceyl	476	faded	KEEP_BLANK	old	0	old:ok:0w E:ok:0w J:ok:0w K:ok:0w tess:0/0
vol035_tropicalagricul351910ceyl	528	faded	KEEP_BLANK	old	0	old:ok:0w E:ok:0w J:ok:0w K:ok:0w tess:0/0
vol035_tropicalagricul351910ceyl	626	faded	KEEP_BLANK	old	0	old:ok:0w E:ok:2w J:ok:0w K:ok:0w tess:0/0
vol035_tropicalagricul351910ceyl	627	faded	KEEP_BLANK	old	0	old:ok:0w E:ok:0w J:ok:0w K:ok:0w tess:0/0
vol035_tropicalagricul351910ceyl	631	faded	KEEP_BLANK	old	0	old:ok:0w E:ok:0w J:ok:0w K:ok:0w tess:0/0
vol037_tropicalagricul371911ceyl	12	faded	KEEP_BLANK	old	0	old:ok:0w E:ok:0w J:ok:0w K:ok:0w tess:0/0
vol037_tropicalagricul371911ceyl	231	faded	KEEP_MINOR	old	0	old:ok:0w E:ok:0w J:ok:5w K:ok:0w tess:0/0
vol037_tropicalagricul371911ceyl	269	faded	KEEP_BLANK	old	0	old:ok:0w E:ok:0w J:ok:0w K:ok:0w tess:0/0
vol037_tropicalagricul371911ceyl	3	faded	KEEP_MINOR	old	7	old:ok:7w E:ok:7w J:ok:7w K:ok:7w tess:4/2
vol037_tropicalagricul371911ceyl	363	faded	KEEP_BLANK	old	0	old:ok:0w E:ok:0w J:ok:0w K:ok:0w tess:0/0
vol037_tropicalagricul371911ceyl	4	faded	KEEP_BLANK	old	0	old:ok:0w E:ok:0w J:ok:0w K:ok:0w tess:0/0
vol037_tropicalagricul371911ceyl	483	faded	KEEP_MINOR	old	1	old:ok:1w E:ok:0w J:ok:0w K:ok:3w tess:0/0
vol037_tropicalagricul371911ceyl	5	faded	KEEP_BLANK	old	0	old:ok:0w E:ok:0w J:ok:0w K:ok:0w tess:0/0
vol037_tropicalagricul371911ceyl	514	faded	FAINT	old-images-only	0	old:ok:94w E:ok:27w J:LOOP:14845w K:ok:18w H:ok:548w M:ok:1899w Q:ok:482w tess:0/0
vol037_tropicalagricul371911ceyl	612	faded	KEEP_BLANK	old	0	old:ok:0w E:ok:0w J:ok:0w K:ok:0w tess:0/0
vol037_tropicalagricul371911ceyl	613	faded	KEEP_BLANK	old	0	old:ok:0w E:ok:0w J:ok:0w K:ok:0w tess:0/0
vol037_tropicalagricul371911ceyl	614	faded	KEEP_BLANK	old	0	old:ok:0w E:ok:0w J:ok:0w K:ok:0w tess:0/0
vol037_tropicalagricul371911ceyl	77	faded	KEEP_BLANK	old	0	old:ok:0w E:ok:0w J:ok:0w K:ok:0w tess:0/0
vol038_tropicalagricul381912ceyl	12	faded	KEEP_BLANK	old	0	old:ok:0w E:ok:0w J:ok:0w K:ok:0w tess:0/0
vol038_tropicalagricul381912ceyl	129	faded	KEEP_BLANK	old	0	old:ok:0w E:ok:0w J:ok:0w K:ok:0w tess:0/0
vol038_tropicalagricul381912ceyl	131	faded	KEEP_BLANK	old	0	old:ok:0w E:ok:0w J:ok:0w K:ok:0w tess:0/0
vol038_tropicalagricul381912ceyl	236	faded	KEEP_BLANK	old	0	old:ok:0w E:ok:0w J:ok:0w K:ok:0w tess:0/0
vol038_tropicalagricul381912ceyl	238	faded	FAINT	old-images-only	0	old:ok:0w E:ok:0w J:ok:5w K:ok:62w tess:0/0
vol038_tropicalagricul381912ceyl	3	faded	KEEP_BLANK	old	0	old:ok:0w E:ok:0w J:ok:0w K:ok:0w tess:0/0
vol038_tropicalagricul381912ceyl	4	faded	KEEP_MINOR	old	7	old:ok:7w E:ok:7w J:ok:7w K:ok:7w tess:4/2
vol038_tropicalagricul381912ceyl	454	faded	KEEP_BLANK	old	0	old:ok:0w E:LOOP:27w J:ok:0w K:ok:0w tess:0/0
vol038_tropicalagricul381912ceyl	455	faded	KEEP_BLANK	old	0	old:ok:0w E:ok:0w J:ok:0w K:ok:0w tess:0/0
vol038_tropicalagricul381912ceyl	457	faded	KEEP_BLANK	old	0	old:ok:0w E:ok:0w J:ok:0w K:ok:0w tess:0/0
vol038_tropicalagricul381912ceyl	461	faded	KEEP_BLANK	old	0	old:ok:0w E:ok:0w J:ok:0w K:ok:0w tess:0/0
vol038_tropicalagricul381912ceyl	5	faded	KEEP_BLANK	old	0	old:ok:0w E:ok:0w J:ok:0w K:ok:0w tess:0/0
vol038_tropicalagricul381912ceyl	561	faded	FAINT	old-images-only	0	old:ok:0w E:ok:0w J:ok:289w K:ok:14w tess:0/0
vol038_tropicalagricul381912ceyl	563	faded	KEEP_BLANK	old	0	old:ok:0w E:ok:0w J:ok:0w K:ok:0w tess:0/0
vol038_tropicalagricul381912ceyl	612	faded	KEEP_BLANK	old	0	old:ok:0w E:ok:0w J:ok:0w K:ok:0w tess:0/0
vol038_tropicalagricul381912ceyl	613	faded	KEEP_BLANK	old	0	old:ok:0w E:ok:2w J:ok:0w K:ok:0w tess:0/0
vol038_tropicalagricul381912ceyl	614	faded	KEEP_BLANK	old	0	old:ok:0w E:ok:0w J:ok:0w K:ok:0w tess:0/0
vol038_tropicalagricul381912ceyl	64	faded	KEEP_BLANK	old	0	old:ok:0w E:ok:0w J:ok:0w K:ok:0w tess:0/0
vol039_tropicalagricul391912ceyl	0	faded	KEEP_BLANK	old	0	old:ok:0w E:ok:0w J:ok:0w K:ok:0w tess:0/2
vol039_tropicalagricul391912ceyl	112	faded	FAINT	old-images-only	0	old:ok:0w E:ok:0w J:ok:54w K:ok:0w tess:0/0
vol039_tropicalagricul391912ceyl	122	faded	KEEP_BLANK	old	0	old:ok:0w E:ok:0w J:ok:0w K:ok:0w tess:0/0
vol039_tropicalagricul391912ceyl	129	faded	KEEP_BLANK	old	0	old:ok:0w E:ok:0w J:ok:0w K:ok:0w tess:0/0
vol039_tropicalagricul391912ceyl	160	faded	KEEP_BLANK	old	0	old:ok:0w E:ok:0w J:ok:0w K:ok:0w tess:0/0
vol039_tropicalagricul391912ceyl	22	faded	KEEP_MINOR	old	0	old:ok:0w E:ok:0w J:LOOP:105w K:LOOP:390w tess:0/0
vol039_tropicalagricul391912ceyl	224	faded	KEEP_BLANK	old	0	old:ok:0w E:ok:0w J:ok:0w K:ok:0w tess:0/0
vol039_tropicalagricul391912ceyl	243	faded	KEEP_MINOR	old	0	old:ok:0w E:ok:0w J:ok:0w K:LOOP:46w tess:0/0
vol039_tropicalagricul391912ceyl	300	faded	KEEP_BLANK	old	0	old:ok:0w E:ok:0w J:ok:0w K:ok:0w tess:0/0
vol039_tropicalagricul391912ceyl	305	faded	KEEP_BLANK	old	0	old:ok:0w E:ok:0w J:ok:0w K:ok:0w tess:0/0
vol039_tropicalagricul391912ceyl	384	faded	KEEP_BLANK	old	0	old:ok:0w E:ok:0w J:ok:0w K:ok:0w tess:0/0
vol039_tropicalagricul391912ceyl	4	faded	KEEP_MINOR	old	7	old:ok:7w E:ok:7w J:ok:7w K:ok:7w tess:4/3
vol039_tropicalagricul391912ceyl	422	faded	UNRESOLVED		0	old:ok:0w E:ok:0w tess:None/None no-leaf
vol039_tropicalagricul391912ceyl	437	faded	KEEP_MINOR	old	4	old:ok:4w E:ok:0w J:ok:5w K:ok:6w tess:0/0
vol039_tropicalagricul391912ceyl	439	faded	KEEP_BLANK	old	0	old:ok:0w E:ok:0w J:ok:0w K:ok:0w tess:0/0
vol039_tropicalagricul391912ceyl	441	faded	KEEP_BLANK	old	0	old:ok:0w E:ok:0w J:ok:0w K:ok:0w tess:0/0
vol039_tropicalagricul391912ceyl	481	faded	KEEP_BLANK	old	0	old:ok:0w E:ok:0w J:ok:0w K:ok:0w tess:0/0
vol039_tropicalagricul391912ceyl	500	faded	UNRESOLVED		0	old:ok:0w E:ok:0w tess:None/None no-leaf
vol039_tropicalagricul391912ceyl	519	faded	KEEP_BLANK	old	0	old:ok:0w E:ok:0w J:ok:0w K:ok:0w tess:0/0
vol039_tropicalagricul391912ceyl	560	faded	KEEP_BLANK	old	0	old:ok:0w E:ok:0w J:ok:0w K:ok:0w tess:0/0
vol039_tropicalagricul391912ceyl	561	faded	KEEP_BLANK	old	0	old:ok:0w E:ok:0w J:ok:0w K:ok:0w tess:0/0
vol039_tropicalagricul391912ceyl	565	faded	KEEP_BLANK	old	0	old:ok:0w E:ok:0w J:ok:0w K:ok:0w tess:0/0
vol040_lbg-630-5-tag-v-40	0	faded	KEEP_MINOR	old	5	old:ok:5w E:ok:5w J:ok:5w K:ok:5w tess:0/0
vol040_lbg-630-5-tag-v-40	1	faded	FAINT	old-images-only	0	old:ok:13w E:ok:19w J:ok:8w K:ok:8w H:ok:15w M:ok:11w Q:ok:203w tess:0/0
vol040_lbg-630-5-tag-v-40	106	faded	KEEP_BLANK	old	0	old:ok:0w E:ok:0w J:ok:0w K:ok:0w tess:0/0
vol040_lbg-630-5-tag-v-40	11	faded	FAINT	old-images-only	0	old:ok:0w E:ok:0w J:ok:441w K:ok:607w tess:0/1
vol040_lbg-630-5-tag-v-40	143	faded	KEEP_BLANK	old	0	old:ok:0w E:ok:1w J:ok:0w K:ok:0w tess:0/0
vol040_lbg-630-5-tag-v-40	180	faded	KEEP_MINOR	old	0	old:ok:0w E:ok:0w J:ok:0w K:ok:1w tess:0/0
vol040_lbg-630-5-tag-v-40	183	faded	KEEP_BLANK	old	0	old:ok:0w E:ok:0w J:ok:0w K:ok:0w tess:0/0
vol040_lbg-630-5-tag-v-40	197	faded	KEEP_BLANK	old	0	old:ok:0w E:ok:0w J:ok:0w K:ok:0w tess:0/0
vol040_lbg-630-5-tag-v-40	2	faded	KEEP_MINOR	old	6	old:ok:6w E:ok:6w J:ok:6w K:ok:6w tess:0/0
vol040_lbg-630-5-tag-v-40	211	faded	KEEP_MINOR	old	0	old:ok:0w E:ok:0w J:ok:5w K:ok:7w tess:0/0
vol040_lbg-630-5-tag-v-40	244	faded	KEEP_BLANK	old	0	old:ok:0w E:ok:0w J:ok:0w K:ok:0w tess:0/0
vol040_lbg-630-5-tag-v-40	318	faded	KEEP_BLANK	old	0	old:ok:0w E:ok:0w J:ok:0w K:ok:0w tess:0/0
vol040_lbg-630-5-tag-v-40	35	faded	KEEP_BLANK	old	0	old:ok:0w E:ok:0w J:ok:0w K:ok:0w tess:0/1
vol040_lbg-630-5-tag-v-40	400	faded	KEEP_BLANK	old	0	old:ok:0w E:ok:0w J:ok:0w K:ok:0w tess:0/0
vol040_lbg-630-5-tag-v-40	431	faded	ACCEPT	r2J/J_006:111	88	old:ok:88w E:ok:88w J:ok:88w K:ok:88w tess:35/3 recall=1.00
vol040_lbg-630-5-tag-v-40	49	faded	KEEP_BLANK	old	0	old:ok:0w E:ok:0w J:ok:0w K:ok:0w tess:0/0
vol040_lbg-630-5-tag-v-40	5	faded	FAINT	old-images-only	0	old:ok:29w E:ok:29w J:ok:29w K:ok:30w tess:0/0
vol040_lbg-630-5-tag-v-40	70	faded	KEEP_BLANK	old	0	old:ok:0w E:ok:0w J:ok:0w K:ok:0w tess:0/0
vol040_lbg-630-5-tag-v-40	98	faded	KEEP_MINOR	old	0	old:ok:0w E:ok:0w J:LOOP:37w K:LOOP:93w tess:0/0
vol041_lbg-vol-xli-tropicalagricult0000dewi-t3r5	107	faded	KEEP_BLANK	old	0	old:ok:0w E:ok:0w J:ok:0w K:ok:0w tess:0/0
vol041_lbg-vol-xli-tropicalagricult0000dewi-t3r5	192	faded	KEEP_BLANK	old	0	old:ok:0w E:ok:0w J:ok:0w K:ok:0w tess:0/0
vol041_lbg-vol-xli-tropicalagricult0000dewi-t3r5	2	faded	KEEP_BLANK	old	0	old:ok:0w E:ok:0w J:ok:0w K:ok:0w tess:0/0
vol041_lbg-vol-xli-tropicalagricult0000dewi-t3r5	235	faded	KEEP_BLANK	old	0	old:ok:0w E:ok:0w J:ok:0w K:ok:0w tess:0/0
vol041_lbg-vol-xli-tropicalagricult0000dewi-t3r5	284	faded	KEEP_BLANK	old	0	old:ok:0w E:ok:0w J:ok:0w K:ok:0w tess:0/0
vol041_lbg-vol-xli-tropicalagricult0000dewi-t3r5	3	faded	KEEP_BLANK	old	0	old:ok:0w E:ok:0w J:ok:0w K:ok:0w tess:0/0
vol041_lbg-vol-xli-tropicalagricult0000dewi-t3r5	303	faded	KEEP_BLANK	old	0	old:ok:0w E:ok:0w J:ok:0w K:ok:0w tess:0/0
vol041_lbg-vol-xli-tropicalagricult0000dewi-t3r5	361	faded	KEEP_BLANK	old	0	old:ok:0w E:ok:0w J:ok:0w K:ok:0w tess:0/0
vol041_lbg-vol-xli-tropicalagricult0000dewi-t3r5	380	faded	KEEP_BLANK	old	0	old:ok:0w E:ok:0w J:ok:0w K:ok:0w tess:0/0
vol041_lbg-vol-xli-tropicalagricult0000dewi-t3r5	387	faded	KEEP_FIGURE	old	14	old:ok:14w E:ok:14w J:ok:14w K:ok:14w tess:0/0 agree-J=1.00
vol041_lbg-vol-xli-tropicalagricult0000dewi-t3r5	4	faded	KEEP_MINOR	old	6	old:ok:6w E:ok:6w J:ok:6w K:ok:6w tess:0/0
vol041_lbg-vol-xli-tropicalagricult0000dewi-t3r5	470	faded	KEEP_BLANK	old	0	old:ok:0w E:ok:0w J:ok:0w K:ok:0w tess:0/0
vol041_lbg-vol-xli-tropicalagricult0000dewi-t3r5	563	faded	KEEP_BLANK	old	0	old:ok:0w E:ok:0w J:ok:0w K:ok:0w tess:0/0
vol041_lbg-vol-xli-tropicalagricult0000dewi-t3r5	6	faded	KEEP_MINOR	old	6	old:ok:6w E:ok:6w J:ok:6w K:ok:6w tess:1/0
vol041_lbg-vol-xli-tropicalagricult0000dewi-t3r5	96	faded	KEEP_BLANK	old	0	old:ok:0w E:ok:0w J:ok:0w K:ok:0w tess:0/0
vol042_lbg-630-5-tag-v-42	0	faded	KEEP_MINOR	old	5	old:ok:5w E:ok:5w J:ok:5w K:ok:5w tess:0/0
vol042_lbg-630-5-tag-v-42	1	faded	FAINT	old-images-only	0	old:ok:590w E:ok:0w J:ok:13w K:ok:0w tess:0/0
vol042_lbg-630-5-tag-v-42	191	faded	KEEP_BLANK	old	0	old:ok:0w E:ok:0w J:ok:0w K:ok:0w tess:0/0
vol042_lbg-630-5-tag-v-42	2	faded	KEEP_MINOR	old	6	old:ok:6w E:ok:6w J:ok:6w K:ok:6w tess:0/0
vol042_lbg-630-5-tag-v-42	307	faded	KEEP_MINOR	old	0	old:ok:0w E:ok:0w J:ok:0w K:LOOP:274w tess:0/0
vol042_lbg-630-5-tag-v-42	345	faded	FAINT	old-images-only	0	old:ok:0w E:ok:0w J:ok:59w K:ok:2w tess:0/0
vol042_lbg-630-5-tag-v-42	35	faded	KEEP_BLANK	old	0	old:ok:0w E:ok:0w J:ok:0w K:ok:0w tess:0/0
vol042_lbg-630-5-tag-v-42	4	faded	KEEP_MINOR	old	6	old:ok:6w E:ok:6w J:ok:6w K:ok:6w tess:1/0
vol042_lbg-630-5-tag-v-42	449	faded	KEEP_BLANK	old	0	old:ok:0w E:ok:0w J:ok:0w K:ok:0w tess:0/0
vol042_lbg-630-5-tag-v-42	526	faded	FAINT	old-images-only	0	old:ok:0w E:ok:0w J:ok:26w K:ok:8w tess:0/0
vol043_lbg-tropicalagricultvol-xliii0000unse-c5y3	10	faded	KEEP_BLANK	old	0	old:ok:0w E:ok:0w J:ok:0w K:ok:0w tess:0/0
vol043_lbg-tropicalagricultvol-xliii0000unse-c5y3	156	faded	KEEP_BLANK	old	0	old:ok:0w E:ok:0w J:ok:0w K:ok:0w tess:0/0
vol043_lbg-tropicalagricultvol-xliii0000unse-c5y3	193	faded	KEEP_BLANK	old	0	old:ok:0w E:ok:0w J:ok:0w K:ok:0w tess:0/0
vol043_lbg-tropicalagricultvol-xliii0000unse-c5y3	201	faded	KEEP_BLANK	old	0	old:ok:0w E:ok:0w J:ok:0w K:ok:0w tess:0/0
vol043_lbg-tropicalagricultvol-xliii0000unse-c5y3	284	faded	ACCEPT	r2J/J_007:20	106	old:ok:106w E:ok:106w J:ok:106w K:ok:106w tess:68/18 recall=0.98
vol043_lbg-tropicalagricultvol-xliii0000unse-c5y3	3	faded	KEEP_BLANK	old	0	old:ok:0w E:ok:0w J:ok:0w K:ok:0w tess:0/0
vol043_lbg-tropicalagricultvol-xliii0000unse-c5y3	347	faded	KEEP_MINOR	old	0	old:ok:0w E:ok:0w J:ok:0w K:LOOP:27w tess:0/0
vol043_lbg-tropicalagricultvol-xliii0000unse-c5y3	353	faded	FAINT	old-images-only	0	old:ok:0w E:ok:0w J:ok:0w K:ok:18w tess:1/1
vol043_lbg-tropicalagricultvol-xliii0000unse-c5y3	362	faded	KEEP_BLANK	old	0	old:ok:0w E:ok:0w J:ok:0w K:ok:0w tess:0/0
vol043_lbg-tropicalagricultvol-xliii0000unse-c5y3	377	faded	ACCEPT	r2J/J_007:25	178	old:ok:178w E:ok:178w J:ok:178w K:ok:178w tess:37/5 recall=0.97
vol043_lbg-tropicalagricultvol-xliii0000unse-c5y3	495	faded	KEEP_BLANK	old	0	old:ok:0w E:ok:0w J:ok:0w K:ok:0w tess:0/0
vol043_lbg-tropicalagricultvol-xliii0000unse-c5y3	98	faded	KEEP_BLANK	old	0	old:ok:0w E:ok:0w E:ok:0w J:ok:0w K:ok:0w tess:0/0
vol044_lbg-tropicalagricultvol-xliv0000unse-e6v7	146	faded	KEEP_BLANK	old	0	old:ok:0w E:ok:0w J:ok:0w K:ok:0w tess:0/0
vol044_lbg-tropicalagricultvol-xliv0000unse-e6v7	190	faded	KEEP_BLANK	old	0	old:ok:0w E:ok:0w J:ok:0w K:ok:0w tess:0/0
vol044_lbg-tropicalagricultvol-xliv0000unse-e6v7	222	faded	KEEP_BLANK	old	0	old:ok:0w E:ok:0w J:ok:0w K:ok:0w tess:0/0
vol044_lbg-tropicalagricultvol-xliv0000unse-e6v7	269	faded	KEEP_BLANK	old	0	old:ok:0w E:ok:0w J:ok:0w K:ok:0w tess:0/0
vol044_lbg-tropicalagricultvol-xliv0000unse-e6v7	300	faded	KEEP_BLANK	old	0	old:ok:0w E:ok:0w J:ok:0w K:ok:0w tess:0/0
vol044_lbg-tropicalagricultvol-xliv0000unse-e6v7	367	faded	KEEP_MINOR	old	0	old:ok:0w E:ok:0w J:ok:0w K:LOOP:24w tess:0/0
vol044_lbg-tropicalagricultvol-xliv0000unse-e6v7	376	faded	KEEP_BLANK	old	0	old:ok:0w E:ok:0w J:ok:0w K:ok:0w tess:0/0
vol044_lbg-tropicalagricultvol-xliv0000unse-e6v7	381	faded	KEEP_BLANK	old	0	old:ok:0w E:ok:0w J:ok:0w K:ok:0w tess:0/0
vol044_lbg-tropicalagricultvol-xliv0000unse-e6v7	405	faded	KEEP_BLANK	old	0	old:ok:0w E:ok:0w J:ok:0w K:ok:0w tess:0/0
vol044_lbg-tropicalagricultvol-xliv0000unse-e6v7	454	faded	KEEP_BLANK	old	0	old:ok:0w E:ok:0w E:ok:0w J:ok:0w K:ok:0w tess:0/0
vol044_lbg-tropicalagricultvol-xliv0000unse-e6v7	456	faded	KEEP_BLANK	old	0	old:ok:0w E:ok:0w J:ok:0w K:ok:0w tess:0/0
vol044_lbg-tropicalagricultvol-xliv0000unse-e6v7	72	faded	KEEP_BLANK	old	0	old:ok:0w E:ok:0w J:ok:0w K:ok:0w tess:0/0
vol045_lbg-630-5-tag-v-45	0	faded	KEEP_MINOR	old	5	old:ok:5w E:ok:5w J:ok:5w K:ok:5w tess:0/0
vol045_lbg-630-5-tag-v-45	11	faded	KEEP_BLANK	old	0	old:ok:0w E:ok:0w J:ok:0w K:ok:0w tess:0/0
vol045_lbg-630-5-tag-v-45	14	faded	KEEP_BLANK	old	0	old:ok:0w E:ok:0w J:ok:0w K:ok:0w tess:0/0
vol045_lbg-630-5-tag-v-45	243	faded	KEEP_BLANK	old	0	old:ok:0w E:ok:0w J:ok:0w K:ok:0w tess:0/0
vol045_lbg-630-5-tag-v-45	247	faded	FAINT	old-images-only	0	old:ok:0w E:ok:0w J:ok:0w K:ok:12w tess:0/0
vol045_lbg-630-5-tag-v-45	298	faded	KEEP_BLANK	old	0	old:ok:0w E:ok:0w J:ok:0w K:ok:0w tess:0/0
vol045_lbg-630-5-tag-v-45	399	faded	FAINT	old-images-only	0	old:ok:0w E:ok:0w J:ok:256w K:LOOP:64w tess:1/2
vol045_lbg-630-5-tag-v-45	449	faded	FAINT	old-images-only	0	old:ok:0w E:ok:0w J:LOOP:26w K:ok:188w tess:0/0
vol045_lbg-630-5-tag-v-45	453	faded	KEEP_BLANK	old	0	old:ok:0w E:ok:0w J:ok:0w K:ok:0w tess:0/0
vol045_lbg-630-5-tag-v-45	457	faded	KEEP_BLANK	old	0	old:ok:0w E:ok:0w J:ok:0w K:ok:0w tess:0/0
vol045_lbg-630-5-tag-v-45	88	faded	KEEP_BLANK	old	0	old:ok:0w E:ok:0w J:ok:0w K:ok:0w tess:0/0
vol045_lbg-630-5-tag-v-45	91	faded	KEEP_BLANK	old	0	old:ok:0w E:ok:0w J:ok:0w K:ok:0w tess:0/0
vol045_lbg-630-5-tag-v-45	95	faded	KEEP_BLANK	old	0	old:ok:0w E:ok:0w J:ok:0w K:ok:0w tess:0/0
vol045_lbg-630-5-tag-v-45	99	faded	KEEP_BLANK	old	0	old:ok:0w E:ok:0w J:ok:0w K:ok:0w tess:0/0
vol046_lbg-630-5-tag-v-46	0	faded	KEEP_MINOR	old	5	old:ok:5w E:ok:5w J:ok:5w K:ok:5w tess:0/0
vol046_lbg-630-5-tag-v-46	10	faded	ACCEPT	r2J/J_007:55	104	old:ok:104w E:ok:104w J:ok:104w K:ok:104w tess:57/5 recall=0.96
vol046_lbg-630-5-tag-v-46	107	faded	KEEP_BLANK	old	0	old:ok:0w E:ok:0w J:ok:0w K:ok:0w tess:0/0
vol046_lbg-630-5-tag-v-46	199	faded	KEEP_BLANK	old	0	old:ok:0w E:ok:0w J:ok:0w K:ok:0w tess:0/0
vol046_lbg-630-5-tag-v-46	239	faded	FAINT	old-images-only	0	old:ok:0w E:ok:0w J:ok:41w K:LOOP:135w tess:0/0
vol046_lbg-630-5-tag-v-46	365	faded	KEEP_BLANK	old	0	old:ok:0w E:ok:0w J:ok:0w K:ok:0w tess:0/0
vol046_lbg-630-5-tag-v-46	44	faded	FAINT	old-images-only	0	old:ok:130w E:ok:109w J:ok:28w K:ok:107w tess:0/0
vol046_lbg-630-5-tag-v-46	45	faded	KEEP_FIGURE	old	133	old:ok:133w E:ok:137w J:ok:194w K:ok:137w tess:0/1 agree-J=0.68
vol046_lbg-630-5-tag-v-46	95	faded	KEEP_BLANK	old	0	old:ok:0w E:ok:0w J:ok:0w K:ok:0w tess:1/1
vol047_lbg-630-5-tag-v-47	0	faded	KEEP_MINOR	old	5	old:ok:5w E:ok:5w J:ok:5w K:ok:5w tess:0/1
vol047_lbg-630-5-tag-v-47	10	faded	KEEP_BLANK	old	0	old:ok:0w E:ok:0w J:ok:0w K:ok:0w tess:0/0
vol047_lbg-630-5-tag-v-47	232	faded	KEEP_BLANK	old	0	old:ok:0w E:ok:0w J:ok:0w K:ok:0w tess:0/0
vol047_lbg-630-5-tag-v-47	27	faded	KEEP_MINOR	old	0	old:ok:0w E:ok:0w J:LOOP:58w K:LOOP:13w tess:0/0
vol047_lbg-630-5-tag-v-47	409	faded	FAINT	old-images-only	0	old:ok:0w E:ok:0w J:ok:109w K:ok:129w tess:0/0
vol048_iss01_tropical-agriculturist-1917-01-48-1	2	faded	KEEP_FIGURE	old	27	old:ok:27w E:ok:27w J:ok:27w K:ok:27w tess:4/2 agree-J=1.00
vol048_iss01_tropical-agriculturist-1917-01-48-1	3	faded	ACCEPT	r2J/J_007:69	127	old:ok:142w E:ok:141w J:ok:127w K:ok:134w tess:19/2 recall=0.93
vol048_iss02_tropical-agriculturist-1917-02-48-2	17	faded	KEEP_MINOR	old	0	old:ok:0w E:ok:0w J:ok:0w K:LOOP:77w tess:0/0
vol048_iss04_tropical-agriculturist-1917-04-48-4	47	faded	FAINT	old-images-only	0	old:ok:0w E:ok:0w J:ok:265w K:LOOP:2927w tess:2/3
vol048_iss05_tropical-agriculturist-1917-05-48-5	30	faded	KEEP_BLANK	old	0	old:ok:0w E:ok:0w J:ok:0w K:ok:0w tess:0/0
vol049_iss01_tropical-agriculturist-1917-07-49-1	27	faded	KEEP_BLANK	old	0	old:ok:0w E:ok:0w J:ok:0w K:ok:0w tess:0/0
vol049_iss02_tropical-agriculturist-1917-08-49-2	49	faded	KEEP_BLANK	old	0	old:ok:0w E:ok:0w J:ok:0w K:ok:0w tess:0/0
vol049_iss06_tropical-agriculturist-1917-12-49-6	16	faded	KEEP_MINOR	old	0	old:ok:0w E:ok:0w J:ok:10w K:ok:10w tess:0/0
vol050_dli-ernet-21168	0	faded	KEEP_BLANK	old	0	old:ok:0w E:ok:0w J:ok:0w K:ok:0w tess:0/0
vol050_dli-ernet-21168	2	faded	KEEP_BLANK	old	0	old:ok:0w E:ok:0w J:ok:0w K:ok:0w tess:0/0
vol050_dli-ernet-21168	211	faded	KEEP_BLANK	old	0	old:ok:0w E:ok:0w J:ok:0w K:ok:0w tess:0/0
vol050_dli-ernet-21168	212	faded	KEEP_FIGURE	old	21	old:ok:21w E:ok:21w J:ok:19w K:ok:19w tess:14/1 agree-J=0.90
vol050_dli-ernet-21168	216	faded	KEEP_BLANK	old	0	old:ok:0w E:ok:0w J:ok:0w K:ok:0w tess:0/0
vol050_dli-ernet-21168	220	faded	KEEP_BLANK	old	0	old:ok:0w E:ok:0w J:ok:0w K:ok:0w tess:0/0
vol050_dli-ernet-21168	347	faded	KEEP_BLANK	old	0	old:ok:0w E:ok:0w J:ok:0w K:ok:0w tess:0/0
vol050_dli-ernet-21168	395	faded	KEEP_BLANK	old	0	old:ok:0w E:ok:0w J:ok:0w K:ok:0w tess:0/0
vol050_dli-ernet-21168	4	faded	KEEP_BLANK	old	0	old:ok:0w E:ok:0w J:ok:0w K:ok:0w tess:0/0
vol050_dli-ernet-21168	421	faded	KEEP_BLANK	old	0	old:ok:0w E:ok:0w J:ok:0w K:ok:0w tess:0/0
vol051_iss02_tropical-agriculturist-1918-08-51-2	39	faded	FAINT	old-images-only	0	old:ok:0w E:ok:0w J:ok:880w K:ok:76w tess:0/0
vol051_iss03_tropical-agriculturist-1918-09-51-3	49	faded	KEEP_BLANK	old	0	old:ok:0w E:ok:0w J:ok:0w K:ok:0w tess:0/0
vol051_iss05_tropical-agriculturist-1918-11-51-5	26	faded	KEEP_BLANK	old	0	old:ok:0w E:ok:0w J:ok:0w K:ok:0w tess:0/0
vol051_iss06_tropical-agriculturist-1918-12-51-6	15	faded	FAINT	old-images-only	0	old:ok:0w E:ok:0w J:LOOP:1w K:ok:13w tess:0/0
vol051_iss06_tropical-agriculturist-1918-12-51-6	58	faded	KEEP_FIGURE	old	56	old:ok:56w E:ok:56w J:ok:58w K:ok:58w tess:0/0 agree-J=0.95
vol051_iss06_tropical-agriculturist-1918-12-51-6	59	faded	FAINT	old-images-only	0	old:ok:46w E:ok:46w J:ok:46w K:ok:46w tess:0/0
vol052_iss01_tropical-agriculturist-1919-01-52-1	46	faded	KEEP_BLANK	old	0	old:ok:0w E:ok:0w J:ok:0w K:ok:0w tess:0/0
vol052_iss01_tropical-agriculturist-1919-01-52-1	64	faded	KEEP_BLANK	old	0	old:ok:0w E:ok:0w J:ok:0w K:ok:0w tess:0/0
vol053_iss01_tropical-agriculturist-1919-07-53-1	64	faded	KEEP_BLANK	old	0	old:ok:0w E:ok:0w J:ok:0w K:ok:0w tess:0/0
vol053_iss02_tropical-agriculturist-1919-08-53-2	35	faded	KEEP_BLANK	old	0	old:ok:0w E:ok:0w J:ok:0w K:ok:0w tess:0/0
vol053_iss02_tropical-agriculturist-1919-08-53-2	92	faded	KEEP_BLANK	old	0	old:ok:0w E:ok:0w J:ok:0w K:ok:0w tess:0/0
vol053_iss03_tropical-agriculturist-1919-09-53-3	5	faded	KEEP_BLANK	old	0	old:ok:0w E:ok:0w J:ok:0w K:ok:0w tess:0/0
vol053_iss03_tropical-agriculturist-1919-09-53-3	80	faded	KEEP_BLANK	old	0	old:ok:0w E:ok:0w J:ok:0w K:ok:0w tess:0/0
vol053_iss04_tropical-agriculturist-1919-10-53-4	38	faded	KEEP_MINOR	old	0	old:ok:0w E:ok:0w J:LOOP:32w K:LOOP:27w tess:0/0
vol053_iss04_tropical-agriculturist-1919-10-53-4	43	faded	FAINT	old-images-only	0	old:ok:0w E:ok:0w J:ok:107w K:ok:39w tess:0/0
vol053_iss05_tropical-agriculturist-1919-11-53-5	64	faded	KEEP_BLANK	old	0	old:ok:0w E:ok:0w J:ok:0w K:ok:0w tess:0/0
vol053_iss06_tropical-agriculturist-1919-12-53-6	64	faded	KEEP_BLANK	old	0	old:ok:0w E:ok:0w J:ok:0w K:ok:0w tess:0/0
vol053_iss06_tropical-agriculturist-1919-12-53-6	65	faded	KEEP_BLANK	old	0	old:ok:0w E:ok:0w J:ok:0w K:ok:0w tess:0/0
vol053_iss06_tropical-agriculturist-1919-12-53-6	66	faded	KEEP_BLANK	old	0	old:ok:0w E:ok:0w J:ok:0w K:ok:0w tess:0/0
vol054_lbg-630-5-tag-v-54	0	faded	FAINT	old-images-only	0	old:ok:12w E:ok:11w J:ok:12w K:ok:11w tess:3/0
vol054_lbg-630-5-tag-v-54	293	faded	KEEP_MINOR	old	0	old:ok:0w E:ok:0w J:LOOP:57w K:LOOP:8w tess:0/0
vol055_lbg-630-5-tag-v-55	0	faded	KEEP_MINOR	old	5	old:ok:5w E:ok:5w J:ok:5w K:ok:5w tess:0/0
vol055_lbg-630-5-tag-v-55	131	faded	KEEP_BLANK	old	0	old:ok:0w E:ok:0w J:ok:0w K:ok:0w tess:0/0
vol055_lbg-630-5-tag-v-55	161	faded	ACCEPT	r2J/J_007:109	561	old:ok:479w E:ok:455w J:ok:561w K:ok:561w tess:156/19 recall=0.86
vol055_lbg-630-5-tag-v-55	163	faded	KEEP_BLANK	old	0	old:ok:0w E:ok:0w J:ok:0w K:ok:0w tess:0/0
vol055_lbg-630-5-tag-v-55	323	faded	KEEP_MINOR	old	4	old:ok:4w E:ok:4w J:ok:4w K:ok:4w tess:0/0
vol055_lbg-630-5-tag-v-55	331	faded	KEEP_BLANK	old	0	old:ok:0w E:ok:0w J:ok:0w K:ok:0w tess:0/0
vol055_lbg-630-5-tag-v-55	382	faded	KEEP_BLANK	old	0	old:ok:0w E:ok:0w J:ok:0w K:ok:0w tess:0/0
vol055_lbg-630-5-tag-v-55	449	repeat+faded	FAINT	old-images-only	0	old:LOOP:39w E:ok:10w E:ok:10w J:ok:9w K:ok:10w tess:0/0
vol056_iss01_tropical-agriculturist-1921-01-56-1	24	faded	KEEP_FIGURE	old	88	old:ok:88w E:ok:113w J:ok:103w K:ok:123w tess:0/1 agree-J=0.55
vol056_iss01_tropical-agriculturist-1921-01-56-1	25	faded	KEEP_FIGURE	old	120	old:ok:120w E:ok:123w J:ok:72w K:ok:185w tess:0/0 agree-J=0.55
vol056_iss02_tropical-agriculturist-1921-02-56-2	11	faded	KEEP_BLANK	old	0	old:ok:0w E:ok:0w J:ok:0w K:ok:0w tess:0/0
vol056_iss02_tropical-agriculturist-1921-02-56-2	23	faded	KEEP_BLANK	old	0	old:ok:0w E:ok:0w J:ok:0w K:ok:0w tess:0/0
vol056_iss03_tropical-agriculturist-1921-03-56-3	37	faded	FAINT	old-images-only	0	old:ok:0w E:ok:0w J:ok:2w K:ok:591w tess:0/0
vol056_iss04_tropical-agriculturist-1921-04-56-4	11	faded	FAINT	old-images-only	0	old:ok:3w E:ok:89w J:ok:91w K:ok:41w H:ok:35w M:ok:0w Q:ok:86w tess:0/0
vol057_in-ernet-dli-2015-230764	1	faded	KEEP_BLANK	old	0	old:ok:0w E:ok:0w J:ok:0w K:ok:0w tess:0/0
vol057_in-ernet-dli-2015-230764	2	faded	KEEP_BLANK	old	0	old:ok:0w E:ok:0w J:ok:0w K:ok:0w tess:0/0
vol057_in-ernet-dli-2015-230764	229	faded	KEEP_BLANK	old	0	old:ok:0w E:ok:0w J:ok:0w K:ok:0w tess:0/0
vol057_in-ernet-dli-2015-230764	26	faded	KEEP_BLANK	old	0	old:ok:0w E:ok:0w J:ok:0w K:ok:0w tess:0/0
vol057_in-ernet-dli-2015-230764	408	faded	KEEP_BLANK	old	0	old:ok:0w E:ok:0w J:ok:0w K:ok:0w tess:0/0
vol057_in-ernet-dli-2015-230764	439	faded	KEEP_BLANK	old	0	old:ok:0w E:ok:0w J:ok:0w K:ok:0w tess:0/0
vol057_in-ernet-dli-2015-230764	440	faded	KEEP_BLANK	old	0	old:ok:0w E:ok:0w J:ok:0w K:ok:0w tess:0/0
vol057_in-ernet-dli-2015-230764	441	faded	FAINT	old-images-only	0	old:ok:21w E:ok:21w E:ok:21w J:ok:21w K:ok:21w tess:11/2
vol057_in-ernet-dli-2015-230764	9	faded	KEEP_BLANK	old	0	old:ok:0w E:ok:0w J:ok:0w K:ok:0w tess:0/0
vol058_dli-ernet-229219	1	faded	KEEP_BLANK	old	0	old:ok:0w E:ok:0w J:ok:0w K:ok:0w tess:0/0
vol058_dli-ernet-229219	144	faded	KEEP_BLANK	old	0	old:ok:0w E:ok:0w J:ok:0w K:ok:0w tess:0/0
vol058_dli-ernet-229219	148	faded	KEEP_BLANK	old	0	old:ok:0w E:ok:0w J:ok:0w K:ok:0w tess:0/0
vol058_dli-ernet-229219	152	faded	KEEP_BLANK	old	0	old:ok:0w E:ok:0w J:ok:0w K:ok:0w tess:0/0
vol058_dli-ernet-229219	155	faded	KEEP_MINOR	old	6	old:ok:6w E:ok:6w J:ok:6w K:ok:6w tess:0/0
vol058_dli-ernet-229219	163	faded	KEEP_MINOR	old	4	old:ok:4w E:ok:4w J:ok:4w K:ok:4w tess:2/1
vol058_dli-ernet-229219	164	faded	KEEP_MINOR	old	6	old:ok:6w E:ok:6w J:ok:6w K:ok:6w tess:4/1
vol058_dli-ernet-229219	170	faded	KEEP_BLANK	old	0	old:ok:0w E:ok:0w J:ok:0w K:ok:0w tess:0/0
vol058_dli-ernet-229219	178	faded	KEEP_MINOR	old	5	old:ok:5w E:ok:5w J:ok:5w K:ok:5w tess:1/0
vol058_dli-ernet-229219	183	faded	KEEP_MINOR	old	8	old:ok:8w E:ok:8w J:ok:8w K:ok:8w tess:3/0
vol058_dli-ernet-229219	184	faded	KEEP_MINOR	old	4	old:ok:4w E:ok:4w J:ok:4w K:ok:4w tess:1/0
vol058_dli-ernet-229219	190	faded	KEEP_MINOR	old	8	old:ok:8w E:ok:8w J:ok:8w K:ok:8w tess:4/2
vol058_dli-ernet-229219	197	faded	KEEP_FIGURE	old	11	old:ok:11w E:ok:11w J:ok:11w K:ok:11w tess:6/0 agree-J=1.00
vol058_dli-ernet-229219	2	faded	KEEP_BLANK	old	0	old:ok:0w E:ok:0w J:ok:0w K:ok:0w tess:0/0
vol058_dli-ernet-229219	201	faded	KEEP_MINOR	old	8	old:ok:8w E:ok:8w J:ok:8w K:ok:8w tess:4/0
vol058_dli-ernet-229219	202	faded	KEEP_MINOR	old	8	old:ok:8w E:ok:8w J:ok:8w K:ok:8w tess:3/1
vol058_dli-ernet-229219	207	faded	KEEP_MINOR	old	5	old:ok:5w E:ok:5w J:ok:5w K:ok:5w tess:2/0
vol058_dli-ernet-229219	208	faded	KEEP_MINOR	old	5	old:ok:5w E:ok:5w J:ok:5w K:ok:5w tess:1/0
vol058_dli-ernet-229219	211	faded	KEEP_FIGURE	old	13	old:ok:13w E:ok:13w J:ok:13w K:ok:13w tess:3/0 agree-J=1.00
vol058_dli-ernet-229219	218	faded	KEEP_BLANK	old	0	old:ok:0w E:ok:0w J:ok:0w K:ok:0w tess:0/0
vol058_dli-ernet-229219	446	faded	KEEP_BLANK	old	0	old:ok:0w E:ok:0w J:ok:0w K:ok:0w tess:0/0
vol058_dli-ernet-229219	458	faded	KEEP_BLANK	old	0	old:ok:0w E:ok:0w J:ok:0w K:ok:0w tess:0/0
vol058_dli-ernet-229219	570	faded	KEEP_BLANK	old	0	old:ok:0w E:ok:0w J:ok:0w K:ok:0w tess:0/0
vol058_dli-ernet-229219	581	faded	KEEP_BLANK	old	0	old:ok:0w E:ok:0w J:ok:0w K:ok:0w tess:0/0
vol058_dli-ernet-229219	582	faded	FAINT	old-images-only	0	old:ok:26w E:ok:25w J:ok:26w K:ok:24w tess:6/1
vol058_dli-ernet-229219	622	faded	KEEP_BLANK	old	0	old:ok:0w E:ok:0w J:ok:0w K:ok:0w tess:0/0
vol058_dli-ernet-229219	650	faded	KEEP_BLANK	old	0	old:ok:0w E:ok:0w J:ok:0w K:ok:0w tess:0/0
vol058_dli-ernet-229219	720	faded	KEEP_BLANK	old	0	old:ok:0w E:ok:0w J:ok:0w K:ok:0w tess:0/0
vol058_dli-ernet-229219	721	faded	KEEP_BLANK	old	0	old:ok:0w E:ok:0w E:ok:0w J:ok:0w K:ok:0w tess:0/0
vol058_dli-ernet-229219	722	faded	FAINT	old-images-only	0	old:ok:21w E:ok:21w J:ok:21w K:ok:21w tess:12/1
vol059_tropicalagricult0059unse	0	faded	KEEP_BLANK	old	0	old:ok:0w E:ok:0w J:ok:0w K:ok:0w tess:0/0
vol059_tropicalagricult0059unse	1	faded	KEEP_MINOR	old	8	old:ok:8w E:ok:8w J:ok:7w K:ok:8w tess:0/0
vol059_tropicalagricult0059unse	119	faded	KEEP_BLANK	old	0	old:ok:0w E:ok:0w E:ok:0w J:ok:0w K:ok:0w tess:0/0
vol059_tropicalagricult0059unse	153	faded	FAINT	old-images-only	0	old:ok:0w E:ok:0w J:ok:201w K:ok:901w tess:0/0
vol059_tropicalagricult0059unse	160	faded	KEEP_FIGURE	old	115	old:ok:115w E:ok:60w J:ok:54w K:ok:54w tess:5/4 agree-J=0.54
vol059_tropicalagricult0059unse	165	faded	FAINT	old-images-only	0	old:ok:0w E:ok:0w J:ok:6w K:ok:11w tess:0/0
vol059_tropicalagricult0059unse	2	faded	KEEP_BLANK	old	0	old:ok:0w E:ok:0w J:ok:0w K:ok:0w tess:0/0
vol059_tropicalagricult0059unse	277	faded	FAINT	old-images-only	0	old:ok:0w E:ok:0w J:ok:0w K:ok:91w tess:0/0
vol059_tropicalagricult0059unse	3	faded	KEEP_BLANK	old	0	old:ok:0w E:ok:0w J:ok:0w K:ok:0w tess:0/0
vol059_tropicalagricult0059unse	326	faded	KEEP_BLANK	old	0	old:ok:0w E:ok:0w J:ok:0w K:ok:0w tess:0/0
vol059_tropicalagricult0059unse	33	faded	KEEP_BLANK	old	0	old:ok:0w E:ok:0w J:ok:0w K:ok:0w tess:0/0
vol059_tropicalagricult0059unse	426	faded	KEEP_BLANK	old	0	old:ok:0w E:ok:0w J:ok:0w K:ok:0w tess:0/0
vol059_tropicalagricult0059unse	427	faded	KEEP_BLANK	old	0	old:ok:0w E:ok:0w J:ok:0w K:ok:0w tess:0/0
vol059_tropicalagricult0059unse	428	faded	KEEP_BLANK	old	0	old:ok:0w E:ok:0w J:ok:0w K:ok:0w tess:0/0
vol060_lbg-tropicalagricultvol-lx-1923-0000unse-n0c4	319	faded	KEEP_BLANK	old	0	old:ok:0w E:ok:0w J:ok:0w K:ok:0w tess:0/0
vol060_lbg-tropicalagricultvol-lx-1923-0000unse-n0c4	381	faded	KEEP_BLANK	old	0	old:ok:0w E:ok:0w J:ok:0w K:ok:0w tess:0/0
vol061_tropicalagricult0061unse	0	faded	KEEP_BLANK	old	0	old:ok:0w E:ok:0w J:ok:0w K:ok:0w tess:0/0
vol061_tropicalagricult0061unse	1	faded	KEEP_MINOR	old	6	old:ok:6w E:ok:6w J:ok:6w K:ok:6w tess:0/0
vol061_tropicalagricult0061unse	169	faded	KEEP_BLANK	old	0	old:ok:0w E:ok:0w J:ok:0w K:ok:0w tess:0/0
vol061_tropicalagricult0061unse	2	faded	FAINT	old-images-only	0	old:ok:23w E:ok:26w J:ok:25w K:ok:20w H:ok:26w M:ok:43w Q:ok:18w tess:0/0
vol061_tropicalagricult0061unse	3	faded	KEEP_BLANK	old	0	old:ok:0w E:ok:0w J:ok:0w K:ok:0w tess:0/0
vol061_tropicalagricult0061unse	325	faded	KEEP_BLANK	old	0	old:ok:0w E:ok:0w J:ok:0w K:ok:0w tess:0/0
vol061_tropicalagricult0061unse	406	faded	KEEP_BLANK	old	0	old:ok:0w E:ok:0w J:ok:0w K:ok:0w tess:0/0
vol061_tropicalagricult0061unse	407	faded	KEEP_BLANK	old	0	old:ok:0w E:ok:0w J:ok:0w K:ok:0w tess:0/0
vol061_tropicalagricult0061unse	408	faded	KEEP_BLANK	old	0	old:ok:0w E:ok:0w J:ok:0w K:ok:0w tess:0/0
vol061_tropicalagricult0061unse	9	faded	FAINT	old-images-only	0	old:ok:64w E:LOOP:2w J:LOOP:184w K:ok:313w H:ok:44w M:ok:395w Q:ok:213w tess:0/0
vol062_lbg-630-5-tag-v-62	0	faded	KEEP_MINOR	old	5	old:ok:5w E:ok:5w J:ok:5w K:ok:5w tess:0/0
vol062_lbg-630-5-tag-v-62	119	faded	KEEP_BLANK	old	0	old:ok:0w E:ok:0w J:ok:0w K:ok:0w tess:0/0
vol062_lbg-630-5-tag-v-62	161	faded	KEEP_BLANK	old	0	old:ok:0w E:ok:0w J:ok:0w K:ok:0w tess:0/0
vol062_lbg-630-5-tag-v-62	164	capped	ACCEPT_CAP	r1O/O_001:64	6	old:LOOP:12704w O:ok:6w tess:1/0 unverified
vol062_lbg-630-5-tag-v-62	27	faded	FAINT	old-images-only	0	old:ok:0w E:ok:0w J:ok:359w K:ok:47w tess:0/0
vol062_lbg-630-5-tag-v-62	345	faded	KEEP_BLANK	old	0	old:ok:0w E:ok:0w J:ok:0w K:ok:0w tess:0/0
vol062_lbg-630-5-tag-v-62	89	faded	KEEP_BLANK	old	0	old:ok:0w E:ok:0w J:ok:0w K:ok:0w tess:0/0
vol063_lbg-630-5-tag-v-63	0	faded	KEEP_MINOR	old	5	old:ok:5w E:ok:5w J:ok:5w K:ok:5w tess:0/0
vol063_lbg-630-5-tag-v-63	287	faded	KEEP_BLANK	old	0	old:ok:0w E:ok:0w J:ok:0w K:ok:0w tess:0/0
vol063_lbg-630-5-tag-v-63	289	faded	KEEP_BLANK	old	0	old:ok:0w E:ok:0w J:ok:0w K:ok:0w tess:0/0
vol063_lbg-630-5-tag-v-63	291	faded	KEEP_BLANK	old	0	old:ok:0w E:ok:0w J:ok:0w K:ok:0w tess:0/0
vol063_lbg-630-5-tag-v-63	74	faded	KEEP_BLANK	old	0	old:ok:0w E:ok:0w J:ok:0w K:ok:0w tess:0/0
vol063_lbg-630-5-tag-v-63	9	faded	FAINT	old-images-only	0	old:ok:231w E:ok:171w J:ok:777w K:LOOP:154w H:ok:80w M:ok:156w Q:ok:164w tess:1/0
vol064_lbg-630-5-tag-v-64	0	faded	KEEP_MINOR	old	5	old:ok:5w E:ok:5w J:ok:5w K:ok:5w tess:0/0
vol064_lbg-630-5-tag-v-64	336	faded	FAINT	old-images-only	0	old:ok:22w E:ok:0w J:ok:24w K:ok:0w tess:0/0
vol064_lbg-630-5-tag-v-64	337	faded	FAINT	old-images-only	0	old:ok:21w E:ok:0w J:ok:0w K:ok:0w tess:0/0
vol065_iss03_tropical-agriculturist-1925-09-65-3	23	faded	KEEP_BLANK	old	0	old:ok:0w E:ok:0w J:ok:0w K:ok:0w tess:0/0
vol065_iss03_tropical-agriculturist-1925-09-65-3	9	faded	KEEP_BLANK	old	0	old:ok:0w E:ok:0w J:ok:0w K:ok:0w tess:0/0
vol066_iss02_tropical-agriculturist-1926-02-66-2	58	faded	KEEP_FIGURE	old	120	old:ok:120w E:ok:116w J:ok:190w K:ok:116w H:ok:235w M:ok:126w Q:ok:240w tess:0/0 agree-J=0.62
vol066_iss02_tropical-agriculturist-1926-02-66-2	59	faded	FAINT	old-images-only	0	old:ok:0w E:ok:0w J:ok:89w K:ok:12w tess:0/0
vol066_iss03_tropical-agriculturist-1926-03-66-3	64	faded	KEEP_BLANK	old	0	old:ok:0w E:ok:0w J:ok:0w K:ok:0w tess:0/0
vol066_iss06_tropical-agriculturist-1926-06-66-6	64	faded	KEEP_BLANK	old	0	old:ok:0w E:ok:0w J:ok:0w K:ok:0w tess:0/0
vol066_iss06_tropical-agriculturist-1926-06-66-6	65	faded	KEEP_BLANK	old	0	old:ok:0w E:ok:0w J:ok:0w K:ok:0w tess:0/0
vol067_iss01_tropical-agriculturist-1926-07-67-1	47	faded	KEEP_BLANK	old	0	old:ok:0w E:ok:0w J:ok:0w K:ok:0w tess:0/0
vol067_iss04_tropical-agriculturist-1926-10-67-4	63	capped	UNRESOLVED		0	old:LOOP:747w O:ok:668w O:ok:670w tess:11/38 ROTATED:235
vol067_iss05_tropical-agriculturist-1926-11-67-5	13	faded	KEEP_BLANK	old	0	old:ok:0w E:ok:0w J:ok:0w K:ok:0w tess:1/0
vol067_iss05_tropical-agriculturist-1926-11-67-5	19	faded	FAINT	old-images-only	0	old:ok:0w E:ok:0w J:ok:68w K:ok:63w tess:0/0
vol067_iss05_tropical-agriculturist-1926-11-67-5	73	capped	UNRESOLVED		0	old:LOOP:753w O:ok:633w tess:8/40 ROTATED:200
vol067_iss06_tropical-agriculturist-1926-12-67-6	66	faded	KEEP_BLANK	old	0	old:ok:0w E:ok:0w J:ok:0w K:ok:0w tess:0/0
vol067_iss06_tropical-agriculturist-1926-12-67-6	67	faded	KEEP_BLANK	old	0	old:ok:0w E:ok:0w J:ok:0w K:ok:0w tess:0/0
vol067_iss06_tropical-agriculturist-1926-12-67-6	68	faded	KEEP_BLANK	old	0	old:ok:0w E:ok:0w J:ok:0w K:ok:0w tess:0/0
vol068_tropical-agriculturist-1927-01-68	25	faded	KEEP_MINOR	old	0	old:ok:0w E:ok:0w J:LOOP:3w K:LOOP:3w tess:0/0
vol068_tropical-agriculturist-1927-01-68	36	faded	ACCEPT	r2J/J_008:90	42	old:ok:122w E:ok:44w J:ok:42w K:ok:42w tess:22/4 recall=1.00
vol068_tropical-agriculturist-1927-01-68	37	faded	KEEP_BLANK	old	0	old:ok:0w E:ok:0w J:ok:0w K:ok:0w tess:0/0
vol068_tropical-agriculturist-1927-01-68	7	faded	KEEP_MINOR	old	6	old:ok:6w E:ok:4w J:ok:4w K:ok:3w tess:0/0
vol068_tropical-agriculturist-1927-02-68	10	faded	ACCEPT	r2J/J_008:93	26	old:ok:26w E:ok:26w J:ok:26w K:ok:26w tess:16/3 recall=1.00
vol068_tropical-agriculturist-1927-02-68	11	faded	KEEP_MINOR	old	0	old:ok:0w E:ok:0w J:ok:0w K:ok:4w tess:0/0
vol068_tropical-agriculturist-1927-02-68	17	faded	KEEP_BLANK	old	0	old:ok:0w E:ok:0w J:ok:0w K:ok:0w tess:0/0
vol068_tropical-agriculturist-1927-02-68	68	faded	KEEP_BLANK	old	0	old:ok:0w E:ok:0w J:ok:0w K:ok:0w tess:0/0
vol068_tropical-agriculturist-1927-05-68	89	faded	KEEP_BLANK	old	0	old:ok:0w E:ok:0w J:ok:0w K:ok:0w tess:0/0
vol068_tropical-agriculturist-1927-05-68	90	faded	KEEP_BLANK	old	0	old:ok:0w E:ok:0w J:ok:0w K:ok:0w tess:0/0
vol069_tropical-agriculturist-1927-07-69	16	faded	ACCEPT	r2J/J_008:99	56	old:ok:61w E:ok:56w J:ok:56w K:ok:53w tess:17/3 recall=0.82
vol069_tropical-agriculturist-1927-07-69	17	faded	KEEP_BLANK	old	0	old:ok:0w E:ok:0w J:ok:0w K:ok:0w tess:0/0
vol069_tropical-agriculturist-1927-07-69	39	faded	KEEP_BLANK	old	0	old:ok:0w E:ok:0w J:ok:0w K:ok:0w tess:0/0
vol069_tropical-agriculturist-1927-07-69	7	faded	KEEP_BLANK	old	0	old:ok:0w E:ok:55w J:ok:0w K:ok:0w tess:0/0
vol069_tropical-agriculturist-1927-09-69	11	faded	KEEP_BLANK	old	0	old:ok:0w E:ok:0w J:ok:0w K:ok:0w tess:0/0
vol069_tropical-agriculturist-1927-09-69	15	faded	KEEP_FIGURE	old	227	old:ok:227w E:ok:268w J:ok:169w K:ok:209w H:ok:195w M:ok:90w Q:ok:140w tess:0/0 agree-J=0.36
vol069_tropical-agriculturist-1927-09-69	23	faded	KEEP_BLANK	old	0	old:ok:0w E:ok:0w J:ok:0w K:ok:0w tess:0/0
vol069_tropical-agriculturist-1927-09-69	41	faded	KEEP_BLANK	old	0	old:ok:0w E:ok:0w J:ok:0w K:ok:0w tess:0/0
vol069_tropical-agriculturist-1927-09-69	47	faded	KEEP_BLANK	old	0	old:ok:0w E:ok:0w J:ok:0w K:ok:0w tess:0/0
vol069_tropical-agriculturist-1927-10-69	17	faded	KEEP_BLANK	old	0	old:ok:0w E:ok:0w J:ok:0w K:ok:0w tess:0/0
vol069_tropical-agriculturist-1927-12-69	15	faded	KEEP_BLANK	old	0	old:ok:0w E:ok:0w J:ok:0w K:ok:0w tess:0/0
vol070_dli-ernet-229220	108	faded	KEEP_BLANK	old	0	old:ok:0w E:ok:0w J:ok:0w K:ok:0w tess:0/0
vol070_dli-ernet-229220	2	faded	KEEP_BLANK	old	0	old:ok:0w E:ok:0w J:ok:0w K:ok:0w tess:0/0
vol070_dli-ernet-229220	232	faded	KEEP_BLANK	old	0	old:ok:0w E:ok:0w J:ok:0w K:ok:0w tess:0/0
vol070_dli-ernet-229220	24	faded	KEEP_BLANK	old	0	old:ok:0w E:ok:0w J:ok:0w K:ok:0w tess:0/0
vol070_dli-ernet-229220	250	faded	KEEP_BLANK	old	0	old:ok:0w E:ok:0w J:ok:0w K:ok:0w tess:0/0
vol070_dli-ernet-229220	340	faded	KEEP_BLANK	old	0	old:ok:0w E:ok:0w J:ok:0w K:ok:0w tess:0/0
vol070_dli-ernet-229220	4	faded	KEEP_BLANK	old	0	old:ok:0w E:ok:0w J:ok:0w K:ok:0w tess:0/0
vol070_dli-ernet-229220	484	faded	FAINT	old-images-only	0	old:ok:56w E:ok:56w J:ok:479w K:ok:979w tess:0/0
vol070_dli-ernet-229220	492	faded	KEEP_BLANK	old	0	old:ok:0w E:ok:0w J:ok:0w K:ok:0w tess:0/0
vol070_dli-ernet-229220	559	faded	ACCEPT	r2J/J_008:119	30	old:ok:30w E:ok:30w J:ok:30w K:ok:30w tess:15/2 recall=1.00
vol070_dli-ernet-229220	560	faded	KEEP_BLANK	old	0	old:ok:0w E:ok:0w J:ok:0w K:ok:0w tess:0/0
vol070_dli-ernet-229220	566	faded	KEEP_BLANK	old	0	old:ok:0w E:ok:0w J:ok:0w K:ok:0w tess:0/0
vol070_dli-ernet-229220	572	faded	KEEP_BLANK	old	0	old:ok:0w E:ok:0w J:ok:0w K:ok:0w tess:0/0
vol070_dli-ernet-229220	584	faded	KEEP_BLANK	old	0	old:ok:0w E:ok:0w J:ok:0w K:ok:0w tess:0/0
vol070_dli-ernet-229220	656	faded	KEEP_BLANK	old	0	old:ok:0w E:ok:0w J:ok:0w K:ok:0w tess:0/0
vol070_dli-ernet-229220	715	faded	KEEP_BLANK	old	0	old:ok:0w E:ok:0w J:ok:0w K:ok:0w tess:0/0
vol070_dli-ernet-229220	717	faded	KEEP_BLANK	old	0	old:ok:0w E:ok:0w J:ok:0w K:ok:0w tess:0/0
vol070_dli-ernet-229220	776	faded	KEEP_BLANK	old	0	old:ok:0w E:ok:0w J:ok:0w K:ok:0w tess:0/0
vol070_dli-ernet-229220	791	faded	KEEP_BLANK	old	0	old:ok:0w E:ok:0w J:ok:0w K:ok:0w tess:0/0
vol070_dli-ernet-229220	795	faded	KEEP_BLANK	old	0	old:ok:0w E:ok:0w J:ok:0w K:ok:0w tess:0/0
vol070_dli-ernet-229220	799	faded	KEEP_BLANK	old	0	old:ok:0w E:ok:0w J:ok:0w K:ok:0w tess:0/0
vol070_dli-ernet-229220	852	faded	FAINT	old-images-only	0	old:ok:200w E:ok:200w J:ok:21w K:ok:21w tess:0/0
vol070_dli-ernet-229220	853	faded	KEEP_BLANK	old	0	old:ok:0w E:ok:0w J:ok:0w K:ok:0w tess:0/0
vol070_dli-ernet-229220	854	faded	FAINT	old-images-only	0	old:ok:21w E:ok:21w J:ok:21w K:ok:21w tess:13/1
vol071_tropical-agriculturist-1928-07-71	51	faded	FAINT	old-images-only	0	old:ok:0w E:ok:0w J:ok:0w K:ok:17w tess:0/0
vol071_tropical-agriculturist-1928-09-71	11	faded	KEEP_BLANK	old	0	old:ok:0w E:ok:0w J:ok:0w K:ok:0w tess:0/0
vol071_tropical-agriculturist-1928-09-71	23	faded	KEEP_BLANK	old	0	old:ok:0w E:ok:0w J:ok:0w K:ok:0w tess:0/0
vol071_tropical-agriculturist-1928-09-71	5	faded	KEEP_BLANK	old	0	old:ok:0w E:ok:0w J:ok:0w K:ok:0w tess:0/0
vol071_tropical-agriculturist-1928-10-71	19	faded	KEEP_BLANK	old	0	old:ok:0w E:ok:0w J:ok:0w K:ok:0w tess:0/0
vol071_tropical-agriculturist-1928-11-71	66	faded	KEEP_MINOR	old	2	old:ok:2w E:ok:2w J:ok:1w K:ok:0w tess:0/0
vol071_tropical-agriculturist-1928-11-71	9	faded	FAINT	old-images-only	0	old:ok:15w E:LOOP:31w J:ok:12w K:LOOP:54w H:ok:0w M:ok:67w Q:LOOP:80w tess:0/0
vol071_tropical-agriculturist-1928-12-71	13	faded	KEEP_MINOR	old	0	old:ok:0w E:ok:0w J:ok:7w K:ok:3w tess:0/0
vol071_tropical-agriculturist-1928-12-71	17	faded	KEEP_BLANK	old	0	old:ok:0w E:ok:0w J:ok:0w K:ok:0w tess:0/0
vol071_tropical-agriculturist-1928-12-71	21	faded	FAINT	old-images-only	0	old:ok:0w E:ok:0w J:ok:66w K:ok:0w tess:0/0
vol072_dli-ernet-229221	1	faded	KEEP_BLANK	old	0	old:ok:0w E:ok:0w J:ok:0w K:ok:0w tess:0/0
vol072_dli-ernet-229221	151	faded	KEEP_BLANK	old	0	old:ok:0w E:ok:0w J:ok:0w K:ok:0w tess:0/0
vol072_dli-ernet-229221	157	faded	KEEP_BLANK	old	0	old:ok:0w E:ok:0w J:ok:0w K:ok:0w tess:0/0
vol072_dli-ernet-229221	158	faded	KEEP_FIGURE	old	198	old:ok:198w E:ok:167w J:ok:177w K:ok:169w tess:6/0 agree-J=0.68
vol072_dli-ernet-229221	2	faded	KEEP_MINOR	old	2	old:ok:2w E:ok:2w J:ok:3w K:ok:3w tess:0/0
vol072_dli-ernet-229221	25	faded	KEEP_MINOR	old	7	old:ok:7w E:ok:7w J:ok:7w K:ok:7w tess:1/0
vol072_dli-ernet-229221	26	faded	KEEP_BLANK	old	0	old:ok:0w E:ok:0w J:ok:0w K:ok:0w tess:0/0
vol072_dli-ernet-229221	281	faded	KEEP_FIGURE	old	205	old:ok:205w E:ok:214w J:ok:203w K:ok:201w tess:1/0 agree-J=0.48
vol072_dli-ernet-229221	289	faded	KEEP_FIGURE	old	146	old:ok:146w E:ok:75w J:ok:87w K:ok:87w tess:0/0 agree-J=0.37
vol072_dli-ernet-229221	290	faded	KEEP_FIGURE	old	201	old:ok:201w E:ok:195w J:ok:303w K:ok:155w H:ok:87w M:ok:79w Q:ok:299w tess:2/2 agree-J=0.55
vol072_dli-ernet-229221	293	faded	KEEP_BLANK	old	0	old:ok:0w E:ok:0w J:ok:0w K:ok:0w tess:0/0
vol072_dli-ernet-229221	294	faded	KEEP_FIGURE	old	375	old:ok:375w E:ok:370w J:ok:347w K:ok:293w tess:1/1 agree-J=0.68
vol072_dli-ernet-229221	297	faded	KEEP_FIGURE	old	258	old:ok:258w E:ok:217w J:ok:297w K:ok:199w H:ok:190w M:ok:174w Q:ok:234w tess:2/3 agree-J=0.44
vol072_dli-ernet-229221	298	faded	KEEP_BLANK	old	0	old:ok:0w E:ok:0w J:ok:0w K:ok:0w tess:0/0
vol072_dli-ernet-229221	3	faded	KEEP_BLANK	old	0	old:ok:0w E:ok:0w J:ok:0w K:ok:0w tess:0/0
vol072_dli-ernet-229221	312	faded	KEEP_BLANK	old	0	old:ok:0w E:ok:0w J:ok:0w K:ok:0w tess:0/0
vol072_dli-ernet-229221	351	faded	KEEP_BLANK	old	0	old:ok:0w E:ok:0w J:ok:0w K:ok:0w tess:0/0
vol072_dli-ernet-229221	360	faded	KEEP_BLANK	old	0	old:ok:0w E:ok:0w J:ok:0w K:ok:0w tess:0/0
vol072_dli-ernet-229221	4	faded	ACCEPT	r2J/J_009:37	105	old:ok:104w E:ok:104w J:ok:105w K:ok:105w tess:25/8 recall=1.00
vol072_dli-ernet-229221	418	faded	KEEP_BLANK	old	0	old:ok:0w E:ok:0w J:ok:0w K:ok:0w tess:0/0
vol072_dli-ernet-229221	432	faded	KEEP_BLANK	old	0	old:ok:0w E:ok:0w J:ok:0w K:ok:0w tess:0/0
vol072_dli-ernet-229221	444	faded	KEEP_BLANK	old	0	old:ok:0w E:ok:0w J:ok:0w K:ok:0w tess:0/0
vol072_dli-ernet-229221	514	faded	KEEP_BLANK	old	0	old:ok:0w E:ok:0w J:ok:0w K:ok:0w tess:0/0
vol072_dli-ernet-229221	537	faded	KEEP_BLANK	old	0	old:ok:0w E:ok:0w J:ok:0w K:ok:0w tess:0/0
vol072_dli-ernet-229221	538	faded	KEEP_FIGURE	old	60	old:ok:60w E:ok:121w J:ok:132w K:ok:121w H:ok:98w M:ok:39w Q:ok:168w tess:0/1 agree-J=0.32
vol072_dli-ernet-229221	572	faded	KEEP_BLANK	old	0	old:ok:0w E:ok:0w J:ok:0w K:ok:0w tess:0/0
vol072_dli-ernet-229221	580	faded	KEEP_BLANK	old	0	old:ok:0w E:ok:0w J:ok:0w K:ok:0w tess:0/0
vol072_dli-ernet-229221	589	faded	KEEP_BLANK	old	0	old:ok:0w E:ok:0w J:ok:0w K:ok:0w tess:0/0
vol072_dli-ernet-229221	652	faded	KEEP_BLANK	old	0	old:ok:0w E:ok:0w J:ok:0w K:ok:0w tess:0/0
vol072_dli-ernet-229221	656	faded	KEEP_BLANK	old	0	old:ok:0w E:ok:0w J:ok:0w K:ok:0w tess:0/0
vol072_dli-ernet-229221	664	faded	KEEP_BLANK	old	0	old:ok:0w E:ok:0w J:ok:0w K:ok:0w tess:0/0
vol072_dli-ernet-229221	668	faded	KEEP_BLANK	old	0	old:ok:0w E:ok:0w J:ok:0w K:ok:0w tess:0/0
vol072_dli-ernet-229221	672	faded	KEEP_BLANK	old	0	old:ok:0w E:ok:0w J:ok:0w K:ok:0w tess:0/0
vol072_dli-ernet-229221	676	faded	KEEP_BLANK	old	0	old:ok:0w E:ok:0w J:ok:0w K:ok:0w tess:0/0
vol072_dli-ernet-229221	680	faded	KEEP_BLANK	old	0	old:ok:0w E:ok:0w J:ok:0w K:ok:0w tess:0/0
vol072_dli-ernet-229221	687	faded	KEEP_BLANK	old	0	old:ok:0w E:ok:0w J:ok:0w K:ok:0w tess:0/0
vol072_dli-ernet-229221	733	faded	KEEP_BLANK	old	0	old:ok:0w E:ok:0w J:ok:0w K:ok:0w tess:0/0
vol072_dli-ernet-229221	734	faded	KEEP_FIGURE	old	176	old:ok:176w E:ok:187w J:ok:201w K:ok:200w H:ok:261w M:ok:57w Q:ok:262w tess:3/0 agree-J=0.50
vol072_dli-ernet-229221	737	faded	FAINT	old-images-only	0	old:ok:103w E:ok:98w J:ok:160w K:ok:192w tess:5/2
vol072_dli-ernet-229221	799	faded	KEEP_BLANK	old	0	old:ok:0w E:ok:0w J:ok:0w K:ok:0w tess:0/0
vol072_dli-ernet-229221	8	faded	ACCEPT	r2J/J_009:59	86	old:ok:86w E:ok:86w J:ok:86w K:ok:86w tess:34/2 recall=0.94
vol072_dli-ernet-229221	810	faded	KEEP_BLANK	old	0	old:ok:0w E:ok:0w J:ok:0w K:ok:0w tess:0/0
vol072_dli-ernet-229221	819	faded	KEEP_BLANK	old	0	old:ok:0w E:ok:0w J:ok:0w K:ok:0w tess:0/0
vol072_dli-ernet-229221	846	faded	KEEP_MINOR	old	0	old:ok:0w E:ok:0w J:ok:4w K:ok:4w tess:0/0
vol072_dli-ernet-229221	850	faded	KEEP_BLANK	old	0	old:ok:0w E:ok:0w J:ok:0w K:ok:0w tess:0/0
vol072_dli-ernet-229221	870	faded	KEEP_MINOR	old	0	old:ok:0w E:ok:0w J:ok:2w K:ok:2w tess:0/0
vol072_dli-ernet-229221	871	faded	FAINT	old-images-only	0	old:ok:21w E:ok:21w J:ok:21w K:ok:21w tess:13/1
vol073_tropical-agriculturist-1929-07-73	13	faded	KEEP_BLANK	old	0	old:ok:0w E:ok:0w J:ok:0w K:ok:0w tess:0/0
vol073_tropical-agriculturist-1929-07-73	17	faded	KEEP_BLANK	old	0	old:ok:0w E:ok:0w J:ok:0w K:ok:0w tess:0/0
vol073_tropical-agriculturist-1929-07-73	19	faded	KEEP_MINOR	old	0	old:ok:0w E:ok:0w J:ok:3w K:ok:0w tess:0/0
vol073_tropical-agriculturist-1929-07-73	21	faded	KEEP_BLANK	old	0	old:ok:0w E:ok:0w J:ok:0w K:ok:0w tess:0/0
vol073_tropical-agriculturist-1929-07-73	7	faded	KEEP_BLANK	old	0	old:ok:0w E:ok:0w J:ok:0w K:ok:0w tess:0/0
vol073_tropical-agriculturist-1929-08-73	13	faded	KEEP_BLANK	old	0	old:ok:0w E:ok:0w J:ok:0w K:ok:0w tess:0/0
vol073_tropical-agriculturist-1929-08-73	36	faded	KEEP_BLANK	old	0	old:ok:0w E:ok:0w J:ok:0w K:ok:0w tess:0/0
vol073_tropical-agriculturist-1929-08-73	37	faded	KEEP_FIGURE	old	125	old:ok:125w E:ok:27w J:ok:151w K:ok:107w H:ok:178w M:ok:31w Q:ok:237w tess:1/1 agree-J=0.51
vol073_tropical-agriculturist-1929-09-73	16	faded	KEEP_MINOR	old	0	old:ok:0w E:ok:0w J:LOOP:2663w K:ok:0w tess:0/0
vol073_tropical-agriculturist-1929-09-73	7	faded	FAINT	old-images-only	0	old:ok:134w E:ok:80w J:ok:231w K:ok:2410w H:ok:57w M:ok:20w Q:ok:794w tess:0/0
vol073_tropical-agriculturist-1929-10-73	11	faded	KEEP_BLANK	old	0	old:ok:0w E:ok:0w J:ok:0w K:ok:0w tess:0/0
vol073_tropical-agriculturist-1929-10-73	15	faded	FAINT	old-images-only	0	old:ok:0w E:ok:0w J:ok:546w K:ok:84w tess:0/0
vol073_tropical-agriculturist-1929-10-73	19	faded	KEEP_MINOR	old	0	old:ok:0w E:ok:0w J:ok:6w K:ok:6w tess:0/0
vol073_tropical-agriculturist-1929-10-73	23	faded	KEEP_MINOR	old	0	old:ok:0w E:ok:0w J:ok:5w K:ok:4w tess:0/0
vol073_tropical-agriculturist-1929-10-73	27	faded	KEEP_BLANK	old	0	old:ok:0w E:ok:87w J:ok:0w K:ok:0w tess:0/0
vol073_tropical-agriculturist-1929-10-73	31	faded	FAINT	old-images-only	0	old:ok:0w E:ok:0w J:ok:0w K:ok:18w tess:0/0
vol073_tropical-agriculturist-1929-10-73	35	faded	KEEP_BLANK	old	0	old:ok:0w E:ok:0w J:ok:0w K:ok:0w tess:0/0
vol073_tropical-agriculturist-1929-10-73	39	faded	FAINT	old-images-only	0	old:ok:0w E:ok:0w J:ok:1044w K:ok:130w tess:0/0
vol073_tropical-agriculturist-1929-10-73	46	faded	KEEP_BLANK	old	0	old:ok:0w E:ok:0w J:ok:0w K:ok:0w tess:0/0
vol073_tropical-agriculturist-1929-10-73	53	faded	ACCEPT	r2J/J_009:85	153	old:ok:153w E:ok:154w J:ok:153w K:ok:153w tess:26/3 recall=0.96
vol073_tropical-agriculturist-1929-11-73	10	faded	KEEP_BLANK	old	0	old:ok:0w E:ok:0w J:ok:0w K:ok:0w tess:0/0
vol073_tropical-agriculturist-1929-11-73	11	faded	KEEP_FIGURE	old	202	old:ok:202w E:ok:103w J:ok:99w K:ok:164w H:ok:257w M:ok:135w Q:ok:286w tess:0/1 agree-J=0.37
vol073_tropical-agriculturist-1929-11-73	14	faded	KEEP_FIGURE	old	198	old:ok:198w E:ok:97w J:ok:169w K:ok:183w H:ok:236w M:ok:115w Q:ok:320w tess:4/1 agree-J=0.70
vol073_tropical-agriculturist-1929-11-73	15	faded	KEEP_BLANK	old	0	old:ok:0w E:ok:0w J:ok:0w K:ok:0w tess:0/0
vol073_tropical-agriculturist-1929-12-73	19	faded	KEEP_BLANK	old	0	old:ok:0w E:ok:0w J:ok:0w K:ok:0w tess:0/0
vol073_tropical-agriculturist-1929-12-73	25	faded	KEEP_BLANK	old	0	old:ok:0w E:ok:0w J:ok:0w K:ok:0w tess:0/0
vol073_tropical-agriculturist-1929-12-73	26	faded	KEEP_BLANK	old	0	old:ok:0w E:ok:0w J:ok:0w K:ok:0w tess:0/0
vol073_tropical-agriculturist-1929-12-73	30	faded	FAINT	old-images-only	0	old:ok:0w E:ok:0w J:ok:11w K:LOOP:2662w tess:0/0
vol073_tropical-agriculturist-1929-12-73	35	faded	FAINT	old-images-only	0	old:ok:0w E:ok:0w J:ok:0w K:ok:20w tess:0/0
vol073_tropical-agriculturist-1929-12-73	36	faded	KEEP_BLANK	old	0	old:ok:0w E:ok:0w J:ok:0w K:ok:0w tess:0/0
vol073_tropical-agriculturist-1929-12-73	59	faded	KEEP_BLANK	old	0	old:ok:0w E:ok:0w J:ok:0w K:ok:0w tess:0/0
vol073_tropical-agriculturist-1929-12-73	63	faded	KEEP_BLANK	old	0	old:ok:0w E:ok:0w J:ok:0w K:ok:0w tess:0/0
vol073_tropical-agriculturist-1929-12-73	8	faded	KEEP_BLANK	old	0	old:ok:0w E:ok:441w J:ok:0w K:ok:0w tess:0/0
vol073_tropical-agriculturist-1929-12-73	85	faded	FAINT	old-images-only	0	old:ok:662w E:ok:282w J:ok:359w K:LOOP:2003w H:LOOP:5941w M:LOOP:9032w Q:ok:339w tess:0/0
vol074_dli-ernet-229223	1	faded	KEEP_BLANK	old	0	old:ok:0w E:ok:0w J:ok:0w K:ok:0w tess:0/0
vol074_dli-ernet-229223	109	faded	KEEP_BLANK	old	0	old:ok:0w E:ok:0w J:ok:0w K:ok:0w tess:0/0
vol074_dli-ernet-229223	12	faded	KEEP_BLANK	old	0	old:ok:0w E:ok:0w J:ok:0w K:ok:0w tess:0/0
vol074_dli-ernet-229223	162	faded	KEEP_BLANK	old	0	old:ok:0w E:ok:0w J:ok:0w K:ok:0w tess:0/0
vol074_dli-ernet-229223	2	faded	KEEP_BLANK	old	0	old:ok:0w E:ok:0w J:ok:0w K:ok:0w tess:0/0
vol074_dli-ernet-229223	246	faded	KEEP_BLANK	old	0	old:ok:0w E:ok:0w J:ok:0w K:ok:0w tess:0/0
vol074_dli-ernet-229223	257	faded	KEEP_BLANK	old	0	old:ok:0w E:ok:0w J:ok:0w K:ok:0w tess:0/0
vol074_dli-ernet-229223	261	faded	KEEP_BLANK	old	0	old:ok:0w E:ok:0w J:ok:0w K:ok:0w tess:0/0
vol074_dli-ernet-229223	262	faded	KEEP_FIGURE	old	29	old:ok:29w E:ok:29w J:ok:29w K:ok:131w tess:9/6 agree-J=0.97
vol074_dli-ernet-229223	27	faded	KEEP_BLANK	old	0	old:ok:0w E:ok:0w J:ok:0w K:ok:0w tess:0/0
vol074_dli-ernet-229223	4	faded	KEEP_BLANK	old	0	old:ok:0w E:ok:0w J:ok:0w K:ok:0w tess:0/0
vol074_dli-ernet-229223	450	faded	KEEP_BLANK	old	0	old:ok:0w E:ok:0w J:ok:0w K:ok:0w tess:0/0
vol074_dli-ernet-229223	469	faded	KEEP_BLANK	old	0	old:ok:0w E:ok:0w J:ok:0w K:ok:0w tess:0/0
vol074_dli-ernet-229223	470	faded	FAINT	old-images-only	0	old:ok:27w E:ok:27w J:ok:27w K:ok:27w tess:11/0
vol074_dli-ernet-229223	587	faded	KEEP_BLANK	old	0	old:ok:0w E:ok:0w J:ok:0w K:ok:0w tess:0/0
vol074_dli-ernet-229223	588	faded	KEEP_BLANK	old	0	old:ok:0w E:ok:0w J:ok:0w K:ok:0w tess:0/0
vol074_dli-ernet-229223	595	faded	KEEP_BLANK	old	0	old:ok:0w E:ok:0w J:ok:0w K:ok:0w tess:0/0
vol074_dli-ernet-229223	609	faded	KEEP_BLANK	old	0	old:ok:0w E:ok:0w J:ok:0w K:ok:0w tess:0/0
vol074_dli-ernet-229223	816	faded	KEEP_BLANK	old	0	old:ok:0w E:ok:0w J:ok:0w K:ok:0w tess:0/0
vol074_dli-ernet-229223	88	faded	KEEP_BLANK	old	0	old:ok:0w E:ok:0w J:ok:0w K:ok:0w tess:0/0
vol074_dli-ernet-229223	884	faded	KEEP_BLANK	old	0	old:ok:0w E:ok:0w J:ok:0w K:ok:0w tess:0/0
vol074_dli-ernet-229223	885	faded	FAINT	old-images-only	0	old:ok:21w E:ok:21w J:ok:21w K:ok:21w tess:13/1
vol074_dli-ernet-229223	96	faded	KEEP_BLANK	old	0	old:ok:0w E:ok:0w J:ok:0w K:ok:0w tess:0/0
vol075_tropical-agriculturist-1930-07-75	45	faded	KEEP_BLANK	old	0	old:ok:0w E:ok:0w J:ok:0w K:ok:0w tess:0/0
vol075_tropical-agriculturist-1930-07-75	47	faded	KEEP_BLANK	old	0	old:ok:0w E:ok:0w J:ok:0w K:ok:0w tess:0/0
vol075_tropical-agriculturist-1930-07-75	53	faded	FAINT	old-images-only	0	old:ok:158w E:ok:121w J:ok:128w K:ok:117w tess:2/5
vol075_tropical-agriculturist-1930-07-75	55	faded	FAINT	old-images-only	0	old:ok:156w E:ok:139w J:ok:127w K:ok:123w tess:3/6
vol075_tropical-agriculturist-1930-09-75	20	faded	KEEP_BLANK	old	0	old:ok:0w E:ok:0w J:ok:0w K:ok:0w tess:0/0
vol075_tropical-agriculturist-1930-09-75	6	faded	FAINT	old-images-only	0	old:ok:25w E:ok:59w J:ok:25w K:ok:54w tess:4/1
vol075_tropical-agriculturist-1930-11-75	85	faded	KEEP_BLANK	old	0	old:ok:0w E:ok:0w J:ok:0w K:ok:0w tess:0/0
vol075_tropical-agriculturist-1930-12-75	65	faded	FAINT	old-images-only	0	old:ok:0w E:ok:27w J:ok:82w K:ok:739w H:ok:308w M:ok:53w Q:ok:42w tess:0/0
vol075_tropical-agriculturist-1930-12-75	66	faded	KEEP_BLANK	old	0	old:ok:0w E:ok:0w J:ok:0w K:ok:0w tess:0/0
vol075_tropical-agriculturist-1930-12-75	67	faded	KEEP_BLANK	old	0	old:ok:0w E:ok:0w J:ok:0w K:ok:0w tess:0/0
vol076_dli-ernet-229225	1	faded	KEEP_BLANK	old	0	old:ok:0w E:ok:0w J:ok:0w K:ok:0w tess:0/0
vol076_dli-ernet-229225	10	faded	KEEP_BLANK	old	0	old:ok:0w E:ok:0w J:ok:0w K:ok:0w tess:0/0
vol076_dli-ernet-229225	15	faded	KEEP_BLANK	old	0	old:ok:0w E:ok:0w J:ok:0w K:ok:0w tess:0/0
vol076_dli-ernet-229225	150	faded	KEEP_BLANK	old	0	old:ok:0w E:ok:0w J:ok:0w K:ok:0w tess:0/0
vol076_dli-ernet-229225	2	faded	KEEP_BLANK	old	0	old:ok:0w E:ok:0w J:ok:0w K:ok:0w tess:0/0
vol076_dli-ernet-229225	216	faded	KEEP_BLANK	old	0	old:ok:0w E:ok:0w J:ok:0w K:ok:0w tess:0/0
vol076_dli-ernet-229225	293	faded	KEEP_BLANK	old	0	old:ok:0w E:ok:0w J:ok:0w K:ok:0w tess:0/0
vol076_dli-ernet-229225	294	faded	KEEP_MINOR	old	3	old:ok:3w E:ok:3w J:ok:3w K:ok:3w tess:2/0
vol076_dli-ernet-229225	4	faded	KEEP_BLANK	old	0	old:ok:0w E:ok:0w J:ok:0w K:ok:0w tess:0/0
vol076_dli-ernet-229225	424	faded	KEEP_BLANK	old	0	old:ok:0w E:ok:0w J:ok:0w K:ok:0w tess:0/0
vol076_dli-ernet-229225	426	faded	KEEP_BLANK	old	0	old:ok:0w E:ok:0w J:ok:0w K:ok:0w tess:0/0
vol076_dli-ernet-229225	521	faded	KEEP_BLANK	old	0	old:ok:0w E:ok:0w J:ok:0w K:ok:0w tess:0/0
vol076_dli-ernet-229225	532	faded	KEEP_BLANK	old	0	old:ok:0w E:ok:0w J:ok:0w K:ok:0w tess:0/0
vol076_dli-ernet-229225	538	faded	KEEP_BLANK	old	0	old:ok:0w E:ok:0w J:ok:0w K:ok:0w tess:0/0
vol076_dli-ernet-229225	542	faded	KEEP_BLANK	old	0	old:ok:0w E:ok:0w J:ok:0w K:ok:0w tess:0/0
vol076_dli-ernet-229225	601	faded	KEEP_BLANK	old	0	old:ok:0w E:ok:0w J:ok:0w K:ok:0w tess:0/0
vol076_dli-ernet-229225	662	faded	KEEP_BLANK	old	0	old:ok:0w E:ok:0w J:ok:0w K:ok:0w tess:0/0
vol076_dli-ernet-229225	666	faded	KEEP_BLANK	old	0	old:ok:0w E:ok:0w J:ok:0w K:ok:0w tess:0/0
vol076_dli-ernet-229225	678	faded	KEEP_BLANK	old	0	old:ok:0w E:ok:0w J:ok:0w K:ok:0w tess:0/0
vol076_dli-ernet-229225	734	faded	KEEP_BLANK	old	0	old:ok:0w E:ok:0w J:ok:0w K:ok:0w tess:0/0
vol076_dli-ernet-229225	792	faded	KEEP_BLANK	old	0	old:ok:0w E:ok:0w J:ok:0w K:ok:0w tess:0/0
vol076_dli-ernet-229225	857	faded	KEEP_BLANK	old	0	old:ok:0w E:ok:0w J:ok:0w K:ok:0w tess:0/0
vol076_dli-ernet-229225	858	faded	KEEP_BLANK	old	0	old:ok:0w E:ok:0w J:ok:0w K:ok:0w tess:0/0
vol076_dli-ernet-229225	859	faded	FAINT	old-images-only	0	old:ok:21w E:ok:21w J:ok:21w K:ok:21w tess:13/3
vol076_dli-ernet-229225	9	faded	ACCEPT	r2J/J_010:32	71	old:ok:71w E:ok:71w J:ok:71w K:ok:71w tess:29/1 recall=0.96
vol077_tdl-34003-the-tropical-agriculturist-the-agricultural-journa	17	faded	KEEP_FIGURE	old	229	old:ok:229w E:ok:229w J:ok:132w K:ok:132w tess:14/3 agree-J=0.52
vol077_tdl-34003-the-tropical-agriculturist-the-agricultural-journa	18	faded	ACCEPT	r2J/J_010:34	225	old:ok:325w E:ok:245w J:ok:225w K:ok:269w H:ok:316w M:ok:195w Q:ok:218w tess:16/1 recall=1.00
vol077_tdl-34003-the-tropical-agriculturist-the-agricultural-journa	21	faded	KEEP_FIGURE	old	152	old:ok:152w E:ok:148w J:ok:101w K:ok:101w tess:1/1 agree-J=0.64
vol077_tdl-34003-the-tropical-agriculturist-the-agricultural-journa	22	faded	KEEP_FIGURE	old	283	old:ok:283w E:ok:249w J:ok:194w K:ok:194w H:ok:303w M:ok:118w Q:ok:328w tess:0/2 agree-J=0.44
vol077_tdl-34003-the-tropical-agriculturist-the-agricultural-journa	58	faded	FAINT	old-images-only	0	old:ok:168w E:ok:157w J:ok:138w K:ok:138w tess:2/0
vol078_tropical-agriculturist-1932-01-78	13	faded	FAINT	old-images-only	0	old:ok:0w E:ok:0w J:ok:515w K:LOOP:88w tess:0/0
vol078_tropical-agriculturist-1932-02-78	29	faded	KEEP_BLANK	old	0	old:ok:0w E:ok:0w J:ok:0w K:ok:0w tess:0/0
vol078_tropical-agriculturist-1932-03-78	19	faded	KEEP_BLANK	old	0	old:ok:0w E:ok:0w J:ok:0w K:ok:0w tess:0/0
vol078_tropical-agriculturist-1932-03-78	28	faded	KEEP_BLANK	old	0	old:ok:0w E:ok:0w J:ok:0w K:ok:0w tess:0/0
vol078_tropical-agriculturist-1932-03-78	8	faded	FAINT	old-images-only	0	old:ok:24w E:ok:0w J:ok:24w K:ok:9w tess:0/0
vol078_tropical-agriculturist-1932-04-78	17	faded	FAINT	old-images-only	0	old:ok:0w E:ok:0w J:ok:34w K:ok:991w tess:0/0
vol078_tropical-agriculturist-1932-04-78	2	faded	KEEP_BLANK	old	0	old:ok:0w E:ok:0w J:ok:0w K:ok:0w tess:0/0
vol078_tropical-agriculturist-1932-04-78	27	faded	KEEP_BLANK	old	0	old:ok:0w E:ok:0w E:ok:0w J:ok:0w K:ok:0w tess:0/0
vol078_tropical-agriculturist-1932-05-78	13	faded	KEEP_BLANK	old	0	old:ok:0w E:ok:0w J:ok:0w K:ok:0w tess:0/0
vol078_tropical-agriculturist-1932-05-78	2	faded	KEEP_BLANK	old	0	old:ok:0w E:ok:0w J:ok:0w K:ok:0w tess:0/0
vol078_tropical-agriculturist-1932-05-78	20	faded	KEEP_BLANK	old	0	old:ok:0w E:ok:0w J:ok:0w K:ok:0w tess:0/0
vol078_tropical-agriculturist-1932-05-78	26	faded	KEEP_BLANK	old	0	old:ok:0w E:ok:0w J:ok:0w K:ok:0w tess:0/0
vol078_tropical-agriculturist-1932-06-78	2	faded	KEEP_BLANK	old	0	old:ok:0w E:ok:0w J:ok:0w K:ok:0w tess:0/0
vol078_tropical-agriculturist-1932-06-78	20	faded	KEEP_BLANK	old	0	old:ok:0w E:ok:0w J:ok:0w K:ok:0w tess:0/0
vol079_iss01_tropical-agriculturist-1932-07-79-1	1	faded	FAINT	old-images-only	0	old:ok:11w E:ok:11w J:ok:11w K:ok:11w tess:2/0
vol079_iss01_tropical-agriculturist-1932-07-79-1	6	faded	KEEP_BLANK	old	0	old:ok:0w E:ok:0w J:ok:0w K:ok:0w tess:0/0
vol079_iss02_tropical-agriculturist-1932-08-79-2	4	faded	KEEP_MINOR	old	0	old:ok:0w E:ok:0w J:ok:3w K:ok:0w tess:0/0
vol079_iss03_tropical-agriculturist-1932-09-79-3	12	faded	KEEP_BLANK	old	0	old:ok:0w E:ok:0w J:ok:0w K:ok:0w tess:0/0
vol079_iss03_tropical-agriculturist-1932-09-79-3	28	faded	KEEP_BLANK	old	0	old:ok:0w E:ok:0w J:ok:0w K:ok:0w tess:0/0
vol079_iss03_tropical-agriculturist-1932-09-79-3	4	faded	KEEP_BLANK	old	0	old:ok:0w E:ok:0w J:ok:0w K:ok:0w tess:0/0
vol079_iss03_tropical-agriculturist-1932-09-79-3	73	faded	FAINT	old-images-only	0	old:ok:50w E:ok:582w J:ok:149w K:ok:1034w H:ok:278w M:ok:310w Q:LOOP:2518w tess:0/0
vol079_iss04_tropical-agriculturist-1932-10-79-4	63	faded	FAINT	old-images-only	0	old:ok:0w E:ok:0w J:ok:0w K:ok:43w tess:0/0
vol079_iss05_tropical-agriculturist-1932-11-79-5	67	faded	FAINT	old-images-only	0	old:ok:0w E:ok:52w J:ok:212w K:ok:1169w H:ok:0w M:ok:347w Q:LOOP:2416w tess:0/0
vol079_iss06_tropical-agriculturist-1932-12-79-6	63	faded	FAINT	old-images-only	0	old:ok:9w E:ok:8w J:ok:1015w K:LOOP:2657w H:ok:20w M:LOOP:3486w Q:ok:21w tess:0/0
vol080_dli-ernet-229226	1	faded	KEEP_BLANK	old	0	old:ok:0w E:ok:0w J:ok:0w K:ok:0w tess:0/0
vol080_dli-ernet-229226	2	faded	KEEP_BLANK	old	0	old:ok:0w E:ok:0w J:ok:0w K:ok:0w tess:0/0
vol080_dli-ernet-229226	212	faded	KEEP_BLANK	old	0	old:ok:0w E:ok:0w J:ok:0w K:ok:0w tess:0/0
vol080_dli-ernet-229226	22	faded	KEEP_MINOR	old	3	old:ok:3w E:ok:3w J:ok:3w K:ok:3w tess:3/0
vol080_dli-ernet-229226	230	faded	KEEP_BLANK	old	0	old:ok:0w E:ok:0w J:ok:0w K:ok:0w tess:0/0
vol080_dli-ernet-229226	235	faded	KEEP_BLANK	old	0	old:ok:0w E:ok:0w J:ok:0w K:ok:0w tess:0/0
vol080_dli-ernet-229226	279	faded	KEEP_BLANK	old	0	old:ok:0w E:ok:0w J:ok:0w K:ok:0w tess:0/0
vol080_dli-ernet-229226	286	faded	KEEP_BLANK	old	0	old:ok:0w E:ok:0w J:ok:0w K:ok:0w tess:0/0
vol080_dli-ernet-229226	298	faded	KEEP_BLANK	old	0	old:ok:0w E:ok:0w J:ok:0w K:ok:0w tess:0/0
vol080_dli-ernet-229226	303	faded	KEEP_BLANK	old	0	old:ok:0w E:ok:0w J:ok:0w K:ok:0w tess:0/0
vol080_dli-ernet-229226	328	faded	KEEP_BLANK	old	0	old:ok:0w E:ok:0w J:ok:0w K:ok:0w tess:0/0
vol080_dli-ernet-229226	360	faded	KEEP_BLANK	old	0	old:ok:0w E:ok:0w J:ok:0w K:ok:0w tess:0/0
vol080_dli-ernet-229226	386	faded	KEEP_BLANK	old	0	old:ok:0w E:ok:0w J:ok:0w K:ok:0w tess:0/0
vol080_dli-ernet-229226	388	faded	KEEP_BLANK	old	0	old:ok:0w E:ok:0w J:ok:0w K:ok:0w tess:0/0
vol080_dli-ernet-229226	4	faded	KEEP_BLANK	old	0	old:ok:0w E:ok:0w J:ok:0w K:ok:0w tess:0/0
vol080_dli-ernet-229226	440	faded	KEEP_BLANK	old	0	old:ok:0w E:ok:0w J:ok:0w K:ok:0w tess:0/0
vol080_dli-ernet-229226	444	faded	KEEP_BLANK	old	0	old:ok:0w E:ok:0w J:ok:0w K:ok:0w tess:0/0
vol080_dli-ernet-229226	446	faded	KEEP_BLANK	old	0	old:ok:0w E:ok:0w J:ok:0w K:ok:0w tess:0/0
vol080_dli-ernet-229226	450	faded	KEEP_BLANK	old	0	old:ok:0w E:ok:0w J:ok:0w K:ok:0w tess:0/0
vol080_dli-ernet-229226	504	faded	KEEP_BLANK	old	0	old:ok:0w E:ok:0w J:ok:0w K:ok:0w tess:0/0
vol080_dli-ernet-229226	530	faded	KEEP_BLANK	old	0	old:ok:0w E:ok:0w J:ok:0w K:ok:0w tess:0/0
vol080_dli-ernet-229226	533	faded	KEEP_BLANK	old	0	old:ok:0w E:ok:0w J:ok:0w K:ok:0w tess:0/0
vol080_dli-ernet-229226	618	faded	KEEP_BLANK	old	0	old:ok:0w E:ok:0w J:ok:0w K:ok:0w tess:0/0
vol080_dli-ernet-229226	705	faded	KEEP_BLANK	old	0	old:ok:0w E:ok:0w J:ok:0w K:ok:0w tess:0/0
vol080_dli-ernet-229226	744	faded	KEEP_BLANK	old	0	old:ok:0w E:ok:0w J:ok:0w K:ok:0w tess:0/0
vol080_dli-ernet-229226	877	faded	KEEP_BLANK	old	0	old:ok:0w E:ok:0w J:ok:0w K:ok:0w tess:0/0
vol080_dli-ernet-229226	878	faded	KEEP_BLANK	old	0	old:ok:0w E:ok:0w J:ok:0w K:ok:0w tess:0/0
vol080_dli-ernet-229226	879	faded	FAINT	old-images-only	0	old:ok:21w E:ok:21w J:ok:21w K:ok:21w tess:13/2
vol081_iss01_tropical-agriculturist-1933-07-81-1	24	faded	FAINT	old-images-only	0	old:ok:0w E:ok:6w J:ok:64w K:LOOP:195w H:LOOP:34w M:ok:118w Q:ok:121w tess:0/0
vol081_iss01_tropical-agriculturist-1933-07-81-1	51	faded	KEEP_BLANK	old	0	old:ok:0w E:ok:0w J:ok:0w K:ok:0w tess:0/0
vol081_iss01_tropical-agriculturist-1933-07-81-1	72	faded	KEEP_BLANK	old	0	old:ok:0w E:ok:0w J:ok:0w K:ok:0w tess:0/0
vol081_iss01_tropical-agriculturist-1933-07-81-1	79	capped+faded	FAINT	old-images-only	0	old:LOOP:661w E:LOOP:3219w O:LOOP:5463w H:ok:636w J:ok:553w K:ok:468w H:ok:717w M:ok:471w Q:ok:1428w tess:0/0
vol081_iss01_tropical-agriculturist-1933-07-81-1	80	faded	KEEP_MINOR	old	4	old:ok:4w E:ok:0w J:ok:4w K:ok:2w tess:0/0
vol081_iss02_tropical-agriculturist-1933-08-81-2	12	faded	ACCEPT	r2J/J_010:95	157	old:ok:157w E:ok:157w J:ok:157w K:ok:157w tess:42/5 recall=1.00
vol081_iss03_tropical-agriculturist-1933-09-81-3	19	faded	KEEP_BLANK	old	0	old:ok:0w E:ok:0w J:ok:0w K:ok:0w tess:0/0
vol081_iss03_tropical-agriculturist-1933-09-81-3	74	faded	KEEP_BLANK	old	0	old:ok:0w E:ok:0w J:ok:0w K:ok:0w tess:0/0
vol081_iss04_tropical-agriculturist-1933-10-81-4	30	faded	KEEP_BLANK	old	0	old:ok:0w E:ok:0w J:ok:0w K:ok:0w tess:0/0
vol081_iss04_tropical-agriculturist-1933-10-81-4	31	faded	KEEP_FIGURE	old	723	old:ok:723w E:ok:182w J:ok:836w K:ok:1026w H:ok:305w M:ok:145w Q:ok:353w tess:9/1 agree-J=0.61
vol081_iss04_tropical-agriculturist-1933-10-81-4	68	faded	KEEP_BLANK	old	0	old:ok:0w E:ok:0w J:ok:0w K:ok:0w tess:0/0
vol081_iss05_tropical-agriculturist-1933-11-81-5	15	faded	ACCEPT	r2J/J_010:101	100	old:ok:100w E:ok:100w J:ok:100w K:ok:100w tess:46/10 recall=0.92
vol081_iss05_tropical-agriculturist-1933-11-81-5	67	faded	FAINT	old-images-only	0	old:ok:262w E:ok:25w J:ok:203w K:ok:0w H:ok:47w M:ok:40w Q:ok:17w tess:0/0
vol081_iss06_tropical-agriculturist-1933-12-81-6	57	faded	ACCEPT	r2J/J_010:103	128	old:ok:126w E:ok:126w J:ok:128w K:ok:128w tess:69/31 recall=0.98
vol082_dli-ernet-229227	1	faded	KEEP_BLANK	old	0	old:ok:0w E:ok:0w J:ok:0w K:ok:0w tess:0/0
vol082_dli-ernet-229227	110	faded	KEEP_BLANK	old	0	old:ok:0w E:ok:0w J:ok:0w K:ok:0w tess:0/0
vol082_dli-ernet-229227	15	faded	KEEP_BLANK	old	0	old:ok:0w E:ok:0w J:ok:0w K:ok:0w tess:0/0
vol082_dli-ernet-229227	150	faded	KEEP_BLANK	old	0	old:ok:0w E:ok:0w J:ok:0w K:ok:0w tess:0/0
vol082_dli-ernet-229227	16	faded	KEEP_FIGURE	old	152	old:ok:152w E:ok:152w J:ok:298w K:ok:134w tess:1/0 agree-J=0.37
vol082_dli-ernet-229227	162	faded	KEEP_BLANK	old	0	old:ok:0w E:ok:0w J:ok:0w K:ok:0w tess:0/0
vol082_dli-ernet-229227	165	faded	KEEP_BLANK	old	0	old:ok:0w E:ok:0w J:ok:0w K:ok:0w tess:0/0
vol082_dli-ernet-229227	2	faded	KEEP_BLANK	old	0	old:ok:0w E:ok:0w J:ok:0w K:ok:0w tess:0/0
vol082_dli-ernet-229227	220	faded	KEEP_BLANK	old	0	old:ok:0w E:ok:0w J:ok:0w K:ok:0w tess:0/0
vol082_dli-ernet-229227	233	faded	KEEP_BLANK	old	0	old:ok:0w E:ok:0w J:ok:0w K:ok:0w tess:0/0
vol082_dli-ernet-229227	27	faded	KEEP_BLANK	old	0	old:ok:0w E:ok:0w J:ok:0w K:ok:0w tess:0/0
vol082_dli-ernet-229227	352	faded	KEEP_BLANK	old	0	old:ok:0w E:ok:0w J:ok:0w K:ok:0w tess:0/0
vol082_dli-ernet-229227	367	faded	KEEP_BLANK	old	0	old:ok:0w E:ok:0w J:ok:0w K:ok:0w tess:0/0
vol082_dli-ernet-229227	374	faded	KEEP_BLANK	old	0	old:ok:0w E:ok:0w J:ok:0w K:ok:0w tess:0/0
vol082_dli-ernet-229227	378	faded	KEEP_BLANK	old	0	old:ok:0w E:ok:0w J:ok:0w K:ok:0w tess:0/0
vol082_dli-ernet-229227	388	faded	KEEP_BLANK	old	0	old:ok:0w E:ok:0w J:ok:0w K:ok:0w tess:0/0
vol082_dli-ernet-229227	392	faded	KEEP_BLANK	old	0	old:ok:0w E:ok:0w J:ok:0w K:ok:0w tess:0/0
vol082_dli-ernet-229227	433	faded	KEEP_BLANK	old	0	old:ok:0w E:ok:0w J:ok:0w K:ok:0w tess:0/0
vol082_dli-ernet-229227	510	faded	KEEP_BLANK	old	0	old:ok:0w E:ok:0w J:ok:0w K:ok:0w tess:0/0
vol082_dli-ernet-229227	529	faded	KEEP_BLANK	old	0	old:ok:0w E:ok:0w J:ok:0w K:ok:0w tess:0/0
vol082_dli-ernet-229227	537	faded	KEEP_BLANK	old	0	old:ok:0w E:ok:0w J:ok:0w K:ok:0w tess:0/0
vol082_dli-ernet-229227	581	faded	KEEP_BLANK	old	0	old:ok:0w E:ok:0w J:ok:0w K:ok:0w tess:0/0
vol082_dli-ernet-229227	587	faded	KEEP_BLANK	old	0	old:ok:0w E:ok:0w J:ok:0w K:ok:0w tess:0/0
vol082_dli-ernet-229227	594	faded	KEEP_BLANK	old	0	old:ok:0w E:ok:0w J:ok:0w K:ok:0w tess:0/0
vol082_dli-ernet-229227	651	faded	KEEP_BLANK	old	0	old:ok:0w E:ok:0w J:ok:0w K:ok:0w tess:0/0
vol082_dli-ernet-229227	678	faded	KEEP_BLANK	old	0	old:ok:0w E:ok:0w J:ok:0w K:ok:0w tess:0/0
vol082_dli-ernet-229227	696	faded	KEEP_BLANK	old	0	old:ok:0w E:ok:0w J:ok:0w K:ok:0w tess:0/0
vol082_dli-ernet-229227	747	faded	KEEP_BLANK	old	0	old:ok:0w E:ok:0w J:ok:0w K:ok:0w tess:0/0
vol082_dli-ernet-229227	761	faded	ACCEPT	r2J/J_011:7	28	old:ok:28w E:ok:28w J:ok:28w K:ok:28w tess:17/3 recall=1.00
vol082_dli-ernet-229227	796	faded	KEEP_BLANK	old	0	old:ok:0w E:ok:0w J:ok:0w K:ok:0w tess:0/0
vol082_dli-ernet-229227	826	faded	KEEP_BLANK	old	0	old:ok:0w E:ok:0w J:ok:0w K:ok:0w tess:0/0
vol082_dli-ernet-229227	838	faded	KEEP_FIGURE	old	115	old:ok:115w E:ok:115w J:ok:101w K:ok:115w H:ok:145w M:ok:109w Q:ok:380w tess:0/2 agree-J=0.62
vol082_dli-ernet-229227	851	faded	KEEP_BLANK	old	0	old:ok:0w E:ok:0w J:ok:0w K:ok:0w tess:0/0
vol082_dli-ernet-229227	854	faded	KEEP_BLANK	old	0	old:ok:0w E:ok:0w J:ok:0w K:ok:0w tess:0/0
vol082_dli-ernet-229227	916	faded	KEEP_BLANK	old	0	old:ok:0w E:ok:0w J:ok:0w K:ok:0w tess:0/0
vol082_dli-ernet-229227	917	faded	FAINT	old-images-only	0	old:ok:21w E:ok:21w J:ok:21w K:ok:21w tess:12/1
vol083_tropical-agriculturist-1934-07	26	faded	ACCEPT	r2J/J_011:15	147	old:ok:147w E:ok:147w J:ok:147w K:ok:147w tess:106/28 recall=0.99
vol083_tropical-agriculturist-1934-07	65	faded	KEEP_BLANK	old	0	old:ok:0w E:ok:0w J:ok:0w K:ok:0w tess:0/0
vol083_tropical-agriculturist-1934-08	12	faded	FAINT	old-images-only	0	old:ok:0w E:ok:0w J:ok:89w K:ok:261w tess:0/0
vol083_tropical-agriculturist-1934-08	13	faded	KEEP_FIGURE	old	142	old:ok:142w E:ok:115w J:ok:118w K:ok:118w H:ok:134w M:ok:160w Q:ok:192w tess:2/6 agree-J=0.38
vol083_tropical-agriculturist-1934-08	19	faded	ACCEPT	r2J/J_011:19	114	old:ok:114w E:ok:114w J:ok:114w K:ok:114w tess:55/9 recall=0.97
vol083_tropical-agriculturist-1934-08	20	faded	KEEP_BLANK	old	0	old:ok:0w E:ok:0w J:ok:0w K:ok:0w tess:0/0
vol083_tropical-agriculturist-1934-08	40	faded	ACCEPT	r2J/J_011:21	93	old:ok:93w E:ok:93w E:ok:93w J:ok:93w K:ok:93w tess:65/14 recall=0.96
vol083_tropical-agriculturist-1934-08	64	faded	KEEP_BLANK	old	0	old:ok:0w E:ok:0w J:ok:0w K:ok:0w tess:0/0
vol083_tropical-agriculturist-1934-08	70	faded	KEEP_BLANK	old	0	old:ok:0w E:ok:0w J:ok:0w K:ok:0w tess:0/0
vol083_tropical-agriculturist-1934-08	77	faded	KEEP_BLANK	old	0	old:ok:0w E:ok:3w J:ok:0w K:ok:0w tess:0/0
vol083_tropical-agriculturist-1934-09	11	faded	KEEP_FIGURE	old	121	old:ok:121w E:ok:121w J:ok:134w K:ok:121w tess:1/1 agree-J=0.39
vol083_tropical-agriculturist-1934-09	18	faded	ACCEPT	r2J/J_011:26	125	old:ok:125w E:ok:125w J:ok:125w K:ok:125w tess:61/10 recall=1.00
vol083_tropical-agriculturist-1934-09	34	faded	ACCEPT	r2J/J_011:27	138	old:ok:138w E:ok:138w J:ok:138w K:ok:138w tess:88/16 recall=0.98
vol083_tropical-agriculturist-1934-09	42	faded	ACCEPT	r2J/J_011:28	113	old:ok:113w E:ok:113w E:ok:113w J:ok:113w K:ok:113w tess:64/11 recall=0.98
vol083_tropical-agriculturist-1934-09	5	faded	FAINT	old-images-only	0	old:ok:91w E:ok:91w J:ok:91w K:ok:92w tess:0/1
vol083_tropical-agriculturist-1934-09	53	faded	KEEP_BLANK	old	0	old:ok:0w E:ok:0w J:ok:0w K:ok:0w tess:0/0
vol083_tropical-agriculturist-1934-09	56	faded	KEEP_BLANK	old	0	old:ok:0w E:ok:0w J:ok:0w K:ok:0w tess:0/0
vol083_tropical-agriculturist-1934-09	63	faded	FAINT	old-images-only	0	old:ok:469w E:ok:523w J:ok:709w K:ok:839w H:ok:553w M:ok:546w Q:ok:791w tess:2/2
vol083_tropical-agriculturist-1934-10	17	faded	KEEP_BLANK	old	0	old:ok:0w E:ok:0w J:ok:0w K:ok:0w tess:0/0
vol083_tropical-agriculturist-1934-10	35	faded	KEEP_BLANK	old	0	old:ok:0w E:ok:0w J:ok:0w K:ok:0w tess:0/0
vol083_tropical-agriculturist-1934-10	55	faded	ACCEPT	r2J/J_011:35	151	old:ok:151w E:ok:151w J:ok:151w K:ok:151w tess:103/17 recall=0.97
vol083_tropical-agriculturist-1934-11	2	faded	KEEP_FIGURE	old	23	old:ok:23w E:ok:23w J:ok:23w K:ok:40w tess:4/1 agree-J=1.00
vol083_tropical-agriculturist-1934-11	51	faded	KEEP_BLANK	old	0	old:ok:0w E:ok:0w J:ok:0w K:ok:0w tess:0/0
vol083_tropical-agriculturist-1934-11	78	faded	ACCEPT	r2J/J_011:38	153	old:ok:153w E:ok:153w J:ok:153w K:ok:153w tess:92/21 recall=0.98
vol083_tropical-agriculturist-1934-11	81	faded	KEEP_BLANK	old	0	old:ok:0w E:ok:0w J:ok:0w K:ok:0w tess:0/0
vol083_tropical-agriculturist-1934-12	4	faded	KEEP_FIGURE	old	23	old:ok:23w E:ok:23w J:ok:23w K:ok:54w tess:5/1 agree-J=1.00
vol083_tropical-agriculturist-1934-12	45	faded	ACCEPT	r2J/J_011:41	119	old:ok:119w E:ok:119w J:ok:119w K:ok:119w tess:74/13 recall=1.00
vol083_tropical-agriculturist-1934-12	5	faded	KEEP_FIGURE	old	115	old:ok:115w E:ok:166w J:ok:115w K:ok:115w tess:2/0 agree-J=0.73
vol083_tropical-agriculturist-1934-12	81	faded	KEEP_BLANK	old	0	old:ok:0w E:ok:0w J:ok:0w K:ok:0w tess:0/0
vol083_tropical-agriculturist-1934-12	82	faded	KEEP_BLANK	old	0	old:ok:0w E:ok:0w J:ok:0w K:ok:0w tess:0/0
vol083_tropical-agriculturist-1934-12	83	faded	KEEP_BLANK	old	0	old:ok:0w E:ok:0w J:ok:0w K:ok:0w tess:0/0
vol084_tropical-agriculturist-1935-01-84	22	faded	KEEP_BLANK	old	0	old:ok:0w E:ok:0w J:ok:0w K:ok:0w tess:0/0
vol084_tropical-agriculturist-1935-01-84	71	faded	KEEP_BLANK	old	0	old:ok:0w E:ok:0w J:ok:0w K:ok:0w tess:0/0
vol084_tropical-agriculturist-1935-02-84	10	faded	KEEP_BLANK	old	0	old:ok:0w E:ok:0w J:ok:0w K:ok:0w tess:0/0
vol084_tropical-agriculturist-1935-02-84	38	faded	ACCEPT	r2J/J_011:49	165	old:ok:165w E:ok:165w J:ok:165w K:ok:165w tess:107/34 recall=1.00
vol084_tropical-agriculturist-1935-02-84	63	faded	FAINT	old-images-only	0	old:ok:833w E:ok:316w J:ok:41w K:ok:2394w H:ok:299w M:ok:631w Q:ok:904w tess:0/0
vol084_tropical-agriculturist-1935-04-84	32	faded	ACCEPT	r2J/J_011:51	164	old:ok:164w E:ok:164w J:ok:164w K:ok:164w tess:117/26 recall=1.00
vol084_tropical-agriculturist-1935-04-84	40	faded	ACCEPT	r2J/J_011:52	131	old:ok:131w E:ok:131w J:ok:131w K:ok:131w tess:81/16 recall=0.98
vol084_tropical-agriculturist-1935-04-84	58	faded	ACCEPT	r2J/J_011:53	122	old:ok:122w E:ok:122w J:ok:122w K:ok:122w tess:73/20 recall=0.98
vol084_tropical-agriculturist-1935-04-84	65	faded	FAINT	old-images-only	0	old:ok:192w E:ok:331w J:ok:374w K:ok:339w H:ok:1074w M:ok:441w Q:ok:684w tess:0/0
vol084_tropical-agriculturist-1935-06-84	11	faded	KEEP_BLANK	old	0	old:ok:0w E:ok:0w J:ok:0w K:ok:0w tess:0/0
vol084_tropical-agriculturist-1935-06-84	24	faded	ACCEPT	r2J/J_011:56	164	old:ok:164w E:ok:164w J:ok:164w K:ok:164w tess:41/13 recall=0.96
vol084_tropical-agriculturist-1935-06-84	63	faded	ACCEPT	r2J/J_011:57	159	old:ok:159w E:ok:159w J:ok:159w K:ok:159w tess:78/6 recall=1.00
vol085_tropical-agriculturist-1935-07-85	31	faded	KEEP_BLANK	old	0	old:ok:0w E:ok:0w J:ok:0w K:ok:0w tess:0/0
vol085_tropical-agriculturist-1935-08-85	12	faded	FAINT	old-images-only	0	old:ok:0w E:ok:0w J:ok:7w K:ok:2613w tess:0/0
vol085_tropical-agriculturist-1935-08-85	14	faded	ACCEPT	r2J/J_011:60	106	old:ok:106w E:ok:106w J:ok:106w K:ok:106w tess:52/8 recall=1.00
vol085_tropical-agriculturist-1935-08-85	40	faded	KEEP_BLANK	old	0	old:ok:0w E:ok:0w J:ok:0w K:ok:0w tess:0/0
vol085_tropical-agriculturist-1935-08-85	63	faded	ACCEPT	r2J/J_011:62	99	old:ok:99w E:ok:99w J:ok:99w K:ok:99w tess:21/2 recall=0.94
vol085_tropical-agriculturist-1935-08-85	66	faded	KEEP_BLANK	old	0	old:ok:0w E:ok:0w J:ok:0w K:ok:0w tess:0/0
vol085_tropical-agriculturist-1935-08-85	73	faded	FAINT	old-images-only	0	old:ok:403w E:LOOP:1073w J:ok:415w K:LOOP:1887w H:LOOP:656w M:ok:620w Q:LOOP:13765w tess:0/0
vol085_tropical-agriculturist-1935-09-85	43	faded	FAINT	old-images-only	0	old:ok:180w E:ok:180w E:ok:180w J:ok:180w K:ok:180w tess:13/6
vol085_tropical-agriculturist-1935-09-85	63	faded	FAINT	old-images-only	0	old:ok:0w E:ok:0w J:ok:1191w K:ok:0w tess:0/0
vol085_tropical-agriculturist-1935-09-85	65	faded	ACCEPT	r2J/J_011:67	130	old:ok:130w E:ok:130w J:ok:130w K:ok:130w tess:79/26 recall=1.00
vol085_tropical-agriculturist-1935-10-85	29	faded	KEEP_BLANK	old	0	old:ok:0w E:ok:0w J:ok:0w K:ok:0w tess:0/0
vol085_tropical-agriculturist-1935-10-85	64	faded	ACCEPT	r2J/J_011:69	162	old:ok:162w E:ok:162w J:ok:162w K:ok:162w tess:110/31 recall=1.00
vol085_tropical-agriculturist-1935-10-85	8	faded	KEEP_BLANK	old	0	old:ok:0w E:ok:0w J:ok:0w K:ok:0w tess:0/0
vol085_tropical-agriculturist-1935-10-85	9	faded	KEEP_FIGURE	old	55	old:ok:55w E:ok:47w J:ok:55w K:ok:47w tess:2/2 agree-J=0.82
vol085_tropical-agriculturist-1935-12-85	17	faded	ACCEPT	r2J/J_011:72	78	old:ok:78w E:ok:78w J:ok:78w K:ok:78w tess:52/5 recall=0.97
vol085_tropical-agriculturist-1935-12-85	18	faded	KEEP_BLANK	old	0	old:ok:0w E:ok:0w J:ok:0w K:ok:0w tess:0/0
vol085_tropical-agriculturist-1935-12-85	61	faded	KEEP_BLANK	old	0	old:ok:0w E:ok:0w J:ok:0w K:ok:0w tess:0/0
vol085_tropical-agriculturist-1935-12-85	66	faded	KEEP_FIGURE	old	27	old:ok:27w E:ok:139w J:ok:78w K:ok:191w tess:0/1 agree-J=0.46
vol085_tropical-agriculturist-1935-12-85	67	faded	KEEP_FIGURE	old	99	old:ok:99w E:ok:171w J:ok:97w K:ok:103w tess:0/1 agree-J=0.89
vol085_tropical-agriculturist-1935-12-85	73	faded	KEEP_BLANK	old	0	old:ok:0w E:ok:0w J:ok:0w K:ok:0w tess:0/0
vol085_tropical-agriculturist-1935-12-85	74	faded	KEEP_BLANK	old	0	old:ok:0w E:ok:0w J:ok:0w K:ok:0w tess:0/0
vol085_tropical-agriculturist-1935-12-85	75	faded	KEEP_BLANK	old	0	old:ok:0w E:ok:0w J:ok:0w K:ok:0w tess:0/0
vol085_tropical-agriculturist-1935-12-85	76	faded	KEEP_BLANK	old	0	old:ok:0w E:ok:0w J:ok:0w K:ok:0w tess:0/0
vol086_dli-ernet-229228	1	faded	KEEP_BLANK	old	0	old:ok:0w E:ok:0w J:ok:0w K:ok:0w tess:0/0
vol086_dli-ernet-229228	136	faded	KEEP_BLANK	old	0	old:ok:0w E:ok:0w J:ok:0w K:ok:0w tess:0/0
vol086_dli-ernet-229228	2	faded	KEEP_BLANK	old	0	old:ok:0w E:ok:0w J:ok:0w K:ok:0w tess:0/0
vol086_dli-ernet-229228	202	faded	KEEP_BLANK	old	0	old:ok:0w E:ok:0w J:ok:0w K:ok:0w tess:0/0
vol086_dli-ernet-229228	270	faded	KEEP_BLANK	old	0	old:ok:0w E:ok:0w J:ok:0w K:ok:0w tess:0/0
vol086_dli-ernet-229228	336	faded	KEEP_BLANK	old	0	old:ok:0w E:ok:0w J:ok:0w K:ok:0w tess:0/0
vol086_dli-ernet-229228	350	faded	KEEP_BLANK	old	0	old:ok:0w E:ok:0w J:ok:0w K:ok:0w tess:0/0
vol086_dli-ernet-229228	362	faded	KEEP_BLANK	old	0	old:ok:0w E:ok:0w J:ok:0w K:ok:0w tess:0/0
vol086_dli-ernet-229228	4	faded	KEEP_BLANK	old	0	old:ok:0w E:ok:0w J:ok:0w K:ok:0w tess:0/0
vol086_dli-ernet-229228	423	faded	KEEP_BLANK	old	0	old:ok:0w E:ok:0w J:ok:0w K:ok:0w tess:0/0
vol086_dli-ernet-229228	424	faded	KEEP_MINOR	old	4	old:ok:4w E:ok:4w J:ok:4w K:ok:4w tess:1/0
vol086_dli-ernet-229228	540	faded	KEEP_BLANK	old	0	old:ok:0w E:ok:0w J:ok:0w K:ok:0w tess:0/0
vol086_dli-ernet-229228	553	faded	KEEP_FIGURE	old	16	old:ok:16w E:ok:16w J:ok:16w K:ok:16w tess:12/3 agree-J=1.00
vol086_dli-ernet-229228	554	faded	KEEP_FIGURE	old	13	old:ok:13w E:ok:13w J:ok:13w K:ok:13w tess:10/1 agree-J=1.00
vol086_dli-ernet-229228	557	faded	KEEP_FIGURE	old	13	old:ok:13w E:ok:13w J:ok:13w K:ok:13w tess:9/0 agree-J=1.00
vol086_dli-ernet-229228	561	faded	ACCEPT	r2J/J_011:96	29	old:ok:29w E:ok:29w J:ok:29w K:ok:29w tess:22/3 recall=0.93
vol086_dli-ernet-229228	595	faded	KEEP_MINOR	old	4	old:ok:4w E:ok:4w J:ok:4w K:ok:4w tess:1/0
vol086_dli-ernet-229228	596	faded	KEEP_BLANK	old	0	old:ok:0w E:ok:0w J:ok:0w K:ok:0w tess:0/0
vol086_dli-ernet-229228	618	faded	KEEP_BLANK	old	0	old:ok:0w E:ok:0w J:ok:0w K:ok:0w tess:0/0
vol086_dli-ernet-229228	647	faded	KEEP_FIGURE	old	187	old:ok:187w E:ok:173w J:ok:224w K:ok:165w tess:2/1 agree-J=0.36
vol086_dli-ernet-229228	660	faded	KEEP_BLANK	old	0	old:ok:0w E:ok:0w J:ok:0w K:ok:0w tess:0/0
vol086_dli-ernet-229228	692	faded	KEEP_BLANK	old	0	old:ok:0w E:ok:0w J:ok:0w K:ok:0w tess:0/0
vol086_dli-ernet-229228	699	faded	KEEP_BLANK	old	0	old:ok:0w E:ok:0w J:ok:0w K:ok:0w tess:0/0
vol086_dli-ernet-229228	70	faded	KEEP_BLANK	old	0	old:ok:0w E:ok:0w J:ok:0w K:ok:0w tess:0/0
vol086_dli-ernet-229228	713	faded	KEEP_BLANK	old	0	old:ok:0w E:ok:0w J:ok:0w K:ok:0w tess:0/0
vol086_dli-ernet-229228	766	faded	KEEP_BLANK	old	0	old:ok:0w E:ok:0w J:ok:0w K:ok:0w tess:0/0
vol086_dli-ernet-229228	780	faded	KEEP_FIGURE	old	30	old:ok:30w E:ok:30w J:ok:30w K:ok:30w tess:2/0 agree-J=1.00
vol086_dli-ernet-229228	797	faded	KEEP_BLANK	old	0	old:ok:0w E:ok:0w J:ok:0w K:ok:0w tess:0/0
vol086_dli-ernet-229228	816	faded	KEEP_BLANK	old	0	old:ok:0w E:ok:0w J:ok:0w K:ok:0w tess:0/0
vol086_dli-ernet-229228	819	faded	KEEP_BLANK	old	0	old:ok:0w E:ok:0w J:ok:0w K:ok:0w tess:0/0
vol086_dli-ernet-229228	844	faded	KEEP_BLANK	old	0	old:ok:0w E:ok:0w J:ok:0w K:ok:0w tess:0/0
vol086_dli-ernet-229228	845	faded	FAINT	old-images-only	0	old:ok:21w E:ok:21w J:ok:21w K:ok:21w tess:13/0
vol087_tropical-agriculturist-1936-07-87	1	faded	FAINT	old-images-only	0	old:ok:11w E:ok:11w J:ok:11w K:ok:11w tess:1/0
vol087_tropical-agriculturist-1936-07-87	20	faded	KEEP_BLANK	old	0	old:ok:0w E:ok:0w J:ok:0w K:ok:0w tess:0/0
vol087_tropical-agriculturist-1936-07-87	69	faded	FAINT	old-images-only	0	old:ok:478w E:LOOP:1494w J:ok:51w K:ok:53w H:LOOP:5500w M:LOOP:2699w Q:ok:2152w tess:0/0
vol087_tropical-agriculturist-1936-08-87	65	faded	FAINT	old-images-only	0	old:ok:213w E:ok:470w J:ok:52w K:ok:64w H:ok:365w M:ok:398w Q:ok:222w tess:0/0
vol087_tropical-agriculturist-1936-09-87	53	faded	KEEP_BLANK	old	0	old:ok:0w E:ok:0w J:ok:0w K:ok:0w tess:0/0
vol087_tropical-agriculturist-1936-09-87	64	faded	ACCEPT	r2J/J_011:118	109	old:ok:109w E:ok:109w J:ok:109w K:ok:109w tess:72/14 recall=0.98
vol087_tropical-agriculturist-1936-10-87	22	faded	KEEP_FIGURE	old	177	old:ok:177w E:ok:124w J:ok:233w K:ok:197w H:ok:495w M:ok:253w Q:ok:424w tess:2/1 agree-J=0.42
vol087_tropical-agriculturist-1936-10-87	24	faded	KEEP_FIGURE	old	173	old:ok:173w E:ok:171w J:ok:132w K:ok:198w H:ok:310w M:ok:116w Q:ok:253w tess:2/2 agree-J=0.65
vol087_tropical-agriculturist-1936-10-87	28	faded	KEEP_FIGURE	old	120	old:ok:120w E:ok:121w J:ok:166w K:ok:313w H:ok:328w M:ok:179w Q:ok:332w tess:0/1 agree-J=0.41
vol087_tropical-agriculturist-1936-10-87	29	faded	FAINT	old-images-only	0	old:ok:217w E:ok:319w J:ok:395w K:ok:38w H:ok:324w M:ok:293w Q:ok:450w tess:4/0
vol087_tropical-agriculturist-1936-10-87	41	faded	KEEP_BLANK	old	0	old:ok:0w E:ok:0w J:ok:0w K:ok:0w tess:0/0
vol087_tropical-agriculturist-1936-11-87	18	faded	KEEP_BLANK	old	0	old:ok:0w E:ok:0w J:ok:0w K:ok:0w tess:0/0
vol087_tropical-agriculturist-1936-11-87	4	faded	FAINT	old-images-only	0	old:ok:0w E:ok:20w J:ok:0w K:ok:59w tess:0/0
vol087_tropical-agriculturist-1936-12-87	26	faded	KEEP_BLANK	old	0	old:ok:0w E:ok:174w J:ok:0w K:ok:0w tess:0/0
vol087_tropical-agriculturist-1936-12-87	39	faded	ACCEPT	r2J/J_012:2	87	old:ok:87w E:ok:87w J:ok:87w K:ok:87w tess:55/14 recall=1.00
vol087_tropical-agriculturist-1936-12-87	45	faded	KEEP_BLANK	old	0	old:ok:0w E:ok:0w J:ok:0w K:ok:0w tess:0/0
vol087_tropical-agriculturist-1936-12-87	47	faded	ACCEPT	r2J/J_012:4	76	old:ok:76w E:ok:76w J:ok:76w K:ok:76w tess:48/7 recall=1.00
vol087_tropical-agriculturist-1936-12-87	48	faded	KEEP_BLANK	old	0	old:ok:0w E:ok:0w J:ok:0w K:ok:0w tess:0/0
vol087_tropical-agriculturist-1936-12-87	66	faded	ACCEPT	r2J/J_012:6	97	old:ok:97w E:ok:97w J:ok:97w K:ok:97w tess:54/15 recall=1.00
vol087_tropical-agriculturist-1936-12-87	72	faded	KEEP_BLANK	old	0	old:ok:0w E:ok:0w J:ok:0w K:ok:0w tess:0/0
vol087_tropical-agriculturist-1936-12-87	73	faded	KEEP_BLANK	old	0	old:ok:0w E:ok:0w J:ok:0w K:ok:0w tess:0/0
vol088_dli-ernet-229229	1	faded	KEEP_BLANK	old	0	old:ok:0w E:ok:0w J:ok:0w K:ok:0w tess:0/0
vol088_dli-ernet-229229	10	faded	KEEP_BLANK	old	0	old:ok:0w E:ok:0w J:ok:0w K:ok:0w tess:0/0
vol088_dli-ernet-229229	123	faded	FAINT	old-images-only	0	old:ok:137w E:ok:121w J:ok:127w K:ok:83w H:ok:38w M:ok:144w Q:ok:104w tess:2/0
vol088_dli-ernet-229229	128	faded	KEEP_BLANK	old	0	old:ok:0w E:ok:0w J:ok:0w K:ok:0w tess:0/0
vol088_dli-ernet-229229	146	faded	KEEP_BLANK	old	0	old:ok:0w E:ok:0w J:ok:0w K:ok:0w tess:0/0
vol088_dli-ernet-229229	177	faded	KEEP_MINOR	old	10	old:ok:10w E:ok:10w J:ok:10w K:ok:10w tess:4/0
vol088_dli-ernet-229229	184	faded	KEEP_BLANK	old	0	old:ok:0w E:ok:0w J:ok:0w K:ok:0w tess:0/0
vol088_dli-ernet-229229	2	faded	KEEP_BLANK	old	0	old:ok:0w E:ok:0w J:ok:0w K:ok:0w tess:0/0
vol088_dli-ernet-229229	202	faded	KEEP_BLANK	old	0	old:ok:0w E:ok:0w J:ok:0w K:ok:0w tess:0/0
vol088_dli-ernet-229229	226	faded	KEEP_BLANK	old	0	old:ok:0w E:ok:0w J:ok:0w K:ok:0w tess:0/0
vol088_dli-ernet-229229	232	faded	FAINT	old-images-only	0	old:ok:9w E:ok:9w J:ok:123w K:ok:124w tess:1/0
vol088_dli-ernet-229229	290	faded	KEEP_MINOR	old	8	old:ok:8w E:ok:8w J:ok:8w K:ok:8w tess:0/0
vol088_dli-ernet-229229	313	faded	KEEP_BLANK	old	0	old:ok:0w E:ok:0w J:ok:0w K:ok:0w tess:0/0
vol088_dli-ernet-229229	319	faded	ACCEPT	r2J/J_012:22	55	old:ok:55w E:ok:55w J:ok:55w K:ok:55w tess:24/4 recall=0.95
vol088_dli-ernet-229229	358	faded	FAINT	old-images-only	0	old:ok:15w E:ok:1142w J:LOOP:26w K:LOOP:26w H:ok:131w M:LOOP:2662w Q:ok:124w tess:0/0
vol088_dli-ernet-229229	360	faded	KEEP_BLANK	old	0	old:ok:0w E:ok:0w J:ok:0w K:ok:0w tess:0/0
vol088_dli-ernet-229229	38	faded	KEEP_BLANK	old	0	old:ok:0w E:ok:0w J:ok:0w K:ok:0w tess:0/0
vol088_dli-ernet-229229	459	faded	KEEP_BLANK	old	0	old:ok:0w E:ok:0w J:ok:0w K:ok:0w tess:0/0
vol088_dli-ernet-229229	460	faded	KEEP_MINOR	old	3	old:ok:3w E:ok:3w J:ok:3w K:ok:3w tess:2/0
vol088_dli-ernet-229229	463	faded	KEEP_BLANK	old	0	old:ok:0w E:ok:0w J:ok:0w K:ok:0w tess:0/0
vol088_dli-ernet-229229	498	faded	KEEP_BLANK	old	0	old:ok:0w E:ok:0w J:ok:0w K:ok:0w tess:0/0
vol088_dli-ernet-229229	500	faded	KEEP_BLANK	old	0	old:ok:0w E:ok:0w J:ok:0w K:ok:0w tess:0/0
vol088_dli-ernet-229229	564	faded	KEEP_BLANK	old	0	old:ok:0w E:ok:0w J:ok:0w K:ok:0w tess:0/0
vol088_dli-ernet-229229	570	faded	KEEP_BLANK	old	0	old:ok:0w E:ok:0w J:ok:0w K:ok:0w tess:0/0
vol088_dli-ernet-229229	636	faded	KEEP_BLANK	old	0	old:ok:0w E:ok:0w J:ok:0w K:ok:0w tess:0/0
vol088_dli-ernet-229229	668	faded	KEEP_BLANK	old	0	old:ok:0w E:ok:0w J:ok:0w K:ok:0w tess:0/0
vol088_dli-ernet-229229	688	faded	KEEP_BLANK	old	0	old:ok:0w E:ok:0w J:ok:0w K:ok:0w tess:0/0
vol088_dli-ernet-229229	706	faded	KEEP_BLANK	old	0	old:ok:0w E:ok:0w J:ok:0w K:ok:0w tess:0/0
vol088_dli-ernet-229229	742	faded	ACCEPT	r2J/J_012:37	27	old:ok:28w E:ok:28w J:ok:27w K:ok:27w tess:16/2 recall=1.00
vol088_dli-ernet-229229	776	faded	KEEP_BLANK	old	0	old:ok:0w E:ok:0w J:ok:0w K:ok:0w tess:0/0
vol088_dli-ernet-229229	778	faded	KEEP_BLANK	old	0	old:ok:0w E:ok:0w J:ok:0w K:ok:0w tess:0/0
vol088_dli-ernet-229229	789	faded	KEEP_BLANK	old	0	old:ok:0w E:ok:0w J:ok:0w K:ok:0w tess:0/0
vol088_dli-ernet-229229	796	faded	ACCEPT	r2J/J_012:41	200	old:ok:194w E:ok:198w J:ok:200w K:ok:261w tess:15/6 recall=1.00
vol088_dli-ernet-229229	799	faded	KEEP_FIGURE	old	258	old:ok:258w E:ok:258w J:ok:71w K:ok:71w tess:6/1 agree-J=0.30
vol088_dli-ernet-229229	813	faded	KEEP_BLANK	old	0	old:ok:0w E:ok:0w J:ok:0w K:ok:0w tess:0/0
vol088_dli-ernet-229229	819	faded	KEEP_BLANK	old	0	old:ok:0w E:ok:0w J:ok:0w K:ok:0w tess:0/0
vol088_dli-ernet-229229	82	faded	FAINT	old-images-only	0	old:ok:15w E:ok:0w J:ok:0w K:ok:0w tess:0/0
vol088_dli-ernet-229229	828	faded	KEEP_BLANK	old	0	old:ok:0w E:ok:0w J:ok:0w K:ok:0w tess:0/0
vol088_dli-ernet-229229	842	faded	KEEP_FIGURE	old	140	old:ok:140w E:ok:41w J:ok:53w K:ok:36w H:ok:162w M:ok:130w Q:ok:236w tess:0/0 agree-J=0.37
vol088_dli-ernet-229229	844	faded	KEEP_FIGURE	old	180	old:ok:180w E:ok:168w J:ok:158w K:ok:182w H:ok:287w M:ok:145w Q:ok:864w tess:1/0 agree-J=0.63
vol088_dli-ernet-229229	868	faded	FAINT	old-images-only	0	old:ok:13w E:ok:13w J:ok:11w K:ok:11w tess:0/0
vol088_dli-ernet-229229	869	faded	FAINT	old-images-only	0	old:ok:21w E:ok:21w J:ok:21w K:ok:21w tess:13/0
vol089_tropical-agriculturist-1937-07-89	24	faded	KEEP_BLANK	old	0	old:ok:0w E:ok:0w J:ok:0w K:ok:0w tess:0/0
vol089_tropical-agriculturist-1937-07-89	28	faded	KEEP_BLANK	old	0	old:ok:0w E:ok:0w J:ok:0w K:ok:0w tess:0/0
vol089_tropical-agriculturist-1937-07-89	63	faded	KEEP_BLANK	old	0	old:ok:0w E:ok:0w J:ok:0w K:ok:0w tess:0/0
vol089_tropical-agriculturist-1937-08-89	16	faded	KEEP_FIGURE	old	190	old:ok:190w E:ok:176w J:ok:81w K:ok:125w tess:11/2 agree-J=0.45
vol089_tropical-agriculturist-1937-08-89	61	faded	ACCEPT	r2J/J_012:55	103	old:ok:103w E:ok:103w J:ok:103w K:ok:103w tess:65/16 recall=1.00
vol089_tropical-agriculturist-1937-09-89	23	faded	KEEP_FIGURE	old	239	old:ok:239w E:ok:296w J:ok:156w K:ok:224w H:ok:318w M:ok:199w Q:ok:332w tess:9/1 agree-J=0.43
vol089_tropical-agriculturist-1937-09-89	5	faded	KEEP_BLANK	old	0	old:ok:0w E:ok:0w E:ok:0w J:ok:0w K:ok:0w tess:0/0
vol089_tropical-agriculturist-1937-10-89	31	faded	KEEP_BLANK	old	0	old:ok:0w E:ok:0w J:ok:0w K:ok:0w tess:0/0
vol089_tropical-agriculturist-1937-10-89	51	faded	KEEP_BLANK	old	0	old:ok:0w E:ok:0w J:ok:0w K:ok:0w tess:0/0
vol089_tropical-agriculturist-1937-10-89	67	faded	FAINT	old-images-only	0	old:ok:464w E:ok:96w J:ok:125w K:ok:223w H:ok:703w M:LOOP:1695w Q:ok:118w tess:0/0
vol089_tropical-agriculturist-1937-11-89	35	faded	ACCEPT	r2J/J_012:61	28	old:ok:28w E:ok:28w J:ok:28w K:ok:28w tess:18/3 recall=1.00
vol089_tropical-agriculturist-1937-11-89	69	faded	FAINT	old-images-only	0	old:ok:479w E:ok:692w J:ok:445w K:LOOP:12867w H:ok:460w M:ok:697w Q:ok:728w tess:0/0
vol089_tropical-agriculturist-1937-12-89	10	faded	KEEP_BLANK	old	0	old:ok:0w E:ok:0w J:ok:0w K:ok:0w tess:0/0
vol089_tropical-agriculturist-1937-12-89	17	faded	ACCEPT	r2J/J_012:64	330	old:ok:374w E:ok:249w J:ok:330w K:ok:346w tess:16/2 recall=1.00
vol089_tropical-agriculturist-1937-12-89	20	faded	KEEP_FIGURE	old	151	old:ok:151w E:ok:162w J:ok:133w K:ok:140w tess:8/2 agree-J=0.46
vol089_tropical-agriculturist-1937-12-89	26	faded	ACCEPT	r2J/J_012:66	105	old:ok:105w E:ok:106w J:ok:105w K:ok:105w tess:69/16 recall=1.00
vol089_tropical-agriculturist-1937-12-89	31	faded	KEEP_BLANK	old	0	old:ok:0w E:ok:0w J:ok:0w K:ok:0w tess:0/0
vol089_tropical-agriculturist-1937-12-89	38	faded	KEEP_BLANK	old	0	old:ok:0w E:ok:0w J:ok:0w K:ok:0w tess:0/0
vol089_tropical-agriculturist-1937-12-89	49	faded	KEEP_BLANK	old	0	old:ok:0w E:ok:0w J:ok:0w K:ok:0w tess:0/0
vol089_tropical-agriculturist-1937-12-89	57	faded	FAINT	old-images-only	0	old:ok:35w E:ok:36w J:ok:35w K:ok:37w tess:13/1
vol089_tropical-agriculturist-1937-12-89	63	faded	KEEP_FIGURE	old	136	old:ok:136w E:ok:100w J:ok:119w K:ok:88w H:ok:175w M:ok:72w Q:ok:180w tess:0/0 agree-J=0.77
vol089_tropical-agriculturist-1937-12-89	64	faded	ACCEPT	r2J/J_012:72	99	old:ok:99w E:ok:99w J:ok:99w K:ok:99w tess:73/18 recall=0.98
vol089_tropical-agriculturist-1937-12-89	65	faded	KEEP_FIGURE	old	98	old:ok:98w E:ok:171w J:ok:98w K:ok:120w H:ok:228w M:ok:208w Q:ok:101w tess:3/0 agree-J=0.70
vol089_tropical-agriculturist-1937-12-89	68	faded	KEEP_BLANK	old	0	old:ok:0w E:ok:8w J:ok:0w K:ok:0w tess:0/0
vol089_tropical-agriculturist-1937-12-89	74	faded	ACCEPT	r2J/J_012:75	113	old:ok:113w E:ok:113w J:ok:113w K:ok:113w tess:33/8 recall=1.00
vol089_tropical-agriculturist-1937-12-89	84	faded	ACCEPT	r2J/J_012:76	103	old:ok:103w E:ok:103w J:ok:103w K:ok:103w tess:65/23 recall=1.00
vol089_tropical-agriculturist-1937-12-89	91	faded	KEEP_BLANK	old	0	old:ok:0w E:ok:0w J:ok:0w K:ok:0w tess:0/0
vol089_tropical-agriculturist-1937-12-89	92	faded	KEEP_BLANK	old	0	old:ok:0w E:ok:0w J:ok:0w K:ok:0w tess:0/0
vol089_tropical-agriculturist-1937-12-89	93	faded	KEEP_BLANK	old	0	old:ok:0w E:ok:0w J:ok:0w K:ok:0w tess:0/0
vol089_tropical-agriculturist-1937-12-89	94	faded	KEEP_BLANK	old	0	old:ok:0w E:ok:0w J:ok:0w K:ok:0w tess:0/0
vol090_iss01_tropical-agriculturist-1938-01-90-1	17	faded	ACCEPT	r2J/J_012:81	77	old:ok:77w E:ok:77w J:ok:77w K:ok:77w tess:45/11 recall=1.00
vol090_iss01_tropical-agriculturist-1938-01-90-1	30	faded	ACCEPT	r2J/J_012:82	133	old:ok:133w E:ok:133w J:ok:133w K:ok:133w tess:25/7 recall=1.00
vol090_iss01_tropical-agriculturist-1938-01-90-1	37	faded	FAINT	old-images-only	0	old:ok:4w E:ok:4w J:ok:191w K:ok:178w tess:3/0
vol090_iss01_tropical-agriculturist-1938-01-90-1	41	faded	FAINT	old-images-only	0	old:ok:12w E:ok:450w J:ok:255w K:ok:268w tess:6/2
vol090_iss01_tropical-agriculturist-1938-01-90-1	70	faded	ACCEPT	r2J/J_012:85	118	old:ok:118w E:ok:118w J:ok:118w K:ok:118w tess:70/14 recall=1.00
vol090_iss01_tropical-agriculturist-1938-01-90-1	73	faded	FAINT	old-images-only	0	old:ok:491w E:ok:281w J:ok:471w K:ok:497w H:ok:1503w M:ok:1218w Q:ok:556w tess:1/0
vol090_iss02_tropical-agriculturist-1938-02-90-2	18	faded	FAINT	old-images-only	0	old:ok:144w E:ok:124w J:ok:317w K:ok:210w H:ok:360w M:ok:135w Q:ok:272w tess:6/0
vol090_iss02_tropical-agriculturist-1938-02-90-2	19	faded	FAINT	old-images-only	0	old:ok:72w E:ok:95w J:ok:269w K:ok:233w tess:2/0
vol090_iss02_tropical-agriculturist-1938-02-90-2	59	faded	ACCEPT	r2J/J_012:89	106	old:ok:106w E:ok:106w J:ok:106w K:ok:106w tess:65/11 recall=1.00
vol090_iss02_tropical-agriculturist-1938-02-90-2	6	faded	KEEP_BLANK	old	0	old:ok:0w E:ok:0w J:ok:0w K:ok:0w tess:0/0
vol090_iss03_tropical-agriculturist-1938-03-90-3	1	faded	FAINT	old-images-only	0	old:ok:410w E:ok:221w J:ok:133w K:ok:11w H:ok:127w M:ok:66w Q:ok:28w tess:0/0
vol090_iss03_tropical-agriculturist-1938-03-90-3	67	faded	FAINT	old-images-only	0	old:ok:90w E:ok:347w J:ok:443w K:ok:119w H:ok:171w M:ok:318w Q:LOOP:2516w tess:0/0
vol090_iss03_tropical-agriculturist-1938-03-90-3	7	faded	KEEP_BLANK	old	0	old:ok:0w E:ok:0w J:ok:0w K:ok:0w tess:0/0
vol090_iss04_tropical-agriculturist-1938-04-90-4	50	faded	KEEP_BLANK	old	0	old:ok:0w E:ok:0w J:ok:0w K:ok:0w tess:0/0
vol090_iss04_tropical-agriculturist-1938-04-90-4	54	faded	FAINT	old-images-only	0	old:ok:0w E:ok:0w J:ok:11w K:ok:19w tess:0/0
vol090_iss04_tropical-agriculturist-1938-04-90-4	59	faded	KEEP_BLANK	old	0	old:ok:0w E:ok:0w J:ok:0w K:ok:0w tess:0/0
vol090_iss04_tropical-agriculturist-1938-04-90-4	9	faded	FAINT	old-images-only	0	old:ok:0w E:ok:0w J:ok:18w K:ok:0w tess:0/0
vol090_iss05_tropical-agriculturist-1938-05-90-5	10	faded	KEEP_BLANK	old	0	old:ok:0w E:ok:0w J:ok:0w K:ok:0w tess:0/0
vol090_iss05_tropical-agriculturist-1938-05-90-5	12	faded	KEEP_BLANK	old	0	old:ok:0w E:ok:0w J:ok:0w K:ok:0w tess:0/0
vol090_iss05_tropical-agriculturist-1938-05-90-5	17	faded	KEEP_BLANK	old	0	old:ok:0w E:ok:0w J:ok:0w K:ok:0w tess:0/0
vol090_iss05_tropical-agriculturist-1938-05-90-5	24	faded	ACCEPT	r2J/J_012:101	106	old:ok:106w E:ok:106w J:ok:106w K:ok:106w tess:62/17 recall=1.00
vol090_iss05_tropical-agriculturist-1938-05-90-5	27	faded	KEEP_BLANK	old	0	old:ok:0w E:ok:0w J:ok:0w K:ok:0w tess:0/0
vol090_iss05_tropical-agriculturist-1938-05-90-5	48	faded	FAINT	old-images-only	0	old:ok:0w E:ok:0w J:ok:16w K:ok:9w tess:0/0
vol090_iss05_tropical-agriculturist-1938-05-90-5	50	faded	KEEP_BLANK	old	0	old:ok:0w E:ok:0w J:ok:0w K:ok:0w tess:0/0
vol090_iss05_tropical-agriculturist-1938-05-90-5	68	faded	ACCEPT	r2J/J_012:105	85	old:ok:85w E:ok:85w J:ok:85w K:ok:85w tess:48/7 recall=1.00
vol090_iss06_tropical-agriculturist-1938-06-90-6	1	faded	FAINT	old-images-only	0	old:ok:19w E:ok:35w J:ok:12w K:ok:13w H:ok:5w M:ok:90w Q:ok:36w tess:0/0
vol090_iss06_tropical-agriculturist-1938-06-90-6	15	faded	KEEP_BLANK	old	0	old:ok:0w E:ok:0w J:ok:0w K:ok:0w tess:0/0
vol090_iss06_tropical-agriculturist-1938-06-90-6	18	faded	ACCEPT	old	422	old:ok:422w E:ok:279w J:ok:169w K:ok:213w H:ok:463w M:ok:164w Q:ok:341w tess:33/2 recall=1.00
vol090_iss06_tropical-agriculturist-1938-06-90-6	19	faded	KEEP_BLANK	old	0	old:ok:0w E:ok:0w J:ok:0w K:ok:0w tess:0/0
vol090_iss06_tropical-agriculturist-1938-06-90-6	27	faded	KEEP_BLANK	old	0	old:ok:0w E:ok:0w J:ok:0w K:ok:0w tess:0/0
vol090_iss06_tropical-agriculturist-1938-06-90-6	33	faded	KEEP_BLANK	old	0	old:ok:0w E:ok:0w J:ok:0w K:ok:0w tess:0/0
vol090_iss06_tropical-agriculturist-1938-06-90-6	45	faded	KEEP_BLANK	old	0	old:ok:0w E:ok:0w J:ok:0w K:ok:0w tess:0/0
vol090_iss06_tropical-agriculturist-1938-06-90-6	48	faded	FAINT	old-images-only	0	old:ok:0w E:ok:31w J:ok:14w K:ok:13w H:ok:0w M:ok:232w Q:ok:8w tess:0/0
vol090_iss06_tropical-agriculturist-1938-06-90-6	55	faded	FAINT	old-images-only	0	old:ok:0w E:ok:0w J:ok:0w K:ok:12w tess:0/0
vol090_iss06_tropical-agriculturist-1938-06-90-6	7	faded	FAINT	old-images-only	0	old:ok:96w E:ok:200w J:ok:0w K:ok:64w H:ok:100w M:ok:113w Q:ok:45w tess:0/0
vol090_iss06_tropical-agriculturist-1938-06-90-6	83	faded	ACCEPT	r2J/J_012:116	108	old:ok:108w E:ok:108w J:ok:108w K:ok:108w tess:68/19 recall=0.98
vol090_iss06_tropical-agriculturist-1938-06-90-6	87	faded	FAINT	old-images-only	0	old:ok:0w E:ok:0w J:ok:62w K:ok:528w tess:0/1
vol090_iss06_tropical-agriculturist-1938-06-90-6	88	faded	KEEP_BLANK	old	0	old:ok:0w E:ok:0w J:ok:0w K:ok:0w tess:0/0
vol090_iss06_tropical-agriculturist-1938-06-90-6	89	faded	KEEP_BLANK	old	0	old:ok:0w E:ok:0w J:ok:0w K:ok:0w tess:0/0
vol091_tropical-agriculturist-1938-07-91	11	faded	KEEP_BLANK	old	0	old:ok:0w E:ok:0w J:ok:0w K:ok:0w tess:0/0
vol091_tropical-agriculturist-1938-07-91	15	faded	KEEP_BLANK	old	0	old:ok:0w E:ok:0w J:ok:0w K:ok:0w tess:0/0
vol091_tropical-agriculturist-1938-07-91	17	faded	KEEP_BLANK	old	0	old:ok:0w E:ok:0w J:ok:0w K:ok:0w tess:0/0
vol091_tropical-agriculturist-1938-07-91	19	faded	KEEP_BLANK	old	0	old:ok:0w E:ok:0w J:ok:0w K:ok:0w tess:0/0
vol091_tropical-agriculturist-1938-07-91	21	faded	KEEP_BLANK	old	0	old:ok:0w E:ok:0w J:ok:0w K:ok:0w tess:0/0
vol091_tropical-agriculturist-1938-07-91	23	faded	KEEP_BLANK	old	0	old:ok:0w E:ok:0w J:ok:0w K:ok:0w tess:0/0
vol091_tropical-agriculturist-1938-07-91	29	faded	KEEP_BLANK	old	0	old:ok:0w E:ok:0w J:ok:0w K:ok:0w tess:0/0
vol091_tropical-agriculturist-1938-07-91	39	faded	ACCEPT	r2J/J_013:2	59	old:ok:59w E:ok:59w J:ok:59w K:ok:59w tess:42/11 recall=1.00
vol091_tropical-agriculturist-1938-07-91	40	faded	KEEP_MINOR	old	4	old:ok:4w E:ok:4w J:ok:4w K:ok:4w tess:2/1
vol091_tropical-agriculturist-1938-07-91	41	faded	KEEP_BLANK	old	0	old:ok:0w E:ok:0w J:ok:0w K:ok:0w tess:0/0
vol091_tropical-agriculturist-1938-07-91	83	faded	FAINT	old-images-only	0	old:ok:87w E:ok:108w J:ok:904w K:ok:187w H:LOOP:123w M:ok:234w Q:ok:122w tess:0/0
vol091_tropical-agriculturist-1938-08-91	13	faded	FAINT	old-images-only	0	old:ok:180w E:ok:178w J:ok:178w K:ok:178w tess:3/10
vol091_tropical-agriculturist-1938-08-91	24	faded	KEEP_FIGURE	old	138	old:ok:138w E:ok:133w J:ok:173w K:ok:154w H:ok:137w M:ok:177w Q:ok:143w tess:1/4 agree-J=0.47
vol091_tropical-agriculturist-1938-08-91	25	faded	KEEP_FIGURE	old	121	old:ok:121w E:ok:214w J:ok:140w K:ok:125w H:ok:121w M:ok:213w Q:ok:131w tess:4/5 agree-J=0.54
vol091_tropical-agriculturist-1938-08-91	29	faded	KEEP_BLANK	old	0	old:ok:0w E:ok:0w J:ok:0w K:ok:0w tess:0/0
vol091_tropical-agriculturist-1938-08-91	33	faded	FAINT	old-images-only	0	old:ok:169w E:ok:171w J:ok:171w K:ok:171w tess:4/7
vol091_tropical-agriculturist-1938-08-91	34	faded	FAINT	old-images-only	0	old:ok:174w E:ok:186w J:ok:142w K:ok:174w tess:4/6
vol091_tropical-agriculturist-1938-08-91	35	faded	FAINT	old-images-only	0	old:ok:139w E:ok:139w J:ok:139w K:ok:145w tess:4/1
vol091_tropical-agriculturist-1938-08-91	36	faded	FAINT	old-images-only	0	old:ok:194w E:ok:190w J:ok:194w K:ok:194w tess:2/7
vol091_tropical-agriculturist-1938-08-91	43	faded	KEEP_BLANK	old	0	old:ok:0w E:ok:0w J:ok:0w K:ok:0w tess:0/0
vol091_tropical-agriculturist-1938-08-91	44	faded	KEEP_BLANK	old	0	old:ok:0w E:ok:0w J:ok:0w K:ok:0w tess:0/0
vol091_tropical-agriculturist-1938-08-91	52	faded	KEEP_BLANK	old	0	old:ok:0w E:ok:0w J:ok:0w K:ok:0w tess:0/0
vol091_tropical-agriculturist-1938-08-91	73	faded	FAINT	old-images-only	0	old:ok:44w E:ok:292w J:ok:442w K:ok:353w H:LOOP:5413w M:ok:733w Q:ok:1906w tess:0/0
vol091_tropical-agriculturist-1938-09-91	12	faded	FAINT	old-images-only	0	old:ok:0w E:ok:0w J:ok:0w K:ok:32w tess:0/0
vol091_tropical-agriculturist-1938-09-91	13	faded	KEEP_FIGURE	old	55	old:ok:55w E:ok:141w J:ok:150w K:ok:150w tess:2/4 agree-J=0.40
vol091_tropical-agriculturist-1938-09-91	26	faded	KEEP_BLANK	old	0	old:ok:0w E:ok:0w J:ok:0w K:ok:0w tess:0/0
vol091_tropical-agriculturist-1938-09-91	31	faded	KEEP_MINOR	old	0	old:ok:0w E:ok:0w J:ok:0w K:LOOP:3195w tess:0/0
vol091_tropical-agriculturist-1938-09-91	32	faded	KEEP_BLANK	old	0	old:ok:0w E:ok:0w J:ok:0w K:ok:0w tess:0/0
vol091_tropical-agriculturist-1938-09-91	35	faded	ACCEPT	r2J/J_013:23	60	old:ok:60w E:ok:60w J:ok:60w K:ok:60w tess:36/14 recall=1.00
vol091_tropical-agriculturist-1938-09-91	54	faded	ACCEPT	r2J/J_013:24	88	old:ok:88w E:ok:88w J:ok:88w K:ok:88w tess:58/14 recall=0.96
vol091_tropical-agriculturist-1938-09-91	73	faded	FAINT	old-images-only	0	old:ok:131w E:ok:264w J:ok:362w K:ok:439w H:ok:454w M:ok:397w Q:LOOP:2489w tess:0/0
vol091_tropical-agriculturist-1938-10-91	20	faded	FAINT	old-images-only	0	old:ok:0w E:ok:0w J:ok:0w K:ok:219w tess:0/0
vol091_tropical-agriculturist-1938-10-91	23	faded	FAINT	old-images-only	0	old:ok:203w E:ok:203w J:ok:203w K:ok:203w tess:2/3
vol091_tropical-agriculturist-1938-10-91	26	faded	FAINT	old-images-only	0	old:ok:0w E:ok:4w J:ok:44w K:ok:252w H:ok:47w M:ok:36w Q:ok:0w tess:0/0
vol091_tropical-agriculturist-1938-10-91	29	faded	FAINT	old-images-only	0	old:ok:180w E:ok:180w J:ok:179w K:ok:179w tess:4/5
vol091_tropical-agriculturist-1938-10-91	32	faded	KEEP_BLANK	old	0	old:ok:0w E:ok:2w J:ok:0w K:ok:0w tess:0/0
vol091_tropical-agriculturist-1938-10-91	33	faded	KEEP_FIGURE	old	143	old:ok:143w E:ok:130w J:ok:147w K:ok:123w H:ok:131w M:ok:141w Q:ok:120w tess:1/0 agree-J=0.39
vol091_tropical-agriculturist-1938-10-91	36	faded	KEEP_BLANK	old	0	old:ok:0w E:ok:0w J:ok:0w K:ok:0w tess:0/0
vol091_tropical-agriculturist-1938-10-91	37	faded	KEEP_FIGURE	old	188	old:ok:188w E:ok:165w J:ok:158w K:ok:163w H:ok:342w M:ok:108w Q:ok:294w tess:7/0 agree-J=0.57
vol091_tropical-agriculturist-1938-10-91	39	faded	ACCEPT	r2J/J_013:34	71	old:ok:71w E:ok:71w J:ok:71w K:ok:71w tess:33/8 recall=0.96
vol091_tropical-agriculturist-1938-11-91	12	faded	FAINT	old-images-only	0	old:ok:8w E:ok:24w J:ok:128w K:ok:36w tess:0/1
vol091_tropical-agriculturist-1938-11-91	19	faded	ACCEPT	r2J/J_013:36	311	old:ok:42w E:ok:64w J:ok:311w K:ok:395w H:ok:315w M:ok:110w Q:ok:278w tess:29/3 recall=0.94
vol091_tropical-agriculturist-1938-11-91	20	faded	ACCEPT	r2J/J_013:37	78	old:ok:78w E:ok:78w J:ok:78w K:ok:78w tess:48/17 recall=0.97
vol091_tropical-agriculturist-1938-11-91	22	faded	ACCEPT	r2J/J_013:38	462	old:ok:66w E:ok:90w J:ok:462w K:ok:363w tess:100/20 recall=0.86
vol091_tropical-agriculturist-1938-11-91	26	faded	KEEP_FIGURE	old	182	old:ok:182w E:ok:186w J:ok:201w K:ok:246w H:ok:153w M:ok:26w Q:ok:171w tess:4/0 agree-J=0.51
vol091_tropical-agriculturist-1938-11-91	27	faded	ACCEPT	r2J/J_013:40	339	old:ok:103w E:ok:10w J:ok:339w K:ok:571w H:ok:535w M:ok:191w Q:ok:431w tess:42/5 recall=0.77
vol091_tropical-agriculturist-1938-11-91	29	faded	FAINT	old-images-only	0	old:ok:124w E:ok:0w J:ok:24w K:ok:24w tess:2/0
vol091_tropical-agriculturist-1938-11-91	33	faded	UNRESOLVED		0	old:ok:15w E:ok:7w J:ok:215w K:ok:111w H:ok:216w M:ok:95w Q:ok:143w tess:41/6 best-recall=0.69
vol091_tropical-agriculturist-1938-11-91	34	faded	ACCEPT	r2J/J_013:43	342	old:ok:34w E:ok:154w J:ok:342w K:ok:427w tess:63/13 recall=0.92
vol091_tropical-agriculturist-1938-11-91	35	faded	KEEP_FIGURE	old	150	old:ok:150w E:ok:104w J:ok:165w K:ok:260w H:ok:189w M:ok:269w Q:ok:237w tess:6/0 agree-J=0.56
vol091_tropical-agriculturist-1938-11-91	38	faded	KEEP_BLANK	old	0	old:ok:0w E:ok:0w J:ok:0w K:ok:0w tess:0/0
vol091_tropical-agriculturist-1938-11-91	42	faded	KEEP_BLANK	old	0	old:ok:0w E:ok:0w J:ok:0w K:ok:0w tess:0/0
vol091_tropical-agriculturist-1938-11-91	47	faded	KEEP_BLANK	old	0	old:ok:0w E:ok:0w J:ok:0w K:ok:0w tess:0/0
vol091_tropical-agriculturist-1938-11-91	5	faded	KEEP_BLANK	old	0	old:ok:0w E:ok:0w J:ok:0w K:ok:0w tess:0/0
vol091_tropical-agriculturist-1938-11-91	72	faded	ACCEPT	r2J/J_013:49	93	old:ok:93w E:ok:93w J:ok:93w K:ok:93w tess:60/18 recall=1.00
vol091_tropical-agriculturist-1938-11-91	74	faded	ACCEPT	r2J/J_013:50	134	old:ok:134w E:ok:134w J:ok:134w K:ok:134w tess:81/20 recall=1.00
vol091_tropical-agriculturist-1938-11-91	80	faded	ACCEPT	r2J/J_013:51	110	old:ok:110w E:ok:110w J:ok:110w K:ok:110w tess:66/17 recall=1.00
vol091_tropical-agriculturist-1938-12-91	1	faded	ACCEPT	r2J/J_013:52	82	old:ok:82w E:ok:82w J:ok:82w K:ok:82w tess:58/11 recall=1.00
vol091_tropical-agriculturist-1938-12-91	11	faded	KEEP_BLANK	old	0	old:ok:0w E:ok:0w J:ok:0w K:ok:0w tess:0/0
vol091_tropical-agriculturist-1938-12-91	14	faded	KEEP_BLANK	old	0	old:ok:0w E:ok:0w J:ok:0w K:ok:0w tess:1/0
vol091_tropical-agriculturist-1938-12-91	16	faded	KEEP_BLANK	old	0	old:ok:0w E:ok:7w J:ok:0w K:ok:0w tess:0/0
vol091_tropical-agriculturist-1938-12-91	2	faded	KEEP_BLANK	old	0	old:ok:0w E:ok:0w J:ok:0w K:ok:0w tess:0/0
vol091_tropical-agriculturist-1938-12-91	21	faded	KEEP_MINOR	old	0	old:ok:0w E:ok:0w J:ok:0w K:ok:10w tess:0/0
vol091_tropical-agriculturist-1938-12-91	23	faded	ACCEPT	r2J/J_013:58	115	old:ok:115w E:ok:115w J:ok:115w K:ok:115w tess:61/13 recall=0.98
vol091_tropical-agriculturist-1938-12-91	26	capped	ACCEPT_CAP	r2H/H_001:32+33	146	old:LOOP:2007w O:LOOP:4030w O:LOOP:4023w H:ok:146w tess:14/4 unverified
vol091_tropical-agriculturist-1938-12-91	34	faded	ACCEPT	r2J/J_013:59	406	old:ok:185w E:ok:73w J:ok:406w K:ok:482w tess:120/19 recall=0.74
vol091_tropical-agriculturist-1938-12-91	35	faded	KEEP_FIGURE	old	184	old:ok:184w E:ok:228w J:ok:214w K:ok:47w H:ok:430w M:ok:171w Q:ok:304w tess:8/1 agree-J=0.57
vol091_tropical-agriculturist-1938-12-91	39	faded	KEEP_BLANK	old	0	old:ok:0w E:ok:0w J:ok:0w K:ok:0w tess:0/0
vol091_tropical-agriculturist-1938-12-91	4	faded	KEEP_BLANK	old	0	old:ok:0w E:ok:0w J:ok:0w K:ok:0w tess:0/0
vol091_tropical-agriculturist-1938-12-91	41	faded	KEEP_BLANK	old	0	old:ok:0w E:ok:0w J:ok:0w K:ok:0w tess:0/0
vol091_tropical-agriculturist-1938-12-91	78	faded	ACCEPT	r2J/J_013:64	100	old:ok:100w E:ok:100w J:ok:100w K:ok:100w tess:67/14 recall=0.96
vol091_tropical-agriculturist-1938-12-91	86	faded	KEEP_BLANK	old	0	old:ok:0w E:ok:0w J:ok:0w K:ok:0w tess:0/0
vol091_tropical-agriculturist-1938-12-91	87	faded	KEEP_BLANK	old	0	old:ok:0w E:ok:0w J:ok:0w K:ok:0w tess:0/0
vol091_tropical-agriculturist-1938-12-91	88	faded	KEEP_BLANK	old	0	old:ok:0w E:ok:0w J:ok:0w K:ok:0w tess:0/0
vol091_tropical-agriculturist-1938-12-91	9	faded	FAINT	old-images-only	0	old:ok:4w E:ok:12w J:ok:11w K:ok:20w H:ok:18w M:ok:12w Q:ok:25w tess:0/0
vol092_tropical-agriculturist-1939-01-92	16	faded	KEEP_BLANK	old	0	old:ok:0w E:ok:0w J:ok:0w K:ok:0w tess:0/0
vol092_tropical-agriculturist-1939-01-92	17	faded	KEEP_FIGURE	old	28	old:ok:28w E:ok:29w J:ok:32w K:ok:29w tess:2/0 agree-J=0.80
vol092_tropical-agriculturist-1939-01-92	27	faded	ACCEPT	r2J/J_013:71	123	old:ok:123w E:ok:123w J:ok:123w K:ok:123w tess:29/3 recall=0.92
vol092_tropical-agriculturist-1939-01-92	33	faded	KEEP_BLANK	old	0	old:ok:0w E:ok:0w J:ok:0w K:ok:0w tess:0/0
vol092_tropical-agriculturist-1939-01-92	37	faded	KEEP_BLANK	old	0	old:ok:0w E:ok:0w J:ok:0w K:ok:0w tess:0/0
vol092_tropical-agriculturist-1939-01-92	39	faded	ACCEPT	r2J/J_013:74	76	old:ok:76w E:ok:76w J:ok:76w K:ok:76w tess:23/9 recall=0.93
vol092_tropical-agriculturist-1939-01-92	4	faded	KEEP_FIGURE	old	25	old:ok:25w E:ok:25w J:ok:25w K:ok:25w tess:0/1 agree-J=1.00
vol092_tropical-agriculturist-1939-01-92	45	faded	KEEP_BLANK	old	0	old:ok:0w E:ok:0w J:ok:0w K:ok:0w tess:0/0
vol092_tropical-agriculturist-1939-01-92	81	faded	FAINT	old-images-only	0	old:ok:498w E:ok:31w J:ok:181w K:ok:281w H:ok:101w M:ok:123w Q:ok:208w tess:0/0
vol092_tropical-agriculturist-1939-01-92	9	faded	KEEP_BLANK	old	0	old:ok:0w E:ok:0w J:ok:0w K:ok:0w tess:0/0
vol092_tropical-agriculturist-1939-02-92	12	faded	KEEP_BLANK	old	0	old:ok:0w E:ok:0w J:ok:0w K:ok:0w tess:0/0
vol092_tropical-agriculturist-1939-02-92	13	faded	KEEP_FIGURE	old	15	old:ok:15w E:ok:17w J:ok:14w K:ok:14w tess:0/0 agree-J=0.62
vol092_tropical-agriculturist-1939-02-92	18	faded	KEEP_BLANK	old	0	old:ok:0w E:ok:0w J:ok:0w K:ok:0w tess:0/0
vol092_tropical-agriculturist-1939-02-92	22	faded	KEEP_FIGURE	old	24	old:ok:24w E:ok:24w J:ok:24w K:ok:24w tess:7/0 agree-J=0.96
vol092_tropical-agriculturist-1939-02-92	23	faded	KEEP_BLANK	old	0	old:ok:0w E:ok:0w J:ok:0w K:ok:0w tess:0/0
vol092_tropical-agriculturist-1939-02-92	28	faded	ACCEPT	r2J/J_013:84	86	old:ok:86w E:ok:86w J:ok:86w K:ok:86w tess:52/11 recall=1.00
vol092_tropical-agriculturist-1939-02-92	53	faded	ACCEPT	r2J/J_013:85	113	old:ok:113w E:ok:113w J:ok:113w K:ok:113w tess:68/14 recall=0.98
vol092_tropical-agriculturist-1939-02-92	73	faded	FAINT	old-images-only	0	old:ok:573w E:ok:341w J:LOOP:12118w K:ok:567w H:LOOP:2642w M:ok:452w Q:ok:566w tess:0/0
vol092_tropical-agriculturist-1939-03-92	16	faded	ACCEPT	r2J/J_013:87	82	old:ok:76w E:ok:76w J:ok:82w K:ok:82w tess:29/4 recall=0.96
vol092_tropical-agriculturist-1939-03-92	52	faded	ACCEPT	r2J/J_013:88	90	old:ok:90w E:ok:90w J:ok:90w K:ok:90w tess:71/18 recall=0.98
vol092_tropical-agriculturist-1939-05-92	25	faded	KEEP_BLANK	old	0	old:ok:0w E:ok:0w J:ok:0w K:ok:0w tess:0/0
vol092_tropical-agriculturist-1939-05-92	29	faded	KEEP_BLANK	old	0	old:ok:0w E:ok:0w J:ok:0w K:ok:0w tess:0/0
vol092_tropical-agriculturist-1939-05-92	42	faded	KEEP_BLANK	old	0	old:ok:0w E:ok:0w J:ok:0w K:ok:0w tess:0/0
vol092_tropical-agriculturist-1939-05-92	47	faded	KEEP_MINOR	old	5	old:ok:5w E:ok:4w J:ok:0w K:ok:0w tess:0/0
vol092_tropical-agriculturist-1939-05-92	48	faded	KEEP_BLANK	old	0	old:ok:0w E:ok:0w J:ok:0w K:ok:0w tess:0/0
vol092_tropical-agriculturist-1939-06-92	1	faded	FAINT	old-images-only	0	old:ok:0w E:ok:0w J:ok:0w K:ok:101w tess:0/0
vol092_tropical-agriculturist-1939-06-92	20	faded	FAINT	old-images-only	0	old:ok:158w E:ok:158w J:ok:159w K:ok:159w tess:7/6
vol092_tropical-agriculturist-1939-06-92	24	faded	ACCEPT	r2J/J_013:96	68	old:ok:68w E:ok:68w J:ok:68w K:ok:68w tess:49/12 recall=0.94
vol092_tropical-agriculturist-1939-06-92	48	faded	ACCEPT	r2J/J_013:97	91	old:ok:91w E:ok:91w J:ok:91w K:ok:91w tess:60/18 recall=1.00
vol092_tropical-agriculturist-1939-06-92	70	faded	KEEP_BLANK	old	0	old:ok:0w E:ok:0w J:ok:0w K:ok:0w tess:0/0
vol092_tropical-agriculturist-1939-06-92	71	faded	KEEP_BLANK	old	0	old:ok:0w E:ok:0w J:ok:0w K:ok:0w tess:0/0
vol092_tropical-agriculturist-1939-06-92	72	faded	KEEP_BLANK	old	0	old:ok:0w E:ok:0w J:ok:0w K:ok:0w tess:0/0
vol093_iss01_tropical-agriculturist-1939-07-93-1	1	faded	FAINT	old-images-only	0	old:ok:27w E:ok:27w J:ok:27w K:ok:27w tess:4/1
vol093_iss01_tropical-agriculturist-1939-07-93-1	3	faded	FAINT	old-images-only	0	old:ok:0w E:ok:70w J:ok:177w K:LOOP:150w H:ok:12w M:ok:60w Q:ok:13w tess:0/0
vol093_iss01_tropical-agriculturist-1939-07-93-1	31	faded	KEEP_BLANK	old	0	old:ok:0w E:ok:0w J:ok:0w K:ok:0w tess:0/0
vol093_iss01_tropical-agriculturist-1939-07-93-1	34	faded	ACCEPT	r2J/J_013:104	99	old:ok:99w E:ok:99w J:ok:99w K:ok:99w tess:65/18 recall=1.00
vol093_iss01_tropical-agriculturist-1939-07-93-1	6	faded	ACCEPT	r2J/J_013:105	62	old:ok:62w E:ok:62w J:ok:62w K:ok:62w tess:43/13 recall=1.00
vol093_iss01_tropical-agriculturist-1939-07-93-1	64	faded	ACCEPT	r2J/J_013:106	96	old:ok:96w E:ok:96w J:ok:96w K:ok:96w tess:65/15 recall=1.00
vol093_iss01_tropical-agriculturist-1939-07-93-1	69	capped+faded	FAINT	old-images-only	0	old:LOOP:1316w E:LOOP:1316w O:ok:756w H:LOOP:27218w J:ok:373w K:ok:375w H:ok:1415w M:ok:543w Q:ok:1066w tess:0/0
vol093_iss02_tropical-agriculturist-1939-08-93-2	1	faded	KEEP_FIGURE	old	27	old:ok:27w E:ok:27w J:ok:27w K:ok:27w tess:0/0 agree-J=1.00
vol093_iss02_tropical-agriculturist-1939-08-93-2	11	faded	KEEP_BLANK	old	0	old:ok:0w E:ok:0w J:ok:0w K:ok:0w tess:0/0
vol093_iss02_tropical-agriculturist-1939-08-93-2	13	faded	KEEP_BLANK	old	0	old:ok:0w E:ok:0w J:ok:0w K:ok:0w tess:0/0
vol093_iss02_tropical-agriculturist-1939-08-93-2	14	faded	KEEP_BLANK	old	0	old:ok:0w E:ok:0w J:ok:0w K:ok:0w tess:0/0
vol093_iss02_tropical-agriculturist-1939-08-93-2	15	faded	KEEP_FIGURE	old	11	old:ok:11w E:ok:11w J:ok:11w K:ok:11w tess:0/0 agree-J=0.55
vol093_iss02_tropical-agriculturist-1939-08-93-2	30	faded	ACCEPT	r2J/J_013:113	152	old:ok:151w E:ok:151w J:ok:152w K:ok:151w tess:37/10 recall=0.85
vol093_iss02_tropical-agriculturist-1939-08-93-2	71	faded	FAINT	old-images-only	0	old:ok:117w E:ok:249w J:ok:511w K:ok:287w H:LOOP:2225w M:ok:573w Q:LOOP:3328w tess:0/0
vol093_iss03_tropical-agriculturist-1939-09-93-3	1	faded	FAINT	old-images-only	0	old:ok:107w E:ok:77w J:ok:253w K:ok:96w H:ok:29w M:ok:109w Q:ok:26w tess:0/0
vol093_iss03_tropical-agriculturist-1939-09-93-3	13	faded	FAINT	old-images-only	0	old:ok:0w E:ok:0w J:ok:49w K:ok:0w tess:0/0
vol093_iss03_tropical-agriculturist-1939-09-93-3	15	faded	KEEP_BLANK	old	0	old:ok:0w E:ok:0w J:ok:0w K:ok:0w tess:0/0
vol093_iss03_tropical-agriculturist-1939-09-93-3	19	faded	KEEP_BLANK	old	0	old:ok:0w E:ok:0w J:ok:0w K:ok:0w tess:0/0
vol093_iss03_tropical-agriculturist-1939-09-93-3	21	faded	KEEP_BLANK	old	0	old:ok:0w E:ok:0w J:ok:0w K:ok:0w tess:0/0
vol093_iss03_tropical-agriculturist-1939-09-93-3	35	faded	KEEP_BLANK	old	0	old:ok:0w E:ok:0w J:ok:0w K:ok:0w tess:0/0
vol093_iss03_tropical-agriculturist-1939-09-93-3	40	faded	ACCEPT	r2J/J_013:121	121	old:ok:121w E:ok:121w J:ok:121w K:ok:121w tess:23/1 recall=0.93
vol093_iss03_tropical-agriculturist-1939-09-93-3	45	faded	KEEP_BLANK	old	0	old:ok:0w E:ok:0w J:ok:0w K:ok:0w tess:0/0
vol093_iss03_tropical-agriculturist-1939-09-93-3	79	faded	FAINT	old-images-only	0	old:ok:501w E:LOOP:5367w J:ok:379w K:ok:470w H:ok:386w M:ok:428w Q:ok:761w tess:0/1
vol093_iss03_tropical-agriculturist-1939-09-93-3	9	faded	KEEP_FIGURE	old	27	old:ok:27w E:ok:27w J:ok:27w K:ok:27w tess:0/0 agree-J=1.00
vol093_iss04_tropical-agriculturist-1939-10-93-4	1	faded	KEEP_FIGURE	old	27	old:ok:27w E:ok:27w J:ok:27w K:ok:27w tess:0/0 agree-J=1.00
vol093_iss04_tropical-agriculturist-1939-10-93-4	24	faded	FAINT	old-images-only	0	old:ok:146w E:ok:161w J:ok:293w K:ok:150w H:ok:234w M:ok:181w Q:ok:213w tess:14/1
vol093_iss04_tropical-agriculturist-1939-10-93-4	25	faded	KEEP_BLANK	old	0	old:ok:0w E:ok:0w J:ok:0w K:ok:0w tess:0/0
vol093_iss04_tropical-agriculturist-1939-10-93-4	29	faded	KEEP_BLANK	old	0	old:ok:0w E:ok:0w J:ok:0w K:ok:0w tess:0/0
vol093_iss04_tropical-agriculturist-1939-10-93-4	67	capped+faded	FAINT	old-images-only	0	old:LOOP:1465w E:ok:342w O:ok:102w H:ok:1075w J:ok:401w K:ok:944w H:LOOP:2742w M:ok:696w Q:LOOP:3784w tess:1/0
vol093_iss05_tropical-agriculturist-1939-11-93-5	1	faded	FAINT	old-images-only	0	old:ok:48w E:ok:38w J:ok:139w K:ok:113w H:ok:30w M:ok:251w Q:ok:19w tess:0/0
vol093_iss05_tropical-agriculturist-1939-11-93-5	15	faded	KEEP_BLANK	old	0	old:ok:0w E:ok:0w J:ok:0w K:ok:0w tess:0/0
vol093_iss05_tropical-agriculturist-1939-11-93-5	17	faded	KEEP_BLANK	old	0	old:ok:0w E:ok:0w J:ok:0w K:ok:0w tess:0/0
vol093_iss05_tropical-agriculturist-1939-11-93-5	21	faded	KEEP_BLANK	old	0	old:ok:0w E:ok:0w J:ok:0w K:ok:0w tess:0/0
vol093_iss05_tropical-agriculturist-1939-11-93-5	23	faded	KEEP_BLANK	old	0	old:ok:0w E:ok:0w J:ok:0w K:ok:0w tess:0/0
vol093_iss05_tropical-agriculturist-1939-11-93-5	25	faded	KEEP_MINOR	old	0	old:ok:0w E:ok:0w J:ok:0w K:ok:3w tess:0/0
vol093_iss05_tropical-agriculturist-1939-11-93-5	27	faded	KEEP_MINOR	old	0	old:ok:0w E:ok:0w J:ok:10w K:ok:10w tess:0/0
vol093_iss05_tropical-agriculturist-1939-11-93-5	33	faded	FAINT	old-images-only	0	old:ok:0w E:ok:0w J:ok:0w K:ok:48w tess:0/0
vol093_iss05_tropical-agriculturist-1939-11-93-5	43	faded	KEEP_BLANK	old	0	old:ok:0w E:ok:0w J:ok:0w K:ok:0w tess:0/0
vol093_iss05_tropical-agriculturist-1939-11-93-5	45	faded	KEEP_BLANK	old	0	old:ok:0w E:ok:0w J:ok:0w K:ok:0w tess:0/0
vol093_iss05_tropical-agriculturist-1939-11-93-5	47	faded	KEEP_BLANK	old	0	old:ok:0w E:ok:0w J:ok:0w K:ok:0w tess:0/0
vol093_iss05_tropical-agriculturist-1939-11-93-5	51	faded	FAINT	old-images-only	0	old:ok:0w E:ok:0w J:ok:17w K:ok:9w tess:0/0
vol093_iss05_tropical-agriculturist-1939-11-93-5	77	faded	ACCEPT	r2J/J_014:17	109	old:ok:109w E:ok:110w J:ok:109w K:ok:109w tess:72/14 recall=0.96
vol093_iss05_tropical-agriculturist-1939-11-93-5	91	capped+faded	FAINT	old-images-only	0	old:LOOP:9803w E:ok:281w O:ok:114w H:LOOP:4872w J:ok:362w K:ok:379w H:LOOP:2723w M:ok:585w Q:ok:440w tess:1/0
vol093_iss06_tropical-agriculturist-1939-12-93-6	1	faded	KEEP_BLANK	old	0	old:ok:0w E:ok:0w J:ok:0w K:ok:0w tess:0/0
vol093_iss06_tropical-agriculturist-1939-12-93-6	22	faded	KEEP_BLANK	old	0	old:ok:0w E:ok:0w J:ok:0w K:ok:0w tess:0/0
vol093_iss06_tropical-agriculturist-1939-12-93-6	29	faded	KEEP_BLANK	old	0	old:ok:0w E:ok:0w J:ok:0w K:ok:0w tess:0/0
vol093_iss06_tropical-agriculturist-1939-12-93-6	50	faded	ACCEPT	r2J/J_014:22	72	old:ok:72w E:ok:72w J:ok:72w K:ok:72w tess:53/16 recall=1.00
vol094_iss01_tropical-agriculturist-1940-01-94-1	1	faded	FAINT	old-images-only	0	old:ok:134w E:ok:154w J:ok:203w K:ok:220w H:ok:284w M:ok:122w Q:ok:128w tess:0/0
vol094_iss01_tropical-agriculturist-1940-01-94-1	12	faded	KEEP_BLANK	old	0	old:ok:0w E:ok:0w J:ok:0w K:ok:0w tess:0/0
vol094_iss01_tropical-agriculturist-1940-01-94-1	21	faded	KEEP_BLANK	old	0	old:ok:0w E:ok:0w J:ok:0w K:ok:0w tess:0/0
vol094_iss01_tropical-agriculturist-1940-01-94-1	26	faded	KEEP_BLANK	old	0	old:ok:0w E:ok:0w J:ok:0w K:ok:0w tess:0/0
vol094_iss01_tropical-agriculturist-1940-01-94-1	28	faded	KEEP_BLANK	old	0	old:ok:0w E:ok:0w J:ok:0w K:ok:0w tess:0/0
vol094_iss01_tropical-agriculturist-1940-01-94-1	69	repeat+faded	FAINT	old-images-only	0	old:LOOP:81w E:LOOP:72w E:LOOP:81w J:ok:46w K:ok:1396w H:ok:758w M:ok:55w Q:LOOP:2505w tess:0/0
vol094_iss02_tropical-agriculturist-1940-02-94-2	1	faded	FAINT	old-images-only	0	old:ok:63w E:ok:306w J:ok:40w K:ok:128w H:ok:16w M:ok:130w Q:ok:22w tess:0/0
vol094_iss02_tropical-agriculturist-1940-02-94-2	14	faded	KEEP_BLANK	old	0	old:ok:0w E:ok:0w J:ok:0w K:ok:0w tess:0/0
vol094_iss02_tropical-agriculturist-1940-02-94-2	18	faded	KEEP_BLANK	old	0	old:ok:0w E:ok:0w J:ok:0w K:ok:0w tess:0/0
vol094_iss02_tropical-agriculturist-1940-02-94-2	19	faded	KEEP_FIGURE	old	250	old:ok:250w E:ok:133w J:ok:223w K:ok:223w H:ok:245w M:ok:352w Q:ok:342w tess:8/9 agree-J=0.69
vol094_iss02_tropical-agriculturist-1940-02-94-2	22	faded	KEEP_BLANK	old	0	old:ok:0w E:ok:0w J:ok:0w K:ok:0w tess:0/0
vol094_iss02_tropical-agriculturist-1940-02-94-2	23	faded	KEEP_FIGURE	old	414	old:ok:414w E:ok:340w J:ok:195w K:ok:527w H:ok:372w M:ok:289w Q:ok:294w tess:2/2 agree-J=0.33
vol094_iss02_tropical-agriculturist-1940-02-94-2	26	faded	ACCEPT	r2J/J_014:35	254	old:ok:272w E:ok:237w J:ok:254w K:ok:300w H:ok:296w M:ok:181w Q:ok:313w tess:34/3 recall=0.97
vol094_iss02_tropical-agriculturist-1940-02-94-2	27	faded	KEEP_BLANK	old	0	old:ok:0w E:ok:0w J:ok:0w K:ok:0w tess:0/0
vol094_iss02_tropical-agriculturist-1940-02-94-2	42	faded	KEEP_BLANK	old	0	old:ok:0w E:ok:0w J:ok:0w K:ok:0w tess:0/0
vol094_iss02_tropical-agriculturist-1940-02-94-2	49	faded	KEEP_BLANK	old	0	old:ok:0w E:ok:0w J:ok:0w K:ok:0w tess:0/0
vol094_iss02_tropical-agriculturist-1940-02-94-2	53	faded	FAINT	old-images-only	0	old:ok:0w E:ok:0w J:ok:16w K:ok:14w tess:0/0
vol094_iss02_tropical-agriculturist-1940-02-94-2	55	faded	ACCEPT	r2J/J_014:40	88	old:ok:87w E:ok:87w J:ok:88w K:ok:88w tess:30/9 recall=0.95
vol094_iss02_tropical-agriculturist-1940-02-94-2	85	faded	FAINT	old-images-only	0	old:ok:226w E:ok:135w J:ok:24w K:ok:844w H:ok:2100w M:ok:591w Q:LOOP:2442w tess:0/0
vol094_iss02_tropical-agriculturist-1940-02-94-2	9	faded	KEEP_BLANK	old	0	old:ok:0w E:ok:0w J:ok:0w K:ok:0w tess:0/0
vol094_iss03_tropical-agriculturist-1940-03-94-3	1	faded	FAINT	old-images-only	0	old:ok:144w E:ok:191w J:ok:315w K:ok:222w H:ok:48w M:ok:141w Q:ok:260w tess:0/0
vol094_iss03_tropical-agriculturist-1940-03-94-3	14	faded	KEEP_BLANK	old	0	old:ok:0w E:ok:0w J:ok:0w K:ok:0w tess:0/0
vol094_iss03_tropical-agriculturist-1940-03-94-3	20	faded	KEEP_BLANK	old	0	old:ok:0w E:ok:0w J:ok:0w K:ok:0w tess:0/0
vol094_iss03_tropical-agriculturist-1940-03-94-3	21	faded	UNRESOLVED		0	old:ok:49w E:ok:49w J:ok:53w K:ok:340w tess:34/2 best-recall=0.53
vol094_iss03_tropical-agriculturist-1940-03-94-3	24	faded	ACCEPT	r2J/J_014:47	100	old:ok:100w E:ok:100w J:ok:100w K:ok:100w tess:59/11 recall=0.94
vol094_iss03_tropical-agriculturist-1940-03-94-3	4	faded	FAINT	old-images-only	0	old:ok:27w E:ok:27w J:ok:27w K:ok:27w tess:0/1
vol094_iss03_tropical-agriculturist-1940-03-94-3	41	faded	KEEP_BLANK	old	0	old:ok:0w E:ok:0w J:ok:0w K:ok:0w tess:0/0
vol094_iss03_tropical-agriculturist-1940-03-94-3	46	faded	KEEP_BLANK	old	0	old:ok:0w E:ok:0w J:ok:0w K:ok:0w tess:0/0
vol094_iss03_tropical-agriculturist-1940-03-94-3	51	faded	KEEP_BLANK	old	0	old:ok:0w E:ok:0w J:ok:0w K:ok:0w tess:0/0
vol094_iss03_tropical-agriculturist-1940-03-94-3	59	faded	KEEP_BLANK	old	0	old:ok:0w E:ok:0w J:ok:0w K:ok:0w tess:0/0
vol094_iss03_tropical-agriculturist-1940-03-94-3	62	faded	KEEP_BLANK	old	0	old:ok:0w E:ok:0w E:ok:0w J:ok:0w K:ok:0w tess:0/0
vol094_iss03_tropical-agriculturist-1940-03-94-3	63	capped	ACCEPT_CAP	r2H/H_001:40+41	322	old:LOOP:4258w O:LOOP:8254w H:ok:322w tess:9/11 unverified
vol094_iss04_tropical-agriculturist-1940-04-94-4	1	faded	FAINT	old-images-only	0	old:ok:49w E:ok:13w J:ok:167w K:ok:8w H:ok:9w M:ok:72w Q:ok:96w tess:0/0
vol094_iss04_tropical-agriculturist-1940-04-94-4	16	faded	KEEP_BLANK	old	0	old:ok:0w E:ok:0w J:ok:0w K:ok:0w tess:0/0
vol094_iss04_tropical-agriculturist-1940-04-94-4	37	faded	ACCEPT	r2J/J_014:56	135	old:ok:135w E:ok:135w E:ok:135w J:ok:135w K:ok:135w tess:36/7 recall=0.96
vol094_iss04_tropical-agriculturist-1940-04-94-4	41	faded	KEEP_BLANK	old	0	old:ok:0w E:ok:0w J:ok:0w K:ok:0w tess:0/0
vol094_iss04_tropical-agriculturist-1940-04-94-4	55	faded	ACCEPT	r2J/J_014:58	69	old:ok:69w E:ok:69w J:ok:69w K:ok:69w tess:44/11 recall=1.00
vol094_iss04_tropical-agriculturist-1940-04-94-4	8	faded	KEEP_FIGURE	old	27	old:ok:27w E:ok:27w E:ok:27w J:ok:27w K:ok:27w tess:0/0 agree-J=1.00
vol094_iss05_tropical-agriculturist-1940-05-94-5	1	faded	FAINT	old-images-only	0	old:ok:132w E:ok:1216w J:ok:38w K:ok:11w H:ok:4w M:ok:472w Q:LOOP:66w tess:0/0
vol094_iss05_tropical-agriculturist-1940-05-94-5	16	faded	ACCEPT	r2J/J_014:61	92	old:ok:92w E:ok:92w J:ok:92w K:ok:92w tess:62/18 recall=0.95
vol094_iss05_tropical-agriculturist-1940-05-94-5	22	faded	FAINT	old-images-only	0	old:ok:157w E:ok:159w J:ok:159w K:ok:159w tess:3/4
vol094_iss05_tropical-agriculturist-1940-05-94-5	26	faded	FAINT	old-images-only	0	old:ok:0w E:ok:0w J:ok:151w K:ok:19w tess:0/0
vol094_iss05_tropical-agriculturist-1940-05-94-5	33	faded	KEEP_BLANK	old	0	old:ok:0w E:ok:0w J:ok:0w K:ok:0w tess:0/0
vol094_iss05_tropical-agriculturist-1940-05-94-5	35	faded	KEEP_BLANK	old	0	old:ok:0w E:ok:0w J:ok:0w K:ok:0w tess:0/0
vol094_iss06_tropical-agriculturist-1940-06-94-6	1	faded	KEEP_FIGURE	old	27	old:ok:27w E:ok:27w J:ok:27w K:ok:27w tess:0/0 agree-J=1.00
vol094_iss06_tropical-agriculturist-1940-06-94-6	16	faded	KEEP_BLANK	old	0	old:ok:0w E:ok:0w J:ok:0w K:ok:0w tess:0/0
vol094_iss06_tropical-agriculturist-1940-06-94-6	22	faded	KEEP_MINOR	old	0	old:ok:0w E:ok:0w J:ok:1w K:ok:0w tess:0/0
vol094_iss06_tropical-agriculturist-1940-06-94-6	24	faded	KEEP_BLANK	old	0	old:ok:0w E:ok:0w J:ok:0w K:ok:0w tess:0/0
vol094_iss06_tropical-agriculturist-1940-06-94-6	36	faded	KEEP_MINOR	old	6	old:ok:6w E:ok:6w J:ok:6w K:ok:6w tess:0/0
vol094_iss06_tropical-agriculturist-1940-06-94-6	44	faded	KEEP_BLANK	old	0	old:ok:0w E:ok:0w J:ok:0w K:ok:0w tess:0/0
vol094_iss06_tropical-agriculturist-1940-06-94-6	46	faded	KEEP_BLANK	old	0	old:ok:0w E:ok:0w J:ok:0w K:ok:0w tess:0/0
vol094_iss06_tropical-agriculturist-1940-06-94-6	53	faded	KEEP_BLANK	old	0	old:ok:0w E:ok:0w J:ok:0w K:ok:0w tess:0/0
vol094_iss06_tropical-agriculturist-1940-06-94-6	55	faded	KEEP_BLANK	old	0	old:ok:0w E:ok:0w J:ok:0w K:ok:0w tess:0/0
vol094_iss06_tropical-agriculturist-1940-06-94-6	65	faded	ACCEPT	r2J/J_014:75	609	old:ok:144w E:ok:137w J:ok:609w K:ok:630w tess:28/3 recall=0.81
vol094_iss06_tropical-agriculturist-1940-06-94-6	67	faded	FAINT	old-images-only	0	old:ok:39w E:ok:39w J:ok:117w K:ok:183w H:ok:226w M:ok:55w Q:ok:187w tess:0/0
vol094_iss06_tropical-agriculturist-1940-06-94-6	71	faded	FAINT	old-images-only	0	old:ok:7w E:ok:112w J:ok:20w K:ok:119w tess:0/1
vol094_iss06_tropical-agriculturist-1940-06-94-6	91	faded	KEEP_MINOR	old	4	old:ok:4w E:ok:0w J:ok:6w K:ok:4w tess:0/0
vol094_iss06_tropical-agriculturist-1940-06-94-6	92	faded	KEEP_BLANK	old	0	old:ok:0w E:ok:0w J:ok:0w K:ok:0w tess:0/0
vol094_iss06_tropical-agriculturist-1940-06-94-6	93	faded	KEEP_BLANK	old	0	old:ok:0w E:ok:0w J:ok:0w K:ok:0w tess:0/0
vol094_iss06_tropical-agriculturist-1940-06-94-6	94	faded	KEEP_BLANK	old	0	old:ok:0w E:ok:0w J:ok:0w K:ok:0w tess:0/0
vol094_iss06_tropical-agriculturist-1940-06-94-6	95	faded	KEEP_BLANK	old	0	old:ok:0w E:ok:0w J:ok:0w K:ok:0w tess:0/0
vol095_iss01_tropical-agriculturist-1940-07-95-1	1	faded	FAINT	old-images-only	0	old:ok:65w E:ok:265w J:ok:52w K:ok:154w H:ok:13w M:ok:68w Q:ok:95w tess:0/0
vol095_iss01_tropical-agriculturist-1940-07-95-1	49	faded	ACCEPT	r2J/J_014:84	134	old:ok:134w E:ok:134w J:ok:134w K:ok:134w tess:57/9 recall=1.00
vol095_iss01_tropical-agriculturist-1940-07-95-1	51	faded	FAINT	old-images-only	0	old:ok:109w E:ok:109w J:ok:109w K:ok:109w tess:14/2
vol095_iss01_tropical-agriculturist-1940-07-95-1	69	faded	FAINT	old-images-only	0	old:ok:2346w E:ok:620w J:ok:297w K:ok:164w H:ok:27w M:LOOP:393w Q:ok:134w tess:0/0
vol095_iss02_tropical-agriculturist-1940-08-95-2	1	repeat+faded	FAINT	old-images-only	0	old:LOOP:47w E:ok:19w E:ok:19w J:ok:7w K:LOOP:47w H:ok:9w M:ok:13w Q:ok:9w tess:0/0
vol095_iss02_tropical-agriculturist-1940-08-95-2	12	faded	KEEP_BLANK	old	0	old:ok:0w E:ok:0w J:ok:0w K:ok:0w tess:0/0
vol095_iss02_tropical-agriculturist-1940-08-95-2	13	faded	KEEP_MINOR	old	7	old:ok:7w E:ok:7w J:ok:7w K:ok:7w tess:0/1
vol095_iss02_tropical-agriculturist-1940-08-95-2	18	faded	ACCEPT	r2J/J_014:90	117	old:ok:117w E:ok:117w J:ok:117w K:ok:117w tess:39/7 recall=1.00
vol095_iss02_tropical-agriculturist-1940-08-95-2	27	faded	KEEP_BLANK	old	0	old:ok:0w E:ok:0w J:ok:0w K:ok:0w tess:0/0
vol095_iss03_tropical-agriculturist-1940-09-95-3	1	repeat+faded	FAINT	old-images-only	0	old:LOOP:16w E:ok:103w E:ok:124w J:ok:71w K:ok:514w H:ok:36w M:ok:39w Q:ok:278w tess:0/0
vol095_iss03_tropical-agriculturist-1940-09-95-3	20	faded	KEEP_BLANK	old	0	old:ok:0w E:ok:0w J:ok:0w K:ok:0w tess:0/0
vol095_iss03_tropical-agriculturist-1940-09-95-3	42	faded	FAINT	old-images-only	0	old:ok:0w E:ok:0w J:ok:6w K:ok:15w tess:0/0
vol095_iss03_tropical-agriculturist-1940-09-95-3	45	faded	KEEP_BLANK	old	0	old:ok:0w E:ok:0w J:ok:0w K:ok:0w tess:0/0
vol095_iss03_tropical-agriculturist-1940-09-95-3	58	faded	ACCEPT	r2J/J_014:96	75	old:ok:75w E:ok:75w J:ok:75w K:ok:75w tess:56/13 recall=0.98
vol095_iss03_tropical-agriculturist-1940-09-95-3	74	faded	ACCEPT	r2J/J_014:97	46	old:ok:46w E:ok:46w J:ok:46w K:ok:46w tess:19/5 recall=1.00
vol095_iss03_tropical-agriculturist-1940-09-95-3	81	faded	FAINT	old-images-only	0	old:ok:22w E:ok:25w J:ok:50w K:ok:47w H:ok:4w M:ok:309w Q:ok:13w tess:0/0
vol095_iss04_tropical-agriculturist-1940-10-95-4	1	faded	FAINT	old-images-only	0	old:ok:277w E:ok:76w J:LOOP:26w K:ok:24w H:ok:5w M:ok:13w Q:LOOP:46w tess:0/0
vol095_iss04_tropical-agriculturist-1940-10-95-4	20	faded	KEEP_BLANK	old	0	old:ok:0w E:ok:0w J:ok:0w K:ok:0w tess:0/0
vol095_iss04_tropical-agriculturist-1940-10-95-4	22	faded	KEEP_BLANK	old	0	old:ok:0w E:ok:0w J:ok:0w K:ok:0w tess:0/0
vol095_iss04_tropical-agriculturist-1940-10-95-4	29	faded	KEEP_BLANK	old	0	old:ok:0w E:ok:0w J:ok:0w K:ok:0w tess:0/0
vol095_iss04_tropical-agriculturist-1940-10-95-4	30	faded	UNRESOLVED		0	old:ok:100w E:ok:26w J:ok:57w K:ok:49w tess:71/15 best-recall=0.24
vol095_iss04_tropical-agriculturist-1940-10-95-4	75	faded	FAINT	old-images-only	0	old:ok:1w E:ok:902w J:ok:1311w K:ok:78w H:LOOP:2361w M:ok:327w Q:LOOP:3871w tess:0/0
vol095_iss05_tropical-agriculturist-1940-11-95-5	1	faded	FAINT	old-images-only	0	old:ok:12w E:ok:158w J:ok:14w K:ok:17w H:ok:12w M:ok:11w Q:ok:14w tess:0/0
vol095_iss06_tropical-agriculturist-1940-12-95-6	1	faded	FAINT	old-images-only	0	old:ok:0w E:ok:124w J:ok:131w K:ok:11w H:ok:8w M:ok:79w Q:ok:17w tess:0/0
vol095_iss06_tropical-agriculturist-1940-12-95-6	12	faded	KEEP_FIGURE	old	240	old:ok:240w E:ok:195w J:ok:248w K:ok:303w H:ok:477w M:ok:61w Q:ok:444w tess:12/4 agree-J=0.30
vol095_iss06_tropical-agriculturist-1940-12-95-6	13	faded	KEEP_BLANK	old	0	old:ok:0w E:ok:0w J:ok:0w K:ok:0w tess:0/0
vol095_iss06_tropical-agriculturist-1940-12-95-6	16	faded	KEEP_BLANK	old	0	old:ok:0w E:ok:0w J:ok:0w K:ok:0w tess:0/0
vol095_iss06_tropical-agriculturist-1940-12-95-6	20	faded	KEEP_BLANK	old	0	old:ok:0w E:ok:0w J:ok:0w K:ok:0w tess:0/0
vol095_iss06_tropical-agriculturist-1940-12-95-6	25	faded	ACCEPT	r2J/J_014:111	120	old:ok:120w E:ok:120w J:ok:120w K:ok:120w tess:55/8 recall=0.96
vol095_iss06_tropical-agriculturist-1940-12-95-6	30	faded	ACCEPT	r2J/J_014:112	116	old:ok:116w E:ok:116w J:ok:116w K:ok:116w tess:30/9 recall=0.95
vol095_iss06_tropical-agriculturist-1940-12-95-6	44	faded	FAINT	old-images-only	0	old:ok:85w E:ok:85w J:ok:85w K:ok:85w tess:6/0
vol095_iss06_tropical-agriculturist-1940-12-95-6	68	faded	KEEP_BLANK	old	0	old:ok:0w E:ok:0w J:ok:0w K:ok:0w tess:0/0
vol095_iss06_tropical-agriculturist-1940-12-95-6	69	faded	KEEP_BLANK	old	0	old:ok:0w E:ok:0w J:ok:0w K:ok:0w tess:0/0
vol095_iss06_tropical-agriculturist-1940-12-95-6	9	faded	KEEP_BLANK	old	0	old:ok:0w E:ok:0w J:ok:0w K:ok:0w tess:0/0
vol096_dli-ernet-229230	1	faded	KEEP_BLANK	old	0	old:ok:0w E:ok:0w J:ok:0w K:ok:0w tess:0/0
vol096_dli-ernet-229230	10	faded	KEEP_BLANK	old	0	old:ok:0w E:ok:0w J:ok:0w K:ok:0w tess:0/0
vol096_dli-ernet-229230	102	faded	KEEP_BLANK	old	0	old:ok:0w E:ok:0w J:ok:0w K:ok:0w tess:0/0
vol096_dli-ernet-229230	105	faded	KEEP_BLANK	old	0	old:ok:0w E:ok:0w J:ok:0w K:ok:0w tess:0/0
vol096_dli-ernet-229230	107	faded	KEEP_MINOR	old	1	old:ok:1w E:ok:1w J:ok:1w K:ok:1w tess:0/0
vol096_dli-ernet-229230	108	faded	KEEP_MINOR	old	8	old:ok:8w E:ok:8w J:ok:8w K:ok:8w tess:1/0
vol096_dli-ernet-229230	111	faded	KEEP_BLANK	old	0	old:ok:0w E:ok:0w J:ok:0w K:ok:0w tess:0/0
vol096_dli-ernet-229230	112	faded	KEEP_MINOR	old	8	old:ok:8w E:ok:8w J:ok:8w K:ok:8w tess:2/0
vol096_dli-ernet-229230	12	faded	KEEP_BLANK	old	0	old:ok:0w E:ok:0w J:ok:0w K:ok:0w tess:0/0
vol096_dli-ernet-229230	121	faded	KEEP_BLANK	old	0	old:ok:0w E:ok:0w E:ok:0w J:ok:0w K:ok:0w tess:0/0
vol096_dli-ernet-229230	136	faded	KEEP_BLANK	old	0	old:ok:0w E:ok:0w J:ok:0w K:ok:0w tess:0/0
vol096_dli-ernet-229230	14	faded	KEEP_BLANK	old	0	old:ok:0w E:ok:0w J:ok:0w K:ok:0w tess:0/0
vol096_dli-ernet-229230	16	faded	KEEP_BLANK	old	0	old:ok:0w E:ok:0w J:ok:0w K:ok:0w tess:0/0
vol096_dli-ernet-229230	18	faded	KEEP_BLANK	old	0	old:ok:0w E:ok:0w J:ok:0w K:ok:0w tess:0/0
vol096_dli-ernet-229230	185	faded	KEEP_BLANK	old	0	old:ok:0w E:ok:0w J:ok:0w K:ok:0w tess:0/0
vol096_dli-ernet-229230	187	faded	FAINT	old-images-only	0	old:ok:65w E:ok:39w J:ok:22w K:ok:22w tess:0/0
vol096_dli-ernet-229230	191	faded	KEEP_BLANK	old	0	old:ok:0w E:ok:0w J:ok:0w K:ok:0w tess:0/0
vol096_dli-ernet-229230	193	faded	KEEP_BLANK	old	0	old:ok:0w E:ok:0w J:ok:0w K:ok:0w tess:0/0
vol096_dli-ernet-229230	2	faded	KEEP_BLANK	old	0	old:ok:0w E:ok:0w J:ok:0w K:ok:0w tess:0/0
vol096_dli-ernet-229230	202	faded	KEEP_BLANK	old	0	old:ok:0w E:ok:0w J:ok:0w K:ok:0w tess:0/0
vol096_dli-ernet-229230	205	faded	KEEP_BLANK	old	0	old:ok:0w E:ok:0w J:ok:0w K:ok:0w tess:0/0
vol096_dli-ernet-229230	213	faded	KEEP_MINOR	old	0	old:ok:0w E:ok:0w J:ok:1w K:ok:1w tess:0/0
vol096_dli-ernet-229230	229	faded	ACCEPT	r2J/J_015:14	80	old:ok:80w E:ok:80w J:ok:80w K:ok:80w tess:17/6 recall=0.94
vol096_dli-ernet-229230	232	faded	KEEP_BLANK	old	0	old:ok:0w E:ok:0w J:ok:0w K:ok:0w tess:0/0
vol096_dli-ernet-229230	234	faded	KEEP_BLANK	old	0	old:ok:0w E:ok:0w J:ok:0w K:ok:0w tess:0/0
vol096_dli-ernet-229230	24	faded	KEEP_BLANK	old	0	old:ok:0w E:ok:0w J:ok:0w K:ok:0w tess:0/0
vol096_dli-ernet-229230	261	faded	KEEP_FIGURE	old	37	old:ok:37w E:ok:37w J:ok:37w K:ok:37w tess:2/0 agree-J=0.95
vol096_dli-ernet-229230	262	faded	KEEP_BLANK	old	0	old:ok:0w E:ok:0w J:ok:0w K:ok:0w tess:0/0
vol096_dli-ernet-229230	267	faded	KEEP_BLANK	old	0	old:ok:0w E:ok:0w J:ok:0w K:ok:0w tess:0/0
vol096_dli-ernet-229230	269	faded	KEEP_BLANK	old	0	old:ok:0w E:ok:0w J:ok:0w K:ok:0w tess:0/0
vol096_dli-ernet-229230	271	faded	KEEP_BLANK	old	0	old:ok:0w E:ok:0w J:ok:0w K:ok:0w tess:0/0
vol096_dli-ernet-229230	275	faded	KEEP_BLANK	old	0	old:ok:0w E:ok:0w J:ok:0w K:ok:0w tess:0/0
vol096_dli-ernet-229230	279	faded	KEEP_BLANK	old	0	old:ok:0w E:ok:0w J:ok:0w K:ok:0w tess:0/0
vol096_dli-ernet-229230	30	faded	KEEP_BLANK	old	0	old:ok:0w E:ok:0w J:ok:0w K:ok:0w tess:0/0
vol096_dli-ernet-229230	302	faded	KEEP_BLANK	old	0	old:ok:0w E:ok:0w J:ok:0w K:ok:0w tess:0/0
vol096_dli-ernet-229230	339	faded	KEEP_BLANK	old	0	old:ok:0w E:ok:0w J:ok:0w K:ok:0w tess:0/0
vol096_dli-ernet-229230	34	faded	KEEP_BLANK	old	0	old:ok:0w E:ok:0w J:ok:0w K:ok:0w tess:0/0
vol096_dli-ernet-229230	341	faded	KEEP_FIGURE	old	40	old:ok:40w E:ok:40w J:ok:141w K:ok:185w H:ok:223w M:ok:162w Q:ok:72w tess:0/0 agree-J=0.39
vol096_dli-ernet-229230	342	faded	KEEP_BLANK	old	0	old:ok:0w E:ok:0w J:ok:0w K:ok:0w tess:0/0
vol096_dli-ernet-229230	345	faded	KEEP_BLANK	old	0	old:ok:0w E:ok:0w J:ok:0w K:ok:0w tess:0/0
vol096_dli-ernet-229230	347	faded	KEEP_BLANK	old	0	old:ok:0w E:ok:0w J:ok:0w K:ok:0w tess:0/0
vol096_dli-ernet-229230	348	faded	ACCEPT	r2J/J_015:33	35	old:ok:35w E:ok:35w J:ok:35w K:ok:35w tess:17/0 recall=0.86
vol096_dli-ernet-229230	353	faded	KEEP_FIGURE	old	28	old:ok:28w E:ok:28w J:ok:28w K:ok:28w tess:1/1 agree-J=0.71
vol096_dli-ernet-229230	354	faded	KEEP_BLANK	old	0	old:ok:0w E:ok:0w J:ok:0w K:ok:0w tess:0/0
vol096_dli-ernet-229230	392	faded	KEEP_BLANK	old	0	old:ok:0w E:ok:0w J:ok:0w K:ok:0w tess:0/0
vol096_dli-ernet-229230	420	faded	KEEP_BLANK	old	0	old:ok:0w E:ok:0w J:ok:0w K:ok:0w tess:0/0
vol096_dli-ernet-229230	426	faded	KEEP_BLANK	old	0	old:ok:0w E:ok:0w J:ok:0w K:ok:0w tess:0/0
vol096_dli-ernet-229230	429	faded	KEEP_BLANK	old	0	old:ok:0w E:ok:0w J:ok:0w K:ok:0w tess:0/0
vol096_dli-ernet-229230	435	faded	KEEP_BLANK	old	0	old:ok:0w E:ok:0w J:ok:0w K:ok:0w tess:0/0
vol096_dli-ernet-229230	439	faded	KEEP_BLANK	old	0	old:ok:0w E:ok:0w J:ok:0w K:ok:0w tess:0/0
vol096_dli-ernet-229230	48	faded	KEEP_BLANK	old	0	old:ok:0w E:ok:0w J:ok:0w K:ok:0w tess:0/0
vol096_dli-ernet-229230	486	faded	KEEP_BLANK	old	0	old:ok:0w E:ok:0w J:ok:0w K:ok:0w tess:0/0
vol096_dli-ernet-229230	488	faded	KEEP_BLANK	old	0	old:ok:0w E:ok:0w J:ok:0w K:ok:0w tess:0/0
vol096_dli-ernet-229230	490	faded	KEEP_BLANK	old	0	old:ok:0w E:ok:0w J:ok:0w K:ok:0w tess:0/0
vol096_dli-ernet-229230	492	faded	KEEP_BLANK	old	0	old:ok:0w E:ok:0w J:ok:0w K:ok:0w tess:0/0
vol096_dli-ernet-229230	496	faded	KEEP_BLANK	old	0	old:ok:0w E:ok:0w J:ok:0w K:ok:0w tess:0/0
vol096_dli-ernet-229230	498	faded	KEEP_BLANK	old	0	old:ok:0w E:ok:0w J:ok:0w K:ok:0w tess:0/0
vol096_dli-ernet-229230	517	faded	KEEP_BLANK	old	0	old:ok:0w E:ok:0w J:ok:0w K:ok:0w tess:0/0
vol096_dli-ernet-229230	518	faded	KEEP_FIGURE	old	30	old:ok:30w E:ok:30w J:ok:30w K:ok:30w tess:8/0 agree-J=1.00
vol096_dli-ernet-229230	52	faded	KEEP_BLANK	old	0	old:ok:0w E:ok:0w J:ok:0w K:ok:0w tess:0/0
vol096_dli-ernet-229230	558	faded	KEEP_BLANK	old	0	old:ok:0w E:ok:0w J:ok:0w K:ok:0w tess:0/0
vol096_dli-ernet-229230	563	faded	KEEP_BLANK	old	0	old:ok:0w E:ok:0w J:ok:0w K:ok:0w tess:0/0
vol096_dli-ernet-229230	567	faded	KEEP_BLANK	old	0	old:ok:0w E:ok:0w J:ok:0w K:ok:0w tess:0/0
vol096_dli-ernet-229230	588	faded	ACCEPT	r2J/J_015:55	45	old:ok:45w E:ok:45w J:ok:45w K:ok:45w tess:19/3 recall=1.00
vol096_dli-ernet-229230	589	faded	KEEP_BLANK	old	0	old:ok:0w E:ok:0w J:ok:0w K:ok:0w tess:0/0
vol096_dli-ernet-229230	623	faded	KEEP_BLANK	old	0	old:ok:0w E:ok:0w J:ok:0w K:ok:0w tess:0/0
vol096_dli-ernet-229230	64	faded	KEEP_BLANK	old	0	old:ok:0w E:ok:0w J:ok:0w K:ok:0w tess:0/0
vol096_dli-ernet-229230	640	faded	KEEP_BLANK	old	0	old:ok:0w E:ok:0w J:ok:0w K:ok:0w tess:0/0
vol096_dli-ernet-229230	645	faded	KEEP_BLANK	old	0	old:ok:0w E:ok:0w J:ok:0w K:ok:0w tess:0/0
vol096_dli-ernet-229230	648	faded	KEEP_BLANK	old	0	old:ok:0w E:ok:0w J:ok:0w K:ok:0w tess:0/0
vol096_dli-ernet-229230	657	faded	KEEP_MINOR	old	3	old:ok:3w E:ok:3w J:ok:4w K:ok:4w tess:2/0
vol096_dli-ernet-229230	658	faded	KEEP_BLANK	old	0	old:ok:0w E:ok:0w J:ok:0w K:ok:0w tess:0/0
vol096_dli-ernet-229230	664	faded	KEEP_BLANK	old	0	old:ok:0w E:ok:0w J:ok:0w K:ok:0w tess:0/0
vol096_dli-ernet-229230	70	faded	KEEP_BLANK	old	0	old:ok:0w E:ok:0w J:ok:0w K:ok:0w tess:0/0
vol096_dli-ernet-229230	758	faded	KEEP_BLANK	old	0	old:ok:0w E:ok:0w J:ok:0w K:ok:0w tess:0/0
vol096_dli-ernet-229230	759	faded	ACCEPT	r2J/J_015:67	49	old:ok:49w E:ok:49w J:ok:49w K:ok:49w tess:25/9 recall=1.00
vol096_dli-ernet-229230	774	faded	KEEP_BLANK	old	0	old:ok:0w E:ok:0w J:ok:0w K:ok:0w tess:0/0
vol096_dli-ernet-229230	78	faded	KEEP_BLANK	old	0	old:ok:0w E:ok:0w J:ok:0w K:ok:0w tess:0/0
vol096_dli-ernet-229230	8	faded	KEEP_BLANK	old	0	old:ok:0w E:ok:0w J:ok:0w K:ok:0w tess:0/0
vol096_dli-ernet-229230	891	faded	KEEP_BLANK	old	0	old:ok:0w E:ok:0w J:ok:0w K:ok:0w tess:0/0
vol096_dli-ernet-229230	892	faded	KEEP_BLANK	old	0	old:ok:0w E:ok:0w J:ok:0w K:ok:0w tess:0/0
vol096_dli-ernet-229230	893	faded	FAINT	old-images-only	0	old:ok:21w E:ok:21w J:ok:21w K:ok:21w tess:13/2
vol097_iss01_tropical-agriculturist-1941-07-97-1	1	faded	FAINT	old-images-only	0	old:ok:0w E:LOOP:17w J:ok:0w K:ok:56w tess:0/0
vol097_iss01_tropical-agriculturist-1941-07-97-1	20	faded	KEEP_BLANK	old	0	old:ok:0w E:ok:0w J:ok:0w K:ok:0w tess:0/0
vol097_iss01_tropical-agriculturist-1941-07-97-1	21	faded	ACCEPT	r2J/J_015:76	33	old:ok:33w E:ok:33w J:ok:33w K:ok:33w tess:15/1 recall=0.79
vol097_iss01_tropical-agriculturist-1941-07-97-1	61	faded	FAINT	old-images-only	0	old:ok:0w E:ok:0w J:LOOP:2305w K:ok:4137w tess:0/0
vol097_iss02_tropical-agriculturist-1941-08-97-2	1	faded	KEEP_BLANK	old	0	old:ok:0w E:ok:0w J:ok:0w K:ok:0w tess:0/0
vol097_iss02_tropical-agriculturist-1941-08-97-2	10	faded	KEEP_BLANK	old	0	old:ok:0w E:ok:0w J:ok:0w K:ok:0w tess:0/0
vol097_iss02_tropical-agriculturist-1941-08-97-2	33	faded	ACCEPT	r2J/J_015:80	81	old:ok:81w E:ok:81w J:ok:81w K:ok:81w tess:49/18 recall=1.00
vol097_iss02_tropical-agriculturist-1941-08-97-2	56	faded	ACCEPT	r2J/J_015:81	87	old:ok:87w E:ok:87w J:ok:87w K:ok:87w tess:53/13 recall=1.00
vol097_iss02_tropical-agriculturist-1941-08-97-2	6	faded	FAINT	old-images-only	0	old:ok:27w E:ok:27w J:ok:27w K:ok:27w tess:0/0
vol097_iss03_tropical-agriculturist-1941-09-97-3	1	faded	KEEP_BLANK	old	0	old:ok:0w E:ok:0w J:ok:0w K:ok:0w tess:0/0
vol097_iss03_tropical-agriculturist-1941-09-97-3	11	faded	ACCEPT	r2J/J_015:84	99	old:ok:101w E:ok:101w J:ok:99w K:ok:99w tess:39/9 recall=0.94
vol097_iss03_tropical-agriculturist-1941-09-97-3	23	faded	KEEP_BLANK	old	0	old:ok:0w E:ok:0w J:ok:0w K:ok:0w tess:0/0
vol097_iss03_tropical-agriculturist-1941-09-97-3	25	faded	KEEP_BLANK	old	0	old:ok:0w E:ok:0w J:ok:0w K:ok:0w tess:0/0
vol097_iss03_tropical-agriculturist-1941-09-97-3	28	faded	KEEP_MINOR	old	0	old:ok:0w E:ok:0w J:ok:4w K:ok:2w tess:0/0
vol097_iss03_tropical-agriculturist-1941-09-97-3	30	faded	KEEP_MINOR	old	0	old:ok:0w E:ok:0w J:ok:5w K:ok:0w tess:0/0
vol097_iss03_tropical-agriculturist-1941-09-97-3	40	faded	KEEP_MINOR	old	3	old:ok:3w E:ok:3w J:ok:3w K:ok:3w tess:2/0
vol097_iss03_tropical-agriculturist-1941-09-97-3	41	faded	KEEP_BLANK	old	0	old:ok:0w E:ok:0w J:ok:0w K:ok:0w tess:0/0
vol097_iss03_tropical-agriculturist-1941-09-97-3	47	faded	KEEP_BLANK	old	0	old:ok:0w E:ok:0w J:ok:0w K:ok:0w tess:0/0
vol097_iss03_tropical-agriculturist-1941-09-97-3	6	faded	KEEP_FIGURE	old	27	old:ok:27w E:ok:27w J:ok:27w K:ok:27w tess:2/0 agree-J=1.00
vol097_iss04_tropical-agriculturist-1941-10-97-4	1	faded	KEEP_BLANK	old	0	old:ok:0w E:ok:0w J:ok:0w K:ok:0w tess:0/0
vol097_iss04_tropical-agriculturist-1941-10-97-4	3	faded	KEEP_BLANK	old	0	old:ok:0w E:ok:0w J:ok:0w K:ok:0w tess:0/0
vol097_iss04_tropical-agriculturist-1941-10-97-4	75	faded	KEEP_BLANK	old	0	old:ok:0w E:ok:0w J:ok:0w K:ok:0w tess:0/0
vol097_iss05_tropical-agriculturist-1941-11-97-5	1	faded	KEEP_BLANK	old	0	old:ok:0w E:LOOP:26w J:ok:0w K:ok:0w tess:0/0
vol097_iss05_tropical-agriculturist-1941-11-97-5	56	faded	ACCEPT	r2J/J_015:97	95	old:ok:95w E:ok:95w J:ok:95w K:ok:95w tess:53/17 recall=1.00
vol097_iss06_tropical-agriculturist-1941-12-97-6	1	faded	KEEP_BLANK	old	0	old:ok:0w E:ok:0w J:ok:0w K:ok:0w tess:0/0
vol097_iss06_tropical-agriculturist-1941-12-97-6	51	faded	ACCEPT	r2J/J_015:99	115	old:ok:115w E:ok:116w J:ok:115w K:ok:116w tess:63/11 recall=0.98
vol097_iss06_tropical-agriculturist-1941-12-97-6	54	faded	KEEP_BLANK	old	0	old:ok:0w E:ok:0w J:ok:0w K:ok:0w tess:0/0
vol097_iss06_tropical-agriculturist-1941-12-97-6	55	faded	KEEP_BLANK	old	0	old:ok:0w E:ok:0w J:ok:0w K:ok:0w tess:0/0
vol098_iss01_tropical-agriculturist-january-march-1942-98-1	1	faded	KEEP_BLANK	old	0	old:ok:0w E:ok:0w J:ok:0w K:ok:0w tess:0/0
vol098_iss01_tropical-agriculturist-january-march-1942-98-1	13	faded	KEEP_MINOR	old	0	old:ok:0w E:ok:0w J:ok:8w K:ok:0w tess:0/0
vol098_iss01_tropical-agriculturist-january-march-1942-98-1	17	faded	KEEP_MINOR	old	0	old:ok:0w E:ok:0w J:ok:7w K:ok:2w tess:0/0
vol098_iss01_tropical-agriculturist-january-march-1942-98-1	22	faded	ACCEPT	r2J/J_015:105	116	old:ok:116w E:ok:116w J:ok:116w K:ok:116w tess:57/15 recall=1.00
vol098_iss01_tropical-agriculturist-january-march-1942-98-1	24	faded	KEEP_BLANK	old	0	old:ok:0w E:ok:0w J:ok:0w K:ok:0w tess:0/0
vol098_iss01_tropical-agriculturist-january-march-1942-98-1	29	faded	KEEP_BLANK	old	0	old:ok:0w E:ok:0w J:ok:0w K:ok:0w tess:0/0
vol098_iss01_tropical-agriculturist-january-march-1942-98-1	3	faded	KEEP_BLANK	old	0	old:ok:0w E:ok:0w J:ok:0w K:ok:0w tess:0/0
vol098_iss01_tropical-agriculturist-january-march-1942-98-1	75	faded	ACCEPT	r2J/J_015:109	137	old:ok:137w E:ok:137w J:ok:137w K:ok:137w tess:83/18 recall=0.98
vol098_iss02_tropical-agriculturist-april-june-1942-98-2	1	faded	FAINT	old-images-only	0	old:ok:0w E:LOOP:54w J:ok:0w K:ok:82w tess:0/0
vol098_iss02_tropical-agriculturist-april-june-1942-98-2	34	faded	UNRESOLVED		0	old:ok:130w E:ok:131w J:ok:130w K:ok:131w tess:4/17 ROTATED:77
vol098_iss02_tropical-agriculturist-april-june-1942-98-2	42	faded	ACCEPT	r2J/J_015:112	52	old:ok:52w E:ok:52w J:ok:52w K:ok:52w tess:23/4 recall=1.00
vol098_iss02_tropical-agriculturist-april-june-1942-98-2	44	faded	FAINT	old-images-only	0	old:ok:12w E:ok:11w J:LOOP:10w K:ok:25w H:ok:9w M:ok:13w Q:ok:22w tess:0/0
vol098_iss02_tropical-agriculturist-april-june-1942-98-2	51	faded	FAINT	old-images-only	0	old:ok:0w E:ok:0w J:ok:190w K:ok:212w tess:0/1
vol098_iss02_tropical-agriculturist-april-june-1942-98-2	81	faded	ACCEPT	r2J/J_015:115	89	old:ok:89w E:ok:89w J:ok:89w K:ok:89w tess:52/12 recall=1.00
vol098_iss03_tropical-agriculturist-july-september-1942-98-3	1	faded	FAINT	old-images-only	0	old:ok:144w E:LOOP:69w J:LOOP:26w K:ok:44w H:ok:26w M:ok:128w Q:ok:91w tess:0/0
vol098_iss03_tropical-agriculturist-july-september-1942-98-3	105	faded	KEEP_MINOR	old	2	old:ok:2w E:ok:0w J:ok:2w K:ok:3w tess:0/0
vol098_iss03_tropical-agriculturist-july-september-1942-98-3	17	faded	FAINT	old-images-only	0	old:ok:0w E:ok:0w J:ok:25w K:ok:17w tess:0/2
vol098_iss03_tropical-agriculturist-july-september-1942-98-3	7	faded	KEEP_BLANK	old	0	old:ok:0w E:ok:0w J:ok:0w K:ok:0w tess:0/0
vol098_iss03_tropical-agriculturist-july-september-1942-98-3	85	faded	KEEP_BLANK	old	0	old:ok:0w E:ok:0w J:ok:0w K:ok:0w tess:0/0
vol098_iss03_tropical-agriculturist-july-september-1942-98-3	86	faded	ACCEPT	r2J/J_015:121	150	old:ok:73w E:ok:73w J:ok:150w K:ok:148w tess:42/7 recall=0.97
vol098_iss03_tropical-agriculturist-july-september-1942-98-3	87	faded	KEEP_BLANK	old	0	old:ok:0w E:ok:0w J:ok:0w K:ok:0w tess:0/0
vol098_iss03_tropical-agriculturist-july-september-1942-98-3	89	faded	KEEP_MINOR	old	0	old:ok:0w E:ok:0w J:ok:0w K:ok:9w tess:0/0
vol098_iss03_tropical-agriculturist-july-september-1942-98-3	91	faded	KEEP_BLANK	old	0	old:ok:0w E:ok:0w J:ok:0w K:ok:0w tess:0/0
vol098_iss03_tropical-agriculturist-july-september-1942-98-3	93	faded	KEEP_BLANK	old	0	old:ok:0w E:ok:0w J:ok:0w K:ok:0w tess:0/0
vol098_iss03_tropical-agriculturist-july-september-1942-98-3	95	faded	KEEP_BLANK	old	0	old:ok:0w E:ok:0w J:ok:0w K:ok:0w tess:0/0
vol098_iss03_tropical-agriculturist-july-september-1942-98-3	97	faded	KEEP_BLANK	old	0	old:ok:0w E:ok:0w J:ok:0w K:ok:0w tess:0/0
vol098_iss03_tropical-agriculturist-july-september-1942-98-3	99	faded	KEEP_BLANK	old	0	old:ok:0w E:ok:0w J:ok:0w K:ok:0w tess:0/0
vol098_iss04_tropical-agriculturist-october-december-1942-98-4	24	faded	FAINT	old-images-only	0	old:ok:0w E:ok:0w J:ok:10w K:ok:22w tess:0/0
vol098_iss04_tropical-agriculturist-october-december-1942-98-4	3	faded	FAINT	old-images-only	0	old:ok:0w E:ok:27w J:LOOP:56w K:ok:55w H:ok:12w M:ok:131w Q:ok:10w tess:0/0
vol098_iss04_tropical-agriculturist-october-december-1942-98-4	67	faded	ACCEPT	r2J/J_016:6	110	old:ok:110w E:ok:110w J:ok:110w K:ok:111w tess:32/7 recall=0.96
vol098_iss04_tropical-agriculturist-october-december-1942-98-4	86	faded	KEEP_BLANK	old	0	old:ok:0w E:ok:0w J:ok:0w K:ok:0w tess:0/0
vol098_iss04_tropical-agriculturist-october-december-1942-98-4	87	faded	KEEP_BLANK	old	0	old:ok:0w E:ok:0w J:ok:0w K:ok:0w tess:0/0
vol098_iss04_tropical-agriculturist-october-december-1942-98-4	88	faded	KEEP_BLANK	old	0	old:ok:0w E:ok:0w J:ok:0w K:ok:0w tess:0/0
vol099_iss01_tropical-agriculturist-january-march-1943-99-1	1	faded	FAINT	old-images-only	0	old:ok:68w E:ok:252w J:ok:250w K:ok:108w H:ok:145w M:ok:2782w Q:ok:15w tess:0/0
vol099_iss01_tropical-agriculturist-january-march-1943-99-1	13	faded	FAINT	old-images-only	0	old:ok:0w E:ok:0w J:ok:9w K:ok:13w tess:0/1
vol099_iss02_tropical-agriculturist-april-june-1943-99-2	1	faded	KEEP_BLANK	old	0	old:ok:0w E:ok:0w J:ok:0w K:ok:0w tess:0/0
vol099_iss02_tropical-agriculturist-april-june-1943-99-2	28	faded	ACCEPT	r2J/J_016:13	308	old:ok:311w E:ok:312w J:ok:308w K:ok:309w tess:15/1 recall=0.93
vol099_iss02_tropical-agriculturist-april-june-1943-99-2	3	faded	FAINT	old-images-only	0	old:ok:168w E:ok:162w J:ok:212w K:ok:9w H:ok:0w M:ok:183w Q:ok:29w tess:0/0
vol099_iss02_tropical-agriculturist-april-june-1943-99-2	38	faded	KEEP_BLANK	old	0	old:ok:0w E:ok:0w J:ok:0w K:ok:0w tess:0/0
vol099_iss02_tropical-agriculturist-april-june-1943-99-2	39	faded	KEEP_FIGURE	old	213	old:ok:213w E:ok:115w J:ok:203w K:ok:189w H:ok:180w M:ok:121w Q:ok:493w tess:6/0 agree-J=0.61
vol099_iss02_tropical-agriculturist-april-june-1943-99-2	7	faded	ACCEPT	r2J/J_016:17	76	old:ok:76w E:ok:76w J:ok:76w K:ok:76w tess:49/11 recall=1.00
vol099_iss03_tropical-agriculturist-july-september-1943-99-3	1	faded	FAINT	old-images-only	0	old:ok:123w E:ok:200w J:ok:346w K:ok:723w H:ok:13w M:ok:45w Q:ok:54w tess:0/0
vol099_iss03_tropical-agriculturist-july-september-1943-99-3	22	faded	KEEP_BLANK	old	0	old:ok:0w E:ok:0w J:ok:0w K:ok:0w tess:0/0
vol099_iss03_tropical-agriculturist-july-september-1943-99-3	29	faded	KEEP_BLANK	old	0	old:ok:0w E:ok:0w J:ok:0w K:ok:0w tess:0/0
vol099_iss03_tropical-agriculturist-july-september-1943-99-3	79	faded	FAINT	old-images-only	0	old:ok:257w E:ok:152w J:LOOP:5389w K:ok:332w H:LOOP:2657w M:ok:254w Q:LOOP:2533w tess:0/0
vol099_iss04_tropical-agriculturist-october-december-1943-99-4	17	faded	FAINT	old-images-only	0	old:ok:0w E:ok:0w J:ok:16w K:ok:0w tess:0/0
vol099_iss04_tropical-agriculturist-october-december-1943-99-4	3	faded	FAINT	old-images-only	0	old:ok:13w E:ok:142w J:ok:37w K:ok:334w H:ok:35w M:ok:26w Q:ok:65w tess:0/0
vol099_iss04_tropical-agriculturist-october-december-1943-99-4	79	faded	FAINT	old-images-only	0	old:ok:0w E:ok:1w J:ok:19w K:ok:4w H:ok:4w M:ok:11w Q:ok:4w tess:0/0
vol099_iss04_tropical-agriculturist-october-december-1943-99-4	80	faded	KEEP_BLANK	old	0	old:ok:0w E:ok:0w J:ok:0w K:ok:0w tess:0/0
vol099_iss04_tropical-agriculturist-october-december-1943-99-4	81	faded	KEEP_BLANK	old	0	old:ok:0w E:ok:0w J:ok:0w K:ok:0w tess:0/0
vol100_iss01_tropical-agriculturist-january-march-1944-100-1	3	faded	FAINT	old-images-only	0	old:ok:0w E:LOOP:29w J:ok:0w K:ok:64w tess:0/0
vol100_iss01_tropical-agriculturist-january-march-1944-100-1	79	faded	FAINT	old-images-only	0	old:ok:77w E:ok:290w J:ok:663w K:LOOP:2712w H:ok:134w M:ok:14w Q:ok:469w tess:0/0
vol100_iss01_tropical-agriculturist-january-march-1944-100-1	81	faded	FAINT	old-images-only	0	old:ok:121w E:ok:163w J:ok:143w K:ok:159w H:ok:201w M:ok:191w Q:ok:51w tess:0/0
vol100_iss02_tropical-agriculturist-april-june-1944-100-2	1	faded	FAINT	old-images-only	0	old:ok:737w E:ok:137w J:ok:312w K:ok:118w H:ok:7w M:ok:96w Q:ok:89w tess:0/0
vol100_iss02_tropical-agriculturist-april-june-1944-100-2	10	faded	KEEP_FIGURE	old	233	old:ok:233w E:ok:231w J:ok:75w K:ok:69w H:ok:145w M:ok:128w Q:ok:207w tess:9/1 agree-J=0.32
vol100_iss02_tropical-agriculturist-april-june-1944-100-2	11	faded	KEEP_BLANK	old	0	old:ok:0w E:ok:0w J:ok:0w K:ok:0w tess:0/0
vol100_iss02_tropical-agriculturist-april-june-1944-100-2	43	faded	KEEP_BLANK	old	0	old:ok:0w E:ok:0w J:ok:0w K:ok:0w tess:0/0
vol100_iss02_tropical-agriculturist-april-june-1944-100-2	6	faded	KEEP_FIGURE	old	89	old:ok:89w E:ok:95w J:ok:94w K:ok:94w tess:8/1 agree-J=0.84
vol100_iss02_tropical-agriculturist-april-june-1944-100-2	7	faded	KEEP_BLANK	old	0	old:ok:0w E:ok:0w J:ok:0w K:ok:0w tess:0/0
vol100_iss03_tropical-agriculturist-july-september-1944-100-3	1	faded	FAINT	old-images-only	0	old:ok:0w E:ok:153w J:ok:75w K:ok:168w H:ok:11w M:ok:54w Q:ok:493w tess:0/0
vol100_iss03_tropical-agriculturist-july-september-1944-100-3	16	faded	KEEP_BLANK	old	0	old:ok:0w E:ok:0w J:ok:0w K:ok:0w tess:0/0
vol100_iss03_tropical-agriculturist-july-september-1944-100-3	17	faded	KEEP_FIGURE	old	71	old:ok:71w E:ok:142w J:ok:83w K:ok:105w H:ok:144w M:ok:100w Q:ok:130w tess:8/2 agree-J=0.71
vol100_iss03_tropical-agriculturist-july-september-1944-100-3	33	faded	KEEP_BLANK	old	0	old:ok:0w E:ok:0w J:ok:0w K:ok:0w tess:0/0
vol100_iss03_tropical-agriculturist-july-september-1944-100-3	4	faded	KEEP_BLANK	old	0	old:ok:0w E:ok:0w J:ok:0w K:ok:0w tess:0/0
vol100_iss03_tropical-agriculturist-july-september-1944-100-3	64	faded	ACCEPT	r2J/J_016:41	124	old:ok:124w E:ok:124w J:ok:124w K:ok:124w tess:75/22 recall=0.98
vol100_iss04_tropical-agriculturist-october-december-1944-100-4	100	faded	KEEP_BLANK	old	0	old:ok:0w E:ok:0w J:ok:0w K:ok:0w tess:0/0
vol100_iss04_tropical-agriculturist-october-december-1944-100-4	101	faded	KEEP_BLANK	old	0	old:ok:0w E:ok:0w J:ok:0w K:ok:0w tess:0/0
vol100_iss04_tropical-agriculturist-october-december-1944-100-4	102	faded	KEEP_BLANK	old	0	old:ok:0w E:ok:0w J:ok:0w K:ok:0w tess:0/0
vol100_iss04_tropical-agriculturist-october-december-1944-100-4	13	faded	ACCEPT	r2J/J_016:45	81	old:ok:90w E:ok:90w J:ok:81w K:ok:81w tess:45/12 recall=0.95
vol100_iss04_tropical-agriculturist-october-december-1944-100-4	3	faded	FAINT	old-images-only	0	old:ok:46w E:ok:100w J:ok:371w K:ok:155w H:ok:80w M:ok:90w Q:ok:1106w tess:0/0
vol100_iss04_tropical-agriculturist-october-december-1944-100-4	39	faded	KEEP_MINOR	old	0	old:ok:0w E:ok:0w J:ok:8w K:ok:9w tess:0/0
vol100_iss04_tropical-agriculturist-october-december-1944-100-4	41	faded	KEEP_BLANK	old	0	old:ok:0w E:ok:0w J:ok:0w K:ok:0w tess:0/0
vol100_iss04_tropical-agriculturist-october-december-1944-100-4	43	faded	FAINT	old-images-only	0	old:ok:0w E:ok:0w J:ok:11w K:ok:59w tess:0/0
vol100_iss04_tropical-agriculturist-october-december-1944-100-4	49	faded	KEEP_BLANK	old	0	old:ok:0w E:ok:0w J:ok:0w K:ok:0w tess:0/0
vol100_iss04_tropical-agriculturist-october-december-1944-100-4	55	faded	KEEP_BLANK	old	0	old:ok:0w E:ok:0w J:ok:0w K:ok:0w tess:0/0
vol101_iss01_tropical-agriculturist-january-march-1945-101-1	1	faded	FAINT	old-images-only	0	old:ok:0w E:LOOP:69w J:ok:11w K:ok:17w H:ok:3w M:ok:20w Q:ok:8w tess:0/0
vol101_iss01_tropical-agriculturist-january-march-1945-101-1	17	faded	FAINT	old-images-only	0	old:ok:0w E:ok:0w J:ok:19w K:ok:13w tess:0/0
vol101_iss01_tropical-agriculturist-january-march-1945-101-1	19	faded	KEEP_BLANK	old	0	old:ok:0w E:ok:0w J:ok:0w K:ok:0w tess:0/0
vol101_iss01_tropical-agriculturist-january-march-1945-101-1	20	faded	KEEP_FIGURE	old	12	old:ok:12w E:ok:12w J:ok:12w K:ok:12w tess:5/0 agree-J=1.00
vol101_iss01_tropical-agriculturist-january-march-1945-101-1	21	faded	FAINT	old-images-only	0	old:ok:0w E:ok:0w J:ok:2w K:ok:26w tess:0/0
vol101_iss01_tropical-agriculturist-january-march-1945-101-1	3	faded	FAINT	old-images-only	0	old:ok:133w E:ok:77w J:ok:48w K:ok:14w H:ok:28w M:ok:34w Q:ok:303w tess:0/0
vol101_iss01_tropical-agriculturist-january-march-1945-101-1	31	faded	FAINT	old-images-only	0	old:ok:0w E:ok:0w J:ok:12w K:ok:80w tess:0/0
vol101_iss01_tropical-agriculturist-january-march-1945-101-1	51	faded	KEEP_BLANK	old	0	old:ok:0w E:ok:0w J:ok:0w K:ok:0w tess:0/0
vol101_iss01_tropical-agriculturist-january-march-1945-101-1	71	capped+faded	FAINT	old-images-only	0	old:LOOP:2788w E:ok:445w O:ok:305w H:LOOP:402w J:ok:372w K:ok:318w H:LOOP:2554w M:LOOP:10030w Q:LOOP:2204w tess:0/0
vol101_iss02_tropical-agriculturist-april-june-1945-101-2	1	faded	FAINT	old-images-only	0	old:ok:88w E:ok:161w J:ok:205w K:ok:250w H:ok:20w M:ok:35w Q:ok:72w tess:0/0
vol101_iss03_tropical-agriculturist-july-september-1945-101-3	1	faded	FAINT	old-images-only	0	old:ok:0w E:ok:90w J:ok:25w K:ok:20w H:ok:2w M:ok:44w Q:ok:3w tess:0/0
vol101_iss03_tropical-agriculturist-july-september-1945-101-3	85	faded	FAINT	old-images-only	0	old:ok:0w E:ok:0w J:ok:0w K:ok:49w tess:0/0
vol101_iss04_tropical-agriculturist-october-december-1945-101-4	1	repeat+faded	FAINT	old-images-only	0	old:LOOP:98w E:ok:49w E:ok:49w J:ok:108w K:ok:57w H:ok:36w M:ok:13w Q:ok:21w tess:0/0
vol101_iss04_tropical-agriculturist-october-december-1945-101-4	13	faded	FAINT	old-images-only	0	old:ok:0w E:ok:0w J:ok:18w K:ok:1065w tess:0/0
vol101_iss04_tropical-agriculturist-october-december-1945-101-4	15	faded	FAINT	old-images-only	0	old:ok:0w E:ok:0w J:ok:113w K:ok:43w tess:0/0
vol101_iss04_tropical-agriculturist-october-december-1945-101-4	17	faded	FAINT	old-images-only	0	old:ok:0w E:ok:0w J:ok:163w K:ok:56w tess:0/0
vol101_iss04_tropical-agriculturist-october-december-1945-101-4	19	faded	FAINT	old-images-only	0	old:ok:0w E:ok:0w J:ok:105w K:ok:87w tess:0/0
vol101_iss04_tropical-agriculturist-october-december-1945-101-4	21	faded	FAINT	old-images-only	0	old:ok:0w E:ok:0w J:ok:55w K:ok:51w tess:0/0
vol101_iss04_tropical-agriculturist-october-december-1945-101-4	23	faded	FAINT	old-images-only	0	old:ok:0w E:ok:0w J:ok:388w K:ok:77w tess:0/0
vol101_iss04_tropical-agriculturist-october-december-1945-101-4	25	faded	FAINT	old-images-only	0	old:ok:0w E:ok:0w J:ok:20w K:ok:112w tess:0/0
vol101_iss04_tropical-agriculturist-october-december-1945-101-4	94	faded	KEEP_BLANK	old	0	old:ok:0w E:ok:0w J:ok:0w K:ok:0w tess:0/0
vol101_iss04_tropical-agriculturist-october-december-1945-101-4	95	faded	KEEP_BLANK	old	0	old:ok:0w E:ok:0w J:ok:0w K:ok:0w tess:0/0
vol101_iss04_tropical-agriculturist-october-december-1945-101-4	96	faded	KEEP_BLANK	old	0	old:ok:0w E:ok:0w J:ok:0w K:ok:0w tess:0/0
vol002_tropicalagricult18821883colo	1027	table-summary	ACCEPT_TABLE	tabT/T_001:0+1+2	583	old:0.04S tabH:0.96 tabT:0.96
vol002_tropicalagricult18821883colo	17	table-summary	ACCEPT_TABLE	tabT/T_001:3+4+5	217	old:0.03S tabH:0.95 tabT:0.95
vol003_tropicalagricult18831884colo	237	table-summary	ACCEPT_TABLE	tabH/H_001:4+5	578	old:0.02S tabH:0.87 tabT:0.86
vol003_tropicalagricult18831884colo	261	table-summary	TABLE_UNFIXED		789	old:0.94S tabH:0.94 tabT:0.94
vol003_tropicalagricult18831884colo	317	table-summary	ACCEPT_TABLE	tabT/T_001:12+13+14	586	old:0.11S tabH:0.93 tabT:0.94
vol003_tropicalagricult18831884colo	397	table-summary	ACCEPT_TABLE	tabH/H_001:10+11	591	old:0.15S tabH:0.91 tabT:0.90
vol003_tropicalagricult18831884colo	625	table-summary	ACCEPT_TABLE	tabH/H_001:12+13	585	old:0.13S tabH:0.91 tabT:0.88
vol003_tropicalagricult18831884colo	644	table-summary	TABLE_UNFIXED		601	old:0.94S tabH:0.94 tabT:0.94
vol003_tropicalagricult18831884colo	705	table-summary	ACCEPT_TABLE	tabT/T_001:24+25+26	591	old:0.08S tabH:0.93 tabT:0.93
vol003_tropicalagricult18831884colo	785	table-summary	ACCEPT_TABLE	tabH/H_001:18+19	584	old:0.12S tabH:0.93 tabT:0.92
vol003_tropicalagricult18831884colo	873	table-summary	ACCEPT_TABLE	tabT/T_001:30+31+32	579	old:0.11S tabH:0.96 tabT:0.96
vol003_tropicalagricult18831884colo	953	table-summary	ACCEPT_TABLE	tabT/T_001:33+34+35	581	old:0.15S tabH:0.91 tabT:0.91
vol003_tropicalagricult18831884colo	97	table-summary	ACCEPT_TABLE	tabT/T_001:36+37+38	599	old:0.06S tabH:0.91 tabT:0.92
vol004_tropicalagricult18841885colo	12	table-summary	ACCEPT_TABLE	tabT/T_001:39+40+41	260	old:0.03S tabH:0.91 tabT:0.91
vol004_tropicalagricult18841885colo	185	table-summary	ACCEPT_TABLE	tabT/T_001:42+43+44	586	old:0.14S tabH:0.89 tabT:0.89
vol004_tropicalagricult18841885colo	273	table-summary	ACCEPT_TABLE	tabH/H_001:30+31	587	old:0.18S tabH:0.87 tabT:0.86
vol004_tropicalagricult18841885colo	361	table-summary	ACCEPT_TABLE	tabT/T_001:48+49+50	579	old:0.05S tabH:0.86 tabT:0.87
vol004_tropicalagricult18841885colo	441	table-summary	ACCEPT_TABLE	tabT/T_001:51+52+53	585	old:0.11S tabH:0.85 tabT:0.85
vol004_tropicalagricult18841885colo	521	table-summary	ACCEPT_TABLE	tabT/T_001:54+55+56	567	old:0.05S tabH:0.89 tabT:0.89
vol004_tropicalagricult18841885colo	745	table-summary	ACCEPT_TABLE	tabT/T_001:57+58+59	584	old:0.14S tabH:0.93 tabT:0.93
vol004_tropicalagricult18841885colo	817	table-summary	ACCEPT_TABLE	tabT/T_002:0+1+2	582	old:0.04S tabH:0.87 tabT:0.87
vol004_tropicalagricult18841885colo	889	table-summary	ACCEPT_TABLE	tabT/T_002:3+4+5	564	old:0.06S tabH:0.92 tabT:0.92
vol005_tropicalagricult18851886colo	421	table-summary	TABLE_UNFIXED		788	old:0.94S tabH:0.94S tabT:0.94S
vol005_tropicalagricult18851886colo	539	table-summary	ACCEPT_TABLE	tabH/H_001:46+47	580	old:0.09S tabH:0.91 tabT:0.90
vol005_tropicalagricult18851886colo	683	table-summary	ACCEPT_TABLE	tabT/T_002:12+13+14	581	old:0.04S tabH:0.93 tabT:0.94
vol005_tropicalagricult18851886colo	827	table-summary	ACCEPT_TABLE	tabH/H_001:50+51	551	old:0.06S tabH:0.85 tabT:0.84
vol006_tropicalagricult18861887colo	161	table-summary	ACCEPT_TABLE	tabT/T_002:18+19+20	580	old:0.03S tabH:0.94 tabT:0.95
vol006_tropicalagricult18861887colo	233	table-summary	ACCEPT_TABLE	tabT/T_002:21+22+23	592	old:0.09S tabH:0.93 tabT:0.93
vol006_tropicalagricult18861887colo	305	table-summary	ACCEPT_TABLE	tabT/T_002:24+25+26	593	old:0.04S tabH:0.89 tabT:0.89
vol006_tropicalagricult18861887colo	377	table-summary	ACCEPT_TABLE	tabT/T_002:27+28+29	588	old:0.05S tabH:0.92 tabT:0.92
vol006_tropicalagricult18861887colo	449	table-summary	ACCEPT_TABLE	tabT/T_002:30+31+32	592	old:0.07S tabH:0.94 tabT:0.94
vol006_tropicalagricult18861887colo	521	table-summary	ACCEPT_TABLE	tabH/H_002:2+3	584	old:0.05S tabH:0.88 tabT:0.87
vol006_tropicalagricult18861887colo	585	table-summary	ACCEPT_TABLE	tabT/T_002:36+37+38	594	old:0.03S tabH:0.91 tabT:0.91
vol006_tropicalagricult18861887colo	729	table-summary	ACCEPT_TABLE	tabT/T_002:39+40+41	591	old:0.06S tabH:0.92 tabT:0.93
vol006_tropicalagricult18861887colo	801	table-summary	ACCEPT_TABLE	tabT/T_002:42+43+44	589	old:0.04S tabH:0.93 tabT:0.93
vol006_tropicalagricult18861887colo	89	table-summary	ACCEPT_TABLE	tabT/T_002:45+46+47	582	old:0.06S tabH:0.92 tabT:0.92
vol007_tropicalagricult7188ceyl	1001	table-summary	TABLE_UNFIXED		300	old:0.90S tabH:0.90 tabT:0.90
vol007_tropicalagricult7188ceyl	171	table-summary	ACCEPT_TABLE	tabT/T_002:51+52+53	595	old:0.06S tabH:0.94 tabT:0.94
vol007_tropicalagricult7188ceyl	318	audit-missing	TABLE_UNFIXED		443	old:0.48 tabH:0.48 tabT:0.48
vol007_tropicalagricult7188ceyl	459	table-summary	ACCEPT_TABLE	tabT/T_002:57+58+59	593	old:0.06S tabH:0.91 tabT:0.94
vol007_tropicalagricult7188ceyl	675	table-summary	ACCEPT_TABLE	tabH/H_002:20+21	583	old:0.06S tabH:0.94 tabT:0.93
vol007_tropicalagricult7188ceyl	819	table-summary	ACCEPT_TABLE	tabT/T_003:3+4+5	587	old:0.05S tabH:0.92 tabT:0.92
vol008_tropicalagricult8188ceyl	169	table-summary	ACCEPT_TABLE	tabT/T_003:6+7+8	585	old:0.08S tabH:0.92 tabT:0.92
vol008_tropicalagricult8188ceyl	313	table-summary	ACCEPT_TABLE	tabT/T_003:9+10+11	614	old:0.16S tabH:0.94 tabT:0.95
vol008_tropicalagricult8188ceyl	385	table-summary	ACCEPT_TABLE	tabT/T_003:12+13+14	644	old:0.03S tabH:0.92 tabT:0.92
vol008_tropicalagricult8188ceyl	418	table-summary	TABLE_UNFIXED		363	old:0.91S tabH:0.91S tabT:0.91S
vol008_tropicalagricult8188ceyl	819	table-summary	ACCEPT_TABLE	tabH/H_002:32+33	581	old:0.11S tabH:0.94 tabT:0.93
vol008_tropicalagricult8188ceyl	895	table-summary	ACCEPT_TABLE	tabH/H_002:34+35	585	old:0.03S tabH:0.94 tabT:0.93
vol008_tropicalagricult8188ceyl	990	audit-missing	TABLE_UNFIXED		87	old:0.40 tabH:0.40 tabT:0.48
vol008_tropicalagricult8188ceyl	998	audit-missing	TABLE_UNFIXED		95	old:0.45 tabH:0.45 tabT:0.45
vol009_tropicalagricult9188ceyl	197	table-summary	TABLE_UNFIXED		711	old:0.97S tabH:0.97S tabT:0.97S
vol009_tropicalagricult9188ceyl	254	table-summary	TABLE_UNFIXED		455	old:0.96S tabH:0.96 tabT:0.96
vol009_tropicalagricult9188ceyl	255	table-summary	ACCEPT_TABLE	tabT/T_003:36+37+38	601	old:0.03S tabH:0.96 tabT:0.96
vol009_tropicalagricult9188ceyl	335	table-summary	ACCEPT_TABLE	tabT/T_003:39+40+41	591	old:0.03S tabH:0.95 tabT:0.95
vol009_tropicalagricult9188ceyl	64	table-summary	TABLE_UNFIXED		553	old:0.97S tabH:0.97S tabT:0.97S
vol009_tropicalagricult9188ceyl	903	table-summary	ACCEPT_TABLE	tabT/T_003:45+46+47	605	old:0.05S tabH:0.91 tabT:0.92
vol009_tropicalagricult9188ceyl	991	table-summary	TABLE_UNFIXED		268	old:0.92S tabH:0.93 tabT:0.93
vol010_tropicalagricult1018ceyl	345	table-summary	ACCEPT_TABLE	tabT/T_003:51+52+53	598	old:0.03S tabH:0.91 tabT:0.91
vol010_tropicalagricult1018ceyl	507	table-summary	ACCEPT_TABLE	tabT/T_003:54+55+56	608	old:0.04S tabH:0.91 tabT:0.92
vol010_tropicalagricult1018ceyl	571	table-summary	ACCEPT_TABLE	tabT/T_003:57+58+59	605	old:0.04S tabH:0.92 tabT:0.92
vol010_tropicalagricult1018ceyl	784	table-summary	TABLE_UNFIXED		541	old:0.93S tabH:0.95 tabT:0.95
vol010_tropicalagricult1018ceyl	785	table-summary	ACCEPT_TABLE	tabT/T_004:3+4+5	633	old:0.03S tabH:0.90 tabT:0.90
vol010_tropicalagricult1018ceyl	813	audit-missing	TABLE_UNFIXED		171	old:0.31 tabH:0.28 tabT:0.31
vol010_tropicalagricult1018ceyl	857	table-summary	ACCEPT_TABLE	tabH/H_003:6+7	637	old:0.03S tabH:0.89 tabT:0.81L
vol011_tropicalagricult1118ceyl	1100	audit-missing	TABLE_UNFIXED		316	old:0.41 tabH:0.41 tabT:0.41
vol011_tropicalagricult1118ceyl	1102	audit-missing	TABLE_UNFIXED		460	old:0.45 tabH:0.45 tabT:0.45
vol011_tropicalagricult1118ceyl	1127	audit-missing	TABLE_UNFIXED		96	old:0.44 tabH:0.44 tabT:0.44
vol011_tropicalagricult1118ceyl	171	table-summary	ACCEPT_TABLE	tabT/T_004:21+22+23	640	old:0.06S tabH:0.89 tabT:0.89
vol011_tropicalagricult1118ceyl	235	table-summary	ACCEPT_TABLE	tabT/T_004:24+25+26	644	old:0.02S tabH:0.92 tabT:0.94
vol011_tropicalagricult1118ceyl	387	table-summary	ACCEPT_TABLE	tabT/T_004:27+28+29	644	old:0.04S tabH:0.95 tabT:0.95
vol011_tropicalagricult1118ceyl	531	table-summary	ACCEPT_TABLE	tabT/T_004:30+31+32	646	old:0.05S tabH:0.91 tabT:0.93
vol011_tropicalagricult1118ceyl	707	table-summary	ACCEPT_TABLE	tabT/T_004:33+34+35	654	old:0.06S tabH:0.93 tabT:0.93
vol011_tropicalagricult1118ceyl	787	table-summary	ACCEPT_TABLE	tabH/H_003:24+25	652	old:0.08S tabH:0.93 tabT:0.92
vol011_tropicalagricult1118ceyl	867	table-summary	ACCEPT_TABLE	tabH/H_003:26+27	652	old:0.04S tabH:0.92 tabT:0.90L
vol012_tropicalagricult1218ceyl	1040	audit-missing	TABLE_UNFIXED		91	old:0.28 tabH:0.22 tabT:0.33
vol012_tropicalagricult1218ceyl	1042	audit-missing	TABLE_UNFIXED		313	old:0.30 tabH:0.27 tabT:0.27
vol012_tropicalagricult1218ceyl	1046	audit-missing	TABLE_UNFIXED		97	old:0.22 tabH:0.22 tabT:0.22
vol012_tropicalagricult1218ceyl	1052	audit-missing	TABLE_UNFIXED		97	old:0.33 tabH:0.33 tabT:0.33
vol012_tropicalagricult1218ceyl	1062	audit-missing	TABLE_UNFIXED		98	old:0.21 tabH:0.23 tabT:0.23
vol012_tropicalagricult1218ceyl	1068	audit-missing	TABLE_UNFIXED		89	old:0.22 tabH:0.22 tabT:0.22
vol012_tropicalagricult1218ceyl	1074	audit-missing	TABLE_UNFIXED		365	old:0.24 tabH:0.24 tabT:0.24
vol012_tropicalagricult1218ceyl	1086	audit-missing	TABLE_UNFIXED		101	old:0.47 tabH:0.53 tabT:0.53
vol012_tropicalagricult1218ceyl	1090	audit-missing	TABLE_UNFIXED		339	old:0.40 tabH:0.45 tabT:0.45
vol012_tropicalagricult1218ceyl	1092	audit-missing	TABLE_UNFIXED		328	old:0.32 tabH:0.35 tabT:0.35
vol012_tropicalagricult1218ceyl	1098	audit-missing	TABLE_UNFIXED		103	old:0.28 tabH:0.28 tabT:0.22
vol012_tropicalagricult1218ceyl	1100	audit-missing	TABLE_UNFIXED		357	old:0.26 tabH:0.34 tabT:0.34
vol012_tropicalagricult1218ceyl	1106	audit-missing	TABLE_UNFIXED		352	old:0.38 tabH:0.38 tabT:0.38
vol012_tropicalagricult1218ceyl	1108	audit-missing	TABLE_UNFIXED		94	old:0.36 tabH:0.32 tabT:0.32
vol012_tropicalagricult1218ceyl	1114	audit-missing	TABLE_UNFIXED		91	old:0.27 tabH:0.27 tabT:0.27
vol012_tropicalagricult1218ceyl	1126	audit-missing	TABLE_UNFIXED		344	old:0.24 tabH:0.24 tabT:0.26
vol012_tropicalagricult1218ceyl	1128	audit-missing	TABLE_UNFIXED		296	old:0.16 tabH:0.22 tabT:0.22
vol012_tropicalagricult1218ceyl	1134	audit-missing	TABLE_UNFIXED		392	old:0.38 tabH:0.38 tabT:0.41
vol012_tropicalagricult1218ceyl	1142	audit-missing	TABLE_UNFIXED		96	old:0.48 tabH:0.48 tabT:0.52
vol012_tropicalagricult1218ceyl	1144	audit-missing	TABLE_UNFIXED		316	old:0.22 tabH:0.22 tabT:0.22
vol012_tropicalagricult1218ceyl	1182	audit-missing	TABLE_UNFIXED		318	old:0.26 tabH:0.26 tabT:0.26
vol012_tropicalagricult1218ceyl	1186	audit-missing	TABLE_UNFIXED		104	old:0.35 tabH:0.35 tabT:0.31
vol012_tropicalagricult1218ceyl	1208	audit-missing	TABLE_UNFIXED		114	old:0.47 tabH:0.47 tabT:0.47
vol012_tropicalagricult1218ceyl	1218	audit-missing	TABLE_UNFIXED		96	old:0.48 tabH:0.48 tabT:0.48
vol012_tropicalagricult1218ceyl	1228	table-summary	ACCEPT_TABLE	tabT/T_005:54+55+56	244	old:0.50S tabH:0.80 tabT:0.80
vol012_tropicalagricult1218ceyl	1230	audit-missing	TABLE_UNFIXED		104	old:0.44 tabH:0.44 tabT:0.44
vol012_tropicalagricult1218ceyl	1231	audit-missing	TABLE_UNFIXED		357	old:0.19 tabH:0.19 tabT:0.17
vol012_tropicalagricult1218ceyl	1244	audit-missing	TABLE_UNFIXED		98	old:0.26 tabH:0.23 tabT:0.23
vol012_tropicalagricult1218ceyl	1250	audit-missing	TABLE_UNFIXED		95	old:0.22 tabH:0.22 tabT:0.22
vol012_tropicalagricult1218ceyl	1262	audit-missing	TABLE_UNFIXED		106	old:0.21 tabH:0.21 tabT:0.21
vol012_tropicalagricult1218ceyl	1282	audit-missing	TABLE_UNFIXED		98	old:0.30 tabH:0.30 tabT:0.30
vol012_tropicalagricult1218ceyl	249	table-summary	ACCEPT_TABLE	tabT/T_006:15+16+17	650	old:0.06S tabH:0.92 tabT:0.93
vol012_tropicalagricult1218ceyl	321	table-summary	ACCEPT_TABLE	tabH/H_004:32+33	650	old:0.03S tabH:0.91 tabT:0.90
vol012_tropicalagricult1218ceyl	393	table-summary	ACCEPT_TABLE	tabT/T_006:21+22+23	655	old:0.03S tabH:0.92 tabT:0.92
vol012_tropicalagricult1218ceyl	465	table-summary	ACCEPT_TABLE	tabT/T_006:24+25+26	655	old:0.04S tabH:0.85 tabT:0.85
vol012_tropicalagricult1218ceyl	521	table-summary	ACCEPT_TABLE	tabT/T_006:27+28+29	667	old:0.10S tabH:0.90 tabT:0.90
vol012_tropicalagricult1218ceyl	577	table-summary	ACCEPT_TABLE	tabT/T_006:30+31+32	657	old:0.05S tabH:0.88 tabT:0.88
vol012_tropicalagricult1218ceyl	757	table-summary	ACCEPT_TABLE	tabT/T_006:33+34+35	643	old:0.03S tabH:0.84 tabT:0.88
vol012_tropicalagricult1218ceyl	97	table-summary	ACCEPT_TABLE	tabH/H_004:44+45	651	old:0.05S tabH:0.88 tabT:0.87
vol013_tropicalagricult1318ceyl	155	table-summary	ACCEPT_TABLE	tabT/T_006:39+40+41	655	old:0.03S tabH:0.90 tabT:0.90
vol013_tropicalagricult1318ceyl	233	table-summary	ACCEPT_TABLE	tabT/T_006:42+43+44	648	old:0.06S tabH:0.89 tabT:0.89
vol013_tropicalagricult1318ceyl	307	table-summary	ACCEPT_TABLE	tabT/T_006:45+46+47	651	old:0.04S tabH:0.90 tabT:0.90
vol013_tropicalagricult1318ceyl	381	table-summary	ACCEPT_TABLE	tabT/T_006:48+49+50	651	old:0.03S tabH:0.86 tabT:0.86
vol013_tropicalagricult1318ceyl	455	table-summary	ACCEPT_TABLE	tabT/T_006:51+52+53	643	old:0.14S tabH:0.88 tabT:0.89
vol013_tropicalagricult1318ceyl	603	table-summary	ACCEPT_TABLE	tabT/T_006:54+55+56	635	old:0.11S tabH:0.89 tabT:0.89
vol013_tropicalagricult1318ceyl	827	table-summary	ACCEPT_TABLE	tabT/T_006:57+58+59	626	old:0.05S tabH:0.92 tabT:0.92
vol013_tropicalagricult1318ceyl	83	table-summary	ACCEPT_TABLE	tabT/T_007:0+1+2	654	old:0.03S tabH:0.92 tabT:0.92
vol014_tropicalagricult1418ceyl	1005	audit-missing	TABLE_UNFIXED		110	old:0.45 tabH:0.53 tabT:0.64
vol014_tropicalagricult1418ceyl	161	table-summary	ACCEPT_TABLE	tabT/T_007:6+7+8	633	old:0.03S tabH:0.81 tabT:0.82
vol014_tropicalagricult1418ceyl	229	table-summary	ACCEPT_TABLE	tabT/T_007:9+10+11	624	old:0.10S tabH:0.87 tabT:0.87
vol014_tropicalagricult1418ceyl	305	table-summary	ACCEPT_TABLE	tabT/T_007:12+13+14	627	old:0.03S tabH:0.89 tabT:0.89
vol014_tropicalagricult1418ceyl	383	table-summary	ACCEPT_TABLE	tabT/T_007:15+16+17	611	old:0.03S tabH:0.81 tabT:0.81
vol014_tropicalagricult1418ceyl	475	table-summary	ACCEPT_TABLE	tabH/H_005:12+13	634	old:0.10S tabH:0.85 tabT:0.84
vol014_tropicalagricult1418ceyl	54	audit-missing	TABLE_UNFIXED		884	old:0.00 tabH:0.00 tabT:0.00
vol014_tropicalagricult1418ceyl	551	table-summary	ACCEPT_TABLE	tabH/H_005:16+17	690	old:0.10S tabH:0.86 tabT:0.85
vol014_tropicalagricult1418ceyl	691	table-summary	ACCEPT_TABLE	tabT/T_007:27+28+29	633	old:0.10S tabH:0.83 tabT:0.83
vol014_tropicalagricult1418ceyl	759	table-summary	ACCEPT_TABLE	tabT/T_007:30+31+32	630	old:0.05S tabH:0.90 tabT:0.90
vol014_tropicalagricult1418ceyl	828	audit-missing	ACCEPT_TABLE	tabT/T_007:33+34+35	2665	old:0.28 tabH:0.58 tabT:0.59
vol014_tropicalagricult1418ceyl	829	audit-missing	TABLE_UNFIXED		921	old:0.28 tabH:0.40 tabT:0.39L
vol015_tropicalagricult1518ceyl	1043	audit-missing	ACCEPT_TABLE	tabT/T_007:39+40+41	151	old:0.47 tabH:0.71 tabT:0.71
vol015_tropicalagricult1518ceyl	1048	audit-missing	ACCEPT_TABLE	tabH/H_005:28+29	156	old:0.43 tabH:0.82 tabT:0.69
vol015_tropicalagricult1518ceyl	1050	audit-missing	ACCEPT_TABLE	tabT/T_007:45+46+47	196	old:0.44 tabH:0.91 tabT:0.91
vol015_tropicalagricult1518ceyl	1082	audit-missing	ACCEPT_TABLE	tabT/T_007:48+49+50	148	old:0.39 tabH:0.79 tabT:0.79
vol015_tropicalagricult1518ceyl	1106	audit-missing	ACCEPT_TABLE	tabT/T_007:51+52+53	155	old:0.46 tabH:0.74 tabT:0.90
vol015_tropicalagricult1518ceyl	163	table-summary	ACCEPT_TABLE	tabH/H_005:36+37	624	old:0.02S tabH:0.87 tabT:0.86
vol015_tropicalagricult1518ceyl	237	table-summary	ACCEPT_TABLE	tabT/T_007:57+58+59	631	old:0.09S tabH:0.87 tabT:0.87
vol015_tropicalagricult1518ceyl	385	table-summary	ACCEPT_TABLE	tabH/H_005:40+41	633	old:0.08S tabH:0.81 tabT:0.80
vol015_tropicalagricult1518ceyl	459	table-summary	ACCEPT_TABLE	tabT/T_008:3+4+5	611	old:0.10S tabH:0.81 tabT:0.81
vol015_tropicalagricult1518ceyl	89	table-summary	ACCEPT_TABLE	tabT/T_008:6+7+8	617	old:0.14S tabH:0.70 tabT:0.73
vol015_tropicalagricult1518ceyl	920	audit-missing	ACCEPT_TABLE	tabT/T_008:9+10+11	179	old:0.47 tabH:0.85 tabT:0.85
vol015_tropicalagricult1518ceyl	926	audit-missing	ACCEPT_TABLE	tabT/T_008:12+13+14	149	old:0.47 tabH:0.76 tabT:0.77
vol015_tropicalagricult1518ceyl	992	audit-missing	ACCEPT_TABLE	tabH/H_005:50+51	153	old:0.42 tabH:0.85 tabT:0.84
vol016_tropicalagricult1618ceyl	1027	audit-missing	ACCEPT_TABLE	tabH/H_005:52+53	148	old:0.48 tabH:0.76 tabT:0.75
vol016_tropicalagricult1618ceyl	1035	audit-missing	ACCEPT_TABLE	tabT/T_008:21+22+23	157	old:0.48 tabH:0.88 tabT:0.88
vol016_tropicalagricult1618ceyl	1062	audit-missing	ACCEPT_TABLE	tabT/T_008:24+25+26	172	old:0.41 tabH:0.82 tabT:0.82
vol016_tropicalagricult1618ceyl	1100	audit-missing	ACCEPT_TABLE	tabT/T_008:27+28+29	156	old:0.47 tabH:0.82 tabT:0.82
vol016_tropicalagricult1618ceyl	152	table-summary	TABLE_UNFIXED		273	old:0.89S tabH:0.92 tabT:0.93
vol016_tropicalagricult1618ceyl	296	table-summary	TABLE_UNFIXED		812	old:0.85S tabH:0.85S tabT:0.85S
vol016_tropicalagricult1618ceyl	514	table-summary	TABLE_UNFIXED		253	old:0.79S tabH:0.93 tabT:0.94
vol016_tropicalagricult1618ceyl	596	table-summary	ACCEPT_TABLE	tabH/H_006:6+7	288	old:0.80S tabH:0.96 tabT:0.84
vol016_tropicalagricult1618ceyl	597	table-summary	ACCEPT_TABLE	tabT/T_008:42+43+44	553	old:0.05S tabH:0.83 tabT:0.83
vol016_tropicalagricult1618ceyl	904	table-summary	TABLE_UNFIXED		249	old:0.89S tabH:0.99 tabT:0.99
vol016_tropicalagricult1618ceyl	905	table-summary	ACCEPT_TABLE	tabH/H_006:12+13	572	old:0.04S tabH:0.88 tabT:0.87
vol016_tropicalagricult1618ceyl	916	audit-missing	TABLE_UNFIXED		45	old:0.47 tabH:0.33 tabT:0.40
vol016_tropicalagricult1618ceyl	956	audit-missing	ACCEPT_TABLE	tabT/T_008:54+55+56	185	old:0.47 tabH:0.82 tabT:0.83
vol016_tropicalagricult1618ceyl	988	audit-missing	ACCEPT_TABLE	tabT/T_008:57+58+59	135	old:0.49 tabH:0.73 tabT:0.73
vol017_tropicalagricult1718ceyl	1128	audit-missing	ACCEPT_TABLE	tabT/T_009:0+1+2	87	old:0.23 tabH:0.41 tabT:0.56
vol017_tropicalagricult1718ceyl	13	table-summary	TABLE_UNFIXED		339	old:0.94S tabH:0.95 tabT:0.95
vol017_tropicalagricult1718ceyl	240	table-summary	TABLE_UNFIXED		286	old:0.96S tabH:0.97 tabT:0.96
vol017_tropicalagricult1718ceyl	241	table-summary	ACCEPT_TABLE	tabT/T_009:9+10+11	550	old:0.06S tabH:0.87 tabT:0.91
vol017_tropicalagricult1718ceyl	396	table-summary	TABLE_UNFIXED		280	old:0.90S tabH:0.92 tabT:0.93
vol017_tropicalagricult1718ceyl	397	table-summary	ACCEPT_TABLE	tabH/H_006:30+31	553	old:0.03S tabH:0.95 tabT:0.94
vol017_tropicalagricult1718ceyl	472	table-summary	TABLE_UNFIXED		254	old:0.86S tabH:0.92 tabT:0.92
vol017_tropicalagricult1718ceyl	549	table-summary	ACCEPT_TABLE	tabH/H_006:34+35	547	old:0.03S tabH:0.95 tabT:0.94
vol017_tropicalagricult1718ceyl	767	table-summary	ACCEPT_TABLE	tabT/T_009:24+25+26	577	old:0.03S tabH:0.83 tabT:0.83
vol017_tropicalagricult1718ceyl	928	audit-missing	ACCEPT_TABLE	tabT/T_009:27+28+29	152	old:0.34 tabH:0.75 tabT:0.82
vol017_tropicalagricult1718ceyl	955	audit-missing	ACCEPT_TABLE	tabT/T_009:30+31+32	137	old:0.33 tabH:0.75 tabT:0.75
vol017_tropicalagricult1718ceyl	982	audit-missing	ACCEPT_TABLE	tabT/T_009:33+34+35	149	old:0.41 tabH:0.84 tabT:0.84
vol017_tropicalagricult1718ceyl	991	audit-missing	ACCEPT_TABLE	tabT/T_009:36+37+38	133	old:0.34 tabH:0.77 tabT:0.77
vol018_tropicalagricult1818ceyl	1027	audit-missing	ACCEPT_TABLE	tabT/T_009:39+40+41	121	old:0.30 tabH:0.83 tabT:0.83
vol018_tropicalagricult1818ceyl	1089	audit-missing	ACCEPT_TABLE	tabT/T_009:42+43+44	101	old:0.17 tabH:0.39 tabT:0.77
vol018_tropicalagricult1818ceyl	1090	audit-missing	TABLE_UNFIXED		90	old:0.38 tabH:0.53 tabT:0.59
vol018_tropicalagricult1818ceyl	1156	audit-missing	ACCEPT_TABLE	tabH/H_006:52+53	112	old:0.28 tabH:0.70 tabT:0.67
vol018_tropicalagricult1818ceyl	1167	audit-missing	ACCEPT_TABLE	tabH/H_006:54+55	139	old:0.20 tabH:0.76 tabT:0.75
vol018_tropicalagricult1818ceyl	1176	audit-missing	ACCEPT_TABLE	tabT/T_009:54+55+56	102	old:0.49 tabH:0.75 tabT:0.75
vol018_tropicalagricult1818ceyl	1195	audit-missing	ACCEPT_TABLE	tabT/T_009:57+58+59	126	old:0.22 tabH:0.68 tabT:0.68
vol018_tropicalagricult1818ceyl	155	table-summary	ACCEPT_TABLE	tabT/T_010:0+1+2	541	old:0.05S tabH:0.70 tabT:0.84
vol018_tropicalagricult1818ceyl	239	table-summary	ACCEPT_TABLE	tabT/T_010:3+4+5	571	old:0.04S tabH:0.88 tabT:0.92
vol018_tropicalagricult1818ceyl	389	table-summary	ACCEPT_TABLE	tabT/T_010:6+7+8	548	old:0.04S tabH:0.92 tabT:0.92
vol018_tropicalagricult1818ceyl	473	table-summary	ACCEPT_TABLE	tabT/T_010:9+10+11	522	old:0.04S tabH:0.94 tabT:0.94
vol018_tropicalagricult1818ceyl	687	table-summary	ACCEPT_TABLE	tabH/H_007:8+9	545	old:0.05S tabH:0.94 tabT:0.93
vol018_tropicalagricult1818ceyl	763	table-summary	ACCEPT_TABLE	tabT/T_010:15+16+17	544	old:0.06S tabH:0.86 tabT:0.86
vol018_tropicalagricult1818ceyl	83	table-summary	ACCEPT_TABLE	tabT/T_010:18+19+20	548	old:0.03S tabH:0.93 tabT:0.94
vol018_tropicalagricult1818ceyl	837	table-summary	ACCEPT_TABLE	tabT/T_010:21+22+23	542	old:0.03S tabH:0.88 tabT:0.88
vol018_tropicalagricult1818ceyl	917	table-summary	ACCEPT_TABLE	tabT/T_010:24+25+26	536	old:0.05S tabH:0.89 tabT:0.90
vol019_tropicalagricult1918ceyl	1000	audit-missing	ACCEPT_TABLE	tabT/T_010:27+28+29	92	old:0.34 tabH:0.75 tabT:0.84
vol019_tropicalagricult1918ceyl	1011	audit-missing	ACCEPT_TABLE	tabT/T_010:30+31+32	101	old:0.32 tabH:0.74 tabT:0.74
vol019_tropicalagricult1918ceyl	1019	audit-missing	ACCEPT_TABLE	tabT/T_010:33+34+35	163	old:0.48 tabH:0.83 tabT:0.85
vol019_tropicalagricult1918ceyl	1028	audit-missing	ACCEPT_TABLE	tabH/H_007:24+25	108	old:0.26 tabH:0.91 tabT:0.90
vol019_tropicalagricult1918ceyl	1055	audit-missing	ACCEPT_TABLE	tabT/T_010:39+40+41	96	old:0.25 tabH:0.76 tabT:0.76
vol019_tropicalagricult1918ceyl	1068	audit-missing	ACCEPT_TABLE	tabT/T_010:42+43+44	155	old:0.43 tabH:0.83 tabT:0.83
vol019_tropicalagricult1918ceyl	1071	audit-missing	ACCEPT_TABLE	tabT/T_010:45+46+47	107	old:0.31 tabH:0.91 tabT:0.93
vol019_tropicalagricult1918ceyl	1103	audit-missing	ACCEPT_TABLE	tabT/T_010:48+49+50	116	old:0.35 tabH:0.77 tabT:0.77
vol019_tropicalagricult1918ceyl	1121	audit-missing	ACCEPT_TABLE	tabT/T_010:51+52+53	100	old:0.37 tabH:0.68 tabT:0.70
vol019_tropicalagricult1918ceyl	1130	audit-missing	ACCEPT_TABLE	tabT/T_010:54+55+56	126	old:0.29 tabH:0.62 tabT:0.62
vol019_tropicalagricult1918ceyl	1134	audit-missing	ACCEPT_TABLE	tabH/H_007:38+39	93	old:0.43 tabH:0.77 tabT:0.75
vol019_tropicalagricult1918ceyl	1145	audit-missing	ACCEPT_TABLE	tabT/T_011:0+1+2	109	old:0.29 tabH:0.82 tabT:0.82
vol019_tropicalagricult1918ceyl	1146	audit-missing	ACCEPT_TABLE	tabT/T_011:3+4+5	97	old:0.46 tabH:0.80 tabT:0.80
vol019_tropicalagricult1918ceyl	1152	audit-missing	ACCEPT_TABLE	tabT/T_011:6+7+8	104	old:0.18 tabH:0.83 tabT:0.83
vol019_tropicalagricult1918ceyl	1158	audit-missing	TABLE_UNFIXED		112	old:0.38 tabH:0.38 tabT:0.38
vol019_tropicalagricult1918ceyl	1175	audit-missing	ACCEPT_TABLE	tabT/T_011:12+13+14	102	old:0.33 tabH:0.78 tabT:0.78
vol019_tropicalagricult1918ceyl	1177	audit-missing	ACCEPT_TABLE	tabT/T_011:15+16+17	180	old:0.46 tabH:0.86 tabT:0.86
vol019_tropicalagricult1918ceyl	1179	audit-missing	ACCEPT_TABLE	tabT/T_011:18+19+20	104	old:0.19 tabH:0.79 tabT:0.79
vol019_tropicalagricult1918ceyl	1182	audit-missing	TABLE_UNFIXED		173	old:0.48 tabH:0.48 tabT:0.48
vol019_tropicalagricult1918ceyl	1185	audit-missing	ACCEPT_TABLE	tabT/T_011:24+25+26	116	old:0.23 tabH:0.47 tabT:0.65
vol019_tropicalagricult1918ceyl	1189	audit-missing	ACCEPT_TABLE	tabT/T_011:27+28+29	99	old:0.30 tabH:0.74 tabT:0.74
vol019_tropicalagricult1918ceyl	1191	audit-missing	TABLE_UNFIXED		72	old:0.46 tabH:0.66 tabT:0.55
vol019_tropicalagricult1918ceyl	309	table-summary	ACCEPT_TABLE	tabT/T_011:33+34+35	552	old:0.06S tabH:0.93 tabT:0.96
vol019_tropicalagricult1918ceyl	380	table-summary	ACCEPT_TABLE	tabT/T_011:36+37+38	528	old:0.19S tabH:0.87 tabT:0.89
vol019_tropicalagricult1918ceyl	383	table-summary	ACCEPT_TABLE	tabH/H_008:6+7	546	old:0.04S tabH:0.93 tabT:0.92
vol019_tropicalagricult1918ceyl	457	table-summary	ACCEPT_TABLE	tabT/T_011:42+43+44	545	old:0.04S tabH:0.94 tabT:0.94
vol019_tropicalagricult1918ceyl	531	table-summary	ACCEPT_TABLE	tabT/T_011:45+46+47	566	old:0.05S tabH:0.92 tabT:0.94
vol019_tropicalagricult1918ceyl	739	table-summary	ACCEPT_TABLE	tabH/H_008:12+13	570	old:0.02S tabH:0.93 tabT:0.91
vol019_tropicalagricult1918ceyl	80	table-summary	ACCEPT_TABLE	tabH/H_008:14+15	521	old:0.18S tabH:0.91 tabT:0.90
vol019_tropicalagricult1918ceyl	814	table-summary	ACCEPT_TABLE	tabT/T_011:54+55+56	534	old:0.41S tabH:0.92 tabT:0.92
vol019_tropicalagricult1918ceyl	890	audit-missing	TABLE_UNFIXED		190	old:0.44 tabH:0.44 tabT:0.44
vol019_tropicalagricult1918ceyl	891	table-summary	ACCEPT_TABLE	tabT/T_012:0+1+2	582	old:0.02S tabH:0.93 tabT:0.94
vol019_tropicalagricult1918ceyl	936	table-summary	TABLE_UNFIXED		497	old:0.18S tabH:0.39 tabT:0.39
vol019_tropicalagricult1918ceyl	939	audit-missing	ACCEPT_TABLE	tabT/T_012:6+7+8	5073	old:0.28 tabH:0.59S tabT:0.66
vol019_tropicalagricult1918ceyl	940	audit-missing	ACCEPT_TABLE	tabH/H_008:26+27	6049	old:0.16 tabH:0.70 tabT:0.68L
vol019_tropicalagricult1918ceyl	941	table-summary	TABLE_UNFIXED		3099	old:0.80S tabH:0.84 tabT:0.84
vol019_tropicalagricult1918ceyl	942	table-summary	TABLE_UNFIXED		3179	old:0.77S tabH:0.83 tabT:0.83
vol019_tropicalagricult1918ceyl	944	table-summary	TABLE_UNFIXED		2125	old:0.75S tabH:0.76 tabT:0.76
vol019_tropicalagricult1918ceyl	956	audit-missing	ACCEPT_TABLE	tabT/T_012:21+22+23	112	old:0.15 tabH:0.78 tabT:0.78
vol019_tropicalagricult1918ceyl	964	audit-missing	ACCEPT_TABLE	tabT/T_012:24+25+26	110	old:0.19 tabH:0.43 tabT:0.57
vol019_tropicalagricult1918ceyl	999	audit-missing	ACCEPT_TABLE	tabT/T_012:27+28+29	105	old:0.23 tabH:0.82 tabT:0.82
vol020_tropicalagricult2019ceyl	1015	audit-missing	ACCEPT_TABLE	tabH/H_008:40+41	97	old:0.13 tabH:0.89 tabT:0.81
vol020_tropicalagricult2019ceyl	1024	audit-missing	ACCEPT_TABLE	tabT/T_012:33+34+35	171	old:0.47 tabH:0.88 tabT:0.89
vol020_tropicalagricult2019ceyl	1037	audit-missing	ACCEPT_TABLE	tabT/T_012:36+37+38	171	old:0.44 tabH:0.86 tabT:0.87
vol020_tropicalagricult2019ceyl	1043	audit-missing	ACCEPT_TABLE	tabT/T_012:39+40+41	163	old:0.43 tabH:0.85 tabT:0.85
vol020_tropicalagricult2019ceyl	1055	audit-missing	ACCEPT_TABLE	tabT/T_012:42+43+44	86	old:0.44 tabH:0.74 tabT:0.74
vol020_tropicalagricult2019ceyl	1066	audit-missing	ACCEPT_TABLE	tabT/T_012:45+46+47	100	old:0.35 tabH:0.62 tabT:0.62
vol020_tropicalagricult2019ceyl	1084	audit-missing	ACCEPT_TABLE	tabH/H_008:52+53	99	old:0.14 tabH:0.62 tabT:0.61
vol020_tropicalagricult2019ceyl	1088	audit-missing	ACCEPT_TABLE	tabT/T_012:51+52+53	104	old:0.25 tabH:0.92 tabT:0.93
vol020_tropicalagricult2019ceyl	1089	audit-missing	ACCEPT_TABLE	tabT/T_012:54+55+56	93	old:0.35 tabH:0.90 tabT:0.91
vol020_tropicalagricult2019ceyl	1090	audit-missing	TABLE_UNFIXED		92	old:0.45 tabH:0.47 tabT:0.56
vol020_tropicalagricult2019ceyl	1097	audit-missing	ACCEPT_TABLE	tabT/T_013:0+1+2	115	old:0.38 tabH:0.68 tabT:0.68
vol020_tropicalagricult2019ceyl	1121	audit-missing	ACCEPT_TABLE	tabT/T_013:3+4+5	103	old:0.21 tabH:0.77 tabT:0.77
vol020_tropicalagricult2019ceyl	1126	audit-missing	ACCEPT_TABLE	tabT/T_013:6+7+8	112	old:0.30 tabH:0.80 tabT:0.80
vol020_tropicalagricult2019ceyl	1132	audit-missing	ACCEPT_TABLE	tabH/H_009:6+7	121	old:0.21 tabH:0.72 tabT:0.64
vol020_tropicalagricult2019ceyl	1144	audit-missing	ACCEPT_TABLE	tabT/T_013:12+13+14	108	old:0.31 tabH:0.72 tabT:0.72
vol020_tropicalagricult2019ceyl	1150	audit-missing	ACCEPT_TABLE	tabT/T_013:15+16+17	93	old:0.23 tabH:0.74 tabT:0.74
vol020_tropicalagricult2019ceyl	1160	audit-missing	ACCEPT_TABLE	tabT/T_013:18+19+20	189	old:0.49 tabH:0.76 tabT:0.79
vol020_tropicalagricult2019ceyl	1162	audit-missing	ACCEPT_TABLE	tabT/T_013:21+22+23	105	old:0.20 tabH:0.67 tabT:0.67
vol020_tropicalagricult2019ceyl	1171	audit-missing	ACCEPT_TABLE	tabT/T_013:24+25+26	89	old:0.15 tabH:0.67 tabT:0.71
vol020_tropicalagricult2019ceyl	1174	audit-missing	ACCEPT_TABLE	tabT/T_013:27+28+29	189	old:0.46 tabH:0.82 tabT:0.83
vol020_tropicalagricult2019ceyl	1186	audit-missing	TABLE_UNFIXED		76	old:0.49 tabH:0.66 tabT:0.66
vol020_tropicalagricult2019ceyl	1199	audit-missing	ACCEPT_TABLE	tabT/T_013:33+34+35	99	old:0.40 tabH:0.49 tabT:0.68
vol020_tropicalagricult2019ceyl	1210	audit-missing	ACCEPT_TABLE	tabT/T_013:36+37+38	83	old:0.12 tabH:0.58 tabT:0.58
vol020_tropicalagricult2019ceyl	161	table-summary	ACCEPT_TABLE	tabT/T_013:39+40+41	575	old:0.04S tabH:0.92 tabT:0.93
vol020_tropicalagricult2019ceyl	237	table-summary	ACCEPT_TABLE	tabT/T_013:42+43+44	549	old:0.03S tabH:0.78 tabT:0.93
vol020_tropicalagricult2019ceyl	311	table-summary	ACCEPT_TABLE	tabT/T_013:45+46+47	564	old:0.04S tabH:0.88L tabT:0.95
vol020_tropicalagricult2019ceyl	385	table-summary	ACCEPT_TABLE	tabT/T_013:48+49+50	544	old:0.07S tabH:0.94 tabT:0.94
vol020_tropicalagricult2019ceyl	459	table-summary	ACCEPT_TABLE	tabT/T_013:51+52+53	569	old:0.05S tabH:0.95 tabT:0.95
vol020_tropicalagricult2019ceyl	533	table-summary	ACCEPT_TABLE	tabT/T_013:54+55+56	682	old:0.07S tabH:0.93 tabT:0.94
vol020_tropicalagricult2019ceyl	597	table-summary	ACCEPT_TABLE	tabH/H_009:38+39	557	old:0.02S tabH:0.90 tabT:0.88
vol020_tropicalagricult2019ceyl	751	table-summary	ACCEPT_TABLE	tabT/T_014:0+1+2	543	old:0.06S tabH:0.91 tabT:0.92
vol020_tropicalagricult2019ceyl	86	audit-missing	TABLE_UNFIXED		199	old:0.47 tabH:0.47 tabT:0.47
vol020_tropicalagricult2019ceyl	897	table-summary	ACCEPT_TABLE	tabT/T_014:6+7+8	549	old:0.05S tabH:0.92 tabT:0.93
vol020_tropicalagricult2019ceyl	940	audit-missing	ACCEPT_TABLE	tabT/T_014:9+10+11	95	old:0.25 tabH:0.64 tabT:0.91
vol020_tropicalagricult2019ceyl	946	audit-missing	ACCEPT_TABLE	tabT/T_014:12+13+14	98	old:0.49 tabH:0.78 tabT:0.86
vol020_tropicalagricult2019ceyl	952	audit-missing	ACCEPT_TABLE	tabH/H_009:50+51	121	old:0.44 tabH:0.83 tabT:0.65
vol020_tropicalagricult2019ceyl	970	audit-missing	ACCEPT_TABLE	tabT/T_014:18+19+20	96	old:0.46 tabH:0.62 tabT:0.75
vol020_tropicalagricult2019ceyl	972	audit-missing	ACCEPT_TABLE	tabT/T_014:21+22+23	105	old:0.47 tabH:0.67 tabT:0.80
vol020_tropicalagricult2019ceyl	986	audit-missing	ACCEPT_TABLE	tabT/T_014:24+25+26	84	old:0.35 tabH:0.70 tabT:0.70
vol021_tropicalagricult2119ceyl	1008	audit-missing	ACCEPT_TABLE	tabT/T_014:27+28+29	114	old:0.27 tabH:0.71 tabT:0.73
vol021_tropicalagricult2119ceyl	1028	audit-missing	ACCEPT_TABLE	tabT/T_014:30+31+32	92	old:0.48 tabH:0.58 tabT:0.80
vol021_tropicalagricult2119ceyl	1047	table-summary	ACCEPT_TABLE	tabT/T_014:33+34+35	89	old:0.38S tabH:0.74 tabT:0.74
vol021_tropicalagricult2119ceyl	1053	audit-missing	ACCEPT_TABLE	tabT/T_014:36+37+38	93	old:0.44 tabH:0.77 tabT:0.77
vol021_tropicalagricult2119ceyl	1060	audit-missing	TABLE_UNFIXED		87	old:0.49 tabH:0.65 tabT:0.64
vol021_tropicalagricult2119ceyl	1066	audit-missing	ACCEPT_TABLE	tabH/H_010:8+9	126	old:0.27 tabH:0.77 tabT:0.76
vol021_tropicalagricult2119ceyl	1073	audit-missing	ACCEPT_TABLE	tabT/T_014:45+46+47	215	old:0.49 tabH:0.78 tabT:0.83
vol021_tropicalagricult2119ceyl	1086	audit-missing	ACCEPT_TABLE	tabT/T_014:48+49+50	114	old:0.33 tabH:0.86 tabT:0.87
vol021_tropicalagricult2119ceyl	1105	audit-missing	TABLE_UNFIXED		68	old:0.34 tabH:0.58 tabT:0.58
vol021_tropicalagricult2119ceyl	1111	audit-missing	ACCEPT_TABLE	tabT/T_014:54+55+56	107	old:0.26 tabH:0.71 tabT:0.71
vol021_tropicalagricult2119ceyl	1125	audit-missing	ACCEPT_TABLE	tabT/T_014:57+58+59	109	old:0.04 tabH:0.73 tabT:0.73
vol021_tropicalagricult2119ceyl	1151	audit-missing	ACCEPT_TABLE	tabT/T_015:0+1+2	172	old:0.46 tabH:0.83 tabT:0.83
vol021_tropicalagricult2119ceyl	1161	audit-missing	ACCEPT_TABLE	tabT/T_015:3+4+5	94	old:0.08 tabH:0.88 tabT:0.88
vol021_tropicalagricult2119ceyl	1170	audit-missing	ACCEPT_TABLE	tabT/T_015:6+7+8	117	old:0.23 tabH:0.54 tabT:0.76
vol021_tropicalagricult2119ceyl	1174	audit-missing	ACCEPT_TABLE	tabT/T_015:9+10+11	108	old:0.36 tabH:0.94 tabT:0.94
vol021_tropicalagricult2119ceyl	1175	audit-missing	ACCEPT_TABLE	tabT/T_015:12+13+14	94	old:0.13 tabH:0.65 tabT:0.65
vol021_tropicalagricult2119ceyl	229	table-summary	ACCEPT_TABLE	tabT/T_015:15+16+17	553	old:0.03S tabH:0.91 tabT:0.92
vol021_tropicalagricult2119ceyl	375	table-summary	ACCEPT_TABLE	tabT/T_015:18+19+20	552	old:0.05S tabH:0.73 tabT:0.73
vol021_tropicalagricult2119ceyl	449	table-summary	ACCEPT_TABLE	tabH/H_010:34+35	731	old:0.05S tabH:0.91 tabT:0.90
vol021_tropicalagricult2119ceyl	523	table-summary	ACCEPT_TABLE	tabT/T_015:24+25+26	528	old:0.06S tabH:0.87 tabT:0.90
vol021_tropicalagricult2119ceyl	924	audit-missing	ACCEPT_TABLE	tabT/T_015:27+28+29	114	old:0.41 tabH:0.81 tabT:0.81
vol021_tropicalagricult2119ceyl	930	audit-missing	ACCEPT_TABLE	tabT/T_015:30+31+32	105	old:0.38 tabH:0.71 tabT:0.73
vol021_tropicalagricult2119ceyl	942	audit-missing	ACCEPT_TABLE	tabH/H_010:42+43	114	old:0.26 tabH:0.82 tabT:0.79
vol021_tropicalagricult2119ceyl	980	audit-missing	ACCEPT_TABLE	tabT/T_015:36+37+38	166	old:0.47 tabH:0.77 tabT:0.90
vol021_tropicalagricult2119ceyl	985	audit-missing	ACCEPT_TABLE	tabT/T_015:39+40+41	111	old:0.15 tabH:0.61 tabT:0.61
vol022_tropicalagricult2219ceyl	231	table-summary	ACCEPT_TABLE	tabT/T_015:42+43+44	558	old:0.05S tabH:0.92 tabT:0.93
vol022_tropicalagricult2219ceyl	305	table-summary	ACCEPT_TABLE	tabT/T_015:45+46+47	540	old:0.08S tabH:0.91 tabT:0.92
vol022_tropicalagricult2219ceyl	659	table-summary	ACCEPT_TABLE	tabT/T_015:48+49+50	553	old:0.06S tabH:0.87 tabT:0.92
vol022_tropicalagricult2219ceyl	83	table-summary	ACCEPT_TABLE	tabH/H_010:54+55	560	old:0.05S tabH:0.93 tabT:0.92
vol022_tropicalagricult2219ceyl	944	audit-missing	TABLE_UNFIXED		436	old:0.33 tabH:0.53 tabT:0.53
vol022_tropicalagricult2219ceyl	945	table-summary	ACCEPT_TABLE	tabT/T_015:57+58+59	2682	old:0.41S tabH:0.91 tabT:0.91
vol022_tropicalagricult2219ceyl	946	audit-missing	ACCEPT_TABLE	tabT/T_016:0+1+2	999	old:0.24 tabH:0.84S tabT:0.84
vol022_tropicalagricult2219ceyl	953	audit-missing	TABLE_UNFIXED		98	old:0.49 tabH:0.51 tabT:0.50
vol022_tropicalagricult2219ceyl	966	audit-missing	ACCEPT_TABLE	tabT/T_016:6+7+8	108	old:0.31 tabH:0.78 tabT:0.78
vol022_tropicalagricult2219ceyl	967	audit-missing	ACCEPT_TABLE	tabH/H_011:6+7	102	old:0.28 tabH:0.88 tabT:0.87
vol022_tropicalagricult2219ceyl	968	audit-missing	ACCEPT_TABLE	tabT/T_016:12+13+14	104	old:0.45 tabH:0.58 tabT:0.76
vol022_tropicalagricult2219ceyl	973	table-summary	ACCEPT_TABLE	tabH/H_011:10+11	104	old:0.20S tabH:0.64 tabT:0.49
vol022_tropicalagricult2219ceyl	989	audit-missing	TABLE_UNFIXED		101	old:0.42 tabH:0.52 tabT:0.55
vol030_tropicalagricul301908ceyl	511	table-summary	ACCEPT_TABLE	tabT/T_016:21+22+23	504	old:0.03S tabH:0.92 tabT:0.92
vol030_tropicalagricul301908ceyl	621	table-summary	ACCEPT_TABLE	tabT/T_016:24+25+26	504	old:0.04S tabH:0.93 tabT:0.93
vol031_tropicalagricul311908ceyl	197	table-summary	ACCEPT_TABLE	tabT/T_016:27+28+29	523	old:0.04S tabH:0.91 tabT:0.92
vol031_tropicalagricul311908ceyl	309	table-summary	ACCEPT_TABLE	tabT/T_016:30+31+32	509	old:0.04S tabH:0.90 tabT:0.90
vol031_tropicalagricul311908ceyl	618	table-summary	TABLE_UNFIXED		408	old:0.96S tabH:0.96S tabT:0.97S
vol032_tropicalagricul321909ceyl	97	table-summary	ACCEPT_TABLE	tabH/H_011:24+25	502	old:0.03S tabH:0.93 tabT:0.92
vol035_tropicalagricul351910ceyl	303	table-summary	ACCEPT_TABLE	tabH/H_011:26+27	508	old:0.05S tabH:0.90 tabT:0.89
vol037_tropicalagricul371911ceyl	325	table-summary	TABLE_UNFIXED		436	old:0.97S tabH:0.97S tabT:0.97S
vol040_lbg-630-5-tag-v-40	159	table-summary	ACCEPT_TABLE	tabT/T_016:45+46+47	535	old:0.03S tabH:0.92 tabT:0.95
vol048_iss04_tropical-agriculturist-1917-04-48-4	65	table-summary	ACCEPT_TABLE	tabT/T_016:48+49+50	505	old:0.05S tabH:0.91 tabT:0.91
vol050_dli-ernet-21168	317	table-summary	TABLE_UNFIXED		200	old:0.97S tabH:0.97S tabT:0.97S
vol050_dli-ernet-21168	320	table-summary	TABLE_UNFIXED		238	old:0.99S tabH:0.99S tabT:0.99S
vol052_iss01_tropical-agriculturist-1919-01-52-1	39	table-summary	TABLE_UNFIXED		330	old:0.99S tabH:0.99S tabT:0.99S
vol061_tropicalagricult0061unse	405	audit-missing	TABLE_UNFIXED		459	old:0.07 tabH:0.07 tabT:0.07
vol061_tropicalagricult0061unse	83	audit-missing	TABLE_UNFIXED		37	old:0.00 tabH:0.00 tabT:0.00
vol062_lbg-630-5-tag-v-62	308	table-summary	TABLE_UNFIXED		331	old:0.99S tabH:0.99S tabT:0.99S
vol065_iss03_tropical-agriculturist-1925-09-65-3	3	table-summary	TABLE_UNFIXED		291	old:0.97S tabH:0.97S tabT:0.97S
vol067_iss03_tropical-agriculturist-1926-09-67-3	54	table-summary	TABLE_UNFIXED		206	old:0.96S tabH:0.96S tabT:0.96S
vol069_tropical-agriculturist-1927-07-69	62	table-summary	TABLE_UNFIXED		180	old:0.82S tabH:0.96S tabT:0.96S
vol072_dli-ernet-229221	128	table-summary	TABLE_UNFIXED		298	old:0.93S tabH:0.93S tabT:0.93S
vol072_dli-ernet-229221	291	table-summary	TABLE_UNFIXED		248	old:0.97S tabH:0.97S tabT:0.97S
vol072_dli-ernet-229221	299	table-summary	TABLE_UNFIXED		260	old:0.99S tabH:0.99S tabT:0.99S
vol074_dli-ernet-229223	169	table-summary	TABLE_UNFIXED		236	old:0.99S tabH:0.99S tabT:0.99S
vol074_dli-ernet-229223	174	table-summary	TABLE_UNFIXED		245	old:0.98S tabH:0.98S tabT:0.98S
vol076_dli-ernet-229225	308	table-summary	TABLE_UNFIXED		360	old:0.99S tabH:0.99S tabT:0.99S
vol076_dli-ernet-229225	33	audit-missing	TABLE_UNFIXED		243	old:0.00 tabH:0.00 tabT:0.00
vol076_dli-ernet-229225	365	table-summary	TABLE_UNFIXED		99	old:0.94S tabH:0.95S tabT:0.95S
vol076_dli-ernet-229225	38	audit-missing	TABLE_UNFIXED		209	old:0.00 tabH:0.00 tabT:0.00
vol076_dli-ernet-229225	440	table-summary	TABLE_UNFIXED		213	old:0.96S tabH:0.96S tabT:0.96S
vol080_dli-ernet-229226	784	table-summary	TABLE_UNFIXED		189	old:0.99S tabH:0.99S tabT:0.99S
vol081_iss05_tropical-agriculturist-1933-11-81-5	37	table-summary	TABLE_UNFIXED		189	old:0.99S tabH:0.99S tabT:0.99S
vol085_tropical-agriculturist-1935-10-85	16	table-summary	TABLE_UNFIXED		209	old:1.00S tabH:1.00S tabT:1.00S
vol085_tropical-agriculturist-1935-10-85	21	table-summary	TABLE_UNFIXED		33	old:1.00S tabH:1.00S tabT:1.00S
vol088_dli-ernet-229229	32	table-summary	TABLE_UNFIXED		182	old:0.98S tabH:0.98S tabT:0.99S
vol088_dli-ernet-229229	97	table-summary	TABLE_UNFIXED		199	old:0.97S tabH:0.97S tabT:0.97S
vol097_iss03_tropical-agriculturist-1941-09-97-3	29	audit-missing	ACCEPT_TABLE	tabT/T_018:6+7+8	211	old:0.14 tabH:1.00 tabT:1.00
vol098_iss01_tropical-agriculturist-january-march-1942-98-1	34	audit-missing	TABLE_UNFIXED		78	old:0.43 tabH:0.43 tabT:0.43
vol099_iss02_tropical-agriculturist-april-june-1943-99-2	27	table-summary	TABLE_UNFIXED		262	old:0.98S tabH:0.98S tabT:0.98S
vol022_tropicalagricult2219ceyl	893	corpus-mirror	SHOWTHROUGH	tess-mirror:184/14/rot18	0	corpus 294 words removed (real words: mirrored 184, as scanned 14)
vol078_tropical-agriculturist-1932-03-78	69	manual	FAINT	old-images-only	0	hallucination confirmed by eye 2026-10-03: corpus text "TABLE OF CONTENTS 1 Introduction 2 Methodology ..." on a faint page (contrast 20); Tesseract 0 words
