gid	pid	display	method	year	surface	role	snippet	scan	article	verdict	note
G001	P000005	J. C. Willis	corpus_dominant	1897	Mr. Willis	scientific advisor	… reason that their very close growth would interfere with the proper aeration of the soil. The advice of an economic botanist—to test the plants and inform us which would best enrich the soil—would be valuable. Possibly [[Mr. Willis]] may give us the benefit of his scientific knowledge. (6.) I believe that no systematic experiments have yet been made in Ceylon in growing leguminous crops, to be dug into the soil. I fear that this would be open to the…	https://archive.org/details/tropicalagricult1718ceyl/page/n287/mode/1up	vol017_tropicalagricult1718ceyl#1897-10#059		
G001	P000005	J. C. Willis	corpus_unique	1935	Willis	worker on plant distribution	…ussia propounded an entirely new view of the origin of cultivated plants which opened out methods to the breeder for the improvement of his crops. His principle is not altogether new nor unknown to botanists. In Ceylon, [[Willis]], a worker of international fame on plant distribution has covered very much the same ground. Prof. Vavilov started collecting material from all over the world with the object of saying in what parts and where richest ma…	https://archive.org/details/tropical-agriculturist_1935-02_84/page/n39/mode/1up	vol084_tropical-agriculturist-1935-02-84#1935-02#008		
G001	P000005	J. C. Willis	article	1910	Mr Willis	author of works on Para rubber industry	… Printing Press, which was so full of work that papers took any time from six to eighteen months to get printed, and we had, as before remarked, too small a vote to spend acent on printing from our funds. #### Biscuits. [[Mr Willis]], in his *Agriculture in the Tropics*, gives so odd an account of Mr Parkin's invention of Biscuits that it is worth quoting:—"Not only did Mr Parkin work out the wound-response and thus change what appeared to be only a…	https://archive.org/details/tropicalagricul351910ceyl/page/n114/mode/1up	vol035_tropicalagricul351910ceyl#1910-07#069		
G001	P000005	J. C. Willis	norm	1909	Willis	author	…wolle in den Vereinigten Staaten von Amerika in Jahre 1906. *Tropenpfl.* 1906, p. 538. What the British Cotton Growing Association is doing. *Tropl Life*, Aug. 1905, p. 20. The prospects of cotton cultivation in Ceylon, [[Willis]]. do. Sept. 1906, p. 137. Fletcher. The improvement of the cotton of the Bombay Presidency. *Agr. Jl. Ind. I.*, 351. Cotton cultivation in Delft, Ceylon. "T.A." Mar. 1906, p. 127. Willis. Rubber and Cotton in Ceylon. do.…	https://archive.org/details/tropicalagricul331909ceyl/page/n470/mode/1up	vol033_tropicalagricul331909ceyl#1909-11#033		
G002	P000011	F. A. Stockdale	corpus_dominant	1919	Mr. Stockdale	soil analyst	…. There is a large tract of Muthurajawela belonging to other people, and not cultivated for 30 years; if all these were worked on some co-operative lines, I feel sure, we might achieve some results worthy of the effort. [[Mr. Stockdale]] has taken samples of the soil for analysis, and I look forward with interest to his advice after analysis. Gate Mudaliyar A. E. Rajapakse, one of our few proprietary planters resident in the country, has displayed consi…	https://archive.org/details/tropical-agriculturist_1919-08_53_2/page/n29/mode/1up	vol053_iss02_tropical-agriculturist-1919-08-53-2#1919-08#010		
G002	P000011	F. A. Stockdale	corpus_unique	1937	Mr. Stockdale	Assistant Agricultural Adviser of the Colonial Office	### SOIL EROSION\* A VERY interesting address upon the development of tropical countries was delivered at the annual meeting of the Corporation by [[Mr. Stockdale]], the Assistant Agricultural Adviser of the Colonial Office. His observations were of such importance in their bearing upon the future of our tropical and sub-tropical Empire that they should be closely studied by all wh…	https://archive.org/details/dli.ernet.229229/page/n207/mode/1up	vol088_dli-ernet-229229#1937-03#012		
G002	P000011	F. A. Stockdale	article	1919	MR. STOCKDALE	speaker	…ll value. Therefore I have very great pleasure in proposing a hearty vote of thanks and call upon you to signify your approval in a hearty manner. The students replied with a cheer and MRS. VAUGHAN expressed her thanks. [[MR. STOCKDALE]] in proposing a vote of thanks to the Chair and to the other speakers said: I have to thank MR. WRIGHT for acting as a stopgap and doing it in an excellent manner. I have also to thank the other speakers for their advice…	https://archive.org/details/tropical-agriculturist_1919-07_53_1/page/n24/mode/1up	vol053_iss01_tropical-agriculturist-1919-07-53-1#1919-07#013		
G002	P000011	F. A. Stockdale	norm	1924	The Hon. Mr. F. A. Stockdale	Director of Agriculture	## BOARD OF AGRICULTURE. *Minutes of a Meeting of the Board of Agriculture held at the Legislative Council Chamber, at 12 noon on Wednesday, November 21st, 1923.* HIS EXCELLENCY THE GOVERNOR presided. *Present.*—[[The Hon. Mr. F. A. Stockdale]], Director of Agriculture; the Hon. Mr. W. L. Kindersley, Government Agent, Central Province, Kandy; Sir Solomon Dias Bandaranaike; the Hon. Sir Marcus Fernando; the Hon. Mr. H. L. De Mel; the Hon. Mr. T. B. Panabokke; D…	https://archive.org/details/lbg.630.5.tag.v.62/page/n36/mode/1up	vol062_lbg-630-5-tag-v-62#1924-01#012		
G003	P000013	John Ferguson	corpus_dominant	1914	FERGUSON	author of Coconut Planters' Manual	…try has attained has resulted in the issue of a number of works dealing with the cultivation of the palm; and more are promised. The Society's library at present contains the following volumes:—Coconut Planters' Manual ([[FERGUSON]]), The Consols of the East (HAMEL SMITH & PAPE), All about Coconuts (BELFORT & HOYER), The Cultivation of Coconuts (Anonymous). The Low-Country Products Association is to be congratulated on the happy idea of a coconut c…	https://archive.org/details/lbg.tropicalagricultvol.xliii0000unse_c5y3/page/n300/mode/1up	vol043_lbg-tropicalagricultvol-xliii0000unse-c5y3#1914-10#008		
G003	P000013	John Ferguson	article	1897	Mr. Ferguson	Recipient of letter	… first in the “sixties” on the Borders Estate, Matale, and we are tempted to quote from a letter written after retirement with reminiscences of his Ceylon days:— “Myddleton House, Monmouth, England 19th June 1894. “Dear [[Mr. Ferguson]],—The last time I saw you was in your office in Colombo in July 1889, when I called to wish you goodbye on the eve of my leaving for the old country after an *unbroken residence in Ceylon of 43 years*. And here I am now …	https://archive.org/details/tropicalagricult1718ceyl/page/n100/mode/1up	vol017_tropicalagricult1718ceyl#1897-08#001		
G003	P000013	John Ferguson	norm	1909	the Hon. Mr. J. Ferguson	author/lecturer	…, or leaders in each case:— Recent researches into the cause of infertility in Soils (C. Driberg). Castration of Cattle (G. W. Sturgess). Possibilities before the Agricultural Society: its Board and Branch Associations ([[the Hon. Mr. J. Ferguson]]). Improvement in cultivation, and the curing of tobacco for foreign markets (Dr. J. C. Willis). Introduction of Agricultural Instruction into the curriculum of Rural Schools (the Hon. Mr. Obeyesekere). Plant Breeding an…	https://archive.org/details/tropicalagricul331909ceyl/page/n65/mode/1up	vol033_tropicalagricul331909ceyl#1909-07#028		
G003	P000013	John Ferguson	explicit	1917	MR. JOHN FERGUSON	Founder of The Tropical Agriculturist	… | | 1/8 a 1/10 | | | | | | | | | | | | | | 5d | | | | | | | | | | Registered as a Newspaper in Ceylon. VOL. **XLVIII.** IMP. BUR. 3-MAR.1917 ENTOM. No. 1. *The* # **Tropical Agriculturist** (Founded in 1881 by the late [[MR. JOHN FERGUSON]], C.M.G., F.R.A.S., F.R.C.I.) **Journal of the CEYLON AGRICULTURAL SOCIETY** ![Emblem of the Ceylon Agricultural Society. It features a central shield with a palm tree growing on a hill, a sun, and a body of water. Above…	https://archive.org/details/tropical-agriculturist_1917-06_48_6/page/n63/mode/1up	vol048_iss06_tropical-agriculturist-1917-06-48-6#1917-06#035		
G004	P000018	G. W. Sturgess	corpus_dominant	1906	Sturgess	Government Veterinary Surgeon	…cy the Governor presided. There were present the Hon'ble Messrs. H. L. Crawford, C. T. D. Vigors, P. Arunachalam, S. C. Obeyesekere and Francis Beven, Doctors H. M. Fernando and J. C. Willis, Messrs. Lushington, Gibbon, [[Sturgess]], Herbert Wright, C. Driberg, Strickland and W. Dunuville, the Maha Mudaliyar and the Secretary. *As Visitors:*—Messrs. J. Whitehead, E. S. W. Senathi Rajah, Walter de Soysa, L. Vaid, W. H. de Silva, Doctors Banaarjee, S…	https://archive.org/details/tropicalagricul271906ceyl/page/n136/mode/1up	vol027_tropicalagricul271906ceyl#1906-07#043		
G004	P000018	G. W. Sturgess	corpus_unique	1930	Mr. Sturgess	speaker in discussion	(surface not found in text)	https://archive.org/details/dli.ernet.229223/page/n836/mode/1up	vol074_dli-ernet-229223#1930-12#007		
G004	P000018	G. W. Sturgess	article	1928	Mr. Sturgess	Chief Veterinary Officer	…to see the same type of healthy and well-fed animals that one finds there. I do feel that something more might be done than has been done in the past. The difficulty ought not to deter us from overcoming it. I know that [[Mr. Sturgess]], the chief Veterinary Officer, is very anxious that this question should be dealt with in some manner, but naturally, he has not a patent remedy to remove all the difficulties confronting the problem. To solve the diffi…	https://archive.org/details/dli.ernet.229220/page/n288/mode/1up	vol070_dli-ernet-229220#1928-05#004		
G004	P000018	G. W. Sturgess	norm	1928	G. W. STURGESS, M.R.C.V.S.,	Government Veterinary Surgeon	# Memorandum on Work of the Veterinary Department, Ceylon. **[[G. W. STURGESS, M.R.C.V.S.,]]** *Government Veterinary Surgeon.* **T**HE Veterinary work is carried out by the staff of the Veterinary Department, consisting of two European Veterinary Surgeons, 12 Graduates of the Indian Veterinary Colleges, and 15…	https://archive.org/details/dli.ernet.229220/page/n180/mode/1up	vol070_dli-ernet-229220#1928-03#009		
G005	P000043	G. A. Talbot	corpus_dominant	1897	Talbot	co-director	… or very nearly all, apply Cake, Bone-dust, and Nitrates to a greater or less extent. I don't suppose much harm is being done, but cannot see where the profit comes in at present prices. Rutherford and his co-directors. [[Talbot]] and others agree with me, that powerful chemical manures are better avoided. PROPRIETOR. XXXIII. DEAR SIR,—1. Manuring is increasing; but has not yet become general either in old or new districts. 2. As a rule few cattl…	https://archive.org/details/tropicalagricult1618ceyl/page/n587/mode/1up	vol016_tropicalagricult1618ceyl#1897-02#108		
G005	P000043	G. A. Talbot	corpus_unique	1925	Mr. Talbot	owner of Kakonde Estate	… the information of readers. Apart from amateur efforts on a small scale the only large scale operations being conducted, besides Brooke Bond's, is at Kericho where a large company are at work, and the Kakonde Estate of [[Mr. Talbot]] in Uganda. Large scale operations require large capital because of the machinery required for manufacturing the tea, but plantations on a scale of 20 to 40 acres are quite possible to operate at a profit. It is some two…	https://archive.org/details/lbg.630.5.tag.v.64/page/n13/mode/1up	vol064_lbg-630-5-tag-v-64#1925-01#004		
G005	P000043	G. A. Talbot	article	1892	Mr. Talbot	planter, director	…states but with every detail of the company's business, and therefore, I am sure, it is a satisfaction to you to know that in having him as our managing director that the business of the company will be well managed. In [[Mr. Talbot]], also, who is known far and wide in Ceylon as a recognised planter of great ability and business capacity, we have a guarantee that the business will be carried on in Ceylon with that marked success that has attended it…	https://archive.org/details/tropicalagricult1218ceyl/page/n35/mode/1up	vol012_tropicalagricult1218ceyl#1892-07#013		
G005	P000043	G. A. Talbot	norm	1900	Mr. TALBOT		… point and wish that cultivators in Ceylon should have all the information possible on it, I asked Sir John Lawes to give me his opinion in writing and he has been good enough to write to me as follows:— "June 28. "DEAR [[Mr. TALBOT]].—My objection to Sulphate of Ammonia does not arise because it is a highly nitrogenous and soluble manure, but because it removed lime from the soil and I understand that the Ceylon Soils are rather poor in lime." \* \*…	https://archive.org/details/tropicalagricult2019ceyl/page/n149/mode/1up	vol020_tropicalagricult2019ceyl#1900-08#083		
G006	P000052	W. Ferguson	article	1892	Mr. Ferguson	Superintendent, Railway Fuel Supply	…l Mr. J. St. L. Hansard was deputed to Mirigama to report on and make enumeration surveys in the forests set apart for the railway fuel supply. After a stay of about three months he was permitted to exchange duties with [[Mr. Ferguson]], who carried on the work until he took over the duties of Superintendent, Railway Fuel Supply, at the end of November. The work is not yet completed, but enough has been done to show that the forests have been cut into …	https://archive.org/details/tropicalagricult1218ceyl/page/n322/mode/1up	vol012_tropicalagricult1218ceyl#1892-11#001		
G006	P000052	W. Ferguson	norm	1883	Mr. Ferguson	Inspector of state forests	…er tree called *Catalpa speciosa*. The Ministers of Lands and Agriculture moved in the matter, with a view to procuring information, and have received reports from Mr. Guilfoyle, the director of the Botanic-gardens, and [[Mr. Ferguson]], inspector of state forests. Mr. Guilfoyle reports on the 27th November, 1882, that the tree is said by many horticulturists and botanists in America, where it is indigenous, to be one of the most valuable timber trees …	https://archive.org/details/tropicalagricult18821883colo/page/n889/mode/1up	vol002_tropicalagricult18821883colo#1883-05#032		
G006	P000052	W. Ferguson	explicit	1894	Mr. Wm. Ferguson		…n the Gardens altogether, the attack being led by Mr. Andrew Nicol. We cannot find that Dr. Thwaites wrote anything about it; but the Gardens were powerfully backed by Prof. Lindley and others in London and by the late ([[Mr. Wm. Ferguson]] in the *Ceylon Observer*). It is interesting now to find that so early as 1860, *Teaseed* was advertised for sale at Peradeniya from a small plantation made there in 1845, and Dr. Thwaites was even then—34 years ago—adv…	https://archive.org/details/tropicalagricult1418ceyl/page/n98/mode/1up	vol014_tropicalagricult1418ceyl#1894-08#001		
G006	P000052	W. Ferguson	explicit	1895	Mr. William Ferguson	author of Ceylon Timber Trees	…errima*) to the latter. All the trees mentioned except *Bruguiera parviflora* and *Ceriops Roxburghiana* are indigenous to the island. Referring to the genera "Rhizophora," "Bruguiera," "Kunilla" and "Ceriops," the late [[Mr. William Ferguson]], in his "Ceylon Timber Trees," remarks that they "form the chief plants composing the "Mangroves" which affect the sides of the salt marshes all round the island. The timber of some is used in common house-building, and…	https://archive.org/details/tropicalagricult1418ceyl/page/n830/mode/1up	vol014_tropicalagricult1418ceyl#1895-05#169		
G007	P000054	J. E. Taylor	corpus_dominant	1883	Mr. Taylor	planter	…matically leave a sufficiency of leaf-surface on the shoots that are yielding us our flushes. In plucking as in pruning, Mr. Armstrong and I are advocating no new system, we are simply maintaining the one which we, with [[Mr. Taylor]] and others, have always consistently followed, and on which have attended results which, as a permanency, will be yielded by no other in India or Ceylon. There is another point in which some difference of opinion appear…	https://archive.org/details/tropicalagricult18831884colo/page/n290/mode/1up	vol003_tropicalagricult18831884colo#1883-10#065		
G007	P000054	J. E. Taylor	article	1882	Mr. Taylor	trainer of Mr. Trail	… of failure as have been observed to be the case in clearings twice planted in some other districts. Mr. Trail, to whose care and intelligence the success of Frotoft is so largely due, was trained in a good school under [[Mr. Taylor]] of Loocondera, and he had the advantage of watching the profitable result of the first experiments made by Messrs. Keir, Dandas & Co., when, from 15 acres on Stellenberg alone, no less than £6,000 worth of bark was take…	https://archive.org/details/tropicalagricult1188ceyl/page/n770/mode/1up	vol001_tropicalagricult1188ceyl#1882-03#001		
G007	P000054	J. E. Taylor	norm	1890	Mr. Taylor	planter	…errulata* by Royle in his Botany of the Himalayas, and that is the name that should be adopted. It grows wild only in the N.-W. Himalaya, and I think the first trees seen in Ceylon were those on Looiccondura obtained by [[Mr. Taylor]]. Ours in the Gardens came from that source, but I do not know whence Taylor got them. The seeds have the large wing at one end only. I fancy the seed of the “white” kind (true *Cedrela Toona*) has the wing at both ends;…	https://archive.org/details/tropicalagricult9188ceyl/page/n870/mode/1up	vol009_tropicalagricult9188ceyl#1890-06#057		
G007	P000054	J. E. Taylor	explicit	1890	Dr. J. E. Taylor	Editor of "Science Gossip"	(surface not found in text)	https://archive.org/details/tropicalagricult1018ceyl/page/n488/mode/1up	vol010_tropicalagricult1018ceyl#1890-12#144		
G008	P000057	R. V. Norris	corpus_dominant	1934	Norris	writer cited	…es the average loss in phosphorus pentoxide was 0.25 per cent. Presumably the vitamin content of these rices was similarly reduced. They further state— Previous writers, including Schüffner and Kuenen and McCarrison and [[Norris]], have shown that prolonged washing or soaking of the rice, prior to cooking, extracts and removes a considerable portion of its vitamin, and that an originally beriberi-preventing rice may be thus converted into a berib…	https://archive.org/details/dli.ernet.229227/page/n40/mode/1up	vol082_dli-ernet-229227#1934-01#009		
G008	P000057	R. V. Norris	article	1936	Dr. Norris		…rposes, however, such as the removal of thick grass, the use of an iron implement of some description is essential, and legislation might lead to difficulties if the definition of a “scraper” covered a very wide field.” [[Dr. Norris]] stated that he would like to enlarge slightly on the reply he sent to the Board as an expression of the views of the Tea Research Institute. The view that they had consistently expressed in regard to soil erosion was th…	https://archive.org/details/dli.ernet.229228/page/n739/mode/1up	vol086_dli-ernet-229228#1936-11#012		
G008	P000057	R. V. Norris	explicit	1931	Dr. R. V. Norris	Director, Tea Research Institute	…nayake, Mr. A. G. Baynham, Mr. F. F. Roe, Maj. H. Scoble Nicholson, Messrs. J. D. Finch Noyes, G. R. Whitby, John Horsfall, Jas. Forbes (Jnr.), T. B. Panabokke, R. R. Muras (Acting Assistant Secretary) and by invitation [[Dr. R. V. Norris]] (Director, Tea Research Institute). Letters regretting inability to be present at the meeting were received from the Colonial Treasurer and the Director of Agriculture. ### FINANCE Referring to the accounts to the end o…	https://archive.org/details/dli.ernet.229225/page/n138/mode/1up	vol076_dli-ernet-229225#1931-02#015		
G008	P000057	R. V. Norris	explicit	1944	Mr. R. V. Norris	speaker on green manure	…was in the form of powder. What the villagers object to was the night soil. So far they have not been able to get over that objection. They have been offered a certain quantity free, but the villagers would not take it. [[Mr. R. V. Norris]] said that there was nothing mentioned in Mr. Dias's proposal about green manure. Continuing he remarked that in Ceylon one does not see green manure applied in large quantities as in India. Surely there must be large ar…	https://archive.org/details/tropical-agriculturist_january-march-1944_100_1/page/n47/mode/1up	vol100_iss01_tropical-agriculturist-january-march-1944-100-1#1944-01/03#013		
G009	P000079	J. H. Hart	corpus_dominant	1913	HART		…nce. It is stated that the beans do not possess a first-class colour, and that for the first two crops a good aroma is lacking. DR. WILDEMAN affirms that the flavour recalls that of Liberian coffee, but with less aroma. [[HART]] compared Robusta coffee of Costa Rica and the East Indies; while, according to CRAMER, the quality of well-prepared Robusta coffee is approximately that of middling Arabian coffee. The beans possess a bluish green colou…	https://archive.org/details/lbg.vol.xli.tropicalagricult0000dewi_t3r5/page/n372/mode/1up	vol041_lbg-vol-xli-tropicalagricult0000dewi-t3r5#1913-10#083		
G009	P000079	J. H. Hart	article	1931	Hart	author cited	… be complete without a description of these practices. The plants used for temporary shade for young cacao are many and various. Wright | (34) | mentions that in Java *Erythrina* and *Manihot* (Cassava) are recommended. [[Hart]] | (18) | , writing of the West Indies, says that the following plants are commonly used: *Zea mais* (Indian Corn), *Cajanus cajan* (Pigeon pea), *Ricinus communis* (the castor oil plant), *Manihot utilisissima* (Cassava…	https://archive.org/details/tdl.34003-the-tropical-agriculturist-the-agricultural-journal-of-ceylon/page/n205/mode/1up	vol077_tdl-34003-the-tropical-agriculturist-the-agricultural-journa#1931-10#002		
G009	P000079	J. H. Hart	norm	1892	Mr. Hart	botanist	…t, economic plant? Is it indigenous, or was it introduced by human agency? Upon this point I have arrived at a conclusion which I am prepared to maintain against Dr. Perrine, Dr. Schott, Dr. Parry, Mr. Prestoe, and even [[Mr. Hart]]. I think it is a matter of considerable importance when it is probable that the Revenue of those Islands may be doubled or trebled within the next few years, and hundreds of persons may be enriched by this valuable plan…	https://archive.org/details/tropicalagricult1218ceyl/page/n246/mode/1up	vol012_tropicalagricult1218ceyl#1892-09#106		
G009	P000079	J. H. Hart	explicit	1908	J. H. Hart	Superintendent, Royal Botanic Gardens, Trinidad	(surface not found in text)	https://archive.org/details/tropicalagricul311908ceyl/page/n15/mode/1up	vol031_tropicalagricul311908ceyl#1908-07#002		
G010	P000106	J. S. Gamble	corpus_dominant	1902	Mr. Gamble	of Dehra Dun	…showed 19.20 per cent tannin. The tannin in the dry bark was found by Mr. Hooper to be 21.10 and by Prof. Dunstan 23.54. A sample of extract from the first mentioned showed 53.5 tannin and (from dry bark) 62.1 per cent. [[Mr. Gamble]] of Dehra Dun writes that in practice the barks of *C. Candolleana* and *C. Roxburghiana* could probably be used indiscriminately. *Kandelia Rheedi.*—The bark of this tree was found to contain by Prof. Dunstan 11.99 tann…	https://archive.org/details/tropicalagricult2219ceyl/page/n309/mode/1up	vol022_tropicalagricult2219ceyl#1902-10#141		
G010	P000106	J. S. Gamble	corpus_unique	1924	Gamble	botanist	…ll-known hill cherry brandy." The heartwood is reddish and beautifully mottled; it has a weight of 44 lb. per cubic foot. It is used for making walking sticks and pipe stems, and occasionally for building and furniture. [[Gamble]] remarks, "It deserves to be better known and to be more extensively used, as, at any rate in Sikkim, it is common and reaches a large size." At the beginning of the last century, many plants were introduced into Ceylon …	https://archive.org/details/lbg.630.5.tag.v.63/page/n161/mode/1up	vol063_lbg-630-5-tag-v-63#1924-10#007		
G010	P000106	J. S. Gamble	article	1883	Mr. Gamble	author	… every species was represented by several specimens grown in various portions of those territories under various conditions of soil, climate and locality. A well-organized workshop was at hand, superintended directly by [[Mr. Gamble]], assisted by Mr. Smythies, and during part of the time, also, by Dr. Warth, both of whom were specially deputed to aid Mr. Gamble. And last but not least, Dr. Brandis, the FATHER OF INDIAN FORESTRY, was there present wi…	https://archive.org/details/tropicalagricult18831884colo/page/n352/mode/1up	vol003_tropicalagricult18831884colo#1883-11#052		
G010	P000106	J. S. Gamble	explicit	1902	Mr. J. S. Gamble	Assistant to the Inspector-General of Forests	…and afterwards at more leisure in Simla, the examination of the different woods and their description was made by a committee which consisted of— - “1. Dr. D. Brandis, F.R.S., C.I.E., Inspector-General of Forests. - “2. [[Mr. J. S. Gamble]], M.A., Assistant to the Inspector-General of Forests. - “3. Mr. A. Smythies, B.A., Assistant Conservator of Forests, Central Provinces. “The descriptions were usually dictated by Dr. Brandis, and written down by one of …	https://archive.org/details/tropicalagricult2119ceyl/page/n610/mode/1up	vol021_tropicalagricult2119ceyl#1902-03#007		
G011	P000108	Henry Blake	corpus_dominant	1887	Mr. Blake	Governor of the Bahamas	…. An old and valued contributor to this paper, now Governor of the Bahamas, sends to this month's *Fortnightly Review* an excellent description of those islands, and we shall be surprised if the varied allurements which [[Mr. Blake]] holds out do not cause some of his friends to go over and pay him a visit. Among other things he describes the sponge fishery. "From October to July the sponging season is in full swing. There are over five thousand men…	https://archive.org/details/tropicalagricult18861887colo/page/n733/mode/1up	vol006_tropicalagricult18861887colo#1887-05#006		
G011	P000108	Henry Blake	corpus_unique	1941	Governor Blake	Governor of Ceylon	… eyes of those interested in plantation agriculture. Indeed, published reports and other documents would indicate that but for the rising and resurgent interest in village agriculture early in the 20th century (in which [[Governor Blake]] and Mr. John Ferguson, C.M.G., played a prominent part among Europeans) the establishment of a separate department would have been much longer delayed. 1899 brought agitation to a head and a commission was appointed "to…	https://archive.org/details/tropical-agriculturist_1941-09_97_3/page/n34/mode/1up	vol097_iss03_tropical-agriculturist-1941-09-97-3#1941-09#010		
G011	P000108	Henry Blake	explicit	1908	Sir Henry Blake	correspondent	…disapproved of the enhanced rate, and 11 owing to their inability to pay the higher subscription. The total resignations attributable directly or indirectly to the raising of the subscription was 96. *Communication from [[Sir Henry Blake]].*—The Secretary has received a letter from Sir Henry Blake forwarding the last report of the Jamaica Agricultural Society, and expressing it as his opinion that "School Gardens and Agricultural Instructors are the two m…	https://archive.org/details/tropicalagricul301908ceyl/page/n183/mode/1up	vol030_tropicalagricul301908ceyl#1908-02#036		
G011	P000108	Henry Blake	explicit	1902	Sir Henry Blake	recipient of grapes	…of one year, it was never without fruit in all stages for the next eighteen months. At one time it had on over a hundred large bunches. I had the pleasure of sending one to the Director of Public Gardens, and another to [[Sir Henry Blake]]. The former sent me a very complimentary letter, and the latter took his to Montego Bay and exhibited it in the Court House there. During the year just passed this vine has excelled all its previous records. On the 2nd …	https://archive.org/details/tropicalagricult2219ceyl/page/n248/mode/1up	vol022_tropicalagricult2219ceyl#1902-10#006		
G012	P000124	J. N. Campbell	corpus_dominant	1903	Hon. Mr. CAMPBELL		…of the resolution. (Applause.) The resolution was put and carried *nem con*. The CHAIRMAN:—Before going further I might ask when this new regulation is to come into force. Mr. DRURY:—I would suggest first sale in April. [[Hon. Mr. CAMPBELL]]:—Is that the first of April? (Laughter.) The CHAIRMAN:—These regulations will be printed as conditions of sale, I suppose. Mr. DRURY:—Yes.	https://archive.org/details/tropicalagricult2219ceyl/page/n701/mode/1up	vol022_tropicalagricult2219ceyl#1903-04#036		
G012	P000124	J. N. Campbell	corpus_honorific	1898	Hon. Mr. Campbell	chairman of the Planters' Association, Member in the Legislative Council	… better estates than we have; but I make bold to say that there is not a company—and I have a knowledge of a good few—that is better managed than the Anglo-Ceylon and General Estates Company. (Applause.) You have in the [[Hon. Mr. Campbell]], perhaps, without exaggeration, the best man that you could have, or that could be got in Ceylon. As a proof of that, and of the view the planters take of him, they have elected him to be the chairman of the Planters' A…	https://archive.org/details/tropicalagricult1818ceyl/page/n229/mode/1up	vol018_tropicalagricult1818ceyl#1898-09#134		
G012	P000124	J. N. Campbell	article	1903	Mr CAMPBELL	mover of resolution	…ought—he was subject to correction by the mover of the resolution—was intended only to apply to breaks of 1,000 lb. and over. Mr. ADAMS—signified that that was so. The CHAIRMAN proceeding said the amendment suggested by [[Mr CAMPBELL]] and seconded by Mr WEBB would read:— “That in view of the increased number of buyers and the demand for extra samples for foreign markets, it is desirable that the sampling allowance for big breaks be increased from 3 l…	https://archive.org/details/tropicalagricult2219ceyl/page/n695/mode/1up	vol022_tropicalagricult2219ceyl#1903-04#035		
G012	P000124	J. N. Campbell	norm	1906	the Hon. Mr. J N Campbell	Director	## THE CEYLON PLANTERS' RUBBER SYNDICATE, LTD. **DIRECTORS.**—Mr. E Hamilton, Mr. A H Dunsmure, [[the Hon. Mr. J N Campbell]], Mr. W P Halliday, Mr. F L Clements. **Secretaries.**—Messrs. Cumberbatch & Co. ### ACREAGE. The acreage of the Syndicate's property is as follows:— | | | | Rubber under 5 years | | 325 acres. | | | | | | " 4 " | | 77 "…	https://archive.org/details/tropicalagricul261906ceyl/page/n490/mode/1up	vol026_tropicalagricul261906ceyl#1906-05#116		
G013	P000150	Dietrich Brandis	corpus_unique	1887	Dr. Brandis		…s that it is a characteristic of the bamboo that all the produce of the same seed will run to seed and die in the same season without reference to the season in which they may have been transplanted from original stock. [[Dr. Brandis]] seems to confirm this in his *Forest Flora*, and says isolated clumps may be met occasionally; "but, as a rule, all clumps in one district come into flower simultaneously, a few clumps flowering in the previous and some…	https://archive.org/details/tropicalagricult18861887colo/page/n625/mode/1up	vol006_tropicalagricult18861887colo#1887-03#065		
G013	P000150	Dietrich Brandis	article	1900	Brandis	pioneer of the department	…urt of Directors of the East India Company that, within a few years, regular forest establishments were sanctioned for Madras and British Burma, the two main sources of the supply of teak, In 1856 Mr. (now Sir Dietrich) [[Brandis]] was appointed to the care of the forest of the latter province. These forests had been the object of spasmodic efforts in conservancy for many years previously. In 1827 Dr. Wallich reported on the teak forests, and five…	https://archive.org/details/tropicalagricult1918ceyl/page/n828/mode/1up	vol019_tropicalagricult1918ceyl#1900-06#001		
G013	P000150	Dietrich Brandis	explicit	1889	Sir Dietrich Brandis	Inspector-General of Forests	… situated and surrounded by gardens, is found the Forest School, of which we wish to convey some idea to our readers. The School was first started, in 1878, by the exertions of the then Inspector-General of Forests, now [[Sir Dietrich Brandis]], K.C.I.E., and the first Director was Lieut.-Colonel F. Bailey, of the Royal Engineers. At present the Director is Mr. W. R. Fisher, B.A. of Cambridge University, who is assisted by a Professor of Forestry, Mr. E. E. Fe…	https://archive.org/details/tropicalagricult9188ceyl/page/n134/mode/1up	vol009_tropicalagricult9188ceyl#1889-08#033		
G013	P000150	Dietrich Brandis	explicit	1904	Sir Dietrich Brandis	Instituted the system of training young Englishmen in Forest schools	…as it does 208,000 square miles of forest lands, or more than one-fifth of the area of our Indian Empire, and administering a revenue of nearly two crores of rupees, with a staff of upwards of 15,000 men to do its work. [[Sir Dietrich Brandis]], to whose self-sacrificing zeal and wise foresight the Indian Forest Service owes so much, from the very first clearly recognised the importance of employing specially trained men as Forest Officers, and in 1866 institu…	https://archive.org/details/tropicalagricult2319ceyl/page/n552/mode/1up	vol023_tropicalagricult2319ceyl#1904-02#007		
G014	P000153	J. Mccombie Murray	corpus_dominant	1888	Murray	explorer	…ht, and in favourable situations attains 200 feet. It will probably do well on the hills in Jamaica. Although called a Cypress, it is in fact an Arbor-Vitae. LAW-ON'S CYPRESS (*Thuja Lawsoniana* B. & H.) is described by [[Murray]] as the handsomest tree seen by him in his expedition in N. America, the baby being most graceful, with the branches at first curved upwards, as in the Spruce, and towards the ends hanging down like an Ostrich feather; t…	https://archive.org/details/tropicalagricult7188ceyl/page/n860/mode/1up	vol007_tropicalagricult7188ceyl#1888-06#072		
G014	P000153	J. Mccombie Murray	corpus_honorific	1895	Dr. Murray	author of a Dictionary	…y J. Berchoux, published in 1810, I find the following lines (with reference to a clown):— "After strolling around, to his cottage restored, As great he's become, if as drunk as a lord!" I make a present of the above to [[Dr. Murray]] for his great Dictionary, as an early instance of the phrase *as drunk as a lord*. In the same poem are two other lines, which will be of more interest to Ceylon readers:— You of cinnamon know, though so varied its use …	https://archive.org/details/tropicalagricult1418ceyl/page/n598/mode/1up	vol014_tropicalagricult1418ceyl#1895-02#106		
G014	P000153	J. Mccombie Murray	article	1896	Mr. Murray	author, planter	…m, but you should *fatten* the bait so he can tempt the fish. Let me illustrate. Mr. May made a remark which I thought was rather a reflection upon the planters, and really called for, although, said very incidentally. "[[Mr. Murray]], don't you think I have shown a good deal of the interest in Ceylon, as a stranger, and pulled the same purse strings of my friends pretty freely in the interest! And yet I have never received a vote of thanks for anyth…	https://archive.org/details/tropicalagricult1518ceyl/page/n800/mode/1up	vol015_tropicalagricult1518ceyl#1896-05#082		
G014	P000153	J. Mccombie Murray	explicit	1915	SIR JAMES MURRAY	eminent lexicographer	## NAMES OF TROPICAL ECONOMIC PLANTS. A writer in a recent issue of the KEW BULLETIN, referring to the death of the eminent lexicographer, [[SIR JAMES MURRAY]], remarks that though primarily a philologist he was deeply interested in zoology, geology and botany. In the course of a sketch of MURRAY's life which the writer gives we find some interesting references to the names of…	https://archive.org/details/lbg.630.5.tag.v.45/page/n389/mode/1up	vol045_lbg-630-5-tag-v-45#1915-11#046		
G015	P000157	Clements Markham	corpus_dominant	1892	Markham		…record that the Countess of Chinchón, wife of a Viceroy of Peru, was cured of malarious fever by a decoction of that "Peruvian bark" which perpetuates her name in the mutilated form in which Linnaeus wrote it, and which [[Markham]] has chivalrously but vainly striven, although with the aid of the Indian Government, to restore to its proper proportions in the shape of CHINCHONA. Thomas Moore during a visit to Byron in Italy commenced a glowing appr…	https://archive.org/details/tropicalagricult1118ceyl/page/n799/mode/1up	vol011_tropicalagricult1118ceyl#1892-06#006		
G015	P000157	Clements Markham	corpus_unique	1912	Markham		…a—but both failed. Then the Dutch Government in 1852 sent Hasskarl to South America and he was brought to Batavia on a Dutch warship with a precious cargo of 21 cases of young plants. The British Government in 1858 sent [[Markham]] to Bolivia and South Peru, and he had to get his living plants down to the coast by stratagem. Spruce, Cross and Pritchett made supplemental expeditions. In 1865 an Englishman, C. Ledger, obtained from an Indian a packe…	https://archive.org/details/tropicalagricul391912ceyl/page/n107/mode/1up	vol039_tropicalagricul391912ceyl#1912-07#044		
G015	P000157	Clements Markham	article	1881	Mr. Markham		#### Copy of Letter from [[Mr. Markham]]. "The object of introducing cinchona cultivation into India was to bring the febrifuge within reach of the masses of the people. It was right to sell the bark until all the capital outlay, with interest, had been recove…	https://archive.org/details/tropicalagricult1188ceyl/page/n63/mode/1up	vol001_tropicalagricult1188ceyl#1881-06#076		
G015	P000157	Clements Markham	norm	1894	Markham	cinchona pioneer	…tist, whose name will ever remain linked with those of the other pioneers of the greatest achievement of this century in the domain of practical economic culture of medicinal plants. Dr. Spruce, with his fellow-workers, [[Markham]], Ledger and Cross, belonged to that band of men of various nationalities, embracing, as representatives of Britain, Dr. Royle and John Elliot Howard, of Holland, Mr. Teysmann and Dr. de Vry; of France; Dr. Weddell; and …	https://archive.org/details/tropicalagricult1318ceyl/page/n641/mode/1up	vol013_tropicalagricult1318ceyl#1894-03#037		
G016	P000180	C. H. Collins	corpus_dominant	1936	Mr. Collins	Acting for Mr. Huxham	…eld on the 21st September and 26th October, 1935, were confirmed. ### 3. MEMBERS OF THE BOARD OF THE T.R.I. The Chairman welcomed the Hon'ble Mr. H. J. Huxham on his return from furlough and recorded a vote of thanks to [[Mr. Collins]] for his services while acting for Mr. Huxham. The Chairman also extended a welcome to Mr. C. E. Hawes and thanked him for having agreed to act during the short period of Mr. I. L. Cameron's absence as from the 19th Octo…	https://archive.org/details/dli.ernet.229228/page/n62/mode/1up	vol086_dli-ernet-229228#1936-01#017		
G016	P000180	C. H. Collins	article	1936	Mr. Collins	Board member	…for having the area isolated from growing coconuts, so that palms grown from selected nuts should not be cross-fertilized ; and he thought that Mr. Samarakoddy might be able to suggest an area in the Narammala district. [[Mr. Collins]] was against going too far afield ; the Rubber Research Scheme had encountered difficulties in running stations situated at a distance from each other and were now adopting a policy of centralization. Dr. Child agreed th…	https://archive.org/details/tropical-agriculturist_1936-12_87/page/n63/mode/1up	vol087_tropical-agriculturist-1936-12-87#1936-12#012		
G016	P000180	C. H. Collins	explicit	1936	C. H. Collins	Treasury Representative	…rty-third meeting of the Board of Management held in Room No. 202, New Secretariat, Colombo, at 2 p.m. on Thursday, July 23, 1936. *Present.*—Mr. E. Rodrigo, C.C.S., Acting Director of Agriculture, in the chair, Messrs. [[C. H. Collins]], C.C.S., Treasury Representative, G. Panditsekere, J.P., U.P.M., Wace de Niese, Gate Mudaliyar A. E. Rajapakse, M.S.C., Mr. Austin Ekanayake, Dr. H. M. Peries, Mr. D. D. Karunaratne, J.P., Mr. O. B. M. Cheyne and Mr. W.…	https://archive.org/details/tropical-agriculturist_1936-09_87/page/n67/mode/1up	vol087_tropical-agriculturist-1936-09-87#1936-09#009		
G016	P000180	C. H. Collins	explicit	1941	Mr. C. H. Collins	former officer	….C.S., Deputy Financial Secretary, who had been deputed by the Financial Secretary to represent him on the Board with effect from December 7, 1940. The Chairman referred to the valuable services rendered to the Board by [[Mr. C. H. Collins]] during his long period of office and proposed that the Board's appreciation of his services be placed on record. Carried with applause. The Director said he was personally very grateful to Mr. Collins for advice given o…	https://archive.org/details/dli.ernet.229230/page/n174/mode/1up	vol096_dli-ernet-229230#1941-02#012		
G017	P000184	Francis Beven	corpus_dominant	1890	Mr. Beven	counsel for plaintiff	…ad just opened out, and that by reason of the plaintiff's breach of agreement the defendant lost a season for planting whereby he had sustained great loss and damage, to wit damage to the extent of R3,750. At the trial, [[Mr. Beven]] appeared for the plaintiff and Mr. Sproule for the defendant. Mr. Adam, Mr. W. S. Marshall and Mr. Claud Hewat of Kanapediwatte, Gampola, were called in behalf of the plaintiff. The defendant, G. D. Jamieson of Mariawat…	https://archive.org/details/tropicalagricult9188ceyl/page/n621/mode/1up	vol009_tropicalagricult9188ceyl#1890-02#130		
G017	P000184	Francis Beven	article	1891	Mr. BEVEN	speaker	…k with might and main, both by attending meetings and collecting subscriptions from their friends. He concluded by moving a vote of thanks to Mr. Schwann for his efforts in promoting the formation of a Technical School. [[Mr. BEVEN]] in seconding the compliment, said that Mr. Green had rendered very eminent services in connection with the Agricultural School, and it was not his fault that he had been unable to establish a Technical Institute althoug…	https://archive.org/details/tropicalagricult1018ceyl/page/n676/mode/1up	vol010_tropicalagricult1018ceyl#1891-03#045		
G017	P000184	Francis Beven	norm	1906	The Hon'ble Mr. FRANCIS BEVEN	Vice-President	…LLE, Colonial | Treasurer | | Sir WILLIAM TWYNAM, K.C.M.G. | | | | The Hon'ble Mr. JOHN FERGUSON, C.M.G. | | Mr H. T. S. WARD, Director of Irrigation | | | | The Hon'ble Mr. S. C. OBEYESEKERE | | Mr. W. FORSYTHE | | | | [[The Hon'ble Mr. FRANCIS BEVEN]] | | Mr. W. D. GIBBON | | | | | | Mr. C. P. HAYLEY | | | Dr. W. G. ROCKWOOD, M.D. **Members of the Board:** *Ex-Officio.*—Members of the Executive and Legislative Councils The Government Agents of Provinces The Director,…	https://archive.org/details/tropicalagricul271906ceyl/page/n1/mode/1up	vol027_tropicalagricul271906ceyl#1906-07/12#001		
G017	P000184	Francis Beven	explicit	1889	Francis Beven	estate owner	…7 | | | | Anna Mirando and | | | | | | H. Noiya de Silva | | 2 | | 150 | | | | others | | 1 | | 117 | | Pamanis de Silva | | 4 | | 367 | | | | S. R. de Fonseca | | 3 | | 335 | | H. Sayanaris de Silva | | 1 | | 6 | | | | [[Francis Beven]] | | 1 | | 70 | | J. D. Z. Siriwardana | | 2 | | 60 | | | | Arthur J. Fernando, | | | | | | M. A. de Silva Siri- | | | | | | | | brothers and | | | | | | wardana | | 6 | | 50 | | | | sisters..... | | 1 | | 100 | | Hugo P…	https://archive.org/details/tropicalagricult9188ceyl/page/n440/mode/1up	vol009_tropicalagricult9188ceyl#1889-12#050		
G018	P000191	F. F. Street	corpus_dominant	1900	Mr. Street	author of proposal to glaze teas	… work much quicker, they are cheaper than the pan, which, though good enough in former days, is far too slow and expensive to suit present-day planters and present prices. The proposal to glaze our teas, as described by [[Mr. Street]] in a recent issue, is undoubtedly a good one, and should be adopted. It is really a different way of facing the teas, and a much better way, and would doubtless enhance its value in any market; but I think 210° far too …	https://archive.org/details/tropicalagricult2019ceyl/page/n253/mode/1up	vol020_tropicalagricult2019ceyl#1900-10#004		
G018	P000191	F. F. Street	norm	1890	Mr. Street		RUTHERFORD'S AND STREET'S TEA TABLES. Oct. 1st. SIR,—Attention having been called in your columns to the alleged incorrectness of Mr. Rutherford's figures, I have taken the trouble to compare them with those of [[Mr. Street]], and I must confess that I am somewhat mystified as to the manner the calculations have been made: they do not appear to agree with each other at all, and both are at variance with the true equivalents in Ceylon currenc…	https://archive.org/details/tropicalagricult1018ceyl/page/n419/mode/1up	vol010_tropicalagricult1018ceyl#1890-11#116		
G018	P000191	F. F. Street	explicit	1889	F. F. STREET		… but it is only small compared with other kinds, and not sufficient to take off any weight on tea from the London market, already considerably overstocked and certain to be added to in the near future.—Yours very truly, [[F. F. STREET]].	https://archive.org/details/tropicalagricult9188ceyl/page/n69/mode/1up	vol009_tropicalagricult9188ceyl#1889-07#070		
G018	P000191	F. F. Street	explicit	1897	Francis F. Street	Correspondent	…articulars be asked regarding his request for cheques in support of certain debits under Letters of credit issued in favour of Mr. Wm. Mackenzie." Submitted letters from the Treasurer of the Colony. Read letter from Mr. [[Francis F. Street]]. Read letter from Mr. Gordon Frazer. Read letter from the Secretary, Ceylon Chamber of Commerce, intimating that Mr. J. H. Renton had accepted a seat on the "Thirty Committee" in the room of Mr. G. F. Trail, who has lef…	https://archive.org/details/tropicalagricult1618ceyl/page/n493/mode/1up	vol016_tropicalagricult1618ceyl#1897-01#069		
G019	P000200	James Sinclair	corpus_dominant	1883	Mr. SINCLAIR		…irmed Mr. Hay's statement as regards requisite store-room. The tea-house at Abbotsford for 110 acres measured 30×60, and in that all manufacturing processes were carried on, and he could easily wither 2,000 lb. of leaf. [[Mr. SINCLAIR]], who appeared somewhat sceptical about the permanency of tea, asked if the anticipated yield of 400 lb. per acre would be maintained without manure and other members asked questions of the same tenor. In reply, Mr. HAY …	https://archive.org/details/tropicalagricult18831884colo/page/n400/mode/1up	vol003_tropicalagricult18831884colo#1883-12#003		
G019	P000200	James Sinclair	norm	1896	Mr. Sinclair	shareholder, old Ceylon Planter	…ders. The supply of labour on the Company's properties is ample, and full numbers of coolies are always ob- tainable, as this is a favourite part of the country with them, and their comfort has always careful attention. [[Mr. Sinclair]] said he had only to complain of one thing, and that was that he had not been allotted the full number of Shares he had applied for. Being an old Ceylon Planter, and knowing these estates well, he would have liked to hav…	https://archive.org/details/tropicalagricult1618ceyl/page/n444/mode/1up	vol016_tropicalagricult1618ceyl#1896-12#104		
G019	P000200	James Sinclair	explicit	1902	Mr James Sinclair	Director	…expenditure was prudent, but they are satisfied that manuring can now be resumed. The statistical position of the tea industry has become sounder during the year, but the present level of prices is still unsatisfactory. [[Mr James Sinclair]], the Director retiring by rotation, being eligible, offers himself for re-election. Messrs. Boards, Paterson & Co., the Auditors to the Company, retire, and, being eligible, offer themselves for re-election.	https://archive.org/details/tropicalagricult2119ceyl/page/n825/mode/1up	vol021_tropicalagricult2119ceyl#1902-06#032		
G019	P000200	James Sinclair	explicit	1893	James Sinclair		(surface not found in text)	https://archive.org/details/tropicalagricult1318ceyl/page/n206/mode/1up	vol013_tropicalagricult1318ceyl#1893-09#059		
G020	P000209	W. Fawcett	corpus_dominant	1886	Mr. Fawcett	reported results of Palmanér experiment	…l. The yield was only 410 cocoons, and only a very small quantity of silk was reeled off. The results of an experiment made by the Tahsildar of Palmanér, to whom some seed appears to have been supplied, were reported by [[Mr. Fawcett]]. One thousand five hundred and seventy cocoons were obtained, of which 1,460 were reeled, yielding 88 tolas, i.e., about 31 ounces of silk. The worms were very voracious and were fed on mulberry leaves.	https://archive.org/details/tropicalagricult18851886colo/page/n616/mode/1up	vol005_tropicalagricult18851886colo#1886-03#011		
G020	P000209	W. Fawcett	corpus_unique	1882	Mr. Fawcett	named "M. P. for India"	…the suggestion we have thrown out about quinine; as well as to take up the question of Slavery in Brazil and that of Coffee Adulteration. We might then well regard the worthy ex-Lord Mayor as "M. P. FOR CEYLON" (just as [[Mr. Fawcett]] was named "M. P. for India"), and surely never did an ill-used, badly-governed Colony, stand in more need of a Parliamentary Representative.	https://archive.org/details/tropicalagricult1188ceyl/page/n837/mode/1up	vol001_tropicalagricult1188ceyl#1882-03#137		
G020	P000209	W. Fawcett	article	1911	Fawcett		…griculture, Jamaica*, Vol. I., No. 4.) *Preface.*—In the *Bulletin of the Botanical Department* for September, 1902, appeared a reprint of the paper presented to the Agricultural Conference at Barbados in 1902 by Mr. W. [[Fawcett]], B.Sc., F.L.S., then Director of Public Gardens and Plantations, entitled "The Banana Industry in Jamaica." So great have been the demands for this publication that the entire edition has been exhausted, and it appears …	https://archive.org/details/tropicalagricul371911ceyl/page/n33/mode/1up	vol037_tropicalagricul371911ceyl#1911-07#009		
G020	P000209	W. Fawcett	norm	1899	Mr. FAWCETT		[[Mr. FAWCETT]] to Mr. DRIEBERG. Hope Gardens, Kingston, P. O., Jamaica, August 30, 1898. DEAR SIR,—I Regret to say that at present there is no established trade in banana meal or banana flour. Efforts are continually being made howeve…	https://archive.org/details/tropicalagricult1818ceyl/page/n631/mode/1up	vol018_tropicalagricult1818ceyl#1899-03#006		
G021	P000201	A. D. Hall	corpus_dominant	1915	HALL	author cited regarding agricultural science	… plant food present is in the form that the crop requires for its use. The only way to find this out is by actually growing the crop upon the soil. This, of course, is very far from stating the whole of the case for, as [[HALL]] has truly said,\* agricultural science involves some of the most complex and difficult problems the world is ever likely to have to solve. We can to a great extent determine the materials with which Nature's great labor…	https://archive.org/details/lbg.tropicalagricultvol.xliv0000unse_e6v7/page/n224/mode/1up	vol044_lbg-tropicalagricultvol-xliv0000unse-e6v7#1915-04#001		
G021	P000201	A. D. Hall	article	1909	Mr. Hall		… The paper is too long for reproduction here, and a brief summary only can be given; but this may serve to draw attention to a valuable contribution to the science of Agriculture. Commencing, as is natural, with Liebig, [[Mr. Hall]] neatly re-states the German chemist's theory of the action of manures thus :—"The proper fertilizer for any particular crop must contain the amounts of nitrogen, phosphoric acid, potash, and other constituents which are…	https://archive.org/details/tropicalagricul331909ceyl/page/n56/mode/1up	vol033_tropicalagricul331909ceyl#1909-07#025		
G021	P000201	A. D. Hall	norm	1935	HALL, A. D.	author	…BOUSSINGAULT, J. B.—Economie Rurale considérée dans ses Rapports avec la Chimie, la Physique, et la Meteorologie, 2nd. Edit., Paris, 1851. 3. 3. BOUSSINGAULT, J. B.—Annales de Chimie et Physique, 1841, **3**, 208. 4. 4. [[HALL, A. D.]]—The Book of the Rothamsted Experiments, 2nd., Edit., London, 1917. 5. 5. GILBERT, J. H.—Memoranda of the Origin, Plan, and Results of the Field and other Experiments, etc., 1898. 6. 6. LAWES, J. B.—J. Roy. Agric. Soc., …	https://archive.org/details/tropical-agriculturist_1935-04_84/page/n2/mode/1up	vol084_tropical-agriculturist-1935-04-84#1935-04#002		
G021	P000201	A. D. Hall	explicit	1923	A. DANIEL HALL	Chief Scientific Adviser, Ministry of Agriculture, Great Britain	## AGRICULTURAL METEOROLOGY AS A FIELD FOR INVESTIGATION. --- [[A. DANIEL HALL]], *Chief Scientific Adviser, Ministry of Agriculture, Great Britain.* There are few questions which have more continuously occupied the attention of mankind than the attempt to establish some connection between weather a…	https://archive.org/details/tropicalagricult0061unse/page/n295/mode/1up	vol061_tropicalagricult0061unse#1923-11#007		
G022	P000203	D. S. Cameron	corpus_dominant	1919	MR. CAMERON	Curator of the Lal-Bagh	…a view to the establishment of large plantations. \* Note submitted to Government of Mysore. Before proceeding further, it will be necessary to give some brief account of the conditions under which sisal hemp will grow. [[MR. CAMERON]], at that time the Curator of the Lal-Bagh, in a paper contributed to the Proceedings of the Agri-Horticultural Society, Madras, in 1903 wrote as follows : " In my opinion, cultivation should be left to private enterpris…	https://archive.org/details/tropical-agriculturist_1919-12_53_6/page/n19/mode/1up	vol053_iss06_tropical-agriculturist-1919-12-53-6#1919-12#011		
G022	P000203	D. S. Cameron	article	1923	MR. CAMERON		…n created. On account of that fact the little roots had all grown towards the surface to feed on the humus, caused by the disintegration of the leaf. In regard to forking he would recommend nothing under 8 inches depth, [[MR. CAMERON]] : "May I know whether MR. BAMBER recommends the manure to be applied at a depth of 8 inches." MR. BAMBER explained that this was not his advice. The fork could be inserted to a depth of 8 inches, the soil to be raised s…	https://archive.org/details/lbg.tropicalagricultvol-lx.1923.0000unse_n0c4/page/n421/mode/1up	vol060_lbg-tropicalagricultvol-lx-1923-0000unse-n0c4#1923-06#017		
G022	P000203	D. S. Cameron	explicit	1926	Mr. D. S. Cameron	former member	…nial Treasurer, Col. T. G. Jayawardene, Mr. M. L. Wilkins and Mr. George Brown. ### NEW MEMBERS. The Chairman announced that the Planters' Association of Ceylon had nominated Mr. John Horsfall to serve on the Board vice [[Mr. D. S. Cameron]], who had proceeded on leave. Mr. R. G. Coombe gave notice that he would be absent from Ceylon from June to October. ### CIRCULATION OF PAPERS. Recorded circulation of the following papers:— - (a) Mr. John Horsfall's mem…	https://archive.org/details/tropical-agriculturist_1926-08_67_2/page/n46/mode/1up	vol067_iss02_tropical-agriculturist-1926-08-67-2#1926-08#011		
G022	P000203	D. S. Cameron	explicit	1928	Mr. D. S. Cameron	Member of the Board	…mologist" in the case of Mr. D. J. William read, "Assistant to the Entomologist." Letters regretting inability to be present at the meeting were received from the following members, viz., the Hon. Mr. J. W. Oldfield and [[Mr. D. S. Cameron]]. ### Finance. The accounts to the end of August were considered. The question of placing the available balance on fixed deposit was left to the Chairman to deal with as he considered suitable. *Office Accommodation*.—It…	https://archive.org/details/dli.ernet.229220/page/n763/mode/1up	vol070_dli-ernet-229220#1928-11#015		
G023	P000210	Alexander von Humboldt	corpus_unique	1889	Humbolt		…ptions of wood which yield a large return for any labour bestowed than plantains. A single tree has been known to produce fruit weighing 70 to 80 lb, whilst half this amount is said to be the average yield. According to [[Humbolt]] whilst 1,000 square feet of land will yield only 462 lb. of potatoes or 361b. of wheat, 4,000 lb. of plantations can be produced in a shorter period of time. When ripe almost three-fourths of the fruit consists of water…	https://archive.org/details/tropicalagricult8188ceyl/page/n519/mode/1up	vol008_tropicalagricult8188ceyl#1889-01#143		
G023	P000210	Alexander von Humboldt	article	1888	Humbolt	author	… above examined are from a separate species of cinchona from any of those hitherto introduced into India. In concluding this paper I must acknowledge the use I have made of the works of Markham, Howard, Kaisten, Triana, [[Humbolt]], Cross, Flückiger, Van Gorkom, the Reports of the Madras Government, and the statistical notices of the cinchona trade in the *Pharmaceutical Journal and Chemist and Druggist*.	https://archive.org/details/tropicalagricult8188ceyl/page/n416/mode/1up	vol008_tropicalagricult8188ceyl#1888-12#063		
G023	P000210	Alexander von Humboldt	norm	1884	Van Humboldt	traveller	…tifully coloured, a topographical map and an engraving of a primeval tropical forest illustrate this work. The introduction of the work is devoted to the travels in the native country of the cinchona-tree, of Condamine, [[Van Humboldt]] and others. Then the exploitation of trees by the natives is described, and finally follows a detailed botanical pharmacognostic treatise of the genuine and kindred cinchona species. It is especially the manner of explo…	https://archive.org/details/tropicalagricult18831884colo/page/n719/mode/1up	vol003_tropicalagricult18831884colo#1884-04#027		
G023	P000210	Alexander von Humboldt	explicit	1894	Alexander von Humboldt	scientist	…," and in the course of the next nine years he published a number of botanical papers dealing with the Muscology of Great Britain, the Killarney district of Ireland, and the Pyrenees. His work attracted the attention of [[Alexander von Humboldt]], who at that time had only recently returned from South America, of Sir John Hooker, and of the late Earl of Carlisle. Their appreciation of Dr. Spruce's services assisted him in obtaining an appointment from the author…	https://archive.org/details/tropicalagricult1318ceyl/page/n641/mode/1up	vol013_tropicalagricult1318ceyl#1894-03#037		
G024	P000216	H. W. Green	article	1900	Mr. Green	founder of this School	…INCIPAL'S REPORT. I have much pleasure in offering a hearty welcome to our new Director, who is present for the first time at a public function connected with this Institution. Let it be admitted that such enthusiasm as [[Mr. Green]] (the founder of this School) showed in matters Agricultural was rare, and that the School suffered for lack of interest on the part of his successor, when it is seriously proposed to dissociate this Institution from the…	https://archive.org/details/tropicalagricult1918ceyl/page/n740/mode/1up	vol019_tropicalagricult1918ceyl#1900-04#124		
G024	P000216	H. W. Green	norm	1887	MR. GREEN	D.P.I.	[[MR. GREEN]] AND PROFESSOR WALLACE. Colombo, 25th August 1887. To the Editor of the Examiner. Dear Sir,—May I ask you to reprint the following passage from your Veyangoda correspondent's letter in last night's issue, together with m…	https://archive.org/details/tropicalagricult7188ceyl/page/n225/mode/1up	vol007_tropicalagricult7188ceyl#1887-09#081		
G024	P000216	H. W. Green	explicit	1888	H. W. GREEN	Director of Public Instruction	…er lb. Mr. Rodrigo is therefore arranging for the sale of his arrowroot in this through the Pettab shops, a proceeding which 105 should bring in a still more handsome profit than the more local sale.—I am, &c., (Signed) [[H. W. GREEN]]. (Copy of Report Referred to.) Sir,—With reference to your letter No. 132 of 31st of January, I have the honor to afford the following information:—(1). *As to the nature of the soil where you (sic) have succeeded with …	https://archive.org/details/tropicalagricult7188ceyl/page/n860/mode/1up	vol007_tropicalagricult7188ceyl#1888-06#073		
G024	P000216	H. W. Green	explicit	1891	Mr. H. W. GREEN	speaker	…iew of the speeches which are to follow, save to express my great gratification at being present here this evening and to express the interest I have always taken on behalf of the School of Agriculture. (Loud applause.) [[Mr. H. W. GREEN]] next rose, and said that the students of the Agricultural School, unlike other ordinary educational establishments, were limited to a certain number. They had a great many applications for boys, but their number was lim…	https://archive.org/details/tropicalagricult1018ceyl/page/n529/mode/1up	vol010_tropicalagricult1018ceyl#1891-01#041		
G025	P000298	R. A. Taylor	corpus_dominant	1930	Taylor	investigator	…d these are in the nature of a “trigger action” phenomenon. They note that, while the high yielding tree usually develops the disease most readily, the moderate and even the poor yielder may on occasion become affected. [[Taylor]] visualizes the initiation of brown bast as a result of the death of vessels in the functional part of the cortex. ## THE RELATION OF BROWN BAST TO THE UNIVERSAL WOUND HEALING PHENOMENON These findings of the later worke…	https://archive.org/details/dli.ernet.229223/page/n477/mode/1up	vol074_dli-ernet-229223#1930-07#010		
G025	P000298	R. A. Taylor	article	1929	Taylor	researcher on leaf-fall and nitrogen loss	…rs on badly affected estates is an indication of the depletion of food reserves, and is itself liable to result in decreases in yield per acre if the die-back extends and kills the whole tree. Experiments carried out by [[Taylor]] (7) show that whereas at normal leaf-fall a large proportion of the nitrogen-containing substances are first withdrawn into the stem, when leaves fall as the result of attack by *Phytophthora* most if not all of the nit…	https://archive.org/details/dli.ernet.229221/page/n532/mode/1up	vol072_dli-ernet-229221#1929-08#006		
G025	P000298	R. A. Taylor	norm	1929	Taylor, R. A.	author	…1927.—Arch. voor Rubbercult. Nederl.-Indie, xii, 9, 1928. 6. 6. Reydon, G. A.—Over den meeldauw in Oost-Java. Resultaten van de in 1927 gehouden meeldauwenquête.—Arch. voor Rubbercult. Nederl.-Indie, xi, 10, 1927. 7. 7. [[Taylor, R. A.]]—Observations on the amount of nitrogen lost by trees as the result of *Phytophthora* attack.—Second Quart. Circ. for 1925, Rubber Research Scheme (Ceylon). 8. 8. Sharples, A.—Hevea mildew in Ceylon and Malaya.—Malayan A…	https://archive.org/details/dli.ernet.229221/page/n532/mode/1up	vol072_dli-ernet-229221#1929-08#006		
G025	P000298	R. A. Taylor	explicit	1923	R. A. TAYLOR	Physiological Botanist	… and the Staff in Ceylon now consists of :— 1. 1. *Organising Secretary.* J. MITCHELL, A.R.C.S. 2. 2. *Chemist.* T. E. H. O'BRIEN, B.Sc., A.I.C. 3. 3. *Mycologist.* MALCOLM PARK, A.R.C.S. 4. 4. *Physiological Botanist.* [[R. A. TAYLOR]], B.Sc. The Offices of the Scheme were moved from Colombo to Peradeniya and are now situated close to the Head Offices of the Department of Agriculture. The laboratories are situated on Culloden Estate, Neboda, as it was…	https://archive.org/details/lbg.tropicalagricultvol-lx.1923.0000unse_n0c4/page/n370/mode/1up	vol060_lbg-tropicalagricultvol-lx-1923-0000unse-n0c4#1923-06#002		
G026	P000313	John Kirk	corpus_dominant	1895	Kirk		…us, *Fl. Brasa.*, ii., pt. 2, p. 143, from the South-West Coast of Africa. It prefers moist situations, and spreads rapidly everywhere. On the Niger, Barter described it as "an aquatic grass 6 feet high." In East Africa [[Kirk]] speaks of it as supplying "the richest fodder for cattle." It is very widely spread in tropical America, in Cuba (Wright), Jamaica (MacFadyen), various parts of Brazil, and south as far as Paraguay. It is a very desirab…	https://archive.org/details/tropicalagricult1418ceyl/page/n910/mode/1up	vol014_tropicalagricult1418ceyl#1895-06#159		
G026	P000313	John Kirk	corpus_honorific	1881	Dr. Kirk	Consul-General at Zanzibar	…can rubber-yielders, I have not hitherto been able to get more than two or three sickly plants. Of the great rubber creeper of the East African Coast (a species of *Lantophia*) seeds have—thanks to the kind exertions of [[Dr. Kirk]], Consul-General at Zanzibar—been received at the garden, and some of them have germinated. But I fear, even if it were to turn out to be suited to the climate of Calcutta, *Lantophia* would prove rather an unmanageable …	https://archive.org/details/tropicalagricult1188ceyl/page/n404/mode/1up	vol001_tropicalagricult1188ceyl#1881-10#131		
G026	P000313	John Kirk	article	1892	Kirk	explorer	… of the flora. Sir Joseph Hooker was able to give the first account of the vegetation of Kilimajaro from a small parcel of plants collected by a missionary, the Rev. Mr. New, who was supplied for the purpose by Sir John [[Kirk]], with "a bundle of old *Guardians*." An officer of the Ashanti Expedition brought from Comassi the fruit of what proved to be a new species of *Duboscia*. And quite lately Lord Lamington sent to Kew a small parcel of pl…	https://archive.org/details/tropicalagricult1118ceyl/page/n520/mode/1up	vol011_tropicalagricult1118ceyl#1892-01#071		
G026	P000313	John Kirk	norm	1881	Dr. Kirk	collector	…. In the Kew Herbarium and Museum are the following:— *L. species*. Geographic Distribution.—Tropical Africa, lat. 1° N. Remarks.—"The leaf of the African Rubber plant." Coll. G. Mann. *L. species*, Prov Zanzibar. Coll. [[Dr. Kirk]]. *L. florida*? Fruits and Caoutchouc from the district on the Congo River. Coll. Dr. Hilliard. *Carissa species*. Wood and rubber collected by Dr. Kirk (Livingstone expedition). *L.*? "Shupanga, India Rubber shrub," Col…	https://archive.org/details/tropicalagricult1188ceyl/page/n316/mode/1up	vol001_tropicalagricult1188ceyl#1881-09#100		
G027	P000381	Samuel Baker	norm	1889	Mr. Baker	author describing gem deposits	…ain chain are so rich in comminuted fragments of rubies, sapphires, and garnets, that their sands in some places are used by lapidaries in polishing the softer stones, and in sawing the elephants' grinders into plates." [[Mr. Baker]] (now Sir Samuel Baker) thus describes the sands of the Menikganga (jewel-river) near the ruins of Magama in the south-eastern extremity of the island:—"The sand was composed of mica, quartz, sapphire, ruby, and jacinthe…	https://archive.org/details/tropicalagricult9188ceyl/page/n88/mode/1up	vol009_tropicalagricult9188ceyl#1889-07#140		
G027	P000381	Samuel Baker	explicit	1895	Sir Samuel Baker	Hound pack owner	…t-cut goes up to Mt. Vernon above the Madecoombura Bridge. This happened just before I came to Kelliwattie, and I often saw the skeleton afterwards when out after elk. The head was sent to Warminster. Of course the late [[Sir Samuel Baker]] and his brother John kept a fine pack of hounds at Nuwara Eliya, which afforded great sport, and to which the brothers devoted themselves, as described in those delightful works, "The Rille and the Hound" and "Eight Yea…	https://archive.org/details/tropicalagricult1518ceyl/page/n288/mode/1up	vol015_tropicalagricult1518ceyl#1895-10#121		
G027	P000381	Samuel Baker	explicit	1901	Sir Samuel Baker	author of books on the sport	…arless brute that will fight to the last and die game without so much as a groan. But I must describe elk-hunting as it is carried on in Ceylon before I give you an account of the grand "day" we had on the 11th of June. [[Sir Samuel Baker]] has described the sport in two most readable books; but beyond this I have seldom come across an accurate account of it as it ought to be and generally is, I have once or twice read descriptions which were ludicrous fro…	https://archive.org/details/tropicalagricult2119ceyl/page/n36/mode/1up	vol021_tropicalagricult2119ceyl#1901-07#031		
G027	P000381	Samuel Baker	explicit	1888	Sir Samuel Baker	settled in Nuwara Eliya	…iggers came to Nuwara Eliya. We know that some of the Australian diggers, when driven by fever and paucity of appreciable gold from the Maha-oya, in 1854, went to Nuwara Eliya and dug pretty deeply under the auspices of [[Sir Samuel Baker]], who, with his late brother, was then settled in Nuwara Eliya. If experiments were made in 1851, we think they would have been mentioned by the press of the day and by Sir Samuel Baker in his book. But, we well remember…	https://archive.org/details/tropicalagricult8188ceyl/page/n42/mode/1up	vol008_tropicalagricult8188ceyl#1888-07#026		
G028	P000416	Paul Preuss	corpus_unique	1908	Dr. Preuss	inventor of tapping knife	…, and two of them are figured. A feature common to all three is the U-shaped blade, differing in the three cases in radius of the curve and angle of attachment to the handle. The knives are the inventions of Dr. Strunk, [[Dr. Preuss]], and Mr. V. Smith, a planter of Soconusco, respectively. With regard to systems of tapping it is admitted that the ideal method has not yet been evolved. In Mexico the system adopted is to make 3 or 4 V cuts on each tre…	https://archive.org/details/tropicalagricul311908ceyl/page/n235/mode/1up	vol031_tropicalagricul311908ceyl#1908-09#004		
G028	P000416	Paul Preuss	article	1906	Preuss		…eds about four to five days; in Salvador the seeds are usually fermented for one or two days, and the same length of time appears to be allowed for the varieties in Guatemala. #### FERMENTING IN SURINAM, VENEZUELA, ETC. [[Preuss]]\* is of the opinion that the cacao varieties grown in Cameroon are not inferior to those cultivated in Surinam, though the cacao exported from the latter place is the better one. He attributes the bitter taste and sour …	https://archive.org/details/tropicalagricul271906ceyl/page/n421/mode/1up	vol027_tropicalagricul271906ceyl#1906-11#013		
G028	P000416	Paul Preuss	norm	1906	Preuss	author	…eds about four to five days; in Salvador the seeds are usually fermented for one or two days, and the same length of time appears to be allowed for the varieties in Guatemala. #### FERMENTING IN SURINAM, VENEZUELA, ETC. [[Preuss]]\* is of the opinion that the cacao varieties grown in Cameroon are not inferior to those cultivated in Surinam, though the cacao exported from the latter place is the better one. He attributes the bitter taste and sour …	https://archive.org/details/tropicalagricul271906ceyl/page/n421/mode/1up	vol027_tropicalagricul271906ceyl#1906-11#013		
G028	P000416	Paul Preuss	explicit	1902	Paul Preuss	Director of the Government Botanical Gardens	…ns towards the check of all insect pests. The application of treacle and arsenic to the stems of pruned tea bushes—if otherwise practicable—would probably have little effect against white ants, as the syrup would im- \* [[Paul Preuss]] I met in Cameroon in 1892. He was already then Director of the Government Botanical Gardens. THE TROPICAL AGRICULTURIST. 105 mediately attract hordes of the more active true ants, which would speedily remove all traces …	https://archive.org/details/tropicalagricult2219ceyl/page/n121/mode/1up	vol022_tropicalagricult2219ceyl#1902-08#055		
G029	P000423	F. Hardy	corpus_dominant	1935	Hardy	author of paper on red soils	…of agricultural crops, particularly tea which requires acid soil conditions and rubber, but coconuts and other crops are also grown on them. For more detailed information on red soils reference may be made to a paper by [[Hardy]] | (10) | and to Vageler's book on tropical soils | (9) | . *Dry Zone Red Soils.*—The red to yellowish red soils of the dry zone also vary in texture from light sandy to heavy loams, and contains high proportions of grav…	https://archive.org/details/tropical-agriculturist_1935-05_84/page/n2/mode/1up	vol084_tropical-agriculturist-1935-05-84#1935-05#002		
G029	P000423	F. Hardy	article	1927	Prof. Hardy		…as with this object, mainly in view, that five trial heaps were laid down during the last year on the estates of the Ste. Madeleine Sugar Co. Mr. Auton has given an account of the method used in setting up the heaps and [[Prof. Hardy]] has given the results of the chemical analyses of the resultant manure. At Mr. Auton's request, I have attempted to collect information as to the cost of making the manure, and taking the Union Hall heap as a typical ex…	https://archive.org/details/tropical-agriculturist_1927-09_69/page/n59/mode/1up	vol069_tropical-agriculturist-1927-09-69#1927-09#012		
G029	P000423	F. Hardy	explicit	1924	PROFESSOR F. HARDY, M.A.	author	## MAURITIAN PEN MANURE. [[PROFESSOR F. HARDY, M.A.]] There is no need to extol the many virtues of pen manure, or reiterate the need of its greater employment in tropical agricultural practice. The main problem that confronts the planter in these days of mechanical tillag…	https://archive.org/details/lbg.630.5.tag.v.63/page/n229/mode/1up	vol063_lbg-630-5-tag-v-63#1924-11#007		
G029	P000423	F. Hardy	explicit	1928	F. Hardy	Professor	…omposition by this process of materials such as coir-dust, wood sawdust, rice husk, etc., for the reason that these materials contain large amounts of lignin which is very resistant to microbial attack. But as Professor [[F. Hardy]] states in his article on Cellulosic Materials in *Tropical Agriculture*, Vol. IV., No. 8, August, 1927, “there is hope that the ‘Adco’ investigators will soon be able to utilise even the most highly resistant cellulosic…	https://archive.org/details/dli.ernet.229220/page/n144/mode/1up	vol070_dli-ernet-229220#1928-02#018		
G030	P000440	W. T. Thiselton Dyer	norm	1898	Director, Royal Gardens Kew	Director, Royal Gardens Kew	…at is described by Mr. Whitfield Smith. As regards the trees here, no extensive injury was experienced, nor have I heard since of any loss from the like cause. 4. May I invite a reference on this important matter to the [[Director, Royal Gardens Kew]].—I have, etc., ALFRED MOLONEY, Governor. EXTRACT FROM A LETTER FROM MR. G. WHITFIELD SMITH TO THE GOVERNOR, DATED 24TH NOVEMBER, 1897 —"I also forwarded some diseased Liberian coffee leaves. As Your Excellency will obse…	https://archive.org/details/tropicalagricult1718ceyl/page/n784/mode/1up	vol017_tropicalagricult1718ceyl#1898-05#004		
G030	P000440	W. T. Thiselton Dyer	explicit	1884	W. T. Thiselton Dyer	author	(surface not found in text)	https://archive.org/details/tropicalagricult18831884colo/page/n570/mode/1up	vol003_tropicalagricult18831884colo#1884-02#046		
G030	P000440	W. T. Thiselton Dyer	explicit	1883	Mr. W. T. Thiselton Dyer		LINNEAN.—Nov. 2.—Sir J. Lubbock, Bart., in the chair. [[Mr. W. T. Thiselton Dyer]] exhibited a specimen of, and made remarks on, the plant producing *Cassia lignea*, and on the native implements used in the collection and preparation of the cassia bark in Southern China. A paper was read "On Medicinal…	https://archive.org/details/tropicalagricult18821883colo/page/n583/mode/1up	vol002_tropicalagricult18821883colo#1883-01#063		
G030	P000440	W. T. Thiselton Dyer	explicit	1886	W. T. Thiselton Dyer	recipient of report	(surface not found in text)	https://archive.org/details/tropicalagricult18851886colo/page/n772/mode/1up	vol005_tropicalagricult18851886colo#1886-05#038		
G031	P000438	Rumphius	pool	1886	Rumphius	author	…ady figured and described it as *Cullenia excelsa* in honor of the late General Cullen, resident at the Court of Mysore? This is the *Katu-hodu* of the Sinhalese, and the Wild Durian of Ceylon. Nearly every author from *[[Rumphius]]* and *Dampier*, have given full and particular accounts of this fruit, but the extracts appended will suffice. W. F. (From the "Treasury of Botany.") The fruit varies in shape, being either globular or oval, and measure…	https://archive.org/details/tropicalagricult18861887colo/page/n186/mode/1up	vol006_tropicalagricult18861887colo#1886-09#047		
G031	P000438	Rumphius	pool	1887	Rumphius		#### THE CLOVE TREE. The clove tree (*caryophyllus aromaticus*) says [[Rumphius]] "appears to me the most beautiful, the most elegant, and the most precious of all known trees." In form, it commonly resembles the laurel, and sometimes the beech. Generally of the height of an ordinary cherry tree, its…	https://archive.org/details/tropicalagricult18861887colo/page/n839/mode/1up	vol006_tropicalagricult18861887colo#1887-06#058		
G031	P000438	Rumphius	pool	1908	Rumphius	author cited for soil requirements	…it, marsh or bog composed of decayed vegetable matter near the sea and *undrained*, with stiffish stuff underneath. How closely this requirement is answered by the lands of British Guiana it is unnecessary to emphasize. [[Rumphius]], after whom the variety first mentioned is named, says:—"The tree grows best in miry or watery soil, where men sink to the knees in mud. It will grow in gravelly soil, if only it is charged with moisture and hence no pl…	https://archive.org/details/tropicalagricul301908ceyl/page/n458/mode/1up	vol030_tropicalagricul301908ceyl#1908-05#011		
G031	P000438	Rumphius	pool	1893	Rumphius	botanist	…nd it in Penang, but he does not say in his paper that it produced gambir at all, or was used for that purpose. #### HISTORY OF THE PLANT AND DRUG. I have been unable to find any earlier reference to gambir than that of [[Rumphius]] (*Herbarium Amboinense*, v. 63, t. 34) in 1750.\* There is no mention of it in Garcia's *Historia Aromatum*, nor in Pomet's *Historie des Drogues* (1694), nor even in Steven's *Complet Guide to the East Indies* (1766), …	https://archive.org/details/tropicalagricult1218ceyl/page/n615/mode/1up	vol012_tropicalagricult1218ceyl#1893-03#097		
G032	P000452	R. Derry	corpus_unique	1901	Mr. Derry	Officer who tapped Para trees	… only does *Hevea* thrive under varied conditions, but that it gives a fair return, which statement does not apply to *Ficus elastica*, the “*Gutta rambong*” of commerce. I journeyed to Kuala Kangsa, and, accompanied by [[Mr. Derry]], inspected the Para trees recently tapped by him, and other economic plants growing in the Government grounds. The average yield per tree was 1½ lb. of dry rubber, the trees ranging from six to thirteen years of age. As…	https://archive.org/details/tropicalagricult2019ceyl/page/n649/mode/1up	vol020_tropicalagricult2019ceyl#1901-03#087		
G032	P000452	R. Derry	article	1898	Mr. Derry	author of report	…ry of tea and coconut cultivation.—I am, &c., JOHN C. WILLIS, Director. Simultaneously we receive from the Resident-General of the Federated Malay States, a copy of the very interesting and practical Report furnished by [[Mr. Derry]], the main portion of which we published some time ago, but which we reproduce as follows, so that planters may at once be able to refer to it in full:— #### Government Plantations Office. Taiping, 24th Nov., 1897. To th…	https://archive.org/details/tropicalagricult1718ceyl/page/n875/mode/1up	vol017_tropicalagricult1718ceyl#1898-06#050		
G032	P000452	R. Derry	explicit	1908	R. Derry	author of the report	(surface not found in text)	https://archive.org/details/tropicalagricul311908ceyl/page/n432/mode/1up	vol031_tropicalagricul311908ceyl#1908-08#171		
G032	P000452	R. Derry	corpus_unique	1910	Mr Derry	sent rubber from Perak	…yndersley starts the first practical Estate in the Federated Malay States. | | | | 1896 | | .. | | Dr. Willis arrives in Ceylon. Rubber block and biscuit sent home from the Gardens valued at 2/8. | | | | 1897 | | .. | | [[Mr Derry]] sends rubber from Perak valued at 2/8 to 3 per pound, | | | | 1898 | | .. | | Mr Curtis sends rubber from Penang valued at 3/3 per lb. | Mr Tan Chay Yan exhibits plantation grown rubber at Malacca exhibition. | | | | 18…	https://archive.org/details/tropicalagricul351910ceyl/page/n101/mode/1up	vol035_tropicalagricul351910ceyl#1910-07#053		
G033	P000510	J. P. Lewis	article	1913	MR. LEWIS	referenced for boundaries	…in any other way. So that at the outset it looks as if proposals for “dry farming” the Wanni are scarcely relevant to the circumstances. A standard work on the Wanni is MR. J. P. LEWIS’S “Manual of the Wanni Districts.” [[MR. LEWIS]] spent a number of years of his service in the Mullaitivu and Vavoniya districts which constitute the greater part of the Wanni, which he describes as follows :— “Bounded on the north by the Jaffna lake, on the south by …	https://archive.org/details/lbg.vol.xli.tropicalagricult0000dewi_t3r5/page/n556/mode/1up	vol041_lbg-vol-xli-tropicalagricult0000dewi-t3r5#1913-12#052		
G033	P000510	J. P. Lewis	explicit	1906	Mr. J. P. Lewis	Government Agent	…e meetings. The Committee of the *Kandy Branch* decided to hold a general meeting on the 26th instant. Several papers have been read at meetings of Branch Societies. At Jaffna a paper on "Manioc Cultivation" was read by [[Mr. J. P. Lewis]], Government Agent a paper on "Tobacco" was read at the meeting of the Kurunegala Branch by Mr. Madapola; "Poultry" was the subject of a paper read by Mr. E. D. Dharmasena at the meeting of the Badulla Branch. A paper on…	https://archive.org/details/tropicalagricul261906ceyl/page/n116/mode/1up	vol026_tropicalagricul261906ceyl#1906-02#043		
G033	P000510	J. P. Lewis	explicit	1907	J. P. Lewis		(surface not found in text)	https://archive.org/details/tropicalagricul281907ceyl/page/n355/mode/1up	vol028_tropicalagricul281907ceyl#1907-05#036		
G033	P000510	J. P. Lewis	explicit	1903	Mr. J. P. Lewis	Author of Manual of the Vanni Districts	#### PRICKLY PEAR: AN INTERESTING COMMUNICATION FROM CEYLON. Mr. John Rudd, Superintendent of Police, Jaffna, has sent the *Queensland Agricultural Gazette*, an extract from [[Mr. J. P. Lewis]]' "Manual of the Vanni Districts" on the destruction of *Opuntia Dillenii* by the help of a beetle, of which the name is not given, but supposed to be allied to the cochineal insect. Referring to the above the *Queenslan…	https://archive.org/details/tropicalagricult2319ceyl/page/n99/mode/1up	vol023_tropicalagricult2319ceyl#1903-07#109		
G034	P000529	James Irvine	corpus_dominant	1886	Irvine	speaker mentioned in footnote	…ng made, and the uses to which petroleum is now applied are every day increasing. At the works in connection with the new Bridge over the River Forth (the most wonderful development of modern engineering) and petro- Mr. [[Irvine]] most lately, in speaking in contact with the Irish who have made their way to the "inaccessible" portions of Canada—Ed. leum is used for heating huge masses of iron,\* with the result that there is not only a large savi…	https://archive.org/details/tropicalagricult18851886colo/page/n833/mode/1up	vol005_tropicalagricult18851886colo#1886-06#009		
G034	P000529	James Irvine	norm	1886	MR. IRVINE	author, tea planter	[[MR. IRVINE]] AGAIN WRITES ON UVA TEA. Madulsuma, 28th July 1886. DEAR SIR,—I have from time to time written a good deal on Uva and its prospects as a tea-growing district, and my statements have frequently been called in question by…	https://archive.org/details/tropicalagricult18861887colo/page/n186/mode/1up	vol006_tropicalagricult18861887colo#1886-09#046		
G034	P000529	James Irvine	explicit	1896	Mr. James Irvine	agent	…River near Accra on the Gold Coast. “The plants raised from these seeds at Kew were the first grown in this country. In 1874 and 1876 larger supplies of seed were obtained direct from Liberia, through the kind agency of [[Mr. James Irvine]], of the firm THE TROPICAL AGRICULTURIST. [DEC. 1, 1896. of James Irvine & Co., of Liverpool. The plants were distributed from Kew to tropical botanic gardens throughout the Empire." Coffee cultivation is now being carri…	https://archive.org/details/tropicalagricult1618ceyl/page/n406/mode/1up	vol016_tropicalagricult1618ceyl#1896-12#034		
G034	P000529	James Irvine	explicit	1897	Mr. James Irvine	owner of bungalow at Oodoowere	…es Robinson's first, and Major Skinner's farewell, visit to Haputale, we rode up the Pass from Haldummulla, through the first clearing of Gonamatava and on past Bandarawela down to Oodoowere where we passed the night in [[Mr. James Irvine]]'s hospitable bungalow. Everything was flourishing then ; but Oodoowere had a big rest before it was put into tea and there are promising reserves.	https://archive.org/details/tropicalagricult1618ceyl/page/n790/mode/1up	vol016_tropicalagricult1618ceyl#1897-05#073		
G035	P000538	D. T. Richards	corpus_dominant	1932	Richards		…tions were probably unfavourable to the larvae and possibly favourable to the fungus owing to additional moisture in the food material. ### (b) Parasites Consideration has been given to the control by Scoliid parasites. [[Richards]] recorded *Scolia procer* Ill. as destroying a large percentage of grubs. The writer, however, has no evidence to support the definite statement that *Scolia procer* is responsible for reducing to any extent the number o…	https://archive.org/details/tropical-agriculturist_1932-11_79_5/page/n25/mode/1up	vol079_iss05_tropical-agriculturist-1932-11-79-5#1932-11#011		
G035	P000538	D. T. Richards	article	1938	Mr. Richards		…to metal foil. A material known as Kraft Paper had proved highly satisfactory. Unfortunately as this material had no second hand value, buyers both in Colombo and London were unwilling to support the use of this lining. [[Mr. Richards]] said in regard to packing materials the position was no doubt disappointing to the Institute. He did not think the Associations concerned could do more in the matter, and it was really for the firms interested in such p…	https://archive.org/details/tropical-agriculturist_1938-06_90_6/page/n79/mode/1up	vol090_iss06_tropical-agriculturist-1938-06-90-6#1938-06#017		
G035	P000538	D. T. Richards	explicit	1935	Mr. D. T. Richards	represented by F. A. Bond	…he Secretary was instructed to attend to this in future. #### 3. BOARD OF THE T. R. I. (a) *Members of the Board*.—The Chairman welcomed Mr. F. A. Bond, nominated by the Ceylon Estates Proprietary Association to act for [[Mr. D. T. Richards]], and Mr. A. H. Reid nominated by the Planters' Association of Ceylon to act for Mr. R. G. Coombe. (b) *Experimental Sub-Committee*.—Messrs. F. A. Bond and A. H. Reid were appointed to act for Messrs. D. T. Richards and …	https://archive.org/details/tropical-agriculturist_1935-08_85/page/n64/mode/1up	vol085_tropical-agriculturist-1935-08-85#1935-08#008		
G035	P000538	D. T. Richards	explicit	1937	D. T. Richards	Board member	…n Saturday, October 10th, 1936, at 10 a.m. *Present*.—Mr. James Forbes (Jnr.), (Chairman), The Acting Director of Agriculture, Major J. W. Oldfield, C.M.G., O.B.E., M.C., Messrs R. G. Coombe, C. E. Hawes, I. L. Cameron, [[D. T. Richards]], D. H. Kotalawala, M.S.C., R. P. Gaddum, B. M. Selwyn, Dr. R. V. Norris (Director and Secretary) and, by invitation, Mr. J. W. Ferguson (Visiting Agent) and Mr. F. J. Whitehead. *Absent*.—The Hon'ble the Financial Secre…	https://archive.org/details/dli.ernet.229229/page/n71/mode/1up	vol088_dli-ernet-229229#1937-01#016		
G036	P000576	P. R. Shand	corpus_unique	1943	Mr. Shand	Person at Delta	…pe, was a block of two or three acres adjacent to the caddai and this presented difficulty on account of water supply. The Director said he and Mr. Rogers had visited Delta to see similar work being carried out there by [[Mr. Shand]]. It seemed clear that pig keeping offered the best chances of developing the area but he thought a portion of the block would have to be put down to fodder grasses in view of the scarcity of feeding materials for stock.…	https://archive.org/details/tropical-agriculturist_october-december-1943_99_4/page/n65/mode/1up	vol099_iss04_tropical-agriculturist-october-december-1943-99-4#1943-10/12#013		
G036	P000576	P. R. Shand	article	1903	Mr Shand	subscriber	…ports have dealt thoroughly with the subject. I annex my balance sheet which I think explains itself. It brings the accounts up to the date of this meeting with the exception of these subscriptions for 1903 viz. R15 and [[Mr Shand]]'s cheque for R45 from the Nawalapitiya branch. There is a credit balance in the Mercantile Bank of India of R1,839.26—irrespective of the two items just mentioned viz. R60—which after two years expenditure is in excess …	https://archive.org/details/tropicalagricult2219ceyl/page/n687/mode/1up	vol022_tropicalagricult2219ceyl#1903-04#017		
G036	P000576	P. R. Shand	norm	1885	P. R. Shand of Coolbawn	assistant in trials	…e to the instructions were not expected to guarantee success. On the 30th ultimo I had the good fortune to have the kind assistance of Messrs. Armstrong of Rookwood, J. A. Campbell of Waltrim, T. Scovell of Adam's Peak, [[P. R. Shand of Coolbawn]], and A. Scovell of Strathellie. I can hardly say that the results were satisfactory. There was altogether such a want of uniformity on the occasion as to lead me to write to you my first letter, in which I said the resu…	https://archive.org/details/tropicalagricult18841885colo/page/n806/mode/1up	vol004_tropicalagricult18841885colo#1885-04#129		
G036	P000576	P. R. Shand	explicit	1922	P. R. Shand	visitor	…handiram N. Wickramaratne and R. Aluwihare, Secretary. *Visitors*:—Hon. R. Trefusis, Private Secretary to His Excellency the Governor, Messrs. G. A. Vallipuram, C. G. Spiller, R. E. Paranagama, R. M., S. O. Sirimane and [[P. R. Shand]]. The minutes of the previous meeting held on May 11, 1922, were taken as read and confirmed. ### **Agenda Item No. 2.—Table Minutes of Meeting of various Heads of Departments interested in Lands which are to be offered …	https://archive.org/details/tropicalagricult0059unse/page/n402/mode/1up	vol059_tropicalagricult0059unse#1922-12#007		
G037	P000556	A. P. Goonatilleke	corpus_dominant	1922	MR. GOONATILLEKE	member of the Ceylon Bee-keepers' Association	…ble straw-roofs to be employed as protections against sun and rain has been suggested. --- In regard to the matter of placing the frames parallel to the front of the hive, instead of at right angles, as is usually done, [[MR. GOONATILLEKE]] remarks that the former plan only suits cold climates. In a state of nature bees sometimes construct their combs in this way when they have to deal with a large cavity, but not otherwise. --- Another point raised was wi…	https://archive.org/details/tropicalagricult0059unse/page/n140/mode/1up	vol059_tropicalagricult0059unse#1922-08#018		
G037	P000556	A. P. Goonatilleke	article	1919	GOONATILLEKE	committee member	…istrict School Committees and submit the proposal for favourable consideration. The following Committee was appointed to consider the question of a standard hive for the use of the Association : MESSRS. ANDREE, CROZIER, [[GOONATILLEKE]], STEVENS, SMERDON and the Secretary. A vote of thanks, proposed by the Chairman and seconded by the Secretary, was accorded to MR. A. P. GOONATILLEKE for presenting copies of his book on Beekeeping for free distribution…	https://archive.org/details/tropical-agriculturist_1919-04_52_4/page/n49/mode/1up	vol052_iss04_tropical-agriculturist-1919-04-52-4#1919-04#028		
G037	P000556	A. P. Goonatilleke	explicit	1928	Mr. A. P. Goonatilleke	paper presenter	…*Paper.**—Investigation of root diseases of coconuts, by Mr. M. Park, A.R.C.S., Assistant Mycologist, Department of Agriculture. **Paper.**—The Marketing of Produce, by Mr. G. Robert de Zoysa. **Paper.**—Bee Culture, by [[Mr. A. P. Goonatilleke]]. **Thursday, May 10, Afternoon Session.** 2 p.m. to 4 p.m. **Paper.**—The development of the Wanni from the point of view of the people of Jaffna, by Mr. W. P. A. Cooke, M.Sc., Divisional Agricultural Officer, Northern …	https://archive.org/details/dli.ernet.229220/page/n286/mode/1up	vol070_dli-ernet-229220#1928-05#003		
G037	P000556	A. P. Goonatilleke	explicit	1915	A. P. GOONATILLEKE	author	## BEE KEEPING IN CEYLON. [[A. P. GOONATILLEKE]]. Transferring is the term used for taking the combs and bees from one hive into another, it may be from a log or some natural or artificial hive into a modern frame hive. The easiest way to do this is to drive the bees,…	https://archive.org/details/lbg.tropicalagricultvol.xliv0000unse_e6v7/page/n184/mode/1up	vol044_lbg-tropicalagricultvol-xliv0000unse-e6v7#1915-03#028		
G038	P000573	L. De Z. Jayatilleke	corpus_dominant	1918	MR. JAYATILLEKE	Agricultural Instructor, Kalutara	…R. MADANAYAKE, Agricultural Instructor, Galle, submitted specimens of *Nacoleia indicata* attacking (1) Dwarf French Beans, (2) Insects and aphides attacking long beans and (3) *Plutella maculipennis* attacking mustard. [[MR. JAYATILLEKE]], Agricultural Instructor, Kalutara, submitted specimens of insects attacking recently-introduced brinjals at Bandaragama. The Entomologist reported as follows:—"The specimens are those of a *Phytophagon coccinellid*, *E…	https://archive.org/details/dli.ernet.21168/page/n373/mode/1up	vol050_dli-ernet-21168#1918-06#009		
G038	P000573	L. De Z. Jayatilleke	explicit	1918	L. DE Z. JAYATILLEKE	Agricultural Instructor, Western Province	…l represented. The Oriental Art School of Panadura conducted by MR. HANTY APPUHAMY exhibited beautiful and valuable art flowers, embroidery, etc. The Totamune Mudaliyar deserves every credit for the success of the Show. [[L. DE Z. JAYATILLEKE]], Agricultural Instructor, Western Province.	https://archive.org/details/tropical-agriculturist_1918-07_51_1/page/n34/mode/1up	vol051_iss01_tropical-agriculturist-1918-07-51-1#1918-07#006		
G038	P000573	L. De Z. Jayatilleke	explicit	1917	L. D. Z. Jayatilleke	Agricultural Instructor, Kalutara	(surface not found in text)	https://archive.org/details/tropical-agriculturist_1917-06_48_6/page/n63/mode/1up	vol048_iss06_tropical-agriculturist-1917-06-48-6#1917-06#035		
G038	P000573	L. De Z. Jayatilleke	explicit	1918	L. de Z. Jayatilleke	Agricultural Instructor	…. W. Molegode | | - | | 852.91 | | | | 3. L. A. D. Silva | | - | | 569.44 | | | | 4. M. J. A. Karunanayake | | - | | 731.22 | | | | 5. A. Madanayake | | - | | 668.01 | | | | 6. J. R. Nugawela | | - | | 589.90 | | | | 7. [[L. de Z. Jayatilleke]] | | - | | 554.74 | | | | 8. V. Ramanathan | | - | | 616.59 | | | | 9. C. W. Bibile | | - | | 75.20 | | | | 10. P. B. Kapuwatte | | - | | — | | | | 11. C. P. Crispeyn | | - | | 53.50 | | | | (c) General | | - | | 703.42 …	https://archive.org/details/tropical-agriculturist_1918-12_51_6/page/n56/mode/1up	vol051_iss06_tropical-agriculturist-1918-12-51-6#1918-12#022		
G039	P000611	W. J. Gallagher	corpus_dominant	1914	GALLAGHER	researcher	…unced in soils containing a large amount of fine particles. ### INFLUENCE OF FERTILISERS ON SOIL MOISTURE. The action of soluble salts in affecting the moisture conditions of the soil is of great importance. CAMERON and [[GALLAGHER]]† have shown that the physical nature of the soil changes with its moisture-content, and consider that for every soil that is an optimum moisture-content at which its physical condition is more favourable for plant growt…	https://archive.org/details/lbg.630.5.tag.v.42/page/n214/mode/1up	vol042_lbg-630-5-tag-v-42#1914-03#028		
G039	P000611	W. J. Gallagher	article	1910	Mr Gallagher	Chairman	…he was sorry to say that the books he had hoped to have showing the style of book useful for preparing rubber returns were not ready, nor were the plans of a drying house yet available. An enthusiastic vote of thanks to [[Mr Gallagher]] for taking the chair with such conspicuous success brought the meeting to a close. —*Malay Mail*, May 3.	https://archive.org/details/tropicalagricul341910ceyl/page/n580/mode/1up	vol034_tropicalagricul341910ceyl#1910-06#039		
G039	P000611	W. J. Gallagher	explicit	1909	W J GALLAGHER	author in Straits Agricultural Bulletin	…ly begin at the bottom on trees where the early tapping has been bad, seem to be a disease not due to any parasitic organism but to some derangement in the internal economy of the tree induced perhaps by severe tapping.—[[W J GALLAGHER]] in the *Straits Agricultural Bulletin* for March. ### SCARCITY OF TAPPERS IN THE F.M.S. We hear that, although there is no lack of raw or unskilled agricultural labour just at the present moment, many estates which are …	https://archive.org/details/tropicalagricul321909ceyl/page/n322/mode/1up	vol032_tropicalagricul321909ceyl#1909-03#069		
G039	P000611	W. J. Gallagher	explicit	1932	W. J. Gallagher	Representing Malayan interests	…., C.B.E., nominated by the Colonial Advisory Council of Agriculture and Animal Health, Sir George Maxwell, nominated by the Malayan Governments, A member to be nominated by the Ceylon Government, Messrs. P. J. Burgess, [[W. J. Gallagher]], and H. E. Miller, representing Malayan interests and nominated by the Rubber Growers' Association, Sir Herbert Wright, and Messrs. G. H. Masefield and G. Brown, representing Ceylon interests and nominated by the Rubber…	https://archive.org/details/tropical-agriculturist_1932-06_78/page/n59/mode/1up	vol078_tropical-agriculturist-1932-06-78#1932-06#011		
G040	P000651	H. L. Van B.	explicit	1888	Hugh B.	planter	…great financier. Round the corner is Dodayalla, for so many years a bone of contention, below which lies the wattie poor Hinck lost; but I am thinking of a wattie stretching beyond this, where that hardy son of the soil [[Hugh B.]] so long and so faithfully served his not always too appreciative "ferrum"; and I wonder how tea will do on Woodside? † From this point we look down upon Dumbara, and Dumbara looks down upon tea, I am told; but if the mo…	https://archive.org/details/tropicalagricult8188ceyl/page/n440/mode/1up	vol008_tropicalagricult8188ceyl#1888-12#103		
G040	P000651	H. L. Van B.	explicit	1917	H. L. VAN B.	author	…ow older. The amount rises from 15.7% to 17.8% between one year old plants and those three years old. The purity is independent of the age. The lower parts of the plant give more tannin than the upper parts of the bark. [[H. L. VAN B.]]	https://archive.org/details/tropical-agriculturist_1917-10_49_4/page/n60/mode/1up	vol049_iss04_tropical-agriculturist-1917-10-49-4#1917-10#022		
G040	P000651	H. L. Van B.	explicit	1917	H. L. VAN B.	author	…eld proved to be Boyd and Yellow Pryor. First attempts at curing produced too dark a leaf. In handling the crop the extreme dryness of the air at Maigana proved a great difficulty; better results are expected at Ilorin. [[H. L. VAN B.]]	https://archive.org/details/tropical-agriculturist_1917-03_48_3/page/n47/mode/1up	vol048_iss03_tropical-agriculturist-1917-03-48-3#1917-03#027		
G040	P000651	H. L. Van B.	explicit	1917	H. L. VAN B.	author of the article	…tion of very intensive cultivation. In Madras, no extra charge is made in such cases. The rules governing such cases are worthy of study by our administrative officers as it appears deserving of adoption here in Ceylon. [[H. L. VAN B.]]	https://archive.org/details/tropical-agriculturist_1917-12_49_6/page/n62/mode/1up	vol049_iss06_tropical-agriculturist-1917-12-49-6#1917-12#024		
G041	P000680	J. O. Westwood	corpus_unique	1882	Professor Westwood	illustrator	…otes and observations on their various pests as they have time for. This treatise of 323 pages is based in many respects on Curtis's "Farm Insects," and many of the illustrations are from that book or from the pencil of [[Professor Westwood]]. A great amount of information is compiled from previous writers, supplemented with the records of all those who have so willingly rendered Miss Ormerod aid. Although our insects are very different, yet we notice in the…	https://archive.org/details/tropicalagricult18821883colo/page/n78/mode/1up	vol002_tropicalagricult18821883colo#1882-07#104		
G041	P000680	J. O. Westwood	explicit	1896	Professor J. O. Westwood		MR. E. E. GREEN ON A CEYLON INSECT.—At a meeting of the Entomological Society on February 5th, Mr. E. E. Green remarked that in the *Trans. Ent. Soc.*, 1881, p. 601, was a short paper by the late [[Professor J. O. Westwood]], describing a curious little insect from Ceylon under the name of *Dyscritina longisetosa*. Professor Westwood believed his typical specimens to be immature. Mr. Green exhibited what he supposed to be a later stage of t…	https://archive.org/details/tropicalagricult1518ceyl/page/n733/mode/1up	vol015_tropicalagricult1518ceyl#1896-04#115		
G041	P000680	J. O. Westwood	corpus_unique	1884	Westwood	entomologist	… these remarkable creatures there are five ascertained species in Ceylon: *Psyche Doubledayi*, Westw.; *Metisa Plana*, Walker; *Eumeta Cramerii*, Westw.; *E. Templetonii*, Westw.; and *Cryptotheca consorta*, Temp. (From [[Westwood]].) The genera *Oiketicus* and *Psyche* are remarkable for the habit which their larvæ have of constructing for themselves portable cases of bits of grass and sticks or leaves in which they reside, and undergo their trans…	https://archive.org/details/tropicalagricult18841885colo/page/n462/mode/1up	vol004_tropicalagricult18841885colo#1884-12#023		
G041	P000680	J. O. Westwood	corpus_unique	1886	Westwoop	cited authority	…re: from one *imprægnatō* nine fruitful generations of females have been produced in three months; in another instance eleven generations in seven months; in a third instance they continued to propagate for four years! ([[Westwoop]].) The eggs being hatched in the body of the mother-insect, the young come forth alive. Such productiveness, however, does not appear to exist among the *Aph. coffee*: at all events the communities are generally small, a…	https://archive.org/details/tropicalagricult18861887colo/page/n443/mode/1up	vol006_tropicalagricult18861887colo#1886-12#136		
G042	P000681	John Capper	corpus_dominant	1888	Mr. Capper	compiler of handbook	…ached to this is unfortunately very imperfect, and I am sorry that many names of exhibitors have been left out. It was impossible for me to compile a handbook myself, and I felt that it could not be in better hands than [[Mr. Capper]]'s, but I intended also that the printers should be in London. Unfortunately our Exhibition rule made it necessary to employ Messrs. Constable of Edinburgh, who of course had a great press of Exhibition work on, and the …	https://archive.org/details/tropicalagricult8188ceyl/page/n292/mode/1up	vol008_tropicalagricult8188ceyl#1888-10#086		
G042	P000681	John Capper	article	1885	Mr. Capper		…he island, especially in that part stretching from the Giant's Tank to Elephant Pass, to which he believed the surplus population of the Jaffna peninsula would flock if the water-supply could be made secure. In reply to [[Mr. Capper]]'s query as to the development of rice cultivation in Batticaloa, Mr. Elliott gave the following figures:— | | | | | | Area Actually Cultivated. | | Land Revenue. | | | | | | Acres. | | R. | | | | | | 1856 | | 22,655 | |…	https://archive.org/details/tropicalagricult18851886colo/page/n237/mode/1up	vol005_tropicalagricult18851886colo#1885-09#136		
G042	P000681	John Capper	norm	1899	Mr. Capper	journalist, merchant	…f the Planting and Commercial as well as Journalistic Enterprise of Ceylon. But it was not till our visit to England in 1896 that we could command the needful information to make our biographical notice an adequate one. [[Mr. Capper]] himself had shortly before taken a special interest in our proposal, and at our request, readily wrote out some dozen pages of "Recollections" of his early days in Ceylon; but these had to be closed abruptly for the rea…	https://archive.org/details/tropicalagricult1818ceyl/page/n854/mode/1up	vol018_tropicalagricult1818ceyl#1899-06#001		
G042	P000681	John Capper	explicit	1899	John Capper	planter journalist, 1837-1886	…e one eventually used was a copy of that placed in the Ceylon (London) Association album and had been taken by Walery of Regent Street some years previously. To turn now to the subject of what has become our Memoir: Mr. [[John Capper]] was born in 1814 of an East Anglian, and we believe Nonconformist, family, though he himself became an Anglican Low Churchman. After a good plain education, he took to journalism early in life, and when only 20 years of…	https://archive.org/details/tropicalagricult1818ceyl/page/n852/mode/1up	vol018_tropicalagricult1818ceyl#1899-05#171		
G043	P000691	C. P. Lounsbury	corpus_unique	1904	Mr. Lounsbury		… complicated with equine malaria or "Biliary fever." A tick has been convicted of being the carrier of the blood-parasite which causes that very fatal form of malignant malarial fever of our domestic friend the dog, and [[Mr. Lounsbury]] has shown that this new disease of cattle which Dr. Koch has called "African Coast Fever" is also communicated by a tick. There is as yet some doubt whether more than one species of tick carries and communicates the org…	https://archive.org/details/tropicalagricult2319ceyl/page/n905/mode/1up	vol023_tropicalagricult2319ceyl#1904-06#125		
G043	P000691	C. P. Lounsbury	article	1920	MR. LOUNSBURY	detailed working of Legislation in South Africa	…ies and Protectorates dealing with Plant Pests and Diseases was considered and it was felt that delegates should undertake to have those sections relating to the country or countries they represented brought up to date. [[MR. LOUNSBURY]] then detailed the working of Legislation in South Africa. He urged the necessity of prohibiting the import of certain plants either in general or from specified countries and the proper working of fumigatoriums by train…	https://archive.org/details/lbg.630.5.tag.v.55/page/n296/mode/1up	vol055_lbg-630-5-tag-v-55#1920-11#002		
G043	P000691	C. P. Lounsbury	explicit	1898	CHAS. P. LOUNSBURY	Govt. Entomologist	…e are most anxious to learn from the readers of the Journal the occurrence of this insect anywhere in South Africa. If it is anywhere found we would earnestly request that specimens be at once despatched to this office. [[CHAS. P. LOUNSBURY]], Govt. Entomologist. ![A decorative horizontal line with a central floral or scroll-like ornament.](c82fe2355e43200e978409fad9105b0f_15_img.webp)	https://archive.org/details/tropicalagricult1818ceyl/page/n89/mode/1up	vol018_tropicalagricult1818ceyl#1898-07#139		
G043	P000691	C. P. Lounsbury	corpus_unique	1899	Mr. Lounsbury	Government Entomologist at the Cape	## IMPORTANT LETTER REFERRING TO LOCUSTS. We have been favoured with an interesting letter with reference to the destruction of locusts by [[Mr. Lounsbury]], the Government Entomologist at the Cape. It will be remembered that the visitation of spotted locusts was the subject of a special Circular issued from the Botanic Gardens. Though locust visitations have hitherto not p…	https://archive.org/details/tropicalagricult1818ceyl/page/n688/mode/1up	vol018_tropicalagricult1818ceyl#1899-03#171		
G044	P000688	A. Lehmann	corpus_dominant	1908	Dr. Lehmann	in charge of chemical laboratory	…romoters of mutual confidence, self-reliance and honest enterprise. Government have given the facilities, it is for you to take advantage of them." On my first visiting the Exhibition I was fortunate in having for guide [[Dr. Lehmann]], State Agricultural Chemist, who combines in himself all the duties of an Agricultural Department. Dr. Lehmann had much to do with the Exhibition, and being thoroughly conversant with the exhibits, was able to explain t…	https://archive.org/details/tropicalagricul301908ceyl/page/n73/mode/1up	vol030_tropicalagricul301908ceyl#1908-01#020		
G044	P000688	A. Lehmann	corpus_honorific	1899	Dr. Lehmann	Agricultural Chemist	…, and the rain which fell in February has not on the whole been prejudicial." **AGRICULTURAL CHEMIST.**—The out come of the various discussions that have taken place, as far as Mysore is concerned, is the appointment of [[Dr. Lehmann]], the Dewan exhibiting in the matter his accustomed liberal-mindedness. All those who are interested in agriculture cannot fail to be gratified at the appointment of so highly qualified a Chemist, and I hope shortly we m…	https://archive.org/details/tropicalagricult1918ceyl/page/n118/mode/1up	vol019_tropicalagricult1918ceyl#1899-08#024		
G044	P000688	A. Lehmann	article	1906	Dr. LEHMANN		…n? Mr. WRIGHT:—It was tapped on the V system. Of course, it could be done much better now than then. Mr. DEVITT (Mysore):—Could you tap it now? Mr. WRIGHT:—Yes, but it would be difficult to get an even line on the bark. [[Dr. LEHMANN]]:—How long is it since it has been tapped? Mr. WRIGHT:—Not since Dr. Trimen's time, I think. [The trees that were then tapped, it was pointed out, were tapped rather high.] He said the trees in this group were all of the…	https://archive.org/details/tropicalagricul271906ceyl/page/n505/mode/1up	vol027_tropicalagricul271906ceyl#1906-12#004		
G044	P000688	A. Lehmann	explicit	1906	A. Lehmann	attendee	…C. Leslie Devitt, G. A. Greig, F. G. Ballard, C. M. B. Wilkins, F. W. Byrde, C. W. H. Duckworth, W. L. Hutchinson, J. Cameron, R. L. Proudlock, T. P. Simpson, T. B. Campbell, R. Huyshe Eliot, H. Zacharias, J. C. Forbes, [[A. Lehmann]], H. M. Devitt, E. M. Coventry, S. Brett, J. S. Patterson, Alex. Fairlie and Col. Ingouville-Williams. ### THE LECTURE. Mr. HERBERT WRIGHT—after the party had taken their places on seats arranged near the Laboratory—said…	https://archive.org/details/tropicalagricul271906ceyl/page/n505/mode/1up	vol027_tropicalagricul271906ceyl#1906-12#004		
G045	P000729	H. L. Ludowyk	explicit	1924	H. L. Ludowyk	Librarian, Department of Agriculture, Ceylon	## GRAFTING IN COFFEE CULTURE.\* DR. P. J. S. CRAMER. (Translated from the *Nederlandsch-Indisch Rubber-en Thee Tijdschrift* 1923, Nos. 18, 19 and 20, by [[H. L. Ludowyk]], Librarian, Department of Agriculture, Ceylon.) ### BRIEF HISTORY. The title I originally intended giving to my discourse of to-day was this: "A New Development in the Cultivation of Coffee." But I feared, however, that…	https://archive.org/details/lbg.630.5.tag.v.62/page/n91/mode/1up	vol062_lbg-630-5-tag-v-62#1924-02#005		
G045	P000729	H. L. Ludowyk	explicit	1923	H. LUDOWYK	Librarian, Department of Agriculture, Ceylon	## NOTES ON PINE-APPLE CULTIVATION. A. KOPP. *Translated from "Revue de Botanique Appliquée," Vol. II. No. 13, by* [[H. LUDOWYK]], *Librarian, Department of Agriculture, Ceylon.* The pine-apple (*Ananassa Sativa L.*) belonging to the family *Bromeliaceæ* is a native of tropical America; but is naturalised now in all warm, damp, tropical forests of…	https://archive.org/details/tropicalagricult0061unse/page/n355/mode/1up	vol061_tropicalagricult0061unse#1923-12#006		
G045	P000729	H. L. Ludowyk	explicit	1922	H. L. LUDOWYK	Librarian, Department of Agriculture	## COFFEE CULTURE.\* J. HAGEN. (Translated from the Dutch by [[H. L. LUDOWYK]], Librarian, Department of Agriculture.) [Continued from September issue.] ### CHAPTER III. #### Chemical Composition. The stimulant element in Coffee is Caffeine, which, however, does not affect the flavour of the bever…	https://archive.org/details/tropicalagricult0059unse/page/n292/mode/1up	vol059_tropicalagricult0059unse#1922-11#003		
G045	P000729	H. L. Ludowyk	explicit	1927	H. LUDOWYK	Librarian, Department of Agriculture	# The Cashew Nut. [[H. LUDOWYK]], *Librarian, Department of Agriculture.* THE Cashew Tree (*Anacardium occidentale*) is a fairly common tree in Ceylon and grows especially on the sea board and at low elevations in village gardens. It is not cultivated …	https://archive.org/details/tropical-agriculturist_1927-07_69/page/n46/mode/1up	vol069_tropical-agriculturist-1927-07-69#1927-07#014		
G046	P000767	Hugh Cleghorn	corpus_unique	1912	Dr. Cleghorn	Identified Soy beans	…duction of Soy beans into India. There is no doubt that certain hill tribes, mostly of Mongolian origin, have cultivated the bean for a long time. At the Punjab Exhibition held at Lahore in 1864 Soy beans, identified by [[Dr. Cleghorn]], were sent from the Hill States. This is the first record of the beans being exhibited in this country, and shows that the cultivation was on an insignificant scale. ### EXPERIMENTS IN INDIA. In 1882 Messrs. Jardine, Ma…	https://archive.org/details/tropicalagricul381912ceyl/page/n24/mode/1up	vol038_tropicalagricul381912ceyl#1912-01#006		
G046	P000767	Hugh Cleghorn	corpus_honorific	1883	Dr. Cleghorn	devoted attention to consolidating shifting sands	…ment as follows:— The utilisation of indigenous plants to bind the sands of this coast was apparently first attempted in 1849 on the suggestion of Colonel Worster, R.A., to protect the beach road from sand. Subsequently [[Dr. Cleghorn]] devoted attention to the subject, the immediate object then in view being to consolidate the shifting sands thrown up by the sea near Sir A. Cotton's groynes, which still exist along the beach opposite the city of Madra…	https://archive.org/details/tropicalagricult18831884colo/page/n28/mode/1up	vol003_tropicalagricult18831884colo#1883-07#017		
G046	P000767	Hugh Cleghorn	explicit	1884	Deputy-Surgeon-General Hugh Cleghorn	Conservator of Forests	…d by seven years of incessant exposure to the dangers of forest life, when little was known about healthy or unhealthy seasons in the jungles, was forced to retire from his appointment, the work of which was taken up by [[Deputy-Surgeon-General Hugh Cleghorn]], M. D., as the first regularly constituted Conservator of Forests in the Madras Presidency. Cleghorn carried out the organisation of the new department in Madras with such astonishing energy and success that he was soon…	https://archive.org/details/tropicalagricult18841885colo/page/n300/mode/1up	vol004_tropicalagricult18841885colo#1884-10#023		
G046	P000767	Hugh Cleghorn	corpus_honorific	1883	Dr. Cleghorn	author of Forests and Garden of South India	…rdens. The fine old tree of this species near the entrance to Peradeniya affords an abundant crop of pods every year, and there can be no doubt that the plants would flourish generally at the lower elevations in Ceylon. [[Dr. Cleghorn]], in his "*Forests and Garden of South India*," says that small plantations of *C. coriaria* exists at Bangalore, Guntur, Hunsur, Masulipatam, &c., and that the tree grows well in most of these situations. In Nov. 1881, …	https://archive.org/details/tropicalagricult18821883colo/page/n661/mode/1up	vol002_tropicalagricult18821883colo#1883-02#073		
G047	P000760	F. C. Fisher	corpus_dominant	1910	Fisher	administrator	…n, I may say that Batticaloa had a bad name for several reasons. The district was always considered a penal settlement for offending officials, but this has been changed. Lately we have had the very best administrators: [[Fisher]], Murray, Freeman, Murty; able Office Assistants and very good and capable P. W.D. and Irrigation Officers. A great drawback to Batticaloa is the bad and slow connection with other districts. I believe there is an export…	https://archive.org/details/tropicalagricul351910ceyl/page/n109/mode/1up	vol035_tropicalagricul351910ceyl#1910-07#066		
G047	P000760	F. C. Fisher	article	1898	Commander Fisher	R.N.	…ter, Esq. | | Hawtrey T Thwaites, Esq. | | | | E H L Thomas, Esq. | | W Waddon Martyn, Esq. | | | | R V Webster, Esq. | | Gerald Browne, Esq. | | | | A H Thomas Esq. | | E Rosling, Esq. | | | | Richard Jackson, Esq. | | [[Commander Fisher]], R.N. | | | | W Drummond Deane, Esq. | | Lieut. Hickley, R.N. | | | | R W Ivers, Esq., c.c.s. | | Lieut. Hume, R.N. | | | | Alex. Murray, Esq. | | Lt-Col. Corse-Scott, R W | | | | J E A Dick-Lauder, Esq. | | Regiment. |…	https://archive.org/details/tropicalagricult1718ceyl/page/n574/mode/1up	vol017_tropicalagricult1718ceyl#1898-02#034		
G047	P000760	F. C. Fisher	explicit	1898	F C Fisher		…J S M Ross, Esq. | | | | Geo Beck, Esq. | | A T Cathcart, Esq. | | | | W Murray, Menzies Esq. | | Fred Hadden, Esq. | | | | N Rowsell, Esq. | | A H Pain, Esq. | | | | H P Gallwey, Esq. | | Allanson, Bailey, Esq. | | | | [[F C Fisher]], Esq. | | A M White, Esq. | | | | H Gordon, Esq. | | H W Kennedy, Esq. | | | | A Jackson, Esq. | | G W Templer, Esq. | | | | A Thomas, Esq. | | J V Owen, Esq. | | | | A M Hurst, Esq. | | E Rosling, Esq. | | | | A S Brou…	https://archive.org/details/tropicalagricult1718ceyl/page/n574/mode/1up	vol017_tropicalagricult1718ceyl#1898-02#034		
G047	P000760	F. C. Fisher	explicit	1908	Mr F C Fisher	Government Agent	…on of new varieties of tobacco and curing them to suit foreign markets. The improvement of this industry he considered to have been of greater importance to this province than any administrative or legislative measures. [[Mr F C Fisher]] and Mr J P Lewis also held similar views. Mr F H Price, the present Government Agent, not only referred to the subject in great detail in his last administration report, but has also, seeing the gravity of the situation…	https://archive.org/details/tropicalagricul311908ceyl/page/n208/mode/1up	vol031_tropicalagricul311908ceyl#1908-08#057		
G048	P000812	James Inglis	norm	1894	Mr. Inglis	founder of James Inglis & Co.	…ne of the only two morning daily newspapers in New South Wales—namely, *The Newcastle Morning Herald* and *Miners' Advocate*. The other was *The Sydney Morning Herald*. During the famous Exhibition in the Garden Palace, [[Mr. Inglis]] was the chief exhibitor in the Indian Court. His brother, the Hon. A. B. Inglis, President of the Calcutta Chamber of Commerce, and a Member of the Viceroy's Council, had been one of the leading spirits in forming what …	https://archive.org/details/tropicalagricult1318ceyl/page/n560/mode/1up	vol013_tropicalagricult1318ceyl#1894-02#031		
G048	P000812	James Inglis	explicit	1882	Mr. J. Inglis	author of letter on castor oil cultivation	#### CASTOR OIL PLANT. [[Mr. J. Inglis]] writes:—I was asked a short time ago by a well-known firm in town to write answers to a series of questions on the cultivation of the castor oil plant. The information was wanted for some young planters in Fiji, but I h…	https://archive.org/details/tropicalagricult18821883colo/page/n78/mode/1up	vol002_tropicalagricult18821883colo#1882-07#106		
G048	P000812	James Inglis	explicit	1908	Hon. James Inglis	Provisional Director	…he Company and the Shareholders will reap the full benefit of the cash purchases made and of the application for lands now under consideration by the British authorities. The Provisional Directors are:—Col. James Burns, [[Hon. James Inglis]], Adam Forsyth, Esq., and Walter Lucas, Esq.	https://archive.org/details/tropicalagricul301908ceyl/page/n299/mode/1up	vol030_tropicalagricul301908ceyl#1908-03#055		
G048	P000812	James Inglis	explicit	1883	JAS. INGLIS	author of the letter	…, and covered very lightly up. As soon as germination begins I water judiciously, and keep the ground moist and prevent it caking. I will be glad to hear the success of the experiment, and remain, dear sir, yours truly, [[JAS. INGLIS]].	https://archive.org/details/tropicalagricult18821883colo/page/n563/mode/1up	vol002_tropicalagricult18821883colo#1883-01#021		
G049	P000796	Clements R. Markham	article	1931	Markham	explorer/expedition leader	…eeds brought by Hasskarl and from those, which had been previously sent by him, a great number of plants were later on obtained. The leadership of the British expedition to South America was entrusted to Sir Clements R. [[Markham]]. As he himself had not studied botany, Markham had, to carry out his enterprise, secured the collaboration of a number of scientific men, several of whom were already more or less acquainted with the cinchona regions af…	https://archive.org/details/tdl.34003-the-tropical-agriculturist-the-agricultural-journal-of-ceylon/page/n293/mode/1up	vol077_tdl-34003-the-tropical-agriculturist-the-agricultural-journa#1931-11#002		
G049	P000796	Clements R. Markham	explicit	1881	Clements Markham	author, explorer	…all be for meat." From far off down the ages comes the echo of the voice which spoke through the H-brew seer, and comes to us with all the freshness of a new message, as we close the utterly prosaic pages before us. Mr. [[Clements Markham]] has laboured long, earnestly, and successfully at his difficult task, and before attempting to follow him in his researches, we would state briefly what that task has been, and what has been accomplished. Mr. Markham se…	https://archive.org/details/tropicalagricult1188ceyl/page/n430/mode/1up	vol001_tropicalagricult1188ceyl#1881-11#010		
G049	P000796	Clements R. Markham	explicit	1896	Clements R. Markham	instrumental in introducing rubber-culture into India	… Purcell Taylor, says:—The following communication in the *Tropical Agriculturist* (Colombo) may possibly serve to throw some light upon the slow progress made in rubber-culture generally. It will be remembered that Mr. [[Clements R. Markham]], who was so largely instrumental in introducing rubber-culture into India, in an article contributed some time ago to the *India Rubber World*, mentioned more than once the "official apathy and indifference" shown towar…	https://archive.org/details/tropicalagricult1618ceyl/page/n63/mode/1up	vol016_tropicalagricult1618ceyl#1896-07#088		
G049	P000796	Clements R. Markham	explicit	1886	Mr. Clements R. Markham, C.B.		…ded the cultivation of the native *Ficus elastica*, and the acclimation of the *Hevea Brasiliensis*, yielding Para rubber, and also other species from which are obtained valuable commercial varieties. Backed as I was by [[Mr. Clements R. Markham, C.B.]], and Mr. Gustav Maun, of the Indian Forest Department, the Indian Government took the matter in hand.	https://archive.org/details/tropicalagricult18851886colo/page/n892/mode/1up	vol005_tropicalagricult18851886colo#1886-06#135		
G050	P000785	Agricola	pool	1886	AGRICOLA	author signature	…ion from the plant being greater than its own powder of absorption from the soil: in a word keep your plants till they are ready for stumping, or plant them out of a well-prepared bed entire when six to even months old. [[AGRICOLA]].	https://archive.org/details/tropicalagricult18861887colo/page/n190/mode/1up	vol006_tropicalagricult18861887colo#1886-09#056		
G050	P000785	Agricola	pool	1883	Agricola	author of letter	LOSSES OF NITROGEN IN DRAINAGE WATERS. From a letter by "[[Agricola]]" in the *Field* on this subject, we take the following extracts:— There cannot be the slightest doubt that the heavy scourings in summer and autumn, which have proved such striking features in the last few years, are de…	https://archive.org/details/tropicalagricult18821883colo/page/n920/mode/1up	vol002_tropicalagricult18821883colo#1883-05#101		
G050	P000785	Agricola	pool	1882	Agricola	writer	…ome very intelligent farmers in the neighbourhood of Guildford some years ago, and I believe they tried gorse as a forage plant. It grows freely enough and blossoms magnificently, all over Surrey, on the poorest sands. "[[Agricola]]" gave many examples in the *Field* of its successful cultivation; and many others have been reported in Staffordshire, where it was given to cows, and in Wales, where it put horses into capital condition. I have seen a …	https://archive.org/details/tropicalagricult18821883colo/page/n187/mode/1up	vol002_tropicalagricult18821883colo#1882-08#152		
G050	P000785	Agricola	pool	1883	AGRicola	author	(surface not found in text)	https://archive.org/details/tropicalagricult18821883colo/page/n690/mode/1up	vol002_tropicalagricult18821883colo#1883-02#141		
G051	P000834	Andrew Nicol	corpus_dominant	1897	Mr. Nicol	planter, Glenorchy	…AN next proposed that a vote of thanks be accorded to the Ceylon and London staffs for the efficient working of the company's property and business. He said they were well satisfied with their representatives in Ceylon. [[Mr. Nicol]], upon Glenorchy, was an old planter, and Mr. Fraser, on Chrysler's Farm, was also one of the oldest planters in the Island. In both of them they had every reason to show perfect confidence. The staff at home had worked …	https://archive.org/details/tropicalagricult1718ceyl/page/n73/mode/1up	vol017_tropicalagricult1718ceyl#1897-07#089		
G051	P000834	Andrew Nicol	explicit	1888	Mr. Andrew Nicol	pioneer of Rangala	…ring the settled well-roaded condition of the Northern districts now-a-days, it is difficult to credit the story of some of the drawbacks to THE TROPICAL AGRICULTURIST. 339 cultivation in the time of the early planters. [[Mr. Andrew Nicol]]—"the poor but industrious planter" and pioneer of Rangala—has just been telling us of the time when he had to send coolies into Kandy regularly for their rice supplies. He lost thereby three days of each man, taken up o…	https://archive.org/details/tropicalagricult8188ceyl/page/n362/mode/1up	vol008_tropicalagricult8188ceyl#1888-11#091		
G051	P000834	Andrew Nicol	explicit	1894	Andrew Nicol	pioneer of the colony	…s in our monthly periodical—to be resumed (d.v.) at a later date. Already in the first series, we have dealt with Sir Edward Barnes, G.C.B.; Major Skinner, C.M.G.; A. M. Ferguson, C.M.G.; O. Elliott, M.D.; R. B. Tytler; [[Andrew Nicol]]; John Walker; John Gavin; Gabriel and Maurice Worms; and Wm. Rudd, senior; and we have yet to give James Taylor of cinchona and tea fame; Thomas Wood of Spring Valley as representing Uva; and perhaps Alex. Brown, one of…	https://archive.org/details/tropicalagricult1418ceyl/page/n136/mode/1up	vol014_tropicalagricult1418ceyl#1894-08#074		
G051	P000834	Andrew Nicol	explicit	1894	Mr. Andrew Nicol		…nd more to his purely scientific Botanical work. There was, indeed, in 1854, a vigorous effort made in the Legislative Council (Sir G. Anderson being Governor) to put down the Gardens altogether, the attack being led by [[Mr. Andrew Nicol]]. We cannot find that Dr. Thwaites wrote anything about it; but the Gardens were powerfully backed by Prof. Lindley and others in London and by the late (Mr. Wm. Ferguson in the *Ceylon Observer*). It is interesting now …	https://archive.org/details/tropicalagricult1418ceyl/page/n98/mode/1up	vol014_tropicalagricult1418ceyl#1894-08#001		
G052	P000875	Alexander Hosie	corpus_unique	1884	Mr. Hosie	traveler, author of account of journey	TEA IN WESTERN CHINA. In our last issue we noticed at some length a very interesting Parliamentary paper giving an account of a journey made by [[Mr. Hosie]] through the provinces of Ssu-chuang Yunnan, and Kuei-chou. In the account of his journey Mr. Hosie incidentally gives a few details regarding the tea production and the western tea trade with Tibet. It was hoped by the …	https://archive.org/details/tropicalagricult18831884colo/page/n810/mode/1up	vol003_tropicalagricult18831884colo#1884-05#042		
G052	P000875	Alexander Hosie	explicit	1908	Sir Alexander Hosie	British Commercial Attaché in China	…-si, Kwang-tung, Chi-kian Kiang-si, and Sze-chwang. The exports from Foochow in the first half-year of 1907 amounted to 1,350,000 kin (about 810 tons). According to a report from the British Commercial Attaché in China, [[Sir Alexander Hosie]], there are in Foochow seventeen Chinese and several Japanese refiners in full operation, where the natural crude camphor oil produced in the interior and put up in old petroleum tins is worked up into camphor. In view o…	https://archive.org/details/tropicalagricul311908ceyl/page/n134/mode/1up	vol031_tropicalagricul311908ceyl#1908-08#004		
G052	P000875	Alexander Hosie	corpus_unique	1891	Mr. Consul Hosie	author of report on trade of Winchow	THE PREPARATION OF VEGETABLE TALLOW IN CHINA. In a recently-issued report by [[Mr. Consul Hosie]] on the trade of Winchow, he thus refers to vegetable tallow from *Stillingia sebifera*, which he says occasionally appears as an import, but more frequently as an export. The tree is largely cultivated near Wencho, and …	https://archive.org/details/tropicalagricult1118ceyl/page/n306/mode/1up	vol011_tropicalagricult1118ceyl#1891-10#132		
G052	P000875	Alexander Hosie	explicit	1891	Mr. Alexander Hosie	author of report on journey through Central Tsu-ch'uan	…ecacuanha. The hard seeds when roasted and ground are said to be a good substitute for coffee. 41. *Viburnum dilatatum*, Thunb.—This plant was first noticed as the source of a peculiar kind of tea in a report in 1885 by [[Mr. Alexander Hosie]], of a journey through Central Tsu-ch'uan. It was noticed in a communication by myself to the *Gardeners' Chronicle* for September 26, 1885, p. 402, and to make these notes more complete, I reproduce it here. Referring t…	https://archive.org/details/tropicalagricult1018ceyl/page/n777/mode/1up	vol010_tropicalagricult1018ceyl#1891-04#101		
G053	P000883	Edward Pettit	corpus_unique	1898	Mr. Pettit	shareholder	…ed unanimously. On the motion of Mr. Haslam, seconded by Mr. R. B. Reid, Messrs. Harper Brothers, chartered accountants, were appointed auditors. The proceedings closed with a vote of thanks to the chairman, proposed by [[Mr. Pettit]] and seconded by Mr. Haslam.—*H. and C. Mail*, April 8.	https://archive.org/details/tropicalagricult1718ceyl/page/n825/mode/1up	vol017_tropicalagricult1718ceyl#1898-05#135		
G053	P000883	Edward Pettit	article	1896	Mr. Pettit	director	…ny were thoroughly well managed, and every £1 that was spent was severely criticised by the directors. The following resolutions were put to the meeting and carried unanimously:— Proposed by the Chairman and seconded by [[Mr. Pettit]], "That the report and accounts be received and adopted." Proposed by Mr. Austin and seconded by Mr. Pettit, "That the payment of a dividend on the 6 per cent. Preference shares for the six months ending December 31, 189…	https://archive.org/details/tropicalagricult1518ceyl/page/n474/mode/1up	vol015_tropicalagricult1518ceyl#1896-01#019		
G053	P000883	Edward Pettit	explicit	1889	Mr. Edward Pettit	Director, of the firm of Messrs. E. & A. Deacon	…himself for re-election. The Directors regret to have to report the death of their esteemed colleague Capt. Horace George Hayes, who was a large shareholder. The vacancy thus caused has been filled by the appointment of [[Mr. Edward Pettit]], (of the firm of Messrs. E. & A. Deacon, Chius Merchants), and his election has now to be confirmed. It is hoped that his practical knowledge of Tea manufacture and the Tea markets will be of material assistance to the …	https://archive.org/details/tropicalagricult8188ceyl/page/n522/mode/1up	vol008_tropicalagricult8188ceyl#1889-01#146		
G053	P000883	Edward Pettit	explicit	1894	Edward Pettit Esq.	Director	THE LANKA PLANTATIONS COMPANY, LIMITED. Directors.—George Allen Esq., Chairman; [[Edward Pettit Esq.]], Henry Bois Esq., William Austin Esq., Agents in Colombo.—Messrs. J. M. Robertson & Co. Secretary.—Mr. Charles M. Robertson. REPORT. to be presented at the Fourteenth Ordinary General Meeting of the Lanka Plantations Co…	https://archive.org/details/tropicalagricult1418ceyl/page/n438/mode/1up	vol014_tropicalagricult1418ceyl#1894-12#038		
G054	P000917	Walter Raleigh	corpus_unique	1893	Raleigh		…lding an amazing amount of dust to the rudest appliances; and from time to time strange tales come from the headwaters of the Amazon of the still untouched wealth of that land, rumored to be so full of the metal that in [[Raleigh]]'s day it was the fabled site of the Golden City of Manoa. During the times of the Incas, gold we know was prodigiously abundant. It covered the walls of the temples, and, as the implements found in the tombs prove, was …	https://archive.org/details/tropicalagricult1218ceyl/page/n573/mode/1up	vol012_tropicalagricult1218ceyl#1893-02#103		
G054	P000917	Walter Raleigh	explicit	1900	Sir Walter Raleigh		…ivation of tobacco in the British Isles, and an experiment made some years ago on Mr. Faunce de Laune's estate, in Kent, was most unfavourably regarded. It would be a curious coincidence if the two chief importations of [[Sir Walter Raleigh]] should combine for the benefit of the distressful country.—*Daily Chronicle*, Feb. 9.	https://archive.org/details/tropicalagricult1918ceyl/page/n652/mode/1up	vol019_tropicalagricult1918ceyl#1900-03#113		
G054	P000917	Walter Raleigh	explicit	1884	Sir Walter Raleigh	introduced tobacco to England	…571, speaks of tobacco as brought from Spain a few years previously, and valued for its beauty and for its medicinal virtues. The practice of smoking tobacco did not gain much ground among the nations of the North until [[Sir Walter Raleigh]] and his companions introduced it into England in 1586. At first it met with the most violent opposition. Kings prohibited it; Popes fulminated Bulls against it; and Sultans sentenced smokers to the most cruel kinds of d…	https://archive.org/details/tropicalagricult18831884colo/page/n641/mode/1up	vol003_tropicalagricult18831884colo#1884-03#038		
G054	P000917	Walter Raleigh	explicit	1930	Sir Walter Raleigh		…obacco smoking was unknown in Europe and Asia prior to the discovery of America in 1492. The Spaniards evidently commenced the cultivation of tobacco in San Dominigo in 1531 with African slave labour. Sir Francis Drake, [[Sir Walter Raleigh]] and others made tobacco smoking popular in England between 1570 and 1584 and about the same time cultivation was started in Virginia. In India the first direct reference to it centres around certain Portuguese missionar…	https://archive.org/details/dli.ernet.229223/page/n872/mode/1up	vol074_dli-ernet-229223#1930-12#011		
G055	P000895	J. P. William	corpus_dominant	1902	William	brother of Rotrou II	…nks of La Trappe, or Trappists, an order whose vows include a life of silence coupled with 8 hours' hard work daily. The monastery was founded in 1140 by Rotrou II, Count of Perche, after losing his wife and his brother [[William]] in the wreck of 'La Blanche nef.' The forests with which it was endowed were kept till the Revolution, when they were confiscated to the State. Under which of the 'rights of man' this course was justified it boots not t…	https://archive.org/details/tropicalagricult2119ceyl/page/n776/mode/1up	vol021_tropicalagricult2119ceyl#1902-05#075		
G055	P000895	J. P. William	explicit	1899	J. P. WILLIAM	correspondent	…were injured the tree perishes. Plants may be raised in ordinary nurseries without using any manure or seed and may be planted at stake in favourable weather. I enclose a few seeds for your inspection.—Yours faithfully, [[J. P. WILLIAM]]. [We are obliged to our correspondent for the seeds sent. "The tree," says Dr. Trimen, in his Handbook to the Flora of Ceylon, "is a native of Central Peninsular India, and known in Ceylon as a cultivated tree only; it …	https://archive.org/details/tropicalagricult1818ceyl/page/n825/mode/1up	vol018_tropicalagricult1818ceyl#1899-05#121		
G055	P000895	J. P. William	explicit	1898	J. P. WILLIAM		…ranches yet. 3. Plants in sandy soil 3 to 5 feet high, no flowers or branches yet. Growth in gravelly soil about 4 to 6 inches and in sandy soil (moist) 3 to 4 inches, ditto (dry) 1½ to 2 inches a day.—Yours faithfully, [[J. P. WILLIAM]].	https://archive.org/details/tropicalagricult1818ceyl/page/n422/mode/1up	vol018_tropicalagricult1818ceyl#1898-12#024		
G055	P000895	J. P. William	explicit	1903	J. P. William	exhibitor	(surface not found in text)	https://archive.org/details/tropicalagricult2319ceyl/page/n113/mode/1up	vol023_tropicalagricult2319ceyl#1903-08#004		
G056	P000866	A. A. Bowie	corpus_dominant	1924	MR. BOWIE	breeder of European cattle, Talawakele	…th an imported British Frisian bull from England in the Kurunegala District on Meegahatenne and Aspokuna estates. Another such young bull was imported in December last to continue the experiment. I may here mention that [[MR. BOWIE]] of Talawakele, who has been a very successful breeder of European cattle for many years, imported in 1921 three British Frisians, one bull and two heifers. Results from these experiments have so far been satisfactory. C…	https://archive.org/details/lbg.630.5.tag.v.62/page/n192/mode/1up	vol062_lbg-630-5-tag-v-62#1924-04#008		
G056	P000866	A. A. Bowie	article	1928	MR. BOWIE		…g a manurial establishment for tea but everybody did not approve of that altogether. HIS EXCELLENCY asked Mr. Bowie whether the chief item that made the cost of the importation of cattle prohibitive was that of freight. [[MR. BOWIE]] replied that freight charges were heavy, while the actual cost of good cattle was also a very heavy item. They could not get a good animal for less than £150 or £180. Freight, of course, was a very heavy item, but he co…	https://archive.org/details/dli.ernet.229220/page/n400/mode/1up	vol070_dli-ernet-229220#1928-06#003		
G056	P000866	A. A. Bowie	explicit	1898	A. A. Bowie	Member	… Campbell, M.L.C.; Messrs. James E. P. Ryan, W. Henry Figg, A. E. Wright, R. A. Galton, E. Turner, J. B. Coles, A. J. Denison, J. H. Starey, J. A. Burmester, George Greig, Hugh B. Roberts, Gordon Pyper, H. V. Masefield, [[A. A. Bowie]], Joseph Fraser and A. Melville White. The notice calling the meeting was read. The minutes of proceedings of a meeting of the Thirty Committee held at Kandy, on Saturday, the 12th March, were submitted for confirmation.…	https://archive.org/details/tropicalagricult1818ceyl/page/n28/mode/1up	vol018_tropicalagricult1818ceyl#1898-07#008		
G056	P000866	A. A. Bowie	explicit	1898	Mr. A. A. Bowie	prize winner, poultry and dogs	…st basket fowls, eggs, Mrs. Moorhouse. Best basket turkeys' eggs, Mrs. Moorhouse. Best honey comb, Aluwattegoda. Special for guinea fowl eggs, Mrs. Moorhouse. Special for cream, Mrs. Scott. POULTRY. Best Plymouth rocks, [[Mr. A. A. Bowie]]. Silver medal best pen in show, Mr. A. A. Bowie. Silver medal, pair turkeys, Mrs. McLeod. Silver medal, best pair ducks, J. H. W. Mayow. Bronze medal, extra prize for ducks, Mrs. W. Hardy. Bronze medal peacocks, Banda, …	https://archive.org/details/tropicalagricult1718ceyl/page/n882/mode/1up	vol017_tropicalagricult1718ceyl#1898-06#058		
G057	P000896	J. R. Mosse	corpus_dominant	1885	Mr. Mosse	estimator of yield	… some fields, in all cases of estimates this cannot be correctly asserted of the whole of the district. The Commissioner estimates a yield of seven to eightfold per acre in unirrigated fields. The "Ceylon Directory" and [[Mr. Mosse]] estimate only a fourfold yield. The Paddy Tax Commission of 1867 would not go beyond fivefold, i.e. 12½ bushels to the acre. Nor can two crops be raised from the same land, as at Matara. In the irrigated portions of Bat…	https://archive.org/details/tropicalagricult18841885colo/page/n837/mode/1up	vol004_tropicalagricult18841885colo#1885-05#054		
G057	P000896	J. R. Mosse	article	1884	Mr. Mosse		…emen who have kindly undertaken to address us, I may, perhaps, be permitted to offer a word or two, by way of comment, on the valuable paper we have just heard read. When I call your attention to the fact that the works [[Mr. Mosse]] has described were for the most part constructed something like 2,000 years ago broadly speaking, you will, I think, agree with me that very considerable historical interest attaches to them. (Hear, hear.) Mr. Mosse tel…	https://archive.org/details/tropicalagricult18841885colo/page/n42/mode/1up	vol004_tropicalagricult18841885colo#1884-07#046		
G057	P000896	J. R. Mosse	norm	1893	Mr. J. R. Mosse, M. Inst. O. E.	late director of public works	…ian authorised schemes and national works, in spite of the fact that labour can be obtained for a wage of fewer pence per day than we pay shillings. The explanation is that rice is a thirsty crop, requiring according to [[Mr. J. R. Mosse, M. Inst. O. E.]], late director of public works, a cubic yard of water to every square yard of ground, or thrice as much as is likely to be required in Australia. This of course, increases the acreage cost proportionately. #### LABOUR I…	https://archive.org/details/tropicalagricult1218ceyl/page/n540/mode/1up	vol012_tropicalagricult1218ceyl#1893-02#025		
G057	P000896	J. R. Mosse	explicit	1895	Mr. J. R. Mosse	Director of Public Works	…novelty, and the result of their use is an ascertained fact, and not a speculative question depending upon experiments to be made." But the local railway staff were of a different mind, and the Director of Public Works ([[Mr. J. R. Mosse]]), fearful lest the adoption of 5-chain curves should eventuate in break of gauge, and convinced of the possibility of securing at a slight additional cost a limiting radius of 6'37 chains, sent in to the Colonial Secret…	https://archive.org/details/tropicalagricult1518ceyl/page/n275/mode/1up	vol015_tropicalagricult1518ceyl#1895-10#068		
G058	P000969	T. J. Lawrance	corpus_dominant	1899	Lawrance	shareholder	…srs. Fuller, Wise, and Fisher were reappointed auditors. The Chairman moved a vote of thanks to Mr. Tatham, the managing director, and the staff abroad, for their services during the past year, which was seconded by Mr. [[Lawrance]], who spoke in complimentary terms of work performed abroad, and adopted unanimously. The proceedings closed with a vote of thanks to the Chairman.—*H. & C. Mail*, April 21. THE QUININE SPECULATION has been going the wro…	https://archive.org/details/tropicalagricult1818ceyl/page/n887/mode/1up	vol018_tropicalagricult1818ceyl#1899-06#058		
G058	P000969	T. J. Lawrance	explicit	1902	T J Lawrance	Director	## THE TEA CORPORATION, LIMITED. ### ANNUAL REPORT. The following is the report issued for 18 months ending December 31st :— Alfred Bull, Cyril Gurney, E H Hancock, [[T J Lawrance]], R R G Norman and V H Smith :— Directors. Frederick Tatham :—Managing Director in Ceylon. Antony Gibbs & Sons :—London Agents. Report of the Directors and Accounts for the eighteen months ending 31st December, 1901, to …	https://archive.org/details/tropicalagricult2219ceyl/page/n301/mode/1up	vol022_tropicalagricult2219ceyl#1902-10#131		
G058	P000969	T. J. Lawrance	explicit	1903	T J Lawrance	Director	DIRECTORS.—James Sinclair, Chairman; Keith F Arbuthnot, [[T J Lawrance]], and T C Owen. The Directors beg to submit herewith the accounts of the Company and their report for the year ending December 31st, 1902, showing a profit of £9,553 8s 9d. After allowance for debenture interests and oth…	https://archive.org/details/tropicalagricult2219ceyl/page/n856/mode/1up	vol022_tropicalagricult2219ceyl#1903-06#080		
G058	P000969	T. J. Lawrance	explicit	1888	T. J. Lawrance	representative of Ceylon Produce Company	…lls.—Ed. saw an ordinary but useful article which, I think, should be in request in Ceylon tea stores:—steel scoops, flat and half-round, very strongly made. Specimens are to be sent out to Ceylon. I was glad to see Mr. [[T. J. Lawrance]] (growing portly enough to qualify as Alderman and Lord Mayor one day) at the headquarters of the Ceylon Produce Company so largely interested in cacao and tea plantations (Peradeniya, Kawdapplella, &c.). This new Compan…	https://archive.org/details/tropicalagricult7188ceyl/page/n462/mode/1up	vol007_tropicalagricult7188ceyl#1888-01#005		
G059	P001039	R. C. Wood	norm	1944	Wood	researcher	…tably explored. Even with No. 288, the 3ft. by 1½ ft. spacing gives much higher yields, and is the obvious recommendation for this variety as well. It is not difficult to reconcile these results with the observations of [[Wood]] (1933) in Trinidad that the optimum spacing is in the neighbourhood of 5 ft. by 1 ft. Wood worked with "Lisbon", a variety of *D. alata*. In the instance of both Jamani and No. 288, heavier yields were obtained with the…	https://archive.org/details/tropical-agriculturist_april-june-1944_100_2/page/n15/mode/1up	vol100_iss02_tropical-agriculturist-april-june-1944-100-2#1944-04/06#008		
G059	P001039	R. C. Wood	explicit	1918	R. C. WOOD	author of the article	…-germination, by giving every seed a good chance undoubtedly aid in getting a quick even plant. It seems a pity that the care used in producing the seedlings is so often neutralised by the carelessness in planting them.—[[R. C. WOOD]] in the JOURNAL OF THE MADRAS AGRICULTURAL STUDENTS' UNION, January, 1918,	https://archive.org/details/dli.ernet.21168/page/n180/mode/1up	vol050_dli-ernet-21168#1918-03#012		
G059	P001039	R. C. Wood	explicit	1910	R. C. Wood	Deputy Director of Agriculture, Northern Division	### IMPROVEMENT OF CROPS BY SEED SELECTION. By [[R. C. Wood]], Deputy Director of Agriculture, Northern Division. (From the *Madras Agricultural Calendar*, March, 1910.) Every one who has observed crops growing in the fields, will have noticed that the plants are not all alike. Th…	https://archive.org/details/tropicalagricul341910ceyl/page/n369/mode/1up	vol034_tropicalagricul341910ceyl#1910-04#038		
G059	P001039	R. C. Wood	explicit	1917	R. CECIL WOOD	Principal of the Coimbatore Agricultural College	## CULTIVATION UNDER TANKS. Vol. IV., BULLETIN No. 71 of the Department of Agriculture, Madras, embodies the notes on irrigation of Mr. [[R. CECIL WOOD]], Principal of the Coimbatore Agricultural College. These are delivered as part of the series of general lectures given in the Short Course at that College. It should be in the hands of all those interested in the cultiv…	https://archive.org/details/tropical-agriculturist_1917-12_49_6/page/n62/mode/1up	vol049_iss06_tropical-agriculturist-1917-12-49-6#1917-12#024		
G060	P001020	J. S. Kennedy	explicit	1938	J. S. Kennedy		…ith an abundant rainfall suggests the possibility of cultivation all the year round. Therefore it is natural that the potentialities of the waste lands of the Northern and Eastern Provinces should attract attention. Mr. [[J. S. Kennedy]] in his presidential address to the Conference of the Engineering Association of Ceylon in August, 1937, mentioned the possibilities which these districts offer for large canalization schemes. Several conditions are esse…	https://archive.org/details/tropical-agriculturist_1938-07_91/page/n3/mode/1up	vol091_tropical-agriculturist-1938-07-91#1938-07#002		
G060	P001020	J. S. Kennedy	explicit	1938	Mr. J. S. Kennedy	Director of Irrigation	…therefore to be considered. It would hardly be fair by the tax-payer in general if increased expenditure were to be incurred unnecessarily on roads chiefly used by the Irrigation Department itself and the paddy growers. [[Mr. J. S. Kennedy]], Director of Irrigation, said that agricultural roads were generally useful at first chiefly to the Irrigation Department itself and to the paddy growers. When however any particular agricultural road was put to greater…	https://archive.org/details/tropical-agriculturist_1938-05_90_5/page/n54/mode/1up	vol090_iss05_tropical-agriculturist-1938-05-90-5#1938-05#015		
G060	P001020	J. S. Kennedy	explicit	1938	J. S. Kennedy	Director of Irrigation	…Sir Wilfred de Soysa, Messrs. S. L. Bandara-Dharmakirti, M. M. Ebrahim, R. P. Gaddum (Chairman, Planters' Association of Ceylon), Bruce S. Gibbon, Dr. J. C. Hutson (Entomologist), Dr. A. W. R. Joachim (Chemist), Messrs. [[J. S. Kennedy]] (Director of Irrigation), W. C. Lester-Smith (Agricultural Officer, Plant Pests and Soil Conservation), S. M. K. B. Madukande, Dissawa, Mudaliyar S. Muttutamby, Dr. R. V. Norris (Director, Tea Research Institute of Ceyl…	https://archive.org/details/tropical-agriculturist_1938-05_90_5/page/n54/mode/1up	vol090_iss05_tropical-agriculturist-1938-05-90-5#1938-05#015		
G060	P001020	J. S. Kennedy	explicit	1926	Mr. J. S. Kennedy	Divisional Irrigation Engineer, W.D.	…RICT AGRICULTURAL COMMITTEE. Minutes of the District Agricultural Committee held on 30th January, 1926, at 9-30 a.m. at the Nuwara Eliya Kachcheri. *Present.*—Mr. C. Harrison-Jones, Assistant Government Agent, Chairman, [[Mr. J. S. Kennedy]], Divisional Irrigation Engineer, W.D., Mr. N. K. Jardine, Divisional Agricultural Officer, Central, the Ratemahatmayas of Uda Hewaheta, Walapane and Kotmale, Messrs. T. J. Wilson, J. S. Armstrong, D. C. Jayawardene, the…	https://archive.org/details/tropical-agriculturist_1926-03_66_3/page/n44/mode/1up	vol066_iss03_tropical-agriculturist-1926-03-66-3#1926-03#016		
G061	P000979	A. Canagasingham	explicit	1934	A. Canagasingham		…ant Pests), M. Park (Mycologist), Dr. A. W. R. Joachim (Agricultural Chemist), Dr. J. C. Haigh (Economic Botanist), Mudaliyars S. Muttutamby and N. Wickremaratne, Messrs. S. Armstrong, C. Arulambalam, P. B. Bulankulama, [[A. Canagasingham]], Wace de Niese, J. W. Ferguson, R. P. Gaddum, D. C. Gordon Duff, John Horsfall, Montague Jayawickreme, E. E. Megget, Graham Pandittesekere, Wilmot A. Perera, Gordon Pyper, Rolf Smerdon; Rev. Father L. W. Wickremasinghe,…	https://archive.org/details/dli.ernet.229227/page/n893/mode/1up	vol082_dli-ernet-229227#1934-12#013		
G061	P000979	A. Canagasingham	explicit	1938	A. Canagasingham	Member of the Board	…Chairman of the Board, presided and the following members were present:—Messrs. S. Armstrong, C. Arulambalam, A. C. Attygalle, R. H. Bassett (Commissioner for the Development of Agricultural Marketing), J. P. Blackmore, [[A. Canagasingham]], Dr. Reginald Child (Director, Coconut Research Scheme of Ceylon), Messrs. V. Coomarasamy (Acting Conservator of Forests), R. G. Coombe, M. Crawford (Deputy Director, Animal Husbandry, and Government Veterinary Surgeon)…	https://archive.org/details/tropical-agriculturist_1938-09_91/page/n59/mode/1up	vol091_tropical-agriculturist-1938-09-91#1938-09#012		
G061	P000979	A. Canagasingham	explicit	1938	A. Canagasingham	Member	…(Sr.), S. Armstrong, C. Arulambalam, A. C. Attygalle, N. J. Bannerman, R. H. Bassett (Commissioner for the Development of Agricultural Marketing), J. P. Blackmore, P. B. Bulankulama, Dissawa, S. O. Canagaretnam, M.S.C., [[A. Canagasingham]], R. G. Coombe, Dr. Reginald Child (Director, Coconut Research Scheme of Ceylon), Messrs. E. C. de Fonseca (Jr.), C. N. E. J. de Mel (Principal, Farm School), Sir Wilfred de Soysa, Messrs. S. L. Bandara-Dharmakirti, M. M…	https://archive.org/details/tropical-agriculturist_1938-05_90_5/page/n54/mode/1up	vol090_iss05_tropical-agriculturist-1938-05-90-5#1938-05#015		
G061	P000979	A. Canagasingham	explicit	1939	A. Canagasingham	Member	… Soysa, Messrs. H. W. Amarasuriya, M.S.C., S. F. Amerasinghe (Sr.), S. Armstrong, C. Arulambalam, W. H. Attfield, A. C. Attygalle, N. J. Bannerman, R. H. Bassett (Commissioner for Development of Agricultural Marketing), [[A. Canagasingham]], Dr. Reginald Child (Director, Coconut Research Scheme), Messrs. V. Coomaraswamy (Acting Conservator of Forests), M. Crawford (Deputy Director, Animal Husbandry, and Government Veterinary Surgeon), E. C. de Fonseca (Jr.…	https://archive.org/details/tropical-agriculturist_1939-10_93_4/page/n52/mode/1up	vol093_iss04_tropical-agriculturist-1939-10-93-4#1939-10#014		
G062	P001033	Lord Wenlock	pool	1894	Lord Wenlock	recipient of deputation	…gates' expenses to Ooty, or elsewhere, be collected from members on a basis of tax, on cultivated area.—Mr. Berry argued that although it was most important that Travancore was represented at the late Deputation to H.E. [[Lord Wenlock]], he did not approve of the Chairman of the Travancore Planters' Association's action in sending a delegate, knowing there were no funds of the Association in hand to meet the expenses. He said it was a bad precedent as …	https://archive.org/details/tropicalagricult1418ceyl/page/n132/mode/1up	vol014_tropicalagricult1418ceyl#1894-08#069		
G062	P001033	Lord Wenlock	pool	1892	Lord Wenlock	Governor	…n 22nd January 1892 from Colombo per S.S. "Bengal" and landed at Madras on 25th, and duly presented my credentials from the Ceylon Government to His Excellency the Governor. I met with a kind and friendly reception from [[Lord Wenlock]] who assured me that he and his Government would do everything possible to further the views of the Planters of Ceylon; and that the more coolies went over the better pleased he would be, as emigration was conducive to t…	https://archive.org/details/tropicalagricult1218ceyl/page/n122/mode/1up	vol012_tropicalagricult1218ceyl#1892-08#026		
G062	P001033	Lord Wenlock	pool	1892	H. E. Lord Wenlock	official	…e Island of Ceylon can doubt. Crime accompanied by violence, steadily advances with the increased sale of *arrack* and toddy; and brings in its train sorrow and misery to thousands of families. My best thanks are due to [[H. E. Lord Wenlock]] and the Madras Officials for the great kindness and hospitality shown me during my tour through the Madras Presidency,—all did their utmost to assist in every possible way to make the mission a success and nothing could…	https://archive.org/details/tropicalagricult1218ceyl/page/n122/mode/1up	vol012_tropicalagricult1218ceyl#1892-08#026		
G062	P001033	Lord Wenlock	pool	1893	Lord Wenlock	joint deliberator with Lord Lansdowne	… advocate private enterprise expending money on a railway. There is at the present time a more than usual amount of vitality about the planting industry, and we hope that the combined deliberations of Lord Lansdowne and [[Lord Wenlock]] may result in some greater degree of official recognition being extended to this enterprise; that in the near future those just grievances from which the community suffers may be removed, and that some endeavours may be…	https://archive.org/details/tropicalagricult1218ceyl/page/n494/mode/1up	vol012_tropicalagricult1218ceyl#1893-01#036		
G063	P001023	James Emerson Tennent	article	1887	Tennent	author of sketch map	…. George Gardner, Superintendent of the Peradeniya Gardens. The paper forms an appendix to the late Mr. George Lee's translation of the French version of Ribbeir's account of Ceylon, published at Colombo. Sir J. Emerson [[Tennent]], in writing his great work on Ceylon, besides having access to all previous works had the advantage of personal intercourse with Macvicar, Gardner and other observers in systematizing the results of his explorations. In…	https://archive.org/details/tropicalagricult7188ceyl/page/n308/mode/1up	vol007_tropicalagricult7188ceyl#1887-10#104		
G063	P001023	James Emerson Tennent	norm	1888	Tennent		… The character of the people and the nature of their industries could only now be inferred from the events of history, which must have depended on their sinew, either for the things done, or for the means of doing them. [[Tennent]] had stated in his great work on Ceylon, that agriculture was unknown here in Wijayo's time and for centuries afterwards, and that the people lived on "fruit, honey and the products of the chase," but this was quite irre…	https://archive.org/details/tropicalagricult8188ceyl/page/n442/mode/1up	vol008_tropicalagricult8188ceyl#1888-12#106		
G063	P001023	James Emerson Tennent	explicit	1881	Sir James E. Tennent	author of the work 'Ceylon'	…wax taken from one *bambera* tree." Again he remarked, "When they swarm the air is black with them, and I have seen a stream of them as long as from here to the Museum." The distance indicated was nearly half a mile! In [[Sir James E. Tennent]]'s work entitled "Ceylon" is the following note: "A gentleman connected with the department of the Surveyor-General writes to me that he measured a honey-comb which he found fastened to the overhanging branch of a small …	https://archive.org/details/tropicalagricult1188ceyl/page/n78/mode/1up	vol001_tropicalagricult1188ceyl#1881-06#109		
G063	P001023	James Emerson Tennent	explicit	1885	Sir J. Emerson Tennant		… results of their exertions very much to themselves, and no information that can be relied on is to be obtained respecting the value of what they find. Speaking of the same stratum alluded to in the above quotation from [[Sir J. Emerson Tennant]]'s book, Dr. Gygax adds "that having often received the minerals of this stratum with the crystals perfect, he had reason to believe that places were known to the natives where such mines might be opened with confidence …	https://archive.org/details/tropicalagricult18841885colo/page/n602/mode/1up	vol004_tropicalagricult18841885colo#1885-02#002		
G064	P001084	Horace Plunkett	corpus_dominant	1908	Mr. Plunkett		…efficacy is proved. Could not new ideas be introduced by agricultural associations formed as in Japan for the province, for the district, the tahsil and the village, all connected with each other and inter-dependent? As [[Mr. Plunkett]] said in recommending the formation of similar associations in Ireland, "I wish to call your attention to another and very important aspect of local organisation. While people differ as to the possible increased producti…	https://archive.org/details/tropicalagricul311908ceyl/page/n170/mode/1up	vol031_tropicalagricul311908ceyl#1908-08#027		
G064	P001084	Horace Plunkett	explicit	1910	Sir Horace Plunkett	propagandist for agricultural co-operation in Ireland	…ce of its almost complete dependence upon agriculture and of the acute depression of its agriculture through social economic causes. But its progress is much more due to the untiring and eventually successful labours of [[Sir Horace Plunkett]], whose seven years of steady propagandism brought about at last the famous Recess Committee of 1896, Denmark became the model for Ireland, and it has been copied with a singular degree of success. Creameries, egg societ…	https://archive.org/details/tropicalagricul351910ceyl/page/n270/mode/1up	vol035_tropicalagricul351910ceyl#1910-09#028		
G064	P001084	Horace Plunkett	explicit	1915	SIR HORACE PLUNKETT	Speaker at the Congress of Tropical Agriculture	## [[SIR HORACE PLUNKETT]] ON CO-OPERATION. --- [ *Address at the Congress of Tropical Agriculture.* ] We are to deal to-day with a subject to which perhaps I may attach undue importance, but as we have to deal with it in an hour, that renders it…	https://archive.org/details/lbg.tropicalagricultvol.xliv0000unse_e6v7/page/n429/mode/1up	vol044_lbg-tropicalagricultvol-xliv0000unse-e6v7#1915-06#033		
G064	P001084	Horace Plunkett	explicit	1933	Sir Horace Plunkett	Ireland's great authority on agriculture	…ot the new variety is better than the old and worth investing in. That is a thumbnail sketch of the way science is applied to agriculture in this country and it portrays a system that is the envy of many another nation. [[Sir Horace Plunkett]], Ireland's great authority on agriculture, in 1928 was moved to describe the Department of Agriculture as "the most widely useful department in the world." I am inclined to agree, and I only hope that its future will be…	https://archive.org/details/tropical-agriculturist_1933-08_81_2/page/n42/mode/1up	vol081_iss02_tropical-agriculturist-1933-08-81-2#1933-08#009		
G065	P001069	Donald Ferguson	explicit	1900	Donald Ferguson	author of source text	…ountain regions situated behind the high lops and ridges the drought is severely felt. \* Translated from *Verslag omtrent den Staat van's Lands Plantentuin te Buitenzorg over het Jaar 1898* by Advocate F. H. de Vos and [[Donald Ferguson]], # \* The TROPICAL AGRICULTURIST \* ## ◇ MONTHLY. ◇ XX. COLOMBO, MARCH 1ST, 1901. No. 9.	https://archive.org/details/tropicalagricult2019ceyl/page/n534/mode/1up	vol020_tropicalagricult2019ceyl#1900-10#174		
G065	P001069	Donald Ferguson	explicit	1903	Donald Ferguson	correspondent	(surface not found in text)	https://archive.org/details/tropicalagricult2319ceyl/page/n457/mode/1up	vol023_tropicalagricult2319ceyl#1903-12#111		
G065	P001069	Donald Ferguson	explicit	1908	Mr Donald Ferguson		## GRAPE FRUIT AND "POMELO." Mr. Drieberg, to whom we lately referred [[Mr Donald Ferguson]]'s letter—see page 410, April number—says that the letter from the United States Department of Agriculture, Washington, advising the dispatch of the seed, spoke of the fruit as "pumelo" and not "pemerlo" which was a misp…	https://archive.org/details/tropicalagricul301908ceyl/page/n541/mode/1up	vol030_tropicalagricul301908ceyl#1908-05#089		
G065	P001069	Donald Ferguson	explicit	1901	D. Ferguson	translator	…tics of the pods, we think they were more typical of the Forastero than of the Criollo variety. "TRAVEL IMPRESSIONS IN CEYLON OF A JAVA PLANTER."—The interesting paper under this heading translated from the Dutch by Mr. [[D. Ferguson]] will be found on page 470. It is useful to see how a practical planter from another and foreign colony regards the country, soil, climate, land tenure, vegetation, labour, &c., in Ceylon. As might be expected Mr. Bley m…	https://archive.org/details/tropicalagricult2019ceyl/page/n503/mode/1up	vol020_tropicalagricult2019ceyl#1901-01#063		
G066	P001108	Samuel Pepys	corpus_unique	1893	Pepys	historian	…e per head two and a half times as much as we do points in the direction of greater possibilities yet in store for tea in this country. #### THE LITERATURE OF TEA. The literature of tea is interesting and extensive, and [[Pepys]], Waller, Pope, Swift, Defoe, and Cowper all furnish apt references to the historian of its introduction. To confine ourselves as much as may be to its economic aspect, we find that the tea which was a new drink to Pepys…	https://archive.org/details/tropicalagricult1318ceyl/page/n113/mode/1up	vol013_tropicalagricult1318ceyl#1893-08#028		
G066	P001108	Samuel Pepys	explicit	1889	Samuel Pepys		…t. Marco Polo has no notice of its use. The Dutch brought it to Europe in 1591 according to some accounts; but a sample or two did not make a trade, and there would have been reference to it if it had been used. In 1660 [[Samuel Pepys]] writes, Sept. 28th:—I did send for a cup of tea (a China drink), of which I had never drunk before. Nearly seven years after he says: "Home, and there find my wife a making of tea, a drink which Mr. Pellin, the apotheca…	https://archive.org/details/tropicalagricult8188ceyl/page/n822/mode/1up	vol008_tropicalagricult8188ceyl#1889-06#004		
G066	P001108	Samuel Pepys	explicit	1892	Samuel Pepys	diarist	…e a change, for the old building was pulled down." "I believe I am not the first scribe who has had the pleasure of referring to your 'historic house.'" "Oh dear, no. You will find the firm referred to more than once by [[Samuel Pepys]] in his diary, for Dan Rawlinson, the founder, was an intimate friend of the great diarist, and the house is also alluded to as a very old established grocery business in 'The History of Signboards.'" Commenting on the f…	https://archive.org/details/tropicalagricult1218ceyl/page/n209/mode/1up	vol012_tropicalagricult1218ceyl#1892-09#052		
G066	P001108	Samuel Pepys	explicit	1898	Samuel Pepys		… comforting effects of a cup of black coffee, or a glass of generous wine. While the French faculty declared their hostility to tea Cardinal Mazarin, about 1660, asserted it cured him of his gout. That was the year when [[Samuel Pepys]] took "his first cup of tea," and when the leaf sold at £6 to £10 per lb. Without going the length of Boutekoe, a Dutch enthusiast, who proclaimed that tea could cure every human ill, and that 200 cups of the infusion mi…	https://archive.org/details/tropicalagricult1818ceyl/page/n279/mode/1up	vol018_tropicalagricult1818ceyl#1898-10#051		
G067	P001093	K. Ramiah	corpus_unique	1933	Ramiah	observer in India	…ERING Jones cites observations by many workers, and times of maximum flowering ranging from 8-9 a.m. in Burma (Thompsonstone) to 12-2 p.m. in California (Jones). The earliest and latest hours range from 5 a.m. in India ([[Ramiah]]) to 4 p.m. in California (Jones) and Texas (Laude and Stansel). Minimum temperatures of flowering are given ranging from 59°F. in northern Japan (Akemine) to 77°F. in different parts of India (Bhide, Ramiah, Rao). Of th…	https://archive.org/details/dli.ernet.229226/page/n252/mode/1up	vol080_dli-ernet-229226#1933-04#012		
G067	P001093	K. Ramiah	article	1926	Ramiah	researcher	…s and to reduce the chance of natural crossing spaces four feet wide were left between the plots. There was, therefore, no chance of competition, but there must have been a certain border effect because of these spaces. [[Ramiah]] (1924) has shown that there is a definite border effect with rice; he has also shown that "the Probable Error.....is found to be very nearly the same both for the yields of the seven middle rows only and for all the nin…	https://archive.org/details/tropical-agriculturist_1926-11_67_5/page/n23/mode/1up	vol067_iss05_tropical-agriculturist-1926-11-67-5#1926-11#005		
G067	P001093	K. Ramiah	explicit	1940	Ramiah, K.	author	…tervals of about a month, the effect of harrowing a transplanted crop, the effect of applying artificial manures after harrowing, &c., and findings may conceivably suggest alterations in technique. #### REFERENCES 1. 1. [[Ramiah, K.]]—*Rice in Madras*. The Government Press, Madras, 1937. 2. 2. The Annual Report of the Imperial Council of Agricultural Research for 1936-37, page 18. 3. 3. Lord, L.—The Transplanting of Paddy. *The Tropical Agriculturist…	https://archive.org/details/tropical-agriculturist_1940-03_94_3/page/n25/mode/1up	vol094_iss03_tropical-agriculturist-1940-03-94-3#1940-03#006		
G067	P001093	K. Ramiah	article	1938	Ramiah	researcher	…yield and spacing in paddy has been investigated by a number of workers, and their results are in general agreement with those of the experiments described in this paper. Jacobson (2), (3), Rodrigo (5), Dionisio (7) and [[Ramiah]] (9), all agree that the number of tillers per plant increases with the spacing, but that the yield per unit area decreases, and Bhide and Balerao (8) agree that tillering is the most important component of plant yield. …	https://archive.org/details/tropical-agriculturist_1938-08_91/page/n2/mode/1up	vol091_tropical-agriculturist-1938-08-91#1938-08#002		
G068	P001068	David Crole	corpus_unique	1897	Mr. Crole	lecturer at the Society of Arts	…is followed by better and improving prices, deserves some attention. We have ourselves always favoured the employment of an Agricultural Chemist, and we are confirmed in our opinion by the notes which have reached us of [[Mr. Crole]]'s Lecture at the Society of Arts, in which it is not difficult to discover in an abundance of technical and high-sounding words and phrases, observations and counsel of the widest practical importance. They tend to esta…	https://archive.org/details/tropicalagricult1618ceyl/page/n730/mode/1up	vol016_tropicalagricult1618ceyl#1897-04#070		
G068	P001068	David Crole	article	1897	Mr. Crole	lecturer, author of paper on tea chemistry	…ad by Mr. David Crole at the Society of Arts on Wednesday evening. Sir Stewart Buyley was in the chair and in introducing the lecturer stated that besides being an expert chemist he had also been a tea planter in Assam. [[Mr. Crole]] began by describing the various chemical constituents within the tea-plant and their action there so far as that action was yet known. The chemical constituents of tea make a list of most portentous names—tannic, gallic…	https://archive.org/details/tropicalagricult1618ceyl/page/n703/mode/1up	vol016_tropicalagricult1618ceyl#1897-04#030		
G068	P001068	David Crole	norm	1897	Mr. Crole	lecturer on tea	THE ANTI-TEA CRUSADE.—[[Mr. Crole]]'s reference in his lecture read before the Society of Arts to the digestive difficulties of a meat tea has given the opponents of tea an opportunity. These good people occasionally lash themselves into frenzy about the …	https://archive.org/details/tropicalagricult1618ceyl/page/n738/mode/1up	vol016_tropicalagricult1618ceyl#1897-04#080		
G068	P001068	David Crole	explicit	1897	Mr. David Crole	lecturer	### NOTES FROM THE METROPOLIS. February 12. The lecture delivered one evening this week before the Society of Arts by [[Mr. David Crole]] on	https://archive.org/details/tropicalagricult1618ceyl/page/n701/mode/1up	vol016_tropicalagricult1618ceyl#1897-04#026		
G069	P001067	D. Sandmann	corpus_unique	1910	Sandmann	author	…lants in the Botanical Gardens, Singapore. Straits Bull. Feb. 10, p. 51. Betrachtungen über Ceylon-Kautschuk. Böhninger. Tropenfl. Mar. 10, p. 156. Gefahren, Fehler, und Verbesserungen in der Kautschukproduction Asiens, [[Sandmann]], do p. 117. De Caoutchouc en zijne cultuur in Nederlandsch-India. Culturgid I., Mar. 10, p. 222. Rubber Kultuur in Nederlandsch Indie. Ind. Merc. 19. 4. 10, p. 293. Berkhout. La culture du caoutchouc à Java. Journ. d'Ag…	https://archive.org/details/tropicalagricul351910ceyl/page/n290/mode/1up	vol035_tropicalagricul351910ceyl#1910-09#034		
G069	P001067	D. Sandmann	norm	1909	Mr. Sandmann	writer, sent by German Colonial Office to study rubber industry	## THE FUTURE OF PARA RUBBER IN THE AMAZON DISTRICT. We direct attention to the article which we here reproduce. [[Mr. Sandmann]], the writer, was sent out by the German Colonial Office to the East in 1906 and to Brazil in 1907 to study the rubber industry. In the September number of the *Tropenpflanzer* a long abstract of his official report appe…	https://archive.org/details/tropicalagricul321909ceyl/page/n636/mode/1up	vol032_tropicalagricul321909ceyl#1909-04#106		
G069	P001067	D. Sandmann	explicit	1908	D. Sandmann	author of the article	## GUMS, RESINS, SAPS AND EXUDATIONS. ### THE COLLECTION OF PARA RUBBER ON THE AMAZON, AND ITS FUTURE. (BY D. SANDMANN, in *Der Tropenflanzener*, SEPTEMBER, 1908.) ABSTRACTED BY J. C. WILLIS. Herr [[Sandmann vi]]sited Ceylon and the East, upon an agricultural expedition, in 1906, and has now been to Brazil, where he devoted special attention, to rubber, it being evident that upon the future of South American rubber would largely…	https://archive.org/details/tropicalagricul311908ceyl/page/n447/mode/1up	vol031_tropicalagricul311908ceyl#1908-11#002		
G069	P001067	D. Sandmann	corpus_unique	1910	Sandmann	author	…1908, p. 479. Paraguayan rubber. "T.A." Supp. May 1908, p. 488. The Brazilian Rubber Industry. do. 489. A new Mexican rubber. Ind. Journ. 12. 8. 1907, p. 210. The collection of Para rubber on the Amazon, and its future. [[Sandmann]], Abstr. by J. C. Willis, "T.A." Nov. '08, p. 410, Dec. p. 506. In the Amazon rubber country. Ind. World, Sept. 1907, p. 384. The rubber trade of Brazil. "T.A." Jan. 1909, p. 4. Rubber prospects in Brazil. Trop. Life, Ap…	https://archive.org/details/tropicalagricul351910ceyl/page/n174/mode/1up	vol035_tropicalagricul351910ceyl#1910-08#023		
G070	P001109	Sandy Brown	norm	1894	Mr. BROWN	Speaker	…is Association, while fully acknowledging the Governor's courtesy in offering us the election of a Planting member in lieu of Mr. Wall, is unable to find a member willing to devote his time to the duties of the office." [[Mr. BROWN]] in proposing the 3rd Resolution said:—Sir, I have waited to see if any member would propose a member to this honorable distinction. No one appearing, does not however alter my intention of proposing the resolution I am …	https://archive.org/details/tropicalagricult1418ceyl/page/n174/mode/1up	vol014_tropicalagricult1418ceyl#1894-09#001		
G070	P001109	Sandy Brown	explicit	1881	Sandy Brown		…ind, and fields of this plant grown in the Chilaw district, with its broom-like flowers, are very conspicuous. The two species of jute plants, *Corchorus*, are common enough about Colombo, and several years ago the late [[Sandy Brown]] tried an experiment in growing them from Indian seed, but with no useful result that I can recollect. As already stated, the Sinhalese have grown the Sunn plant for their own use, time out of mind, but I question much i…	https://archive.org/details/tropicalagricult1188ceyl/page/n242/mode/1up	vol001_tropicalagricult1188ceyl#1881-08#079		
G070	P001109	Sandy Brown	explicit	1893	Sandy Brown	planter	…he gasped for breath, that the place was "only fit for Scotchmen and coolies!" Here also there is a little good cultivation, but the larger and better portion is still to re-open. Below this are the quartz ridges where "[[Sandy Brown]]" was wont to reign supreme, and plant coffee with more energy than success; but those bare ridges are now clothed with quite a respectable garment and I wonder much what Sandy would think of these surroundings today? He…	https://archive.org/details/tropicalagricult1318ceyl/page/n70/mode/1up	vol013_tropicalagricult1318ceyl#1893-07#129		
G070	P001109	Sandy Brown	explicit	1896	Sandy Brown	superintendent	… would have been nearer £14,000 per annum. Tea has indeed a big margin to make up before it beats the old king. I shall now only notice, on the way down to Peradeniya, the quondam and favourite abode of clever, capable, [[Sandy Brown]], Bellevue, as he delighted to call it, but now known by the less appropriate name of Augusta. Would that Sandy was here today to witness the change! The neighbourhood presents few more satisfactory transformations than …	https://archive.org/details/tropicalagricult1618ceyl/page/n104/mode/1up	vol016_tropicalagricult1618ceyl#1896-08#024		
G071	P001176	L. L. Hunter	explicit	1939	L. L. Hunter	Member	…-Dharmakirti, R.M., M. M. Ebrahim, James Forbes (Jr.), R. P. Gaddum, M.S.C., Bruce S. Gibbon, Dr. J. C. Haigh (Botanist), Messrs. A. K. J. Henderson *vice* the Commissioner for the Development of Agricultural Marketing, [[L. L. Hunter]], Dr. J. C. Hutson (Entomologist), Dr. A. W. R. Joachim (Chemist), Messrs. W. C. Lester-Smith (Agricultural Officer, Plant Pests and Soil Conservation), S. M. K. B. Madukande, Dissawe, W. A. Muttukumaru, Mudaliyar S. Mut…	https://archive.org/details/tropical-agriculturist_1939-02_92/page/n63/mode/1up	vol092_tropical-agriculturist-1939-02-92#1939-02#014		
G071	P001176	L. L. Hunter	explicit	1941	L. L. Hunter	member	…lva, M.S.C., G. de Soysa (Registrar of Co-operative Societies), Bertram de Zylva, A. M. Clement Dias, James P. Fernando (Chairman, Low-Country Products Association of Ceylon), Bruce Gibbon, C. E. Hamilton, J. J. Heider, [[L. L. Hunter]], Dr. A. W. R. Joachim (Chemist), Messrs. K. Kanagasabai, R. C. Kannangara, M.S.C., W. C. Lester-Smith (Chief Advisory Officer, New Rubber Planting Scheme), A. E. Madawela, Mudaliyar S. Muttutamby, Messrs. T. B. Panabokk…	https://archive.org/details/dli.ernet.229230/page/n90/mode/1up	vol096_dli-ernet-229230#1941-01#008		
G071	P001176	L. L. Hunter	explicit	1939	L. L. Hunter	Member	… E. de Silva, M.S.C., G. de Soyza (Acting Registrar of Co-operative Societies), L. Bandara Dharmakirti, James P. Fernando (Chairman, Low Country Products Association), James Forbes (Jr.), Dr. J. C. Haigh (Botanist), Mr. [[L. L. Hunter]], Dr. J. C. Hutson (Entomologist), Dr. A. W. R. Joachim (Chemist), Messrs. A. L. Johnpulle (Acting Agricultural Officer, Plant Pests), R. C. Kannangara, M. S. C., S. M. K. B. Madukande Dissawe, T. H. E. Moonemalle, Mudal…	https://archive.org/details/tropical-agriculturist_1939-10_93_4/page/n52/mode/1up	vol093_iss04_tropical-agriculturist-1939-10-93-4#1939-10#014		
G071	P001176	L. L. Hunter	explicit	1934	L. L. Hunter	Government Agent, N.C.P.	…Thursday, November 8th, 1934. Dr. W. Youngman (Director of Agriculture) presided and the following members were present: Messrs. C. Harrison-Jones (Government Agent, N. W. P.), A. B. Lushington (Conservator of Forests), [[L. L. Hunter]] (Government Agent, N.C.P.), M. Crawford (Government Veterinary Surgeon), B. M. Selwyn (Chairman, Planters' Association of Ceylon), R. Sri Pathmanathan (Chairman, Low-Country Products Association), James Forbes (Jnr.) (C…	https://archive.org/details/dli.ernet.229227/page/n893/mode/1up	vol082_dli-ernet-229227#1934-12#013		
G072	P001179	Lord Elgin	pool	1885	Lord Elgin	mission leader	…had given credit in the Canton way, but they did not bear their losses with the equanimity which has often characterized their brethren in the south under similar circumstances. Readers of Laurence Oliphant's account of [[Lord Elgin]]'s mission will remember how the natives here persecuted the foreign merchant to whom they had given the most lavish credit. Since that time there have been some instances in Foochow in which the teamen have made serious…	https://archive.org/details/tropicalagricult18851886colo/page/n99/mode/1up	vol005_tropicalagricult18851886colo#1885-08#004		
G072	P001179	Lord Elgin	pool	1883	Lord Elgin		…cking, sorting, firing, and packing, it is possible that my experience may be of some use to those who may wish to interest themselves in this subject. In the year 1861, when the Yangtse-kiang had just been opened under [[Lord Elgin]]'s Treaty and the extensive tea-growing regions of Hupeh and Hunan were made accessible by that great water-route, I was sent by my employers at the opening of the season to superintend the purchase and manufacture of th…	https://archive.org/details/tropicalagricult18821883colo/page/n988/mode/1up	vol002_tropicalagricult18821883colo#1883-06#065		
G072	P001179	Lord Elgin	pool	1904	Lord Elgin	visitor to Bikanir	…it is tame sport or mere slaughter, for the birds are very shy, and when on the wing are quite as hard to hit as driven grouse on a Highland or Yorkshire moor. #### THE RECORD TOTAL BAG HITHERTO was made in 1896, during [[Lord Elgin]]'s visit to Bikanir, when four hundred Imperial sand grouse were picked up before breakfast, while the individual record bag of 145 Imperial sand grouse and three duck was got by H. H. the Maharaja in January 1903, when …	https://archive.org/details/tropicalagricult2319ceyl/page/n575/mode/1up	vol023_tropicalagricult2319ceyl#1904-02#063		
G072	P001179	Lord Elgin	pool	1895	Lord Elgin	Viceroy	…y Ceylon duty were reduced, he would direct a similar rate of tax to be levied at all Indian ports, and especially Bombay, would Mr. Mitchell speak and vote as he did yesterday? And will any fair man amongst us say that [[Lord Elgin]], on being told of this Colombo meeting, would not be justified in issuing some such ukase as we indicate? But the Chairman had another argument: the planters of Southern India want to sell their teas in Colombo as their…	https://archive.org/details/tropicalagricult1518ceyl/page/n193/mode/1up	vol015_tropicalagricult1518ceyl#1895-09#037		
G073	P001145	Edward Kinch	corpus_unique	1885	Professor Kinch	chemist, analysis of Japanese tea	…t tea, with even as much as 10 per cent of water, contains about one-quarter of its weight of albumenoids, the so-called 'flesh-formers.' It is consequently of but little less value than beans. The nitrogen mentioned in [[Professor Kinch]]'s analysis of Japanese tea is an important chemical element of these flesh-formers, being found in them to the extent of 16 per cent of their weight. Hence after deducting some nitrogen for theine, we can calculate from…	https://archive.org/details/tropicalagricult18851886colo/page/n97/mode/1up	vol005_tropicalagricult18851886colo#1885-08#002		
G073	P001145	Edward Kinch	explicit	1895	Professor Edward Kinch	chemical lecturer at Cirencester	## OCCASIONAL NOTES. The fertility of soils is always a subject of interest, and we therefore direct attention to a series of papers on this subject written by [[Professor Edward Kinch]], the well-known chemical lecturer at Cirencester, the first of which appears in our present issue. We have been favoured with a copy of the "Memoranda of the origin, plan, and results of the field and other experiments …	https://archive.org/details/tropicalagricult1518ceyl/page/n386/mode/1up	vol015_tropicalagricult1518ceyl#1895-11#152		
G073	P001145	Edward Kinch	corpus_unique	1895	PROFESSOR KINCH	author	### THE FERTILITY OF SOILS. ([[PROFESSOR KINCH]].) --- The fertility of a soil is partly dependent on its chemical composition, but also partly on its mechanical and physical condition. Its productiveness is influenced very largely by its environments of climate and w…	https://archive.org/details/tropicalagricult1518ceyl/page/n393/mode/1up	vol015_tropicalagricult1518ceyl#1895-11#161		
G073	P001145	Edward Kinch	corpus_unique	1910	Kinch	Professor, Royal Agricultural College, Cirencester	…ffice (*Annual Series*, No. 4372), as representing results obtained from Manchuria bean cake, while the remainder represent soy bean cake made in this country. Analysis No. 4, is by Mr. S. H. Collins; No. 5 by Professor [[Kinch]] of the Royal Agricultural College, Cirencester, and No. 6 by Mr. James Hendrick. | | | | | | No. 1. | | No. 2. | | No. 3. | | No. 4. | | No. 5. | | No. 6. | | | | | | pr. ct. | | pr. ct. | | pr. ct. | | pr. ct. | | pr. …	https://archive.org/details/tropicalagricul341910ceyl/page/n215/mode/1up	vol034_tropicalagricul341910ceyl#1910-03#004		
G074	P001172	John Cotton	corpus_dominant	1910	General Cotton	Observer	…he estate is thus described by Dr. Voelcker: "It has a poor hungry sandy soil, and the land is little better than a great sand-hill" and "ought never to have been selected." In 1871 the site of the farm was condemned by [[General Cotton]] who had taken a prominent part in the selection of the implements originally brought out, and who as early as 1868 had pressed on the Government of Madras the necessity for a special department to be entrusted with agri…	https://archive.org/details/tropicalagricul341910ceyl/page/n546/mode/1up	vol034_tropicalagricul341910ceyl#1910-06#030		
G074	P001172	John Cotton	explicit	1906	Mr. John Cotton	owner of Lake View orchard	#### FRUIT CULTURE AT NUWARA ELIYA, CEYLON. Going round the fruit orchard at Lake View, Nuwara Eliya, belonging to [[Mr. John Cotton]], a luxuriantly grown grape vine was seen, about to bear for the first time, showing splendid clusters of grapes which have set. The vine is under the eaves of a cattle-shed covered with zinc. The eaves have been extende…	https://archive.org/details/tropicalagricul261906ceyl/page/n70/mode/1up	vol026_tropicalagricul261906ceyl#1906-02#023		
G074	P001172	John Cotton	explicit	1902	Mr. John Cotton	orchard owner, Nuwara Eliya	## HORTICULTURE IN NUWARA ELIYA. A VISIT TO MR. JOHN COTTON'S ORCHARD. The pride of Mr. [[Cotton's orchar]]d just now is the single apple (of the size of an orange) known as the Kentish Fill Basket, on a tree about 7 feet high, which Mr. Cotton a few years back got from Mr. A. J. Kellow of Albion, Nuwara Eliya, and planted ab…	https://archive.org/details/tropicalagricult2219ceyl/page/n225/mode/1up	vol022_tropicalagricult2219ceyl#1902-09#152		
G074	P001172	John Cotton	explicit	1909	Mr. John Cotton	inquirer about Illuk grass	MR. G. T. NICHOLAS'S METHODS. Golua Pokuna, Katunayaka, March 10th. DEAR SIR,—Absence from home has delayed my responding to the call made on me, in your issue of the 4th instant, in reference to [[Mr. John Cotton]]'s letter, asking for information as to how to get rid of Illuk grass. Just three years ago (5th March, 1906), the Hon. Mr. J. Ferguson, C.M.G., read a paper, at the meeting of the Board of Agriculture, on "Illuk or Lala…	https://archive.org/details/tropicalagricul321909ceyl/page/n335/mode/1up	vol032_tropicalagricul321909ceyl#1909-03#084		
G075	P001240	Edward Balfour	corpus_honorific	1881	Surgeon-General Balfour	author of article on influence of trees on climate	INDIAN FORESTS, THEIR RELATION TO CLIMATE.—The October number of the *Indian Forester* contains an article by [[Surgeon-General Balfour]] on the influence of trees on the climate and productiveness of the peninsula of India. It contains an abstract of the conclusions arrived at by various officials in India, almost all of whom agree in the necessity of pr…	https://archive.org/details/tropicalagricult1188ceyl/page/n197/mode/1up	vol001_tropicalagricult1188ceyl#1881-08#007		
G075	P001240	Edward Balfour	norm	1887	Dr. Balfour	Surgeon-General, author of 'The Agricultural Pests of India'	## THE AGRICULTURAL PESTS OF INDIA AND OF EASTERN AND SOUTHERN ASIA.\* In 1885 [[Dr. Balfour]], the indefatigable author of that marvel of Oriental knowledge, the "Cyclopædia of India," suggested to the India Office authorities the expediency of requiring annual reports, describing "the insects which injure the a…	https://archive.org/details/tropicalagricult7188ceyl/page/n398/mode/1up	vol007_tropicalagricult7188ceyl#1887-12#025		
G075	P001240	Edward Balfour	explicit	1887	Edward Balfour	Surgeon-General	**FORESTRY AND BOTANY IN CEYLON,** are thus noticed in an article on *Indian Forestry* by Surgeon-General [[Edward Balfour]]:—Ceylon has been equally progressive and though not politically forming part of British India, it may be mentioned, as it has a Forest De- partment of its own, and its Flora and Timber trees have been well described by …	https://archive.org/details/tropicalagricult18861887colo/page/n580/mode/1up	vol006_tropicalagricult18861887colo#1887-02#109		
G075	P001240	Edward Balfour	explicit	1897	Surg.-Gen. E. Balfour	author of The Agricultural Pests of India	… In his interesting and sarcastic letter which appeared in your issue of 12th inst., Mr. Barber pleads the case of "*Tommy*" as he prefers to call the beetle. He has evidently read "*The Agricultural Pests of India*" by [[Surg.-Gen. E. Balfour]] and assimilates the information therein contained: "*Tomiei*.—The species of the genera *Hylesinus*, *Scolytus* and *Tomicus* are small beetles, but numerous and common. *Tomiei* chiefly affect bamboos and are very dest…	https://archive.org/details/tropicalagricult1618ceyl/page/n898/mode/1up	vol016_tropicalagricult1618ceyl#1897-06#117		
G076	P001254	Howard Vincent	corpus_dominant	1896	Von Vincent	researcher	### THE DISINFECTION OF FÆCAL MATTER. (*Annales de l'Institut Pasteur*, May, 1895.) [[Von Vincent]] has made some experiments to test the relative efficacy of the more common disinfectants, viz. :— 1. 1. Green vitriol, blue vitriol, zinc chloride. 2. 2. Corrosive sublimate (mercuric chloride.) 3. 3. Chloride of lime, …	https://archive.org/details/tropicalagricult1518ceyl/page/n896/mode/1up	vol015_tropicalagricult1518ceyl#1896-06#133		
G076	P001254	Howard Vincent	explicit	1896	Sir Howard Vincent	historical figure	… had heard of ‘Made in Germany’? That is a fact nevertheless. In 1681 the Turkey Company, a rival concern of the East India Company, brought a charge before Parliament through a Mr. Polexfen—who appears to have been the [[Sir Howard Vincent]] of his generation—accusing the India Company of ‘exporting immense quantities of gold and silver with but little cloth, bringing back calicoes, pepper, wrought silks, and a deceitful sort of raw silk,’ the importation o…	https://archive.org/details/tropicalagricult1618ceyl/page/n199/mode/1up	vol016_tropicalagricult1618ceyl#1896-09#064		
G076	P001254	Howard Vincent	explicit	1896	Sir Howard Vincent	Chancellor of the Exchequer	…Indian Empire. That such a measure of protection such as this should be advocated by professed Radicals has naturally given rise to astonishment, they having been always looked upon in the light of bigoted free traders. [[Sir Howard Vincent]] must have been delighted to note such a defection from among the ranks of the strongest opponents of his persistent advocacy. But the Chancellor of the Exchequer soon disposed of the matter. His chief argument was one i…	https://archive.org/details/tropicalagricult1618ceyl/page/n52/mode/1up	vol016_tropicalagricult1618ceyl#1896-07#068		
G076	P001254	Howard Vincent	explicit	1911	Mr. H Vincent	American expert	…ng. In order that all these excellent qualities may be preserved in the paper, however, it is essential that no part of the preparatory treatment of the pulp is carried out away from the district where the bamboo grows. [[Mr. H Vincent]], an American expert, estimates that, under intelligent administration of cheap tropical labour, the cost of a ton of bleached pulp should not exceed £6, and that it should be worth, at an extremely modest estimate, £10.…	https://archive.org/details/tropicalagricul371911ceyl/page/n588/mode/1up	vol037_tropicalagricul371911ceyl#1911-12#035		
G077	P001263	J. Van Leenhoff	corpus_unique	1911	van Leenhoff	author of report	…Seneviratne and Kanagasabai, Messrs. E. B. Denham, A. J. R. de Soysa, M. Kelway Bamber, J. D. Vanderstraaten, L. W. A. de Soysa, and Francis Beven, Mudaliyars A. E. Rajapakse and C. M. Sinnaiah. The consideration of Mr. [[van Leenhoff]]'s Report on the Tobacco Experiment at Mahailuppalama was withdrawn from the agenda on the suggestion of His Excellency the President that it should be brought up at the next meeting of the Board. With reference to an en…	https://archive.org/details/tropicalagricul371911ceyl/page/n74/mode/1up	vol037_tropicalagricul371911ceyl#1911-07#029		
G077	P001263	J. Van Leenhoff	explicit	1911	J. VAN LEENHOFF	author of the report	## TOBACCO (FOR THE EUROPEAN MARKET) IN CEYLON. ### THE EXPERIMENT AT MAHA ILUPPALAMA. REPORT BY [[J. VAN LEENHOFF]], *e Chief of Tobacco Division of the Transvaal; Lat late Government Tobacco Expert of Porto Rico and of the U.S.A. Department of Agriculture, Washington, D.C. Holder of certificate of the "Ecole d' application des Tabac…	https://archive.org/details/tropicalagricul371911ceyl/page/n474/mode/1up	vol037_tropicalagricul371911ceyl#1911-11#024		
G077	P001263	J. Van Leenhoff	explicit	1912	J. Van Leenhoff	reporter on tobacco industry	THE CEYLON TOBACCO INDUSTRY. REPORT BY MR. J. VAN LEENHOFF. (Extracts.) INTRODUCTION. On the recommendation of Professor Wyndham Dunstan, Director of the Imperial Institute, London, Mr. Van [[Leenhoff was in]]vited to come to Ceylon and to advise and report on the pioneer tobacco work of an estate in Trincomalee, and he consequently arrived at Colombo on January 15th, 1911. In a letter from the Secretary of the Ceylon Agricul…	https://archive.org/details/tropicalagricul381912ceyl/page/n497/mode/1up	vol038_tropicalagricul381912ceyl#1912-05#043		
G077	P001263	J. Van Leenhoff	corpus_unique	1911	van Leenhoff	reporter on tobacco experiment	… this seed to experiment with.” Agricultural Instructor Wickremaratne reports that the Balalla plantation is yielding a second crop (after the drought), which promises to be even better than the first. #### Tobacco. Mr. [[van Leenhoff]]'s report on the tobacco experiment at Maha Illupalama comes before to-day's meeting. Reports on samples of the tobacco sent to Germany and India are disappointing. The want of rain during April, May, and June greatly de…	https://archive.org/details/tropicalagricul371911ceyl/page/n172/mode/1up	vol037_tropicalagricul371911ceyl#1911-08#029		
G078	P001251	H. Warth	corpus_unique	1886	Dr. Warth		COAL IN INDIA.—The result of [[Dr. Warth]]'s explorations in the Salt Range is, that he estimates at least 1,000,000 tons of coal may be obtained from the Dandote plateau, and at a recent conference it was decided to arrange for the practical working of the sche…	https://archive.org/details/tropicalagricult18861887colo/page/n189/mode/1up	vol006_tropicalagricult18861887colo#1886-09#053		
G078	P001251	H. Warth	corpus_honorific	1898	Dr. Warth	Instructor of Natural Sciences	… One of the functions of the Forest School at Dehra Dun should be to analyse for tannins the bark and wood of all our likely species. The system of effecting analyses with the help of students, which was in force during [[Dr. Warth]]'s tenure of the Instructorship of Natural Sciences, should be resumed, especially as there is now an Instructor to spare during the open season. To assist the Instructor only the more intelligent students, who have show…	https://archive.org/details/tropicalagricult1718ceyl/page/n633/mode/1up	vol017_tropicalagricult1718ceyl#1898-03#004		
G078	P001251	H. Warth	explicit	1886	Dr. H. Warth	conducted experiments in 1877	…the Government of Bengal. The arrangement works satisfactorily on the limited scale on which it has been tried, but constant supervision is required, and tarred salt cannot be used except in pottery manufacture. In 1877 [[Dr. H. Warth]] was directed to make experiments after the German method with some of the refuse salt of the Punjab mines. A mixture of salt with colocynth (*Citrullus colocynthis*), was and another with lignite, oil-cake, and cotton s…	https://archive.org/details/tropicalagricult18851886colo/page/n708/mode/1up	vol005_tropicalagricult18851886colo#1886-04#051		
G078	P001251	H. Warth	explicit	1895	H. Warth	Deputy Superintendent, Geological Survey of India	… THE GEOLOGICAL SURVEY OF INDIA.—Vol. x xviii, part 1 1895. Contents:—Annual Report of the Geological Survey of India and of the Geological Museum, Calcutta, for the year 1894; The Cretaceous Formation of Pondicherry by [[H. Warth]], D. Sc., (Tübingen), Deputy Superintendent, Geological Survey of India; Some early allusions to Barren Island, with a few remarks thereon, by F. R. Mallet, F.G.S., late Superintendent, Geological Survey of India; Biblio…	https://archive.org/details/tropicalagricult1418ceyl/page/n818/mode/1up	vol014_tropicalagricult1418ceyl#1895-05#143		
G079	P001223	C. B. Antram	corpus_unique	1908	Mr. Antram	discoverer of new soap solution	…a Association are circulating for the information of tea planters a Note written by Mr. Hutchinson on preventive measures in connection with mosquito blight in tea. Mr. Hutchinson in his Note deals with the discovery by [[Mr. Antram]] of a new soap solution cheaper and as deadly in its action as kerosine emulsion, which has hitherto been used for the purpose. He says:— Owing to the unprecedented severity of this blight during the past season (1907) i…	https://archive.org/details/tropicalagricul301908ceyl/page/n238/mode/1up	vol030_tropicalagricul301908ceyl#1908-03#015		
G079	P001223	C. B. Antram	article	1910	Mr. Antram	inventor of the treatment	…ergram Tea Estates. By C. B. ANTRAM, F.E.S., Entomologist to the Indian Tea Association. These two circulars, issued by the Indian Tea Association, were published in 1908 and 1909 respectively, and detail the results of [[Mr. Antram]]'s investigations into and experiments upon the treatment of this most important tea pest. In his Preface to the first circular, the author states that he has "purposely refrained from giving the life-history of the Tea …	https://archive.org/details/tropicalagricul341910ceyl/page/n50/mode/1up	vol034_tropicalagricul341910ceyl#1910-01#025		
G079	P001223	C. B. Antram	explicit	1909	Mr. C. B. Antram	author of 'Mosquito Blight of Tea'	… remedial measures which can most usefully be employed against the more common insect pests and blights, to which the tea plant is subject. Two useful pamphlets published during the year were "Mosquito Blight of Tea" by [[Mr. C. B. Antram]], F.E.S., and "Hee-leaka Experimental Station" by Mr. C. M. Hutchinson, B.A. Mr. Macrae from Pusa made enquiries into disease at Darjeeling, the results of which are not yet available. The weather was generally dry durin…	https://archive.org/details/tropicalagricul331909ceyl/page/n442/mode/1up	vol033_tropicalagricul331909ceyl#1909-11#018		
G079	P001223	C. B. Antram	explicit	1910	C. B. ANTRAM	Entomologist to the Indian Tea Association	…. The "Mosquito-Blight" of Tea. (*Helopeltis theivora*.) Investigations during the cold weather season of 1907-1908. "Mosquito-Blight." Report on Experiments during Season 1908 at Rampore and Koombergram Tea Estates. By [[C. B. ANTRAM]], F.E.S., Entomologist to the Indian Tea Association. These two circulars, issued by the Indian Tea Association, were published in 1908 and 1909 respectively, and detail the results of Mr. Antram's investigations into an…	https://archive.org/details/tropicalagricul341910ceyl/page/n50/mode/1up	vol034_tropicalagricul341910ceyl#1910-01#025		
G080	P001411	William Griffith	corpus_honorific	1891	Dr. Griffith		…redweight of salt and three to five tons of lime applied in February or March to such rank grass land tends to produce a finer herbage. Salt may also be used as a dressing for wheat at the rate of about 5 cwt. per acre. [[Dr. Griffith]] says salt eradicates couch on land infested with it. If this is the case we have an additional excellent reason for applying it. It is also a good diluent for the better distributing of nitrate of soda and is said to ch…	https://archive.org/details/tropicalagricult1018ceyl/page/n680/mode/1up	vol010_tropicalagricult1018ceyl#1891-03#051		
G080	P001411	William Griffith	article	1887	Griffith	private contributor	… collections of several other botanists which had been made over to him for the purpose. The liberality with which these specimens were given away was so extreme, that in the garden report for the year 1843, we find Dr. [[Griffith]] (who had been appointed to officiate for Dr. Wallich during his absence in England) complaining that the herbarium had been completely denuded of every specimen collected during the first fifty years of the existence of…	https://archive.org/details/tropicalagricult7188ceyl/page/n301/mode/1up	vol007_tropicalagricult7188ceyl#1887-10#092		
G080	P001411	William Griffith	norm	1888	Dr. Griffith	officiating Superintendent; botanist	…d the collections of several other botanists which had been made over to him for the purpose. The liberality with which these specimens was given away was so extreme that, in the garden report for the year 1843, we find [[Dr. Griffith]] (who had been appointed to officiate for Dr. Wallich during his absence in England) complaining that the herbarium had been completely denuded of every specimen collected during the first fifty years of the existence of…	https://archive.org/details/tropicalagricult7188ceyl/page/n847/mode/1up	vol007_tropicalagricult7188ceyl#1888-06#040		
G080	P001411	William Griffith	explicit	1882	William Griffith	author of Report on the Caoutchouc Tree of Assam	…tree, which attains gigantic dimensions in a wild state, may be kept healthy and ornamental in a mere handful of earth. With regard to the size of this tree in its native country, we find some interesting particulars in [[William Griffith]]'s "Report on the Caoutchouc Tree of Assam," in the *Journal of the Asiatic Society of Bengal*, vii, part 1, p. 132. In the district where it grows it overtops the other vegetation, not only growing tall, but forming col…	https://archive.org/details/tropicalagricult18821883colo/page/n94/mode/1up	vol002_tropicalagricult18821883colo#1882-07#138		
G081	P001402	W. H. Cowley	corpus_dominant	1888	Mr. Cowley	chemist	#### THEINE AND OTHER CONSTITUENTS OF TEA AS FACTORS IN ITS QUALITY. We commented on the figures for theine obtained by Dr. Paul and [[Mr. Cowley]] without having carefully read the accompanying remarks. A perusal of the paper, pencil in hand, shows the correctness of our inference that neither the flavour, strength, nor general quality of tea can be taken to depen…	https://archive.org/details/tropicalagricult7188ceyl/page/n563/mode/1up	vol007_tropicalagricult7188ceyl#1888-02#059		
G081	P001402	W. H. Cowley	explicit	1903	W. H. Cowley	author	(surface not found in text)	https://archive.org/details/tropicalagricult2319ceyl/page/n225/mode/1up	vol023_tropicalagricult2319ceyl#1903-09#064		
G081	P001402	W. H. Cowley	explicit	1893	Mr. W. H. Cowley	manager of estate	…sent—one of which (the one I was on) was planted with coffee, and a sprinkling of tea, the other being also a thriving coffee plantation. The first is about 250 acres in extent and is under the management and control of [[Mr. W. H. Cowley]], the other being managed by a German. There is no proper road to the estates at present—no line of march—only a little path bordered by jungle and forest. It took us about a month to travel from the coast to the estate,…	https://archive.org/details/tropicalagricult1218ceyl/page/n786/mode/1up	vol012_tropicalagricult1218ceyl#1893-06#051		
G081	P001402	W. H. Cowley	explicit	1904	Mr. W H Cowley	author of letter	**COTTON-GROWING IN CEYLON.**—We direct attention to [[Mr. W H Cowley]]'s vigorous letter elsewhere and trust it will attract the notice of enterprising capitalists. The progress made by the Government experiment is noted elsewhere; it is a pity that this is not more advanced, so that the P…	https://archive.org/details/tropicalagricult2319ceyl/page/n711/mode/1up	vol023_tropicalagricult2319ceyl#1904-04#038		
G082	P001532	W. W. Froggatt	corpus_unique	1899	Mr. Froggatt	Government Entomologist	…r after fumigating would appear to be quite sufficient to enable the whole of the gas to escape. With regard to the effects of this treatment on the scale, I forwarded samples of the fruit before and after fumigating to [[Mr. Froggatt]], Government Entomologist. He reports on the original oranges—"About half the adult red scale was dead and dried up, a quarter was dead, and the other quarter alive. Upon each orange I found live active larvae under the …	https://archive.org/details/tropicalagricult1818ceyl/page/n576/mode/1up	vol018_tropicalagricult1818ceyl#1899-02#042		
G082	P001532	W. W. Froggatt	norm	1927	Froggatt	entomologist	… when the beetles devoured considerable quantities of foodstuffs, even attacking candles. In the Seychelles, it attacks salt fish as well as copra, both of which are stored in close proximity to each other. According to [[Froggatt]] (1911), the beetle is known in the Pacific Islands as the "copra bug," the name usually applied to it in Malaya. In America, it is a serious pest of smoked meats, such as ham and bacon and is, therefore, known as the "r…	https://archive.org/details/tropical-agriculturist_1927-12_69/page/n30/mode/1up	vol069_tropical-agriculturist-1927-12-69#1927-12#008		
G082	P001532	W. W. Froggatt	explicit	1920	W. W. FROGGATT	Government Entomologist	## POISON BAITS FOR WHITE ANTS. [[W. W. FROGGATT]], GOVERNMENT ENTOMOLOGIST. There is still much to be learned regarding the resistant properties of different Australian timbers in relation to white ants. A poison bait generally considered effective may be made by the a…	https://archive.org/details/lbg.630.5.tag.v.54/page/n254/mode/1up	vol054_lbg-630-5-tag-v-54#1920-05#025		
G082	P001532	W. W. Froggatt	explicit	1907	W. W. Froggatt	Entomologist to the Department of Agriculture	…tle upside down, and, as they fall out, repeat aloud three *credos*. Then all the cockroaches in the house from which these three come will go away." #### HOW TO GET RID OF COCKROACHES. In answer to a correspondent, Mr. [[W. W. Froggatt]], Entomologist to the Department of Agriculture, supplies the following note:— An article dealing with cockroaches appears in this issue of the *Gazette*. Among the remedies used in the ordinary house where the run or hi…	https://archive.org/details/tropicalagricul281907ceyl/page/n262/mode/1up	vol028_tropicalagricul281907ceyl#1907-04#016		
G083	P001498	Pugh	pool	1897	Colonel Pugh	Owner of factories	…re, with occasional high jinks at Chandernagore, orders came over from Bombay to send somebody up to Tirhoot District to take charge of the produce in two large factories, which had been mortgaged to the Bank, the owner [[Colonel Pugh]] having failed. So, as I had some experience in Coffee, it was at once pronounced that I had an intimate knowledge of Indigo, Sugar, and Opium, and they appointed me to this duty, at which I was only too delighted, and a…	https://archive.org/details/tropicalagricult1618ceyl/page/n844/mode/1up	vol016_tropicalagricult1618ceyl#1897-06#001		
G083	P001498	Pugh	pool	1900	Dr. Pugh	researcher, Rothamsted	… years in succession, to determine whether plants assimilate free on uncombined nitrogen, and also various collateral points. Plants of the gramineous, the leguminous, and of other families, were operated upon. The late [[Dr. Pugh]] took a prominent part in this inquiry. The conclusion arrived at was that our agricultural plants do not themselves directly assimilate the free nitrogen of the air by their leaves. In recent years, however, the questio…	https://archive.org/details/tropicalagricult2019ceyl/page/n389/mode/1up	vol020_tropicalagricult2019ceyl#1900-11#166		
G083	P001498	Pugh	pool	1896	Dr. Pugh	experimenter	…y, in forms suitable for assimilation by the plant, is, for the farmer, of the highest economic importance. \* The experimenters referred to are M. Boussingault, Sir J. B. Lawes (of Rothamsted) Sir J. Henry Gilbert, and [[Dr. Pugh]], lated before it is sown. This is effected by making a watery solution of the pure cultivation, immersing the seed in it, and subsequently drying it; or secondly, it may be effected by inoculating a quantity of fine san…	https://archive.org/details/tropicalagricult1618ceyl/page/n274/mode/1up	vol016_tropicalagricult1618ceyl#1896-10#057		
G083	P001498	Pugh	pool	1938	Pugh	researcher on crop analysis	…s is diminished. In general, it might be expected that a mixture of strains would be suitable for a wider area than a pure strain. The writer closes this note with a quotation from a paper by Hutchinson, Panse, Apté and [[Pugh]]: "The crop analysis data on both jowar and cotton, and general observations in other crops, show that the equilibrium condition between crop variability and combined human and natural selective forces is a balanced mixt…	https://archive.org/details/tropical-agriculturist_1938-06_90_6/page/n72/mode/1up	vol090_iss06_tropical-agriculturist-1938-06-90-6#1938-06#015		
G084	P001517	T. A. Williams	explicit	1899	T A Williams	Blackwood Coffee Company	… Hart, J. Steel, J W Sidey, A E Butler, W S Warren, K Brown, D Wilson, J A Roberts, C E Strachan, R B Magor, Messrs. Geo. Williamson & Co.; Geo. White, G Seton, S H Smith, Carolina Tea Company; Alfred Brown, T S Dobree, [[T A Williams]], Blackwood Coffee Company; Geo. G Playfair, Lebong Com- pany; H L Tottenham, A Ledington, L H Pieris; Duncan W H Skrine, N W Grieve, R C Lyall, Lumsden, G A Dalby, Henry Bois, Sanderson, Jas. Wilson, Arthur Thompson, Ad…	https://archive.org/details/tropicalagricult1918ceyl/page/n203/mode/1up	vol019_tropicalagricult1918ceyl#1899-09#050		
G084	P001517	T. A. Williams	explicit	1910	T. A. WILLIAMS	Secretary	…YANTOTA, CEYLON TEA Co. The Managing Agents in Ceylon cable that the Crops secured were as follows:—TEA—1909 1,588,393 lb., Against in 1908, 1,555,055 lb. RUBBER—1909, 14,000 lb. (Approximately), Against 1908, 7,521 lb.—[[T. A. WILLIAMS]], Secretary, 8th Jan. ### PANAWATTE TEA AND RUBBER ESTATES. PANAWATTE AND YOGAMA ESTATES.—Tea—1909, 718,374 lb. Against in 1908, 695,094 lb. Rubber—1909 (approximately) 13,300 lb. Against in 1908, 1,102 lb. PERTH ESTATE.…	https://archive.org/details/tropicalagricul341910ceyl/page/n287/mode/1up	vol034_tropicalagricul341910ceyl#1910-03#062		
G084	P001517	T. A. Williams	explicit	1900	Thornton A. Williams		… before the Tea Clearing House Committee, and proposed a reduction therein, which they continued steadily to press, until their efforts have now been attended with partial success.—Your faithfully. (Signed) J. GREENWAY. [[Thornton A. Williams]], Esq., 27 Mincing Lane.	https://archive.org/details/tropicalagricult1918ceyl/page/n870/mode/1up	vol019_tropicalagricult1918ceyl#1900-06#081		
G084	P001517	T. A. Williams	explicit	1902	T. A. WILLIAMS	Secretary	…ssociation, Mr A Thomson retires from the Board, and, being eligible, offers himself for re-election. Messrs. Cape and Dalgleish, C.A., offer themselves for re-election as Auditors of the Company.—By order of the Board, [[T. A. WILLIAMS]], Secretary. 27, Mincing Lane, London, E.C., 2nd April, 1902.	https://archive.org/details/tropicalagricult2119ceyl/page/n824/mode/1up	vol021_tropicalagricult2119ceyl#1902-06#031		
G085	P001504	R. Pantling	corpus_unique	1888	Mr. Pantling	Lachen valley	…large box filled with dried plants. Of contributions received from within the limits of India, I have to acknowledge—from Sikkim a quantity of plants from Mr. G. Gammie, as also a collection made by a Bhotia employed by [[Mr. Pantling]] in the Lachen valley; from the Khasia Hills many fine things chiefly trees, from Mr. Gustav Mann; from the Naga Hills a fine collection made during his short residence there by Dr. D. Prain, now Curator of the Herbarium…	https://archive.org/details/tropicalagricult7188ceyl/page/n847/mode/1up	vol007_tropicalagricult7188ceyl#1888-06#040		
G085	P001504	R. Pantling	article	1888	Mr. Pantling		…ammie has spent much time and energy in experiments directed towards the discovery of an efficient and cheap mode of manufacturing quinine. He has conducted his factory and plantation work in his usual efficient manner. [[Mr. Pantling]] and Mr. Gammie, jun., have both worked excellently; and to Mr. Parkes my acknowledgments are also due for his management of the Ruongjung division." The report of Mr. Colman Macauley, Secretary to the Government of Beng…	https://archive.org/details/tropicalagricult7188ceyl/page/n718/mode/1up	vol007_tropicalagricult7188ceyl#1888-04#078		
G085	P001504	R. Pantling	explicit	1900	Mr. R. Pantling	Deputy-Superintendent of the Cinchona plantation	…nd now Superintendent of the Garden and of the cinchona plantation and factory; of Mr. G. A. Gammie, formerly one of the staff of the cinchona plantation and now Lecturer on Botany in the College of Science at Poona; of [[Mr. R. Pantling]], Deputy-Superintendent of the Cinchona plantation, who, in addition to dried specimens of the orchids of Sikkim, contributed nearly five hundred drawings, most of which have been lithographed as the illustrations to a b…	https://archive.org/details/tropicalagricult1918ceyl/page/n760/mode/1up	vol019_tropicalagricult1918ceyl#1900-05#002		
G085	P001504	R. Pantling	corpus_unique	1881	Mr. Pantling	Curator of the garden	…ut, I deputed the Curator of the garden during the cold weather to examine the long grasses that grow on the banks of the Adjai and Damooda rivers with the view of testing their suitability as materials for paper fibre. [[Mr. Pantling]] was absent on this duty for some weeks. He made a careful examination of many miles of the banks of both these rivers, as well as of those of the Brahmaputra between Chilmurree and Goalundo. On all three rivers Mr. Pant…	https://archive.org/details/tropicalagricult1188ceyl/page/n404/mode/1up	vol001_tropicalagricult1188ceyl#1881-10#131		
G086	P001457	H. Huttenbach	explicit	1894	H Huttenbach	representative of Selangor estate	(surface not found in text)	https://archive.org/details/tropicalagricult1318ceyl/page/n713/mode/1up	vol013_tropicalagricult1318ceyl#1894-04#040		
G086	P001457	H. Huttenbach	explicit	1892	H Huttenbach	proprietor	… enterprise. Particulars are shewn in the following table:— | | | | Situation | | Name of Estate | | Proprietors | | Managers | | Average: | | | | Total | | Under Cultivation | | | | | | Batu, 3rd mile | | Batu..... | | [[H Huttenbach]] .. | | A K Hampshire .. | | 200 | | 50 | | | | K Lumpur | | Selangor..... | | C &amp; J Glassford.. | | D.... | | 25 | | 20 | | | | Setapak..... | | The Mount..... | | C &amp; R S Meikle.. | | C &amp; J Glassford.. | | …	https://archive.org/details/tropicalagricult1218ceyl/page/n304/mode/1up	vol012_tropicalagricult1218ceyl#1892-10#067		
G086	P001457	H. Huttenbach	explicit	1893	Mr. H. Huttenbach		…ept in the highest state of cultivation for which Scottish farmers are everywhere famed, and the good old Scottish title of "Laird" has been bestowed by his brother planters on one of the proprietors. At the end of 1889 [[Mr. H. Huttenbach]] acquired two small patches of coffee near Kuala Lumpur, one of some 10 acres, about half a mile out of town, from Mr. Bristowe, late of the Land Office, which he has called "Selangor Coffee Garden," the other, some thre…	https://archive.org/details/tropicalagricult1218ceyl/page/n755/mode/1up	vol012_tropicalagricult1218ceyl#1893-05#130		
G086	P001457	H. Huttenbach	explicit	1897	H. Hüttenbach	author of the pamphlet	… the chairman. Registered office: 38, Mincing-lane, E.C.—*H. & C. Mail*, Jan. 29. THE CULTIVATION OF LIBERIAN COFFEE IS, a Pamphlet on the Opening up and Management of a Liberian Coffee Estate in the Malay Peninsula, by [[H. Hüttenbach]] (reprinted from the *Selangor Journal*,) which has been sent us: it seems very useful.	https://archive.org/details/tropicalagricult1618ceyl/page/n627/mode/1up	vol016_tropicalagricult1618ceyl#1897-03#023		
G087	P001639	Lord Ripon	pool	1893	Lord Ripon		…ch had hitherto been the amount of the exports from the Colony of fruit and sponge which were its only resources. Although his term as Governor of the Colony was now about to expire, he should remain for another year as [[Lord Ripon]] thought it undesirable that he should for the present be separated from the supervision of the important interests it had been his good fortune to have called into existence. The Earl of Denigh proposed "The Visitors," …	https://archive.org/details/tropicalagricult1318ceyl/page/n258/mode/1up	vol013_tropicalagricult1318ceyl#1893-10#010		
G087	P001639	Lord Ripon	pool	1893	Lord Ripon	Interested in Land Taxation and Agriculture	…ne will do for the Kinta district what the Selangor Railway did for Kuala Lumpur, and I shall be disappointed if it does not yield a revenue of a quarter million of dollars, or about 12 per cent on the capital invested. [[Lord Ripon]] has been interesting himself—much to Mr. Swettenham's satisfaction—in the question of Land Taxation and the promotion of Agriculture including the settlement of Agricultural Colonies. Mr. Swettenham reports:— That at th…	https://archive.org/details/tropicalagricult1318ceyl/page/n112/mode/1up	vol013_tropicalagricult1318ceyl#1893-08#027		
G087	P001639	Lord Ripon	pool	1881	Lord Ripon	Viceroy of India	… determined to establish Colleges for technical as well as general education, and the Chinese authorities are to send no more students to Europe or America for their education. In India perhaps the most notable event of [[Lord Ripon]]'s *régime* has been the re-establishment, with a considerable flourish of trumpets, of Lord Mayo's Agricultural Department, and much attention is promised henceforward to all that concerns the development of agricultura…	https://archive.org/details/tropicalagricult1188ceyl/page/n432/mode/1up	vol001_tropicalagricult1188ceyl#1881-11#011		
G087	P001639	Lord Ripon	pool	1893	Lord Ripon	author of Colonial Report	…Imperial Government for its administration, the trade of the country is still quite undeveloped, and but little progress has been made towards opening up the country, as shown by the comparative statement given below 24 [[Lord Ripon]] in the last Colonial Report published, testifies to the value of the work which is being performed by the able Administrator, Sir William Macgregor, who is of course backed by the prestige of the British Government and …	https://archive.org/details/tropicalagricult1318ceyl/page/n210/mode/1up	vol013_tropicalagricult1318ceyl#1893-09#068		
G088	P001551	Bernard Coventry	corpus_dominant	1911	Coventry	researcher, Forest Institute, Dehra Dun	… one we are now dealing with (both, it will be noted, being low country, tropical products), the results have not been quite satisfactory, as attested by the experiments of Richmond (American Bureau of Science, Manila), [[Coventry]] (Forest Institute, Dehra Dun), and ourselves. Then it is doubtful whether the sulphite process is practicable in a tropical country without the aid of a system of refrigeration which would seriously discount its economy…	https://archive.org/details/tropicalagricul371911ceyl/page/n316/mode/1up	vol037_tropicalagricul371911ceyl#1911-10#006		
G088	P001551	Bernard Coventry	corpus_unique	1888	Mr. Secretary Coventry	quoted lamenting tea consumption	…ver possessed, or with which they have long since parted. Hence, the administrators of the law are disinclined to interfere with the traffic in this vile herb, which, if at all like that of 1678, justifies the lament of [[Mr. Secretary Coventry]], that nations were growing so "wicked" as to have "the filthy custom of calling for Tea, instead of pipes and bottles after dinner." Tea which costs, at first hand, less than twopence a pound, needs no tavern bush to pr…	https://archive.org/details/tropicalagricult8188ceyl/page/n333/mode/1up	vol008_tropicalagricult8188ceyl#1888-11#040		
G088	P001551	Bernard Coventry	explicit	1915	BERNARD COVENTRY	author	## TRANSPLANTING RICE. [[BERNARD COVENTRY]]. Madras continues to make steady progress in the popularization of the method of single seedling transplantation which is so obviously reducing the seed rate and improving the yield that its general adoption will only b…	https://archive.org/details/lbg.tropicalagricultvol.xliv0000unse_e6v7/page/n409/mode/1up	vol044_lbg-tropicalagricultvol-xliv0000unse-e6v7#1915-06#020		
G088	P001551	Bernard Coventry	explicit	1915	BERNARD COVENTRY	Director	### PUSA INSTITUTE AND COLLEGE. --- The annual report on the Agricultural Research Institute and College at Pusa for 1913-14 is to hand, and comprises reports from the following officers:— The Director ([[BERNARD COVENTRY]]), Agriculturist (A. C. DOBBS), Agricultural Chemist (J. W. LEATHER), Economist Botanist (A. HOWARD), Mycologist (F. J. F. SHAW), Entomologist (T. BAINBRIDGE FLETCHER), Pathological Entomologist (F. M. HOWLETT), Agricult…	https://archive.org/details/lbg.tropicalagricultvol.xliv0000unse_e6v7/page/n206/mode/1up	vol044_lbg-tropicalagricultvol-xliv0000unse-e6v7#1915-03#038		
G089	P001667	Siva	pool	1899	Siva	deity	…ikely that the Buddhist of Southern Asia would pay allegiance to the hierarchy of Lhasa, which would seem the only possible solution of the problem. Northern Buddhism has itself been modified by Hindu influences such as [[Siva]] worship, but such influences have been local rather than general in their effect."	https://archive.org/details/tropicalagricult1818ceyl/page/n941/mode/1up	vol018_tropicalagricult1818ceyl#1899-06#159		
G089	P001667	Siva	pool	1899	Siva	deity	…ls of India and the trotting bullocks of this Island, and we are therefore glad to find a clear account of the former given by Dr. Voelcker in his report on Indian Agriculture. The Brahmani bulls, which are dedicated to [[Siva]] or some other deity, are let loose when still young, on the occasions of funeral ceremonies, or in fulfillment of a vow. They are picked cattle, and, being sacred, are allowed to roam wherever they please, no one being …	https://archive.org/details/tropicalagricult1818ceyl/page/n765/mode/1up	vol018_tropicalagricult1818ceyl#1899-04#144		
G089	P001667	Siva	pool	1889	Siva	god	…ck has his supper of pulse porridge. After this the social life within the village suddenly bursts into its brightest and happiest activity. The temples of the gods are visited, namely, of Mahadeo the great god, meaning [[Siva]], and Bhairava, and incarnation of Siva, and Hanuman. . . In Western, Southern and Central India Hanuman is everywhere the favourite local divinity of the lower agricultural classes, whose innocent gaiety of heart, so pr…	https://archive.org/details/tropicalagricult8188ceyl/page/n484/mode/1up	vol008_tropicalagricult8188ceyl#1889-01#064		
G089	P001667	Siva	pool	1912	Siva	mythological figure	…refully looked after, and Indian cattle were famed for their great strength as well as their beauty. The robustness of their cattle of old is well indicated by the mythological story that the bull was the animal used by [[Siva]] for riding. At the present day, none of the essential conditions requisite to the profitable maintenance of Brahmini bulls are attended to. One very common mistake is to select bulls simply because of their strength and…	https://archive.org/details/tropicalagricul381912ceyl/page/n359/mode/1up	vol038_tropicalagricul381912ceyl#1912-04#017		
G090	P001548	Alfred L. Jones	explicit	1910	Sir Alfred L. Jones	President of the British Cotton-growing Association	…Indian Trade Journal*, Vol. XV., No. 185, October 14, 1909.) The sixty-seventh meeting of the Council of the British Cotton-growing Association was held at the offices of the Association on September 7th, the President, [[Sir Alfred L. Jones]], in the chair. A considerable quantity of cotton is now coming forward from British East Africa and Uganda, and the outlook continues very favourable. In Nyasaland also the industry is making considerable progress, both…	https://archive.org/details/tropicalagricul341910ceyl/page/n121/mode/1up	vol034_tropicalagricul341910ceyl#1910-02#007		
G090	P001548	Alfred L. Jones	explicit	1909	Sir Alfred L. Jones	President of the Association	…meetings of Committees and Sub-Committees. On March 20th, 1908, a Banquet was held, the principal guest being the Right Hon. Winston S. Churchill, M.P., the then Under-Secretary of State for the Colonies. The President ([[Sir Alfred L. Jones]], K.C.M.G.,) again most gener- ously defrayed the expenses of the guests. A presentation of a silver dessert service was made to Mr. Churchill by some members of the Council on the occasion of his wedding in recognition …	https://archive.org/details/tropicalagricul331909ceyl/page/n27/mode/1up	vol033_tropicalagricul331909ceyl#1909-07#009		
G090	P001548	Alfred L. Jones	explicit	1893	Mr. Alfred L. Jones	Liverpool shipowner	DEVELOPING THE COFFEE BERRY.—A few weeks ago I referred to the never-failing energy and enterprise of [[Mr. Alfred L. Jones]], a well-known Liverpool shipowner, who is closely connected with the African trade, and to whom is mostly due the development of Grand Canary. It is now reported that Mr. Jones intends to organise a large coffee plantat…	https://archive.org/details/tropicalagricult1318ceyl/page/n454/mode/1up	vol013_tropicalagricult1318ceyl#1893-12#164		
G090	P001548	Alfred L. Jones	explicit	1909	Sir Alfred L. Jones	President	…rincipal guest being Mr. Winston S. Churchill. A farewell Banquet was also given to Mr. Churchill on August 23rd, 1907, on the occasion of his departure for East Africa. On both occasions the President (Sir Alfred L. 66 [[Jones, K.C.M.G.) mo]]st generously defrayed the whole of the expenses of the guests. An Exhibition, illustrating more particularly the cotton growing movement in the West Indies, was opened on April 25th at the Offices of the Board of Trade …	https://archive.org/details/tropicalagricul321909ceyl/page/n562/mode/1up	vol032_tropicalagricul321909ceyl#1909-06#013		
G091	P001648	P. C. Dedigama	corpus_unique	1923	Dedigama	Ratemahatmaya of Beligal Korale	(surface not found in text)	https://archive.org/details/tropicalagricult0061unse/page/n310/mode/1up	vol061_tropicalagricult0061unse#1923-11#010		
G091	P001648	P. C. Dedigama	explicit	1924	MR. P. C. DEDIGAMA Ratemahatmaya	judge, Beligal Korale	…rious stages of growth and the principal points judged were methods of cultivation, cleanliness of surroundings, manuring, seed rate, etc. *Beligal Korale.*—Fifty-three competitors entered for competition and the judges [[MR. P. C. DEDIGAMA Ratemahatmaya]] and MR. C. P. CRISPEYN, Agricultural Instructor, recommended the two following competitors for the prizes:— *1st Prize.*—Ratukankanamalage Punchi Appuhamy of Ampe *2nd Prize.*—Dissanayaka Mudianselage Punchi Banda of Ba…	https://archive.org/details/lbg.630.5.tag.v.62/page/n260/mode/1up	vol062_lbg-630-5-tag-v-62#1924-05#009		
G091	P001648	P. C. Dedigama	explicit	1924	P. C. Dedigama	Ratemahatmaya	…eting of the District Agricultural Committee, Kegalle, held at the Circuit Bungalow at Pinnawala on 4th April, 1924.* *Present*—The Asst. Govt. Agent, Kegalle (in the chair), Messrs. M. B. Mapitigama, C. L. Ratwatte and [[P. C. Dedigama]] Ratemahatmayas, C. P. Crispeyn, Agricultural Instructor, N. W. Morgappah (visitor), G. G. Auchinleck, Divisional Agricultural Officer (Central), R. Abeyratne, Korala of Meddemediliya Pattu and A. F. Gunaratne, Kachcheri…	https://archive.org/details/lbg.630.5.tag.v.62/page/n334/mode/1up	vol062_lbg-630-5-tag-v-62#1924-06#009		
G091	P001648	P. C. Dedigama	explicit	1926	P. C. Dedigama	Ratemahatmaya	…isional Agricultural Officer, M. B. Mapitigama, Ratemahatmaya, D. B. Mapitigama, Acting Ratemahatmaya, M. C. Perera, A.C. Kanagasabai and Mr. A. F. Gunaratne, Hon. Secretary. Read letters from Messrs. C. L. Ratwatte and [[P. C. Dedigama]], Ratemahatmayas and the Divisional Irrigation Engineer intimating their inability to attend the meeting. Minutes of the last meeting were read and confirmed. 2. It was decided to hold in 1926 the same competitions as in…	https://archive.org/details/tropical-agriculturist_1926-01_66_1/page/n43/mode/1up	vol066_iss01_tropical-agriculturist-1926-01-66-1#1926-01#009		
G092	P001829	Rheede	pool	1884	Rheede	botanist	… thought the tree to be an oak, *Quercus Indica* (Hist. Nat. Ind. Orient. VI. cap. 16, p. 151), and this name prevailed here and there, as “*Indian oak*,” “*Chêne de Malabar*,” “*Chêne des Indes*” (even “*bois puant*”). [[Rheede]], in 1678–1703, called it, (in his *Hortus Malabaricus*, IV, 57 and pl. 27) “*Theka*,” after its name in Hindostan: “*Taik, Doda-taika*” in Malabar and further Westwards, “*Tek-chetoe*” in Teloegoe, “*Tek-maram*” in Tami…	https://archive.org/details/tropicalagricult18831884colo/page/n701/mode/1up	vol003_tropicalagricult18831884colo#1884-03#145		
G092	P001829	Rheede	pool	1882	Rheede		…th this. I think Masters is wrong in calling this the "cotton tree," and leaving the other without a common name. One of the generic names, *samalia*, is, I think, derived from the Malayalam name of the tree under which [[Rheede]] figured it in his *Hortus Malabaricus*. The cotton of this tree is scant compared with that of the next tree. There is a very common drug sold in the bazars of India and Ceylon, and which is used for the same purpose as…	https://archive.org/details/tropicalagricult1188ceyl/page/n843/mode/1up	vol001_tropicalagricult1188ceyl#1882-03#150		
G092	P001829	Rheede	pool	1906	Rheede	Indian botanist	…árka, yercum, &c. One of the earliest European writers to describe this plant was Prosper Alpinus (De Plant. Aegypti, 1592, Ch. XXV.). He tells us that it is the 'beidelsar' of Alexandria, where it grows in damp places. [[Rheede]] was the earliest Indian botanist to narrate its properties (Hort. Mal. 1679, II., t. 31), and he furnished a most accurate drawing of the plant. He calls it ericu. Rumphius (Hort. Amb. 1755, VII., t. 14, f. 1) gives a p…	https://archive.org/details/tropicalagricul271906ceyl/page/n59/mode/1up	vol027_tropicalagricul271906ceyl#1906-07#014		
G092	P001829	Rheede	pool	1886	Rheede	botanist	…a. 17. *Bassia cricera*, Blume, known as Djengkot in Java. 18. *Bassia argentea*, De Vriese, growing in Java. 19. *Passea Jangghitiana*, De Vriese, growing in Java. 20. *Minutopsis Manilkara*, G. Don, the *Manilkara* of [[Rheede]], and the *Metrosideros Macassaricensis* of Rumphius, growing in Java. 21. *Minutopsis acuminata*, Blume, known as Genkot; grows in Sumatra and Java to a height of 80 to 120 feet. Remarks—Nos. 12 to 21 are all said to yi…	https://archive.org/details/tropicalagricult18851886colo/page/n702/mode/1up	vol005_tropicalagricult18851886colo#1886-04#034		
G093	P001859	William Manning	corpus_unique	1933	Governor Manning	Governor of Ceylon	…ITY FOR THE RECONSTRUCTION OF THE BOARD OF AGRICULTURE "The prosperity of Ceylon depends largely on the development of its agricultural resources and the advancement of its agricultural industries." In these pithy words [[Governor Manning]] expressed in 1921 to the then Secretary of State for the Colonies the keynote of his agricultural policy. It will be remembered that the rice famine was then fresh in the minds both of the Government and of the people. …	https://archive.org/details/dli.ernet.229226/page/n78/mode/1up	vol080_dli-ernet-229226#1933-01#021		
G093	P001859	William Manning	norm	1921	HIS EXCELLENCY THE GOVERNOR	Governor of Ceylon	## THE SCHOOL OF TROPICAL AGRICULTURE, PERADENIYA. ### OPENING OF THE NEW BUILDINGS BY [[HIS EXCELLENCY THE GOVERNOR]], AND DISTRIBUTION OF PRIZES BY LADY MANNING. The opening of the new buildings of the School of Tropical Agriculture, Peradeniya, took place at 4.15 p.m. on Saturday the 24th September, 1921. By 4 o'clock a large and rep…	https://archive.org/details/in.ernet.dli.2015.230764/page/n260/mode/1up	vol057_in-ernet-dli-2015-230764#1921-10#007		
G093	P001859	William Manning	explicit	1913	Sir William Manning	Governor	…coffee districts. Now estates have been opened up. Many of the old abandoned places have changed hands at good prices from £1 to £1 10s per acre and are also being re-opened for #### COTTON, TOBACCO, AND OTHER PRODUCTS. [[Sir William Manning]], our Governor, is certainly doing his utmost to further the interests of the Protectorate by the construction of macadamised roads as feeders to the railway, and by every other possible means in his power. Stopping the …	https://archive.org/details/lbg.630.5.tag.v.40/page/n93/mode/1up	vol040_lbg-630-5-tag-v-40#1913-01#081		
G093	P001859	William Manning	explicit	1922	William Manning	Governor	(surface not found in text)	https://archive.org/details/tropicalagricult0059unse/page/n304/mode/1up	vol059_tropicalagricult0059unse#1922-11#005		
G094	P001824	R. Helms	corpus_unique	1909	Helms	author	…investigations in soil management. Year-book U.S. Dept. Agr., 1903, p. 159. A few points regarding conservation of soil moisture. Milne. Agr. Jl. Ind. July 1908, p. 220. "T.A." Nov. 1908, p. 463. Science in Agriculture. [[Helms]]. Agr. Gaz. N. S. W. Aug. 1908, "T.A." Nov. 1908, p. 466. Dry land farming in the Madras Presidency. Sampson. Agr. Jl. Ind III. 1908, p. 33. Note on Agriculture in Japan. Nicholson. Madras Govt. Press. reviewed by Sheare…	https://archive.org/details/tropicalagricul321909ceyl/page/n88/mode/1up	vol032_tropicalagricul321909ceyl#1909-01#043		
G094	P001824	R. Helms	explicit	1901	R. HELMS	author	[[R. HELMS]]. The discovery of the important part played by certain bacteria within the soil in converting nitrogenous substances into nitric acid, in which form plants assimilate one of their most important food-stuffs, has created…	https://archive.org/details/tropicalagricult2019ceyl/page/n688/mode/1up	vol020_tropicalagricult2019ceyl#1901-04#011		
G094	P001824	R. Helms	explicit	1908	R. HELMS	author	## SCIENCE IN AGRICULTURE. --- BY [[R. HELMS]]. --- ### SOIL BACTERIA. A great deal has been written about soil bacteria during the last twenty years, when first they excited attention in the scientific world. Especially those contained in the swellings found on the…	https://archive.org/details/tropicalagricul311908ceyl/page/n507/mode/1up	vol031_tropicalagricul311908ceyl#1908-11#030		
G094	P001824	R. Helms	explicit	1903	Mr R. Helms	Bureau of Agriculture	…i are all included. In fact, we have in this volume of over 600 pages a wealth of useful and practical information for the fruit grower or would-be horticulturist in Western Australia. As regards the future of the state [[Mr R. Helms]], of the Bureau of Agriculture, has said: "The greatest prosperity of the country will begin when the cultivation of specially tropical products is taken up in earnest. It will be then that the country becomes populated,…	https://archive.org/details/tropicalagricult2319ceyl/page/n318/mode/1up	vol023_tropicalagricult2319ceyl#1903-10#139		
G095	P001745	F. H. King	article	1917	KING	researcher	…rowing or cultivating with a light implement as frequently as possible, or whenever the surface shows signs of settling down firmly. That this is not mere theory, but sound practice, the following figures given by F. H. [[KING]] will show. A field was ploughed and harrowed in the spring, and divided into strips. One set of strips was rolled and left; the others were cultivated frequently to a depth of three inches. The percentages of water foun…	https://archive.org/details/tropical-agriculturist_1917-09_49_3/page/n40/mode/1up	vol049_iss03_tropical-agriculturist-1917-09-49-3#1917-09#011		
G095	P001745	F. H. King	explicit	1932	F. H. King	author of Farmers of Forty Centuries	…opagated vegetatively, and the races of maize in tropical America "improved" out of all resemblance to any known wild plant. Early man often took great pains to conserve the fertility of the soil as so well described in [[F. H. King]]'s *Farmers of Forty Centuries or Permanent Agriculture in China, Korea, and Japan*, a book which all should read. As a more tropical example there is the case of Ceylon where for some 1500 years the food supplies for a …	https://archive.org/details/tropical-agriculturist_1932-10_79_4/page/n37/mode/1up	vol079_iss04_tropical-agriculturist-1932-10-79-4#1932-10#010		
G095	P001745	F. H. King	explicit	1938	F. H. King	author of Soil Management	… organic material is supplied to the soil either as mulch or as compost. #### IV.—GENERAL It must be emphasized that the effect of a crop in removing nutrients from the soil is not nearly so great as that of heavy rain. [[F. H. King]] in “Soil Management” estimated the amounts of the chief nutrients removed by pure water from the surface foot of two soils. Table I. gives an abstract of his results, which are expressed in lb. per acre. Nutrients remov…	https://archive.org/details/tropical-agriculturist_1938-04_90_4/page/n61/mode/1up	vol090_iss04_tropical-agriculturist-1938-04-90-4#1938-04#014		
G095	P001745	F. H. King	explicit	1917	F. H. KING		…by harrowing or cultivating with a light implement as frequently as possible, or whenever the surface shows signs of settling down firmly. That this is not mere theory, but sound practice, the following figures given by [[F. H. KING]] will show. A field was ploughed and harrowed in the spring, and divided into strips. One set of strips was rolled and left; the others were cultivated frequently to a depth of three inches. The percentages of water foun…	https://archive.org/details/tropical-agriculturist_1917-09_49_3/page/n40/mode/1up	vol049_iss03_tropical-agriculturist-1917-09-49-3#1917-09#011		
G096	P001821	Octave Collet	corpus_unique	1904	Mons. Collet	recommender of tapping methods	…ping methods are in use on different estates. On Kepytigalla estate a system of large V shaped cuts is in favour, as D in the figure. The cuts are about 8 to 10 inches in length, and this method is highly recommended by [[Mons. Collet]]. The herring-bone system seems not to be in favour in Ceylon, a series of small V cuts being given the preference (see B in fig.). Another kind of cut seen on one estate is a twisted cut starting at a point and half enc…	https://archive.org/details/tropicalagricult2319ceyl/page/n837/mode/1up	vol023_tropicalagricult2319ceyl#1904-06#001		
G096	P001821	Octave Collet	article	1904	M. Collet		…t of "shop" was talked, although he had plenty to say on a host of other matters, being a travelled man in the East. But space is valuable; I will plunge *in medias res*. Leaving Colombo by the morning train three of us [[M. Collet]], M. E. Lippens, his private secretary, and myself, armed with cameras, went down to Kalutara South. At the station we were fortunate in at once securing the services of a pony and trap, and thus were spared the pains of…	https://archive.org/details/tropicalagricult2319ceyl/page/n857/mode/1up	vol023_tropicalagricult2319ceyl#1904-06#028		
G096	P001821	Octave Collet	explicit	1904	M. Octave Collet	Belgian rubber expert	#### A BELGIAN RUBBER EXPERT IN CEYLON. We have to welcome on arrival from Belgium by the N. L. "Bayern" on a second tour of the East, [[M. Octave Collet]], who passed through Colombo in September last after a thorough study of Rubber in the Malay States. The result of his last tour in the East, which extended over several months, has appeared—in December last—in a volume,…	https://archive.org/details/tropicalagricult2319ceyl/page/n808/mode/1up	vol023_tropicalagricult2319ceyl#1904-05#075		
G096	P001821	Octave Collet	explicit	1904	Octave Collet	Belgian India rubber expert	…oing to shut out Ceylon rubber from fine work, the matter would be a very serious one for Ceylon; but we do not think this is at all likely to be the case. INDIA RUBBER IN CEYLON.—With our interview elsewhere with Mons. [[Octave Collet]], the Belgian India rubber expert, and the contributed articles on this subject we give considerable space to this comparatively new Ceylon product, but not more than such an important subject deserves. Rubber is destine…	https://archive.org/details/tropicalagricult2319ceyl/page/n891/mode/1up	vol023_tropicalagricult2319ceyl#1904-06#101		
G097	P001735	E. F. Smith	explicit	1908	Erwin Smith	scientist	…ithin ten or fifteen years. The disease is described as superficially characterized by the yellowing and fall of the outer leaves, shedding the nuts, and some months later by the death of the whole crown. As reported by [[Erwin Smith]], the terminal bud is "involved in the vilest sort of a bacterial soft rot . . . the stench resembling that of a slaughterhouse. This rot, invisible until the numerous outer leaf-base wrappings are removed, often involve…	https://archive.org/details/tropicalagricul311908ceyl/page/n608/mode/1up	vol031_tropicalagricul311908ceyl#1908-12#035		
G097	P001735	E. F. Smith	explicit	1910	Dr. Erwin F. Smith	author, Department of Agriculture	(surface not found in text)	https://archive.org/details/tropicalagricul351910ceyl/page/n351/mode/1up	vol035_tropicalagricul351910ceyl#1910-10#010		
G097	P001735	E. F. Smith	explicit	1908	Dr. Erwin F. Smith		…se conditions for pathological study. Many diseases are transferred from plant to plant by animals of nearly all classes, and the combined efforts of zoologists and of pathologists will be necessary to combat this evil. [[Dr. Erwin F. Smith]] enumerates bees, the potato beetle, snails and slugs as known transportation agents for various diseases. Moreover, we do not yet know how many diseases of animals, both domesticated and wild, may be due directly or ind…	https://archive.org/details/tropicalagricul311908ceyl/page/n606/mode/1up	vol031_tropicalagricul311908ceyl#1908-12#034		
G097	P001735	E. F. Smith	explicit	1898	Dr. Erwin F. Smith	authority on bacterial diseases of plants	…other forms of inoculation for preventing disease in plants it may be remarked that, though those maladies that might be attributable to the presence and action of bacteria have been little studied, "there are (to quote [[Dr. Erwin F. Smith]]) in all probability as many bacterial diseases of plants as of animals." Moreover, with regard to the bacteria that produced maladies in plants, it may be further affirmed that they are closely related, both biologicall…	https://archive.org/details/tropicalagricult1818ceyl/page/n248/mode/1up	vol018_tropicalagricult1818ceyl#1898-09#170		
G098	P001851	W. N. Evans	corpus_dominant	1881	Mr. Evans	gold-miner	#### GOLD IN CEYLON. We learn that [[Mr. Evans]], the gold-miner, is hard at work on the Dolosage reef in the property of Messrs. Alstons, Scott & Co. He has made a *pro tem.* report of a satisfactory nature, but more work must be done before a conclusive opinion can …	https://archive.org/details/tropicalagricult1188ceyl/page/n251/mode/1up	vol001_tropicalagricult1188ceyl#1881-08#096		
G098	P001851	W. N. Evans	article	1893	Mr. Evans	analyst of gambir	…ellowish brown flat square pieces that floated on water and only sank after long immersion. In fact it is what is known here as *gambir papan*. The result on analysis of this product is very different from that given by [[Mr. Evans]] from gambir exported from Singapore, but I do not quite under- stand the figures which in all Dr. Romburgh's calculations work out to above 100:— | | | Water .. .. . | | 18.5 % | | | | Catechin .. .. . | | 57.0 about | …	https://archive.org/details/tropicalagricult1218ceyl/page/n716/mode/1up	vol012_tropicalagricult1218ceyl#1893-05#039		
G098	P001851	W. N. Evans	explicit	1889	Mr. W. N. Evans	Technological Medallist 1884, Late Editor of "Leather", Technical Teacher and Adviser in Tanning	… to the decision of small capitalists. The correspondence referred to is as follows:— Colombo Museum, 4th March 1889. GENTLEMEN,—I have the honour to enclose a copy of a letter addressed to the Director of the Museum by [[Mr. W. N. Evans]], the publication of which may, I hope, be of use to agriculturists and merchants in Ceylon. 2. As far as I can ascertain from Dr. Trimen's "Catalogue of Flowering Plants and Ferns" published in the Journal of the C. B. …	https://archive.org/details/tropicalagricult8188ceyl/page/n696/mode/1up	vol008_tropicalagricult8188ceyl#1889-04#038		
G098	P001851	W. N. Evans	explicit	1882	W. N. EVANS	author	… India, and might be worth sending to England, were, for the best kind of work, it would probably be worth from 12*l.* to 14*l.* per ton. Thanking you for the space accorded to this letter, I beg to remain, Yours truly, [[W. N. EVANS]]. Tanners' Laboratory, 13, Canon Street, Taunton,	https://archive.org/details/tropicalagricult1188ceyl/page/n962/mode/1up	vol001_tropicalagricult1188ceyl#1882-05#056		
G099	P001838	T. Hanbury	explicit	1886	Mr. T. Hanbury		…the mountains of Travancore. None of them has yet flowered, but to judge from their leaves and their habit of growth, they appear to be different species to those which we get here, and as such will be of much interest. [[Mr. T. Hanbury]].—From the magnificent donation of seeds which we received from this gentleman through His Excellency the Governor last year, a very large number of plants have been raised in the green houses. Among the most interesting…	https://archive.org/details/tropicalagricult18861887colo/page/n311/mode/1up	vol006_tropicalagricult18861887colo#1886-11#016		
G099	P001838	T. Hanbury	explicit	1886	Mr. Thomas Hanbury	benefactor	…uccedanea*, the Japan wax; *Ceratonía siliqua* is the Caruba so important in Sicily; *Quillaja saponaria* is a Chilian tree, rich in a vegetable soap. The others have been already alluded to. Another benefactor has been [[Mr. Thomas Hanbury]], whose collections of living plants at La Mortola, not far from Mentone, are amongst the most remarkable in Europe. One cannot now walk through the gardens at Ootacamund without seeing many traces of his friendly co-ope…	https://archive.org/details/tropicalagricult18861887colo/page/n437/mode/1up	vol006_tropicalagricult18861887colo#1886-12#115		
G099	P001838	T. Hanbury	explicit	1887	T. Hanbury		… Kew, Cambridge, Calcutta, Buitenzorg, Melbourne, Mauritius, Hongkong, Natal, Jamaica, and British Guiana; the Agri-Horticultural Society of Madras, the Queensland Acclimatisation Society, Baron von Mueller (Melbourne), [[T. Hanbury]], Esq. (Ventimiglia), E. M. Holmes, Esq., F. L. S. (London), H. Travers, Esq. (New Zealand), Adam & Sons (New Zealand), Dr. Henderson (Jamaica) T. Christy, Esq. (London), Messrs. Linden (Ghent) and Messrs. Haage & Schmid…	https://archive.org/details/tropicalagricult18861887colo/page/n842/mode/1up	vol006_tropicalagricult18861887colo#1887-06#065		
G099	P001838	T. Hanbury	explicit	1894	Mr. Thomas Hanbury	donor	…e-page is not dated, but the date 1592 appears in several places in the body of the work. A copy of this was one of a number of curious and rare old books presented last year to the Library of the Royal Gardens, Kew, by [[Mr. Thomas Hanbury]] in memory of his brother, the highly-esteemed and highly-endowed Daniel Hanbury, who laboured so assiduously and successfully in elucidating the origin and sources of drugs and spices. The matter and style of the book a…	https://archive.org/details/tropicalagricult1418ceyl/page/n188/mode/1up	vol014_tropicalagricult1418ceyl#1894-09#011		
G100	P001855	W. P. Metcalfe	explicit	1904	W P Metcalfe	Director	KANAPEDIWATTE TEA COMPANY LTD.REPORT OF THE DIRECTORS. DIRECTORS:—Messrs. [[W P Metcalfe]] and E M Shattock. | | | | ACREAGE: | | | | | | Tea in bearing over 4 years .. | | 278 | | | | Acres. | | | | „ under 4 years .. | | 46½ | | | | „ | | | | Seed bearers .. | | 15½ | | | | „ | | | | Forest, &amp;c. .. | | …	https://archive.org/details/tropicalagricult2319ceyl/page/n669/mode/1up	vol023_tropicalagricult2319ceyl#1904-03#099		
G100	P001855	W. P. Metcalfe	explicit	1898	W P Metcalfe	Chairman	#### NYASSALAND COFFEE, CO. The annual meeting of the Nyassaland Coffee Co., was held on the 26th Sept. at the offices of Messrs. Carson & Co. Bailie St. Mr. [[W P Metcalfe]] was in the chair and there were also present:—Messrs G Kent Deaker, H Creasy, F Macindoe, A Orchard, W Shakespeare, E R Waldock, G J Jameson (by his attorney Mr. F Macindoe) Carson & Co., (represented by Mr. F Macindoe)…	https://archive.org/details/tropicalagricult1818ceyl/page/n349/mode/1up	vol018_tropicalagricult1818ceyl#1898-11#051		
G100	P001855	W. P. Metcalfe	explicit	1900	W P Metcalfe	Chairman	NYASSALAND COFFEE COMPANY.THE ANNUAL REPORT OF DIRECTORS. DIRECTORS:—Messrs. [[W P Metcalfe]], Chairman; Geo. Kent Deaker, H Creasy and W Shakspeare. ACREAGE. | | | 10 acres coffee planted Dec. 1895. | | | | 240 do do do 1896—Feb. 1897. | | | | 883 do do do 1896—Feb. 1898. | | | | 633 acres under cultivation. | …	https://archive.org/details/tropicalagricult2019ceyl/page/n269/mode/1up	vol020_tropicalagricult2019ceyl#1900-10#033		
G100	P001855	W. P. Metcalfe	explicit	1903	W P Metcalfe	Director	### THE PENRHOS ESTATES COMPANY, OF CEYLON, LIMITED. #### REPORT OF THE DIRECTORS. Directors.—Messrs G W Suhren, [[W P Metcalfe]], E M Shattock. The Directors have pleasure in laying before the Shareholders their Report and Accounts for the year ended 30th June 1903, duly audited. The amount of Tea secured was 243,070 lb:—198,325 lb. on Estate acc…	https://archive.org/details/tropicalagricult2319ceyl/page/n312/mode/1up	vol023_tropicalagricult2319ceyl#1903-10#121		
