id	pid	kind	display	mentions	articles	first	last	roles	wikidata_qid	qid_source	qid_confidence	colist_person_id	colist_decision	planter_id	planter_decision	planter_url	flags	note
TAP-P-000001	P000001	named	Henry Trimen	863	779	1881	1944	botanist | Director | author | Director of the Royal Botanic Gardens, Peradeniya	Q2462643	wd_auto	high	kgp_col1889-p554b20	auto					
TAP-P-000002	P000002	named	D. Morris	581	542	1881	1941	author | of Kew | lecturer | Director of Public Gardens and Plantations, Jamaica	Q20733957	adjudicated+colist_kg	high	kgp_col1925-p947b7	auto					adjudicated LINK Q20733957 (high): Daniel Morris 1844-1933 botanist, employer Kew, KCMG; matches Asst Director Kew, Director Public Gardens Jamaica, Commissioner Agric. West Indies, Sir. Dates fit.
TAP-P-000003	P000003	named	E. E. Green	514	462	1885	1945	Government Entomologist | author | Entomologist | Honorary Government Entomologist	Q5342787	wd_auto	high							
TAP-P-000004	P000004	named	M. Kelway Bamber	500	435	1891	1945	author | member | Agricultural Chemist | Government Chemist										adjudicated NONE  (medium): Govt Agricultural Chemist, Ceylon; MCP searches (Kelway Bamber chemist Ceylon tea) found no person item.
TAP-P-000005	P000005	named	J. C. Willis	499	442	1896	1942	author | Director | abstractor | Director, Royal Botanic Gardens	Q2916692	wd_auto	high	kgp_col1908-p750b3	auto					
TAP-P-000006	P000006	named	John Hughes	393	364	1881	1922	analyst | Agricultural Analyst | author | author of letter										adjudicated NONE  (medium): Ceylon/London agricultural analyst-chemist; searches (agricultural chemist, analyst) found only Welsh poets/ministers/footballers; no candidate fits.
TAP-P-000007	P000007	named	T. Petch	387	330	1906	1943	author | Government Mycologist | Mycologist | Botanist and Mycologist	Q7817222	wd_auto	high	kgp_col1918-p821b11	auto					
TAP-P-000008	P000008	named	George Watt	375	355	1882	1945	author | Reporter on Economic Products to the Government of India | Reporter on Economic Products | botanist	Q3101998	wd_auto	high							
TAP-P-000009	P000009	named	C. Drieberg	336	310	1888	1941	Secretary | author | Superintendent of School Gardens | Secretary, Ceylon Agricultural Society										adjudicated NONE  (medium): Secretary Ceylon Agricultural Society, Supt School Gardens; searched Drieberg + CAS/school gardens; only a German musicologist (1780-1856), no match.
TAP-P-000010	P000010	named	H. K. Rutherford	327	297	1883	1939	Director | author | Chairman | planter						11120624	link	https://www.historyofceylontea.com/tea-planters/planters-registry/h-k-rutherford--11120624.html		adjudicated NONE  (medium): Ceylon tea company director/chairman; search 'H. K. Rutherford Ceylon tea planter company director' returned nothing relevant.
TAP-P-000011	P000011	named	F. A. Stockdale	324	281	1908	1945	Director of Agriculture | author | Director of Agriculture, Ceylon | Agricultural Adviser to the Secretary of State for the Colonies	Q18759275	wd_auto	high	kgp_col1939-p1110b17	auto					
TAP-P-000012	P000012	named	A. W. R. Joachim	299	228	1924	1945	Agricultural Chemist | Chemist | author | Agricultural Chemist, Department of Agriculture, Ceylon										adjudicated NONE  (medium): Agricultural Chemist, Dept of Agriculture Ceylon 1924-45; only candidate a German singer (1839-99). Search on Joachim chemist Ceylon found nothing.
TAP-P-000013	P000013	named	John Ferguson	293	246	1881	1941	author | founder | Founder of The Tropical Agriculturist | of the Ceylon Observer	Q128218575	adjudicated	high							adjudicated LINK Q128218575 (high): John Ferguson 1842-1913 'British newspaper proprietor and writer' matches founder of Tropical Agriculturist/Ceylon Observer; exact life dates fit; later mentions retrospective.
TAP-P-000014	P000014	named	H. F. Macmillan	283	260	1895	1945	photographer | author | Superintendent of Botanic Gardens, Ceylon | Observer, Peradeniya										adjudicated NONE  (medium): Curator RBG Peradeniya; candidates Hugh Macmillan (Free Church minister, d.1903) and Harold Macmillan (PM) conflict. Search for Henry Fraser Macmillan found nothing.
TAP-P-000015	P000015	named	A. Philip	278	260	1881	1904	Secretary | Secretary to the Planters' Association of Ceylon | Secretary, Planters' Association of Ceylon | Secretary, Thirty Committee						11128689	link	https://www.historyofceylontea.com/tea-planters/planters-registry/philip-a--11128689.html		adjudicated NONE  (medium): Secretary, Planters' Association of Ceylon 1881-1904; search found no matching person.
TAP-P-000016	P000016	named	William Mackenzie	268	246	1881	1910	Ceylon Commissioner | planter | author of letter | author of the letter							review			adjudicated NONE  (medium): Ceylon planter/Commissioner in America 1881-1910; candidates (Baron Amulree, Canadian railway entrepreneur, engineer d.1851) have no Ceylon/tea link.
TAP-P-000017	P000017	named	W. A. de Silva	260	235	1885	1941	author | Member | Committee member | present										adjudicated UNSURE Q16078970 (low): Q16078970 'Sri Lankan politician' alias Wilmot Arthur de Silva, but statements say veterinarian born 1909, d.1942; profile active from 1885 (Board member, author). Item looks conflated.
TAP-P-000018	P000018	named	G. W. Sturgess	252	246	1895	1938	Government Veterinary Surgeon | G.V.S. | Colonial Veterinary Surgeon | signatory				kgp_col1933-p1009b17	auto					adjudicated NONE  (medium): Government Veterinary Surgeon, Ceylon; search Sturgess veterinary Ceylon returned only an actor/surname item.
TAP-P-000019	P000019	named	W. Nock	238	192	1881	1941	Superintendent | Observer, Hakgala | of Hakgala | Superintendent of Hakgala Gardens										adjudicated NONE  (medium): Superintendent of Hakgala Gardens; search found only a footballer William Nock (b.1876); no match.
TAP-P-000020	P000020	named	T. H. Holland	234	201	1893	1935	Manager, Experiment Station, Peradeniya | Secretary | Secretary, Estates Products Committee | Secretary, Estate Products Committee										adjudicated NONE  (medium): Manager, Experiment Station Peradeniya; candidate Thomas Henry Holland is a geologist (Geol. Survey India), a different career. No other fit.
TAP-P-000021	P000021	named	Thomas Christy	233	219	1881	1903	author of letter | author | correspondent | of London										adjudicated NONE  (medium): Thomas Christy, London drug importer/correspondent 1881-1903; searches found only an organist-priest Thomas Christy; not in WD as far as found.
TAP-P-000022	P000022	named	A. E. Rajapakse	232	206	1903	1941	Gate Mudaliyar | Mudaliyar | member | present										adjudicated NONE  (medium): Gate Mudaliyar, Board of Agriculture member; only candidate a politician born 1974. Search found nothing.
TAP-P-000023	P000023	named	J. B. Carruthers	222	205	1893	1941	author | Cryptogamist | Government Mycologist | Mycologist	Q123910745	adjudicated	medium	kgp_col1910-p651b16	auto					adjudicated LINK Q123910745 (medium): Q123910745 John Bennett Carruthers, alias 'J. B. Carruthers', botanist/agriculturalist, son of William Carruthers; matches Ceylon Govt Mycologist/Cryptogamist. WD has no dates.
TAP-P-000024	P000024	named	Marshall Ward	222	212	1881	1933	scientist | mycologist | researcher | cryptogamist	Q727999	wd_auto	high							
TAP-P-000025	P000025	named	T. N. Christie	204	188	1881	1914	Director | author of letter | author | shareholder							review			adjudicated NONE  (medium): Ceylon planter/director 1881-1914; candidates are Quebec physician, 18th-c writer, rower; none fit.
TAP-P-000026	P000026	named	W. Molegode	204	179	1909	1945	Agricultural Instructor | author | Senior Agricultural Instructor | Agricultural Instructor, Katugastota										adjudicated NONE  (medium): Agricultural Instructor, Ceylon Dept of Agriculture 1909-45; search found nothing.
TAP-P-000027	P000027	named	R. G. Coombe	201	175	1899	1945	member | Chairman | Member | Member of the Board										adjudicated NONE  (medium): Chairman/member, Board of Agriculture, Ceylon planter; search found only Australian cricketer Thomas Coombe.
TAP-P-000028	P000028	named	Herbert Wright	200	161	1881	1941	author | lecturer | Scientific Assistant | author of book on Para Rubber										adjudicated NONE  (medium): Scientific Assistant Peradeniya, author of 'Hevea brasiliensis or Para rubber' (WD has the book Q51487930 with author string only, no person item). Candidates are a Canadian politician etc.
TAP-P-000029	P000029	named	H. M. Fernando	198	166	1884	1941	member | Member | present | member of the Board	Q6758160	adjudicated	high		review					adjudicated LINK Q6758160 (high): Sir Hilarion Marcus Fernando: Ceylonese physician and statesman, Knight Bachelor, b. Colombo 1864-1936; matches Dr/Sir, Board member 1884-1941.
TAP-P-000030	P000030	named	G. H. K. Thwaites	188	166	1881	1944	botanist | of Peradeniya | naturalist | Director	Q2656749	adjudicated	high	kgp_col1879-p460b3	auto					adjudicated LINK Q2656749 (high): G. H. K. Thwaites 1812-1882, botanist FRS, CMG, died Kandy; matches Director of Peradeniya, Dr, botanist. Later mentions retrospective.
TAP-P-000031	P000031	named	William Martin Leake	188	171	1882	1922	Secretary, Ceylon Association in London | Secretary | Secretary to the Ceylon Association in London | Secretary of the Ceylon Association in London										adjudicated NONE  (medium): Secretary Ceylon Association in London 1882-1922; candidate W.M. Leake the antiquary died 1860 (namesake). Others: cricketer, rugby player.
TAP-P-000032	P000032	named	T. C. Owen	187	170	1881	1911	author | Director | Chairman | director										adjudicated NONE  (medium): Ceylon tea company director/author 1881-1911; search 'T. C. Owen Ceylon tea planter author' found nothing relevant.
TAP-P-000033	P000033	named	M. Crawford	186	167	1924	1944	Government Veterinary Surgeon | Deputy Director (Animal Husbandry) and Government Veterinary Surgeon | Acting Government Veterinary Surgeon | Govt. Veterinary Surgeon					review					adjudicated NONE  (medium): Govt Veterinary Surgeon / Deputy Director Animal Husbandry Ceylon 1924-44; only candidate an illustrator b.1925.
TAP-P-000034	P000034	named	J. C. Bernelot Moens	177	152	1881	1943	analyst | botanist | Dir. Govt. Cinchona Enterprise | author	Q21340893	adjudicated	medium							adjudicated LINK Q21340893 (medium): Johan Carel Bernelot Moens, botanist 1837-1886, matches Director Govt Cinchona Enterprise Java (cinchona chemist/author); later mentions as cited author. Thin WD record.
TAP-P-000035	P000035	named	David Hooper	174	161	1885	1928	author | Government Quinologist | analyst | Madras Government Quinologist	Q72291155	wd_auto	high							
TAP-P-000036	P000036	named	H. L. De Mel	174	137	1904	1941	member | absent member | Member | speaker	Q5720247	adjudicated	high							adjudicated LINK Q5720247 (high): Henry De Mel (alias Sir Henry Lawson De Mel), Ceylonese politician 1877-1936, KBE; matches Henry L. De Mel, Hon./Sir/C.B.E., Board member 1904-41.
TAP-P-000037	P000037	named	W. D. Gibbon	174	168	1881	1941	Director | Kandy | Director, Estate Inspector | correspondent	Q75559682	wd_auto	high			11113705	link	https://www.historyofceylontea.com/tea-planters/planters-registry/w-d-gibbon--11113705.html		
TAP-P-000038	P000038	named	Joseph Hooker	173	159	1881	1939	botanist | Director of the Royal Botanic Gardens, Kew | Director of Kew | author	Q157501	wd_auto	high							
TAP-P-000039	P000039	named	T. E. H. O'Brien	168	148	1893	1945	Director | Director of Research | Director, Rubber Research Scheme | Chemist, Rubber Research Scheme, Ceylon										adjudicated NONE  (medium): Chemist/Director, Rubber Research Scheme Ceylon 1920s-40s; candidates are US politicians/rower/actor; search found no match.
TAP-P-000040	P000040	named	Malcolm Park	167	137	1921	1945	Mycologist | author | Acting Deputy Director of Agriculture | Government Mycologist				kgp_col1958-p405b14	auto					adjudicated UNSURE Q76068162 (low): Malcolm Park (d.1963) peerage item has no occupation/place; profile is Govt Mycologist Ceylon 1921-45. Name and era only.
TAP-P-000041	P000041	named	M. Cochran	163	147	1881	1939	author | analyst | City Analyst | city analyst										adjudicated NONE  (medium): City Analyst Colombo, Prof. Chemistry Ceylon Medical College; search found nothing.
TAP-P-000042	P000042	named	T. Y. Wright	161	127	1898	1945	Member | member | Board member | Member of the Board	Q16003781	adjudicated	high							adjudicated LINK Q16003781 (high): Thomas Yates Wright: British planter, Sri Lanka citizen, British Army, MBE, 1869-1964; matches Col. T. Y. Wright, Ceylon board member 1898-1945.
TAP-P-000043	P000043	named	G. A. Talbot	157	143	1881	1925	Director | director | shareholder | Manager in Ceylon							review			adjudicated UNSURE Q5621545 (medium): Gustavus Arthur (Chetwynd-)Talbot 1848-1920, UK MP; name and dates fit Ceylon manager/director, Dimbula Assoc. chairman, but WD has no Ceylon or planting statement.
TAP-P-000044	P000044	named	A. M. Ferguson	153	138	1881	1941	author | Commissioner for Ceylon | author of the article | author of letter							review			adjudicated NONE  (low): A. M. Ferguson (Ceylon Observer, Commissioner for Ceylon); candidates all wrong era/role; searches for Alastair Mackenzie Ferguson found no item.
TAP-P-000045	P000045	named	C. S. Armstrong	153	131	1881	1911	author | tea planter, Rookwood | tea planter | Director	Q107684218	adjudicated	high				review			adjudicated LINK Q107684218 (high): Charles Spearman Armstrong 1847-1924, 'Irish-born pioneer of tea and cinchona in Ceylon'; matches tea planter Rookwood, surface form C. Spearman Armstrong.
TAP-P-000046	P000046	named	J. L. Shand	152	131	1883	1912	Director | author | shareholder | author of the paper	Q6257403	wd_auto	high				review			
TAP-P-000047	P000047	named	Arthur Gordon	151	137	1881	1913	Governor | Governor of Ceylon | Governor of Fiji | late Governor	Q335510	wd_auto	high							
TAP-P-000048	P000048	named	J. J. Grinlinton	151	136	1885	1903	Commissioner | Managing Director | director | Commissioner for Ceylon at the Chicago Exhibition				kgp_col1907-p660b10	auto					adjudicated UNSURE Q64853680 (medium): John Grinlinton, Knight Bachelor, matches Sir John Grinlinton (Ceylon Commissioner, Chicago 1893); rare surname but item has no dates/role.
TAP-P-000049	P000049	named	C. H. Gadd	150	120	1920	1945	author | visitor | Visitor | Mycologist										adjudicated NONE  (medium): Mycologist / Acting Director Tea Research Institute Ceylon 1920-45; search found only modern mycologists.
TAP-P-000050	P000050	named	J. C. Hutson	150	135	1919	1945	Entomologist | Government Entomologist | author | Acting Director of Agriculture										adjudicated NONE  (medium): Govt Entomologist Ceylon 1919-45; candidates modern (born 1937+). Search found nothing.
TAP-P-000051	P000051	named	R. H. Lock	149	131	1906	1945	author | abstractor | Assistant Director | researcher	Q19974836	wd_auto	high							
TAP-P-000052	P000052	named	W. Ferguson	148	127	1881	1934	author | botanist | F.L.S. | correspondent	Q8008992	wd_auto	high							
TAP-P-000053	P000053	named	C. E. A. Dias	144	123	1899	1941	Member | member | member of the Committee | Member of the Board						11124780	link	https://www.historyofceylontea.com/tea-planters/planters-registry/c-e-a-dias--11124780.html		adjudicated NONE  (medium): Ceylonese member of Board of Agriculture, estate owner; search found no C. E. A. Dias; only candidate a Brazilian bassist.
TAP-P-000054	P000054	named	J. E. Taylor	137	131	1881	1910	Editor of 'Science Gossip' | Editor of "Science Gossip" | planter | Editor of Science Gossip										adjudicated MIXED Q6231692 (medium): Dominant: Dr J. E. Taylor, editor of Science-Gossip = John Ellor Taylor, popular science writer 1837-95. Pools James Taylor, Ceylon tea planter (Q6144040).
TAP-P-000055	P000055	named	Carl Linnaeus	135	125	1881	1941	botanist | botanist authority | taxonomist | author	Q1043	wd_auto	high							
TAP-P-000056	P000056	named	H. Drummond Deane	133	123	1881	1910	author of letter | shareholder | author of the letter | correspondent						11123165	link	https://www.historyofceylontea.com/tea-planters/planters-registry/deane-h-d--11123165.html		adjudicated NONE  (medium): Maskeliya tea planter (Kintyre/Stagbrook), inventor, correspondent; candidates are Australian engineer and US baseball player; no fit.
TAP-P-000057	P000057	named	R. V. Norris	133	112	1920	1945	Director and Secretary | Director, Tea Research Institute of Ceylon | Director, Tea Research Institute | Director, T.R.I.	Q55227768	adjudicated	high							adjudicated LINK Q55227768 (high): Roland Victor Norris (alias R.V. Norris), English biochemist 1888-1950; matches Dr Roland V. Norris, Director Tea Research Institute of Ceylon 1920-45.
TAP-P-000058	P000058	named	Ferdinand von Mueller	130	125	1881	1923	botanist | author | author of Eucalyptographia | Government botanist	Q708002	adjudicated	high		review					adjudicated LINK Q708002 (high): Ferdinand von Mueller 1825-1896, German-Australian botanist, baron, KCMG, died Melbourne; matches Govt Botanist Victoria, Eucalyptographia author. Later mentions as cited author.
TAP-P-000059	P000059	named	Robert Cross	130	104	1881	1931	collector | botanist | author of the letter | Collector										adjudicated NONE  (medium): Robert Cross, plant collector (cinchona, S. America/Nilgiris) 1881-1931; candidates are modern researchers/peerage stubs; searches found no collector item.
TAP-P-000060	P000060	named	Solomon Dias Bandaranaike	128	113	1900	1941	member | Member | member of the Board | absent member	Q7558589	adjudicated	high							adjudicated LINK Q7558589 (high): Sir Solomon Dias Bandaranaike 1862-1946, Ceylonese colonial headman, KCMG; matches Board member 1900-41, Sir, K.C.M.G. (Q136657268 b.1774 is an ancestor).
TAP-P-000061	P000061	named	John Horsfall	127	109	1881	1938	member | Member of the Board | Member | member of the Committee										adjudicated NONE  (medium): Board of Agriculture member, Ceylon 1881-1938; only candidate a racing driver b.1910. No match.
TAP-P-000062	P000062	named	N. Wickremaratne	126	85	1908	1945	Agricultural Instructor | Secretary | Mudaliyar | author										adjudicated NONE  (medium): Agricultural Instructor / Gate Mudaliyar, Ceylon Dept of Agriculture; no candidates; not found.
TAP-P-000063	P000063	named	R. Blechynden	125	117	1884	1909	promoting Indian tea in America | author of the letter | correspondent | author of the report	Q27972860	adjudicated	medium							adjudicated LINK Q27972860 (medium): Richard Blechynden, merchant who popularized iced tea; matches Indian Tea Commissioner/agent promoting Indian tea in America 1884-1909. WD item lacks dates.
TAP-P-000064	P000064	named	Wyndham R. Dunstan	125	105	1884	1945	Director of the Imperial Institute | Professor | author | analyst	Q15997759	wd_auto	high							
TAP-P-000065	P000065	named	J. W. Oldfield	124	111	1910	1945	Member of the Board | Board member | member | Chairman										adjudicated NONE  (medium): Major J. W. Oldfield, Board of Agriculture member/chairman 1910-45; search found no matching person (candidate Josiah Oldfield is a London physician).
TAP-P-000066	P000066	named	H. H. Mann	123	117	1894	1945	author | Scientific Officer to the Indian Tea Association | Scientific Officer to the Association | Principal, Agricultural College, Poona	Q1581057	wd_auto	high							
TAP-P-000067	P000067	named	W. R. C. Paul	123	106	1927	1945	Agricultural Officer, Central Division | Acting Plant Pathologist | Divisional Agricultural Officer, Northern | author										adjudicated NONE  (medium): Divisional Agricultural Officer/Acting Plant Pathologist Ceylon 1927-45; only candidate German physicist Wolfgang Paul. No match.
TAP-P-000068	P000068	named	William Gregory	122	101	1881	1943	Governor | Governor of Ceylon | late Governor | former Governor of Ceylon	Q20823179	adjudicated+colist_kg	high	kgp_col1889-p486b10	auto					adjudicated LINK Q20823179 (high): Sir William Henry Gregory 1817-1892, position held Governor of British Ceylon; matches Governor/late Governor of Ceylon. Auto-candidates were all wrong namesakes.
TAP-P-000069	P000069	named	R. Child	120	103	1932	1945	Director of Research | Director of Research, Coconut Research Scheme | Chief Technical Officer | Director, Coconut Research Scheme										adjudicated NONE  (medium): Dr Reginald Child, Director Coconut Research Scheme Ceylon 1932-45; candidates American writers/18th-c banker; search found nothing.
TAP-P-000070	P000070	named	M. A. Lawson	119	104	1882	1897	Government Botanist and Director of Cinchona Plantations, Nilgiris | Director of Government Cinchona Plantations, Parks and Gardens, Nilgiris | author of report | Government Botanist and Director of Cinchona Plantations	Q5999683	wd_auto	high							
TAP-P-000071	P000071	named	G. Harbord	117	112	1909	1944	Divisional Agricultural Officer | Divisional Agricultural Officer, Southern Division | Secretary | Manager, Experiment Station, Peradeniya										adjudicated NONE  (medium): Divisional Agricultural Officer, Peradeniya Experiment Station manager; no candidates found.
TAP-P-000072	P000072	named	R. H. Beddome	115	93	1881	1922	botanist | Conservator of Forests | author of report | late Conservator of Forests, Madras	Q2985757	wd_auto	high							
TAP-P-000073	P000073	named	J. Holloway	113	110	1881	1928	author of letter | correspondent | author | author of the letter							review			adjudicated NONE  (medium): Joseph Holloway, cacao planter (Maria estate, Wattegama) 1881-1928; candidates all modern people. No match.
TAP-P-000074	P000074	named	E. Rodrigo	111	109	1932	1944	Chairman | Acting Director of Agriculture | Director of Agriculture | Acting Director of Agriculture and Chairman of the Board				kgp_col1940-p1036b3	auto					adjudicated NONE  (medium): Edmund Rodrigo CCS, Acting Director of Agriculture 1930s-40s; search found no matching item.
TAP-P-000075	P000075	named	William Jardine	110	102	1882	1909	planter | coconut planter | author of the letter | author						11118572	link	https://www.historyofceylontea.com/tea-planters/planters-registry/jardine-w--11118572.html		adjudicated NONE  (medium): Ceylon coconut planter 1882-1909; candidates (Jardine of Jardine Matheson d.1843, ornithologist d.1874, US Sec. Agriculture) do not fit.
TAP-P-000076	P000076	named	Joseph Chamberlain	109	104	1882	1933	Secretary of State for the Colonies | Secretary of State | Colonial Secretary | Right Hon.	Q315999	adjudicated	high							adjudicated LINK Q315999 (high): Joseph Chamberlain 1836-1914, position held Secretary of State for the Colonies 1895-1903; matches profile role. Auto-candidates were namesakes.
TAP-P-000077	P000077	named	A. W. Beven	108	90	1889	1925	member | Member | present | author					review					adjudicated NONE  (medium): Board member / Unofficial Member Western Province, Ceylon 1889-1925; no candidates; not searched further (brisk).
TAP-P-000078	P000078	named	J. C. Haigh	107	93	1927	1945	Botanist | Economic Botanist | author | visitor										adjudicated NONE  (medium): Economic Botanist, Dept of Agriculture Ceylon 1927-45; search found nothing.
TAP-P-000079	P000079	named	J. H. Hart	107	96	1882	1931	author | Superintendent, Royal Botanic Gardens, Trinidad | superintendent | of Trinidad				kgp_col1908-p662b7	auto					adjudicated NONE  (low): J. H. Hart, Supt Royal Botanic Gardens Trinidad; two MCP searches (Hart botanist Trinidad; John Hinchley Hart) returned no matching item.
TAP-P-000080	P000080	named	G. H. Alston	106	101	1889	1906	Director | shareholder | director | member present										adjudicated NONE  (low): Company director (Colombo/London) 1889-1906; not searched beyond automatic stage; no candidates.
TAP-P-000081	P000081	named	A. J. Bamford	105	104	1913	1942	Supdt. Observatory | Superintendent, Observatory | author | Supdt., Observatory										adjudicated NONE  (medium): A. J. Bamford, Supdt Colombo Observatory 1913-42; no candidates found.
TAP-P-000082	P000082	named	E. C. Villiers	105	99	1915	1943	Member | member | absent member | Member of the Board	Q63191602	adjudicated	high							adjudicated LINK Q63191602 (high): Evelyn Charles Villiers 1884-1968 'British planter and politician'; matches E. C. Villiers, Member of State Council (M.S.C.) and Board member 1915-43.
TAP-P-000083	P000083	named	E. Elliott	104	92	1881	1938	author | author of the letter | author of paper on rice cultivation | author of paper										adjudicated NONE  (medium): E. Elliott, Government Agent Southern Province, author on rice; no candidates found.
TAP-P-000084	P000084	named	J. H. Barber	104	98	1883	1920	author | correspondent | member | purchaser							review			adjudicated NONE  (medium): James H. Barber, planter (Blackstone estate, Matale), inventor; search found no match; auto-candidates are US mayor/historian.
TAP-P-000085	P000085	named	E. B. Creasy	103	101	1881	1904	Agent in Colombo, Ceylon | Agent in Colombo | correspondent | agent for A. Thompson					review					adjudicated NONE  (medium): E. B. Creasy, agent in Colombo (tea-box importer) 1881-1904; no candidates. Sir Edward Creasy surface form likely the historian namesake, not this agent.
TAP-P-000086	P000086	named	E. T. Hoole	102	102	1887	1921	author | Acting G.V.S. | Acting Govt. Veterinary Surgeon | Assistant Veterinary Surgeon										adjudicated NONE  (medium): Edwin T. Hoole, Acting Govt Veterinary Surgeon Ceylon; no candidates; not found.
TAP-P-000087	P000087	named	R. K. S. Murray	102	94	1902	1944	Mycologist, Rubber Research Scheme (Ceylon) | Deputy Director of Agriculture | Botanist and Mycologist | Mycologist, Rubber Research Scheme, Ceylon										adjudicated NONE  (medium): Mycologist, Rubber Research Scheme Ceylon 1902-44; candidates Australian geologist d.1925, psychiatrist, 17th-c politician. Search found nothing.
TAP-P-000088	P000088	named	George Wall	101	92	1881	1922	lecturer | botanist | editor | author of the paper	Q21612053	adjudicated	medium				review			adjudicated LINK Q21612053 (medium): George Wall 1821-1894 botanist, born North Shields; profile: botanist, Ceylon merchant, PA Chairman, ferns/Peradeniya. Dates and occupation agree; WD lacks explicit Ceylon link.
TAP-P-000089	P000089	named	E. M. Holmes	100	87	1881	1936	author | of the Pharmaceutical Society | Curator of the Museum of the Pharmaceutical Society of Great Britain | author of paper	Q18910510	adjudicated	high							adjudicated LINK Q18910510 (high): Edward Morell Holmes (alias E. M. Holmes), British botanist 1843-1930; matches E. M. Holmes F.L.S., Curator, Pharmaceutical Society museum, cited 1881-1936.
TAP-P-000090	P000090	named	F. P. Jepson	100	92	1913	1942	Assistant Entomologist | visitor | Visitor | Asst. Entomologist				kgp_col1939-p1027b18	auto					adjudicated NONE  (medium): Assistant Entomologist, Dept of Agriculture Ceylon 1913-42; search found nothing (a species epithet jepsoni only).
TAP-P-000091	P000091	named	M. Rogivue	100	93	1890	1906	agent in Russia | correspondent | mission to Russia | agent in Moscow										adjudicated NONE  (medium): M. Rogivue, Ceylon tea agent in Russia/Moscow 1890-1906; no candidates.
TAP-P-000092	P000092	named	Wace de Niese	100	74	1924	1945	member | Member | Board Member | member of the Committee										adjudicated NONE  (medium): Wace de Niese, Board of Agriculture member 1924-45; no candidates; not found.
TAP-P-000093	P000093	named	Joseph Fraser	98	94	1881	1923	Director | Chairman | Visiting Agent | Member							review			adjudicated NONE  (medium): Joseph Fraser, Ceylon tea planter/visiting agent/director 1881-1923; candidates Australian phrenologist, researcher. No match.
TAP-P-000094	P000094	named	David Reid	97	92	1885	1904	Director | director | Chairman | shareholder										adjudicated NONE  (medium): David Reid, Ceylon company director/chairman 1885-1904; search found no match (Sir David Reid MP b.1872 does not fit).
TAP-P-000095	P000095	named	R. E. Pineo	97	91	1883	1899	planter | author | author of the letter | Secretary						11114620	link	https://www.historyofceylontea.com/tea-planters/planters-registry/pineo-r-e--11114620.html		adjudicated NONE  (medium): R. E. Pineo, Ceylon tea planter/promoter in America 1883-99; no candidates.
TAP-P-000096	P000096	named	West Ridgeway	97	93	1895	1941	Governor | Governor of Ceylon | His Excellency | official	Q527319	wd_auto	high							
TAP-P-000097	P000097	named	D. S. Senanayake	96	77	1892	1945	Minister for Agriculture and Lands | Member | Board member | member	Q663001	wd_auto	high							
TAP-P-000098	P000098	named	G. Bidie	96	77	1881	1896	of Madras | Surgeon-General | author | Surgeon-General with the Government of Madras	Q5536973	wd_auto	high							
TAP-P-000099	P000099	named	R. P. Gaddum	96	76	1925	1945	Chairman, Planters' Association of Ceylon | Member | member | member of the Board	Q47471575	adjudicated	high							adjudicated LINK Q47471575 (high): Reginald Percy Gaddum b.1898 Gampola (Ceylon), d.1957, 'British politician'; matches Chairman Planters' Association of Ceylon 1925-45, Board member.
TAP-P-000100	P000100	named	T. Eden	96	73	1893	1945	Agricultural Chemist | author | Agricultural Chemist, Tea Research Institute | Visitor										adjudicated NONE  (medium): T. Eden, Agricultural Chemist TRI Ceylon; candidates peerage stub (no data) and NZ cricketer (1855-1914). Search found nothing.
TAP-P-000101	P000101	named	J. E. Howard	95	68	1881	1943	botanist | analyst | author | F.R.S.	Q3181423	adjudicated	high							adjudicated LINK Q3181423 (high): John Eliot Howard 1807-1883, FRS, chemist/botanist; matches quinologist, bark analyst, F.R.S., Howard & Sons. Later mentions as cited author.
TAP-P-000102	P000102	named	W. G. McIvor	95	72	1882	1892	botanist | Supdt. Government Cinchona Plantations | planter | sender of seed	Q21520254	adjudicated	high							adjudicated LINK Q21520254 (high): William Graham McIvor, botanist 1824-76, 'quinine specialist', Ooty; matches Supdt Govt Cinchona Plantations Nilgiris, cited posthumously 1882-92.
TAP-P-000103	P000103	named	H. N. Ridley	94	89	1885	1941	author | Director of the Botanic Gardens, Singapore | Director | botanist	Q733709	wd_auto	high	kgp_col1913-p772b11	auto					
TAP-P-000104	P000104	named	W. H. Figg	94	92	1890	1913	Director | Chairman | shareholder | director										adjudicated NONE  (low): W. H. Figg, Hon., company director Colombo 1890-1913; no candidates; not searched further.
TAP-P-000105	P000105	named	Wilmot A. Perera	94	51	1901	1945	member | Member | Mudaliyar | member of the Board										adjudicated UNSURE Q16007470 (medium): Wilmot A. Perera MP (1905-73) is a Ceylonese planter-politician, but profile starts 1901 (before his birth) and has Mudaliyar title; may pool an older W. A. Perera.
TAP-P-000106	P000106	named	J. S. Gamble	93	87	1883	1925	author | Conservator of Forests | Conservator of Forests, Northern Circle | author of Manual of Indian Timbers	Q1461150	wd_auto	high							
TAP-P-000107	P000107	named	H. A. Deutrom	92	82	1912	1929	Acting Secretary | Acting Manager, Experiment Station, Peradeniya | Acting Manager, Experiment Stations | present										adjudicated NONE  (medium): Acting Manager, Experiment Station Peradeniya / Acting Secretary 1912-29; no candidates.
TAP-P-000108	P000108	named	Henry Blake	92	92	1887	1945	Governor | Governor of Jamaica | Governor of Ceylon | founder of the Society	Q2607896	wd_auto+colist_kg	high	kgp_col1913-p636b20	auto					
TAP-P-000109	P000109	named	N. Wickramaratne	92	73	1906	1944	Agricultural Instructor | Mudaliyar | Secretary, Food Products Committee | author										adjudicated NONE  (medium): Mudaliyar N. Wickramaratne, Agricultural Instructor / Secretary Food Products Committee 1906-44; no candidates found.
TAP-P-000110	P000110	named	Emerson Tennent	91	82	1882	1942	author | writer | Colonial Secretary | author quoted	Q3161065	adjudicated	high							adjudicated LINK Q3161065 (high): Sir James Emerson Tennent 1804-1869, position held Colonial Secretary of Ceylon; author of 'Ceylon'. Mentions cite him as author.
TAP-P-000111	P000111	named	N. K. Jardine	91	80	1915	1938	visitor | Visitor | Entomologist for Tea Tortrix | Plant Pest Inspector										adjudicated NONE  (medium): N. K. Jardine, Entomologist for Tea Tortrix / Plant Pest Inspector Ceylon 1915-38; no candidates found.
TAP-P-000112	P000112	named	W. W. Mitchell	91	80	1882	1913	shareholder | Director | Hon. | Hon. member present					review					adjudicated NONE  (medium): Hon. W. W. Mitchell, Colombo merchant (Darley, Butler & Co.), Legislative Council; search found no match.
TAP-P-000113	P000113	named	William Roxburgh	91	80	1881	1912	botanist | author of Flora Indica | Botanist | author	Q748967	adjudicated	high							adjudicated LINK Q748967 (high): William Roxburgh (Roxb.), surgeon-botanist 1751-1815, resided Kolkata; matches botanist authority, author Flora Indica, Supt Calcutta garden; cited posthumously.
TAP-P-000114	P000114	named	B. M. Selwyn	89	87	1926	1940	Member | member | Member of the Board | Board member							review			adjudicated NONE  (medium): B. M. Selwyn, Chairman Planters' Association of Ceylon, Board member 1926-40; no candidates found.
TAP-P-000115	P000115	named	Ernest Tye	89	89	1881	1902	Secretary | Secretary, Indian Tea Association | shareholder | Secretary, Indian Tea Districts Association										adjudicated NONE  (medium): Ernest Tye, Secretary Indian Tea Association, London 1881-1902; no candidates found.
TAP-P-000116	P000116	named	George Seton	89	87	1882	1912	correspondent | shareholder | author of letter | compiler of figures										adjudicated NONE  (medium): George Seton, tea share statistics compiler (Indian Tea Share Exchange) 1882-1912; only candidate is Scottish genealogist George Seton (1822-1908), no role match.
TAP-P-000117	P000117	named	H. D. Garrick	89	77	1903	1935	member | Member | member of the Committee | Present										adjudicated NONE  (medium): H. D. Garrick, member Board of Agriculture / Estate Products Committee 1903-35; no candidates found.
TAP-P-000118	P000118	named	H. Jameson	89	87	1919	1939	Supdt., Observatory | Superintendent, Observatory | Actg. Supdt., Observatory | Supdt. Observatory										adjudicated NONE  (medium): H. Jameson B.Sc., Superintendent Colombo Observatory 1919-39; candidate Henry Lyster Jameson (Irish zoologist, d.1922) does not fit.
TAP-P-000119	P000119	named	B. H. Paul	88	82	1881	1924	analyst | chemist | author | analyst, London										adjudicated NONE  (low): Dr B. H. Paul (Benjamin H. Paul), analyst/chemist in London, cinchona analyses; search on name + analytical chemist London found no item.
TAP-P-000120	P000120	named	E. V. Carey	87	83	1892	1917	Chairman | planter | Chairman, United Planters' Association | land applicant						11115702	link	https://www.historyofceylontea.com/tea-planters/planters-registry/carey-e-v--11115702.html		adjudicated NONE  (medium): E. V. Carey, Chairman United Planters' Association Selangor/Klang 1892-1917; search found nothing relevant.
TAP-P-000121	P000121	named	A. Bruce	86	70	1893	1945	author | present | Unofficial Member, Western Province | Government Agricultural Chemist					review					adjudicated NONE  (medium): A. Bruce, Ceylon Govt Agricultural/Analytical Chemist; candidates (James Bruce explorer, theologian, US politician, Nyasaland capitalist) do not fit.
TAP-P-000122	P000122	named	F. H. Griffith	86	84	1892	1945	member | Member | Board member | Member of the Board										adjudicated NONE  (medium): F. H. Griffith, Board of Agriculture member; no candidates.
TAP-P-000123	P000123	named	H. A. Wickham	86	79	1881	1944	author | planter at Maragen | grower of Liberian coffee | speaker	Q514794	adjudicated	high							adjudicated LINK Q514794 (high): Sir Henry Alexander Wickham, botanist/explorer 1846-1928, Knight Bachelor; matches collector of Hevea seeds in Brazil, rubber pioneer, Sir Henry Wickham.
TAP-P-000124	P000124	named	J. N. Campbell	86	82	1886	1910	Director | Chairman | director | Member						11112312	link	https://www.historyofceylontea.com/tea-planters/planters-registry/j-n-campbell--11112312.html		adjudicated NONE  (low): Hon. J. N. Campbell, Ceylon company director/chairman 1886-1910; no candidates; not searched further.
TAP-P-000125	P000125	named	T. J. Lipton	86	81	1889	1912	tea merchant | tea dealer | purchaser | proprietor	Q506188	adjudicated	high							adjudicated LINK Q506188 (high): Sir Thomas Johnstone Lipton, British tea merchant 1848-1931; matches T. J. Lipton, tea merchant/dealer with Ceylon estates, Sir Thomas Lipton.
TAP-P-000126	P000126	named	C. E. H. Symons	85	84	1881	1906	analyst | Secretary | Director | Managing Director										adjudicated NONE  (low): C. E. H. Symons, Colombo auctioneer/broker, analyst, company secretary 1881-1906; no candidates.
TAP-P-000127	P000127	named	Eugene C. Schrottky	85	74	1881	1917	Technical and Agricultural Chemist | experimenter | author of the letter | planter, Gangapitiya										adjudicated NONE  (medium): Eugene C. Schrottky, chemist/planter Gangapitiya, Ceylon 1881-1917; search found only German entomologist Curt Schrottky.
TAP-P-000128	P000128	named	Gordon Pyper	85	79	1881	1940	member | Member | Director | shareholder										adjudicated UNSURE Q76323495 (low): Q76323495 Gordon Pyper 1850-1916 (peerage item, no occupation); profile (Ceylon director, Estate Products Committee) runs to 1940, likely pools a son. No identity evidence.
TAP-P-000129	P000129	named	J. H. Renton	85	76	1890	1921	author of the letter | shareholder | Chairman | Member										adjudicated NONE  (medium): J. H. Renton, Ceylon Tea Commissioner in Europe 1890-1921; no candidates found.
TAP-P-000130	P000130	named	I. L. Cameron	84	83	1927	1943	Member of the Board | Member | Board member | member										adjudicated NONE  (medium): I. L. Cameron, Board of Agriculture member 1927-43; no candidates.
TAP-P-000131	P000131	named	William Smith	84	78	1881	1928	planter | of Mattakelly | cinchona cultivator | of Mattakelle							review			adjudicated NONE  (medium): William Smith, planter of Mattakelle, Dimbula 1881-1928; candidates (lexicographer, US politicians, sealer) do not fit.
TAP-P-000132	P000132	named	A. Melville White	83	79	1884	1906	Chairman | author of letter | Chairman, Planters' Association of Ceylon | Chairman of the Planters' Association							review			adjudicated NONE  (medium): A. Melville White, Chairman Planters' Association of Ceylon 1880s-1900s; no candidates.
TAP-P-000133	P000133	named	Arthur Havelock	83	80	1885	1914	Governor | Governor of Ceylon | His Excellency | official	Q709735	wd_auto+colist_kg	high	kgp_col1906-p683b12	auto					
TAP-P-000134	P000134	named	D. T. E. Dassanayake	83	60	1929	1945	Superintendent, Observatory | Superintendent Observatory | Acting Superintendent, Observatory | Actg. Supdt., Observatory										adjudicated NONE  (medium): D. T. E. Dassanayake, Supt Colombo Observatory 1929-45; no candidates found.
TAP-P-000135	P000135	named	Edward Money	83	75	1881	1896	author | author of a book on tea | author of Prize Essay on Tea Cultivation | author of Prize Essay										adjudicated UNSURE Q124293510 (low): Lt-Col Edward Money, author of Prize Essay on tea cultivation (India); Q124293510 'Edward Money' has only P31 human, no dates or role; cannot verify.
TAP-P-000136	P000136	named	George King	83	68	1881	1922	Superintendent | Surgeon-Major, Superintendent, Royal Botanic Garden, Calcutta | author | superintendent of the Royal Botanic Garden	Q2566984	adjudicated	high							adjudicated LINK Q2566984 (high): Sir George King, botanist 1840-1909, KCIE, worked in Kolkata, field antimalarials; matches Surgeon-Major, Supt Royal Botanic Garden Calcutta.
TAP-P-000137	P000137	named	James Westland	83	83	1882	1912	author of letter | proposer of labour scheme | shareholder | individual							review			adjudicated MIXED  (medium): Mostly a Ceylon planter (Chairman Northern Districts PA, labour scheme, Franklands; not in WD) plus Sir James Westland 1842-1903, Indian Finance Minister (Q18954303).
TAP-P-000138	P000138	named	L. Lord	82	72	1926	1941	author | Economic Botanist, Ceylon | Economic Botanist | Economic Botanist, Department of Agriculture				kgp_col1958-p380b21	auto					adjudicated NONE  (medium): L. Lord, Economic Botanist, Dept of Agriculture Ceylon 1926-41; no candidates found.
TAP-P-000139	P000139	named	C. Driberg	81	79	1894	1944	Secretary | Secretary, Ceylon Agricultural Society | Secretary, C. A. S. | member										adjudicated NONE  (medium): C. Drieberg, Secretary Ceylon Agricultural Society, Supt of School Gardens; search found nothing.
TAP-P-000140	P000140	named	George Brown	81	70	1887	1938	member | Member | member of the Committee | Committee member										adjudicated NONE  (medium): George Brown, Board of Agriculture member Ceylon 1887-1938; candidates (Canadian politician, footballer, general) do not fit.
TAP-P-000141	P000141	named	Hercules Robinson	81	68	1881	1917	Governor | Governor of Ceylon | former employer of Mr. Cockburn Stewart | continued restoration of irrigation works	Q336750	wd_auto+colist_kg	high	kgp_col1897-p554b10	auto					
TAP-P-000142	P000142	named	A. Whyte	80	74	1881	1904	exhibitor | author | of Kandy | prize winner	Q2833227	adjudicated	medium							adjudicated LINK Q2833227 (medium): Alexander Whyte 1834-1908, explorer/naturalist/scientific collector; profile: Kandy plant exhibitor, later British Central Africa (Zomba). Dates fit; WD lacks explicit Ceylon link.
TAP-P-000143	P000143	named	J. D. Hooker	80	59	1881	1940	author | botanist | Director of the Royal Gardens, Kew | editor of Flora of Ceylon	Q157501	wd_auto	high							
TAP-P-000144	P000144	named	J. B. Coles	79	73	1888	1932	member | Member | member of the Committee | absent member										adjudicated NONE  (medium): J. B. Coles, Board of Agriculture / Estate Products Committee member 1888-1932; no candidates found.
TAP-P-000145	P000145	named	M. Fernando	79	59	1936	1944	author | Research Probationer in Plant Pathology | Acting Botanist | Assistant Botanist										adjudicated NONE  (medium): M. Fernando, Research Probationer / Acting Botanist, Dept of Agriculture Ceylon 1936-44; no candidates.
TAP-P-000146	P000146	named	N. D. S. Silva	79	77	1914	1942	member | Member | absent member | member of the Committee										adjudicated NONE  (medium): N. D. Stephen Silva J.P., Board member Ceylon 1914-42; no candidates found.
TAP-P-000147	P000147	named	R. C. Kannangara	79	64	1920	1945	member | Member | absent member | Member (absent)										adjudicated UNSURE Q62584152 (medium): Q62584152 'Sri Lankan plantation owner and politician' alias Richard Charles Kannangara matches M.S.C./Board member, but WD dates 1920-1946 (birth 1920) conflict with activity from 1920.
TAP-P-000148	P000148	named	S. Kandiah	79	61	1925	1945	author | Assistant in Agricultural Chemistry | researcher | Asst. in Agricultural Chemistry										adjudicated NONE  (medium): S. Kandiah, Assistant in Agricultural Chemistry, Ceylon 1925-45; no candidates found.
TAP-P-000149	P000149	named	Henry Ward	78	60	1881	1935	Governor | Governor of Ceylon | official | Administrator	Q3132799	adjudicated	high		review					adjudicated LINK Q3132799 (high): Sir Henry George Ward 1797-1860, position held Governor of British Ceylon; matches Governor of Ceylon 1855-60, irrigation works. Auto-candidates were namesakes.
TAP-P-000150	P000150	named	Dietrich Brandis	77	71	1881	1919	author | Inspector-General of Forests | botanist | forester	Q71069	adjudicated	high							adjudicated LINK Q71069 (high): Sir Dietrich Brandis, botanist/forester 1824-1907, KCIE, worked in British Raj; matches Inspector-General of Forests, Government of India.
TAP-P-000151	P000151	named	T. B. Panabokke	77	73	1887	1945	member | Board member | Member | Chairman										adjudicated NONE  (medium): Sir T. B. Panabokke, Adigar, Board member/chairman 1887-1945; search found no item.
TAP-P-000152	P000152	named	W. Small	77	64	1915	1934	Mycologist, Department of Agriculture, Ceylon | Acting Director of Agriculture | Mycologist, Department of Agriculture | researcher				kgp_col1933-p1000b12	auto					adjudicated UNSURE Q47126427 (medium): William Small (W.Small), botanist, FLS, IPNI author; fits Dr W. Small, Mycologist Ceylon (Uganda in places), but WD item has no dates or posts.
TAP-P-000153	P000153	named	J. Mccombie Murray	76	71	1883	1915	author | author of letter | tea merchant, Philadelphia | scientist										adjudicated MIXED  (medium): Pools J. McCombie Murray (Ceylon tea in America, Philadelphia) with 'Sir John Murray'/Dr Murray mentions and an AGA Hambantota; dominant identity not found in WD.
TAP-P-000154	P000154	named	J. S. Patterson	76	59	1891	1929	member | Member | member of the Committee | absent member										adjudicated NONE  (medium): J. Sheridan Patterson, Board of Agriculture / Estate Products Committee member 1891-1929; no candidates found.
TAP-P-000155	P000155	named	Thomas Farr	76	67	1883	1908	correspondent | author | member | Honorary Secretary										adjudicated NONE  (medium): Thomas Farr, Bogawantalawa planter, Hon. Sec. G.P. Society 1883-1908; candidates are peerage stubs and a Bristol slave trader.
TAP-P-000156	P000156	named	W. Youngman	76	75	1930	1945	Chairman | Director of Agriculture | Chairman of the Board | Director of Agriculture (Chairman)				kgp_col1933-p1039b15	auto					adjudicated NONE  (medium): Dr W. Youngman, Director of Agriculture Ceylon 1930-45; search found no person item.
TAP-P-000157	P000157	named	Clements Markham	75	71	1881	1940	botanist | author | expedition leader | traveller	Q507802	wd_auto	high							
TAP-P-000158	P000158	named	John Muir	75	70	1886	1902	Chairman | shareholder | interested in Indian and Ceylon teas | planter	Q18672027	adjudicated	high							adjudicated LINK Q18672027 (high): Sir John Muir 1st Bt of Deanston 1828-1903, Scottish merchant, Lord Provost of Glasgow; matches 'of Deanston', Baronet, chairman tea companies (Finlay). Dates fit.
TAP-P-000159	P000159	named	Samuel Cleland Davidson	75	72	1881	1901	Merchant | Merchant, Belfast, Ireland | inventor | merchant, Belfast, Ireland	Q15967290	wd_auto	high							
TAP-P-000160	P000160	named	E. J. Butler	74	60	1901	1942	Imperial Mycologist | author | researcher | Director of the Imperial Bureau of Mycology	Q5346564	wd_auto	high							
TAP-P-000161	P000161	named	R. N. Lyne	74	70	1897	1942	Director of Agriculture | Director of Agriculture, Zanzibar | author | Organising Vice-President	Q125159663	adjudicated	medium	kgp_col1914-p758b16	auto					adjudicated LINK Q125159663 (medium): R. N. Lyne, editor of a Zanzibar Arabic/English gazette; matches R. N. Lyne, Director of Agriculture Zanzibar (later Ceylon). Same place and initials; WD has no dates.
TAP-P-000162	P000162	named	A. Thomson	73	69	1885	1910	Director | director | shareholder | Chairman										adjudicated NONE  (medium): A. Thomson, Colombo/London company director 1885-1910; candidates are modern researchers/artist; no fit.
TAP-P-000163	P000163	named	Andrew Clark	73	68	1883	1903	physician | chemist | celebrated physician | spoke against Indian tea	Q2846583	wd_auto	high							
TAP-P-000164	P000164	named	J. Parkin	73	57	1882	1942	author | researcher | Scientific Assistant | botanist										adjudicated UNSURE Q5933516 (medium): John Parkin FRS, botanist 1873-1964; fits Scientific Assistant (Trinity Coll. Cambridge) on rubber at Peradeniya, but WD lacks Ceylon link; mentions from 1882 predate him.
TAP-P-000165	P000165	named	John Brown	73	66	1881	1912	Managing Director | Chairman of the Board | late Managing Director | of the Uva Coffee Company										adjudicated NONE  (medium): John Brown, Managing Director Uva Coffee Company; candidates are namesakes (Queen Victoria's servant etc.); no fit.
TAP-P-000166	P000166	named	R. V. Webster	73	69	1886	1906	correspondent | shareholder | Committee member | author of the letter										adjudicated NONE  (medium): R. Valentine Webster, Ceylon planter/company man 1886-1906; only candidate a Canadian court case.
TAP-P-000167	P000167	named	W. H. Wright	73	71	1881	1937	planter | coconut planter | horticulturist | exhibitor										adjudicated NONE  (medium): W. H. Wright, coconut planter Mirigama 1881-1937; candidates are US/Hawaii namesakes; Q122802975 (1854-1937) has no role info.
TAP-P-000168	P000168	named	William Jackson	73	54	1884	1925	inventor of the Excelsior machine | Engineer | tea machinist | inventor of the Excelsior				kgp_col1917-p787b9	auto					adjudicated NONE  (medium): William Jackson, Aberdeen engineer, inventor of Excelsior tea roller; candidates (US congressman, Manchester mayor, etc.) do not fit.
TAP-P-000169	P000169	named	E. A. Ormerod	72	71	1882	1928	author | Late Consulting Entomologist to the Royal Agricultural Society of England | entomologist | author, late Consulting Entomologist to the Royal Agricultural Society of Englan	Q3050519	adjudicated	high							adjudicated LINK Q3050519 (high): Eleanor Anne Ormerod 1828-1901, entomologist; matches Miss Ormerod, consulting entomologist to Royal Agricultural Society of England. Later mentions as cited author.
TAP-P-000170	P000170	named	Giles F. Walker	72	59	1882	1911	Director | Chairman, Planters' Association of Ceylon | Chairman Planters' Association of Ceylon | of Dikoya						11115141	link	https://www.historyofceylontea.com/tea-planters/planters-registry/walker-g-f--11115141.html		adjudicated NONE  (medium): Giles F. Walker, Chairman Planters' Association of Ceylon 1882-1911; no candidates found.
TAP-P-000171	P000171	named	R. B. Tytler	72	64	1881	1914	planter | Chairman of the Planters' Association | author | father of Ceylon planters							review			adjudicated NONE  (medium): Robert Boyd Tytler, pioneer Ceylon planter, PA Chairman; search found only R. C. Tytler (ornithologist, d.1872).
TAP-P-000172	P000172	named	W. Herbert Anderson	72	69	1884	1906	Director | shareholder | director | member of the Tea and Produce Committee										adjudicated NONE  (medium): W. Herbert Anderson, director of Ceylon tea companies, London 1884-1906; no candidates found.
TAP-P-000173	P000173	named	A. E. Wright	71	69	1883	1902	shareholder | Maskeliya | tea planter | correspondent							review			adjudicated NONE  (medium): A. E. Wright, Maskeliya tea planter (Brunswick) 1883-1902; candidates Almroth Wright (microbiologist) etc. do not fit.
TAP-P-000174	P000174	named	C. Huntley Wilkinson	71	52	1887	1940	member | Member | Visitor | member of the Board										adjudicated NONE  (medium): C. Huntley Wilkinson, Board of Agriculture member 1887-1940; no candidates found.
TAP-P-000175	P000175	named	E. B. Denham	71	64	1904	1945	Director of Education | Secretary, Ceylon Agricultural Society | Secretary of the Ceylon Agricultural Society | member of the Board	Q1291745	colist_kg	high	kgp_col1937-p894b13	auto					adjudicated UNSURE Q1291745 (medium): Q1291745 Sir Edward Brandis Denham 1876-1938, later Governor Gambia/Guiana/Jamaica; name and dates fit E. B. Denham CCS, Ceylon Director of Education, but WD lists no Ceylon post.
TAP-P-000176	P000176	named	Hugh Low	71	52	1881	1913	Resident of Perak | Resident | British Resident | Resident at Perak	Q3100084	wd_auto+colist_kg	high	kgp_col1886-p466b11	auto					
TAP-P-000177	P000177	named	Rudolph D. Anstead	71	60	1908	1939	Planting Expert | author | Agricultural Superintendent, Grenada | Director of Agriculture, Madras	Q65658813	adjudicated	high							adjudicated LINK Q65658813 (high): Rudolph David Anstead 1876-1962, botanist/horticulturist, played for Europeans (India); matches Rudolph D. Anstead, Planting Expert / Director of Agriculture Madras.
TAP-P-000178	P000178	named	A. T. Sydney Smith	70	59	1882	1945	member | Member | Member of the Board | member of the Committee										adjudicated MIXED  (low): Mainly A. T. Sydney Smith, Board member; surface forms also pool 'Adam Smith', 'Dr. Angus Smith', a Secretary for Mines and Agriculture. No WD match for the main person.
TAP-P-000179	P000179	named	Alexander Perera	69	68	1897	1926	recorder of rainfall | recorder | Visitor | recorder of rainfall data										adjudicated NONE  (medium): Alexander Perera, rainfall recorder / Inspector of School Gardens Ceylon 1897-1926; no candidates found.
TAP-P-000180	P000180	named	C. H. Collins	69	68	1919	1943	Treasury Representative | Deputy Financial Secretary | Acting Financial Secretary | Representing the Financial Secretary					review					adjudicated NONE  (medium): C. H. Collins CCS, Deputy Financial Secretary Ceylon 1919-43; candidates are a NZ painter and photographer; no fit.
TAP-P-000181	P000181	named	Charles Ledger	69	62	1881	1943	source of seed | cinchona pioneer | botanist | collector of cinchona seeds	Q963818	adjudicated	high							adjudicated LINK Q963818 (high): Charles Ledger 1818-1905, noted for work on quinine; matches cinchona seed collector in Bolivia (Ledgeriana), cited 1881-1943.
TAP-P-000182	P000182	named	E. Bonavia	69	68	1882	1908	author | of Etawah | author of letter | Civil Surgeon, Etawah	Q21506278	adjudicated	high							adjudicated LINK Q21506278 (high): Emanuel Bonavia 1826/29-1908, physician/botanist, Indian Medical Service; matches Dr Bonavia, Civil Surgeon Etawah, horticultural author (Lucknow).
TAP-P-000183	P000183	named	Francis Watts	69	65	1892	1941	author | Commissioner of Agriculture for the West Indies | Government Chemist | Government Chemist and Superintendent of Agriculture for the Leeward Islands	Q105082597	wd_auto	high	kgp_col1925-p1013b14	auto					
TAP-P-000184	P000184	named	Francis Beven	68	60	1882	1941	Member of the Board | Member | Unofficial Member, Western Province | Committee member										adjudicated NONE  (medium): Francis Beven, Unofficial Member Western Province, Board member 1882-1941; no candidates found.
TAP-P-000185	P000185	named	John Lawes	68	63	1883	1937	author | agricultural scientist | investigator | scientist	Q901532	wd_auto	high							
TAP-P-000186	P000186	named	L. A. D. Silva	68	54	1906	1922	Agricultural Instructor | Agricultural Instructor, Ratnapura | Instructor | Agricultural Instructor, Ratnapura District										adjudicated NONE  (medium): Agricultural Instructor, Ratnapura 1906-22; no candidates.
TAP-P-000187	P000187	named	M. Treub	68	64	1882	1920	director | Directeur | Government botanist | Director of the Botanic Gardens, Buitenzorg, Java	Q700909	wd_auto	high							
TAP-P-000188	P000188	surname_pool	Queen Victoria	68	66	1882	1913	monarch | Monarch | Her Majesty | Queen	Q9439	wd_auto	high							
TAP-P-000189	P000189	named	A. G. K. Borron	67	64	1881	1903	shareholder | author of the letter | correspondent | planter							review			adjudicated NONE  (medium): A. G. K. Borron, planter of Crystal Hill, Kandy 1881-1903; no candidates found.
TAP-P-000190	P000190	named	F. A. Obeyesekere	67	67	1919	1945	Member | Board member | Member of the Board | member	Q3811143	adjudicated	medium							adjudicated LINK Q3811143 (medium): Sir Forester Augustus Obeyesekere 1880-1961, Ceylonese politician; matches F. A. Obeyesekere, Hon. member, Board of Agriculture 1919-45. Initials and Ceylon politics agree.
TAP-P-000191	P000191	named	F. F. Street	67	65	1887	1904	author | Buyer | member present | Buyer on Committee										adjudicated NONE  (medium): F. F. Street, Colombo tea buyer/expert 1887-1904; no candidates found.
TAP-P-000192	P000192	named	J. C. Kelly	67	67	1893	1945	Member of the Board | member | Member | Board Member										adjudicated NONE  (medium): J. C. Kelly, Board of Agriculture member 1893-1945; only candidate a 1961 Durham PhD; no fit.
TAP-P-000193	P000193	named	Alexander Ross	66	62	1881	1901	signatory | author of the paper | attendee | Director							review			adjudicated NONE  (medium): Alexander Ross, Ceylon planter (Venture estate) 1881-1901; candidates (engineer, fur trader, undated stubs) have no Ceylon link.
TAP-P-000194	P000194	named	F. G. A. Lane	66	61	1883	1901	shareholder | Member | Director | Chairman of the Planters' Association						11114600	link	https://www.historyofceylontea.com/tea-planters/planters-registry/lane-f-g-a--11114600.html		adjudicated NONE  (medium): F. G. A. Lane, Chairman Planters' Association, manager Blair Athol 1883-1901; no candidates.
TAP-P-000195	P000195	named	G. B. Foote	66	39	1882	1937	member | member of the Committee | Member | Visitor										adjudicated NONE  (medium): G. Bruce Foote, Board of Agriculture member (geologist) 1882-1937; no candidates found.
TAP-P-000196	P000196	named	J. W. Leather	66	61	1892	1941	Agricultural Chemist to the Government of India | author | researcher | agricultural chemist	Q48321427	adjudicated	high							adjudicated LINK Q48321427 (high): John Walter Leather 1860-1934, 'English agricultural chemist who worked in India', alias J.W. Leather; matches Agricultural Chemist to Govt of India.
TAP-P-000197	P000197	named	E. J. Russell	65	63	1898	1940	author | researcher | Director of the Rothamsted Experiment Station | researcher at Rothamsted	Q5321987	wd_auto	high							
TAP-P-000198	P000198	named	Elwood May	65	61	1888	1899	New York capitalist | proposer of tea distribution scheme, America | proposed accredited agent of the Planters' Association in America | tea merchant, Melbourne										adjudicated NONE  (medium): Elwood May, New York capitalist, American Ceylon Planters' Tea Co. 1888-99; no candidates found.
TAP-P-000199	P000199	named	H. J. Vollar	65	59	1881	1911	shareholder | planter | Member | cacao grower							review			adjudicated NONE  (medium): H. J. Vollar, planter Pallekelle, Dumbara 1881-1911; no candidates.
TAP-P-000200	P000200	named	James Sinclair	65	60	1881	1904	Chairman | author of the letter | Chairman and Managing Director | Managing Director										adjudicated NONE  (medium): James Sinclair, Ceylon planter/company chairman (Dimbula, Lindula) 1881-1904; candidates (Earl of Caithness d.1881, artist, undated stubs) have no Ceylon link.
TAP-P-000201	P000201	named	A. D. Hall	64	62	1902	1938	author | Director of the Rothamsted Experimental Station | of Rothamsted | Director of the Rothamsted Experiment Station	Q4722515	wd_auto	high							
TAP-P-000202	P000202	named	C. N. E. J. de Mel	64	58	1925	1945	Principal, Farm School | Principal, School of Agriculture | Principal, Farm School, Peradeniya | visitor										adjudicated NONE  (medium): C. N. E. J. de Mel, Principal Farm School Peradeniya 1925-45; no candidates.
TAP-P-000203	P000203	named	D. S. Cameron	64	60	1906	1931	Member | member | absent member | Member of the Board										adjudicated NONE  (medium): D. S. Cameron, Board of Agriculture member 1906-31; candidates (painter D. Y. Cameron, Lochiel, Canadian politicians) do not fit.
TAP-P-000204	P000204	named	John Anderson	64	56	1889	1925	Director | Governor | Kandy and Matale West | shareholder				kgp_col1917-p691b13	auto					adjudicated MIXED Q6218961 (medium): Pools Sir John Anderson 1858-1918 (Q6218961, Governor of British Ceylon, President of Board) with J. Anderson, director/ex-planter (Kandy and Matale West) 1889-1925.
TAP-P-000205	P000205	named	John Hamilton	64	61	1881	1903	author | correspondent | of Messrs. S. Rucker & Co. | author of letter					review					adjudicated NONE  (medium): John Hamilton of S. Rucker & Co., ex-Dikoya planter, cinchona statistics author 1881-1903; candidates are naval officers/US politician.
TAP-P-000206	P000206	named	Rolf Smerdon	64	41	1915	1943	member | Member | visitor | member of the Board of Agriculture										adjudicated NONE  (medium): Rolf Smerdon, Board of Agriculture member 1915-43; no candidates.
TAP-P-000207	P000207	named	S. Muttutamby	64	53	1919	1945	Mudaliyar | Member | member | District Adigar, Mannar										adjudicated NONE  (medium): Mudaliyar S. Muttutamby, District Adigar Mannar, Board member 1919-45; no candidates found.
TAP-P-000208	P000208	named	S. Pararajasingham	64	55	1927	1945	member | Member | Chairman, L.C.P.A. | Chairman, Low-Country Products Association	Q16072340	adjudicated	medium							adjudicated LINK Q16072340 (medium): Sir S. Pararajasingam b.1896, 'Ceylon Tamil landed proprietor', broker; matches Chairman Low-Country Products Association, Estate Products Committee 1927-45. Spelling variant only.
TAP-P-000209	P000209	named	W. Fawcett	64	62	1882	1945	author | Director of Public Gardens and Plantations | Director, Public Gardens and Plantations | Director of Public Gardens and Plantations, Jamaica	Q3568610	wd_auto	high	kgp_col1909-p709b20	auto					
TAP-P-000210	P000210	named	Alexander von Humboldt	63	59	1881	1903	scientist | naturalist | traveller | author	Q6694	wd_auto	high							
TAP-P-000211	P000211	named	C. Shand	63	56	1881	1903	author of the letter | nephew of Sir Wm. Reid | merchant | tea expert										adjudicated NONE  (medium): Charles Shand, Colombo merchant/tea expert, nephew of Sir Wm. Reid 1881-1903; no candidates found.
TAP-P-000212	P000212	named	F. M. Mackwood	63	58	1882	1917	Director | shareholder | member present | signatory, Colombo										adjudicated NONE  (medium): F. M. Mackwood, Colombo merchant, Chairman Chamber of Commerce 1882-1917; search found no match.
TAP-P-000213	P000213	named	Henry Cottam	63	59	1881	1903	author | author of the letter | correspondent | author of the report										adjudicated NONE  (medium): Henry Cottam, old Ceylon planter and author 1881-1903; only candidate born 1973.
TAP-P-000214	P000214	named	C. A. M. de Silva	62	58	1913	1945	member | Member | Board member | Assistant Botanist										adjudicated NONE  (medium): C. A. M. de Silva, Assistant Botanist and Board member 1913-45; no candidates.
TAP-P-000215	P000215	named	C. Drieburg	62	61	1889	1923	recorder of rainfall | author | Secretary | Secretary, C. A. S.										adjudicated NONE  (medium): C. Drieberg variant (Secretary Ceylon Agricultural Society, Supt School Gardens); same person as P000009, not found in Wikidata.
TAP-P-000216	P000216	named	H. W. Green	62	51	1882	1941	Director of Public Instruction | Director | speaker | late Director of Public Instruction				kgp_col1894-p483b22	auto					adjudicated NONE  (medium): H. W. Green, Director of Public Instruction Ceylon, founder School of Agriculture; search found no match (candidate is a S. African trade unionist).
TAP-P-000217	P000217	named	J. G. Wardrop	62	60	1885	1929	Director | Manager | Chairman | member of the Board										adjudicated NONE  (medium): John G. Wardrop, Colombo company director/chairman 1885-1929; no candidates found.
TAP-P-000218	P000218	named	Jacob P. Storck	62	55	1881	1885	author of the letter | author | correspondent | of the Rewa										adjudicated NONE  (medium): Jacob P. Storck, Fiji (Upper Rewa) planter, coffee leaf-disease letters 1881-85; no candidates.
TAP-P-000219	P000219	named	C. Arulambalam	61	36	1934	1945	Member | member | member of the Board | Member of the Board										adjudicated NONE  (medium): C. Arulambalam, Central Board of Agriculture member 1934-45; no candidates found.
TAP-P-000220	P000220	named	Edward Barnes	61	55	1881	1941	Governor | Governor of Ceylon | Lieutenant-General | Lieut.-Governor and Governor of Ceylon	Q4078432	adjudicated	high							adjudicated LINK Q4078432 (high): Sir Edward Barnes 1776-1838, Lt-Gen, position held Governor of British Ceylon; matches Governor Barnes, first upland plantation (Gangaruwa). Remembered governor.
TAP-P-000221	P000221	named	J. B. Harrison	61	55	1883	1941	author | Professor | Barbados Professor of Chemistry | author, M.A., F.G.S., F.C.S.	Q136164477	wd_auto+colist_kg	high	kgp_col1923-p833b4	auto					
TAP-P-000222	P000222	named	J. H. Maiden	61	57	1887	1923	author | Consulting Botanist, Sydney | Curator and Secretary | correspondent	Q2583058	wd_auto	high							
TAP-P-000223	P000223	named	J. O. Moody	61	46	1881	1889	of Messrs. Jas. Henty & Co. | correspondent | tea expert, Melbourne | author										adjudicated NONE  (medium): J. Osland Moody, tea broker of James Henty & Co., Melbourne 1881-89; no candidates found.
TAP-P-000224	P000224	named	N. G. Campbell	61	54	1896	1928	member | Member | member of the Committee | member of Committee										adjudicated NONE  (medium): Neill G. Campbell, Estate Products Committee member 1896-1928; candidate Neil Campbell politician (1880-1960) has no Ceylon link.
TAP-P-000225	P000225	named	O. de Vries	61	47	1915	1936	author | researcher | researcher in Java | author of cited work										adjudicated NONE  (medium): Dr O. de Vries, rubber researcher, Central Rubber Station Buitenzorg 1915-36; candidate O. de Vries is an 18th-c Amsterdam engraver (fl.1758-80). Search found nothing.
TAP-P-000226	P000226	named	R. A. Fisher	61	45	1921	1943	author | statistician | author of Statistical Methods for Research Workers | author of The arrangement of Field Experiments	Q216723	wd_auto	high							
TAP-P-000227	P000227	named	A. H. Church	60	55	1881	1915	analyst | author of Food Grains of India | Professor | author	Q709780	adjudicated	high							adjudicated LINK Q709780 (high): Arthur Herbert Church 1834-1915, chemist FRS, alias A. H. Church; matches Professor Church, analyst, Food Grains of India, Cirencester chemistry professor.
TAP-P-000228	P000228	named	H. H. Johnston	60	57	1883	1915	Commissioner | author | H. M. Commissioner and Consul-General | Director, Advocate	Q772064	wd_auto	high							
TAP-P-000229	P000229	named	J. D. Vanderstraaten	60	54	1893	1941	Unofficial Member, Western Province | exhibitor | member of the Board | member present										adjudicated NONE  (medium): John D. Vanderstraaten, Unofficial Member Western Province 1893-1941; no candidates found.
TAP-P-000230	P000230	named	A. G. Stanton	59	54	1886	1903	committee member | shareholder | author of paper on tea | member										adjudicated NONE  (medium): A. G. Stanton, London tea broker (Gow, Wilson & Stanton) 1886-1903; no candidates.
TAP-P-000231	P000231	named	F. W. Bois	59	56	1881	1906	Director | shareholder | Chairman | former Director										adjudicated NONE  (medium): Frederick William Bois, Colombo company director/Chamber of Commerce 1881-1906; no candidates found.
TAP-P-000232	P000232	named	G. E. de Silva	59	56	1913	1945	member | Member | Member of the Board | present	Q15997917	adjudicated	medium							adjudicated LINK Q15997917 (medium): George Edmund de Silva 1879-1950, Ceylonese lawyer-politician, d. Peradeniya; matches Hon. G. E. de Silva, State Council representative on Board 1913-45.
TAP-P-000233	P000233	named	J. H. Starey	59	51	1886	1904	Director | shareholder | Managing Director | Kandy										adjudicated NONE  (medium): John H. Starey, managing director, Eastern Produce and Estates Co. 1886-1904; no candidates found.
TAP-P-000234	P000234	named	P. Arunachalam	59	50	1894	1941	Vice-President | present | Member of the Board | member of Agricultural Education and Publications Committee	Q3396263	adjudicated	high		review					adjudicated LINK Q3396263 (high): Sir Ponnambalam Arunachalam 1853-1924, Ceylonese politician/civil servant; matches Sir P. Arunachalam, Vice-President, Board of Agriculture. Later mentions retrospective.
TAP-P-000235	P000235	named	S. Chelliah	59	46	1889	1917	Agricultural Instructor | Agricultural Instructor, Northern Province | Agricultural Instructor of the Northern Province | Agricultural Instructor at Jaffna										adjudicated NONE  (medium): S. Chelliah, Agricultural Instructor Northern Province 1889-1917; no candidates found.
TAP-P-000236	P000236	named	T. G. Jayawardene	59	51	1918	1937	Member of the Board | member | Board member | Member										adjudicated NONE  (medium): Lt-Col T. G. Jayawardene, Board member 1918-37; search found no match.
TAP-P-000237	P000237	named	T. H. Parsons	59	57	1917	1945	Curator, Royal Botanic Gardens, Peradeniya | author | Horticultural Officer | late Superintendent of Angoda										adjudicated NONE  (medium): T. H. Parsons, Curator RBG Peradeniya 1917-45; candidates (US law professor, archdeacon, actor) wrong; search found nothing.
TAP-P-000238	P000238	named	W. P. H. Dias	59	59	1906	1945	member | Member of the Board | Member | Board member										adjudicated NONE  (medium): W. P. H. Dias J.P., Board member 1906-45; candidates William Palha Dias / Wilmar Dias have no matching facts.
TAP-P-000239	P000239	named	A. Rutherford	58	45	1913	1934	author | Government Entomologist | researcher | Author										adjudicated NONE  (medium): Andrew Rutherford, Govt Entomologist Ceylon 1913-34; candidates NZ politician, US politicians, modern academics; search found nothing.
TAP-P-000240	P000240	named	Albert Howard	58	53	1902	1943	author | Director of the Institute of Plant Industry, Indore | Imperial Economic Botanist | Mycologist to the Imperial Department of Agriculture for the West Indies	Q1473903	wd_auto	high							
TAP-P-000241	P000241	named	E. W. Whitelaw	58	58	1932	1945	Member | member | absent member | Member of the Board										adjudicated NONE  (medium): E. W. Whitelaw, Board member nominated by Rubber Growers' Association 1932-45; no candidates.
TAP-P-000242	P000242	named	J. W. Ferguson	58	48	1892	1937	Visiting Agent | member | visitor | Visitor										adjudicated NONE  (medium): James W. Ferguson, Visiting Agent (St Coombs) / Board member 1892-1937; candidates (Scottish chemist, priests, politicians) do not fit.
TAP-P-000243	P000243	named	James Peiris	58	51	1899	1930	Committee member | member of the Board | Member | present	Q15990220	wd_auto	high							
TAP-P-000244	P000244	named	John Guthrie	58	50	1889	1901	Auditor | auditor | appointed auditor | proposed auditor										adjudicated NONE  (medium): John Guthrie, company auditor (Colombo) 1889-1901; only candidate an American mayor; no fit.
TAP-P-000245	P000245	named	W. C. Lester-Smith	58	48	1926	1942	Agricultural Officer, Soil Conservation | Secretary | Secretary, Central Board of Agriculture | Acting Secretary										adjudicated NONE  (medium): W. C. Lester-Smith, Soil Conservation Officer / Secretary Central Board of Agriculture 1926-42; no candidates found.
TAP-P-000246	P000246	named	A. Scott Blacklaw	57	50	1881	1900	author | correspondent | writer from Dollar, Scotland | author of letter										adjudicated NONE  (medium): A. Scott Blacklaw, Brazil coffee planter/author (Santos, Dollar Scotland) 1881-1900; no candidates.
TAP-P-000247	P000247	named	A. W. L. Turner	57	47	1882	1944	Secretary | visitor | Secretary, Tea Research Institute of Ceylon | Secretary, T.R.I.										adjudicated NONE  (medium): Arthur W. L. Turner, Secretary Planters' Assoc. / TRI 1882-1944; candidate Australian vet scientist (1900-89) conflicts.
TAP-P-000248	P000248	named	C. V. Riley	57	56	1882	1909	entomologist | author | Entomologist of the United States Department of Agriculture | American entomologist	Q1066304	wd_auto	high							
TAP-P-000249	P000249	named	H. Ashplant	57	28	1919	1936	researcher | author | rubber specialist, United Planters' Association of Southern India | researcher on rubber tube bore										adjudicated NONE  (medium): Herbert Ashplant, rubber specialist UPASI 1919-36; search found nothing.
TAP-P-000250	P000250	named	Henry Bois	57	48	1887	1942	Director | shareholder | Chairman | director										adjudicated NONE  (medium): Henry Bois, Colombo agency director/chairman 1887-1942; no candidates found.
TAP-P-000251	P000251	named	J. B. Lawes	57	49	1881	1935	author | scientist | agricultural chemist | agriculturist	Q901532	wd_auto	high							
TAP-P-000252	P000252	named	William Gow	57	55	1885	1904	Director | Tea Broker, London | shareholder | inventor/owner of the Monarch machine										adjudicated NONE  (low): William Gow, London tea broker (Gow, Wilson & Stanton) 1885-1904; no candidates; not searched further.
TAP-P-000253	P000253	surname_pool	Pliny	56	55	1881	1941	ancient author | ancient writer | author | writer	Q82778	adjudicated	high							adjudicated LINK Q82778 (high): Pliny the Elder, Roman naturalist and writer (AD 23-79), notable work Natural History; matches 'ancient author', naturalist, treatise on food plants.
TAP-P-000254	P000254	named	R. H. Biffen	56	43	1898	1938	author | Demonstrator in Botany at the University of Cambridge | of Cambridge | researcher	Q2094893	adjudicated	high							adjudicated LINK Q2094893 (high): Sir Rowland Harry Biffen 1874-1949, botanist FRS, Cambridge; matches Demonstrator in Botany Cambridge, Prof./Sir Biffen, rubber notes author.
TAP-P-000255	P000255	named	J. M. Macdonald	55	50	1881	1913	of Ramie fame | correspondent | inventor | Managing Director										adjudicated NONE  (medium): J. M. Macdonald 'of Ramie fame', MacDonald, Boyle & Co. London 1881-1913; no candidates found.
TAP-P-000256	P000256	named	John Fraser	55	52	1888	1927	correspondent | member | author | author of the letter					review		review			adjudicated NONE  (medium): John Fraser, manager of Abbotsford estate Nuwara Eliya 1888-1927 (a few 'General Fraser' mentions); candidates are unrelated namesakes.
TAP-P-000257	P000257	named	A. Madanayake	54	45	1912	1928	Agricultural Instructor | Agricultural Instructor, Galle | Agricultural Instructor, North-Western Province | Agricultural Instructor, Matale										adjudicated NONE  (medium): A. Madanayake, Agricultural Instructor (Galle, NWP, Matale) 1912-28; no candidates found.
TAP-P-000258	P000258	named	C. E. Jones	54	53	1926	1945	Deputy Financial Secretary | Treasury Representative | absent member | researcher	Q100965220	adjudicated	high	kgp_col1940-p972b13	auto					adjudicated LINK Q100965220 (high): Sir Charles Ernest Jones 1892-1953, 'British civil servant in Ceylon'; matches C. E. Jones C.C.S., Deputy Financial Secretary 1926-45.
TAP-P-000259	P000259	named	E. W. Keith	54	49	1908	1932	member | Member | member of the Committee | Present										adjudicated NONE  (medium): E. W. Keith, Board / Estate Products Committee member 1908-32; no candidates found.
TAP-P-000260	P000260	named	Henry Walker	54	53	1881	1908	Commissioner of Lands | Commissioner of Lands, British North Borneo | writer | correspondent				kgp_col1889-p559b7	auto					adjudicated NONE  (medium): Henry Walker, Commissioner of Lands, British North Borneo 1881-1908; search found no match.
TAP-P-000261	P000261	named	L. P. Gapp	54	54	1925	1945	member | Member | Member of the Board | Board member										adjudicated NONE  (medium): L. P. Gapp, Board of Agriculture member 1925-45; no candidates found.
TAP-P-000262	P000262	named	H. C. Sampson	53	51	1908	1941	author | Deputy Director of Agriculture, Madras | Deputy Director of Agriculture | Deputy Director of Agriculture, Southern Division	Q105103975	wd_auto	high							
TAP-P-000263	P000263	named	John Smith	53	50	1882	1931	Auditor | auditor | shareholder | retired Auditor										adjudicated MIXED  (medium): Mostly John Smith, company auditor (London/Colombo), plus a few mentions of John Smith ex-Curator of Kew (Q3182477, 1798-1888). Dominant auditor not in WD.
TAP-P-000264	P000264	named	A. M. Clement Dias	52	41	1882	1945	member | Member | member of the Committee | member of the Board										adjudicated NONE  (medium): A. M. Clement Dias, Board member, Low-Country Products Assoc. 1882-1945; no candidates found.
TAP-P-000265	P000265	named	F. L. Daniel	52	46	1888	1921	present | member | member of the Board | Unofficial Member, Western Province										adjudicated NONE  (medium): Francis L. Daniel, Unofficial Member Western Province, Board member 1888-1921; no candidates.
TAP-P-000266	P000266	named	P. L. Simmonds	52	45	1881	1915	author | author of Tropical Agriculture | author quoted | compiler of the book on 'Tropical Agriculture'	Q18674331	adjudicated	high							adjudicated LINK Q18674331 (high): Peter Lund Simmonds (alias), journalist/botanist 1814-97, contributed to Popular Science; matches P. L. Simmonds, author of Tropical Agriculture, editor of The Technologist.
TAP-P-000267	P000267	named	Thomas Dickson	52	49	1881	1898	Managing Director | correspondent | Managing Director, Scottish Trust & Loan Company | Managing Director of the Scottish Trust and Loan Company Limited					review					adjudicated NONE  (medium): Thomas Dickson, Managing Director Scottish Trust & Loan Co., coffee broker; candidates (politician, US businessman, antiquary) lack any role match.
TAP-P-000268	P000268	named	W. A. Herdman	52	46	1890	1904	author of the report | author | of Liverpool | scientist	Q3568378	wd_auto	high							
TAP-P-000269	P000269	named	D. H. Kotalawala	51	46	1907	1937	Member of the Board | Board member | member | Unofficial Member, Province of Uva										adjudicated NONE  (medium): D. H. Kotalawala, Muhandiram, Unofficial Member Uva, Board member 1907-37; no candidates found.
TAP-P-000270	P000270	named	E. Noel Walker	51	45	1888	1941	Colonial Secretary | Director | planter | presiding					review					adjudicated MIXED Q16031814 (medium): Mostly Sir Edward Noel Walker 1842-1908 (Q16031814, Colonial Secretary/acting Governor of Ceylon); also pools Edmund/E. Walker planter-director mentions to 1941.
TAP-P-000271	P000271	named	Edward Rosling	51	50	1893	1917	Director | Member | Chairman | leaseholder, subscriber, Dessford, Nanuoya	Q109382387	adjudicated	high							adjudicated LINK Q109382387 (high): Sir Edward Rosling, British planter and politician 1863-1946; matches Ceylon planter, M.L.C./Hon., Sir, director 1893-1917.
TAP-P-000272	P000272	named	F. A. E. Price	51	41	1919	1945	member | Member | Member of the Board | member of the Board										adjudicated NONE  (medium): F. A. E. Price, Board/Estate Products Committee member 1919-45; no candidates.
TAP-P-000273	P000273	named	G. Bryce	51	47	1912	1928	Assistant Botanist and Mycologist | author | Assistant Mycologist | researcher				kgp_col1940-p890b6	auto					adjudicated NONE  (medium): G. Bryce, Asst Botanist and Mycologist Ceylon 1912-28; no candidates found.
TAP-P-000274	P000274	named	H. J. Webber	51	38	1896	1945	author | researcher | authority cited for fertilizer suggestions | breeder, Department	Q3133468	adjudicated	high							adjudicated LINK Q3133468 (high): Herbert John Webber 1865-1946, American botanist (Cornell, UC Riverside); matches plant breeder, citrus, Sea Island cotton, Florida/California.
TAP-P-000275	P000275	named	J. Alec Roberts	51	49	1881	1939	Secretary | of Pussellawa | Sec | author of letter in The Times										adjudicated NONE  (medium): J. Alec Roberts, Secretary (Ceylon Association, London) 1881-1939; candidates all wrong era/role.
TAP-P-000276	P000276	named	John R. Jackson	51	51	1884	1922	Museum, Kew | author | Museum, Royal Gardens, Kew | Curator, Museums, Royal Gardens, Kew										adjudicated NONE  (medium): John R. Jackson, Curator of Museums, Royal Gardens Kew 1884-1922; search found no item (only a politician namesake).
TAP-P-000277	P000277	named	Norman W. Grieve	51	48	1889	1912	Director | director | shareholder | shareholder by proxy							review			adjudicated NONE  (medium): Norman W. Grieve, director of Ceylon tea companies 1889-1912; no candidates found.
TAP-P-000278	P000278	named	R. Porter	51	47	1882	1904	Director | Managing Director | superintendent | Visiting Agent										adjudicated NONE  (medium): Robert Porter, Ceylon estate director/visiting agent (Maskeliya) 1882-1904; candidates (R. Ker Porter d.1842, Army physician) do not fit.
TAP-P-000279	P000279	named	Robert Fortune	51	47	1882	1908	author | author of reports | collector | author of 'Two Journeys in the Tea Districts', introduced China tea into India	Q200666	adjudicated	high							adjudicated LINK Q200666 (high): Robert Fortune, British botanist and plant collector 1812-80; matches author of 'Two Journeys in the Tea Districts', introduced China tea to India; cited posthumously.
TAP-P-000280	P000280	named	Robert Koch	51	44	1881	1909	scientist | eminent Berlin scientist | researcher, Rinderpest Experimental Station | author of reports	Q37193	adjudicated	high							adjudicated LINK Q37193 (high): Robert Koch 1843-1910, German bacteriologist; matches Prof./Dr Koch, Berlin scientist, rinderpest work in South Africa.
TAP-P-000281	P000281	named	Alexander Brooke	50	37	1881	1920	Secretary | Chairman | Director | Director, Chairman										adjudicated NONE  (medium): Alexander (Trafford) Brooke, secretary/chairman, James Hadden & Co. 1881-1920; no candidates found.
TAP-P-000282	P000282	named	Arthur Sinclair	50	40	1884	1901	author | signatory | author of 'In Tropical Lands' | planter and practical agriculturist						11114569	link	https://www.historyofceylontea.com/tea-planters/planters-registry/sinclair-a--11114569.html		adjudicated NONE  (medium): Arthur Sinclair, former Ceylon planter, author of 'In Tropical Lands' 1884-1901; search found no person item.
TAP-P-000283	P000283	named	David Howard	50	44	1881	1922	analyst | researcher | chemist | author										adjudicated NONE  (low): David Howard F.C.S., cinchona bark analyst of Howards & Sons 1881-1922; candidates are wrong-era stubs; search on quinine chemist found nothing.
TAP-P-000284	P000284	named	G. G. Anderson	50	46	1885	1904	Director | shareholder | Governor | merchant										adjudicated MIXED  (medium): Mostly George Gray Anderson, London merchant/director (Williamson Magor), not in WD; plus 'Sir George Anderson, Governor' mentions = Q5546296 (Governor of Ceylon, d.1857).
TAP-P-000285	P000285	named	J. Lindley	50	45	1882	1908	botanist | writer | Botanist | author of letter	Q378629	wd_auto	high							
TAP-P-000286	P000286	named	James Gibson	50	50	1883	1908	author | author, Baillie St., Fort | Baillie St. Fort | author of market report										adjudicated NONE  (medium): James Gibson, Colombo market reporter (Baillie St, Fort) 1883-1908; candidates (minister, US judge, stubs) have no Ceylon link.
TAP-P-000287	P000287	named	M. L. Wilkins	50	45	1906	1927	member | Member | absent | member of the Committee										adjudicated NONE  (medium): M. L. Wilkins, scientific planter, committee member 1906-27; no candidates.
TAP-P-000288	P000288	named	R. Van Romunde	50	47	1883	1891	Director of the Government Cinchona Enterprise | Director of the Government Cinchona Enterprise in Java | author of report on Government cinchona enterprise | Director of the Government Cinchona Enterprize										adjudicated NONE  (medium): R. van Romunde, Director Government Cinchona Enterprise Java 1883-91; search found only J. W. van Romunde, politician 1812-1860.
TAP-P-000289	P000289	named	W. Forsythe	50	47	1884	1929	Director | correspondent | director | agent							review			adjudicated NONE  (low): W. Forsythe, tea planter/director, Kelani Valley and Klang 1884-1929; no candidates.
TAP-P-000290	P000290	named	Alphonse de Candolle	49	41	1882	1897	botanist | author | Swiss botanist | botanist stating origin of Chocho	Q123807	wd_auto	high							
TAP-P-000291	P000291	named	G. G. Auchinleck	49	47	1910	1930	Divisional Agricultural Officer, Central | Divisional Agricultural Officer | author | member				kgp_col1931-p950b17	auto					
TAP-P-000292	P000292	named	G. W. Carlyon	49	47	1885	1900	Director | shareholder | director | Shareholder										
TAP-P-000293	P000293	named	H. A. Weddell	49	38	1882	1894	botanist | author of Notes sur les Quinquinas | Botanist | botanist, Paris	Q983408	wd_auto	high							
TAP-P-000294	P000294	named	Hugh Clifford	49	40	1899	1937	Colonial Secretary | Governor | author | Acting Governor	Q957756	wd_auto+colist_kg	high	kgp_col1920-p789b5	auto					
TAP-P-000295	P000295	named	J. A. G. Rodrigo	49	45	1885	1914	recorder of rainfall | Manager of the Dairy | Agricultural Instructor | purchaser										
TAP-P-000296	P000296	named	L. H. Kelly	49	42	1887	1911	Chairman, Ceylon Planters' Association | Director | Chairman, Planters' Association of Ceylon | Chairman of the Tea Fund Committee						11114248	link	https://www.historyofceylontea.com/tea-planters/planters-registry/kelly-l-h--11114248.html		
TAP-P-000297	P000297	named	M. J. A. Karunanayake	49	39	1911	1923	Agricultural Instructor | Agricultural Instructor, Matara | Instructor | member										
TAP-P-000298	P000298	named	R. A. Taylor	49	46	1923	1932	Physiological Botanist, Rubber Research Scheme (Ceylon) | Physiological Botanist | author | Rubber Research Scheme	Q123150881	wd_auto	high							
TAP-P-000299	P000299	named	T. C. Huxley	49	46	1881	1911	Director | shareholder | exhibitor | manager of Peradeniya Estate										
TAP-P-000300	P000300	named	F. Burnett	48	45	1921	1931	Divisional Agricultural Officer | Divisional Agricultural Officer, Central | Divisional Agricultural Officer, Southern | member				kgp_col1940-p891b12	auto					
TAP-P-000301	P000301	named	H. Maxwell Lefroy	48	46	1883	1932	author | Entomologist | Imperial Entomologist | entomologist	Q5661696	wd_auto	high							
TAP-P-000302	P000302	named	H. W. Roy Bertrand	48	45	1921	1942	author | F.L.S., Govinna Estate | Member, Board of Agriculture | author of report						11123440	link	https://www.historyofceylontea.com/tea-planters/planters-registry/bertrand-h-w-r--11123440.html		
TAP-P-000303	P000303	named	J. D. Hoare	48	47	1930	1943	Member of the Board | Board member | Member | Member of Board of Management										
TAP-P-000304	P000304	named	R. L. M. Brown	48	45	1882	1934	botanist | Secretary | Auditor | Chairman										
TAP-P-000305	P000305	named	T. C. Anderson	48	41	1881	1903	correspondent | owner of Annfield Estate | of Dikoya | agent for distribution						11111434	link	https://www.historyofceylontea.com/tea-planters/planters-registry/anderson-t-c--11111434.html		
TAP-P-000306	P000306	named	Tudor Rajapakse	48	41	1889	1923	Mudaliyar | Gate Mudaliyar | Member | present										
TAP-P-000307	P000307	named	V. A. Julius	48	45	1890	1906	Director | shareholder | director | Chairman										adjudicated NONE  (medium): V. A. Julius, Colombo company director/legal adviser 1890-1906; candidate Victor August Julius is a Dutch physicist (1851-1902), different career.
TAP-P-000308	P000308	named	Wilfred de Soysa	48	34	1938	1945	Member | member | Member of the Board | member of the Board	Q18750218	adjudicated	high							adjudicated LINK Q18750218 (high): Sir (Lambert) Wilfred de Soysa 1884-1968, Ceylonese entrepreneur, Royal Agricultural University alumnus, Knight; matches Board member 1938-45.
TAP-P-000309	P000309	named	E. J. Young	47	43	1885	1909	Director | purchaser | Commissioner, planter | director						11114608	link	https://www.historyofceylontea.com/tea-planters/planters-registry/e-j-young--11114608.html		adjudicated NONE  (medium): Edward J. Young, Ceylon planter/Commissioner for labour supply S. India 1885-1909; candidate is an American clergyman.
TAP-P-000310	P000310	named	G. F. Halliley	47	45	1882	1884	correspondent | author of the letter | author of letter | author							review			
TAP-P-000311	P000311	named	George Massee	47	41	1887	1932	mycologist | author | of Kew | Principal Assistant (Cryptogams), Royal Herbarium, Kew	Q4284198	wd_auto	high							
TAP-P-000312	P000312	named	Jacob de Mel	47	42	1882	1930	mine owner | purchaser | exhibitor | Attendee	Q62609739	adjudicated	medium							adjudicated LINK Q62609739 (medium): Jacob De Mel 1839-1919, Sri Lankan entrepreneur/philanthropist, Moratuwa; matches mine owner, Sinhalese landed proprietor. Some mentions post-1919.
TAP-P-000313	P000313	named	John Kirk	47	44	1881	1919	planter of tea bushes | Consul-General | botanist | of Zanzibar	Q1700717	wd_auto	high	kgp_col1909-p745b22	auto					
TAP-P-000314	P000314	named	K. J. Alexander Sylva	47	47	1918	1940	Curator, Heneratgoda Botanic Gardens, Gampaha | Assistant Curator, Heneratgoda Botanic Gardens | Superintendent of Parks, Colombo Municipality | Acting Curator, Hakgala Botanic Gardens										
TAP-P-000315	P000315	named	L. B. de Mel	47	41	1934	1945	Member | member | Board member | Member of the Board										
TAP-P-000316	P000316	named	P. R. Buchanan	47	45	1882	1902	Chairman | Director | director | member of the general committee										
TAP-P-000317	P000317	named	S. C. Obeyesekere	47	46	1890	1921	Member of the Board | member of the Board | present | member					review					
TAP-P-000318	P000318	named	C. C. Du Pre Moore	46	46	1882	1937	Member | Member of the Board | member | member of the Committee										
TAP-P-000319	P000319	named	C. Heusser	46	35	1921	1935	researcher | author | scientist | lecturer on Hevea selection										
TAP-P-000320	P000320	named	Charles Young	46	42	1881	1911	Director | author of the letter | Director, Estate Inspector | Visiting Agent							review			adjudicated NONE  (medium): Charles Young, Ceylon director/visiting agent 1881-1911; candidates (US astronomer, Australian stub) do not fit.
TAP-P-000321	P000321	named	D. Prain	46	41	1888	1944	author | Curator of the Herbarium | botanist | Indian Medical Service				kgp_col1927-p1009b16	auto					
TAP-P-000322	P000322	named	D. S. Corlett	46	44	1899	1919	author | Manager, Experiment Station, Peradeniya | Superintendent of Peradeniya Experiment Station | Manager										
TAP-P-000323	P000323	named	E. B. Copeland	46	38	1908	1938	author | Dean, College of Agriculture | author of The Coconut | researcher										
TAP-P-000324	P000324	named	H. V. Masefield	46	42	1887	1906	Chairman | Manager in Ceylon | shareholder | Director, in the chair										
TAP-P-000325	P000325	named	James Blackett	46	45	1881	1902	planter | cotton grower | owner of Jack Tree Hill estate | cotton planter							review			adjudicated NONE  (medium): James Blackett, Dolosbage tea/cotton planter 1881-1902; candidate is a NZ surveyor; no fit.
TAP-P-000326	P000326	named	L. S. Bertus	46	38	1917	1944	photographer | Photographer | Assistant to the Botanist and Mycologist | Assistant in Mycology, Department of Agriculture										
TAP-P-000327	P000327	named	L. W. A. de Soysa	46	43	1881	1938	member | Member | member present | member of the Board										
TAP-P-000328	P000328	named	O. C. Tillekeratne	46	40	1917	1924	member | Mudaliyar | present | Hon'ble member	Q93481272	adjudicated	high							adjudicated LINK Q93481272 (high): O. C. Tillekeratne, Ceylonese politician 1878-1923; matches Hon. Mr Oswald Tillekeratne, Board member 1917-24.
TAP-P-000329	P000329	named	P. J. S. Cramer	46	42	1898	1938	author | Formerly Director of the General Experiment Station, Buitenzorg | scientist | researcher										
TAP-P-000330	P000330	named	R. Spruce	46	37	1881	1943	botanist | traveller | collector | coadjutor, botanist	Q1349394	wd_auto	high							
TAP-P-000331	P000331	named	T. G. Jayewardene	46	39	1917	1939	Member of the Board | Board member | Member | member	Q15995742	wd_auto	high							
TAP-P-000332	P000332	named	T. S. Dobree	46	45	1881	1899	Director | planter | experienced Ceylon planter | correspondent, Udugama						11131940	link	https://www.historyofceylontea.com/tea-planters/planters-registry/dobree-t-s--11131940.html		
TAP-P-000333	P000333	named	C. Bernard	45	34	1909	1932	Vice-President | author | present | researcher, Experiment Station for Tea, Java	Q1065058	adjudicated	medium							adjudicated LINK Q1065058 (medium): Charles Jean Bernard 1876-1967, Dutch botanist, alias C.Bernard; matches Dr C. Bernard, Director Tea Experiment Station Buitenzorg. A few 'Bernard Senior' mentions may be noise.
TAP-P-000334	P000334	named	Frederick Lewis	45	41	1885	1942	author | of the Forest Department | Assistant Conservator of Forests | Land Settlement Department										adjudicated NONE  (medium): Frederick Lewis, Asst Conservator of Forests Ceylon, F.L.S. 1885-1942; candidates actors/naval officer. No match.
TAP-P-000335	P000335	named	H. L. Crawford	45	44	1890	1912	for Colonial Secretary | Member of the Board | Acting Colonial Secretary | member of the Board				kgp_col1912-p656b10	auto					
TAP-P-000336	P000336	named	J. Fergusson	45	42	1882	1934	Member of the Board | Member | Visitor | member of the Committee										adjudicated MIXED Q333781 (medium): Pools Sir James Fergusson of Kilkerran 6th Bt (Q333781, Governor of Bombay; Kilkerran estate) with J./Major Fergusson, Board of Agriculture member into 1930s.
TAP-P-000337	P000337	named	J. R. Nugawela	45	35	1909	1925	Agricultural Instructor | Agricultural Instructor, Katugastota | member | Instructor										
TAP-P-000338	P000338	named	James Forbes	45	43	1888	1941	shareholder | Director | Chairman | Colombo broker										adjudicated NONE  (medium): James Forbes, Colombo broker/company chairman 1888-1941; candidates (gardener d.1861, physicist, railway man) do not fit.
TAP-P-000339	P000339	named	P. A. Keiller	45	40	1909	1940	Member of the Board | Member | visitor | Visitor, Colombo Commercial Company										
TAP-P-000340	P000340	named	P. J. Wester	45	44	1908	1945	author | Horticulturist | Horticulturist, Bureau of Agriculture, Manila | Agricultural Adviser	Q9058762	wd_auto	high							
TAP-P-000341	P000341	named	A. C. Dixon	44	41	1881	1907	analyst | exhibitor, Ceylon | professional assayer | maps, &c.										adjudicated NONE  (medium): Alexander C. Dixon, Ceylon analyst/assayer, geologist 1881-1907; candidate is an American pastor.
TAP-P-000342	P000342	named	C. A. Hay	44	38	1881	1886	author | author of letter | correspondent | Windsor Forest Estate							review			
TAP-P-000343	P000343	named	F. Bayley	44	42	1881	1899	importer of cacao varieties | of the P. & O. Company | P. and O. Company's agent at Galle | plantation owner										
TAP-P-000344	P000344	named	George Gardner	44	36	1881	1944	Superintendent of the Peradeniya Gardens | author | Superintendent | botanist	Q2404423	adjudicated	high							adjudicated LINK Q2404423 (high): George Gardner, Scottish botanist 1812-49, died Kandy; matches Supt Peradeniya Gardens 1844-49; cited posthumously.
TAP-P-000345	P000345	named	H. Prestoe	44	41	1881	1901	Government Botanist of Trinidad | Government Botanist | Government Botanist at Trinidad | author of Report on the Botanic Gardens, Trinidad										
TAP-P-000346	P000346	named	J. Donnan	44	39	1882	1903	Master Attendant | Inspector of Pearl Banks | made practical remarks | Inspector of the Pearl Banks				kgp_col1867-p225b9	auto					
TAP-P-000347	P000347	named	J. E. de Vrij	44	41	1881	1912	author | analyst | method developer | friend of the author										
TAP-P-000348	P000348	named	J. F. Jowitt	44	40	1882	1922	author | member | chair | of Bandarawela, Ceylon										
TAP-P-000349	P000349	named	J. Nietner	44	40	1881	1932	author | entomologist | author of 'Enemies of the Coffee Tree' | Ceylon authority										
TAP-P-000350	P000350	named	R. Morison	44	42	1886	1907	Director | Visiting Agent | member | Chairman of the Kalutara Planters' Association							review			
TAP-P-000351	P000351	named	Edward Buck	43	43	1881	1910	Secretary to the Government of India, Revenue and Agricultural Department | official | Chief of the Indian Revenue Department | Indian Commissioner	Q96971149	adjudicated	high							adjudicated LINK Q96971149 (high): Edward Charles Buck 1838-1916, Indian Civil Service, alias E.C. Buck; matches Sir Edward Buck, Secretary Revenue and Agricultural Dept, Govt of India.
TAP-P-000352	P000352	named	G. W. Paine	43	41	1889	1907	Chairman | chairman | director | Director										
TAP-P-000353	P000353	named	Hugh Fraser	43	37	1884	1910	shareholder | Managing Director | exhibitor | Managing Director and Secretary							review			adjudicated NONE  (medium): Hugh Fraser, Matale planter/managing director (Bandarapola) 1884-1910; candidates (House of Fraser chairman, diplomat, witch-trial stub) do not fit.
TAP-P-000354	P000354	named	J. L. Kotalawala	43	40	1921	1936	Board member | Member of the Board | Member | member										
TAP-P-000355	P000355	named	James Ryan	43	31	1892	1911	Director | attendee | author | planter							review			adjudicated NONE  (medium): James Ryan, Dimbula planter, Hon. Sec. Dimbula PA 1892-1911; candidates are a bishop, footballer, researchers; no fit.
TAP-P-000356	P000356	named	W. Megginson	43	40	1884	1904	Director | planter | shareholder | of Carolina						11111324	link	https://www.historyofceylontea.com/tea-planters/planters-registry/megginson-w--11111324.html		
TAP-P-000357	P000357	named	W. Shakespeare	43	43	1882	1910	playwright | Director | author | shareholder										
TAP-P-000358	P000358	named	A. J. Cook	42	38	1882	1901	explorer | Treasurer | author | of the Michigan Agricultural College	Q2831281	wd_auto	high							
TAP-P-000359	P000359	named	A. J. Kellow	42	40	1882	1920	correspondent | planter, Albion estate | author of letter | author							review			
TAP-P-000360	P000360	named	Charles Murray Robertson	42	41	1891	1906	Secretary | Director | secretary | proprietor										
TAP-P-000361	P000361	named	Forbes Watson	42	34	1881	1910	author | lecturer | author of the 1879 report | author of report on Indian wheat										
TAP-P-000362	P000362	named	Henry Brown	42	41	1885	1908	planter | author, ex-Ceylon planter | author | proprietor										adjudicated NONE  (medium): Henry Brown, ex-Ceylon coffee planter/police inspector, later Nyasaland 1885-1908; candidates (inventor, Jamaican judge, etc.) do not fit.
TAP-P-000363	P000363	named	J. A. Gammie	42	35	1882	1900	Deputy Superintendent | author of the letter | author | resident manager										
TAP-P-000364	P000364	named	J. E. P. Rajapakse	42	36	1917	1930	Member | visitor | member | member of the Committee										
TAP-P-000365	P000365	named	J. I. Gnanamuttu	42	38	1925	1944	Secretary | visitor | Secretary, Board of Agriculture | Secretary, Board of Management				kgp_col1937-p917b21	auto					adjudicated UNSURE Q96279302 (medium): Q96279302 'J. I. Gnanamuttu' d. 19 Jan 1944 (no role); rare name and death date fit the Secretary, Board of Agriculture 1925-44, but no identity statement.
TAP-P-000366	P000366	named	John Shortt	42	41	1881	1904	correspondent | author | Deputy-Surgeon General | author of Hand Book to coffee planting in Southern India	Q94406436	wd_auto	high							
TAP-P-000367	P000367	named	Robert Hart	42	39	1886	1903	Inspector-General of Customs | Inspector General of Customs | remonstrated with mandarins | Inspector-General	Q1704958	adjudicated	high							adjudicated LINK Q1704958 (high): Sir Robert Hart, 1st Bt, British official in China 1835-1911 (Who's Who in the Far East, Qing histories); matches Inspector-General of Customs, report on China tea trade.
TAP-P-000368	P000368	named	Shelton Agar	42	40	1881	1903	Director | author of the letter | correspondent | purchaser										
TAP-P-000369	P000369	named	Stanley Bois	42	41	1891	1932	Director | shareholder | retiring Director | moved motion for abolition of tea duty	Q131385103	adjudicated	medium							adjudicated LINK Q131385103 (medium): Stanley Bois 1864-1938, 'British businessman'; matches Sir Stanley Bois, Colombo company director, Chamber member 1891-1932. Rare name; WD thin.
TAP-P-000370	P000370	named	Thomas Kempe	42	42	1894	1898	advertiser | author of essay on deafness cure | address for cure for deafness | Advertised practitioner										adjudicated NONE  (medium): Thomas Kempe, London advertiser of a deafness cure 1894-98; candidates are medieval bishop, peerage stubs, footballer.
TAP-P-000371	P000371	named	William Twynam	42	33	1887	1917	Vice-President | author of Report on Pearl Fisheries | author of report | author of Gold, Gems, and Pearls	Q136344801	adjudicated	high	kgp_col1867-p267b27	auto					adjudicated LINK Q136344801 (high): William Crofton Twynam 1827-1922, 'British colonial administrator and biological scientist'; matches Sir William Twynam, GA Jaffna, pearl fishery reports.
TAP-P-000372	P000372	named	B. J. Eaton	41	39	1908	1931	author | researcher | writer | Agricultural Chemist				kgp_col1931-p1006b7	auto					
TAP-P-000373	P000373	named	C. A. Hewavitarne	41	32	1909	1929	member | Dr. | Dr., member of the Committee | member of the Committee										
TAP-P-000374	P000374	named	C. A. Pereira	41	41	1922	1939	Member | Board member | Member of the Board | member										
TAP-P-000375	P000375	named	C. H. De Soysa	41	40	1882	1920	estate owner | planter | sender of grapes | Sinhalese capitalist							review			
TAP-P-000376	P000376	named	G. Robert de Zoysa	41	37	1927	1940	absent member | member | Member | Member of the Committee										
TAP-P-000377	P000377	named	G. S. Jenman	41	36	1881	1911	Government Botanist of British Guiana | author | Government Botanist and Superintendent Botanic Gardens | Government Botanist	Q3101893	wd_auto	high							
TAP-P-000378	P000378	named	J. Berry White	41	40	1884	1901	lecturer | Chairman | chairman of the Jokai Tea Company | chairman of the company										
TAP-P-000379	P000379	named	J. F. Duthie	41	40	1883	1934	Director of the Botanical Department, Northern India | Director of the Botanical Survey of Northern India | author | Superintendent of the Saharanpure Botanic Gardens	Q11925800	wd_auto	high							
TAP-P-000380	P000380	named	J. H. Carson	41	38	1892	1901	Observer, Kalawewa | of Haputale | correspondent | proprietor										
TAP-P-000381	P000381	named	Samuel Baker	41	38	1881	1927	author | explorer | author describing gem deposits | great hunter and keen observer	Q376087	wd_auto	high							
TAP-P-000382	P000382	named	U. B. Unamboowe	41	32	1919	1945	Member | member | Ratemahatmaya | Ratemahatmaya, Kotmale	Q55636387	adjudicated	medium							adjudicated LINK Q55636387 (medium): U. B. Unamboowe, Sri Lankan politician born Kotmale, OBE; matches Ratemahatmaya of Kotmale, Board member 1919-45. WD lacks dates.
TAP-P-000383	P000383	named	Bernard Dyer	40	37	1893	1923	analyst | researcher | author | investigator	Q22243469	wd_auto	high							
TAP-P-000384	P000384	named	C. W. Bibile	40	35	1917	1932	Ratemahatmaya | member | R.M. | Agricultural Instructor, Bibile										
TAP-P-000385	P000385	named	D. Fairweather	40	35	1884	1925	Director | shareholder | author of letter | director							review			
TAP-P-000386	P000386	named	E. R. Tambimuttu	40	33	1913	1943	Board member | member | Unofficial Member, Eastern Province | Member	Q28407930	adjudicated	high							adjudicated LINK Q28407930 (high): Emmanuel Rasanayagam Tambimuttu b.1890, Ceylon Tamil lawyer-politician; matches E. R. Tambimuttu M.S.C., Unofficial Member Eastern Province, Board member.
TAP-P-000387	P000387	named	J. H. Meedeniya	40	35	1899	1941	Adigar | R.M. | Ratemahatmaya | member of the Board	Q16933076	adjudicated	medium							adjudicated LINK Q16933076 (medium): John Henry Meedeniya, Ceylonese politician 1867-1931; matches J. H. Meedeniya, Adigar/R.M., Unofficial Member Sabaragamuwa. Rare name; later mentions posthumous.
TAP-P-000388	P000388	named	J. P. Blackmore	40	36	1921	1944	member | Visitor | Member | visitor										
TAP-P-000389	P000389	named	J. Wood-Mason	40	36	1881	1902	entomologist | of the Calcutta Museum | deputed by the Bengal Government to investigate insect tea-pests | Deputy Superintendent, Indian Museum, Calcutta	Q3161496	wd_auto	high							
TAP-P-000390	P000390	named	T. H. Lloyd	40	39	1893	1904	Agent in British Central Africa | surveyor | Surveyor | old Ceylon resident										
TAP-P-000391	P000391	named	William MacGregor	40	39	1889	1913	Governor | Administrator of British New Guinea | Administrator | Governor of Lagos	Q2579853	wd_auto+colist_kg	high	kgp_col1917-p809b12	auto					
TAP-P-000392	P000392	named	William Pringle	40	27	1887	1896	Agricultural Chemist | analyst | Late Agricultural Chemist to Messrs. Matheson & Co. in Coorg | author										adjudicated NONE  (medium): William Pringle M.S.C.I., agricultural chemist to Matheson & Co., Coorg 1887-96; candidates are clerics/politicians/stubs; no fit.
TAP-P-000393	P000393	named	A. F. Broun	39	33	1893	1908	Conservator of Forests | donor of Special Prize in Botany | examiner in Botany | proposer of forestry scheme										
TAP-P-000394	P000394	named	A. Kanagasabai	39	38	1906	1921	member of the Board | present | Hon. Member | Member	Q17329848	adjudicated	high							adjudicated LINK Q17329848 (high): Sir Ambalavanar Kanagasabai, Ceylon Tamil lawyer/politician 1856-1927; matches Hon./Sir A. Kanagasabai of Jaffna, Board member 1906-21.
TAP-P-000395	P000395	named	C. H. Bagot	39	36	1882	1906	member | Ceylon planter | resident Manager at St. Leonards | receive the consignment of beetles							review			adjudicated NONE  (medium): C. H. Bagot, Ceylon tea planter (St Leonards, Nuwara Eliya) 1882-1906; candidate C. H. Bagot (Australian, d.1880) does not fit.
TAP-P-000396	P000396	named	C. W. Bickmore	39	34	1929	1934	Deputy Financial Secretary | Acting Financial Secretary | Member of the Board | Assistant Colonial Treasurer				kgp_col1934-p848b13	auto					
TAP-P-000397	P000397	named	Charles U. Shepard	39	37	1892	1908	tea planter | tea planter, South Carolina | recipient of letter, Pinehurst, South Carolina | tea planter, Pinehurst	Q94825474	adjudicated	medium							adjudicated LINK Q94825474 (medium): Charles Upham Shepard Jr., American physician 1842-1915; matches Dr Charles U. Shepard, tea grower at Pinehurst, S. Carolina. WD lacks the tea/SC link.
TAP-P-000398	P000398	named	Christopher Columbus	39	39	1882	1911	explorer | subject of a chapter | introduced sugar cane to West Indies | historical figure (costume)										
TAP-P-000399	P000399	named	D. D. Karunaratne	39	39	1903	1945	Board member | Board Member | member | member of the Board										adjudicated UNSURE Q42889380 (low): Q42889380 'D. D. Karunaratne', politician (UNP), no dates; profile is a J.P./Board member 1903-45. Name only; cannot confirm.
TAP-P-000400	P000400	named	E. S. Grigson	39	37	1881	1906	Director | Provisional Director | shareholder | director of cinchona cultivation										
TAP-P-000401	P000401	named	J. B. Laurie	39	38	1888	1921	Auditor | auditor | Director | correspondent										adjudicated NONE  (medium): James B. Laurie C.A., auditor of Ceylon companies, London 1888-1921; candidates (generals, actor, engineer) do not fit.
TAP-P-000402	P000402	named	J. Buckingham	39	38	1885	1909	Chairman of the Assam Branch | planter | Chairman of the Assam Branch, Indian Tea Association | of Amgoorie										
TAP-P-000403	P000403	named	J. Mitchell	39	34	1881	1934	Organising Secretary, Rubber Research Scheme (Ceylon) | Rubber Research Scheme | Organising Secretary of the Scheme | Organizing Secretary, Ceylon Rubber Research Scheme							review			adjudicated NONE  (medium): J. Mitchell, Organising Secretary Rubber Research Scheme (Ceylon); candidates are modern namesakes. Earliest mentions (1881) may be another Mitchell.
TAP-P-000404	P000404	named	K. B. Beddewela	39	37	1907	1928	Member | member | grower | attendee										
TAP-P-000405	P000405	named	O. B. M. Cheyne	39	38	1912	1945	Board member | Board Member | member | Member										
TAP-P-000406	P000406	surname_pool	Prince Wales	39	39	1881	1942	visitor | recipient of table-cloth | recipient of orchids | lender of hunting trophies										adjudicated MIXED  (high): 'Prince of Wales' title pools several heirs 1881-1942 (future Edward VII, George V, Edward VIII); not one person.
TAP-P-000407	P000407	named	R. A. Cameron	39	34	1889	1925	managing director | Director | Managing Director | Chairman and Managing Director										adjudicated NONE  (medium): Ralph A. Cameron, Chairman/Managing Director of Ceylon tea companies 1889-1925; candidate is an American biologist.
TAP-P-000408	P000408	named	A. B. Thomson	38	32	1913	1920	member | Unofficial Member, Central Province | Central Province | present										
TAP-P-000409	P000409	named	A. E. Scovell	38	32	1884	1902	author of letter | tea broker | of Strathellie | provisional Director							review			
TAP-P-000410	P000410	named	A. J. Austin Dickson	38	35	1897	1924	member | Member | absent member | Present										
TAP-P-000411	P000411	named	F. B. Guthrie	38	36	1894	1921	author | Chemist | analyst | author of paper on Soil Analysis										
TAP-P-000412	P000412	named	G. M. Fowler	38	36	1890	1911	committee member | member | Government Agent | author of Administration Report				kgp_col1920-p819b3	auto					adjudicated NONE  (medium): George M. Fowler C.C.S., Government Agent Ceylon 1890-1911; candidates (English solicitor 1858-1937, others) have no Ceylon link.
TAP-P-000413	P000413	named	H. G. Bois	38	28	1893	1906	Director | shareholder | Shareholder | former Director										
TAP-P-000414	P000414	named	J. Cameron	38	33	1881	1909	of Bangalore | competitor | Mysore Government Botanist | attendee										adjudicated NONE  (medium): John Cameron F.L.S., Superintendent Lal Bagh, Mysore Government Botanist 1881-1909; search found no matching item.
TAP-P-000415	P000415	named	James Forbes (Jnr.)	38	34	1931	1938	Chairman | Chairman, Tea Research Board | Board member | Member of the Board										
TAP-P-000416	P000416	named	Paul Preuss	38	34	1901	1928	author | botanist who discovered the gutta-percha plant | director of the botanical gardens at Victoria | reporter on expedition to Central and South America	Q21388687	wd_auto	high							
TAP-P-000417	P000417	named	Stanley Arden	38	36	1900	1913	Superintendent of Experimental Plantations | Superintendent, Experimental Plantations, Federated Malay States | author | Superintendent of Government Experimental Plantations in the Malay Federated Sta										
TAP-P-000418	P000418	named	Thomas Whiffen	38	38	1888	1895	buyer of bark | buyer | principal buyer | buyer of cinchona bark	Q18530911	adjudicated	high							adjudicated LINK Q18530911 (high): Thomas Whiffen 1819-1904, manufacturer of fine chemicals; matches principal buyer of cinchona bark (quinine maker), Battersea, 1888-95.
TAP-P-000419	P000419	named	W. D. Bosanquet	38	36	1882	1903	author | planter | author of the letter | conducted valuable experiments							review			
TAP-P-000420	P000420	named	W. Turing Mackenzie	38	36	1881	1904	author | author of the letter | writer | proposer of London tea agency							review			adjudicated NONE  (medium): W. Turing Mackenzie, ex-Ceylon planter, author (Sumatra, London tea agency) 1881-1904; candidates do not fit.
TAP-P-000421	P000421	named	Alfred Dent	37	36	1881	1900	Chairman | founder of the Settlement | managing director | Commissioner	Q2644863	adjudicated	high							adjudicated LINK Q2644863 (high): Sir Alfred Dent KCMG, British businessman 1844-1927, Malaysia citizenship; matches Commissioner/founder of British North Borneo, Ceylon interests.
TAP-P-000422	P000422	named	C. A. Barber	37	37	1893	1940	Government Botanist, Madras | Government Botanist | Cambridge botanist | author of Report on the failure of the cacao crop in Dominica	Q8344896	wd_auto	high							
TAP-P-000423	P000423	named	F. Hardy	37	30	1924	1942	author | Imperial College of Tropical Agriculture | author of article on Cellulosic Materials | Professor										adjudicated NONE  (medium): Prof. F. Hardy, soil chemist, Imperial College of Tropical Agriculture Trinidad 1924-42; search found nothing.
TAP-P-000424	P000424	named	G. W. Christison	37	35	1882	1900	reader of the paper | attendee | member | Manager in India										
TAP-P-000425	P000425	named	George Birdwood	37	37	1881	1912	author | conducted experiments | author of report on Tusser and other wild silks | author of historical preface	Q5537907	adjudicated	high							adjudicated LINK Q5537907 (high): Sir George C. M. Birdwood 1832-1917, Anglo-Indian official, naturalist, botanist, KCIE, born Belgaum; matches author on Indian silks and ploughs.
TAP-P-000426	P000426	named	Graham Pandittasekera	37	35	1919	1932	member | Member | member of the Committee | present										
TAP-P-000427	P000427	named	Howard Newport	37	37	1897	1913	author | Instructor in Coffee Culture | Instructor in Tropical Agriculture, Cairns | instructor in coffee culture										
TAP-P-000428	P000428	named	J. S. de Silva	37	28	1908	1922	Chief Clerk | member | author | present										
TAP-P-000429	P000429	named	James Hornell	37	34	1902	1912	assistant | Assistant | scientist | investigator at the Marine Laboratory	Q6136247	adjudicated	high							adjudicated LINK Q6136247 (high): James Hornell 1865-1949, British zoologist, FLS; matches Marine Laboratory/pearl investigations Ceylon 1902-12, Jersey Marine Biological Station.
TAP-P-000430	P000430	named	Marcus S. Rockwood	37	25	1937	1945	Member | member | Member of the Board | member of the Board										
TAP-P-000431	P000431	named	R. J. Hartley	37	37	1938	1945	member | Member | Chairman, Ceylon Estates Proprietary Association | former member										
TAP-P-000432	P000432	named	Robert Thomson	37	36	1881	1910	author | late Superintendent | formerly Superintendent of the Chinchona Plantations, Jamaica, but now resident  | late island Botanist						11114950	link	https://www.historyofceylontea.com/tea-planters/planters-registry/thomson-r--11114950.html		adjudicated NONE  (low): Robert Thomson, ex-Supt cinchona plantations / island botanist Jamaica; candidates modern stubs; search on Jamaica cinchona botanist found nothing.
TAP-P-000433	P000433	named	S. M. Burrows	37	34	1887	1909	Hon. Secretary | Director of Public Instruction | Assistant to the Government Agent | shareholder by proxy				kgp_col1908-p616b5	auto					adjudicated NONE  (medium): S. M. Burrows C.C.S., Director of Public Instruction, Ceylon 1887-1909; candidates are modern namesakes; not found.
TAP-P-000434	P000434	named	W. P. A. Cooke	37	34	1917	1945	Divisional Agricultural Officer, Northern | Divisional Agricultural Officer | Farm School Officer, Jaffna | Farm School Officer										
TAP-P-000435	P000435	named	Arthur Thompson	36	34	1883	1934	shareholder | member of Wm. J. & Hy. Thompson, visitor | of Messrs. W. H. & J. Thompson | of the well-known London Tea-broking Firm of Messrs. W. J. & H. Thompson										adjudicated NONE  (medium): Arthur Thompson of W. J. & H. Thompson, London tea brokers 1883-1934; candidates do not fit.
TAP-P-000436	P000436	named	J. Harward	36	35	1899	1913	member of the Board | Director of Public Instruction | Member of the Board | member present	Q6238159	adjudicated	high		review					adjudicated LINK Q6238159 (high): John Henry Harward 1858-1932, 'British educationist', head teacher, alias J. Harward; matches Director of Public Instruction Ceylon, Board member 1899-1913.
TAP-P-000437	P000437	surname_pool	Peppercorn	36	36	1884	1891	correspondent | author | author of the article | author of remarks on p. 401										adjudicated NONE  (high): 'Peppercorn' is a pseudonym of a Ceylon planting correspondent 1884-91; candidate painter A. D. Peppercorn unrelated.
TAP-P-000438	P000438	surname_pool	Rumphius	36	34	1882	1945	botanist | author | writer | author of Herbarium Amboinense	Q61439	wd_auto	high							
TAP-P-000439	P000439	named	W. Dymock	36	33	1883	1945	author | author of Materia Medica of Western India | author of Report on the Native Plants of the West Coast | author cited	Q113810328	adjudicated	high							adjudicated LINK Q113810328 (high): William Dymock 1834-1892, British Indian physician and botanist, alias W. Dymock; matches Brigade-Surgeon, author of Materia Medica of Western India (Bombay).
TAP-P-000440	P000440	named	W. T. Thiselton Dyer	36	33	1881	1913	author | Director of the Royal Botanic Gardens, Kew | Director, Royal Gardens, Kew | author of letter	Q2065240	wd_auto	high							
TAP-P-000441	P000441	named	W. V. D. Pieris	36	31	1930	1945	Geneticist | author | Officiating Chief Technical Officer | Geneticist, Coconut Research Scheme										
TAP-P-000442	P000442	named	A. Baur	35	35	1895	1913	author of letter | correspondent | owner of manure works | proprietor										adjudicated UNSURE Q4722307 (medium): Alfred Baur, Swiss art collector 1865-1951; name/era fit proprietor of Ceylon Manure Works, Colombo, but WD has no Ceylon or business link.
TAP-P-000443	P000443	named	A. S. Long Price	35	31	1912	1926	member | Member | member of the Committee | member of Committee										
TAP-P-000444	P000444	named	C. P. Layard	35	31	1881	1935	Government Agent | Revenue Officer | author of dictum on rice cultivation | high authority	Q20987317	adjudicated	medium		review					adjudicated LINK Q20987317 (medium): Sir Charles Peter Layard 1806-1893, KCMG, Mayor of Colombo; matches Sir C. P. Layard, GA Western Province, Revenue Officer. Son Q16059182 (judge, 1849-1916) may account for some 'Mr.' mentions.
TAP-P-000445	P000445	named	E. S. Anderson	35	31	1885	1901	Director | shareholder | director | Shareholder						11127641	link	https://www.historyofceylontea.com/tea-planters/planters-registry/e-s-anderson--11127641.html		adjudicated NONE  (medium): Eric S. Anderson, Dikoya planter/director 1885-1901; candidates (US generals, painter) do not fit.
TAP-P-000446	P000446	named	E. W. Hilgard	35	34	1882	1937	author | Professor | Professor, Berkeley, Cal. | discussing the "Objects and Interpretation of Soil Analyses"										
TAP-P-000447	P000447	named	E. W. Streeter	35	31	1886	1900	author | interested in pearling industries | jeweller with establishment at Cossack | lender of gems										
TAP-P-000448	P000448	named	F. A. Fluckiger	35	32	1881	1896	author | pharmacologist | author of Pharmacographia | Professor										
TAP-P-000449	P000449	named	Graeme Sinclair	35	32	1884	1934	member of the Committee | absent member | Present | agriculturist										
TAP-P-000450	P000450	named	H. R. Freeman	35	34	1908	1944	Member | committee member | Member of the Board | Board member				kgp_col1917-p756b5	auto					adjudicated UNSURE Q62017570 (medium): Q62017570 Herbert Rayner Freeman 1864-1945 (no role); name and dates fit H. R. Freeman M.S.C., Board member 1908-44, but WD gives no Ceylon/political identity.
TAP-P-000451	P000451	named	John Buchanan	35	32	1883	1902	of Zomba | pioneer planter | shareholder | of Zomba, Eastern Africa	Q16059854	adjudicated	high			11112787	link	https://www.historyofceylontea.com/tea-planters/planters-registry/buchanan-j--11112787.html		adjudicated LINK Q16059854 (high): John Buchanan C.M.G. 1855-96, Scottish horticulturist in Blantyre (Malawi), d. Chinde; matches pioneer planter of Zomba/Blantyre, Shire Highlands.
TAP-P-000452	P000452	named	R. Derry	35	33	1889	1912	author of report | Superintendent of Government Plantations, Perak | author of the report | planter										
TAP-P-000453	P000453	named	S. Armstrong	35	21	1934	1940	Member | member | member of the Board | Member of the Board										adjudicated NONE  (medium): S. Armstrong, Board member 1934-40 (irrigation engineer?); candidates are American namesakes.
TAP-P-000454	P000454	named	W. J. Forsyth	35	31	1883	1898	author | planter | shareholder | formerly of Dimbula and Maturata						11128048	link	https://www.historyofceylontea.com/tea-planters/planters-registry/forsyth-w-j--11128048.html		
TAP-P-000455	P000455	named	A. Haly	34	28	1882	1900	Director of the Colombo Museum | Director | speaker | of the Museum				kgp_col1897-p505b16	auto					
TAP-P-000456	P000456	named	A. W. Winter	34	25	1883	1941	Unofficial Member, Southern Province | member | Southern Province | author										
TAP-P-000457	P000457	named	Bruce S. Gibbon	34	23	1923	1945	Member | member | Member of the Board | Member of Standing Committee										
TAP-P-000458	P000458	named	D. E. V. Koch	34	30	1936	1945	Assistant Chemist | author | Research Probationer in Agricultural Chemistry | analyst										
TAP-P-000459	P000459	named	Donald Andrew	34	34	1889	1902	shareholder | Director | director | Shareholder										
TAP-P-000460	P000460	named	H. L. Van Buuren	34	32	1914	1928	author | Assistant to the Economic Botanist | School of Tropical Agriculture | Mr.										
TAP-P-000461	P000461	named	James Wilson	34	30	1885	1930	Chairman | Secretary of Agriculture | owner of walking-stick, Kilmarnock | president										adjudicated MIXED Q373094 (medium): Pools Ceylon company chairman (dominant, not found) with 'Secretary of Agriculture' James Wilson (US Sec. of Agriculture 1897-1913, Q373094).
TAP-P-000462	P000462	named	Nathaniel Wallich	34	31	1881	1902	botanist | Surgeon to the Danish Settlement at Serampore; Superintendent | botanist, collector | Superintendent of the Garden	Q730310	adjudicated	high							adjudicated LINK Q730310 (high): Nathaniel Wallich 1786-1854, surgeon-botanist, employer Calcutta Botanic Garden; matches Superintendent of Calcutta Garden, Serampore surgeon. Cited historically.
TAP-P-000463	P000463	named	S. F. H. Perera	34	31	1882	1945	Member | member | Member (absent) | acting member										
TAP-P-000464	P000464	named	S. G. Taylor	34	21	1883	1945	Director of Irrigation | vice the Director of Irrigation | Acting Director of Irrigation | Director of Irrigation, on leave										
TAP-P-000465	P000465	named	T. M. Z. Mahamooth	34	32	1901	1945	Deputy Director (Animal Husbandry), and Government Veterinary Surgeon | Acting Deputy Director (Animal Husbandry) and Government Veterinary Surgeon | Deputy Director (Animal Husbandry) and Government Veterinary Surgeon | Visitor										
TAP-P-000466	P000466	named	W. B. Lamont	34	32	1884	1904	present at measurements | planter, Heneratgoda and Mirigama | coconut planter | guest										
TAP-P-000467	P000467	named	W. Cameron	34	32	1882	1941	author | raised the first cinchona seed in Ceylon | tea planter from Assam | inventor of the Cinchona Drier							review			
TAP-P-000468	P000468	named	William Johnston	34	34	1889	1906	Secretary | subscriber to Association | secretary | Secy.										adjudicated NONE  (medium): Sir William Johnston, Bart., Secretary at 21 Mincing Lane, Ceylon proprietor 1889-1906; candidates (US poet, Irish politician, etc.) do not fit.
TAP-P-000469	P000469	named	William Robinson	34	33	1886	1910	Governor of Trinidad | Governor | His Excellency | recipient of report	Q839215	adjudicated+colist_kg	high	kgp_col1910-p756b3	auto					adjudicated LINK Q839215 (high): Sir William Robinson 1836-1912, position held Governor of Trinidad, then Governor of Hong Kong; matches 'translated from Trinidad to Hongkong'. Q2577723 is a different Robinson.
TAP-P-000470	P000470	named	A. A. Wickramasinghe	33	30	1920	1944	Member | member | Committee member | Nominated by Food Production Committee, Sabaragamuwa Province (Kegalle)										
TAP-P-000471	P000471	named	A. M. Chittambalam	33	33	1892	1908	author | local market reporter | author, Baillie St., Fort | prize donor										
TAP-P-000472	P000472	named	A. N. Galbraith	33	32	1903	1941	Secretary, Ceylon Agricultural Society | Secretary | Secretary of the Society | member of the Board				kgp_col1915-p712b12	auto					
TAP-P-000473	P000473	named	A. W. Warburton-Gray	33	30	1902	1936	Board member | member | Member of the Board | member, Estate Products Committee										
TAP-P-000474	P000474	named	C. E. Strachan	33	29	1884	1903	Chairman | Director | vendor | witness to tea growth							review			
TAP-P-000475	P000475	named	D. G. Pandittesekere	33	29	1928	1944	Assistant in Agricultural Chemistry | author | Asst. in Agricultural Chemistry | assistance in canning and bottling trials										
TAP-P-000476	P000476	named	Daniel Joseph	33	24	1888	1919	Member | Unofficial Member, Central Province | Nominated Member, Central Province | member										adjudicated NONE  (medium): Daniel Joseph, Nominated Member Central Province, cocoa grower 1888-1919; candidates modern. No match.
TAP-P-000477	P000477	named	E. C. Cotes	33	29	1888	1899	author | author of the letter | editor | first assistant, Indian Museum										
TAP-P-000478	P000478	named	Edgar Turner	33	31	1898	1920	Member | member | Labour Commissioner | member present										adjudicated NONE  (medium): Edgar Turner, Ceylon planter, Labour Commissioner, PA Secretary 1898-1920; candidate Edgar Turner UK author (1857-1942) has no planting link.
TAP-P-000479	P000479	named	G. F. Hampson	33	22	1882	1932	author | entomologist | author of moth description | author of the commentary	Q3101573	wd_auto	high							
TAP-P-000480	P000480	named	G. H. D. Elphinstone	33	28	1881	1908	tea exhibitor | exhibitor | Ceylon exhibitor | owner of Windsor Forest estate										
TAP-P-000481	P000481	named	Gordon Reeves	33	31	1888	1913	exhibitor | planter | correspondent | tea maker										
TAP-P-000482	P000482	named	Harold Hamel Smith	33	30	1900	1930	author | correspondent | author of letter | Editor of Tropical Life										adjudicated UNSURE Q131468508 (low): Harold Hamel Smith (b.1867) item has only birth date; profile is editor of Tropical Life, cacao writer 1900-30. Name only.
TAP-P-000483	P000483	named	Hercules J. Scott	33	31	1886	1926	Auditor | auditor | Director | Director retiring from the Board										
TAP-P-000484	P000484	named	J. C. Drieberg	33	33	1899	1940	Farm School Officer | author | visitor | Inspector, Colombo Fumigatorium										
TAP-P-000485	P000485	named	J. E. Evans	33	33	1914	1924	Acting Supdt., Observatory | Acting Supdt., Colombo Observatory | Acting Director, Colombo Observatory | Acting Supdt, Observatory										adjudicated NONE  (medium): J. E. Evans, Acting Supt Colombo Observatory 1914-24; candidate is an American sculptor.
TAP-P-000486	P000486	named	James P. Fernando	33	26	1932	1945	Member | member | Board member | Chairman, Low-Country Products Association										
TAP-P-000487	P000487	named	L. M. M. Dias	33	33	1927	1945	member | Member | Board member | retiring member										
TAP-P-000488	P000488	named	O. Kellner	33	25	1887	1944	analyst | researcher | Professor of Tokio | Director of the Chemical Laboratory at Tokio										
TAP-P-000489	P000489	named	R. H. Spencer Schrader	33	18	1882	1945	Member | member | Member of the Central Board of Agriculture | Member of the Board										
TAP-P-000490	P000490	named	Robert H. Elliot	33	31	1881	1922	author of letter | author | author of the letter | author of paper, known as 'the Mysore Planter'										adjudicated NONE  (low): Robert H. Elliot, 'the Mysore Planter', author on Mysore planting and Clifton-on-Bowmont farm; candidate a surgeon (1864-1936); search found nothing.
TAP-P-000491	P000491	named	S. E. Peal	33	30	1881	1910	author | tea expert | artist | tea planter, Aideo, Sibsagar, Asam										
TAP-P-000492	P000492	named	W. B. Pryer	33	32	1885	1897	Manager | planter | published an account of a visit to Birds-nest Caves | present at demonstration										
TAP-P-000493	P000493	named	W. H. Attfield	33	32	1937	1945	Member | member | Board member | Present at meeting										
TAP-P-000494	P000494	named	William Forbes Laurie	33	32	1882	1902	shareholder | Director | director | planter						11112647	link	https://www.historyofceylontea.com/tea-planters/planters-registry/laurie-w-f--11112647.html		
TAP-P-000495	P000495	named	Charles A. Reiss	32	29	1890	1904	Director | director | Chairman | Director, Chairman										
TAP-P-000496	P000496	named	David Kerr	32	28	1888	1906	Ceylon Manager | Ceylon manager | Manager in Ceylon | Director										adjudicated NONE  (medium): David Kerr, Ceylon manager, Chairman Ambagamuwa Association 1888-1906; candidates are modern namesakes.
TAP-P-000497	P000497	named	David Livingstone	32	30	1883	1912	explorer | traveler | native coffee planter | planter										adjudicated MIXED Q48373 (medium): Dominant: David Livingstone, explorer/missionary 1813-73 (explorer role x10, Zambezi/Blantyre). Also pools a Blantyre coffee planter/estate manager of that name.
TAP-P-000498	P000498	named	E. R. Speyer	32	31	1915	1932	Entomologist | Acting Entomologist | entomologist | author										
TAP-P-000499	P000499	named	Edward Cowan	32	30	1906	1936	Visitor | author | present | Superintendent							review			adjudicated NONE  (low): Edward Cowan, Supt Tobacco Experiment Jaffna 1906-36; Q75958344 (1875-1952) is a genealogy stub with no role, cannot confirm.
TAP-P-000500	P000500	named	F. Sutton Hawes	32	30	1888	1896	Consul | buyer and seller of teas | seller and buyer of Ceylon teas | broker and buyer										
TAP-P-000501	P000501	named	George Turnour	32	18	1884	1912	Revenue Commissioner | Hon'ble, Kandy | Official in Kandy | Acting Colonial Secretary										
TAP-P-000502	P000502	named	Graham Anderson	32	30	1881	1903	author | planter | experimenter on coffee leaf disease | author of revelation										
TAP-P-000503	P000503	named	H. Marshall Ward	32	26	1881	1941	author | Professor of Botany in the Forestry School, R. I. E. College, Cooper's Hill | exhibitor of parasitic fungi | author of the report										
TAP-P-000504	P000504	named	H. Tarrant	32	30	1886	1906	Director | shareholder | member present | director										
TAP-P-000505	P000505	named	H. W. Amarasuriya	32	26	1906	1945	Member | member | Member (absent) | member, nominated by Galle District Agricultural Committee										
TAP-P-000506	P000506	named	J. C. Dunbar	32	30	1890	1906	Director | Chairman | client | manager of Mount Vernon Estate						11114738	link	https://www.historyofceylontea.com/tea-planters/planters-registry/dunbar-j-c--11114738.html		adjudicated NONE  (medium): Joseph C. Dunbar, Dimbula estate manager/company chairman 1890-1906; only candidate a peerage stub with no data.
TAP-P-000507	P000507	named	J. G. Lear	32	13	1889	1922	Superintendent | Actg. Supdt. | Royal Botanic Garden | plant collector, pioneer of coffee enterprise, Curator of the Peradeniya Gardens										
TAP-P-000508	P000508	named	J. Grantham	32	25	1917	1935	author | researcher | author of the account | Director of Research H.A.P.M., Sumatra										
TAP-P-000509	P000509	named	J. L. D. Peiris	32	32	1891	1945	Member | member | absent member | Board member										
TAP-P-000510	P000510	named	J. P. Lewis	32	31	1890	1922	author | Government Agent | member | author of letter	Q94277735	wd_auto	high	kgp_col1914-p755b8	auto					
TAP-P-000511	P000511	named	M. Kelway-Bamber	32	31	1894	1918	Analytical and Consulting Chemist | author | Acting Secretary, Ceylon Agricultural Society | author of new book on tea										
TAP-P-000512	P000512	surname_pool	Napoleon	32	32	1883	1934	historical figure | Emperor | correspondent | resident of St. Helena										adjudicated MIXED Q517 (medium): Pools Napoleon I (Q517; Emperor, St Helena exile, beet-sugar protection) with Napoleon III (Q7721) surface forms. Historical references.
TAP-P-000513	P000513	named	Oliver Collett	32	28	1896	1928	author of the paper | Member | author | Naturalist, Lower Dikoya										
TAP-P-000514	P000514	named	Paul Wagner	32	29	1885	1925	of Darmstadt | Director of the Agricultural Station at Darmstadt | Director of the Agricultural Research Station at Darmstadt | author of observations on horticulture	Q108682	wd_auto	high							
TAP-P-000515	P000515	named	Thomas Mackie	32	30	1883	1903	Director | seller of Holbrook | shareholder | planter							review			adjudicated NONE  (medium): Thomas Mackie, Dimbula planter/director (Great Western) 1883-1903; candidates (Canadian politician, researchers, actor) do not fit.
TAP-P-000516	P000516	named	W. W. Bailey	32	30	1881	1917	Land purchaser | Chairman | Ceylon planter | author										
TAP-P-000517	P000517	named	William Hooker	32	27	1882	1943	Director of the Royal Botanic Gardens, Kew | Director of Kew | Botanist | Director of Kew Gardens	Q472639	adjudicated	high							adjudicated LINK Q472639 (high): Sir William Jackson Hooker 1785-1865, employer Kew; matches Director of Kew, author of Species Filicum. A 'Dr. Hooker' mention may be J. D. Hooker.
TAP-P-000518	P000518	named	A. Bryans	31	30	1888	1903	P. R. Buchanan & Co. | Director | committee member | member										
TAP-P-000519	P000519	named	A. C. Kingsford	31	25	1891	1924	Chairman | recipient of the letter | Chairman of the P. A. | Chairman, Planters' Association of Ceylon							review			
TAP-P-000520	P000520	named	C. A. W. Cameron	31	29	1882	1904	Chairman | Director | analyst | director										
TAP-P-000521	P000521	named	Donald Mackay	31	31	1885	1908	Director | author | seller | correspondent, Perak							review			adjudicated NONE  (medium): Donald Mackay, Ceylon proprietary planter, Perak correspondent 1885-1908; candidates (admiral d.1850, US architects/banker) do not fit.
TAP-P-000522	P000522	named	E. Ule	31	27	1902	1914	botanist | author | German botanist | assistant-director of the Botanic Gardens of Rio de Janeiro	Q72701	wd_auto	high							
TAP-P-000523	P000523	named	F. R. Tubbs	31	28	1929	1945	Plant Physiologist | Tea Research Institute | Officer | Plant Physiologist candidate										
TAP-P-000524	P000524	named	G. H. Golledge	31	30	1906	1920	correspondent | member | absent member | planter						11124445	link	https://www.historyofceylontea.com/tea-planters/planters-registry/golledge-g-h--11124445.html		
TAP-P-000525	P000525	named	H. A. Alford Nicholls	31	31	1881	1930	author | author of Tropical Agriculture | author of 'Tropical Agriculture' | author of work on Tropical Agriculture	Q27733785	adjudicated+colist_kg	high	kgp_col1924-p926b15	auto					adjudicated LINK Q27733785 (high): Sir Henry Alfred Alford Nicholls 1851-1926, physician/horticulturist in Dominica; matches Dr H. A. Alford Nicholls, author of 'Tropical Agriculture', Dominica.
TAP-P-000526	P000526	named	H. A. Pieris	31	28	1899	1945	Divisional Agricultural Officer, Central | Visitor | visitor | Divisional Agricultural Officer, Central Division										
TAP-P-000527	P000527	named	H. Creasy	31	31	1894	1918	Director | shareholder | subscriber, Colombo | attorney for V. A. Julins					review					
TAP-P-000528	P000528	named	Harry Whitham	31	23	1886	1900	Director | Secretary | director | shareholder										
TAP-P-000529	P000529	named	James Irvine	31	31	1882	1909	author | author of the letter | correspondent, Badulla | correspondent						11113665	link	https://www.historyofceylontea.com/tea-planters/planters-registry/irvine-j--11113665.html		adjudicated NONE  (medium): James Irvine, Uva/Badulla tea planter 1882-1909; candidates (Scottish painter, naval officer, minister) do not fit.
TAP-P-000530	P000530	named	John Russell	31	29	1884	1944	Prime Minister | Correspondent | of Seattle, Washington | Director										adjudicated MIXED Q5321987 (medium): Mostly Sir (Edward) John Russell FRS 1872-1965, Rothamsted (Q5321987; field experiments, soils committee); also pools Lord John Russell, Prime Minister (Q157259).
TAP-P-000531	P000531	named	L. A. Wright	31	31	1892	1929	Member | Estate Superintendent | member | member of the Committee						11123156	link	https://www.historyofceylontea.com/tea-planters/planters-registry/wright-l-a--11123156.html		
TAP-P-000532	P000532	named	Michael Hicks-Beach	31	28	1891	1902	Chancellor of the Exchequer | official | minister in charge of the department | Chancellor of the Exchequer (implied by budget context)	Q332746	adjudicated	high							adjudicated LINK Q332746 (high): Michael Hicks Beach, 1st Earl St Aldwyn 1837-1916, position held Chancellor of the Exchequer; matches Sir Michael Hicks-Beach, Chancellor, tea duty budgets 1891-1902.
TAP-P-000533	P000533	named	T. A. Cockburn	31	29	1886	1901	planter, Rathkelle estate | representative | exhibition conductor | appointed with S. Bierach in conducting the enterprise						11113004	link	https://www.historyofceylontea.com/tea-planters/planters-registry/cockburn-t-a--11113004.html		
TAP-P-000534	P000534	named	V. Ramanathan	31	25	1915	1934	Agricultural Instructor, Jaffna | Agricultural Instructor | Agricultural Instructor, Mannar | Assistant Clerk										
TAP-P-000535	P000535	named	W. B. Kingsbury	31	31	1893	1902	Director | director | shareholder | Chairman							review			
TAP-P-000536	P000536	named	William Saunders	31	27	1884	1908	Department of Agriculture | author | member | author of official report										adjudicated MIXED  (medium): Pools William Saunders of London, Ontario (pyrethrum in Canada; cf. Q8018139, 1836-1914) with Saunders of a US propagating garden (cf. Q6811116) and Ceylon mentions. No single identity.
TAP-P-000537	P000537	named	Charles Gibbon	30	28	1887	1925	Visitor | planter in Panwila | estate owner | estate manager/proprietor						11132513	link	https://www.historyofceylontea.com/tea-planters/planters-registry/gibbon-c--11132513.html		adjudicated NONE  (medium): Charles Gibbon, Panwila/Wattegama cacao planter 1887-1925; candidates (novelist d.1890, peerage stubs) do not fit.
TAP-P-000538	P000538	named	D. T. Richards	30	28	1932	1941	Member of the Board | Board member | Absent member | Chairman, Ceylon Estates Proprietary Association										adjudicated NONE  (medium): D. T. Richards, Chairman Ceylon Estates Proprietary Association, Board member 1932-41; candidate is a bare peerage stub.
TAP-P-000539	P000539	named	David Wilson	30	29	1882	1901	co-introducer of coir fibre machine | owner of estate, Calcutta | late resident of Colombo | late										adjudicated NONE  (medium): David Wilson, Colombo coir-fibre machine co-introducer, estate owner 1882-1901; candidates have no Ceylon link.
TAP-P-000540	P000540	named	F. R. Dias	30	29	1899	1933	member | visitor | Member | Visitor					review					
TAP-P-000541	P000541	named	G. V. Wickramasekera	30	29	1923	1945	Chairman, Paddy Officer | visitor | Visitor | Paddy Officer										
TAP-P-000542	P000542	named	George A. Pilkington	30	29	1894	1904	Director | director | Chairman | shareholder										
TAP-P-000543	P000543	named	George Beck	30	28	1884	1903	planter | Hony. Secy. | Hon. Secy. | correspondent							review			adjudicated NONE  (medium): George Beck, owner of Henfold, Dimbula; Hon. Secy. 1884-1903; candidates are a peerage stub and a modern researcher.
TAP-P-000544	P000544	named	J. Huber	30	26	1900	1917	author | botanist at the Goeldi Museum | author of paper on Sapium | present at the conference	Q4502038	wd_auto	high							
TAP-P-000545	P000545	named	Justus von Liebig	30	28	1884	1939	chemist | German chemist | late chemist, father of Baron Hermann von Liebig | German scientist	Q16571	wd_auto	high							
TAP-P-000546	P000546	named	K. W. Van Gorkom	30	27	1882	1896	author | successor to Junghuhn | author of article on Netherlands India agriculture | Director of the Government Cinchona Cultures										
TAP-P-000547	P000547	named	M. W. Philpott	30	29	1934	1945	Chemist | staff member | Assistant Chemist | Acting Director										
TAP-P-000548	P000548	named	O. W. Barrett	30	28	1908	1937	author | author of the paper | Chief of the Division of Experiment Stations | Bureau of Plant Industry	Q93461180	wd_auto	high							
TAP-P-000549	P000549	named	Percy Bois	30	30	1886	1911	Director | shareholder | recipient of seed | Representing Messrs. Alstons, Scott & Co.										
TAP-P-000550	P000550	named	Robert Macbride	30	28	1884	1904	Observer, Mihintale | Director of Public Works | Member of the Institution of Civil Engineers | official					review					
TAP-P-000551	P000551	named	T. B. Fletcher	30	22	1884	1942	author | entomologist | Colonial Secretary | Imperial Entomologist										
TAP-P-000552	P000552	named	Veterinary Surgeon	30	29	1893	1939	official | left for India on holiday | veterinary surgeon | government officer										
TAP-P-000553	P000553	named	W. C. Ondaatje	30	24	1883	1922	exhibitor | Acting Botanical Superintendent | Colonial Surgeon of Ceylon | botanical worker, Galle, Ceylon				kgp_col1883-p427b20	auto					
TAP-P-000554	P000554	named	W. Milne	30	28	1887	1908	Chairman | exhibitor, North Matale | Exhibitor, Liberian coffee | shareholder by proxy										adjudicated NONE  (medium): William Milne, North Matale cacao/coffee planter 1887-1908; candidate South Australian politician (1822-95) does not fit.
TAP-P-000555	P000555	named	A. Coombe	29	28	1923	1931	Member | member | member of the Committee | absent member										
TAP-P-000556	P000556	named	A. P. Goonatilleke	29	25	1910	1928	member | author | absent member | present										
TAP-P-000557	P000557	named	A. W. S. Sackville	29	27	1891	1899	Chairman | Chairman, Maskeliya Association | member, Maskeliya | Director										
TAP-P-000558	P000558	named	C. A. Leechman	29	27	1894	1897	Director | director | subscriber to memo and articles of association | nominee to Committee of Thirty										
TAP-P-000559	P000559	named	C. J. C. Mee	29	26	1904	1922	member present | Superintendent of the cotton-growing experimental station at Madawachchi | special Assistant | Nominated Member, North-Central Province										
TAP-P-000560	P000560	named	C. Tottenham	29	27	1882	1902	manager, Digalla | proprietor of Monerikande | residence in London | seller of Wattagalla Estate						11112691	link	https://www.historyofceylontea.com/tea-planters/planters-registry/c-tottenham--11112691.html		
TAP-P-000561	P000561	named	G. J. Jameson	29	28	1889	1904	shareholder | Director | signatory of the memorandum and articles | of Messrs. Carson & Co.										
TAP-P-000562	P000562	named	G. S. Duff	29	28	1882	1902	proprietor | Manager of the Oriental Bank | purchaser | seller of Holyrood West							review			
TAP-P-000563	P000563	named	George Kent Deaker	29	27	1887	1931	Director | Committee member | resident, Passara | Member of the Thirty Committee										
TAP-P-000564	P000564	named	H. L. Forbes	29	28	1886	1903	Chairman | author | Chairman and Managing Director | Chairman, Managing Director										
TAP-P-000565	P000565	named	H. M. Stanley	29	26	1885	1940	explorer | author | author of letter | well-known African traveller	Q171421	wd_auto	high							
TAP-P-000566	P000566	named	Henry McCallum	29	26	1908	1941	Governor | Secretary of State | Governor, presided | former official	Q5720760	wd_auto+colist_kg	high	kgp_col1910-p722b20	auto					
TAP-P-000567	P000567	named	J. Clovis de Silva	29	26	1882	1917	purchaser | Committee member | member | Nominated Member, North-Western Province										
TAP-P-000568	P000568	named	J. R. Martin	29	25	1885	1908	author of contribution on cacao cultivation | author of report, Yatthewatte, Matale | reporter to Planters' Association | superintendent of Yattawatte							review			
TAP-P-000569	P000569	named	J. Stewart J. McCall	29	25	1908	1945	Director of Agriculture, Nyasaland | author | Director of Agriculture for Nyasaland | author of report on cotton				kgp_col1921-p875b19	auto					
TAP-P-000570	P000570	named	James E. Mason	29	28	1881	1897	owner of Alpha estate | proprietor of Alpha | of the Alpha estate Taviuni | of the Alpha tea and coffee estate, Taviuni, Fiji				kgp_col1888-p510b4	auto					adjudicated NONE  (medium): Hon. James E. Mason, owner of Alpha estate, Taviuni, Fiji 1881-97; candidate is a modern physicist.
TAP-P-000571	P000571	named	John Lubbock	29	29	1881	1909	author | in the chair | President, read a paper at the British Association | author of paper on bees	Q312503	adjudicated	high							adjudicated LINK Q312503 (high): John Lubbock, 1st Baron Avebury 1834-1913, naturalist/entomologist, MP, Linnean Soc. president; matches Sir John Lubbock Bart./Lord Avebury, papers on ants and bees.
TAP-P-000572	P000572	named	K. Balasingham	29	25	1915	1939	present | attendee | Member | member										
TAP-P-000573	P000573	named	L. De Z. Jayatilleke	29	24	1914	1922	Agricultural Instructor, Kalutara | Agricultural Instructor | present | Inspector of School Gardens										
TAP-P-000574	P000574	named	Old Colonist	29	29	1882	1902	correspondent | author | writer | pseudonym										
TAP-P-000575	P000575	named	P. C. Larkin	29	28	1896	1903	of Toronto | of The 'Salada' Tea Co. | signatory of letter, Toronto | of Toronto, Canada										
TAP-P-000576	P000576	named	P. R. Shand	29	25	1881	1943	visitor | exhibitor | Honorary Secretary of the Nawalapitiya Branch | tea exhibitor							review			adjudicated NONE  (medium): P. R. Shand of Coolbawn, Nawalapitiya planter 1881-1943; candidate is a bare peerage stub.
TAP-P-000577	P000577	named	R. B. Magor	29	27	1882	1906	subscriber | Chairman | director | Director										
TAP-P-000578	P000578	named	S. Bierach	29	27	1894	1896	author | author of letter | on the staff of the Special Commissioner for Ceylon | late of the Ceylon Commissioner's staff, tea business, New York										
TAP-P-000579	P000579	named	S. Elwood May	29	26	1888	1899	president of the Ceylon Planters' Tea Company | manufacturer and exporter | President of the Company | claims to be accredited agent										
TAP-P-000580	P000580	named	V. M. Muttukumaru	29	24	1910	1923	Mudaliyar | Visitor | Unofficial Member, Northern Province | grower										
TAP-P-000581	P000581	named	W. Coombe	29	22	1912	1930	Board member | member | Board Member | absent member										
TAP-P-000582	P000582	named	W. H. G. Duncan	29	28	1885	1921	Director | shareholder | Shareholder | director										
TAP-P-000583	P000583	named	W. L. Kindersley	29	27	1899	1930	Chairman | Government Agent, Central Province | Government Agent | attended the Show				kgp_col1923-p855b3	auto					
TAP-P-000584	P000584	named	W. R. Robertson	29	27	1881	1910	Superintendent of the Government Farms | Superintendent, Government Farms | Agricultural Reporter to the Government of Madras | Superintendent of Government Farms										
TAP-P-000585	P000585	named	A. H. Benson	28	28	1894	1921	author | Director of Fruit Culture | Fruit Expert | Fruit Expert, Queensland										
TAP-P-000586	P000586	named	C. E. Hawes	28	28	1929	1938	Member of the Board | Board member | member of the Committee | member										
TAP-P-000587	P000587	named	E. John	28	28	1881	1899	shareholder | auctioneer | Shareholder | owner of the sale										
TAP-P-000588	P000588	named	E. M. Shattock	28	27	1893	1906	Director | Auditor | auditor | Director, Auditor										
TAP-P-000589	P000589	named	Edmund Woodhouse	28	28	1884	1899	author | correspondent | potential buyer of tea boxes | author of the article							review			
TAP-P-000590	P000590	named	F. Crosbie Roles	28	26	1892	1941	Director | Hony. Treasurer | present at the meeting | delegate appointed in Ceylon										
TAP-P-000591	P000591	named	Forbes Laurie	28	27	1881	1899	correspondent | planter | authority on rubber yield | owner of Libria estate										
TAP-P-000592	P000592	named	G. Mundt	28	27	1886	1898	President | President of the Java Planters' Association | President of the Soekaboemi Agricultural Association | author										
TAP-P-000593	P000593	named	J. A. Wirasinghe	28	22	1903	1919	Mudaliyar of Rayigam korale | Mudaliyar | Gate Mdlr., Western Province | Unofficial Member, Western Province										
TAP-P-000594	P000594	named	J. Munton	28	25	1882	1911	Director | shareholder | Agent & Secretary | Agent and Secretary										
TAP-P-000595	P000595	named	J. Whittall	28	26	1881	1896	Chairman | committee member | sub-committee member | Vice President										
TAP-P-000596	P000596	named	James Collins	28	27	1881	1912	author | author of Report on the Caoutchouc of Commerce | Government Economic Botanist at Singapore | author of cited letter	Q126709750	adjudicated	medium							adjudicated LINK Q126709750 (medium): James Collins, economic botanist and curator (fl.1846-1900), Kew economic botany; matches author of Report on the Caoutchouc of Commerce. Singapore post not in WD.
TAP-P-000597	P000597	named	James Longden	28	26	1881	1912	Governor | Governor of Ceylon | speaker | Governor of the island and its dependencies	Q6142212	colist_kg	high	kgp_col1886-p466b5	auto					
TAP-P-000598	P000598	named	M. S. J. Akbar	28	28	1883	1909	Emperor | emperor | Mughal Emperor | correspondent										
TAP-P-000599	P000599	named	P. B. M. Bandaranayake	28	26	1911	1945	member | Member | Agricultural Instructor, Badulla | Probationary Agricultural Instructor										
TAP-P-000600	P000600	named	P. Carmody	28	23	1898	1920	Government Analyst | Govt. Analyst | Government Analyst, Trinidad | author				kgp_col1899-p491b13	auto					
TAP-P-000601	P000601	named	R. C. Scott	28	28	1881	1945	Chairman, Planters' Association of Ceylon | Director | Member | visitor						11122469	link	https://www.historyofceylontea.com/tea-planters/planters-registry/scott-r-c--11122469.html		
TAP-P-000602	P000602	named	R. L. Proudlock	28	25	1892	1912	Curator | Curator of the Calcutta Garden, Curator of the Government Garden at Ootacamund | Curator of the Government Botanical Gardens, Ootacamund | Mysore										
TAP-P-000603	P000603	named	R. S. Fraser	28	26	1884	1913	importer of silkworm eggs | planter, Kandenuwera and Wariapolla | estate owner | delivered favourable verdict							review			
TAP-P-000604	P000604	named	R. Senior-White	28	20	1915	1936	present | of Suduganga Estate | author of paper on Insect Pests | Member	Q7364625	wd_auto	high							
TAP-P-000605	P000605	named	Ronald Ross	28	24	1892	1930	F.R.S., of the Liverpool Tropical Medicine | Professor of Tropical Medicine | Nobel Laureate | Indian Medical Service	Q102034	wd_auto	high							
TAP-P-000606	P000606	named	T. A. de Mel	28	23	1919	1927	member | member of the Committee | absent | Member of Estate Products Committee										
TAP-P-000607	P000607	named	T. Amarasuriya	28	28	1939	1945	member | Member | member, Low-Country Products Association | Member of the Board	Q15966984	adjudicated	medium							adjudicated LINK Q15966984 (medium): Thomas Amarasuriya 1907-1979, Sri Lankan politician, OBE; matches T. Amarasuriya, Board member, Low-Country Products Association 1939-45. Initial and dates agree.
TAP-P-000608	P000608	named	Thomas Wardle	28	27	1881	1910	English silk dyer | recipient of cocoons, author of 'Wild Silks of India' | manufacturer at Leek, Staffordshire | author of handbook	Q18954621	adjudicated	high							adjudicated LINK Q18954621 (high): Sir Thomas Wardle, English silk dyer and printer 1831-1909; matches silk dyer of Leek, author of 'Wild Silks of India'.
TAP-P-000609	P000609	named	Tom Gibson	28	25	1884	1900	Hon. Secretary | Secretary | donor of plants from Miriasedela | resident					review					adjudicated NONE  (medium): Tom Gibson, Hon. Secretary United Planters' Association Selangor 1884-1900; candidates are rugby players.
TAP-P-000610	P000610	named	W. Burck	28	28	1883	1907	assistant manager of the State Botanical garden at Buitenzorg | Assistant Director of the Buitenzorg Botanic Gardens, Java | Asst. Director | assistant Manager of the Gardens										
TAP-P-000611	P000611	named	W. J. Gallagher	28	26	1908	1938	Government Mycologist | Director of Agriculture, F. M. S. | Government Mycologist, F.M.S. | author in Straits Agricultural Bulletin										adjudicated NONE  (medium): W. J. Gallagher, Govt Mycologist then Director of Agriculture FMS 1908-38; candidates baseball players/journalist.
TAP-P-000612	P000612	named	A. M. Ferguson Jr.	27	23	1882	1892	planter, Abbotsford | present at meeting | sent leaves to Mr. Marshall Ward | correspondent							review			
TAP-P-000613	P000613	named	A. Mahadeva	27	27	1923	1937	absent member | member | Member of the Board | Member										
TAP-P-000614	P000614	named	A. Sharples	27	20	1915	1937	author | researcher | Mycologist, Department of Agriculture, S.S. & F.M.S. | Government Mycologist, Kuala Lumpur				kgp_col1934-p1003b12	auto					
TAP-P-000615	P000615	named	A. T. Karslake	27	27	1881	1902	Kandy | inventor of method for removing cinchona bark | prize winner | Kandy Committee										
TAP-P-000616	P000616	named	Arthur Willey	27	27	1894	1909	Director of the Colombo Museum | author | F.R.S. | Director of the Museum at Colombo	Q15987186	adjudicated	high	kgp_col1912-p798b3	auto					adjudicated LINK Q15987186 (high): Arthur Willey 1867-1942, FRS zoologist, 'director of Colombo Museum, Ceylon'; matches Director of Colombo Museum, editor of Spolia Zeylanica.
TAP-P-000617	P000617	named	C. E. Ford	27	26	1882	1945	Geneticist | Superintendent of the Botanical and Afforestation Department | released for military service | staff member					review					adjudicated MIXED Q23612252 (low): Pools Charles Ford, Supt Botanical and Afforestation Dept Hong Kong (1880s-1900s, not found) with Dr C. E. Ford, geneticist in Ceylon (1930s-40s) = Charles Edmund Ford, cytogeneticist 1912-99?
TAP-P-000618	P000618	named	Charles Darwin	27	26	1881	1939	scientist | author | botanist | author of 'The Formation of Vegetable Mould'	Q1035	adjudicated	high							adjudicated LINK Q1035 (high): Charles Darwin 1809-1882, English naturalist; matches author of 'Formation of Vegetable Mould', coral islands theory, Naturalist's Voyage. Cited author.
TAP-P-000619	P000619	named	F. A. Obeyesekera	27	27	1936	1944	member | Member | former member | former State Council representative on the Board										
TAP-P-000620	P000620	named	F. C. Loos	27	26	1884	1921	Director | Chairman | resident | Shareholder					review					
TAP-P-000621	P000621	named	F. L. Clements	27	26	1886	1909	Director | presiding | respondent to questions | committee member						11114690	link	https://www.historyofceylontea.com/tea-planters/planters-registry/clements-f-l--11114690.html		
TAP-P-000622	P000622	named	Frederic Dunn	27	20	1881	1889	analyst | analyst, Technological Department | Industrial and Technological Museum Laboratory | Government Laboratory										
TAP-P-000623	P000623	named	H. B. Hutchinson	27	21	1904	1940	author | researcher | co-author of the method | conducted Rothamsted experiments										adjudicated NONE  (low): Dr H. B. Hutchinson, Rothamsted researcher 1904-40; candidates (architect d.1831, industrialist, Dean of Barbados) wrong; search found nothing.
TAP-P-000624	P000624	named	H. M. Knight	27	26	1890	1909	Chairman | elected Chairman | requested by Travancore Planters' Association to visit congested districts | Chairman of the Travancore Planters' Association										adjudicated NONE  (medium): H. M. Knight, Chairman Travancore Planters' Association 1890-1909; candidate is a bare peerage stub.
TAP-P-000625	P000625	named	Henry Tod	27	25	1888	1901	Director | director | shareholder | Director, Secretary										adjudicated NONE  (medium): Henry Tod, director Ceylon Tea Plantations Co., London 1888-1901; only candidate a Youngstown OH millionaire.
TAP-P-000626	P000626	named	J. K. Nock	27	26	1903	1922	author | Curator, Hakgala Gardens | reader of paper on Propagation of Plants | next superintendent of Hakgala Gardens										
TAP-P-000627	P000627	named	J. N. Stuart	27	27	1890	1902	member | Chairman | committee member | chairman of the Indian Tea Association										
TAP-P-000628	P000628	named	J. W. C. de Soysa	27	25	1891	1941	exhibitor | Attendee | Member of the Association | employer of vedarāla										
TAP-P-000629	P000629	named	J. W. Minchin	27	26	1881	1899	author of letter | author of paper on fibre plants of India | superintendent of the experiment | manager										
TAP-P-000630	P000630	named	J. W. Moir	27	24	1887	1901	proprietor | company representative | formerly manager of the Lakes Company | resident										
TAP-P-000631	P000631	named	L. Famin	27	24	1886	1903	Director | member of the Board | signatory, 57, Eastcheap, E.C. | Member of the Board										
TAP-P-000632	P000632	named	L. W. Wickramasinghe	27	22	1923	1945	Member | member | Rev. Father | Member of the Board										
TAP-P-000633	P000633	named	M. L. M. Salgado	27	25	1933	1944	Soil Chemist | author | Soil Chemist, Coconut Research Scheme | Soil Chemist, Coconut Research Scheme (Ceylon)										
TAP-P-000634	P000634	named	O. F. Cook	27	26	1902	1938	author | explorer | author of paper on coconut palm origin | botanist in charge of investigations in tropical agriculture										adjudicated MIXED Q1548577 (medium): Mostly Orator Fuller Cook 1867-1949 (Q1548577, USDA botanist; coconut origin, 'Shade in Coffee Culture'); also pools 'Captain Cook' the explorer mentions.
TAP-P-000635	P000635	named	R. W. Harrison	27	25	1902	1912	Director | planter | planter, Klang | manager of the estate							review			
TAP-P-000636	P000636	named	T. H. Hill	27	26	1891	1903	formerly of Matale | Ceylon planter, Pioneer Planter | representative of Weld's Hill estate | author of letter and tables						11118710	link	https://www.historyofceylontea.com/tea-planters/planters-registry/hill-t-h--11118710.html		adjudicated NONE  (medium): T. H. Hill, ex-Matale planter, pioneer planter in Selangor 1891-1903; only candidate an undated peerage stub.
TAP-P-000637	P000637	named	Thistlethwaite Dyer	27	26	1882	1899	official at Kew | Director of Kew Gardens | researcher on Latakia tobacco | of Kew Gardens										
TAP-P-000638	P000638	named	William Somerville	27	27	1889	1932	of the Durham College of Science | Assistant in Fowlie, Richmond & Co. | lecturer on Forestry | Secretary										adjudicated MIXED Q18936315 (medium): Mostly Sir William Somerville 1860-1932 (Q18936315, agriculturist; Durham College of Science, Edinburgh forestry lecturer); also a Ceylon Wm. Somerville (Fowlie, Richmond & Co.).
TAP-P-000639	P000639	named	A. L. Cross	26	24	1891	1902	Director | Kandy Committee | Nuwara Eliya and Kandy | correspondent, Edinburgh										
TAP-P-000640	P000640	named	Alfred Brown	26	25	1891	1902	Managing Director | Chairman | defendant | Defendant and Respondent										adjudicated NONE  (medium): Alfred Brown, Colombo Commercial Co. managing director, Triple Action roller inventor 1891-1902; candidates do not fit.
TAP-P-000641	P000641	named	Barrington Brown	26	24	1888	1899	observer in British Guiana | employed by the Company | gemming expert, visitor to Ceylon | sent out by Syndicate										
TAP-P-000642	P000642	named	C. H. A. Samarakkody	26	19	1917	1930	Gate Mudaliyar | Mudaliyar | Mudaliyar, Western Province | Unofficial Member, Western Province										
TAP-P-000643	P000643	named	C. J. J. van Hall	26	16	1909	1938	author | researcher | author cited | Director of the Institute for Plant Diseases, Buitenzorg	Q21514519	adjudicated	high							adjudicated LINK Q21514519 (high): Constant Johan Jacob van Hall 1875-1947, Dutch botanist/phytopathologist, alias C. J. J. van Hall; matches Director Institute for Plant Diseases, Buitenzorg.
TAP-P-000644	P000644	named	C. J. Scott	26	25	1882	1911	shareholder | director | Director | Ceylon										adjudicated NONE  (medium): C. J. (Clement) Scott, Ceylon shareholder/director 1882-1911; candidate British schoolteacher (1856-1924) does not fit.
TAP-P-000645	P000645	named	F. J. Waring	26	20	1892	1897	Engineer | Chief Resident Engineer, Railway Extension, Ceylon | proposer of railway to Jaffna | advocate of broad gauge railways										
TAP-P-000646	P000646	named	G. C. Walker	26	25	1890	1904	shareholder | Director | director | Shareholder										adjudicated NONE  (medium): G. Chapman Walker, Colombo company director/shareholder 1890-1904; candidates are unrelated George Walkers.
TAP-P-000647	P000647	named	G. Martin	26	23	1923	1934	Superintendent Chemist in London of the Ceylon Rubber Research Scheme | Scientific staff in London of the Ceylon Rubber Research Scheme | researcher | Chemist and Superintendent										adjudicated NONE  (medium): G. Martin B.Sc., A.I.C., London Supt Chemist, Ceylon Rubber Research Scheme 1923-34; candidates (badminton player, mycologists) do not fit.
TAP-P-000648	P000648	named	G. Pandittesekera	26	25	1920	1945	Board member | member | member of the Board | Sub-Committee member										
TAP-P-000649	P000649	named	George Armitage	26	26	1888	1899	Director | shown the specimen | prospector | gold-digger										adjudicated NONE  (medium): George Armitage, Colombo prospector/mineralogist 1888-99; candidates (architect, politician) do not fit.
TAP-P-000650	P000650	named	Graeme Elphinstone	26	26	1887	1914	planter | owner of Waterloo estate | promoter of Ceylon tea in Russia | expected to push on clearings for coffee and tea										
TAP-P-000651	P000651	named	H. L. Van B.	26	26	1888	1919	author | author of the article | author of notes | author/initials										
TAP-P-000652	P000652	named	Henry Tryon	26	22	1895	1928	author | Government Entomologist | Entomologist | Vegetable Pathologist and Government Entomologist, Queensland	Q2882827	wd_auto	high							
TAP-P-000653	P000653	named	J. D. Finch Noyes	26	25	1911	1932	Member of the Board | Board member | Board Member | Member										
TAP-P-000654	P000654	named	J. E. O'Connor	26	25	1882	1903	Director-General of Statistics | Director-General of Statistics to the Government of India | Under Secretary in the Indian Department of Finance and Commerce | author of statistics										adjudicated NONE  (low): J. E. O'Connor C.I.E., Director-General of Statistics, Govt of India 1882-1903; candidates are politicians/judges; search found nothing.
TAP-P-000655	P000655	named	James D. Watson	26	23	1882	1903	author | author of the letter | author of letter | of The Duke Model Estate, Tavoy						11132011	link	https://www.historyofceylontea.com/tea-planters/planters-registry/watson-j-d--11132011.html		
TAP-P-000656	P000656	surname_pool	Lord Curzon	26	25	1899	1929	Viceroy | Viceroy of India | gave lecture to Bengal | visitor	Q271878	wd_auto	high							
TAP-P-000657	P000657	named	M. Berthelot	26	24	1885	1904	scientist | researcher | French chemist | French Minister of Foreign Affairs	Q18425	wd_auto	high							
TAP-P-000658	P000658	named	N. J. Martin	26	20	1910	1925	Unofficial Member, North-Western Province | Member | North-Western Province | land owner										
TAP-P-000659	P000659	named	P. J. Burgess	26	23	1903	1933	author | former Straits Government Analyst | author of the quoted opinions on rubber drying | manager of Bukit Asahan estate										
TAP-P-000660	P000660	named	R. H. Bassett	26	16	1938	1944	Commissioner for the Development of Agricultural Marketing | Commissioner for Development of Agricultural Marketing | Marketing Commissioner | member of the Central Board of Agriculture	Q131689740	wd_auto	high	kgp_col1939-p932b5	auto					
TAP-P-000661	P000661	named	R. H. de Mel	26	19	1941	1945	Member | member | member of the Board | absent member										
TAP-P-000662	P000662	named	S. F. Ashby	26	23	1915	1938	author | researcher | mycologist | Speaker on Red Ring disease	Q21505383	adjudicated	medium							adjudicated LINK Q21505383 (medium): Sydney Francis Ashby 1874-1954, botanist, alias S.F.Ashby; matches S. F. Ashby, mycologist Jamaica/Imperial Bureau of Mycology. WD thin but name and dates fit.
TAP-P-000663	P000663	named	W. H. Treacher	26	26	1883	1912	Governor | Resident-General | Acting Consul-General | addressee	Q1701295	wd_auto+colist_kg	high	kgp_col1914-p825b8	auto					
TAP-P-000664	P000664	named	W. M. Standen	26	26	1891	1904	Director of the Government Cinchona Plantations in Madras | Director | visitor to Java | winner of Tea Essay prize, Naduvattam										
TAP-P-000665	P000665	named	W. Nowell	26	23	1902	1941	author | Mycologist of the Imperial Department | first to observe the association of the nematode with the disease | Director of the Amani Institute				kgp_col1936-p969b16	auto					
TAP-P-000666	P000666	named	William Crookes	26	25	1881	1932	scientist | translator | proposed artificial production of combined nitrogen | eminent agricultural chemist	Q189552	adjudicated	high							adjudicated LINK Q189552 (high): Sir William Crookes, British chemist and physicist 1832-1919, PRS; matches Sir William Crookes, scientist, nitrogen fixation, radiometer inventor.
TAP-P-000667	P000667	named	A. Cantlay	25	22	1884	1903	Director | shareholder | Chairman, Director | Sub-Committee member										
TAP-P-000668	P000668	named	Albert Koebele	25	24	1895	1929	entomologist | imported specimens from California | officer in the Entomological Branch | entomologist, Australia	Q314544	wd_auto	high							
TAP-P-000669	P000669	named	F. M. Bailey	25	24	1883	1909	Colonial Botanist | Government Botanist | read notes on botanical specimens | Colonial botanist	Q2659122	wd_auto	high							
TAP-P-000670	P000670	named	G. A. Cruwell	25	23	1881	1901	planter | author | hunter | Ceylon planter						11114889	link	https://www.historyofceylontea.com/tea-planters/planters-registry/cruwell-g-a--11114889.html		adjudicated NONE  (medium): G. A. Cruwell, Haputale planter and hunter 1881-1901; candidate Gottlieb August Crüwell (Austrian librarian, b.1866) is a different person.
TAP-P-000671	P000671	named	G. A. Joseph	25	22	1895	1919	present | member of the Board | member | Hon. Secretary				kgp_col1914-p744b10	auto					
TAP-P-000672	P000672	named	G. K. Stewart	25	24	1896	1937	Member of the Board | Chairman of the Ceylon Estates Proprietary Association | former Board member | Member representing the Ceylon Estates Proprietary Association										adjudicated UNSURE Q108195420 (low): G. K. Stewart, British businessman item has no dates or details; profile is Chairman, Ceylon Estates Proprietary Association, Board member 1896-1937.
TAP-P-000673	P000673	named	H. C. Byrde	25	16	1891	1909	Planter, Ceylon | Estate proprietor | Planter and merchant in Ceylon; Deputy Lieutenant and J.P. for Co. Monmouth | Commandant of Kandy; 16th Regiment							review			adjudicated MIXED  (low): Pools Lt-Col Henry C. Byrde (Ceylon planter, first Planting Member of LegCo, 16th Regt) and his son; Q18349115 'Henry Byrde' (Lt-Col, Ceylon Defence Force) cannot be assigned to either.
TAP-P-000674	P000674	named	H. Storey	25	25	1897	1933	member | visitor | planter | Manager						11128854	link	https://www.historyofceylontea.com/tea-planters/planters-registry/storey-h--11128854.html		
TAP-P-000675	P000675	named	H. W. Jack	25	15	1921	1940	author | Economic Botanist | Economic Botanist, Department of Agriculture, F.M.S. & S.S. | author of 'Preliminary Report on Experiments with Wet Rice in Krian'				kgp_col1939-p1024b18	auto					
TAP-P-000676	P000676	named	Henry A. Blake	25	17	1890	1941	Governor | Founder | Founder of the Ceylon Agricultural Society | Patron	Q2607896	colist_kg	high	kgp_col1913-p636b20	auto					
TAP-P-000677	P000677	named	J. B. Farmer	25	22	1891	1941	researcher | Professor | botanist | author	Q6223090	wd_auto	high							
TAP-P-000678	P000678	named	J. H. Gilbert	25	18	1886	1935	agricultural chemist | scientist | Principal of the Rangoon College | agricultural scientist, Rothamstead										
TAP-P-000679	P000679	named	J. Hamilton Alston	25	25	1898	1904	Auditor | signatory, 60, Watling-street, E.C.										
TAP-P-000680	P000680	named	J. O. Westwood	25	24	1882	1901	entomologist | author | illustrator | first observed Phylloxera in this country	Q1236294	wd_auto	high							
TAP-P-000681	P000681	named	John Capper	25	22	1885	1899	journalist | Secretary | father-in-law of James H. Hutton | Secretary to the Cattle Disease Commission	Q66361254	wd_auto	high							
TAP-P-000682	P000682	named	L. J. De S. Seneviratne	25	25	1944	1945	Chairman | Acting Director of Agriculture (Chairman) | Director of Agriculture | Acting Director of Agriculture					review					
TAP-P-000683	P000683	named	Martin Wijayanayaka	25	25	1907	1937	Acting Govt. Veterinary Surgeon | for Government Veterinary Surgeon | Government Veterinary Surgeon | Acting Government Veterinary Surgeon										
TAP-P-000684	P000684	named	N. M. Jayasuriya	25	18	1910	1914	Agricultural Instructor | Agricultural Instructor, Southern Province | Agricultural Instructor, S. P. | locum tenens										
TAP-P-000685	P000685	named	Paul Hermann	25	23	1881	1941	botanist | Chief Medical Officer in the Dutch East India Company's service in Ceylon | collector of plants | collector in Ceylon	Q66569	wd_auto	high							
TAP-P-000686	P000686	named	W. E. Davidson	25	24	1885	1941	Mayor of Colombo | Secretary | Honorary Secretary | author of the Administration Report	Q3565744	colist_kg	high	kgp_col1919-p747b11	auto					
TAP-P-000687	P000687	named	A. B. Murray	24	22	1886	1912	Director | shareholder | Director, 33 Renfield Street, Glasgow; and Rosebank, Patrick | director					review					
TAP-P-000688	P000688	named	A. Lehmann	24	20	1899	1912	Agricultural Chemist to the Mysore Government | attendee | Agricultural Chemist to the Government of Mysore | Agricultural Chemist	Q61988298	wd_auto	high							
TAP-P-000689	P000689	named	Alfred Ernest Caldicott	24	20	1899	1904	Observer, Ambanpitiya | Observer, Urubokka | District Engineer of the Public Works Department of Ceylon | Observer, Albampitiya				kgp_col1922-p757b14	auto					
TAP-P-000690	P000690	named	C. H. Z. Fernando	24	24	1919	1938	Member of the Board | Member | Member of Board of Management | Resigned Member	Q98098977	adjudicated	high							adjudicated LINK Q98098977 (high): Charles Hubert Zaleski Fernando (alias C. H. Z. Fernando), Ceylon politician 1892-1973; matches Hon. Mr C. H. Z. Fernando, Board member 1919-38.
TAP-P-000691	P000691	named	C. P. Lounsbury	24	15	1898	1921	Government Entomologist at the Cape | Government Entomologist, Cape Colony | author | official Entomologist at Cape Town	Q5006745	wd_auto	high							
TAP-P-000692	P000692	named	Charles Northway	24	23	1897	1940	exhibitor | planter, Deviturai | rubber planter | rubber planter, Devuturai						11117948	link	https://www.historyofceylontea.com/tea-planters/planters-registry/northway-charles--11117948.html		
TAP-P-000693	P000693	named	F. R. Ellis	24	24	1887	1941	Government Agent of the Western Province | Exhibitor | Government Agent, W. P. | member of Commission	Q16466626	adjudicated+colist_kg	medium	kgp_col1914-p702b11	auto					adjudicated LINK Q16466626 (medium): Francis Robert Ellis 1849-1915, alias F. R. Ellis, residence Sri Lanka; matches F. R. Ellis, Government Agent Western Province. Later mentions retrospective.
TAP-P-000694	P000694	named	F. Summers	24	18	1891	1938	author | Economic Botanist | researcher | manager of the Wai-Weer Station										
TAP-P-000695	P000695	named	F. Yates	24	20	1935	1944	author | statistician on confounded blocks | author of 'Design and Analysis of Factorial Experiments' | author of reference 10										
TAP-P-000696	P000696	named	G. H. Masefield	24	22	1909	1932	member | Member | absent member | attendee										
TAP-P-000697	P000697	named	G. R. Whitby	24	23	1929	1945	member | Member | absent member | Representative of the State Council										
TAP-P-000698	P000698	named	George Greig	24	24	1883	1906	sender of rainfall diagram | Member | Staff in Ceylon | member of the Committee										adjudicated NONE  (medium): George Greig, engineer of Harveston, Maskeliya 1883-1906; candidates (watercolourist d.1867, football manager) do not fit.
TAP-P-000699	P000699	named	Gustav Mann	24	24	1881	1901	Conservator of Forests, Assam | collector | Conservator of Forests | collector, Khasia Hills	Q70799	adjudicated	medium							adjudicated LINK Q70799 (medium): Gustav Mann 1836-1916, German botanist/collector, alias G.Mann; matches Conservator of Forests Assam, Khasia Hills collector. WD lists only Kamerun work.
TAP-P-000700	P000700	named	J. A. Hunter	24	23	1890	1910	shareholder | Chief Manager | member | correspondent on cardamom crops										
TAP-P-000701	P000701	named	J. A. Voelcker	24	19	1885	1924	Consulting Chemist to the Royal Agricultural Society of England | analyst | author of contribution | investigator										
TAP-P-000702	P000702	named	J. B. Cull	24	19	1885	1899	Director of Public Instruction | new Director of Public Instruction | present at meeting | Member of the Association				kgp_col1894-p464b5	auto					
TAP-P-000703	P000703	named	James Mollison	24	24	1893	1917	Superintendent of Farms, Bombay Presidency | Superintendent of Farms in the Bombay Presidency | Superintendent, Government Farms, Bombay | Superintendent of Farms, Bombay										adjudicated NONE  (low): James Mollison, Supt Govt Farms Bombay / Inspector-General of Agriculture India 1893-1917; candidates wrong; search found nothing.
TAP-P-000704	P000704	named	John Douglas	24	21	1883	1922	author | Lieut.-Governor | purchaser in the new Barolin township | Premier of Queensland	Q3181373	colist_kg	high	kgp_col1883-p378b17	auto				adjudicated MIXED but colist_kg has Q3181373	adjudicated MIXED Q16198636 (medium): Mostly Sir John Douglas 1836-1885 (Q16198636, Lt-Governor/acting Governor of Ceylon, KCMG); also pools John Douglas, Premier of Queensland (Q3181373).
TAP-P-000705	P000705	named	Marshall Woodrow	24	23	1882	1922	author | shareholder | Superintendent, Botanical Gardens, Ganesh Khind, Poona | Director of the Bombay Botanical Survey										
TAP-P-000706	P000706	named	O. Warburg	24	23	1888	1911	author | of Berlin | author of communication | author of report	Q62822	adjudicated	high							adjudicated LINK Q62822 (high): Otto Warburg, German botanist 1859-1938, Kolonialwirtschaftliches Komitee, Berlin; matches Dr O. Warburg of Berlin, editor of Tropenpflanzer.
TAP-P-000707	P000707	named	P. MacOwan	24	20	1886	1904	Government Botanist | Government Botanist at the Cape | author, Cape Town Botanic Garden | author										
TAP-P-000708	P000708	named	Percy N. Braine	24	22	1883	1915	author of letter | author of the letter | collector of silk-producing moths | friend, supplier of mulberry plants						11114024	link	https://www.historyofceylontea.com/tea-planters/planters-registry/braine-p-n--11114024.html		
TAP-P-000709	P000709	named	R. A. Bosanquet	24	20	1881	1904	mortgagee | Chairman | shareholder | Director										
TAP-P-000710	P000710	named	Robert Warington	24	23	1882	1912	researcher | working in the Rothamsted Laboratory | author of communication on nitrification | lecturer on production and loss of nitrates	Q18821865	adjudicated	high							adjudicated LINK Q18821865 (high): Robert Warington 1838-1907, agricultural chemist FRS; matches Rothamsted chemist, nitrification research. Father Q18819938 (d.1867) excluded by dates.
TAP-P-000711	P000711	surname_pool	Virgil	24	24	1881	1932	poet | author | author of 'Georgics' | author cited regarding alder boats	Q1398	adjudicated	high							adjudicated LINK Q1398 (high): Virgil, Roman poet (70-19 BC); matches 'author of the Georgics', poet, old agriculturist, cited.
TAP-P-000712	P000712	named	W. S. Bennett	24	24	1885	1903	Director | purchaser | Chairman | owner of Riverside estate							review			adjudicated NONE  (medium): William Stephenson Bennett, owner of Riverside estate, director 1885-1903; candidate is a US coroner.
TAP-P-000713	P000713	named	W. T. Thiselton-Dyer	24	23	1886	1912	Director, Royal Gardens, Kew | Director of the Royal Botanic Gardens, Kew | Director of the Royal Gardens, Kew | author, Royal Gardens, Kew	Q2065240	wd_auto	high							
TAP-P-000714	P000714	named	William Cochran	24	18	1881	1943	author | author cited | developer of binomial and geometric series tests (1937) | author cited (1938)										adjudicated MIXED Q880924 (medium): Dominant: W. G. Cochran, statistician (1909-80) cited 1936-43 for chi-square/series tests. Earlier 'Mr William Cochran' mentions from 1881 are a different man.
TAP-P-000715	P000715	named	William Sabonadiere	24	24	1881	1902	author | planter | author of letter | old planter							review			
TAP-P-000716	P000716	named	A. G. Baynham	23	22	1927	1934	Member of the Board | Board member | reviewer | representative, Planters' Association of Ceylon						11130200	link	https://www.historyofceylontea.com/tea-planters/planters-registry/baynham-a-g--11130200.html		
TAP-P-000717	P000717	named	A. P. Waldock	23	18	1893	1924	member of the Committee | Member | Secretary | exhibitor										
TAP-P-000718	P000718	named	A. T. Sydney-Smith	23	18	1926	1944	member | Member | member of the Committee | member of the Estate Products Committee										
TAP-P-000719	P000719	named	A. V. Richards	23	20	1935	1945	Horticultural Officer | Visitor | visitor | Assistant Horticultural Officer										
TAP-P-000720	P000720	surname_pool	Aberdonensis	23	22	1882	1898	correspondent | author | Ceylon planter settled in Mysore | man employed by another										
TAP-P-000721	P000721	named	C. P. Crispeyn	23	21	1917	1925	Agricultural Instructor | Agricultural Instructor, Kegalle | Kegalle | Committee Member										
TAP-P-000722	P000722	named	Charles Andree	23	22	1897	1928	bee-keeper, Kurunegala | member | bee-keeper, Kurnegala | of Kurunegala										
TAP-P-000723	P000723	named	Edward Hamlin	23	23	1885	1897	author of the letter | correspondent | shareholder | Kandy Committee										adjudicated NONE  (medium): Edward Hamlin, cinchona planter/director (Oriental Bank Estates Co.) 1885-97; candidate is a bare peerage stub.
TAP-P-000724	P000724	named	F. J. de Saram	23	22	1891	1906	Director | shareholder | director | subscriber to memo and articles of association										
TAP-P-000725	P000725	named	Frederick Weld	23	21	1881	1895	Governor of the Straits Settlements | Governor | late Governor of the Straits Settlements | Governor of that Colony	Q328269	wd_auto+colist_kg	high	kgp_col1888-p556b6	auto					
TAP-P-000726	P000726	named	G. H. Withers	23	15	1881	1900	counsel | counsel for plaintiff | Judge | seller				kgp_col1894-p560b12	auto					
TAP-P-000727	P000727	named	G. Romilly	23	22	1886	1903	Chairman | tea planter | Honorary Secretary | Honorary Secretary, Wynaad Planters' Association										
TAP-P-000728	P000728	named	George Allen	23	21	1887	1903	Director | Chairman | chairman of the directors | Director, Chairman										adjudicated NONE  (medium): George Allen, chairman of Ceylon tea companies 1887-1903; candidates (engraver/publisher, US jurist, etc.) do not fit.
TAP-P-000729	P000729	named	H. L. Ludowyk	23	23	1922	1927	Librarian, Department of Agriculture, Ceylon | Librarian, Department of Agriculture | translator | Librarian, Department of Agriculture, Peradeniya										
TAP-P-000730	P000730	named	H. P. Hodgson	23	21	1883	1904	holder of land concession | associated with Bhowani Valley operations | member, proposed amendment | candidate for planting member										
TAP-P-000731	P000731	named	H. Wace	23	22	1895	1912	Chairman | Government Agent | author of Administration Report | Ceylon resident, gift or exchange				kgp_col1905-p723b20	auto					
TAP-P-000732	P000732	named	J. C. Roberts	23	20	1882	1912	of Udugama, assisted with experiments | recipient of wardian cases | donor of seeds or plants | planter, Udagama										
TAP-P-000733	P000733	named	J. G. Baker	23	19	1882	1900	botanist | author | author of essay | author of the review and report	Q730330	wd_auto	high							
TAP-P-000734	P000734	named	J. W. Scott	23	23	1884	1928	member | author | shareholder | Regretted inability to attend										adjudicated NONE  (low): J. W. Scott, Board/Estate Products Committee member; surface forms also pool a 'Professor John Scott'; candidates are US namesakes.
TAP-P-000735	P000735	named	Joseph Banks	23	22	1887	1941	President of the Royal Society | recipient of letter | purchaser of herbarium | suggested cultivating tea plant	Q153408	adjudicated	high							adjudicated LINK Q153408 (high): Sir Joseph Banks 1743-1820, botanist, President of the Royal Society; matches P.R.S., voyaged with Cook, Kew, suggested tea cultivation; cited posthumously.
TAP-P-000736	P000736	named	K. Kanakasabai	23	11	1941	1945	member | Member | Member of the Board | member of the Board										
TAP-P-000737	P000737	named	L. Davidson	23	22	1890	1910	member | member present | Director | Superintendent of the Gikyanakande Tea Estate, Ceylon (Resident Director in Ceyl							review			
TAP-P-000738	P000738	named	O. Hesse	23	21	1881	1906	chemist | author | researcher | chemist who isolated cinchamidine										
TAP-P-000739	P000739	named	P. B. Kapuwatte	23	21	1917	1922	Agricultural Instructor | Agricultural Instructor, Harasbedde | Ratnapura | Instructor, Ratnapura										
TAP-P-000740	P000740	named	Philip Schidrowitz	23	23	1908	1930	author | lecturer | researcher | author of letter	Q16872720	adjudicated	high							adjudicated LINK Q16872720 (high): Philip Schidrowitz 1872-1960, chemist; matches Dr Philip Schidrowitz, rubber chemistry expert and lecturer 1908-30. Rare name, dates fit.
TAP-P-000741	P000741	named	R. Lyell	23	23	1882	1912	committee member | subscriber | member | Member of the Special Committee										
TAP-P-000742	P000742	named	R. Senior White	23	22	1918	1935	member | Hon. Secretary | entomologist | Kachcheri Mudaliyar										
TAP-P-000743	P000743	named	S. C. Fernando	23	18	1882	1941	Secretary, Central Board of Agriculture | Secretary | Administrative Secretary | Committee member										
TAP-P-000744	P000744	named	S. J. F. Dias	23	23	1926	1945	visitor | Visitor | Agricultural Officer, North-Western Division | Acting Propaganda Officer, Department of Agriculture, Ceylon										
TAP-P-000745	P000745	named	Thomas Routledge	23	23	1881	1911	of Sunderland | author | English papermaker | author of pamphlets on bamboo										adjudicated NONE  (low): Thomas Routledge, Sunderland papermaker, bamboo-pulp advocate 1881-1911; only candidate a modern researcher; search found nothing.
TAP-P-000746	P000746	named	W. A. Amarasekera	23	20	1914	1941	Mudaliyar | Mudaliyar, attendee | Hony. Secretary, representative to the Board of Agriculture | regretted inability to attend										
TAP-P-000747	P000747	named	W. H. Johnson	23	22	1881	1914	author | Secretary | director | Curator										adjudicated NONE  (medium): W. H. Johnson, Director of Agriculture Gold Coast / Companhia de Moçambique, rubber author; search found no item. Some mentions may be other Johnsons.
TAP-P-000748	P000748	named	W. H. Verner	23	22	1888	1902	committee member | Attendee | member of the American Tea Committee | Member of the American and Foreign Tea Committee										
TAP-P-000749	P000749	named	William Raitt	23	21	1909	1915	author | chemical engineer and paper fibre expert resident at Bangalore, S. India | author, Bangalore | author of article on bamboo pulp										adjudicated NONE  (medium): William Raitt, chemical engineer/paper fibre expert, Bangalore 1909-15; only candidate a witch-trial-era minister.
TAP-P-000750	P000750	named	William Taylor	23	22	1881	1920	Manager | shareholder | M.D., of the A. B. C. F. M. Mission, Osaka, Japan | commission agent, York-street, Glasgow	Q16466628	colist_kg	high	kgp_col1923-p940b5	auto	11114274	link	https://www.historyofceylontea.com/tea-planters/planters-registry/taylor-w--11114274.html	adjudicated MIXED but colist_kg has Q16466628	adjudicated MIXED  (low): Pools several William Taylors: Ceylon planter (Hapugahaland), Glasgow commission agent, a missionary M.D. in Osaka, 'Sir William Taylor'. No single WD match.
TAP-P-000751	P000751	named	A. Sabapathy	22	21	1918	1924	Member | committee member | Member of Committee | Committee member										
TAP-P-000752	P000752	named	Austin Ekanayake	22	22	1934	1940	Board member | Board Member | member of the Board | Member of the Board of Management										
TAP-P-000753	P000753	named	C. D. V. Georgi	22	13	1923	1943	author | researcher | Chief Research Officer | Asst. Agricultural Chemist, Department of Agriculture, F.M.S. & S.S.										
TAP-P-000754	P000754	named	C. J. Lindsay Nicholson	22	20	1885	1901	Chairman | Director | chairman | shareholder										
TAP-P-000755	P000755	named	C. J. R. Le Mesurier	22	20	1885	1904	Assistant Government Agent of Nuwara Eliya | Ceylon Civil Service | member of a Commission appointed by the New Zealand Government | Assistant Government Agent, Nuwara Eliya, Central Province				kgp_col1886-p464b8	auto					
TAP-P-000756	P000756	named	C. O. Weber	22	21	1902	1914	author | investigator | contributor to the India-rubber Trade Journal | expert who visited Castilloa										
TAP-P-000757	P000757	named	C. V. Brayne	22	21	1907	1936	Government Agent | Assistant Government Agent, and Chairman Mullaitive Agricultural Society | Assistant Government Agent Mullaittivu, Chairman of the Branch Society | A.G.A., Kalutara (Chairman)				kgp_col1933-p850b15	auto					
TAP-P-000758	P000758	named	David Fairchild	22	21	1903	1933	Agricultural Explorer, U.S.A. Department of Agriculture | Agricultural Explorer, U.S. Department | Agricultural Explorer, U. S. A. | Agricultural Explorer in Charge of Foreign Explorations	Q2587580	wd_auto	high							
TAP-P-000759	P000759	named	E. H. Hancock	22	20	1891	1904	Director | director | signatory | valued the estates										
TAP-P-000760	P000760	named	F. C. Fisher	22	14	1884	1913	Government Agent | Acting Conservator | officer | author of Administration Report for 1890										
TAP-P-000761	P000761	named	F. Dornhorst	22	17	1888	1913	Director | counsel | member present | present										
TAP-P-000762	P000762	named	G. E. J. Hulugalle	22	20	1917	1928	visitor | Visitor | Divisional Agricultural Officer | Examiner										
TAP-P-000763	P000763	named	G. L. Acworth	22	19	1892	1904	Hon'ble Mr | Honorary Secretary, Central Travancore Planters' Association | C. Travancore | Chairman of the United Planters' Association of Southern India										
TAP-P-000764	P000764	named	G. W. Robinson	22	15	1887	1944	author | cultivated them at his estate near Berwick | Professor, author of the article | authority on red soil classification										adjudicated NONE  (low): G. W. Robinson, soil scientist (soil classification, Soils) cited 1887-1944; candidates (ship's officer, modern mineralogist) wrong; search found nothing.
TAP-P-000765	P000765	named	H. H. Potts	22	20	1885	1897	Director | member of the Board | retiring director | Director, retired through ill health										
TAP-P-000766	P000766	named	H. Pasteur	22	18	1882	1890	author of letter | author of letter on coffee adulteration | London Broker | Analyst										
TAP-P-000767	P000767	named	Hugh Cleghorn	22	21	1883	1912	Conservator of Forests | author on sand-binding plants | promoted the substance | conservator of the Madras forests	Q5930356	wd_auto	high							
TAP-P-000768	P000768	named	J. A. Rogers	22	18	1924	1944	Superintendent | Superintendent, St. Coombs | visitor | labour manager						11118311	link	https://www.historyofceylontea.com/tea-planters/planters-registry/rogers-j-a--11118311.html		adjudicated NONE  (medium): John A. Rogers, Superintendent St Coombs estate (Tea Research Institute) 1924-44; candidate is a 19th-c. US politician.
TAP-P-000769	P000769	named	J. C. Sanderson	22	21	1886	1901	director | represented by proxy | Shareholder | member of coffee trade committee										
TAP-P-000770	P000770	named	J. Sheridan-Patterson	22	22	1926	1931	member | Member of the Board | Member | member of the Committee										
TAP-P-000771	P000771	named	James Peiries	22	19	1917	1924	member | present | committee member | signatory										
TAP-P-000772	P000772	named	John McEwan	22	21	1893	1915	author | director | attendee | tea importer	Q22674391	adjudicated	high							adjudicated LINK Q22674391 (high): John McEwan, English businessman and tea expert 1855-1924; matches tea importer, director Allynugger Tea Co., author 1893-1915.
TAP-P-000773	P000773	named	Joseph Bosisto	22	17	1881	1888	President of the Victorian Commission | manufacturer of eucalyptus oil | exhibitor | lecturer on Indigenous Vegetation of Australia	Q6281619	adjudicated	high	kgp_col1889-p447b9	auto					adjudicated LINK Q6281619 (high): Joseph Bosisto 1827-1898, druggist, Member of Victorian Legislative Assembly; matches eucalyptus-oil manufacturer, M.P. Melbourne, Victorian Commission.
TAP-P-000774	P000774	named	L. Liotard	22	22	1881	1908	author of memorandum | author of Paper-making materials of India | author of the memorandum | Agricultural Department										
TAP-P-000775	P000775	named	Leslie C. Coleman	22	21	1909	1934	Director of Agriculture in Mysore | author | Mysore Department of Agriculture | State Mycologist										
TAP-P-000776	P000776	named	M. Favier	22	20	1882	1895	retired captain of Engineer corps | inventor of the steaming process | old engineering officer | inventor										adjudicated NONE  (medium): M. Favier, French ex-engineer officer, inventor of rhea-fibre steaming process 1882-95; only candidate a priest (1867-1947).
TAP-P-000777	P000777	named	Montague Jayawickreme	22	12	1934	1940	member | Member | Member of the Board | member of the Board of Agriculture										
TAP-P-000778	P000778	named	Peter Moir	22	21	1882	1903	planter | Director | director | planter, Managing Director of the Rajawella Estates Company							review			
TAP-P-000779	P000779	named	R. B. Downall	22	18	1881	1904	planter | writer | former owner of Haputale estates | planter in Uva							review			
TAP-P-000780	P000780	named	S. Stuart Light	22	18	1926	1932	author | Entomologist, Tea Research Institute | Entomologist, Tea Research Institute of Ceylon | Entomologist										
TAP-P-000781	P000781	named	T. B. L. Moonemalle	22	22	1909	1932	member | Hon'ble | Member | present										
TAP-P-000782	P000782	named	Thomas Lough	22	21	1889	1902	of the Tower Tea Company | Great Tower-street Tea Company | director | agent for Ceylon teas in Paris	Q7791932	adjudicated	high							adjudicated LINK Q7791932 (high): Thomas Lough 1850-1922, Liberal MP; matches Thomas Lough M.P. (West Islington), Tower Tea Company, Ceylon tea agent in Paris.
TAP-P-000783	P000783	named	W. Bobiloff	22	14	1919	1932	author | researcher | Researcher | researcher in Java										
TAP-P-000784	P000784	named	W. Watson	22	20	1885	1907	Inspector, Colonial Bank of N. Z. | author of reply | author | manager of the Colonial Bank of New Zealand at Dunedin										adjudicated NONE  (medium): W. Watson, Inspector, Colonial Bank of New Zealand 1885-1907; candidates (lichenologist, peerage stubs) do not fit.
TAP-P-000785	P000785	surname_pool	Agricola	21	21	1881	1912	correspondent | writer | author | author of letter										adjudicated NONE  (high): 'Agricola' is a correspondent's pen-name, not a person identity; Roman general candidate is wrong.
TAP-P-000786	P000786	named	Alexander William Crichton	21	16	1888	1926	Managing Director | Director | Chairman | chairman of the company										adjudicated UNSURE Q75878821 (low): Alexander William Crichton, barrister (peerage stub, no dates) fits 'barrister, subscriber' and chairman of Britannia estate co., but evidence is thin.
TAP-P-000787	P000787	named	Alexander Wilson	21	21	1884	1939	Chairman | director | chairman | Director										adjudicated NONE  (medium): Sir Alexander Wilson, Chairman Mercantile Bank of India; search found no matching item (candidates are a general, steel executive, etc.).
TAP-P-000788	P000788	named	Alfred Jones	21	20	1895	1912	of Liverpool | chairman of the Liverpool School of Tropical Medicine | Chairman of the School | president of the British Cotton Growing Association	Q4723069	adjudicated	high							adjudicated LINK Q4723069 (high): Sir Alfred Lewis Jones 1845-1909, ship-owner, Liverpool Chamber of Commerce; matches Sir Alfred Jones of Liverpool, Liverpool School of Tropical Medicine chairman.
TAP-P-000789	P000789	named	Arthur Lampard	21	19	1895	1912	correspondent | tea-taster | buyer | author of the letter										
TAP-P-000790	P000790	surname_pool	Bucknall	21	21	1899	1901	Observer, Negombo | observer, Negombo | reporter, Negombo | Observer										adjudicated NONE  (medium): Mr Bucknall, rainfall observer at Negombo 1899-1901; candidate is a painter.
TAP-P-000791	P000791	named	C. P. Anderson	21	20	1891	1924	member | member, Matale Food Production Committee | committee member | The Divisional Irrigation Engineer										
TAP-P-000792	P000792	named	C. Rasanayagam	21	20	1907	1933	Mudaliyar | Mudaliyar, Secretary of the Dumbara Branch | author | source of description					review					
TAP-P-000793	P000793	named	C. W. Horsfall	21	21	1882	1902	correspondent | Manager | sender of sample | planter										adjudicated NONE  (medium): C. W. Horsfall, Ceylon planter, Thirty Committee member 1882-1902; only candidate a peerage stub with no data.
TAP-P-000794	P000794	named	C. W. Meaden	21	17	1894	1904	Manager of the Government Farm, Trinidad | Manager | Manager of the Trinidad Government Farm | reporter on breeding				kgp_col1896-p620b9	auto					
TAP-P-000795	P000795	surname_pool	Carte	21	21	1899	1901	Observer, Kanthalai | observer, Kanthalai | Observer, Kantbalai | Observer										
TAP-P-000796	P000796	named	Clements R. Markham	21	16	1881	1943	author, explorer | author | botanist | authority	Q507802	wd_auto	high							
TAP-P-000797	P000797	named	D. Clouston	21	19	1908	1927	author | Deputy Director of Agriculture, Central Provinces | Deputy Director of Agriculture, Central Provinces and Berar | Director of Agriculture, Central Provinces	Q21176716	wd_auto	high							
TAP-P-000798	P000798	named	E. Gordon Reeves	21	18	1887	1908	author of letter | Speaker | Speaker on introduction of sericulture | applicant for land grant, Kalebokka district										
TAP-P-000799	P000799	named	F. J. Holloway	21	21	1901	1934	author of letter | author of report on Para rubber | planter | acting member						11116983	link	https://www.historyofceylontea.com/tea-planters/planters-registry/holloway-f-j--11116983.html		
TAP-P-000800	P000800	surname_pool	Firminger	21	19	1881	1912	author | author of Manual of Gardening | author of description | author cited regarding jelly										
TAP-P-000801	P000801	named	G. A. Dick	21	20	1881	1906	estate proprietor | plantation owner | Manager of Kirklees and Gampaha | Chairman, Uda, pussellawa Association							review			
TAP-P-000802	P000802	named	G. K. Newton	21	21	1892	1945	Member of the Board | Chairman, Planters' Association of Ceylon | visitor | Member						11130857	link	https://www.historyofceylontea.com/tea-planters/planters-registry/newton-g-k--11130857.html		
TAP-P-000803	P000803	named	G. Pandittesekere	21	19	1914	1942	member | Member | Board Member | Member of the Board										
TAP-P-000804	P000804	named	George Bird	21	16	1885	1911	planter | first of Ceylon Coffee planters | opened lands at Gampola | Planter, Sinnapitia	Q20711817	adjudicated	medium			11132924	link	https://www.historyofceylontea.com/tea-planters/planters-registry/george-bird--11132924.html		adjudicated LINK Q20711817 (medium): George (Samuel) Bird 1792-1857, 'British Army officer and coffee planter'; matches Colonel Bird, first Ceylon coffee planter, Gampola/Sinnapitia. One role refers to his brother.
TAP-P-000805	P000805	named	George L. de Silva	21	19	1922	1935	artist | artist/illustrator | prepared the diagrams for the press | illustrator										
TAP-P-000806	P000806	named	Gordon Frazer	21	20	1888	1906	Director | author of the letter | author of report on China tea samples | leaseholder, subscriber, Colombo										adjudicated NONE  (medium): Gordon Frazer, Colombo director/China tea report author 1888-1906; candidates (Australian engineer, Canadian civil servant) do not fit.
TAP-P-000807	P000807	named	H. A. Tempany	21	20	1910	1941	author | Director of Agriculture, Mauritius | Acting Government Analytical Chemist, and Superintendent of Agriculture for the  | Superintendent of Agriculture for the Leeward Islands				kgp_col1948-p548b17	auto					
TAP-P-000808	P000808	named	H. Wilfarth	21	21	1893	1912	researcher | Principal of the Ducal Agricultural Experimental Station, Bernburg | German investigator | experimenter on leguminous plants	Q1613080	adjudicated	high							adjudicated LINK Q1613080 (high): Hermann Wilfarth 1853-1904, German agricultural chemist, died Bernburg; matches Principal of Bernburg experiment station, Hellriegel's colleague on legumes.
TAP-P-000809	P000809	named	Henry P. Stevens	21	18	1907	1936	author | M.A., F.I.C. | member of the test committee | author of paper on paper supply										
TAP-P-000810	P000810	named	J. P. Obeyesekera	21	15	1919	1945	Member | member | Mudaliyar, Siyane Korale East | Mudaliyar, attendee										
TAP-P-000811	P000811	named	James Caird	21	21	1881	1909	Director | author of pamphlet on the 'Condition of India' | Chairman | presided at the meeting	Q5600885	adjudicated	high							adjudicated LINK Q5600885 (high): Sir James Caird 1816-92, agronomist/statistician, MP; matches Indian famine commissioner, author on 'Condition of India'.
TAP-P-000812	P000812	named	James Inglis	21	21	1881	1908	Commissioner for India | Minister of Public Instruction in New South Wales | Executive Commissioner for India | Commissioner for India to the Melbourne International Exhibition	Q16031724	wd_auto	high	kgp_col1897-p513b16	auto					
TAP-P-000813	P000813	named	L. Wray	21	20	1883	1939	superintendent | reporter on gutta rambong | of Perak | prepared summary for Perak Government	Q126556610	adjudicated	high	kgp_col1905-p731b15	auto					adjudicated LINK Q126556610 (high): Leonard Wray Jr 1852-1942, alias L. Wray, civil servant and museum director in Malaya; matches Curator and State Geologist, Perak.
TAP-P-000814	P000814	named	Leonard Tregay	21	20	1898	1902	Mining Engineer | mining expert | signatory | report author										
TAP-P-000815	P000815	surname_pool	Lord Salisbury	21	21	1885	1900	recipient of report | sent a telegram to the Brazilian Government | head of Ministry | official correspondent										
TAP-P-000816	P000816	surname_pool	Lord Stanmore	21	21	1894	1927	Governor | Speaker in the House of Lords | Chairman, G.C.M.G. | recipient of complaint letter	Q335510	wd_auto	high							
TAP-P-000817	P000817	named	Marcus Fernando	21	16	1906	1941	member of Board of Agriculture | participant in discussion | M.D. | author of paper on cattle breeding	Q6758160	adjudicated	high							adjudicated LINK Q6758160 (high): Sir H. Marcus Fernando, Ceylonese physician-statesman 1864-1936 (same as P000029); matches Dr/Sir, M.D., Board of Agriculture member.
TAP-P-000818	P000818	named	N. A. Cobb	21	19	1891	1941	author | author, The Sheep Fluke | investigator | Author	Q1664295	adjudicated	high							adjudicated LINK Q1664295 (high): Nathan Augustus Cobb 1859-1932, nematologist, worked Sydney/Washington; matches N. A. Cobb, Govt Vegetable Pathologist NSW, Aphelenchus cocophilus.
TAP-P-000819	P000819	surname_pool	Oorloff	21	20	1899	1901	Observer, Vangalachettykulam | Observer, Vangalachettikulam | Observer, Vangalahettykulam | observer, Vangalachettykulam										
TAP-P-000820	P000820	named	Otto Stapf	21	12	1895	1936	author | botanist | identified the grass | identified the grass species	Q78630	wd_auto	high							
TAP-P-000821	P000821	named	P. C. Oswald	21	21	1896	1903	Director | member of the Board | Banker | director										
TAP-P-000822	P000822	named	P. D. Millie	21	21	1881	1901	correspondent | correspondent, Edinburgh | old Ceylon planter | author of letter						11129005	link	https://www.historyofceylontea.com/tea-planters/planters-registry/millie-p-d--11129005.html		
TAP-P-000823	P000823	named	R. Huyshe Eliot	21	19	1895	1918	Director | Hon'ble Member | signatory | Managing Director										
TAP-P-000824	P000824	named	R. W. Ivers	21	18	1885	1930	present at meeting | President of the Society | member of Committee | President										
TAP-P-000825	P000825	named	S. W. Illangakoon	21	19	1918	1927	Mudaliyar | member | attendee, working committee member | beekeeper										
TAP-P-000826	P000826	surname_pool	Tocke	21	21	1892	1901	Observer, Bandarawela | observer, Bandarawela | Observer | forester in Northern Province										
TAP-P-000827	P000827	named	A. B. Attygalle	20	20	1904	1944	Manager, Experiment Station, Wariyapola | Manager, Central Agricultural Station, Wariyapola | Agricultural Instructor | Veyangoda										
TAP-P-000828	P000828	named	A. H. Reid	20	20	1887	1936	member | Member of the Board | absent member | member of the Estate Products Committee										
TAP-P-000829	P000829	named	A. J. Boyd	20	18	1883	1922	author | writer | Editor of the Queensland Agricultural Journal | Editor										adjudicated NONE  (medium): Major A. J. Boyd, Editor Queensland Agricultural Journal 1883-1922; candidates (Canadian candidate, poet d.1636, etc.) do not fit.
TAP-P-000830	P000830	named	A. J. Ewart	20	19	1883	1933	author | Deputy Professor of Botany | Government Botanist and Professor of Botany in the Melbourne University | writer	Q614703	wd_auto	high							
TAP-P-000831	P000831	named	A. J. R. de Soysa	20	18	1894	1926	gold medalist for Cinnamon | exhibitor, palmirah fibre, indian corn, liberian coffee | exhibitor of Best Cow (Cross-bred English) | Committee member	Q28355726	adjudicated	high							adjudicated LINK Q28355726 (high): Alfred Joseph Richard de Soysa b.1869, alias A. J. R. de Soysa, Ceylonese politician; matches Hon. A. J. R. de Soysa, Low-country Member of LegCo, Board member.
TAP-P-000832	P000832	named	A. Orchard	20	20	1894	1902	Director | shareholder | director | shareholder by proxy										
TAP-P-000833	P000833	named	A. Van Starrex	20	19	1882	1910	author of letter | superintendent | shareholder | correspondent										
TAP-P-000834	P000834	named	Andrew Nicol	20	18	1882	1911	planter | pioneer of Rangala | pioneer of coffee and coconut planting, founder of mercantile house in Colombo | Tropical Agriculturist Portrait Gallery, No. VI							review			adjudicated NONE  (medium): Andrew Nicol, pioneer planter, Nicol Cargill & Co., Planting M.L.C. 1882-1911; candidates modern stubs.
TAP-P-000835	P000835	named	B. F. Scherffius	20	20	1914	1936	author | Tobacco Expert | Tobacco Planter | Member										
TAP-P-000836	P000836	named	C. B. Clarke	20	18	1881	1900	botanist | now of Kew | intendant of Mungpo plantation | of the Bengal Education Department	Q2659116	wd_auto	high							
TAP-P-000837	P000837	named	C. J. Donald	20	20	1892	1897	Director | shareholder | Secretary | Shareholder										
TAP-P-000838	P000838	named	E. J. Livera	20	18	1887	1941	Visitor | visitor | Divisional Agricultural Officer, North-Western Division | Divisional Agricultural Officer, North-Western	Q19056540	adjudicated	high							adjudicated LINK Q19056540 (high): E.J. Livera b.1897, Sri Lankan botanist/collector; matches Emil J. Livera, Assistant in Systematic Botany, Divisional Agricultural Officer. Odd 1887 mention aside.
TAP-P-000839	P000839	named	F. H. Price	20	18	1888	1910	Mayor of Colombo | Government Agent | local Civil Service | Assistant Government Agent, Kegalla				kgp_col1913-p766b16	auto					
TAP-P-000840	P000840	named	F. R. Saunders	20	19	1881	1908	Committee member | author of Administration Report | resident in Ceylon | present at demonstration	Q23932719	colist_kg	high	kgp_col1897-p557b7	auto					
TAP-P-000841	P000841	named	F. R. Senanayake	20	17	1913	1925	member of the Committee | Member | member | Member of the Estate Products Committee										
TAP-P-000842	P000842	named	Frank Benton	20	17	1881	1903	author | author of the paper | manipulating a colony of bameras | bee researcher, Cyprus	Q5684445	adjudicated	high							adjudicated LINK Q5684445 (high): Frank Benton, U.S. beekeeper/entomologist 1852-1919; matches American bee researcher of Cyprus/Munich who brought bees to Ceylon.
TAP-P-000843	P000843	named	H. A. Webb	20	16	1903	1933	member of the Board of Agriculture | member | Hon. Secretary | Attendee										
TAP-P-000844	P000844	named	H. E. S. Wickramaratne	20	14	1924	1944	Mudaliyar | Member of the Board | Mudaliyar, absent member | Matara District Agricultural Committee										
TAP-P-000845	P000845	named	Ivor Etherington	20	19	1906	1909	author | photographer | Sub-Editor | attendee										
TAP-P-000846	P000846	named	J. A. Wyllie	20	17	1896	1909	Indian Staff Corps | manager, St. Martins | correspondent | author of letter										
TAP-P-000847	P000847	named	J. Alexander	20	15	1882	1897	shareholder | exhibitor | correspondent | gentleman of the planting community							review			
TAP-P-000848	P000848	named	J. G. F. Marshall	20	20	1882	1913	correspondent, Tavoy | correspondent | author of the letter | author of letter										
TAP-P-000849	P000849	named	J. R. Fairweather	20	17	1889	1909	shareholder | Provisional Director | shareholder, Superintendent of Estates | Director						11121697	link	https://www.historyofceylontea.com/tea-planters/planters-registry/fairweather-j-r--11121697.html		adjudicated NONE  (medium): James R. Fairweather, superintendent of estates/shareholder 1889-1909; candidate is a NZ rural sociologist.
TAP-P-000850	P000850	surname_pool	Kretser	20	17	1898	1901	Observer, Kayts | buyer | Observer, Jaffna | Observer, Elephant Pass										
TAP-P-000851	P000851	named	P. B. Nugawela	20	19	1906	1928	Ratemahatmaya | member | Ratemahatmaya and Diyawadana Nilame | Ratemahatmaya of Harispattu										
TAP-P-000852	P000852	named	Pehr Olsson-Seffer	20	16	1906	1911	author | head of the new Rubber Experiment Station in Mexico | second Vice-President, Rubber Planters' Association of Mexico | speaker on rubber preparation	Q16945419	adjudicated	high							adjudicated LINK Q16945419 (high): Pehr Olsson-Seffer, botanist 1873-1911; matches Dr Olsson-Seffer, director Zacualpa Botanical Station and rubber station, Mexico 1906-11.
TAP-P-000853	P000853	named	R. C. Wright	20	19	1882	1912	purchaser | Director, Deaculla, Maputale | Chairman | Ceylon planter, formerly of Deaculla estate							review			
TAP-P-000854	P000854	named	R. Davidson	20	19	1887	1910	Director | attorney, shareholder | shareholder | shareholder representative							review			
TAP-P-000855	P000855	named	R. T. Baker	20	17	1889	1913	Curator, Technological Museum, Sydney | Assistant Curator and Botanist, Technological Museum | botanist at the Technological Museum | Assistant Curator, Technological Museum, Sydney	Q7329451	wd_auto	high							
TAP-P-000856	P000856	named	Ralph Tatham	20	20	1886	1901	Agent to Arbuthnot & Co. | signatory | Agent, Arbuthnot & Co. | signatory for Alston, Low & Co.										adjudicated NONE  (medium): Ralph Tatham, agent for Arbuthnot & Co., Tellicherry 1886-1901; candidate Ralph Tatham (academic, d.1857) excluded by dates.
TAP-P-000857	P000857	surname_pool	Ramasami	20	20	1883	1898	coolie | typical coolie | worker | eats coffee rats										
TAP-P-000858	P000858	named	Rudolf Gygax	20	18	1884	1899	author of report on ruby matrix | extracted pink dye from coconut husk | author of report | geologist and mineralogist										
TAP-P-000859	P000859	named	S. C. Paul	20	18	1928	1942	Member | member | Member of the Board | attendee	Q7387402	adjudicated	high							adjudicated LINK Q7387402 (high): S. C. Paul, Sri Lankan surgeon 1868-1942; matches Dr S. C. Paul, Board of Agriculture member, Low-Country Products Assoc. chairman 1928-42.
TAP-P-000860	P000860	named	W. G. Freeman	20	20	1894	1933	author | shareholder | Royal College of Science, London | scientific visitor	Q17000443	wd_auto	high	kgp_col1928-p1055b15	auto					
TAP-P-000861	P000861	named	W. J. Smith	20	20	1896	1906	Director | director | elected to the vacancy on the Board | proposed Director							review			
TAP-P-000862	P000862	named	W. Moir	20	20	1892	1913	shareholder | Director | Auditor | agent and secretary										
TAP-P-000863	P000863	named	W. Rowson	20	17	1881	1888	planter | manager | Assistant Superintendent, Government Chinchona Plantations, Niddiwuttum | Assistant Superintendent										
TAP-P-000864	P000864	named	W. S. Lockhart	20	20	1881	1898	member of the Institution of Civil Engineers | inventor of a gem-separator, Mem. Inst. C.E. | inventor | inventor of the Gem-Separator										
TAP-P-000865	P000865	named	William Rollo	20	19	1885	1904	Director | visitor to Ceylon | visiting agent, Ceylon Company, Limited | Visiting Agent of the Ceylon Company							review			
TAP-P-000866	P000866	named	A. A. Bowie	19	18	1893	1935	Member | Hon. Secy. Dimbula P. A. | prize winner, poultry and dogs | purchaser										
TAP-P-000867	P000867	named	A. Bethune	19	19	1890	1915	Director | Superintendent | shareholder | proprietor Madooltenne, Veyangoda										adjudicated NONE  (medium): A. Bethune, proprietor Madooltenne, director 1890-1915; candidate is a Canadian political candidate.
TAP-P-000868	P000868	named	A. C. Attygalle	19	15	1935	1940	Member | member | Member of the Board | member enquiring about Advisory Boards										
TAP-P-000869	P000869	named	A. Godefroy-Lebeuf	19	18	1900	1902	correspondent | author of letter | correspondent, Paris | confrère, Paris										
TAP-P-000870	P000870	named	A. S. Pagden	19	13	1890	1919	Vice-President | Hon. Mr. | Hon'ble | present				kgp_col1921-p903b19	auto					
TAP-P-000871	P000871	named	A. Stephen Wilson	19	19	1882	1910	author | Cryptogamist, independent landed proprietor in Aberdeenshire | author of the letter | researcher on potato-disease and cereal seeds										
TAP-P-000872	P000872	named	A. W. Lushington	19	19	1894	1909	District Forest Officer, Kistna | author | correspondent | Hon. Secretary	Q5483380	wd_auto	high							
TAP-P-000873	P000873	named	Alexander Brown	19	14	1882	1896	took an active part in this operation | Secretary of the Planters' Association | author of Planters' Manual | late, identified with Ceylon Planters' Association							review			adjudicated NONE  (medium): Alexander Brown, coffee planter/estate agent 1845-76, Planters' Assoc. secretary, author of Planters' Manual; candidates do not fit.
TAP-P-000874	P000874	named	Alexander Carlyle	19	19	1885	1897	author quoted | author | author of Autobiography | author of definition of despair										adjudicated MIXED  (low): Mentions are of Thomas Carlyle (author of 'Cromwell', philosopher) plus a stray 'Dr. Alexander Carlyle' (autobiography); candidate Q110193301 (1843-1931) unsupported.
TAP-P-000875	P000875	named	Alexander Hosie	19	19	1884	1912	author | Chinese Consular service | reporter of a tour through Central Sechuen | author of report on journey through Central Tsu-ch'uan	Q18042777	wd_auto	high							
TAP-P-000876	P000876	named	Alexander Moon	19	15	1884	1944	Superintendent | superintendent of the garden | Late indefatigable Botanist, founder of the Garden | botanist, Superintendent of Peradeniya Gardens										
TAP-P-000877	P000877	named	Ambrose Shea	19	18	1890	1901	Governor of the Bahamas | Governor | Governor of the islands | developer of Sisal industry	Q4741868	adjudicated+colist_kg	high	kgp_col1896-p646b7	auto					adjudicated LINK Q4741868 (high): Sir Ambrose Shea 1815-1905, position held Governor of the Bahamas; matches Governor of the Bahamas, sisal industry developer.
TAP-P-000878	P000878	named	C. Driebberg	19	19	1889	1922	Secretary | Superintendent of the School of Agriculture | Superintendent of School Gardens, Colombo | author of letter										
TAP-P-000879	P000879	named	Colman Macaulay	19	18	1882	1902	author | writer | officer of the Bengal Government | deputed to the Chinese Court	Q20991949	adjudicated	medium							adjudicated LINK Q20991949 (medium): Colman Patrick Louis Macaulay 1849-1890, CIE, writer; matches Secretary to Govt of Bengal, deputed to Chinese Court, author. WD thin.
TAP-P-000880	P000880	named	Daniel Hanbury	19	18	1882	1945	author | botanist | botanist who defined the tree | gave full botanical definition of the tree	Q5217417	wd_auto	high							
TAP-P-000881	P000881	named	E. A. Andrews	19	15	1917	1932	author | Entomologist to the Indian Tea Association | Entomologist | Entomologist, Indian Tea Association										adjudicated NONE  (medium): E. A. Andrews, Entomologist, Indian Tea Association 1917-32; candidates are US biologist/philologist named Ethan Allen Andrews.
TAP-P-000882	P000882	named	E. A. Watson	19	15	1881	1893	pioneer of the Pulai range of Johore | proprietor of Woodcote | energetic planting pioneer of Johore | Ceylon planter										
TAP-P-000883	P000883	named	Edward Pettit	19	17	1889	1903	Director | director | shareholder | Director, of the firm of Messrs. E. & A. Deacon										adjudicated NONE  (medium): Edward Pettit, director, of E. & A. Deacon (London) 1889-1903; candidate Q123694898 has no facts.
TAP-P-000884	P000884	named	F. C. Miquel	19	19	1881	1899	botanist | Professor | private contributor | author										
TAP-P-000885	P000885	named	F. Liesching	19	19	1888	1906	Director | shareholder | correspondent | Proctor for Plaintiff and Appellant										
TAP-P-000886	P000886	named	G. A. Gammie	19	18	1887	1924	author | Imperial Cotton Specialist | Cotton Specialist | son of Mr. J. A. Gammie, collector	Q21513729	adjudicated	high							adjudicated LINK Q21513729 (high): George Alexander Gammie, British botanist 1864-1934; matches Imperial Cotton Specialist, Botanical Survey Bombay. Profile also notes his father J. A. Gammie.
TAP-P-000887	P000887	named	Gustav Briegleb	19	19	1888	1894	principal buyer | buyer, Amsterdam | buyer | principal buyer, Amsterdam										
TAP-P-000888	P000888	named	H. St J. Oscar Thompson	19	18	1896	1904	Director | Director retiring | patent holder, Teignmouth, South Devon | of "Jadoo" fame										
TAP-P-000889	P000889	named	H. T. S. Ward	19	16	1899	1913	Director of Irrigation | member | Member of the Board | member of the Board	Q76013970	adjudicated	high		review					adjudicated LINK Q76013970 (high): Henry Thomas Simpson Ward b.1849, 'Director of Irrigation, Ceylon'; matches H. T. S. Ward, Director of Irrigation, Board Vice-President. 'Sir Henry Ward' forms are noise.
TAP-P-000890	P000890	named	Hans Fitting	19	16	1909	1913	researcher | author of 'Physiologische Grundlagen zur Bewertung der Zapfmethoden bei Kautschu | German scientist | author of treatise on rubber tapping										
TAP-P-000891	P000891	named	Harcourt Skrine	19	16	1890	1901	witness, Osborne estate | defendant in previous case | owner of Osborne Estate, Dikoya | potential witness						11114696	link	https://www.historyofceylontea.com/tea-planters/planters-registry/skrine-h--11114696.html		
TAP-P-000892	P000892	named	J. A. Holmes	19	18	1910	1922	Secretary, C. A. E., and Superintendent, E. S. P. | Secretary C. A. E., and Superintendent, E. S. P. | Secretary | Secretary, C. A. E., and Superintendent, Experiment Station, Peradeniya										
TAP-P-000893	P000893	named	J. F. Dickson	19	16	1883	1937	Government Agent of Kandy | Government Agent of the Central Province | C.M.G. | officer	Q22674050	wd_auto	high	kgp_col1886-p431b9	auto					
TAP-P-000894	P000894	named	J. Huntley Thring	19	17	1887	1899	Managing Director | Director | director | subscriber, Alford Castle, Carey, Somersett						11118138	link	https://www.historyofceylontea.com/tea-planters/planters-registry/thring-j-h--11118138.html		
TAP-P-000895	P000895	named	J. P. William	19	19	1881	1910	of Henaratgoda | correspondent | enterprising native gentleman | author of pamphlet on Liberian coffee cultivation										
TAP-P-000896	P000896	named	J. R. Mosse	19	6	1884	1895	Director of Public Works in Ceylon | author of the paper | reader of the Paper | professional man, in charge of large works in Ceylon				kgp_col1877-p399b16	auto					
TAP-P-000897	P000897	named	John Martin	19	16	1885	1909	planter | member of Sub-Committee | planter, Mount Vernon | exile							review			adjudicated NONE  (medium): John Martin, Dimbula estate manager (Mount Vernon) 1885-1909; candidates are US senator/judges.
TAP-P-000898	P000898	named	Joseph Jones	19	19	1884	1921	Curator of the Botanic Station, Dominica | inventor of wood preservation method | curator | co-author of manurial experiments summary				kgp_col1922-p834b16	auto					adjudicated NONE  (medium): Joseph Jones, Curator of the Dominica Botanic Station 1884-1921; search found no matching item.
TAP-P-000899	P000899	named	L. F. Davies	19	19	1889	1902	Director | shareholder | Member | Gow, Wilson, and Stanton										
TAP-P-000900	P000900	named	L. H. Bailey	19	17	1886	1940	author | author of summary | Professor of Horticulture in the Agricultural Department of the United States | Professor at the Agricultural College for Cornell University	Q152366	adjudicated	high							adjudicated LINK Q152366 (high): Liberty Hyde Bailey, U.S. botanist/horticulturist 1858-1954; matches Prof L. H. Bailey, Cornell agricultural college and experiment station.
TAP-P-000901	P000901	named	L. W. Wickremasinghe	19	17	1927	1945	Member | member | Rev. Father | member of the Committee										
TAP-P-000902	P000902	named	M. Nobbe	19	19	1882	1901	Professor | researcher on plant nutrition | authority, Tharand | constructed and used a special plough										
TAP-P-000903	P000903	named	M. S. Ramalingam	19	19	1919	1931	Gate Mudaliyar | Mudaliyar | Chief Mudaliyar | Kachcheri Mudaliyar										
TAP-P-000904	P000904	named	P. Coomaraswamy	19	17	1894	1941	Tamil Member, Legislature | Committee member | Hon. | owner of properties in Negombo and Chilaw districts	Q18646072	adjudicated	high							adjudicated LINK Q18646072 (high): Ponnambalam Coomaraswamy 1849-1906, Ceylon Tamil lawyer-politician; matches Hon. P. Coomaraswamy, Tamil Member of Legislature, coconut proprietor.
TAP-P-000905	P000905	surname_pool	Philpot	19	19	1893	1894	correspondent | author of a letter | signatory of a letter | tea expert										adjudicated NONE  (high): 'Philpot' is a single-name London tea correspondent 1893-94; candidates (NZ entomologist Philpott, surname items) unrelated.
TAP-P-000906	P000906	named	R. Garnier	19	15	1920	1923	member | absent member | member of the Committee | sent regret										adjudicated UNSURE Q47117706 (low): Q47117706 'R. Garnier', mycologist/botanist, no dates; profile R. Garnier is a rubber-representing Estate Products Committee member 1920-23. Role mismatch likely.
TAP-P-000907	P000907	named	R. P. Harding	19	17	1882	1898	Director | Chairman | Chairman, manager (agricultural) in Ceylon | director										
TAP-P-000908	P000908	surname_pool	Raiffeisen	19	19	1906	1928	founder of the loan and savings banks | model for village banks | German reformer | pioneer of co-operation										
TAP-P-000909	P000909	named	Robert Christison	19	16	1882	1895	researcher | eminent physician | address to the Royal Botanical Society of Edinburgh | of Edinburgh, obtained varying results	Q3434803	wd_auto	high							
TAP-P-000910	P000910	named	Solomon Seneviratne	19	17	1894	1914	Hon. Mr. | Atapattu Mudaliyar | Attapattu Mudaliyar | member										
TAP-P-000911	P000911	named	V. Casipillai	19	14	1906	1923	Unofficial Member, Northern Province | Nominated Member, Northern Province | Northern Province | Proctor, Jaffna										
TAP-P-000912	P000912	named	W. Cradwick	19	19	1896	1921	Superintendent of Hope Garden | author of notes on curing cacao | Travelling Instructor | Department of Agriculture, Jamaica										
TAP-P-000913	P000913	named	W. I. Pieris	19	19	1930	1943	Agricultural Assistant | Agricultural Assistant, Rubber Research Scheme (Ceylon) | Staff member | Smallholdings Propaganda Officer										
TAP-P-000914	P000914	named	W. Molegoda	19	18	1909	1945	Agricultural Instructor | Agricultural Officer, Propaganda | Senior Agricultural Instructor, Central Division | visitor										
TAP-P-000915	P000915	named	W. Sandys Thomas	19	19	1882	1908	Chairman, Dimbula Association | member of Sub-Committee | Chairman, Dumbula Association | planter, Lindula										
TAP-P-000916	P000916	named	W. T. Hody Cox	19	18	1881	1888	cinchona planter | author | author of letter | correspondent										
TAP-P-000917	P000917	named	Walter Raleigh	19	19	1882	1930	brought potato to England | explorer | introduced tobacco to England | brought potato from America	Q189144	adjudicated	high							adjudicated LINK Q189144 (high): Sir Walter Raleigh, English statesman/explorer 1552-1618; matches cited as introducer of potato and tobacco, courtier of Elizabeth.
TAP-P-000918	P000918	named	A. A. Wickremasinghe	18	17	1921	1941	member | Member | Proctor, S. C., Kegalle | present										
TAP-P-000919	P000919	named	A. R. T. Gibbon	18	7	1934	1945	member | member of the Board | Member | Member of the Board										
TAP-P-000920	P000920	named	A. V. Chelvanayagam	18	18	1917	1939	Agricultural Instructor | Agricultural Instructor, Trincomalie | Trincomalie | Instructor, Trincomalie										
TAP-P-000921	P000921	named	A. W. Knapp	18	13	1914	1939	author | person to confer on experiments | Chemist of Messrs. Cadbury Bros. Ltd. | Chemist for Cadbury										
TAP-P-000922	P000922	named	Albert Gale	18	18	1883	1902	author | writer on Apiculture | writer | author, Influence of Bees on Crops										
TAP-P-000923	P000923	named	Alfred Moloney	18	14	1887	1904	Governor | Governor of Lagos | author, Governor of the Colony of Lagos | author										
TAP-P-000924	P000924	named	B. F. de Silva	18	18	1931	1942	Member | Board member | Member of the Board | Member of Board of Management										
TAP-P-000925	P000925	named	Bayley Balfour	18	18	1881	1903	botanist | identified the species | author in Annals of Botany | Professor of Botany in Edinburgh University										
TAP-P-000926	P000926	named	C. L. Blume	18	17	1882	1908	botanist | botanist and Inspector of the Civil Medical Service | first Director of the Buitenzorg gardens | celebrated botanist	Q76816	wd_auto	high							
TAP-P-000927	P000927	named	C. M. Hutchinson	18	17	1904	1931	author | Agricultural Bacteriologist | Imperial Agricultural Bacteriologist | Chief Scientific Officer, Indian Tea Association										
TAP-P-000928	P000928	named	C. W. Wardlaw	18	17	1930	1941	author | author of the article | author, Low Temperature Research Station | Low Temperature Research Station, Trinidad	Q5129066	adjudicated	high							adjudicated LINK Q5129066 (high): Claude Wilson Wardlaw 1901-1985, botanist/mycologist, alias C. W. Wardlaw; matches Dr C. W. Wardlaw, Low Temperature Research Station Trinidad.
TAP-P-000929	P000929	named	Campbell Walker	18	14	1881	1908	Conservator of Forests | officer who previously reported on the subject | reporter | Examiner of plantations, 1878										adjudicated UNSURE Q119582876 (low): Campbell Walker item has only a VIAF ID; profile is Major/Col. Campbell Walker, Conservator of Forests, Madras/Nilgiris. Name only.
TAP-P-000930	P000930	named	D. A. Sibthorp	18	17	1881	1889	professional Tea-taster | representative of the Calcutta Tea Syndicate | tea expert, Agent of the Government of India and the Tea Syndicate | author of report on tea trade										
TAP-P-000931	P000931	named	D. F. Shillington	18	18	1885	1901	author | correspondent | author of letter | author of the letter										
TAP-P-000932	P000932	named	F. Macindoe	18	18	1895	1900	shareholder | Director | attorney for G. J. Jameson and signatory | Provisional Director										
TAP-P-000933	P000933	named	G. G. Ross Clarke	18	17	1892	1935	author | letter writer | member | present at meeting										
TAP-P-000934	P000934	named	G. Panditsekere	18	18	1932	1941	Board Member | member | Board member | Member										
TAP-P-000935	P000935	named	H. A. Ballou	18	14	1903	1932	Entomologist | Government Entomologist | Entomologist on the Staff of the Imperial Department of Agriculture | Entomologist on staff of the Imperial Department of Agriculture for the West Ind										
TAP-P-000936	P000936	named	H. A. Gilliat	18	16	1882	1884	author of the letter | author | manager, Peradeniya Estate | planter and speaker						11114472	link	https://www.historyofceylontea.com/tea-planters/planters-registry/gilliat-h-a--11114472.html		
TAP-P-000937	P000937	named	H. A. Hancock	18	17	1891	1903	Director | director | subscriber, 28, Mincing Lane | leading spirit in promotion of Asiatic Produce Company										
TAP-P-000938	P000938	named	H. J. Huxham	18	18	1936	1945	Financial Secretary | Member of the Board | The Hon. The Financial Secretary | The Financial Secretary					review					
TAP-P-000939	P000939	named	H. Lyster Jameson	18	16	1888	1908	lecturer | author of paper on the origin of pearls | Fishery expert | author of paper										
TAP-P-000940	P000940	surname_pool	Herodotus	18	18	1881	1945	historian | Historian	Q26825	adjudicated	high							adjudicated LINK Q26825 (high): Herodotus, Greek historian (c.484-425 BC); profile role historian, cited historically.
TAP-P-000941	P000941	named	J. B. Rorer	18	17	1909	1925	Mycologist, Board of Agriculture, Trinidad | Mycologist to the Trinidad Board of Agriculture | Mycologist to the Board of Agriculture in Trinidad | Mycologist to the Board of Agriculture, Trinidad										
TAP-P-000942	P000942	named	J. L. Hullett	18	15	1883	1896	tea planter, Natal | exhibitor | tea manufacturer | Member of the Legislative Council, Kearsney Estate										
TAP-P-000943	P000943	named	J. Medley Wood	18	18	1887	1913	curator | Curator | Botanic Garden, Durban | curator of the Berea Botanical Gardens	Q1701052	wd_auto	high							
TAP-P-000944	P000944	named	J. Wickwar	18	17	1887	1904	member | donor in the Colony | prize winner | of Nuwara Eliya										
TAP-P-000945	P000945	named	James Anderson	18	17	1885	1904	Shareholder | manager | subscriber | shareholder by proxy										adjudicated NONE  (medium): James Anderson, Ceylon estate acting manager/shareholder 1885-1904; candidates naval officers, poet, missionary.
TAP-P-000946	P000946	named	James Hendrick	18	15	1896	1924	University of Aberdeen | author | analyst | author of bulletin										
TAP-P-000947	P000947	named	Keith Rollo	18	18	1885	1917	Director | director | planter | Shareholder							review			
TAP-P-000948	P000948	surname_pool	Lord Elphinstone	18	16	1882	1941	planter | sugar planter | vice-chairman | late										adjudicated MIXED  (medium): Pools Lords Elphinstone: the Governor of Bombay who owned Ceylon property (13th Lord, Q6231706) and a later Lord (cf. Q8008580, 15th) as planter/vice-chairman.
TAP-P-000949	P000949	named	Louis Pasteur	18	18	1882	1912	scientist | researcher on fungi and fermentation | developer of cattle vaccination process | authority on bacteria	Q529	adjudicated	high							adjudicated LINK Q529 (high): Louis Pasteur, French chemist and microbiologist 1822-95; matches scientist on fermentation, bacteria, silkworm disease.
TAP-P-000950	P000950	named	M. P. Evans	18	17	1881	1903	Director | Chairman | plantation owner | merchant, subscriber and director										
TAP-P-000951	P000951	named	Marco Polo	18	18	1881	1900	traveler | traveller | Venetian traveller | historical figure mentioned										
TAP-P-000952	P000952	named	P. H. Rolfs	18	15	1899	1941	author | pathologist in charge of the Subtropical Laboratory at Miami | Pathologist in charge of the Subtropical Laboratory and Garden | Biologist and Horticulturist to this Station										
TAP-P-000953	P000953	named	P. Ramanathan	18	17	1888	1923	committee member | Member of Committee | Member of the Legislative Council | Member	Q3048077	adjudicated	high	kgp_col1927-p1012b6	auto					adjudicated LINK Q3048077 (high): Sir Ponnambalam Ramanathan 1851-1930, Solicitor-General of Ceylon, Member of LegCo; matches Hon. P. Ramanathan, Solicitor-General, Council member.
TAP-P-000954	P000954	named	R. D. Beeston	18	17	1885	1894	late of the Bengal Army | shipper of produce | sender of Borneo produce samples | author of letter	Q138855792	adjudicated	high							adjudicated LINK Q138855792 (high): Robert Dudley Beeston 1844-95, government official in British North Borneo; matches Capt. R. D. Beeston, North Borneo/Sandakan agent 1885-94.
TAP-P-000955	P000955	named	R. E. Paranagama	18	18	1906	1922	member | Ratemahatmaya | Nominated Member, Central Province, R.M. | Ratemahatmeya of Pata Dumbara										
TAP-P-000956	P000956	named	R. H. Spencer-Schrader	18	13	1936	1945	Member | member | member of the Board | author										
TAP-P-000957	P000957	named	R. O. Iliffe	18	18	1921	1927	Economic Botanist | Economic Botanist, Department of Agriculture, Ceylon | officer of the Department of Agriculture | Acting Divisional Agricultural Officer, Northern Division										
TAP-P-000958	P000958	named	R. P. Macfarlane	18	16	1886	1899	Director | planter, Cannavarella estate | director | recipient of lithograph forms						11112762	link	https://www.historyofceylontea.com/tea-planters/planters-registry/macfarlane-r-p--11112762.html		adjudicated NONE  (medium): R. P. Macfarlane, Uva coffee planter (Cannavarella), director 1886-99; candidate is a Scottish judge d.1880.
TAP-P-000959	P000959	named	Roper Lethbridge	18	17	1887	1904	president | speaker | committee member | Chairman of the Directors	Q7366736	adjudicated	high							adjudicated LINK Q7366736 (high): Sir Roper Lethbridge 1840-1919, MP, barrister, Indologist, ex-Indian Civil Service; matches Sir Roper Lethbridge M.P., letters on tea duties, company chairman.
TAP-P-000960	P000960	named	S. C. Obeysekere	18	13	1899	1918	Vice-President | judge | member present | Member of the Society	Q16030657	adjudicated	high							adjudicated LINK Q16030657 (high): Sir Solomon Christoffel Obeyesekere 1848-1927, Ceylonese politician, Knight; matches Sir S. C. Obeyesekere, Hon., Vice-President Board of Agriculture. Auto-candidate Stanley Obeysekere is wrong.
TAP-P-000961	P000961	named	S. F. Press	18	18	1889	1912	correspondent | author | Editor | Reporter										
TAP-P-000962	P000962	named	S. M. K. B. Madukande	18	13	1934	1939	member | Dissawe | Member | Dissawa										
TAP-P-000963	P000963	named	S. P. Jeffery	18	17	1899	1906	Observer, Avisawella | member of Provisional Committee | Hon. Secretary and Treasurer | member										
TAP-P-000964	P000964	surname_pool	Schweinfurth	18	17	1881	1914	writer from Aden | Cairo | traveller | African traveller	Q63126	wd_auto	high							
TAP-P-000965	P000965	named	Staniforth Green	18	18	1882	1900	shareholder | entomologist | reviser | inspected specimens										
TAP-P-000966	P000966	surname_pool	Sultan Johore	18	18	1887	1938	ruler of Johore | granted concession | owner of ground planted with cinchona | owner of an estate										
TAP-P-000967	P000967	named	T. B. Wood	18	16	1900	1935	author | University of Cambridge | Drapers Professor of Agriculture, and Director of the Animal Nutrition Research  | Professor of Agriculture, Cambridge University	Q21166144	adjudicated	high							adjudicated LINK Q21166144 (high): Thomas Barlow Wood (alias T. B. Wood), Professor of Agriculture Cambridge, FRS, 1869-1929; matches Drapers Professor of Agriculture, animal nutrition.
TAP-P-000968	P000968	named	T. J. Grigg	18	18	1881	1894	author of letter | correspondent | of Theberton | of Theberton, Ambagamuwa										adjudicated NONE  (medium): T. J. Grigg of Theberton, Ambagamuwa planter 1881-94; candidate is an Australian violinist.
TAP-P-000969	P000969	named	T. J. Lawrance	18	18	1888	1903	Director | director | shareholder | representative of Ceylon Produce Company										
TAP-P-000970	P000970	named	Temple A. J. Smith	18	18	1885	1920	Tobacco Expert | Chief Field Officer | writer | judge					review					
TAP-P-000971	P000971	named	Tom Gray	18	18	1881	1902	author | inventor of sifting method | individual who ordered to grow a sucker on coffee stumps | ex-Ceylon resident						11123146	link	https://www.historyofceylontea.com/tea-planters/planters-registry/gray-mrs-t--11123146.html		adjudicated NONE  (medium): Tom Gray, veteran Ceylon planter, Maskeliya pioneer 1881-1902; candidates (painter d.1876, musicians, coach) do not fit.
TAP-P-000972	P000972	named	V. G. Perera	18	18	1891	1923	Agricultural Instructor | student, Class 2 | Paldeniya | Agricultural Instructor, Mahawela										
TAP-P-000973	P000973	named	W. E. Death	18	18	1884	1893	engineer | Engineer and Director, General Fibre Company | present at conference | author of report on fibre profits										
TAP-P-000974	P000974	named	W. Fream	18	18	1891	1924	author | author of 'Elements of Agriculture' | Steven lecturer in the University of Edinburgh | historian of the Rothamsted experiments	Q18762123	wd_auto	high							
TAP-P-000975	P000975	named	W. H. Davies	18	18	1886	1934	Director | of Colombo | arranging tea grades | Shareholder										adjudicated NONE  (medium): W. H. Davies, Colombo tea company director 1886-1934; candidate is the Welsh poet W. H. Davies, no link.
TAP-P-000976	P000976	named	W. H. Gourlay	18	18	1941	1945	Member of the Board | Board Member | member of the Board | Member										adjudicated NONE  (medium): W. H. Gourlay, Board of Agriculture member, Talawakelle 1941-45; only candidate a golfer b.1850.
TAP-P-000977	P000977	named	W. Schlich	18	18	1884	1925	Inspector-General of Forests | Professor of Forestry at the Royal College of Engineering, Coopers-hill | correspondent | Principal Professor of Forestry at Cooper's Hill	Q124937	wd_auto	high							
TAP-P-000978	P000978	named	W. T. Thistlethwaite	18	18	1882	1911	Secretary to Sir Joseph Hooker at Kew Gardens | official at Kew | author of communication on caoutchouc-yielding plants | O.M.G.										
TAP-P-000979	P000979	named	A. Canagasingham	17	17	1924	1939	Member | member | Vanniah Tamblegam | Vanniya Tamblegam										
TAP-P-000980	P000980	named	A. H. Hassall	17	15	1881	1894	analyst | chemist | food analyst | author of quote	Q4134106	wd_auto	high							
TAP-P-000981	P000981	named	A. H. Thompson	17	17	1886	1898	Broker | member present | tea expert | London Tea Broker										adjudicated NONE  (medium): A. H. (Alpin) Thompson, London tea broker, Somerville & Co. 1886-98; candidates are unrelated Thompsons.
TAP-P-000982	P000982	named	A. M. Fernando	17	17	1885	1926	author | candidate | prize winner, Agriculture | late of the School of Agriculture										
TAP-P-000983	P000983	named	A. R. Jeremiah	17	17	1893	1898	recorder | recorder of rainfall | prize student from the Straits Settlements | student at the Agricultural School										
TAP-P-000984	P000984	named	A. Steinmann	17	15	1921	1930	author | Tea Experiment Station, Buitenzorg | lecturer on budding | Proefstation voor Thee at Buitenzorg	Q21609739	adjudicated	high							adjudicated LINK Q21609739 (high): (B.) Alfred Steinmann 1892-1974, botanist, employer Algemeen Proefstation voor den Landbouw; matches Dr A. Steinmann, Tea Experiment Station Buitenzorg 1921-30.
TAP-P-000985	P000985	named	A. W. Hill	17	17	1889	1942	Director of the Royal Botanic Gardens, Kew | representative of the Royal Botanic Gardens, Kew | Assistant Director of Kew | Consulted for appointment	Q2593473	wd_auto	high							
TAP-P-000986	P000986	named	Albin B. Tomkins	17	16	1891	1904	Secretary | shareholder | attendee										
TAP-P-000987	P000987	named	Arthur Birch	17	14	1886	1898	shareholder | Commissioner | attended Ceylon Dinner | former Colonial Secretary	Q4798011	wd_auto+colist_kg	high	kgp_col1888-p440b8	auto					
TAP-P-000988	P000988	named	C. B. Smith	17	17	1882	1904	Director | shareholder | owner of Badulla property | tea estate owner, managing director in England							review			adjudicated NONE  (medium): Christopher Barker Smith, Uva estate owner/managing director 1882-1904; candidates are US politicians.
TAP-P-000989	P000989	named	C. Benson	17	16	1881	1920	Deputy Director of Agriculture | Assistant Director | late Acting Superintendent of Government Farms | Agricultural Reporter to the Government of Madras										
TAP-P-000990	P000990	named	C. J. Magee	17	8	1926	1937	Assistant Plant Pathologist | researcher | author | researcher in Australia										adjudicated NONE  (low): C. J. P. Magee, plant pathologist NSW Dept of Agriculture 1926-37; candidates US politicians etc.; search found nothing.
TAP-P-000991	P000991	named	Channing Esdaile	17	16	1886	1911	planter | proprietor of Verellapattina | author | visitor						11111297	link	https://www.historyofceylontea.com/tea-planters/planters-registry/esdaile-c--11111297.html		
TAP-P-000992	P000992	named	D. I. Evans	17	15	1927	1934	Biochemist | Bio-Chemist | Junior Chemist | Bio-Chemist, Tea Research Institute										adjudicated NONE  (medium): Dr D. I. Evans, Bio-Chemist, Tea Research Institute 1927-34; candidates are unrelated Evanses.
TAP-P-000993	P000993	named	David Thomatis	17	16	1899	1913	author of note in Queensland Agricultural Gazette | inventor of Caravonica Cotton | commentator on rubber study | recommends tapping practices	Q111518598	adjudicated	high							adjudicated LINK Q111518598 (high): David Thomatis 1851-1919, Italian educator and agriculturalist; matches Dr David Thomatis, breeder of Caravonica cotton, Cairns, Queensland.
TAP-P-000994	P000994	named	E. E. Megget	17	11	1924	1935	visitor | Manager, Balangoda Group, Bogawantalawa | member | Visitor										
TAP-P-000995	P000995	named	E. Mathieu	17	13	1897	1926	author | estimated net profit | of Singapore | author/commentator										adjudicated NONE  (medium): E. Mathieu, Supt Govt Plantation Kuala Kangsar, author 1897-1926; candidates are French namesakes.
TAP-P-000996	P000996	named	E. V. Wilcox	17	16	1909	1917	Director of the Hawaii Experiment Station | author | director of the U. S. Agricultural Experiment Station | Director of the local Federal Experiment Station										adjudicated NONE  (low): Dr E. V. Wilcox, Director US Agricultural Experiment Station Hawaii 1909-17; candidates (Connecticut politician, musician) wrong; search found nothing.
TAP-P-000997	P000997	named	Edmund Peiris	17	15	1919	1927	Mudaliyar | Nominated by Food Production Committee, Western Province (Kalutara) | Totamune Mudaliyar | Mudaliyar, Member	Q16227967	adjudicated	medium							adjudicated LINK Q16227967 (medium): Edmund Peiris, 'Ceylonese colonial-era headman and philanthropist'; matches Mudaliyar Edmund Peiris 1919-27. No WD dates; bishop namesake (b.1897) excluded.
TAP-P-000998	P000998	named	F. H. Layard	17	17	1908	1938	member | Member | Board member | Vice-President						11122702	link	https://www.historyofceylontea.com/tea-planters/planters-registry/layard-f-h--11122702.html		
TAP-P-000999	P000999	named	G. D. Austin	17	14	1922	1938	Assistant to Entomologist | Assistant Entomologist | Acting Entomologist | researcher										
TAP-P-001000	P001000	named	G. R. Hilson	17	14	1911	1945	Cotton Specialist to the Government of Madras | Deputy Director of Agriculture, Northern Division | Dy. Director of Agriculture, Northern Division, Bellary | Deputy Director of Agriculture, Northern Division, Madras										
TAP-P-001001	P001001	named	G. S. Saxton	17	17	1887	1919	Government Agent of the North-Western Province | Government Agent | Exhibitor | Author of Administration Report for 1890, Matale				kgp_col1912-p767b9	auto					
TAP-P-001002	P001002	named	Gautama Buddha	17	15	1886	1902	religious figure | figure | founder of Buddhism | subject of a sedent figure										
TAP-P-001003	P001003	named	H. A. Lee	17	12	1889	1945	author | author (1921) | Bureau of Agriculture at Manila | researcher (1921)										adjudicated NONE  (low): H. Atherton Lee, plant pathologist (Manila Bureau of Agriculture, HSPA station) cited 1921+; candidates Korean scientists etc.; search found nothing.
TAP-P-001004	P001004	named	H. F. Parfitt	17	15	1926	1936	Member of the Board | Member | member | absent member										
TAP-P-001005	P001005	named	H. H. Cousins	17	17	1897	1933	Director of Agriculture | author | Director of Agriculture, Jamaica | Agricultural Chemist	Q1608438	wd_auto	high	kgp_col1930-p944b19	auto					
TAP-P-001006	P001006	named	H. H. Rusby	17	16	1886	1910	author | lecturer, New York | scientist, author of account before Academy of Sciences | of New York	Q2611285	adjudicated	high							adjudicated LINK Q2611285 (high): Henry Hurd Rusby 1855-1940, American botanist/pharmacist/explorer; matches Dr H. H. Rusby, New York College of Pharmacy, Bolivia/Amazon.
TAP-P-001007	P001007	named	Harry Jayawardene	17	12	1906	1928	Mudaliyar | Gate Mudaliyar | Mudaliyar, Southern Province | Unofficial Member, Southern Province										
TAP-P-001008	P001008	named	Henry Poett	17	16	1881	1893	planter | ex-Ceylon planter, explorer of the Northern Territory | practical planter | Manager of a coffee and cinchona plantation, Northern Territory										
TAP-P-001009	P001009	named	I. H. Burkill	17	15	1901	1945	author | Reporter on Economic Products in India | botanist | director of the botanical garden in Singapore	Q4084920	wd_auto	high							
TAP-P-001010	P001010	named	J. B. Boussingault	17	17	1896	1937	author | agricultural chemist | experimenter | conducted experiments on salt	Q503318	adjudicated	high							adjudicated LINK Q503318 (high): Jean-Baptiste Boussingault 1801-87, French agricultural chemist/agronomist; matches J. B. Boussingault, plant nutrition and nitrogen experiments; cited posthumously.
TAP-P-001011	P001011	named	J. B. Leslie Rogers	17	17	1881	1904	author | author of the article | Indian tea authority | correspondent										
TAP-P-001012	P001012	named	J. D. Dunlop	17	17	1918	1930	Member | member | Absent member | member of the Estates Products Committee										adjudicated NONE  (medium): J. D. Dunlop, Estate Products Committee member 1918-30; candidates are sportsmen/surgeon.
TAP-P-001013	P001013	named	J. D. Farquharson	17	17	1936	1943	member | Member | Manager, Vogan Estate, Neboda | nominated by the Planters' Association of Ceylon										
TAP-P-001014	P001014	named	J. E. Brown	17	17	1884	1898	Conservator of Forests | Conservator of Forests in South Australia | Conservator of Forests for South Australia | conservator of forests under the South Australian Government	Q15925279	adjudicated	medium							adjudicated LINK Q15925279 (medium): John Ednie Brown 1848-99, silviculturist, JP South Australia; matches J. E. Brown, Conservator of Forests South Australia. A few 'James Brown' mentions may be another man.
TAP-P-001015	P001015	named	J. Everard	17	14	1881	1884	Jury member | juror, agent for Japan tea | chairman of the sub-jury | chairman of the sub-jury on tea										adjudicated NONE  (medium): John Everard, Melbourne tea merchant, juror Melbourne Exhibition 1881-84; candidate is an English architect.
TAP-P-001016	P001016	named	J. F. Wingate	17	14	1885	1889	prize winner | exhibitor | agent for distribution | Ceylon planter										
TAP-P-001017	P001017	named	J. G. Tennekoon	17	13	1910	1922	R.M. | Unofficial Member, North-Western Province | Ratamahatmaya of Hiriyala hatpattu | Ratemahatmaya										
TAP-P-001018	P001018	named	J. J. Willis	17	17	1888	1910	author | author, Harpenden | author of the summary | author of the article										
TAP-P-001019	P001019	named	J. L. Vanderstraaten	17	14	1881	1901	author | author of paper on silkworm rearing | Retired Colonial Surgeon, W.P., and Principal Ceylon Medical College | died at St. Helena				kgp_col1888-p552b19	auto					
TAP-P-001020	P001020	named	J. S. Kennedy	17	14	1926	1938	Director of Irrigation | Acting Director of Irrigation | Divisional Irrigation Engineer, W.D. | Divisional Irrigation Engineer				kgp_col1937-p952b14	auto					adjudicated NONE  (medium): J. S. Kennedy, Director of Irrigation Ceylon 1926-38; candidate John Stodart Kennedy is a zoologist (1912-93), different career.
TAP-P-001021	P001021	named	J. Schweizer	17	10	1927	1938	author | researcher | Author | writer on Erysiphaceae from Java										adjudicated NONE  (low): Dr J. Schweizer, Besoeki Experiment Station Java 1927-38; Q94987043 'J. Schweizer' is an Austrian-lexicon stub, not him.
TAP-P-001022	P001022	named	J. W. Oliver	17	17	1891	1898	author | planter | Conservator of Forests | Conservator of Forests, and Offg. Director of the Forest School, Dehra Dún										
TAP-P-001023	P001023	named	James Emerson Tennent	17	11	1881	1935	author | writer on Ceylon | writer | author of a work on Ceylon										
TAP-P-001024	P001024	named	James Stewart	17	15	1887	1909	author | member | professor | Master-Attendant of Colombo					review					adjudicated NONE  (medium): Capt. James Stewart, Master-Attendant Colombo, pearl fisheries 1887-1909; candidates (missionary, naval officer, diplomats) do not fit.
TAP-P-001025	P001025	named	Jethro Tull	17	17	1894	1925	father of modern husbandry | agricultural writer | farmer in Berkshire | inventor of seed drills										
TAP-P-001026	P001026	named	John Coode	17	14	1884	1897	Chairman | associated with new harbour | present at demonstration | speaker	Q6226989	adjudicated	high							adjudicated LINK Q6226989 (high): Sir John Coode 1816-1892, British civil engineer, KCMG; matches designer of Colombo harbour. Auto-candidate RN officer excluded.
TAP-P-001027	P001027	named	John Dent Young	17	16	1881	1900	translator | correspondent | sender of specimens | of Rosita, Dimbula, formerly of the P. W. D.				kgp_col1879-p470b12	auto					
TAP-P-001028	P001028	named	John Paterson	17	16	1882	1906	Director | shareholder | Shareholder | correspondent										adjudicated NONE  (medium): John Paterson, Ceylon company director 1882-1906; candidates (convict register, Australian paleontologist, etc.) do not fit.
TAP-P-001029	P001029	named	Jules Lepine	17	14	1887	1914	analyst | author | physician | source for mineral constituents removed by coconut trees										
TAP-P-001030	P001030	named	L. B. von Donop	17	16	1881	1888	author | author of the letter | Author of the diary | N. Borneo				kgp_col1890-p562b8	auto					
TAP-P-001031	P001031	named	L. C. Brown	17	16	1882	1917	author | Inspector of Coconut Trees, F.M.S. | Inspector of Coconut Plantations | importer of grass cutter, Glugor										
TAP-P-001032	P001032	surname_pool	Logie	17	17	1883	1903	proprietor | visitor, tin explorer | gentleman known in Ceylon | pseudonym for G. D. Elphinstone										
TAP-P-001033	P001033	surname_pool	Lord Wenlock	17	15	1891	1896	Governor of Madras | Governor | official | Governor of Madras Presidency										
TAP-P-001034	P001034	named	M. H. Thomas	17	17	1881	1911	purchaser | capitalist | tea planter | observer of snake incident						11115310	link	https://www.historyofceylontea.com/tea-planters/planters-registry/thomas-m-h--11115310.html		
TAP-P-001035	P001035	named	M. J. Berkeley	17	15	1887	1900	author of description in Gardeners' Chronicle | authority on mycology | botanist | biologist	Q662338	wd_auto	high							
TAP-P-001036	P001036	named	M. Shanks	17	17	1907	1928	apiculturist | Harbour Works Department | the Society's adviser in Apiculture | working committee member										
TAP-P-001037	P001037	named	North C. Davidson	17	16	1897	1904	sportsman, author of letter | member | Esq. | member present										
TAP-P-001038	P001038	named	P. H. Carpenter	17	15	1885	1938	Chief Scientific Officer | author | Acting Chief Scientific Officer | Lecturer										adjudicated NONE  (medium): P. H. Carpenter, Chief Scientific Officer Tocklai (Indian Tea Association); candidate P. H. Carpenter naturalist d.1891 excluded.
TAP-P-001039	P001039	named	R. C. Wood	17	17	1908	1944	author | Deputy Director of Agriculture, Northern Division, Madras | Deputy Director of Agriculture, Northern Division | artist										adjudicated NONE  (medium): R. Cecil Wood, Deputy Director of Agriculture Madras, ICTA Trinidad 1908-44; candidates (herpetologist, US surgeon, naturalist) do not fit.
TAP-P-001040	P001040	named	R. E. Stubbs	17	11	1913	1935	Colonial Secretary, Vice-President | Colonial Secretary | Officer Administering the Government, Ceylon | Vice-Patron	Q2607987	colist_kg	high	kgp_col1939-p1112b17	auto					
TAP-P-001041	P001041	named	R. S. Duff Tytler	17	17	1892	1898	Honorary Secretary, Pussellawa Association | member | Sabaragamuwa | Rakwana										
TAP-P-001042	P001042	named	Stamford Raffles	17	15	1882	1911	historical figure | Historical figure | explorer | English Governor										
TAP-P-001043	P001043	surname_pool	Student	17	10	1899	1941	statistician | correspondent | referenced in text | author of On Testing Varieties of Cereals										
TAP-P-001044	P001044	named	Thomas Wood	17	15	1890	1903	planter | manager | representing Uva | Manager of Spring Valley Estate							review			adjudicated NONE  (medium): Thomas Wood, Uva pioneer planter, Spring Valley 1890-1903; candidates are unrelated.
TAP-P-001045	P001045	named	V. L. Solomon	17	17	1887	1914	biblical figure | King | Representative (S.A.) | Hebrew King										
TAP-P-001046	P001046	named	W. Bowden Smith	17	14	1892	1901	London Agent | Partner in Sabonadière & Co. | Owner of Ramboda | Planter, Visiting Agent and Merchant, M.L.C., J.P.						11113214	link	https://www.historyofceylontea.com/tea-planters/planters-registry/w-b-smith--11113214.html		
TAP-P-001047	P001047	named	W. H. Bartlett	17	17	1897	1906	Secretary | signatory | purchaser of the plantation | Member present										adjudicated NONE  (medium): W. H. Bartlett, Secretary of a London tea company 1897-1906; candidates (painter d.1854, other painters/photographer) do not fit.
TAP-P-001048	P001048	named	W. R. Matthew	17	17	1919	1925	member | member of the Committee | absent member | Member of Estate Products Committee										
TAP-P-001049	P001049	named	W. R. Tringham	17	17	1889	1901	correspondent | of Nuwara Eliya | deputed by the Assistant Government Agent | planter										
TAP-P-001050	P001050	named	A. A. L. Rutgers	16	16	1917	1929	author | researcher | Director of the General Experimental Station of the A.V.R.O.S. | Director of Het Algemeen Proefstation										
TAP-P-001051	P001051	named	A. B. Griffiths	16	12	1886	1913	author of a treatise on manures | author on manures | conducted experiments on potato disease | author of book on manures										
TAP-P-001052	P001052	named	A. Chevalier	16	14	1908	1929	author | botanist | observer | author of the original note	Q766644	wd_auto	high							
TAP-P-001053	P001053	named	A. Chinniah	16	15	1899	1906	Veterinary Surgeon | author | Veterinary Surgeon, Colombo | Vet. Surgeon										
TAP-P-001054	P001054	named	A. F. Brown	16	15	1890	1912	Conservator of Forests | Deputy Conservator of Forests | committee member | author of the report										adjudicated NONE  (medium): A. F. Brown, Conservator of Forests Ceylon, later Sudan Woods and Forests; candidate is a Scottish industrialist.
TAP-P-001055	P001055	named	A. G. Fraser	16	10	1907	1922	Unofficial Member, Central Province | Central Province | Principal, Trinity College, Kandy | late Lieut.-Governor of Bengal				kgp_col1931-p1017b9	auto					adjudicated MIXED Q4714143 (high): Dominant: Rev. Alec Garden Fraser 1873-1962, Principal Trinity College Kandy, Unofficial Member. Pools his father Sir Andrew H. L. Fraser, Lt-Governor of Bengal (Q4759079).
TAP-P-001056	P001056	named	A. K. Coomaraswamy	16	16	1899	1940	author | of University College, London | worker in laboratory | read a "Note on the Scenery of Ceylon"	Q379589	wd_auto	high							
TAP-P-001057	P001057	named	A. T. Rettie	16	16	1888	1909	Manager of Spring Valley | friend of the author | planter | Manager						11112766	link	https://www.historyofceylontea.com/tea-planters/planters-registry/rettie-a-t--11112766.html		
TAP-P-001058	P001058	named	Albert Kœbele	16	16	1889	1899	entomologist | Assistant Entomologist to the United States Department of Agriculture | Assistant-Entomologist to the United States Department of Agriculture | Entomologist in Hawaii										
TAP-P-001059	P001059	named	Augustus Voelcker	16	13	1884	1904	chemist, London | Consulting Chemist to the Royal Agricultural Society of England | of London | co-operator in experiments	Q4821561	wd_auto	high							
TAP-P-001060	P001060	named	C. Driemberg	16	15	1898	1934	Secretary | Hon. Secretary | Hon. Secy. | Honorary Secretary										
TAP-P-001061	P001061	named	C. Hannen	16	14	1887	1903	Director | Commissioner at Foochow | director | Commissioner of Customs, Foochow										
TAP-P-001062	P001062	named	C. P. Hayley	16	16	1893	1910	member | Vice-President | Director | of Galle										
TAP-P-001063	P001063	named	C. S. Vaughan	16	15	1899	1920	Chairman | Government Agent | Chairman, Central Province | Government Agent, C.P.				kgp_col1921-p954b6	auto					
TAP-P-001064	P001064	named	Cecil Clementi Smith	16	14	1883	1902	Governor of the Straits Settlements | sanctioned railway extension | Trustee for the Debenture Holders | formerly Governor of the Straits Settlements	Q5056012	wd_auto+colist_kg	high	kgp_col1909-p797b9	auto					
TAP-P-001065	P001065	named	Clayton Beadle	16	14	1886	1917	researcher | present at conference | British authority on wood pulp | provided patent specifications	Q52149604	adjudicated	high							adjudicated LINK Q52149604 (high): Clayton Beadle 1868-1917, English chemist; matches viscose inventor, wood-pulp authority. 'Major-General Beadle' forms are noise.
TAP-P-001066	P001066	named	D. D. Cunningham	16	15	1883	1902	makes vegetable blights a special study | expert | investigator of potato blight | Professor of Physiology in the Medical College, Calcutta										
TAP-P-001067	P001067	named	D. Sandmann	16	15	1908	1910	author | author of the article | writer, sent by German Colonial Office to study rubber industry | expert, German Colonial Office										
TAP-P-001068	P001068	named	David Crole	16	13	1897	1909	author | lecturer | lecturer, expert chemist, former tea planter in Assam | lecturer, author of paper on tea chemistry										adjudicated NONE  (medium): David Crole, ex-Assam planter, author of 'Tea: a Text-book', lecturer 1897-1909; only candidate a modern researcher.
TAP-P-001069	P001069	named	Donald Ferguson	16	15	1897	1909	reader of the paper | correspondent | translator | author of source text										adjudicated NONE  (medium): Donald Ferguson, translator and Ceylon Observer writer (Croydon) 1897-1909; search found no item.
TAP-P-001070	P001070	named	E. J. Buultjens	16	16	1912	1927	member | Plant Pest Inspector | new member | Proctor, member										
TAP-P-001071	P001071	named	E. J. Thwaites	16	11	1882	1922	exhibitor | predecessor | exhibitor of garden annuals | prize winner										
TAP-P-001072	P001072	named	E. Maberley Byrde	16	14	1891	1927	member | absent member | Government Agent | member of the Committee										
TAP-P-001073	P001073	surname_pool	Edge	16	16	1899	1901	Observer, Chadaiyantalawa | Observer | Observer, Irrakkamam | Observer, Chadaiyanatalawa										adjudicated NONE  (medium): 'Mr Edge', rainfall observer, Eastern Province 1899-1901; candidates are artists/browser/wrestler.
TAP-P-001074	P001074	named	F. G. Spring	16	16	1912	1927	author | Agriculturist, F.M.S. | Superintendent, Government Plantations, F.M.S. | conducted experiments on girth measurements				kgp_col1932-p1044b8	auto					
TAP-P-001075	P001075	named	F. L. Engledow	16	14	1926	1939	author | Chairman of Committee on Recruitment, Training and Interchange of Workers | author of yield trials | Chairman, Recruitment, Training and Interchange of workers										
TAP-P-001076	P001076	named	F. Moore	16	10	1882	1932	entomologist | author | of the Bethnal-green Museum | Assistant Curator of the East India Company's Museum	Q2499856	adjudicated	high							adjudicated LINK Q2499856 (high): Frederic Moore 1830-1907, entomologist, author of 'Lepidoptera of Ceylon' (P50); matches F. Moore, Asst Curator East India Company Museum.
TAP-P-001077	P001077	named	G. W. R. Campbell	16	14	1882	1897	attendee | ex-Ceylon resident | potential investor | shareholder				kgp_col1883-p366b9	auto					
TAP-P-001078	P001078	named	George Hamilton	16	16	1881	1901	Secretary of State for India | Hon. George Hamilton, son of Lord Some-one | politician | chairman of Currency Committee	Q333628	wd_auto	high							
TAP-P-001079	P001079	named	Giles Walker	16	14	1882	1903	observer at Bogawantalawa | provider of statistics | observer of stars and temperature | authority on coffee cultivation						11119371	link	https://www.historyofceylontea.com/tea-planters/planters-registry/walker-g--11119371.html		adjudicated NONE  (medium): Giles Walker, Bogawantalawa planter, Planters' Assoc. chairman 1882-1903 (cf. P000170); candidates peerage stub, film director.
TAP-P-001080	P001080	named	H. Nevill	16	12	1882	1922	C.C.S. | Ceylon Civil Service | donor of seeds or plants | Source of plants										
TAP-P-001081	P001081	named	H. O. Hoseason	16	16	1887	1908	Director | management of estate | committee member | Member of the Thirty Committee						11111541	link	https://www.historyofceylontea.com/tea-planters/planters-registry/hoseason-h-o--11111541.html		
TAP-P-001082	P001082	named	H. T. Brooks	16	10	1887	1899	Chairman | merchant, subscriber | merchant | exhibitor										
TAP-P-001083	P001083	named	Hew Kennedy	16	13	1909	1928	member | winner | member of Show Committee | committee member										
TAP-P-001084	P001084	named	Horace Plunkett	16	15	1898	1933	Chairman, M.P. | founder of the Irish Agricultural Organisation Society | Restorer of agriculture in Ireland | started the co-operative movement in Ireland	Q3140471	wd_auto	high							
TAP-P-001085	P001085	named	J. A. Froude	16	13	1886	1903	author | writer | historian | visited the valley in 1886										
TAP-P-001086	P001086	named	J. A. Henderson	16	14	1889	1903	Director | elected Hon. Secretary | signatory | representative of a firm										adjudicated NONE  (medium): James A. Henderson, Colombo merchant, Thirty Committee member 1889-1903; candidate is a bare peerage stub.
TAP-P-001087	P001087	named	J. C. Harvey	16	16	1900	1915	rubber planter, Mexico | planter | of "Buena Ventura" Plantation, Isthmus of Tehuatenpec | describer of the new pine variety										
TAP-P-001088	P001088	named	J. C. Ratwatte	16	16	1914	1931	donor of prize | Dissawe | owner of Mahayaya property | present										adjudicated UNSURE Q16931553 (low): J. C. Ratwatte II, Sri Lankan politician, no dates; profile is J. C. Ratwatte Dissawa, prize donor 1914-31. Ratwatte family has several J. C.s.
TAP-P-001089	P001089	named	J. C. Umney	16	16	1891	1915	author | author of paper on citronella oil | examined commercial samples of oil | author of article in Chemist and Druggist										
TAP-P-001090	P001090	named	J. E. Holdsworth	16	14	1882	1903	son of a member of Osborne, Bauer & Cheeseman | of Sandhurst | naturalist | transported specimens										
TAP-P-001091	P001091	named	J. P. Williams	16	14	1881	1902	missionary | gum, resins, and wax, Heneratgoda | seedsmen at Henaratgoda | seedsman, Henaratgoda										adjudicated NONE  (medium): J. P. Williams, seedsman of Henaratgoda (plus a missionary 'Rev. John Williams'); candidate Q126038984 has no facts.
TAP-P-001092	P001092	named	J. W. Hockin	16	15	1882	1898	Honorary Secretary | Secretary, Planting Member | planter of Vayitiri, South Wynaad | speaker at meeting										
TAP-P-001093	P001093	named	K. Ramiah	16	9	1923	1943	author | researcher | Paddy Specialist | investigator										adjudicated UNSURE Q16007650 (medium): K. Ramiah (b.1892), described as Indian writer/Rajya Sabha member; profile is K. Ramiah, paddy specialist (rice geneticist). Plausible same man; WD has no agriculture link.
TAP-P-001094	P001094	named	Karoly Furdö	16	16	1881	1892	correspondent | author of letter | author of a letter | author of the letter										
TAP-P-001095	P001095	named	L. W. Booth	16	16	1900	1912	Nominated Member, Western Province | Member of the Board | member of the Board | Government Agent, of the Province of Sabaragamuwa				kgp_col1917-p705b15	auto					
TAP-P-001096	P001096	named	M. Bremer	16	15	1882	1927	author of letter | Author of letter | recipient of letter | Director										
TAP-P-001097	P001097	surname_pool	Marquis Salisbury	16	16	1887	1900	recipient of report | recipient of trade report | directing the response | recipient of letter										
TAP-P-001098	P001098	named	Maxwell T. Masters	16	16	1881	1902	author | author of 'Plant Life' | botanist | expert on the specimen	Q787355	wd_auto	high							
TAP-P-001099	P001099	named	N. H. W. Dulling	16	9	1938	1944	Chairman, Planters' Association of Ceylon | visitor | vice Chairman, Planters' Association of Ceylon | Member, Vice-Chairman, Planters' Association of Ceylon										
TAP-P-001100	P001100	named	Norman Stewart	16	15	1889	1903	Director | Member of the Board | member of the Board | planter						11117037	link	https://www.historyofceylontea.com/tea-planters/planters-registry/stewart-norman--11117037.html		adjudicated NONE  (medium): Norman Stewart, Uva planter/director, Board member 1889-1903; candidates are a film director, basketballer, peerage stub.
TAP-P-001101	P001101	named	P. Playfair	16	16	1884	1902	author of the letter | Calcutta | author of letter on Tea and Exchange | author of letter to Indian Currency Association										
TAP-P-001102	P001102	surname_pool	Queen Elizabeth	16	15	1881	1937	historical figure | reign during which a pearl was valued | monarch during Drake's cruises | Monarch	Q7207	adjudicated	high							adjudicated LINK Q7207 (high): Elizabeth I of England, Queen 1558-1603; matches 'Good Queen Bess', monarch during Drake's cruises; historical references.
TAP-P-001103	P001103	named	R. C. Proctor	16	16	1908	1931	speaker in discussion | member | of Chilaw | participant in experiments at Chilaw										
TAP-P-001104	P001104	named	R. MacLure	16	16	1886	1909	correspondent | respondent to questions | Hon. Secy., M. F. C. | author of letter										
TAP-P-001105	P001105	named	Richard Temple	16	16	1881	1908	participant in discussion | President of the Richmond Athenæum | chair | Chairman	Q3431266	adjudicated	medium							adjudicated LINK Q3431266 (medium): Sir Richard Temple 1st Bt 1826-1902, Indian Civil Service, MP; matches Sir Richard Temple, Bart., M.P., forestry authority. A few 'Col.'/'Acting-Consul Temple' mentions are other men.
TAP-P-001106	P001106	named	S. C. Harland	16	15	1919	1940	author | researcher | D.Sc. (London), F.L.S. | scientist										
TAP-P-001107	P001107	named	S. K. Thuraisingham	16	13	1935	1945	Divisional Agricultural Officer, Central Division | Technical Assistant, Department of Agriculture | Agricultural Officer, Jaffna | Sub-Divisional Agricultural Officer, Jaffna										
TAP-P-001108	P001108	named	Samuel Pepys	16	16	1887	1912	diarist | author of Diary | author of diary entries on tea | writer	Q106143	adjudicated	high							adjudicated LINK Q106143 (high): Samuel Pepys 1633-1703, diarist and Admiralty administrator; matches author of Diary entries on tea, of the Admiralty.
TAP-P-001109	P001109	named	Sandy Brown	16	15	1881	1903	planter | character in the Planters' Manual | life and soul of the Association | Visiting Agent										
TAP-P-001110	P001110	named	T. S. Grigson	16	15	1892	1906	shareholder | Director | of Messrs. Geo. Stewart & Co. | chairman										
TAP-P-001111	P001111	named	W. A. Tytler	16	15	1886	1914	author | correspondent | author of letter | observer and writer										
TAP-P-001112	P001112	named	W. A. Udugama	16	15	1923	1933	Ratemahatmaya, Matale South | Ratemahatmaya | Ratemahatmaya, South | Adigar, member of the Board										
TAP-P-001113	P001113	named	W. J. Allen	16	16	1888	1925	author | Fruit Expert | The Fruit Expert | writer										adjudicated NONE  (medium): W. J. Allen, Fruit Expert, NSW Department of Agriculture 1888-1925; candidates are stubs.
TAP-P-001114	P001114	named	W. R. Bibile	16	10	1906	1919	Ratemahatmaya | R.M., Province of Uva | Unofficial Member, Province of Uva | reporter on Kiushu and Honduras Paddy										
TAP-P-001115	P001115	named	W. Saville-Kent	16	15	1889	1903	Commissioner of Fisheries | informed by a curer | Late Commissioner of Fisheries to the Governments of Queensland and Western Aust | Late Commissioner of Fisheries, Tasmania, Victoria, Queensland, and Western Aust										
TAP-P-001116	P001116	named	W. Sinclair	16	16	1896	1921	member | Chairman, Cardamom Committee, Kandy | member of sub-Committee | committee member										
TAP-P-001117	P001117	named	William Ramsay	16	11	1898	1925	chemist | consultant | great chemist | author										adjudicated MIXED Q950726 (medium): Dominant: Sir William Ramsay, Scottish chemist 1852-1916, University College London (argon). Surface forms also pool Sir William Tilden, another chemist.
TAP-P-001118	P001118	named	A. C. White	15	14	1889	1901	partner in Colombo firm | purchaser | proprietor | seller						11112363	link	https://www.historyofceylontea.com/tea-planters/planters-registry/white-a-c--11112363.html		
TAP-P-001119	P001119	named	A. H. Thomas	15	12	1885	1908	correspondent | planter | contractor | friend										
TAP-P-001120	P001120	named	A. J. Stephens	15	12	1881	1901	expert on coffee leaf disease | formerly of Ceylon | Assisted Dr. McGregor in experiments | planter, Alpha Estate						11115793	link	https://www.historyofceylontea.com/tea-planters/planters-registry/stephens-a-j--11115793.html		
TAP-P-001121	P001121	named	A. S. Long-Price	15	15	1913	1922	member | absent member | Member | Absent										
TAP-P-001122	P001122	named	A. Staines Manders	15	14	1908	1915	Organising Manager | Editor of the Rubber, Cotton, Fibres, etc., Handbook | Manager of the International Rubber and Allied Trades Exhibition, London | manager of the Exhibition										
TAP-P-001123	P001123	named	A. Y. Daniel	15	15	1886	1908	auctioneer | Auctioneer | Auctioneer and Commission Agent | Judge										
TAP-P-001124	P001124	named	Archibald Colquhoun	15	14	1883	1891	author | author of 'Across Chryse' | author of paper on journey | author of paper on 'Condition of China'	Q1960581	adjudicated	high							adjudicated LINK Q1960581 (high): Archibald Ross Colquhoun 1848-1914, engineer/journalist/colonial administrator, Founder's Medal; matches author of 'Across Chryse', China traveller.
TAP-P-001125	P001125	named	Arnold Theiler	15	12	1912	1939	researcher | Director of Veterinary Education and Research, South Africa | researcher in South Africa | pioneer in mineral deficiency research	Q119270	wd_auto	high							
TAP-P-001126	P001126	named	B. Horsburgh	15	15	1909	1930	Government Agent of the Province | committee member | Government Agent, N.P. | member of the Board				kgp_col1923-p841b6	auto					
TAP-P-001127	P001127	named	B. Ribbentrop	15	15	1886	1902	author | Inspector-General of Forests | correspondent | Inspector-General of Forests for India										
TAP-P-001128	P001128	named	Bertram de Zylva	15	15	1938	1945	member | Member | Member of the Board | Anuradhapura District Agricultural Committee										
TAP-P-001129	P001129	named	C. Maries	15	15	1884	1890	author | Superintendent of the Durbhunga Raj gardens and parks | authority on the mango | of Durbhangah, Bengal										
TAP-P-001130	P001130	named	C. Meikle	15	14	1893	1902	Member of Committee | member | manager | representative of Setapakdale estate										
TAP-P-001131	P001131	named	C. P. Thunberg	15	15	1885	1922	botanist | Scandinavian naturalist | botanical traveller, Danish Physician | Professor of Botany at Upsala										
TAP-P-001132	P001132	named	C. R. Karunaratne	15	14	1936	1945	Agricultural Instructor, Katugastota | Agricultural Instructor | Dip. Agric. (Poona) | Agricultural Officer, Grade II										
TAP-P-001133	P001133	named	Charles Stouter	15	15	1887	1909	Head Clerk of the Anuradhapura Kachcheri | Audit Office, Colombo | Colombo | exhibitor of Plantain Flour										
TAP-P-001134	P001134	surname_pool	Cullen	15	15	1882	1901	reporter of graphite in Travancore | Promoted Indian gutta | translator | resident at the Court of Mysore										adjudicated MIXED Q17070188 (medium): Dominant: General William Cullen 1785-1862, Resident in Travancore (graphite, gutta). Pools Dr William Cullen, physician-writer on medicine (Q462762).
TAP-P-001135	P001135	named	Cyril Baxendale	15	12	1900	1915	planter | author | native cultivator, correspondent | brother of C. E. S. Baxendale, cotton grower										
TAP-P-001136	P001136	named	D. A. C. Scott	15	15	1889	1912	Director | shareholder | director | sent tea leaves to Calcutta										
TAP-P-001137	P001137	named	D. E. Hutchins	15	13	1881	1911	author | Conservator of Forests | Deputy Conservator of Forests | forester/observer				kgp_col1908-p669b19	auto					
TAP-P-001138	P001138	named	D. M. Salmond	15	14	1897	1908	Superintendent | Superintendent of Mariawatte | planter, Maria-watte tea estate, Gampola, Ceylon | Manager of Mariawatte							review			
TAP-P-001139	P001139	named	Daniel Hall	15	15	1920	1938	author | organizer of agricultural education and research | Permanent Secretary to the Ministry of Agriculture | presided at the meeting	Q4722515	wd_auto	high							
TAP-P-001140	P001140	surname_pool	Dioscorides	15	15	1881	1945	ancient author | ancient writer | army surgeon | Ancient writer	Q297776	adjudicated	high							adjudicated LINK Q297776 (high): Pedanius Dioscorides, Greco-Roman physician/pharmacologist (c.40-90 AD), De materia medica; profile: ancient author, army surgeon.
TAP-P-001141	P001141	named	E. H. Edwards	15	15	1882	1906	old Ceylon planter | author | formerly of Rangala and Madulisma, but now of the Seychelles | author, former Ceylon coffee planter						11129062	link	https://www.historyofceylontea.com/tea-planters/planters-registry/edwards-e-h--11129062.html		
TAP-P-001142	P001142	named	E. L. Fraser	15	15	1933	1937	Member of the Board | Board member | member of the Board, nominated to act for Col. T. Y. Wright | former Board member										
TAP-P-001143	P001143	named	E. R. Squibb	15	15	1882	1893	author | called attention to cocaine quality | process developer | author of paper on Assays of Cinchona	Q5322110	adjudicated	high							adjudicated LINK Q5322110 (high): E. R. Squibb 1819-1900, American physician and pharmaceutical manufacturer; matches Dr Squibb, cinchona assays, cocaine, New York.
TAP-P-001144	P001144	named	Edward Conder	15	14	1885	1894	Director | member of the Board										
TAP-P-001145	P001145	named	Edward Kinch	15	14	1882	1910	author | Professor of Chemistry | chemical lecturer at Cirencester | sent specimen from Japan	Q31090518	wd_auto	high							
TAP-P-001146	P001146	named	F. R. Parnell	15	13	1914	1940	Government Economic Botanist | author | worker in India | Government Botanist										
TAP-P-001147	P001147	named	F. R. Sabonadiere	15	12	1883	1903	veteran Ceylon planter and merchant | Manager in Ceylon | potential source of information | pioneer of the colony						11111127	link	https://www.historyofceylontea.com/tea-planters/planters-registry/f-r-sabonadiere--11111127.html		
TAP-P-001148	P001148	named	F. W. South	15	15	1911	1938	Mycologist | author | Mycologist of the Staff of the Imperial Department of Agriculture for the West I | Chief Agricultural Inspector, F.M.S.				kgp_col1937-p1024b16	auto					
TAP-P-001149	P001149	named	G. J. Mulder	15	15	1884	1901	chemist | Professor | author | Physiological Chemist										
TAP-P-001150	P001150	named	G. M. Crabbe	15	14	1895	1906	planter in Ceylon, bound for Nyassaland | interviewee, coffee planter | superintendent of Nyassaland Coffee Co.'s property in Milanji | resigned position owing to ill-health							review			
TAP-P-001151	P001151	named	George White	15	15	1888	1902	shareholder | tea broker | Member | head of the well-known firm of London tea-brokers										adjudicated NONE  (medium): George White, head of London tea-broking firm 1888-1902; candidates (Field Marshal, Ohio politician, etc.) do not fit.
TAP-P-001152	P001152	surname_pool	Günther	15	14	1882	1909	eminent authority on fish | head of the Department | author of work on the Reptiles of British India | scientist at British Museum	Q57514	adjudicated	high							adjudicated LINK Q57514 (high): Albert Günther 1830-1914, zoologist/ichthyologist/herpetologist at British Museum; matches Dr Günther, fish authority, Reptiles of British India.
TAP-P-001153	P001153	named	H. C. Begg	15	15	1894	1924	Chairman | Vice-Chairman | Member of the General Committee | of Messrs. Begg Dunlop & Co.										
TAP-P-001154	P001154	named	H. D. Elhart	15	15	1898	1904	in charge of the hatcheries and stew ponds of the Ceylon Fishing Club | Curator of the Nuwara Eliya Hatchery | reader of annual report | supervisor of hatcheries										
TAP-P-001155	P001155	named	H. H. Hume	15	11	1908	1945	author | researcher | Author of The Cultivation of Citrus fruits | author on cultivation of citrus fruits	Q5661120	adjudicated	high							adjudicated LINK Q5661120 (high): Harold Hume 1875-1965, horticulturist, University of Florida, alias H. H. Hume; matches author of 'The Cultivation of Citrus Fruits'.
TAP-P-001156	P001156	named	H. W. Cave	15	13	1890	1923	author of Picturesque Ceylon | attendee | Ceylon man present | compiler of Picturesque Ceylon	Q97731318	adjudicated	high							adjudicated LINK Q97731318 (high): Henry William Cave 1854-1913, English photographer and publisher; matches H. W. Cave, author/photographer of Picturesque Ceylon.
TAP-P-001157	P001157	named	Henry C. Pearson	15	15	1904	1920	Editor of the India Rubber World | editor of the India Rubber World | author | Editor of the "India Rubber World."										
TAP-P-001158	P001158	named	Henry Earnshaw	15	14	1885	1899	secretary of the Jokai Tea Company | proposed for general committee | compiler of statistics | publisher/agent										
TAP-P-001159	P001159	named	Henry Thompson	15	15	1884	1900	Engineer | presiding | doctor | author of Food and Feeding										adjudicated MIXED Q845755 (medium): Pools Sir Henry Thompson, surgeon, author of 'Food and Feeding' (Q845755) with Henry Thompson, engineer of Trinity St., Gainsborough (tea machinery).
TAP-P-001160	P001160	named	Herbert Bruce Sandford	15	12	1881	1893	Director | director, large shareholder | former manager, Lanka Plantations Company | seconded the motion										
TAP-P-001161	P001161	named	Hugh B. Roberts	15	15	1891	1904	member | member of Sub-Committee | Dikoya | Member										
TAP-P-001162	P001162	named	Hugh Falconer	15	12	1881	1902	Superintendent | Botanist | Superintendent of the Garden; Palæontologist | author	Q223013	adjudicated	high							adjudicated LINK Q223013 (high): Hugh Falconer 1808-65, Scottish botanist/palaeontologist; matches Dr Falconer, Supt Saharanpur and Calcutta gardens; cited posthumously.
TAP-P-001163	P001163	named	J. A. Wickremaratne	15	10	1906	1921	Gate Mudaliyar, Southern Province | Unofficial Member, Southern Province | Mudaliyar | Mudaliyar, author										
TAP-P-001164	P001164	named	J. B. Thurston	15	14	1883	1902	Governor of Fiji | Governor | Colonial Secretary, Fiji | Lieut-Governor	Q6221079	wd_auto+colist_kg	high	kgp_col1897-p569b14	auto					
TAP-P-001165	P001165	named	J. Fraser	15	15	1888	1913	correspondent | member | suffering from drinking strong tea | Resident in Ceylon				kgp_col1928-p1055b6	auto		review			adjudicated NONE  (medium): J. Fraser, Ceylon/Travancore estate manager 1888-1913 (likely several men); candidates are stubs and a Titanic victim.
TAP-P-001166	P001166	named	J. H. Titterington	15	13	1926	1932	absent member | member | visitor | Member										
TAP-P-001167	P001167	named	J. K. Ingleton	15	15	1885	1892	Manager | sent samples of Dumbara cigars to the Exhibition | cigar manufacturer | exhibitor, Rajawalla										
TAP-P-001168	P001168	named	J. M. Maitland Kirwan	15	11	1882	1903	Secretary | author of the letter | signatory of the letter | Member										
TAP-P-001169	P001169	named	J. Stanley Gardiner	15	14	1886	1902	researcher | Expedition leader | Cambridge scientist | author of the letter	Q1886993	adjudicated	high							adjudicated LINK Q1886993 (high): John Stanley Gardiner 1872-1946, British zoologist/oceanographer, Cambridge; matches J. Stanley Gardiner, Cambridge scientist, leader of Maldives/Minikoi expedition.
TAP-P-001170	P001170	named	J. V. H. Owen	15	10	1882	1898	correspondent | exhibitor | Ceylon | resident										
TAP-P-001171	P001171	named	J. W. Mollison	15	14	1893	1903	Deputy Director of Agriculture, Poona | superintendent of the Poona dairy, lecturer on agriculture | Officiating Director, Department of Agriculture, Bombay | author, M.R.A.C.										
TAP-P-001172	P001172	named	John Cotton	15	15	1884	1915	1st prize, strawberry | gardener, Nuwara Eliya | fruit grower, Nuwara Eliya | orchard owner										
TAP-P-001173	P001173	named	John Gordon	15	15	1885	1906	Estate Inspector | Director | late, of Ceylon | Superintendent							review			adjudicated NONE  (medium): John Gordon, Ceylon estate inspector, coffee pulper maker in Kandy 1885-1906; candidates are unrelated British namesakes.
TAP-P-001174	P001174	named	K. Bandara-Beddewela	15	10	1910	1925	Unofficial Member, Central Province | Central Province | recipient of lac sticks | member										
TAP-P-001175	P001175	named	K. C. Pillai	15	9	1917	1921	Agricultural Instructor, Batticaloa | Agricultural Instructor | Agricultural Instructor, Jaffna | Jaffna										adjudicated NONE  (medium): K. Chinnasamy Pillai, Agricultural Instructor Batticaloa/Jaffna 1917-21; candidate is an Indian priest (1901-70).
TAP-P-001176	P001176	named	L. L. Hunter	15	15	1934	1945	Member | member | Government Agent, N.C.P. | Government Agent, North-Central Province	Q77176639	wd_auto	high	kgp_dol1935-p919b8	auto					
TAP-P-001177	P001177	named	L. O. Howard	15	14	1893	1934	entomologist | author of note on kerosene | Professor, Department of Agriculture | agrees Japan is original home of species	Q553918	wd_auto	high							
TAP-P-001178	P001178	named	L. W. Wickremesinghe	15	12	1931	1945	member | Rev. Father | member of the Board | Member										
TAP-P-001179	P001179	surname_pool	Lord Elgin	15	15	1883	1908	Viceroy | associated with treaty | mission leader | referenced regarding the rupee difficulty	Q335098	wd_auto	high							
TAP-P-001180	P001180	surname_pool	Lord Knutsford	15	13	1889	1908	Secretary of State for the Colonies | Secretary of State | Governor of Ceylon | Secretary for the Colonies										
TAP-P-001181	P001181	named	M. C. Cooke	15	15	1881	1903	author | author of the report | fungologist | botanist	Q2351239	wd_auto	high							
TAP-P-001182	P001182	named	M. Payen	15	14	1882	1893	analyst | chemist | scientist | provided analysis of commercial gutta-percha										
TAP-P-001183	P001183	surname_pool	Martius	15	14	1881	1908	botanist | author | author cited regarding history of smoking | author of Flora Brasiliensis	Q77131	wd_auto	high							
TAP-P-001184	P001184	named	Michael Faraday	15	15	1882	1933	scientist | chemist | author | experimental philosopher	Q8750	wd_auto	high							
TAP-P-001185	P001185	named	Paul Cooreman	15	10	1910	1919	Unofficial Member, Southern Province | Southern Province | new member on the Board | Meedeniya Dissava	Q115820611	adjudicated	high							adjudicated LINK Q115820611 (high): Paul Cooreman 1863-1919, born Ghent, died Hambantota; matches Rev. Fr Paul Cooreman S.J., Unofficial Member Southern Province 1910-19.
TAP-P-001186	P001186	named	Quintin Hogg	15	14	1894	1910	Chairman | Chairman of the Oriental Estates Company | presided | chairman of the company	Q3523736	wd_auto	high							
TAP-P-001187	P001187	named	Rivers Hicks	15	14	1884	1892	author of letter | correspondent | well-known authority on cinchona, London | supplier of quinine										
TAP-P-001188	P001188	named	Robert Wallace	15	13	1886	1915	Professor of Agriculture and Rural Economy in the University of Edinburgh | Professor of Agriculture and Rural Economy at the University of Edinburgh | author of the report | Professor of Agriculture in the University of Edinburgh	Q21283011	wd_auto	high							
TAP-P-001189	P001189	named	Ruiz Et Pavon	15	9	1881	1888	botanist | botanist authority | botanist who named C. succirubra | Spanish botanist										
TAP-P-001190	P001190	named	Rutherford Alcock	15	15	1882	1898	Chairman | namesake of the pass | Chairman of the Company | chairman	Q939063	adjudicated	high							adjudicated LINK Q939063 (high): Sir Rutherford Alcock 1809-97, diplomat in China/Japan; matches Sir Rutherford Alcock K.C.B., chairman of British North Borneo Co.
TAP-P-001191	P001191	named	S. E. J. Clarke	15	15	1890	1908	Secretary | Secy. | Secretary of the Calcutta Branch of the Association, and of the Chamber of Comme | Secretary, Indian Tea Association										
TAP-P-001192	P001192	named	S. Israel	15	12	1886	1899	planter | coffee planter | proprietor | settler, B. C. Africa										
TAP-P-001193	P001193	named	S. T. Richmond	15	12	1884	1902	Auditor | partner in Nicol, Cargill & Co. | auditor | Partner and manager										
TAP-P-001194	P001194	named	Thiselton Dyer	15	14	1881	1919	speaker at the meeting | encourager of cinchona cultivation | of Kew | Director of Kew	Q2065240	adjudicated	high							adjudicated LINK Q2065240 (high): Sir William Turner Thiselton-Dyer 1843-1928, botanist FRS; matches Thiselton Dyer, Director of Royal Gardens, Kew.
TAP-P-001195	P001195	named	Thistleton Dyer	15	14	1882	1908	author of preface | botanist | botanist at Kew | official at Kew										
TAP-P-001196	P001196	named	Victor Signoret	15	14	1883	1900	entomologist | taxonomist | entomologist, Paris | French entomologist	Q2628625	wd_auto	high							
TAP-P-001197	P001197	named	W. B. Wilson	15	15	1884	1936	Tobacco Adviser | Tobacco Expert | Director of Revenue Settlement and Agriculture | author of the account										adjudicated NONE  (medium): W. B. Wilson B.Agr., Tobacco Expert Ceylon / Director Revenue Settlement Madras 1884-1936; candidates are politicians named William Wilson.
TAP-P-001198	P001198	named	W. Brown	15	13	1899	1940	author | member of General Committee | Curator, Botanic Station, Accra | of Messrs. Finlay, Muir & Co.					review					adjudicated NONE  (low): W. Brown: pools a Curator of Accra Botanic Station, a Finlay Muir & Co. man and a cited researcher; candidates do not fit.
TAP-P-001199	P001199	named	W. E. Moses	15	15	1882	1894	biblical figure | Assistant to Prof. W. G. Brown | infant | tanner of Armidale										
TAP-P-001200	P001200	named	W. G. Smith	15	15	1883	1941	author | identified the fungus | author of the note | artist for title-page										adjudicated MIXED Q387724 (medium): Dominant: Worthington George Smith 1835-1917, mycologist/illustrator (identified fungus, title-page artist). Pools Dr W. G. Smith of Edinburgh, translator of von Tubeuf.
TAP-P-001201	P001201	named	W. H. Harrison	15	15	1910	1938	author | Agricultural Chemist | Agricultural Chemist, Coimbatore | Government Agricultural Chemist at Coimbatore										adjudicated NONE  (medium): W. H. Harrison, Government Agricultural Chemist, Coimbatore 1910-38; candidates are a US president and other namesakes.
TAP-P-001202	P001202	named	W. J. Thompson	15	15	1885	1902	tea broker, witness | expert witness | attendee, of the well-known Broking Firm | Cairns										adjudicated NONE  (medium): W. J. (Waldegrave James) Thompson, Mincing Lane tea broker / Queensland coffee writer 1885-1902; only candidate a peerage stub.
TAP-P-001203	P001203	named	W. Morey	15	15	1883	1895	Consul | United States Consul | United States Consul at Ceylon | P. M. and P. T.										
TAP-P-001204	P001204	named	W. N. Gunawardena	15	15	1942	1945	Member | member | representative of the L.C.P.A. | Board member										
TAP-P-001205	P001205	named	W. S. Campbell	15	15	1890	1903	author | writer | author of report | of the Department										adjudicated NONE  (medium): Walter Scott Campbell, NSW Department of Agriculture author 1890-1903; candidates are peerage stubs.
TAP-P-001206	P001206	named	W. T. Swingle	15	11	1899	1945	author | Washington | researcher | associated with date palm industry										
TAP-P-001207	P001207	named	W. T. Thistleton Dyer	15	13	1883	1888	Assistant Director, Royal Gardens, Kew | author | Director of the Royal Gardens, Kew | author of the letter										
TAP-P-001208	P001208	named	William Bentinck	15	15	1882	1931	Governor-General | historical figure | government official | Viceroy of India	Q138559	adjudicated	high							adjudicated LINK Q138559 (high): Lord William Bentinck 1774-1839, position held Governor-General of India; matches Governor-General who appointed 1834 tea committee.
TAP-P-001209	P001209	named	William Harcourt	15	15	1886	1898	Chancellor of the Exchequer | Member of Parliament | Chancellor of the Exchequer (implied by Budget speech) | Chancellor of the Exchequer (implied by Budget context)	Q775821	adjudicated	high							adjudicated LINK Q775821 (high): Sir William Vernon Harcourt 1827-1904, position held Chancellor of the Exchequer; matches Chancellor, tea-duty budget speeches. Auto-candidates were namesakes.
TAP-P-001210	P001210	named	William Roberts	15	14	1882	1901	responded to the toast | manager of the Jorhat Company | steered the affairs of the Jorehaut Tea Company | General Manager										adjudicated NONE  (medium): William Roberts, manager Jorehaut Tea Co. 1882-1901 (pools a tannin researcher); candidates (engraver, clergy, engineer) do not fit.
TAP-P-001211	P001211	named	Woodford Birch	15	9	1890	1913	Government Agent | official | Assistant Government Agent | Agent at Batticaloa										
TAP-P-001212	P001212	named	A. C. Lawrie	14	12	1887	1901	Exhibitor | prize winner | donor in the Colony | District Judge				kgp_col1897-p523b4	auto					
TAP-P-001213	P001213	named	A. E. De S. Rajapakse	14	10	1917	1919	member | Mudaliyar, member | Member | Chairman, Planters' Association of Ceylon										
TAP-P-001214	P001214	named	A. Henry	14	14	1886	1928	collector of specimens | botanist, Kew Herbarium | commentator on Kew | plant collector	Q2585626	adjudicated	high							adjudicated LINK Q2585626 (high): Augustine Henry 1857-1930, Irish sinologist/botanist, alias A.Henry; matches Dr Augustine Henry, China plant collector, Chinese botany/drugs.
TAP-P-001215	P001215	named	A. J. Denison	14	14	1891	1904	Director | Inspector of Estates | Member | Manager of the C. & O. Company's estates in Ceylon										
TAP-P-001216	P001216	named	A. Walker	14	9	1887	1898	Manager | Member of Committee | Acting Director of Public Instruction | manager										adjudicated NONE  (medium): A. (Ashley) Walker, Selangor planter/manager 1887-98; candidates undated manufacturer, botanist b.1930.
TAP-P-001217	P001217	named	Alexander Fairlie	14	14	1894	1913	Member present | Member | attendee | Chairman of the Chamber of Commerce										adjudicated NONE  (medium): Alexander Fairlie, head of James Finlay & Co. Colombo, Chamber of Commerce chairman 1894-1913; candidate is a witch-trial figure.
TAP-P-001218	P001218	named	Axel Preyer	14	13	1900	1922	author | author of article in Tropenpflanze | author of essay on Fermentation of Cacao | of Berlin	Q23925269	adjudicated	medium							adjudicated LINK Q23925269 (medium): Axel Thierry Preyer b.1877, biologist/agronomist/consul; matches Dr Axel Preyer of Berlin, cacao fermentation research 1900-22. Q47124704 (botanist Preyer) may be a duplicate.
TAP-P-001219	P001219	named	B. G. L. Bremner	14	13	1890	1899	Secretary | shareholder | counsel for the defendants | deceased member										
TAP-P-001220	P001220	named	B. Samaraweera	14	14	1906	1924	member | of Weligama | author of the article | reporter from Weligama										
TAP-P-001221	P001221	named	British Resident	14	14	1888	1913	official | official who suggested McIvor's services | Official in Travancore | government official										
TAP-P-001222	P001222	named	C. A. Murray	14	13	1881	1941	Assistant Government Agent from Ratnapura | Assistant Government Agent | C.C.S. | official involved in planting	Q5083746	wd_auto	high		review					
TAP-P-001223	P001223	named	C. B. Antram	14	13	1908	1919	Entomologist to the Indian Tea Association | author | author of 'Mosquito Blight of Tea' | inventor of the treatment										
TAP-P-001224	P001224	named	C. C. Wilson	14	13	1902	1925	member | absent member | Committee member | Member of the Committee										adjudicated NONE  (medium): C. C. Wilson, Nuwara Eliya landowner, committee member 1902-25; candidates are unrelated Wilsons.
TAP-P-001225	P001225	named	C. Charavanapavan	14	14	1938	1945	Research Assistant in Food Technology | author | Research Probationer in Food Technology | Research Assistant in Food Technology, Chemical Division										
TAP-P-001226	P001226	named	C. L. Wickremesinghe	14	12	1924	1941	Commissioner of Lands | Land Commissioner | Assistant Government Agent, Mannar | Assistant Government Agent				kgp_col1928-p1205b18	auto					
TAP-P-001227	P001227	named	C. O. Macadam	14	12	1904	1913	manager | of Heatherley estate | attendee | Agent in Ceylon										
TAP-P-001228	P001228	named	C. T. D. Vigors	14	14	1899	1912	member of the Board | Member of the Board | present | A. G. A., Kalutara					review					
TAP-P-001229	P001229	named	C. W. Wallace	14	13	1894	1901	committee member | member | Attendee | R. G. Shaw and Co.										
TAP-P-001230	P001230	named	Charles Elliott	14	13	1884	1914	began developing planting operations in St. Helena in 1864 | encouraged tobacco cultivation | Lieutenant-Governor of Bengal | observer on soil fertility	Q18526767	wd_auto	high							
TAP-P-001231	P001231	named	Charles MacCarthy	14	13	1893	1911	Governor | Governor of Ceylon | late Governor | visited Ballangodde	Q16826323	adjudicated	high							adjudicated LINK Q16826323 (high): Sir Charles Justin MacCarthy 1811-64, position held Governor of British Ceylon; matches Governor of Ceylon (1861-65), remembered later.
TAP-P-001232	P001232	surname_pool	Confucius	14	14	1881	1908	philosopher and moralist | historical figure referenced for context | scholar | authority cited in discussion	Q4604	adjudicated	high							adjudicated LINK Q4604 (high): Confucius, Chinese philosopher (551-479 BC); profile: philosopher, historical figure referenced re tea.
TAP-P-001233	P001233	named	D. Cruickshank	14	14	1885	1901	chairman | speaker at the annual meeting of the Calcutta Tea Association | present at meeting on labour question | Member of the Committee										
TAP-P-001234	P001234	named	D. E. Hamilton	14	14	1882	1943	Chairman, Planters' Association of Ceylon | former Acting Chairman of the Planters' Association of Ceylon | Former Chairman, Planters' Association of Ceylon | Former member of the Board						11117157	link	https://www.historyofceylontea.com/tea-planters/planters-registry/hamilton-d-e--11117157.html		
TAP-P-001235	P001235	named	Dodwell Browne	14	4	1892	1902	counsel | counsel for defendants | counsel for the defence | counsel for the defendant					review					adjudicated UNSURE Q66087676 (medium): Dodwell Francis Browne (1841-1921), alias Dodwell Browne, has no occupation in WD; profile is Ceylon counsel/advocate 1892-1902. Rare name, no role match.
TAP-P-001236	P001236	named	E. C. De Fonseca (Jr.)	14	13	1936	1940	Member | member | Member of the Board | Member of Sub-Committee										
TAP-P-001237	P001237	named	E. G. Windle	14	14	1897	1912	planter | original applicant and planter | seconded resolution | speaker at meeting										
TAP-P-001238	P001238	named	E. S. Fox	14	14	1894	1900	Director | Observer, Tangalla | shareholder, director | director										adjudicated NONE  (medium): Edwin Spencer Fox, Knuckles planter, rainfall observer Tangalla 1894-1900; candidate is a bare peerage stub.
TAP-P-001239	P001239	named	Edgar Thurston	14	11	1890	1901	Madras Central Museum | author | reporter on Economic Products to the Government of India | Superintendent, Govt. Central Museum	Q5337491	adjudicated	high							adjudicated LINK Q5337491 (high): Edgar Thurston 1855-1935, zoologist/ethnologist/Indologist; matches Supt Government Central Museum Madras, reporter on economic products.
TAP-P-001240	P001240	named	Edward Balfour	14	14	1881	1897	Surgeon-General | author | Surgeon-General, author of 'The Agricultural Pests of India' | Surgeon General, late Indian Medical Department	Q5341724	wd_auto	high							
TAP-P-001241	P001241	named	F. C. Cooke	14	9	1930	1943	author | researcher | Assistant Chemist for Copra Investigations, Department of Agriculture, S.S. & F. | Acting Chemist for Copra Research										
TAP-P-001242	P001242	named	G. C. Bliss	14	14	1895	1913	Member | factory owner | member of Ceylon Planters' party | Chairman										
TAP-P-001243	P001243	named	G. D. Hope	14	11	1910	1931	author | Indian Tea Association | Scientific Officer of the I.T.A. | Author										
TAP-P-001244	P001244	named	G. W. Suhren	14	14	1890	1903	Director | Shareholder | subscriber, Colombo | Director, filled place of W. Kingsbury										
TAP-P-001245	P001245	surname_pool	Goork	14	14	1899	1900	Observer, Caledonia | observer, Caledonia | Observer, Ciledonia										
TAP-P-001246	P001246	named	H. C. Smith	14	14	1883	1897	Chairman | inventor | inventor of the machine | patentee of the fibre machine, of Mauritius					review					adjudicated NONE  (medium): Hugh C. Smith, inventor of the Universal Fibre Cleaner (Mauritius patentee) 1883-97; candidates are US politicians.
TAP-P-001247	P001247	named	H. Caine	14	14	1886	1891	tobacco expert | Tobacco Expert | Assistant Manager, Poosa Tobacco Farms, Tirhoot | author of the report										
TAP-P-001248	P001248	named	H. Gribble	14	6	1885	1901	author of paper on preparation of Japan tea | author of paper on tea preparation in Japan | author of botanical description | author of the paper										
TAP-P-001249	P001249	named	H. Martin Leake	14	13	1900	1933	author | going in for plant pathology | economic botanist to the Government of the United Provinces | geneticist working on cotton in India										
TAP-P-001250	P001250	named	H. S. Ashton	14	14	1894	1903	Chairman | Member of the General Committee | Chairman of the Association | Chairman of the Indian Tea Association										
TAP-P-001251	P001251	named	H. Warth	14	14	1883	1898	author of note | Scientist conducting experiments | conducted experiments in 1877 | Professor of Geology and Chemistry										
TAP-P-001252	P001252	named	Henry A. Perera	14	8	1898	1922	Committee member | Mudaliyar | Atapattu Mudaliyar, Western Province | Unofficial Member, Western Province										
TAP-P-001253	P001253	named	Herbert Stone	14	14	1899	1909	expert referee of the Imperial Institute | Expert Referee of the Institute | author of paper on identification of wood | authority on Timbers	Q21609898	adjudicated	medium							adjudicated LINK Q21609898 (medium): Herbert Stone (b.1865), botanist; matches Herbert Stone, timber identification specialist, Birmingham, Imperial Institute referee. WD lacks the timber link.
TAP-P-001254	P001254	named	Howard Vincent	14	14	1888	1911	contributor to Daily Graphic | author | author of remarks on the China tea trade | Chancellor of the Exchequer	Q5921151	adjudicated	high							adjudicated LINK Q5921151 (high): Sir (Charles Edward) Howard Vincent 1849-1908, colonel, MP, CB; matches Colonel Howard Vincent, C.B., M.P., China tea trade remarks.
TAP-P-001255	P001255	named	J. F. Anderson	14	12	1894	1906	secretary | Secretary | agent and secretary | subscriber, merchant					review					
TAP-P-001256	P001256	named	J. F. Baker	14	10	1882	1898	represented by proxy | Shareholder | Ceylon | donor of seeds or plants										
TAP-P-001257	P001257	named	J. G. J. A. Maas	14	11	1921	1933	author | researcher | lecturer on Modern Rubber Cultivation | Agriculturist of the Experimental Station										
TAP-P-001258	P001258	named	J. J. Heider	14	12	1938	1945	Member | member | Representative on the Board | Puttalam and Chilaw Districts Agricultural Committee										
TAP-P-001259	P001259	named	J. L. Parsons	14	14	1882	1940	Government Resident in the Northern Territory | Minister of Education | Minister of Education, South Australia | Government Resident	Q6243979	wd_auto	high		review					
TAP-P-001260	P001260	named	J. Lambourne	14	9	1925	1942	author | researcher | conducted experiments with A. Sharples | author of cited study										
TAP-P-001261	P001261	named	J. S. T. de Silva	14	9	1924	1944	Secretary | Secretary, Paddy Advisory Board | attended the Show | author										
TAP-P-001262	P001262	named	J. Tyagaraja	14	12	1930	1939	Member of the Board of Management | Chairman, Low-Country Products Association | proposed member | Chairman of the Low-Country Products' Association	Q96279288	adjudicated	medium							adjudicated LINK Q96279288 (medium): Jaganathan Tyagaraja b.1895, Ceylon Tamil barrister/politician; matches J. Tyagaraja M.A., LL.B., chairman Low-Country Products Assoc. 1930-39.
TAP-P-001263	P001263	named	J. Van Leenhoff	14	13	1899	1936	tobacco expert | author | Government Tobacco Expert | Chief of Tobacco Division of the Transvaal; late Government Tobacco Expert of Po										
TAP-P-001264	P001264	named	J. W. Grant	14	12	1881	1940	author | author of Agricultural Survey No. 17 | Deputy Director of Agriculture, Burma | Author										
TAP-P-001265	P001265	named	James Petley	14	13	1882	1899	of Tongoo | coffee planter, Upper Burma | retired officer, coffee planter, Upper Burma | in charge of the cultivation										
TAP-P-001266	P001266	surname_pool	Jayewardane	14	14	1899	1901	Observer, Topare | observer, Topare | Observer										
TAP-P-001267	P001267	named	John Ruskin	14	12	1882	1936	author | author of the quoted lecture | interested in primitive crimping method | teacher of the dignity of labour	Q179126	adjudicated	high							adjudicated LINK Q179126 (high): John Ruskin 1819-1900, English writer and critic; matches author quoted, 'dignity of labour', owner of a tea-shop. Cited author.
TAP-P-001268	P001268	named	John Walker	14	13	1885	1902	visitor to Ceylon | of Homebush, former proprietor | founder of Bon Accord Iron Works | designer, founder of Messrs. John Walker & Co.							review			adjudicated NONE  (medium): John Walker, founder of Bon Accord Iron Works, coffee machinery inventor, Ceylon 1885-1902; candidates naval officers/politicians/modern.
TAP-P-001269	P001269	named	Joseph De Verteuil	14	10	1912	1930	author | Superintendent of Field Experiments | author of the article | Agricultural Chemist of the Department of Agriculture					review					
TAP-P-001270	P001270	named	K. D. S. S. Nanayakkara	14	13	1926	1945	Assistant in Economic Botany | supervision of the field work | supervision of experiments | assisted in supervising field work										
TAP-P-001271	P001271	named	Lepel Griffin	14	14	1889	1899	Chairman of the Ruby Mines Company | chairman of the Burma Ruby Mine Company | visitor and inspector of the Burma Ruby Mines Company property | member of syndicate	Q6527341	adjudicated	high							adjudicated LINK Q6527341 (high): Sir Lepel Henry Griffin 1838-1908, Indian Civil Service administrator; matches Sir Lepel Griffin, Chairman of Burma Ruby Mines Company. Unique name, dates fit.
TAP-P-001272	P001272	named	M. Arnaud	14	14	1882	1898	researcher | chemist | author | isolated cinchonamine										adjudicated NONE  (medium): M. Arnaud, French chemist (cinchonamine), gutta-percha maker 1882-98; only candidate a peerage stub.
TAP-P-001273	P001273	named	M. C. Potter	14	14	1889	1922	of Cambridge | botanist, Cambridge | lecturer on Botany at Cambridge | author of paper	Q21523151	wd_auto	high							
TAP-P-001274	P001274	named	M. Fremy	14	13	1883	1891	chemist | French chemist, member of the Institute of France | French inventor | read a memoir on researches to artificially produce ruby										
TAP-P-001275	P001275	named	M. Muntz	14	14	1882	1898	researcher | scientist | discoverer of fermentation microbe | expert on horse feeding										
TAP-P-001276	P001276	named	Norman Evans	14	13	1890	1901	author of letter recommending laboratory investigation | expert on fibre experiments | Consulting Chemist to the Paper Makers' Corporation of Great Britain and Ireland | observer at Poyle Mills										adjudicated NONE  (medium): Dr P. Norman Evans, consulting chemist to the Paper Makers' Corporation 1890-1901; candidates are a soldier, speedway rider, architect.
TAP-P-001277	P001277	named	Oswald C. Magniac	14	13	1881	1906	Director | M.P. | retires from the Board | signatory, Hays Wharf, Southwark										
TAP-P-001278	P001278	named	P. Arens	14	11	1913	1930	author | researcher | author of pamphlet, Experiment Station, Malang | Rubber Experiment Station, Malang										adjudicated UNSURE Q50636671 (low): Paul Arens, researcher at Wageningen, no dates; profile Dr P. Arens, Rubber Experiment Station Malang 1913-30. Dutch link plausible, evidence thin.
TAP-P-001279	P001279	named	P. D. G. Clark	14	11	1892	1922	correspondent, expedition to Peru | assistant at the Royal Botanic Gardens, Peradeniya | member of the Gardening staff of the Royal Botanic Gardens, Ceylon | Nominated Member, Sabaragamuwa Province										
TAP-P-001280	P001280	named	P. G. Schrader	14	13	1900	1910	author | author of article | correspondent | Life Member										
TAP-P-001281	P001281	named	P. R. May	14	14	1933	1943	Visiting Agent | Board member | Manager, Dalkeith Group | Member						11121944	link	https://www.historyofceylontea.com/tea-planters/planters-registry/may-p-r--11121944.html		
TAP-P-001282	P001282	named	R. McLachlan	14	12	1883	1898	entomologist | F.R.S. | author of report on insect | F.R.S., F.L.S.										
TAP-P-001283	P001283	named	R. O. Williams	14	13	1903	1939	author | Curator Royal Botanic Gardens and St. Clair Experiment Station, Trinidad | Curator, Royal Botanic Gardens | Curator, Botanic Gardens, Trinidad; Superintendent of Agriculture, Grenada				kgp_col1940-p1079b18	auto					adjudicated NONE  (medium): R. O. Williams, Curator Royal Botanic Gardens Trinidad, Supt of Agriculture Grenada 1903-39; candidate is a bare peerage stub.
TAP-P-001284	P001284	named	R. W. Smith	14	13	1902	1913	Director of Irrigation | author | of the Ceylon P. W. D. | Member of the Board					review					
TAP-P-001285	P001285	named	S. R. Breckenridge	14	14	1909	1911	Agricultural Instructor | Agricultural Instructor at Batticaloa | Conductor in connection with the tobacco experiment | Instructor										
TAP-P-001286	P001286	named	S. S. Viramuttu	14	14	1892	1901	Observer, Haldummulla | Observer, Haldumulla | Observer, Haldummulu | student										
TAP-P-001287	P001287	named	S. Sivapalan	14	9	1940	1945	Member | Trincomalee District Agricultural Committee | member | Member (absent)	Q7387899	adjudicated	medium							adjudicated LINK Q7387899 (medium): S. Sivapalan 1890-1960, Sri Lankan politician/MP; matches S. Sivapalan, Board member, Trincomalee District Agricultural Committee 1940-45.
TAP-P-001288	P001288	named	Samuel Grenier	14	14	1890	1895	prize donor | Attorney-General | visitor | Knight, supporter of agricultural education	Q16859074	adjudicated	high	kgp_col1888-p481b17	auto					adjudicated LINK Q16859074 (high): Sir Samuel Grenier 1840-1892, barrister, Attorney General of Ceylon, Knight; matches Hon. S. Grenier, Attorney-General, prize donor.
TAP-P-001289	P001289	surname_pool	Sanmukam	14	14	1899	1900	Observer, Mullaitivu | Observer, Mullaittiyu | Observer, Mullaittivu | observer, Mullaitivu										
TAP-P-001290	P001290	named	Spencer Brett	14	9	1906	1910	tea brokers, London | author | London manufacturer | Rubber Judge										
TAP-P-001291	P001291	named	Spencer Pickering	14	14	1906	1931	author | of the Woburn Experimental Fruit Farm | researcher | writer	Q11208130	adjudicated	high							adjudicated LINK Q11208130 (high): Percival Spencer Umfreville Pickering 1858-1920, British chemist; matches Spencer Pickering of the Woburn Experimental Fruit Farm.
TAP-P-001292	P001292	named	T. C. A. de Soysa	14	14	1939	1942	member | Member | member, Low-Country Products Association										
TAP-P-001293	P001293	named	Theodore Roosevelt	14	13	1896	1915	President | President of the United States | president of the United States | subject of cartoon	Q449894	wd_auto	high							
TAP-P-001294	P001294	named	V. M. Muttukumar	14	13	1908	1924	member | donor of Silver Medal | Maniagar | Maniagar, Northern Province										
TAP-P-001295	P001295	named	W. A. Fernando	14	8	1881	1913	exhibitor, Ceylon | plumbage, Colombo | plumbago dealer | Browning Street, Colombo										
TAP-P-001296	P001296	named	W. Crowther	14	13	1893	1897	Curator, Botanic Station, Gold Coast Colony | Curator | reporter, Botanical Station, Aburi | author of report										
TAP-P-001297	P001297	named	W. G. B. Dickson	14	14	1888	1921	Absent member | member | Visitor | Lt.-Col., member	Q18164607	adjudicated	high							adjudicated LINK Q18164607 (high): W. G. B. Dickson, Lieutenant Colonel, Ceylon Defence Force acting Commander; matches Lt-Col W. G. B. Dickson, Board member 1888-1921.
TAP-P-001298	P001298	named	W. J. Hooker	14	12	1882	1910	botanist | author | received sample | named the plant Isonandra gutta	Q472639	wd_auto	high							
TAP-P-001299	P001299	named	W. M. Maskell	14	13	1887	1910	entomologist | registrar of the University of New Zealand | author | Entomologist identifying Coccids	Q3568828	wd_auto	high							
TAP-P-001300	P001300	named	W. McRae	14	14	1910	1935	author | Offg. Imperial Mycologist | expert mycologist | mycologist										
TAP-P-001301	P001301	named	W. R. Thompson	14	13	1881	1942	author | provider of Calcium cyanamide | Superintendent of the Laboratory | author of paper on biological control										adjudicated NONE  (low): W. R. Thompson pools a biological-control entomologist (lab superintendent) and Sir Wardlaw Thompson; candidates stubs; search found nothing.
TAP-P-001302	P001302	named	Whitelaw Ainslie	14	13	1882	1896	author | English physician | author of Indian Materia Medica | historical source	Q7996129	adjudicated	high							adjudicated LINK Q7996129 (high): Whitelaw Ainslie 1767-1837, surgeon/botanist; matches Dr W. Ainslie, author of Materia Medica (India). Cited historically.
TAP-P-001303	P001303	named	William Aitchison	14	14	1882	1900	planter, Dooloo estate | of Cachar | author of paper on the Flora of the Kuram Valley | of Dalu, Cachar										adjudicated MIXED Q1680330 (medium): Pools Brigade-Surgeon J. E. T. Aitchison 1836-98 (botanist, Kuram valley flora, Afghan Boundary Commission) with William Aitchison, planter of Dooloo, Cachar.
TAP-P-001304	P001304	named	William Wicherley	14	14	1910	1915	author | London Ceara rubber expert | correspondent, Lewisham | author of notes on Para Rubber Seed										
TAP-P-001305	P001305	named	A. B. Lake	13	12	1892	1910	Member of Committee | Member | manager | proprietor										
TAP-P-001306	P001306	named	A. E. de Silva	13	12	1898	1934	Member of the Board | Member | purchaser | Member of Board of Management										adjudicated UNSURE Q4647736 (medium): Q4647736 'A. E. de Silva', Sri Lanka businessman, no dates; profile is a Board member/purchaser 1898-1934. Plausible but only name and broad role.
TAP-P-001307	P001307	named	A. P. Aitken	13	13	1882	1908	Chemist to the Highland and Agricultural Society | Chemist to the Highland and Agricultural Society of Scotland | chemist for the Highland Society | author of paper										
TAP-P-001308	P001308	named	A. P. Green	13	13	1887	1903	entomological referee | travelling companion of Dr. Trimen | expert providing identification | Director										adjudicated NONE  (medium): A. P. Green, entomological referee / Trimen's travelling companion 1887-1903; candidate died 1858.
TAP-P-001309	P001309	named	A. T. Reeve	13	13	1915	1925	Plant Pest Inspector | Visitor | mycologist | officer of the Department of Agriculture										
TAP-P-001310	P001310	named	A. W. K. de Jong	13	12	1909	1931	author | researcher | investigator | author of bulletin on Hevea tapping										
TAP-P-001311	P001311	named	Alexander Ashmore	13	11	1903	1914	Lt.-Governor and Colonial Secretary | Lieut.-Governor | late member | late Lieut.-Governor of the Colony										
TAP-P-001312	P001312	named	Andrew Clarke	13	11	1881	1902	Governor of the Straits Settlements | land grantor | Sir | physician	Q4756615	adjudicated	high							adjudicated LINK Q4756615 (high): Lt-Gen Sir Andrew Clarke 1824-1902, Governor of the Straits Settlements 1873-75; matches profile role. Father Q504099 excluded by dates.
TAP-P-001313	P001313	named	B. A. Baptist	13	10	1941	1945	Entomologist | Acting Entomologist | The Entomologist | Entomologist of the Department of Agriculture										
TAP-P-001314	P001314	surname_pool	Beyerinck	13	10	1885	1927	scientist | misspelling of Beyerinck | naturalist | naturalist in Holland										
TAP-P-001315	P001315	named	C. Barrington Brown	13	11	1883	1909	author of the report | collector of minerals | author of report on the region | author of report on gem mining										
TAP-P-001316	P001316	named	C. Curtis	13	12	1888	1912	Assistant Superintendent in the Forest Department | Assistant Superintendent of Forests | Assistant Superintendent of Forests, Penang | planter	Q5076604	wd_auto	high							
TAP-P-001317	P001317	named	C. K. Sathasivam	13	12	1910	1913	Agricultural Instructor, Eastern Province | Agricultural Instructor | Instructor | Instructor stationed at Batticaloa										
TAP-P-001318	P001318	named	C. M. Gwatkin	13	12	1890	1897	shareholder | Director | Shareholder										
TAP-P-001319	P001319	named	C. P. de Silva	13	13	1913	1922	member | Member of the Estate Products Committee | replaced member | member of the Committee										
TAP-P-001320	P001320	named	Charles Mitchell	13	13	1888	1909	Governor | Governor of the Straits Settlements | Governor of the Colony | H. E., decision maker	Q5080991	wd_auto	high		review					
TAP-P-001321	P001321	named	Claude Crozier	13	10	1918	1922	member | beekeeper, Demetagoda | local beekeeper | close student of the life and habits of the Ceylon honey bee										
TAP-P-001322	P001322	surname_pool	Cosmopolite	13	13	1886	1912	author | correspondent | author, former Australian and New Zealand pioneer, ex-Colombo merchant, ex-Ranga | author of 'Netherton' in the 'wilds of Buchan'										
TAP-P-001323	P001323	named	D. Oliver	13	13	1887	1903	botanist | botanist, described the plant | described the species | conducted microscopical examination	Q1161960	wd_auto	high							
TAP-P-001324	P001324	surname_pool	Delmar	13	13	1882	1941	planter | agent of tobacco plantation | sugar planter | owner of experimental estate										
TAP-P-001325	P001325	surname_pool	Duke Buckingham	13	13	1881	1912	Governor of Madras | landowner | supervised thinning | host of B.										
TAP-P-001326	P001326	named	E. B. Skinner	13	13	1894	1915	member | representative of Batu Caves estate | Committee Member | Committee, S. P. A.										
TAP-P-001327	P001327	named	E. G. Harding	13	12	1882	1896	host | Manager of the Lanka Company | promoter of Gem Syndicate | will probably have the Colombo agency										
TAP-P-001328	P001328	named	E. R. Waldock	13	13	1895	1904	Director | shareholder | shareholder, auditor | Shareholder, Director										
TAP-P-001329	P001329	named	E. Webb	13	9	1892	1903	member of Executive Committee | Chairman | member | Member present										adjudicated NONE  (medium): E. Webb, Kandy planters' committee member 1892-1903; only candidate a 19th-c American artist.
TAP-P-001330	P001330	named	E. de Alwis	13	10	1922	1941	Assistant in Entomology | author | Laboratory Assistant | researcher										
TAP-P-001331	P001331	named	F. Duplock	13	13	1890	1897	agent | Tea trader | member | Agent on the spot										
TAP-P-001332	P001332	named	F. G. Maguire	13	13	1889	1901	joint-inventor | chief visiting engineer for the Colombo branch | chief visiting engineer of the Colombo branch | personal director of the London branch										
TAP-P-001333	P001333	named	F. H. M. Corbet	13	11	1889	1903	attendee | for Director | of London | Ceylon Commissioner					review					
TAP-P-001334	P001334	named	F. H. Wiggins	13	13	1892	1904	Director | director | Present at meeting | factory owner										
TAP-P-001335	P001335	named	F. Lugard	13	12	1892	1910	author | sent specimens home for examination | Governor | speaker										
TAP-P-001336	P001336	named	Frank Swettenham	13	13	1898	1917	Governor of the Straits | author | Resident-General | Resident-General of the Malaya States	Q4209641	wd_auto+colist_kg	high	kgp_dol1935-p1006b3	auto					
TAP-P-001337	P001337	named	Franz Junghuhn	13	11	1883	1901	cinchona pioneer | eminent Dutch botanist | naturalist and scientific investigator | charged with the management of the Government Cinchona Culture in Java	Q215842	adjudicated	high							adjudicated LINK Q215842 (high): Franz Wilhelm Junghuhn 1809-1864, Prussian-Dutch botanist, died Lembang (Java); matches cinchona pioneer, manager of Govt Cinchona Culture Java.
TAP-P-001338	P001338	named	G. L. Yonge	13	13	1882	1896	Secretary | Honorary Secretary | Honorary Secretary, Wynaad Planting and Mining Association | author of paper										
TAP-P-001339	P001339	named	G. M. Henry	13	12	1917	1937	author | Colombo Museum | Examiner | Assistant Entomologist, Dept. of Agric.										
TAP-P-001340	P001340	named	G. T. Nicholas	13	12	1893	1913	official met by Dr. Willis | author of the letter | supplier of coconuts | supplier of coconut seed										
TAP-P-001341	P001341	named	George Murray	13	9	1883	1900	took part in discussion | Keeper of Botany at the British Museum (Nat: Hist:) | Keeper of Botany, British Museum (Natural History) | Keeper of Botany, at the British Museum (natural history)	Q2003863	wd_auto	high							
TAP-P-001342	P001342	surname_pool	Grisebach	13	12	1882	1895	botanist | author of Flora British West Indian Islands | botanist authority | author	Q76351	wd_auto	high							
TAP-P-001343	P001343	named	H. Cumberbatch	13	13	1896	1902	Director | chairman | Member of the Thirty Committee | former Director										
TAP-P-001344	P001344	named	H. D. Lewis	13	13	1887	1902	author | sub-inspector of schools | Assistant Master of the Agricultural School, Colombo | sub-inspector of schools, Kandy, and late head-master										
TAP-P-001345	P001345	named	H. E. Annett	13	10	1909	1939	author | Agricultural Chemist | Professor of Comparative Pathology, University of Liverpool | Member, Department of Agriculture, India										
TAP-P-001346	P001346	named	H. S. Saunders	13	12	1883	1902	donor of seeds or plants | resident | Source of plants | exhibitor of garden perennials										
TAP-P-001347	P001347	named	H. Scoble Nicholson	13	8	1930	1933	Board member | Member of the Board | appointed to act | Agency representative										
TAP-P-001348	P001348	surname_pool	Heber	13	13	1881	1894	author of hymn | author of quoted sentiment | author quoted | author of word-picture of Ceylon										
TAP-P-001349	P001349	named	Henry Hopkinson	13	13	1888	1900	Chairman, late Chief Commissioner of Assam | compiler | resigned office | late chairman of the Indian Tea Association										adjudicated MIXED Q75615591 (medium): Dominant: General Henry Hopkinson C.S.I. (1820-99), ex-Chief Commissioner Assam, Indian Tea Assoc. Pools Mr Hopkinson Q.C., counsel.
TAP-P-001350	P001350	named	Humphry Davy	13	11	1887	1935	scientist | philosopher | quoted on crimping fish | brother of Sir Humphry Davy										
TAP-P-001351	P001351	named	J. B. Orr	13	12	1924	1945	author | Director of the Rowett Research Institute, Aberdeen | Director of the Rowett Research Institute | addressed the British Association on nutrition	Q315143	adjudicated	high							adjudicated LINK Q315143 (high): John Boyd Orr 1880-1971, nutritionist, DSO, Univ. Aberdeen; matches Dr J. B. Orr, D.S.O., Director of Rowett Research Institute.
TAP-P-001352	P001352	named	J. G. Macfarlane	13	13	1884	1897	exhibitor | Member | collector of specimens | prize winner							review			
TAP-P-001353	P001353	named	J. L. Anstruther	13	13	1887	1903	Director | correspondent | shareholder | Member										
TAP-P-001354	P001354	named	J. L. Stewart	13	11	1882	1944	botanist | speaker on leaf disease | Assam planter | member of committee										
TAP-P-001355	P001355	named	J. Lamb	13	13	1881	1945	Tea Technologist | Biochemist | exhibitor, Penang | Candidate for Tea Technologist					review					adjudicated NONE  (medium): J. Lamb, Tea Technologist/Biochemist, Tea Research Institute 1881-1945; only candidate a British artist (1892).
TAP-P-001356	P001356	named	J. Lewkowitsch	13	10	1900	1941	author of standard work | speaker | chair | chairman										
TAP-P-001357	P001357	named	J. M. MacMartin	13	10	1892	1904	director | Director | individual | director, Ardross Estate, Ceylon (vendor)						11121005	link	https://www.historyofceylontea.com/tea-planters/planters-registry/macmartin-j-m--11121005.html		
TAP-P-001358	P001358	named	J. Mahon	13	13	1897	1915	author | reporter to the Foreign Office | author of report | author of official report										adjudicated MIXED Q121391674 (medium): Mostly John Mahon 1870-1906 (Q121391674, curator Entebbe Botanic Garden, Uganda reports); also pools a Principal of Queensland Agricultural College.
TAP-P-001359	P001359	named	J. P. Anderson	13	12	1886	1909	Director, Estate Inspector | Visiting Agent | author | subscriber, Dolosbage					review	11116400	link	https://www.historyofceylontea.com/tea-planters/planters-registry/j-p-anderson--11116400.html		adjudicated NONE  (medium): Joseph P. Anderson, Kelani Valley visiting agent/director 1886-1909; candidate John Parker Anderson is a civil servant, different career.
TAP-P-001360	P001360	named	J. R. Foster	13	12	1894	1896	exhibitor of teas, coffee, cardamoms | Artistic decoration of Ceylon Court | recipient of tea grant | tea promoter										adjudicated NONE  (medium): J. R. Foster, Ceylon tea promoter, California/Chicago (Ceylon Court) 1894-96; candidate is an American photographer.
TAP-P-001361	P001361	named	J. Reynolds Green	13	13	1885	1902	author | Professor, D.Sc., F.R.S. | Professor | took part in discussion	Q15633424	adjudicated	high							adjudicated LINK Q15633424 (high): Joseph Reynolds Green 1848-1914, botanist/physiologist; matches Prof J. Reynolds Green D.Sc., F.R.S., Trinity College Cambridge.
TAP-P-001362	P001362	named	J. S. Valentine	13	13	1881	1896	Honorary Secretary | member | seconder of resolution | Hon Secy. T. P. A.										adjudicated NONE  (medium): J. S. Valentine, Hon. Secretary Travancore Planters' Association 1881-96; candidate John Sutherland Valentine is a civil engineer.
TAP-P-001363	P001363	named	J. Stanley M. Ross	13	12	1884	1902	manager of the properties | Manager | Manager in Ceylon | General Manager										
TAP-P-001364	P001364	named	J. T. White	13	11	1882	1897	Director | of Messrs. Murray, Robertson & Co. | director | Member of the Legislative Council										adjudicated NONE  (medium): James Thomas White, Murray Robertson & Co., Ceylon M.L.C. 1882-97; candidate an American publisher/poet.
TAP-P-001365	P001365	named	J. W. Vanderstraaten	13	12	1892	1903	Director | shareholder | purchaser | Committee of Management member										
TAP-P-001366	P001366	named	J. West Ridgeway	13	12	1896	1913	Governor | Governor of Ceylon | Retired Governor of Ceylon | Governor of the Colony	Q527319	wd_auto	high	kgp_col1930-p1070b10	auto					
TAP-P-001367	P001367	named	James Forbes (Jr.)	13	13	1931	1940	Member | member | Member of the Board | member of the Estate Products Committee										
TAP-P-001368	P001368	named	James Wright	13	13	1882	1928	of Kandaloja | visitor | predecessor of John Martin | Veteran planter, Dimbula district							review			adjudicated NONE  (medium): James Wright, veteran Dimbula planter (Union estate, Dambattenne) 1882-1928; candidates are modern namesakes.
TAP-P-001369	P001369	named	John B. Lawes	13	11	1882	1920	patent holder for dissolving mineral phosphates | author | author on 'The Action of Manures' | scientist at Rothamsted										
TAP-P-001370	P001370	named	John Bull	13	13	1881	1913	personification of Britain | personification of England | personification of the British public | personification of the English consumer	Q742971	adjudicated	medium						item is not typed as human (personification / legendary figure): check	adjudicated LINK Q742971 (medium): John Bull, national personification of the UK (not a human); matches 'personification of Britain' in cartoons. One stray 'arrowroot grower' mention.
TAP-P-001371	P001371	named	John Chinaman	13	13	1881	1910	coffee planter | gold seeker | reference to Chinese consumers | personification of Chinese laborer										
TAP-P-001372	P001372	named	John Drummond	13	13	1881	1901	correspondent | sender of cacao pod | writer | subscriber, Dolosbage							review			adjudicated NONE  (medium): John Drummond, Dolosbage cacao planter 1881-1901; candidates are stubs or unrelated.
TAP-P-001373	P001373	named	John Wilson	13	12	1887	1918	Director | present at conference | planter | signatory of memorandum							review			adjudicated MIXED  (medium): Pools Sir John Wilson, Governor/General Commanding Ceylon 1831-38 (Q16850621), Prof. John Wilson agriculturist (Q18917551) and a Nilambe planter/director.
TAP-P-001374	P001374	named	L. E. Campbell	13	11	1883	1922	Member | Mr. | committee member | author										
TAP-P-001375	P001375	surname_pool	Lord Derby	13	13	1881	1896	political figure | first Secretary of State for India | recipient of memorial | president, donor										
TAP-P-001376	P001376	surname_pool	Lourenz	13	13	1899	1901	Observer, Udukiriwila | Observer, Udukirilla | Observer, Uaukiriwila | Observer, Udukiwila										
TAP-P-001377	P001377	named	M. M. Ebrahim	13	13	1938	1944	Member | Member of the Board | member | absent member	Q47386337	adjudicated	medium							adjudicated LINK Q47386337 (medium): M. M. Ebrahim 1896-1957, Sri Lankan MP (UNP); matches Board member 1938-44. Initials and dates fit; no explicit Board role in WD.
TAP-P-001378	P001378	named	Marianne North	13	13	1882	1908	artist | artist, studying vegetation in Chili | owner of Gallery of Botanical Paintings | writer	Q271648	adjudicated	high							adjudicated LINK Q271648 (high): Marianne North 1830-90, English botanical painter and traveller; matches Miss North, artist, owner of the North Gallery at Kew.
TAP-P-001379	P001379	named	Monyram Dewan	13	13	1881	1899	official | seller of old tea patch | official commenting on financial results | chief minister										
TAP-P-001380	P001380	named	Oscar Loew	13	12	1908	1926	Physiologist | author | researcher | author of essay on Fermentation of Cacao and of Coffee										
TAP-P-001381	P001381	named	P. A. Dyke	13	11	1882	1911	Government Agent of the Northern Province | civilian and administrator | late, demonstrated vine growing | Government Agent of the Northern Provinces										
TAP-P-001382	P001382	named	R. B. Arthur	13	13	1881	1903	planter, Kirkoswald | correspondent | of Dikoya, suggested the work | tea planter, Aberdeen						11114546	link	https://www.historyofceylontea.com/tea-planters/planters-registry/arthur-r-b--11114546.html		
TAP-P-001383	P001383	named	R. C. Bowie	13	13	1882	1906	Director | director | subscriber, director | author										
TAP-P-001384	P001384	named	R. Hedger Wallace	13	13	1892	1912	author of the paper | lecturer | contributor | author of Malay Archipelago										adjudicated MIXED  (medium): Pools R. Hedger Wallace (paper-reader, Society of Arts) with Alfred Russel Wallace ('Malay Archipelago', durian). Auto-candidates (Robert Wallace) are wrong.
TAP-P-001385	P001385	named	R. M. Fernando	13	11	1917	1931	present | author | speaker on Poultry keeping | son of author, conducting cross-breeding experiment										
TAP-P-001386	P001386	named	R. Neville Rolfe	13	10	1920	1937	Member | member | speaker | Member of the Board										
TAP-P-001387	P001387	named	R. S. Templer	13	13	1900	1906	Director | of Messrs. Cumberbatch & Co. | former Director										
TAP-P-001388	P001388	named	R. T. Chelliah	13	6	1944	1945	member | Member | moved the resolution | Speaker supporting the motion										
TAP-P-001389	P001389	named	R. W. Forbes	13	13	1886	1904	Director | director | shareholder | Present at meeting										adjudicated NONE  (medium): Robert William Forbes, director of Ceylon companies, Philpot Lane 1886-1904; only candidate a modern researcher.
TAP-P-001390	P001390	named	R. W. Giles	13	11	1882	1887	author of 'Notes on the Pharmacy of Cinchona' | author | author of the paper | pharmacist										
TAP-P-001391	P001391	named	S. Samarakkody	13	12	1936	1944	Board member | Board Member, State Council representative | Sub-Committee member | Board Member	Q62537638	adjudicated	medium							adjudicated LINK Q62537638 (medium): Siripala Samarakkody 1907-1944, Ceylonese lawyer-politician; matches S. Samarakkody M.S.C., State Council representative on Board 1936-44.
TAP-P-001392	P001392	surname_pool	Stenhouse	13	12	1883	1898	analyst | analyst of coffee leaves | examined the seeds of the plant | chemist										
TAP-P-001393	P001393	named	Sulpiz Kurz	13	13	1887	1910	author | Curator of the Calcutta Herbarium | collector of wood specimens | private contributor	Q2587569	wd_auto	high							
TAP-P-001394	P001394	surname_pool	Swaddy	13	13	1881	1884	correspondent | author of the letter | author | author of paper on bees and leaf-disease										
TAP-P-001395	P001395	named	T. B. Ellepola	13	12	1921	1944	Member | Ratemahatmaya, Matale North | member | Ratemahatmaya										
TAP-P-001396	P001396	named	T. Fairhurst	13	12	1885	1903	land applicant | proprietor of Ferham and St. Andrews estates | Ceylon tea proprietor, owner of Ferham and St. Andrew's estates | Speaker on Oolongs							review			
TAP-P-001397	P001397	named	T. J. Ferguson	13	12	1883	1910	Calicut | of Messrs. Hinde and Co. | conductor of experiments | experimentor										adjudicated NONE  (medium): T. J. Ferguson of Hinde & Co., Calicut 1883-1910; only candidate an undated researcher.
TAP-P-001398	P001398	named	T. Stretch	13	13	1891	1901	member of Ceylon Association | Member | signatory, Billiter-square-buildings, E.C. | member of the Tea and Produce Committee										
TAP-P-001399	P001399	surname_pool	Van Imhoff	13	12	1883	1924	Governor | Dutch Governor of Colombo | formerly Governor of Ceylon, later Governor-General at Batavia | Governor-General	Q76744	adjudicated	high							adjudicated LINK Q76744 (high): Gustaaf Willem van Imhoff 1705-1750, Governor of Dutch Ceylon then Governor-General of Dutch East Indies; matches profile roles exactly. Later Imhoffs excluded.
TAP-P-001400	P001400	named	W. E. Maxwell	13	12	1883	1925	signed Official Note on behalf of Straits Government | reader of paper on The Malay Peninsula | Resident at Selangor | lecturer										adjudicated MIXED Q15854649 (medium): Pools Sir William Edward Maxwell 1846-97 (Resident Selangor, Malay papers) with Dr Walter Maxwell, Honolulu sugar expert/agricultural chemist.
TAP-P-001401	P001401	named	W. E. Mitchell	13	12	1890	1903	shareholder | member present | Director | Member present										
TAP-P-001402	P001402	named	W. H. Cowley	13	13	1888	1904	author of letter | Ceylon planter, German East Africa | planter in German East Africa | ex-Ceylon planter							review			
TAP-P-001403	P001403	named	W. McK.	13	13	1881	1901	correspondent | author | critic | V.A. (Visiting Agent), advocate for tea in Maskeliya										
TAP-P-001404	P001404	named	W. Prowett Ferdinands	13	13	1881	1900	correspondent | author of the letter | author of letter | author										
TAP-P-001405	P001405	named	W. R. Hindson	13	13	1887	1899	owner of Clifton, Cobham, and Nonoti estates | tea-growing in this country | original owner, managing director | tea planter, Nonoti										
TAP-P-001406	P001406	named	W. R. Thomson	13	12	1882	1941	scientist | Agricultural Officer, Agricultural Service Bureau for Calcium Cyanamide, Ceylon | supplied sample manures | author										
TAP-P-001407	P001407	named	Walter Agar	13	13	1883	1898	Director | correspondent | source of specimens | witness										
TAP-P-001408	P001408	named	Walter Towgood	13	13	1899	1917	author | manager, Geekianakanda | advocate of preventive destruction of nesting places										
TAP-P-001409	P001409	named	William Austin	13	13	1894	1902	Director | director | signatory, Sunnyside, South Norwood | prize winner										adjudicated NONE  (medium): William Austin, director of Ceylon tea companies (South Norwood) 1894-1902; candidates are unrelated.
TAP-P-001410	P001410	named	William Cotton Rohde	13	12	1884	1894	Managing Director | Director | shareholder | managing director										
TAP-P-001411	P001411	named	William Griffith	13	9	1882	1900	officiating Superintendent | private contributor | author | botanist and traveller	Q11705310	wd_auto	high							
TAP-P-001412	P001412	named	William Reid	13	11	1886	1903	old Demarara planter | associated with Spring Valley | Scotchman, married Princess Munda | Baronet, planter in Demerara, coffee enterprise in Ceylon										adjudicated NONE  (medium): Sir William Reid, Bart., Demerara planter, opened Spring Valley (Uva) coffee 1886-1903; candidates (General Reid 1791-1858, ministers, stubs) do not fit.
TAP-P-001413	P001413	named	A. B. Talgodapitiya	12	12	1919	1927	member | Member | member of Kandy Food Production Committee | member of committee										
TAP-P-001414	P001414	named	A. Brown	12	12	1892	1903	author of sketch of knife used at Gubat | defendant | friend of the author | former owner of Angamone							review			adjudicated NONE  (low): A. Brown of Glenfruen estate, director 1892-1903 (possibly several men); candidates are stubs/modern.
TAP-P-001415	P001415	named	A. Crabbe	12	12	1893	1903	Secretary | Secy. | subscriber to Association | merchant										
TAP-P-001416	P001416	named	A. Despeissis	12	12	1885	1925	author | author, late Consulting Viticulturist, Department of Agriculture, N. S. Wales | author of article on Planting | author, Western Australia										
TAP-P-001417	P001417	named	A. G. L. Dupuis	12	12	1884	1904	Director | late of Nayabedde | committee member | Consul										
TAP-P-001418	P001418	named	A. M. Gepp	12	10	1887	1896	author of the paper | lecturer | author of paper on tea cultivation | tea tasting instructor										
TAP-P-001419	P001419	named	A. M. Hurst	12	10	1887	1921	bidder at sale | proprietor | member of Committee | purchaser										
TAP-P-001420	P001420	named	A. P. Goonatillake	12	11	1908	1928	author | author, beekeeper | pioneer in apiculture | author of paper on Bee Culture										
TAP-P-001421	P001421	named	A. R. Ekanayake	12	12	1937	1943	member | Board Member | Board member | member of the Board										
TAP-P-001422	P001422	named	A. R. Sanderson	12	8	1922	1931	researcher | author | lecturer | author of the article	Q21607695	adjudicated	medium							adjudicated LINK Q21607695 (medium): Arthur Rufus Sanderson (alias A. R. Sanderson), British botanist/entomologist 1877-1932; matches A. R. Sanderson F.L.S., researcher on rubber vegetative characters 1922-31.
TAP-P-001423	P001423	named	A. Smythies	12	12	1882	1902	Assistant Conservator, in charge of the Jaunsa Division | author | Forest Service | Assistant Conservator of Forests, Central Provinces										
TAP-P-001424	P001424	named	A. T. Broadhurst	12	12	1886	1902	Manager | former owner of Patirajah | political figure | Visiting Agent										
TAP-P-001425	P001425	named	A. W. Kannangara	12	12	1926	1941	Assistant to the Agricultural Officer, Propaganda | attendee | visitor | Assistant to Agricultural Officer, Propaganda										
TAP-P-001426	P001426	named	A. W. Ruxton	12	12	1928	1931	absent member | member | Member | member of the committee										
TAP-P-001427	P001427	named	Alfred Chatterton	12	12	1884	1919	author | Director of Industries, Madras | author of the address | of the Madras Department of Industries	Q102242712	adjudicated	high							adjudicated LINK Q102242712 (high): Alfred Chatterton 1866-1958, 'British engineer and industry pioneer in India'; matches Director of Industries Madras, aluminium department, Mysore sandalwood oil.
TAP-P-001428	P001428	named	Alfred Horatio Bell Sharpe	12	12	1886	1908	inventor | Engineer, 32, Foss Bank, Lincoln | Engineer | Engineer, Lincoln										
TAP-P-001429	P001429	named	B. A. Keen	12	12	1915	1942	author | researcher at Rothamsted | Assistant Director, Rothamsted Experimental Station | scholar					review					
TAP-P-001430	P001430	named	B. Bunting	12	12	1915	1942	author | Agriculturist, Department of Agriculture, S.S. & F.M.S. | Agriculturist | Agriculturist to the Department of Agriculture, S.S. & F.M.S.				kgp_col1939-p952b14	auto					
TAP-P-001431	P001431	named	B. T. Galloway	12	11	1891	1937	author | Chief of Bureau | author of circular on mildew treatment | United States Department of Agriculture										
TAP-P-001432	P001432	named	C. A. Loos	12	10	1900	1942	author | Assistant in Mycology, Tea Research Institute of Ceylon | Mycologist and Assistant in Mycology, Tea Research Institute | photographer										adjudicated NONE  (medium): C. A. Loos, Assistant in Mycology, Tea Research Institute 1900-42; candidates German ornithologist, modern musicians.
TAP-P-001433	P001433	named	C. M. W. Davies	12	12	1939	1945	member | Visitor | vice the Chairman, Planters' Association of Ceylon | Acting Member										
TAP-P-001434	P001434	named	Claud Bald	12	12	1896	1931	author | author of book on Indian Tea | author of 'Indian Tea: its Culture and Manufacture' | Manager, Tukvar Co., Ltd., Darjeeling										
TAP-P-001435	P001435	surname_pool	Duke Bedford	12	12	1884	1914	author | Collector | solicitor for the conversion of Kew gardens | patron										
TAP-P-001436	P001436	named	E. C. A. Sharrer	12	9	1894	1901	proprietor | coffee planter | largest owner of estates | leading trader										
TAP-P-001437	P001437	named	E. D. Harrison	12	11	1896	1942	Director | valuer | Estate Inspector | late holder of estate						11123943	link	https://www.historyofceylontea.com/tea-planters/planters-registry/harrison-e-d--11123943.html		
TAP-P-001438	P001438	named	E. H. Skrine	12	11	1882	1901	author of letter | correspondent | member of the Committee | defendant, Osborne estate, Dikoya						11114697	link	https://www.historyofceylontea.com/tea-planters/planters-registry/skrine-e-h--11114697.html		
TAP-P-001439	P001439	named	E. Jeffries	12	12	1890	1902	Director | committee member | member of Committee | leased and worked the estate in cocoa, coconuts, pepper, and arecanuts										
TAP-P-001440	P001440	named	E. L. Cleaver	12	7	1882	1885	chemist | conducting experiments | manufacturer of febrifuges at Calicut | sender of samples										
TAP-P-001441	P001441	named	F. A. Roberts	12	12	1882	1904	Secretary | committee member | member | member of the general committee										
TAP-P-001442	P001442	named	F. A. Swettenham	12	11	1887	1910	Resident-General | recipient of letter | British Resident | Administrator of Perak	Q4209641	wd_auto+colist_kg	high	kgp_dol1935-p1006b3	auto					
TAP-P-001443	P001443	named	F. Booth-Tucker	12	12	1899	1914	Commissioner | author | Commissioner of the Salvation Army | Salvation Army official	Q5497396	adjudicated	high							adjudicated LINK Q5497396 (high): Frederick Booth-Tucker 1853-1929, position held Commissioner in The Salvation Army; matches Commissioner Booth-Tucker, silk farm visits.
TAP-P-001444	P001444	named	F. M. Laurie	12	12	1894	1906	Director | Shareholder | director | shareholder										
TAP-P-001445	P001445	named	Forbes Royle	12	10	1884	1903	botanist | author of book | author of a book quoted | experimented with rhea fibre strength	Q713874	adjudicated	high							adjudicated LINK Q713874 (high): John Forbes Royle 1799-1858, British botanist/physician; matches Dr Forbes Royle, author of 'Fibrous Plants of India'; cited posthumously.
TAP-P-001446	P001446	named	G. A. Marinitsch	12	12	1888	1904	Agent of the Austro-Hungarian Lloyd's | applicant | importer of tea shooks | Correspondent										
TAP-P-001447	P001447	named	G. F. Abayakoon	12	11	1920	1927	Hony. Secretary | Kachcheri Mudaliyar | Agricultural Instructor | Hon. Secretary										
TAP-P-001448	P001448	named	G. F. Deane	12	12	1890	1910	Manager | witness, Dmbetenne | Manager of Loole Condura | Manager of Loolecondra estate							review			
TAP-P-001449	P001449	named	G. F. Plant	12	11	1906	1917	Assistant Government Agent, Kalutara | Assistant Government Agent | Assistant Government Agent of Kalutara | successor to Mr. Conroy				kgp_col1939-p1080b15	auto					
TAP-P-001450	P001450	named	G. H. Gollidge	12	12	1904	1924	member | committee member | planter | Member										
TAP-P-001451	P001451	named	G. W. Drummond	12	12	1893	1897	reporter, Kearsney | of Kearney | tea grower, Kearsney | tea planter, Kearsney										
TAP-P-001452	P001452	named	George Vanderspar	12	12	1891	1906	shareholder | Director | Italian Consul | contract party	Q17421984	adjudicated	medium							adjudicated LINK Q17421984 (medium): George Augustus Hunter Vanderspar 1858-1940, born Galle (Ceylon), cricketer; rare name and Ceylon birth fit Colombo shareholder/director, Italian Consul 1891-1906.
TAP-P-001453	P001453	named	H. A. Beachcroft	12	12	1898	1918	member of the Committee of Agricultural Experiments | Visitor | Present at meeting | member of the Committee										
TAP-P-001454	P001454	named	H. C. Henricksen	12	9	1906	1930	author | author, Havana | Specialist in Farm Management | author quoted for yield data										
TAP-P-001455	P001455	named	H. C. Pinching	12	9	1919	1928	author of Sections I and II | Mycologist, Rubber Growers' Association | lecturer | Senior Scientific Officer of the Rubber Growers Association										
TAP-P-001456	P001456	named	H. G. Smith	12	10	1897	1924	Technological Museum, Sydney | chemist, collaborator on manna and eucalyptus oil | Chemist/Analyst | analyst of oil samples										adjudicated NONE  (low): Henry G. Smith F.C.S., chemist, Technological Museum Sydney (eucalyptus oils) 1897-1924; candidates (entomologist, US judge, etc.) do not fit.
TAP-P-001457	P001457	named	H. Huttenbach	12	12	1892	1899	proprietor | proprietor and manager | representative of Selangor estate | Hon. Secretary										
TAP-P-001458	P001458	named	H. Inglis	12	12	1888	1914	member | correspondent | Nominated Member, Western Province | Board member										
TAP-P-001459	P001459	named	H. M. Darby	12	12	1895	1908	member | Member | elected member | conducted the author over the property										
TAP-P-001460	P001460	named	H. Mackenzie	12	10	1886	1890	representative | Melbourne | Ceylon Planter, pushing teas in Australia | recipient of grant										adjudicated NONE  (medium): Hugh Mackenzie, Ceylon planter promoting tea in Melbourne 1886-90; candidate is a NZ geologist.
TAP-P-001461	P001461	named	H. O. Forbes	12	11	1883	1899	author | collector | English traveller | author, F. R. G. S.	Q1349901	adjudicated	high							adjudicated LINK Q1349901 (high): Henry Ogg Forbes 1851-1932, explorer/botanist/ornithologist; matches H. O. Forbes, collector in New Guinea/Timor Laut, Director of Liverpool Museums.
TAP-P-001462	P001462	named	H. R. Briton-Jones	12	10	1927	1941	Trinidad | author | researcher in West Indies | Professor of Mycology and Bacteriology, Imperial College of Tropical Agriculture										
TAP-P-001463	P001463	named	H. S. Thomas	12	12	1884	1922	of the Madras Civil Service, supplied fish | c.s. | sender of shell specimens | author of the "Rod in India"										
TAP-P-001464	P001464	named	H. St C. Bowle Evans	12	12	1895	1908	Director | Superintendent | Chairman, Director | purchaser										
TAP-P-001465	P001465	named	H. W. Boyagoda	12	12	1906	1922	Ratemahatmaya | Acting Ratemahatmeya | Member | Committee Member										
TAP-P-001466	P001466	named	H. W. Hornby	12	11	1886	1904	director | Director | signatory | correspondent										
TAP-P-001467	P001467	named	Hans Sloane	12	12	1881	1920	collector of materials | author referencing Chocho | writer | collector of seeds	Q310326	adjudicated	high							adjudicated LINK Q310326 (high): Sir Hans Sloane 1660-1753, physician/naturalist; matches author of The Natural History of Jamaica, collector. Cited historically.
TAP-P-001468	P001468	named	Hugh Blacklaw	12	12	1884	1900	Vendor | member, Ambegamuwa | Ambagamuwa | director										
TAP-P-001469	P001469	named	J. A. Campbell	12	12	1881	1913	selected trees for analysis | member of the planting community | planter | sent samples of bark from Ceylon						11117448	link	https://www.historyofceylontea.com/tea-planters/planters-registry/j-a-campbell--11117448.html		adjudicated NONE  (medium): J. A. Campbell of Waltrim, Lindula planter 1881-1913; candidates (US jurist, Scottish architect, US college president) do not fit.
TAP-P-001470	P001470	named	J. A. Martin	12	11	1893	1898	shareholder | Director | grocer, London | director										adjudicated NONE  (low): John Albert Martin, London grocer and shareholder 1893-98; candidates are stubs.
TAP-P-001471	P001471	named	J. A. V. Perera	12	11	1910	1923	beekeeper | bee-keeper, Regent Street, Colombo | working committee member | local beekeeper										
TAP-P-001472	P001472	named	J. Allanson Picton	12	10	1888	1896	Member of Parliament | member for Leicester | proposer of motion for free breakfast table | protester against tea duty	Q6128609	wd_auto	high							
TAP-P-001473	P001473	named	J. Carson-Parker	12	10	1928	1933	visitor | member, Estate Products Committee | Chairman, Uva P.A. | Chairman of the Uva District Planters' Association										
TAP-P-001474	P001474	named	J. E. Senaratna	12	10	1936	1943	Assistant in Systematic Botany | photographer | Department of Agriculture, Ceylon | author										
TAP-P-001475	P001475	named	J. G. MacVicar	12	12	1885	1901	author | Scottish Chaplain at Colombo, agriculturist | Scottish chaplain | first Chaplain of the Scotch Church in Ceylon										
TAP-P-001476	P001476	named	J. H. Roberts	12	11	1883	1893	partner in Messrs. S. Rucker & Co. | director | merchant or agent | tea broker, London										adjudicated NONE  (medium): J. Henry Roberts, partner S. Rucker & Co., London tea broker 1883-93; only candidate a modern researcher.
TAP-P-001477	P001477	named	J. M. Maitland-Kirwan	12	12	1888	1899	correspondent, 38, Mincing-lane | proprietor | passenger on P. & O. steamer, inspector of properties | correspondent from Moscow										
TAP-P-001478	P001478	named	J. R. W. Pigott	12	12	1889	1908	Asst. Administrator, Imperial British East Africa Co. | formerly of Dikoya and Matala | Acting Administrator | ex-Ceylon planter, representative of the Company						11128346	link	https://www.historyofceylontea.com/tea-planters/planters-registry/pigott-j-r-w--11128346.html		
TAP-P-001479	P001479	named	James F. W. Johnston	12	11	1884	1898	Agricultural Chemist | author of works on agricultural chemistry | lecturer on agricultural chemistry, Edinburgh | author										
TAP-P-001480	P001480	named	James Hill	12	10	1886	1906	Director | signatory | shareholder | Provisional Director							review			adjudicated NONE  (medium): James Hill, owner of Harrington, proprietor Kodanaad estate, director 1886-1906; candidates are modern namesakes.
TAP-P-001481	P001481	named	James Pink	12	12	1883	1918	of the Botanic Gardens | author | author of paper on hybridisation | author, Brisbane Botanic Gardens										
TAP-P-001482	P001482	named	John A. Perera	12	12	1918	1932	Member of the Board | Member | Member, Board of Management | Member, J.P., U.P.M.										
TAP-P-001483	P001483	named	John Bailey	12	11	1883	1912	Resident Manager | official in attendance | Civil Service | Assistant Agent for Uva				kgp_col1897-p458b6	auto					adjudicated NONE  (medium): John Bailey, Ceylon Civil Service, Assistant Agent Badulla/Uva 1883-1912; candidates modern Americans/British actors.
TAP-P-001484	P001484	named	John Keith Jolly	12	11	1883	1900	pioneer of the colony | First Chairman of the Planters' Association | First Chairman of the Planters' Association of Ceylon; Proprietary Planter | Chairman										
TAP-P-001485	P001485	named	John Kyle	12	11	1881	1899	concrete, Colombo | M.I.C.E., Executive Engineer | exhibitor, Breakwater concrete | diver owner										adjudicated NONE  (medium): John Kyle M.I.C.E., executive engineer Colombo Harbour Works 1881-99; candidates are a US politician and a researcher.
TAP-P-001486	P001486	named	L. J. M. Peiris	12	12	1937	1941	Board member | Member of the Board | member of the Board | Member of the Board of Management										
TAP-P-001487	P001487	surname_pool	Lady de Soysa	12	11	1892	1900	employer of W. E. Fernando | owner of Mausa | proprietor | Proprietor of extensive coconut, cinnamon and other lowcountry estates										
TAP-P-001488	P001488	surname_pool	Lord Brassey	12	10	1888	1902	Chairman | shareholder | petitioner for the Charter | chair										
TAP-P-001489	P001489	named	M. B. Boange	12	12	1920	1945	Agricultural Instructor | Junior Staff | Wahacotte | Agricultural Instructor, Wahacotte										
TAP-P-001490	P001490	named	M. Pasteur	12	12	1882	1895	scientist | vaccination researcher | vaccinator, scientist | discoverer of cattle vaccination										
TAP-P-001491	P001491	named	Maurice Holtze	12	11	1882	1907	director of the Port Darwin Botanic Garden | Director of the Gardens | Director of the Palmerston gardens | Director of the garden	Q6793541	adjudicated	high	kgp_col1909-p733b17	auto					adjudicated LINK Q6793541 (high): Maurice William Holtze 1840-1923, German botanist (alias Maurice Holtze); matches Director of Port Darwin/Palmerston Botanic Garden.
TAP-P-001492	P001492	named	N. Cantley	12	12	1883	1903	Superintendent of the Botanical Gardens, Singapore | Superintendent | Superintendent of the Botanic Garden, Singapore | author of the report on forests	Q21390352	wd_auto	high							
TAP-P-001493	P001493	named	N. Marshall	12	11	1921	1939	Divisional Agricultural Officer, Northern Division | Divisional Agricultural Officer | author | Participant in discussion										
TAP-P-001494	P001494	named	Otto Kuntze	12	12	1883	1919	botanist | author | botanical authority | botanist asserting hybrid origin	Q62853	wd_auto	high							
TAP-P-001495	P001495	named	P. G. Spence	12	12	1888	1903	Chairman | Director | shareholder | advocate for Ceylon Planters										
TAP-P-001496	P001496	named	P. Van de Bona	12	12	1894	1895	recorder | recorder of rainfall | student, Agriculture (Practical) and Mathematics										
TAP-P-001497	P001497	surname_pool	Palla	12	12	1881	1902	supplier of silkworm eggs | introducing silkworm rearing | silkworm cultivator | benevolent attempts to establish the silk industry in Ceylon										adjudicated NONE  (medium): Rev. Father Palla, R.C. Mission Galle, silkworm experimenter 1881-1902; candidate Eduard Palla (Austrian botanist) is a different person.
TAP-P-001498	P001498	surname_pool	Pugh	12	12	1885	1938	researcher | investigator | agricultural chemist | experimenter on plant nitrogen assimilation										adjudicated MIXED  (low): 'Pugh' pools Dr Pugh, Rothamsted researcher on plant nitrogen assimilation (likely Evan Pugh, not found) and Colonel Pugh, factory owner in Ceylon.
TAP-P-001499	P001499	named	R. A. Galton	12	12	1896	1906	Member | member | Member of the Thirty Committee | Managing Director										
TAP-P-001500	P001500	named	R. A. Senior White	12	10	1919	1924	Honorary Secretary | Hony. Secretary | Nominated by Food Production Committee, Central Province (Matale) | Hon. Secretary										adjudicated UNSURE Q7364625 (medium): Q7364625 Ronald A. Senior-White 1891-1954, entomologist (malaria); distinctive name and dates fit R. A. Senior White, Hon. Secretary (Matale/Kandy) 1919-24, but no Ceylon fact in WD.
TAP-P-001501	P001501	named	R. A. Senior-White	12	11	1914	1921	Honorary Secretary | visitor | of Suduganga Estate, Matale | member	Q7364625	adjudicated	medium							adjudicated LINK Q7364625 (medium): Ronald A. Senior-White 1891-1954, British entomologist; matches Ronald A. Senior-White of Suduganga Estate Matale, Board member 1914-21. Role match is partial.
TAP-P-001502	P001502	named	R. A. Sharrocks	12	12	1934	1939	Board member | Acting member | member | Acting Member of the Board										
TAP-P-001503	P001503	named	R. G. Shaw	12	12	1888	1899	Member of the Special Committee | member, Assam, Frontier Co. | Attendee | Member of the American and Foreign Tea Committee										adjudicated NONE  (medium): Robert Gordon Shaw, London tea committee member (Assam Frontier Co.) 1888-99; candidate Robert Gould Shaw (d.1863) excluded.
TAP-P-001504	P001504	named	R. Pantling	12	11	1881	1900	of Alnwick | of the Cinchona Plantation, supervisor of native collectors | Deputy-Superintendent of the Cinchona plantation | former second assistant, transferred to Calcutta	Q4385599	adjudicated	high							adjudicated LINK Q4385599 (high): Robert Pantling 1856-1910, botanist and scientific illustrator; matches R. Pantling, Deputy Supt Cinchona Plantation Sikkim/Calcutta.
TAP-P-001505	P001505	named	R. S. Imray	12	11	1890	1902	Committee member | Chairman | Committee | member										
TAP-P-001506	P001506	named	R. W. Sindall	12	11	1906	1915	investigating on behalf of the India Office | British authority on wood pulp | expert who visited Burma to report on paper-making | London Paper expert										
TAP-P-001507	P001507	named	R. Warrington	12	12	1882	1900	author | Agricultural Laboratory, Rothamstead | researcher at Rothamstead | author of letter in Nature										
TAP-P-001508	P001508	named	Robert Craig	12	12	1882	1910	coffee and sugar planter | sugar planter | advised on Bonemeal | writer opposing scheme										adjudicated NONE  (medium): Robert Craig, Jamaica/Ceylon coffee and sugar planter 1882-1910; candidates are unrelated.
TAP-P-001509	P001509	named	Robert Giffen	12	12	1887	1902	statistic | author of letters to the Times on financial outlook | Chancellor of the Exchequer | proposed tea duty increase	Q961773	wd_auto	high							
TAP-P-001510	P001510	named	Robert Hartig	12	12	1886	1914	pioneer in the study of forest-tree pathology | author of the book | proponent of the Nutrition Theory | author of timber book	Q76004	wd_auto	high							
TAP-P-001511	P001511	named	Robert Trefusis	12	12	1919	1924	Private Secretary to His Excellency the Governor | Private Secretary | visitor | Hon'ble, Visitor										adjudicated NONE  (low): Hon. Robert Trefusis, Private Secretary to Governor of Ceylon 1919-24; candidates are bishop (1843-1930), 18th-c MP and undated peerage stubs.
TAP-P-001512	P001512	named	Roland Trimen	12	8	1883	1900	Director of the South African Museum | Kew authority, retained cocoa plants | botanist, Kew | Director of the South African Museum, entomologist	Q932702	wd_auto	high	kgp_col1888-p550b18	auto					
TAP-P-001513	P001513	named	Rudyard Kipling	12	12	1890	1908	author | poet | author of contribution | author quoted										
TAP-P-001514	P001514	named	S. M. P. Vanderkoen	12	12	1929	1933	absent member | member, Estate Products Committee | Mudaliyar | member					review					
TAP-P-001515	P001515	named	S. W. Foulkes	12	11	1881	1891	care of Panadure property | Special Agencies for the sale of Ceylon Teas | tea dealer, Melbourne | ex-Ceylon planter										
TAP-P-001516	P001516	named	Stuart Cranston	12	11	1882	1896	Glasgow grocer | author of the letter | tea dealer, Glasgow | author of the pamphlet										adjudicated NONE  (medium): Stuart Cranston, Glasgow tea dealer and pamphleteer 1882-96; candidate Q18528514 is Kate Cranston (sister) record. Not him.
TAP-P-001517	P001517	named	T. A. Williams	12	10	1898	1910	Secretary | Blackwood Coffee Company | Secretary and Officers | Secy.										adjudicated NONE  (medium): Thornton A. Williams, Secretary, Blackwood Coffee Co., London 1898-1910; candidates US botanist d.1900, NZ ironfounder.
TAP-P-001518	P001518	named	T. B. Campbell	12	11	1890	1906	Director | Shareholder | purchaser | Secretary										
TAP-P-001519	P001519	named	T. B. L. Moonemale	12	12	1914	1928	Hon'ble | Member | recipient of brood lac | present										
TAP-P-001520	P001520	named	T. E. T. Bond	12	11	1940	1945	author | Assistant Mycologist | Phloem necrosis research officer | Mycology Division, Tea Research Institute of Ceylon										
TAP-P-001521	P001521	named	T. J. Lawrence	12	11	1888	1906	Director | speaker | retiring Director | director										adjudicated NONE  (medium): T. J. Lawrence, London merchant/director 1888-1906; candidate Thomas Joseph Lawrence (international lawyer) does not fit.
TAP-P-001522	P001522	named	T. J. Wilson	12	12	1908	1932	member | Secretary of the Nizam Club (Hyderabad), new member | Ratemahatmaya of Walapane | present										
TAP-P-001523	P001523	named	T. N. Bagnall	12	11	1897	1904	sportsman, trout culture | fisherman | Committee member, in charge of trout cultural operations | Trout culture officer										
TAP-P-001524	P001524	surname_pool	Vishnu	12	11	1884	1915	deity | Hindu god | deity to whom the tree is sacred | deity worshipped with Tulasi										
TAP-P-001525	P001525	named	W. C. Gibson	12	10	1884	1921	Colonial Secretary | former Colonial Secretary | Master Attendant | first member of new Civil Service	Q16466646	adjudicated	medium	kgp_col1867-p231b3	auto					adjudicated LINK Q16466646 (medium): W. C. Gibson, British colonial official, position held Colonial Secretary of Ceylon; matches William Charles Gibson, Colonial Secretary. WD has no dates.
TAP-P-001526	P001526	named	W. Cross Buchanan	12	12	1888	1904	Director | Dimbula | Dimbula and Kandy | member, Dimbulla and Kandy										
TAP-P-001527	P001527	named	W. G. Sandison	12	12	1883	1895	author | planter, Rakwana, Maskeliya, and Kuruvitte | donor of seeds or plants | planter, Sana estate						11121618	link	https://www.historyofceylontea.com/tea-planters/planters-registry/sandison-w-g--11121618.html		
TAP-P-001528	P001528	named	W. G. Vallipuram	12	12	1919	1928	Office Assistant, Secretary | Office Assistant to A. G. A. | Secretary | Office Assistant				kgp_col1927-p1054b4	auto					
TAP-P-001529	P001529	named	W. M. Crocker	12	11	1881	1926	of Sarawak | gentleman of long local experience | Assistant Commissioner | author of remarks on sago cultivation										
TAP-P-001530	P001530	named	W. N. C. Belgrave	12	11	1918	1935	author | compiler of the bulletin | author of cited study | expert				kgp_col1940-p877b3	auto					
TAP-P-001531	P001531	named	W. N. Tisdall	12	12	1898	1912	Manager of the estate | V.A. to Blackwater | present at the meeting | member of the Committee							review			
TAP-P-001532	P001532	named	W. W. Froggatt	12	12	1897	1927	author | Entomologist | Government Entomologist | Entomologist to the Department of Agriculture	Q3565925	wd_auto	high							
TAP-P-001533	P001533	named	William Bois	12	8	1885	1892	Secretary | Secy.										
TAP-P-001534	P001534	named	William Kynsey	12	12	1887	1900	official | retired | author of leading article | medical officer, Colombo				kgp_col1905-p671b8	auto					
TAP-P-001535	P001535	named	William Mitchell	12	12	1882	1908	author of the letter | correspondent | juror in the Portswood tea factory | Manager, K. V. T. Asso. Ltd.					review					adjudicated NONE  (medium): Sir William Mitchell, Ceylon commercial representative, K.V.T. Assoc. manager 1882-1908; candidates are unrelated politicians.
TAP-P-001536	P001536	named	William Walker	12	9	1881	1897	London | owner of the garden at Strathkinness | tea taster | member of the Calcutta House										adjudicated NONE  (medium): William Walker of James Finlay & Co., founder of Walker Brothers Ceylon 1881-97; candidates (composer, naval officers, mayor) do not fit.
TAP-P-001537	P001537	named	A. Campbell	11	9	1883	1896	speaker on cinchona shaving | member of Sub-Committee | planter | tester of the machine	Q43555062	wd_auto	high							
TAP-P-001538	P001538	named	A. Cooke	11	11	1893	1903	proposer of a scheme for a tea reserve | tea manufacturer, Chota Nagore Tea Company | of Chola Nagpore | author of a scheme for regulating tea sale										adjudicated NONE  (medium): Augustine Cooke, Chota Nagpore tea planter, tea-reserve scheme 1893-1903; candidate is a bare peerage stub.
TAP-P-001539	P001539	named	A. De Bary	11	10	1881	1899	botanist | of Strasbourg | researcher | scientist cited regarding disease hibernation	Q58806	wd_auto	high							
TAP-P-001540	P001540	named	A. F. Dowling	11	5	1885	1902	compiler, of the Kormahal Association, Chittagong | author, manager of Kornafuli Association | estate manager | author of the article										
TAP-P-001541	P001541	named	A. Forsyth	11	10	1888	1908	ex-Ceylon man | of Messrs. Delmege, Reid & Co. | coffee planter, Medan, Deli | planter										
TAP-P-001542	P001542	named	A. M. Forbes	11	11	1893	1904	purchaser | managing Director of The Panawal Tea Company | shareholder | member of Ceylon Planters' party										
TAP-P-001543	P001543	named	A. M. Walker	11	9	1883	1922	acting Conservator of Forests | Assistant Conservator, Southern Province | student at Dehra Dun forest school | senior Assistant Conservator										
TAP-P-001544	P001544	named	A. N. Birch	11	9	1884	1895	present at the meeting | C.M.G., Commissioner | Executive Commissioner for Ceylon, Chairman | Member of Sub-Committee	Q4798011	colist_kg	high	kgp_col1888-p440b8	auto					
TAP-P-001545	P001545	named	A. Tocher	11	11	1896	1913	of Messrs. Duncan Bros. & Co. | member of General Committee | Sub-Committee member | Vice Chairman										
TAP-P-001546	P001546	named	A. Wanderer	11	11	1891	1900	correspondent | author of notes | author of circular notes | author										
TAP-P-001547	P001547	named	Alexander Johnstone	11	10	1887	1895	Edinburgh University | Professor, Edinburgh University | late of the Edinburgh University | lent picture										adjudicated MIXED  (medium): Pools 'Professor Johnstone' of Edinburgh, author of 'Chemistry of Common Life' (really J. F. W. Johnston) with Sir Alexander Johnstone of Ceylon. No candidate fits.
TAP-P-001548	P001548	named	Alfred L. Jones	11	11	1893	1910	head of Liverpool syndicate | Liverpool shipowner | author | President										
TAP-P-001549	P001549	named	Asa Gray	11	11	1883	1920	botanist | author of a paper on weeds | author of note | author	Q347356	wd_auto	high		review					
TAP-P-001550	P001550	named	Augustus Adderley	11	10	1886	1901	author | Royal and Executive Commissioner | author of sketch in Official Hand-book | author of paper on the West Indies				kgp_col1905-p603b14	auto					
TAP-P-001551	P001551	named	Bernard Coventry	11	11	1888	1937	Manager of the Dalsing-Serai indigo concern, appointed Principal | Director of the Agricultural Research Institute, and Principal of the Agricultur | Director of Agricultural Research College, Pusa | expert on tobacco curing	Q75590690	wd_auto	high							
TAP-P-001552	P001552	surname_pool	Bretschneider	11	10	1882	1912	author on Chinese varnish | physician to the Russian Legation, Pekin | scholar | quoted D'Entrecalles	Q551845	adjudicated	high							adjudicated LINK Q551845 (high): Emil Bretschneider 1833-1901, physician, sinologist, botanist; matches Dr Bretschneider, physician to Russian Legation Peking, Chinese botanical works.
TAP-P-001553	P001553	named	C. B. R. King	11	11	1929	1945	Entomologist | Senior Scientific Staff | Invited guest | visitor										
TAP-P-001554	P001554	named	C. C. T. Sharp	11	11	1927	1945	Botanist | temporary Botanist | Author of The History and Description of Clones of Hevea Brasiliensis | Botanist, Rubber Research Scheme										
TAP-P-001555	P001555	named	C. E. Welldon	11	11	1883	1929	donor of seeds or plants | Honry. Secretary | Dimbula planter | Ceylon planter						11119676	link	https://www.historyofceylontea.com/tea-planters/planters-registry/welldon-c-e--11119676.html		
TAP-P-001556	P001556	named	C. H. Wood	11	9	1881	1900	chemist | author | author of letter | late Government Quinologist, Bengal										adjudicated MIXED  (medium): Pools C. H. Wood F.C.S., Government Quinologist Bengal (not found) with Sir Charles Wood, Secretary of State. Candidate postal official does not fit.
TAP-P-001557	P001557	named	C. J. Rowe	11	11	1889	1900	author | Director | author of letter | advocate for abolition of tea duty										
TAP-P-001558	P001558	named	C. L. Willdenow	11	10	1883	1908	botanist | botanist associated with P. odoratissimum										
TAP-P-001559	P001559	named	C. M. Fernando	11	11	1891	1938	present | Attendee | author of letter on Sigiriya Frescoes | Council member										
TAP-P-001560	P001560	named	C. O. Naftel	11	10	1888	1904	Pussellawa planter, Visiting Agent to Messrs. Cumberbatch & Co., late Inspector  | late Inspector of Plantations in Ceylon | author of report | gentleman in Mexico						11129046	link	https://www.historyofceylontea.com/tea-planters/planters-registry/naftel-c-o--11129046.html		
TAP-P-001561	P001561	named	C. Ragunathan	11	10	1920	1930	Assistant Registrar of Co-operative Societies | lecturer | transferred to Division of Mycology | member of staff, Department of Agriculture										
TAP-P-001562	P001562	named	C. W. Jones	11	11	1913	1927	author | Hon. Secretary and Treasurer | took cock to England | Honorary Secretary, Ceylon Poultry Club										adjudicated NONE  (medium): C. W. Jones, Hon. Secretary Ceylon Poultry Club 1913-27; candidate is an Australian politician.
TAP-P-001563	P001563	named	Charles Bruce	11	11	1882	1906	Governor | Committee member | author of article in New Review | author	Q5075843	wd_auto	high		review					
TAP-P-001564	P001564	named	Charles Byrde	11	9	1883	1897	of Ambalangoda | accompanying Mr. Bettison | veteran, purchaser of coconut estates | purchaser of the estates						11120672	link	https://www.historyofceylontea.com/tea-planters/planters-registry/c-byrde--11120672.html		
TAP-P-001565	P001565	named	Cosmo Newbery	11	10	1881	1911	analyst | supervisor of analyses | reporter on quartz character | Industrial and Technological Museum Laboratory										
TAP-P-001566	P001566	surname_pool	Czar	11	11	1891	1931	Russian ruler | owner of mines | reigning | rules over 120,000,000										
TAP-P-001567	P001567	named	Douglas R. Smith	11	11	1882	1899	Secretary | secretary | Scottish Ceylon Tea Company | author of the report										adjudicated NONE  (medium): Douglas R. Smith, Secretary Scottish Ceylon Tea Co. 1882-99; candidates modern PhD and botanist b.1930.
TAP-P-001568	P001568	surname_pool	Duke Argyll	11	11	1881	1901	Secretary of State | first to see the value of the improvement suggested | contributor | absent from the meeting										
TAP-P-001569	P001569	named	E. De Wildeman	11	11	1901	1915	author | botanist | Curator of the Botanical Gardens at Brussels | read a paper on African rubber vines	Q2628388	wd_auto	high							
TAP-P-001570	P001570	named	E. F. Tranchell	11	11	1883	1906	Director | author of the letter | signatory and director | Chairman					review					
TAP-P-001571	P001571	named	E. Heckel	11	10	1885	1912	author | author of original article | researcher | author of the article										
TAP-P-001572	P001572	named	E. Ludovici	11	9	1892	1921	Unofficial Member, Southern Province | author | Nominated Member, Southern Province | Board member										
TAP-P-001573	P001573	named	E. O. Darley	11	11	1895	1901	formerly of the Knuckles | old Ceylon planter | author, ex-Ceylon Planter | Knuckles coffee planter										
TAP-P-001574	P001574	named	E. W. Glanville	11	11	1899	1900	manager, St. John Del Rey | St. John Del Rey, Bogawantalawa										
TAP-P-001575	P001575	named	E. Wollny	11	11	1882	1919	German agriculturist | observer of soil temperature | conducted experiments with artificial fertilisers | author of papers on soil moisture										
TAP-P-001576	P001576	surname_pool	Earl Kimberley	11	10	1881	1901	Secretary of State | Her Majesty's Principal Secretary of State for the Colonies | declined memorial on railway extension | Secretary of State for the Colonies										
TAP-P-001577	P001577	named	Everard Im Thurn	11	10	1883	1913	Colonial Secretary | on the platform | author | Governor of Fiji	Q717391	wd_auto	high							
TAP-P-001578	P001578	named	F. Gleadow	11	11	1897	1903	author | correspondent | author of the review | correspondent on Poinciana Elata										
TAP-P-001579	P001579	named	Francis A. Bringloe	11	10	1890	1901	Secretary | secretary										
TAP-P-001580	P001580	named	Frederick Nicholson	11	10	1908	1924	I.C.S., K.C.M.G., authority on agriculture in the Civil Service of India | eminent Madras civilian | appointed to make a special inquiry into co-operative credit | Lecturer, honorary member of the Industrial Missionary Conference										adjudicated UNSURE Q76115598 (low): Q76115598 Frederick Nicholson b.1864 (genealogy stub) has no role; profile is Sir Frederick Nicholson ICS KCIE, Madras co-operative credit 1908-24. Search found no better item.
TAP-P-001581	P001581	named	G. C. Rambukpota	11	11	1936	1942	Member | absent member | member, nominated by Uva District Agricultural Committee | Member of the Board										
TAP-P-001582	P001582	named	G. D. Jamieson	11	10	1882	1904	author of letter | shipped large quantities of Ceylon tea to New Zealand | visitor to Ceylon | witness for defence, Mariawatte										
TAP-P-001583	P001583	named	G. D. Miller	11	10	1887	1899	correspondent | owner of Rajakaduluwa estate | planter, Rajakadaluwa | pioneer, European planter						11115185	link	https://www.historyofceylontea.com/tea-planters/planters-registry/miller-g-d--11115185.html		
TAP-P-001584	P001584	named	G. Seeligmann	11	7	1898	1908	author | author of 'Le Caoutchouc et la Gutta-percha' | author of work on caoutchouc preparation | author of cited work										
TAP-P-001585	P001585	named	G. V. Wickremasekera	11	10	1922	1945	Acting Economic Botanist | Assistant Farm School Officer | Visitor | author										
TAP-P-001586	P001586	named	Gabrielle L. C. Howard	11	11	1910	1929	author | wife of Albert Howard | Second Imperial Economic Botanist, India | Second Imperial Economic Botanist										
TAP-P-001587	P001587	named	George Baden-Powell	11	11	1884	1902	author of paper | author of previous paper | colonial observer | author	Q3101405	adjudicated	high							adjudicated LINK Q3101405 (high): Sir George Smyth Baden-Powell 1847-98, British politician and author; matches Sir George Baden-Powell, Society of Arts papers on colonies.
TAP-P-001588	P001588	named	George V	11	11	1902	1942	Sovereign of this Empire | planted Cannon-ball Tree in 1901 | patron | King, patron of College	Q269412	wd_auto	high							
TAP-P-001589	P001589	named	George Weerakoon	11	11	1900	1908	Mudaliyar of Wellawoda Pattu, Matara | Mudaliyar, Wellaboda Pattu, Matara | Mudaliyar of Wela-boda Pattu, Matara | Mudaliyar of the Wellabeda Pattu, Matara										
TAP-P-001590	P001590	named	Gregor Mendel	11	11	1896	1941	Austrian monk | Austrian Abbot, discoverer of facts regarding heredity | researcher | discoverer of the foundations of genetics	Q37970	adjudicated	high							adjudicated LINK Q37970 (high): Gregor Mendel 1822-1884, Augustinian friar/abbot, geneticist; matches 'Abbe Mendel', discoverer of laws of heredity (1865). Cited historically.
TAP-P-001591	P001591	named	Grme Sinclair	11	9	1897	1923	committee member | Member | farmer | absent										
TAP-P-001592	P001592	named	H. Gordon	11	9	1889	1906	assistant in starting Passara Branch | buyer | subscriber, Aranayaka | member of Committee										adjudicated NONE  (medium): Capt. Hamilton Gordon, Passara/Badulla planter 1889-1906; only candidate an Aberdeen photographer.
TAP-P-001593	P001593	named	H. Maxwell-Lefroy	11	10	1903	1919	Imperial Entomologist | Professor | author | Entomologist to the Government of India	Q5661696	wd_auto	high							
TAP-P-001594	P001594	named	H. S. Rix	11	11	1896	1900	shareholder | Shareholder represented by Proxy | Shareholder | attending the funeral										
TAP-P-001595	P001595	named	H. S. Stevens	11	10	1911	1921	new member | member | Member | foundation member of the Association										adjudicated NONE  (medium): H. S. Stevens, beekeeper and committee member 1911-21; candidates are unrelated Stevenses.
TAP-P-001596	P001596	named	H. Sutcliffe	11	6	1922	1931	researcher | author | researcher on vegetative characters										adjudicated NONE  (medium): H. Sutcliffe, rubber researcher (vegetative characters) 1922-31; only candidate a cricketer.
TAP-P-001597	P001597	named	H. White	11	11	1889	1900	for Colonial Secretary | of Guy's Hospital | Asst. Govt. Agen., Kegalla | Council member					review					adjudicated MIXED  (low): Pools Dr (William) Hale White of Guy's Hospital (tea analysis report) with H. White, Asst Govt Agent Kegalla / acting Colonial Secretary. No candidate fits either.
TAP-P-001598	P001598	named	H. Wilkinson	11	11	1917	1929	visitor | Visitor | absent | Member, Estates Products Committee										
TAP-P-001599	P001599	named	Henry Gilbert	11	11	1892	1902	gave permission for soil samples | chemist | author of pamphlets | researcher	Q713326	adjudicated	high							adjudicated LINK Q713326 (high): Sir Joseph Henry Gilbert 1817-1901, chemist/agronomist FRS; matches Sir Henry Gilbert F.R.S., Rothamsted co-author.
TAP-P-001600	P001600	surname_pool	Homer	11	11	1886	1918	ancient poet | author of article on homing pigeons | author quoted | ancient writer who mentioned the olive-tree	Q6691	adjudicated	medium						item is not typed as human (personification / legendary figure): check	adjudicated LINK Q6691 (medium): Homer, reputed author of the Iliad and Odyssey; profile 'ancient poet', 'author of the Odyssey'. One stray role (homing pigeons article) is noise. Auto-candidate Winslow Homer wrong.
TAP-P-001601	P001601	named	Isaac D'Israeli	11	11	1887	1902	author quoted | Chancellor of the Exchequer | Parliamentary member | author/historian										adjudicated MIXED Q983351 (medium): Pools Isaac D'Israeli 1766-1848 (author of Curiosities of Literature, quoted) with his son Benjamin Disraeli (Chancellor of Exchequer, Prime Minister).
TAP-P-001602	P001602	named	J. A. Balfour	11	5	1915	1917	Vice-President | Director of Irrigation, Ceylon | Vice-President of the Board of Agriculture | Vice-President, Board of Agriculture				kgp_col1917-p696b6	auto					
TAP-P-001603	P001603	named	J. A. M. Bond	11	11	1913	1941	Member | visitor | member of the Board of Agriculture | representative on the Board of Agriculture										
TAP-P-001604	P001604	named	J. A. Spence	11	11	1891	1904	Medamahanuwara | shareholder | Member | exhibitor										
TAP-P-001605	P001605	named	J. A. Swettenham	11	11	1881	1911	for Colonial Secretary | For Colonial Secretary | intermediary for seeds | Acting Colonial Secretary	Q31534106	colist_kg	high	kgp_col1924-p972b7	auto					
TAP-P-001606	P001606	named	J. Bancroft	11	10	1885	1901	President | late, owner of garden in Ann street | sender of plants | donor										
TAP-P-001607	P001607	named	J. F. Drieberg	11	11	1881	1903	exhibitor | cinnamon, bronze, Ekelle Estate | cinnamon grower | practical planter										
TAP-P-001608	P001608	named	J. Farley Elford	11	10	1908	1932	Member of Board of Management | Member | member of the Board | Member of the Board										
TAP-P-001609	P001609	named	J. G. Shrikhande	11	11	1935	1943	Research Assistant, Department of Agricultural Chemistry | Research Assistant, Agricultural Chemistry | Junior Scientific Staff | Representative of the Junior Staff Association										
TAP-P-001610	P001610	named	J. H. Eaton	11	11	1888	1893	P. M. | Speaker | P.M. | agent at Miaco										
TAP-P-001611	P001611	named	J. Hodgkin	11	10	1882	1889	chemist | author | analyst | author, F.I.C., F.C.S.										adjudicated NONE  (medium): John Hodgkin F.I.C., F.C.S., chemist connected with quinine manufacturers 1882-89; candidate is a stub who died 1878.
TAP-P-001612	P001612	named	J. J. Nock	11	10	1912	1939	Curator, Botanic Gardens, Hakgala | Curator, Hakgala | Curator | Curator at Hakgala										
TAP-P-001613	P001613	named	J. M. Costello	11	10	1881	1899	coffee grower, Alexandra | planter | pioneer of coffee in Queensland | coffee planter										
TAP-P-001614	P001614	named	J. N. Milsum	11	10	1917	1942	author | Assistant Agriculturist, Department of Agriculture, F.M.S. & S.S. | Assistant Agriculturist, author | Superintendent of Government Plantations, Kuala Lumpur				kgp_col1950-p570b9	auto					
TAP-P-001615	P001615	named	J. Nisbet	11	9	1894	1908	author | correspondent | author of paper in Indian Forester | some time Conservator of Forests in Burma										
TAP-P-001616	P001616	named	J. P. Obeyesekere	11	10	1909	1944	exhibitor | attendee, working committee member | member | Mudaliyar of the Korale										
TAP-P-001617	P001617	named	J. R. Johnston	11	9	1908	1925	author | expert on coconut trees | expert on fungoid disease | late of the United States Department of Agriculture	Q5933560	adjudicated	medium							adjudicated LINK Q5933560 (medium): John Robert Johnston 1880-1953, American botanist/mycologist; matches J. R. Johnston, USDA assistant pathologist, coconut bud-rot expert in Cuba/West Indies.
TAP-P-001618	P001618	named	J. Sheridan Paterson	11	9	1896	1922	Unofficial Member, North-Western Province | member | North-Western Province | Unofficial Member										
TAP-P-001619	P001619	named	J. W. Munro	11	10	1885	1940	opened coffee estate | director of the Entomological Department | author of report on insect infestation | author of paper on pests of stored products										
TAP-P-001620	P001620	named	J. Whitehead	11	10	1902	1908	Visitor | giving exhibition of cotton ginning and dyeing | demonstration in cotton ginning and dyeing | visitor										adjudicated NONE  (medium): Joseph Whitehead, Manchester cotton buyer, ginning demonstrations Ceylon 1902-08; candidates (cotton-worker botanist d.1896 etc.) do not fit.
TAP-P-001621	P001621	named	James Henry Attfield	11	11	1882	1903	oil and colour man, Harlesden | analyst of nut composition | commentator | signatory of the official award										
TAP-P-001622	P001622	named	James Labouchere	11	11	1889	1899	chairman of the Tambracherry Estates Company, Limited | president | Chairman | represented by proxy										
TAP-P-001623	P001623	named	James Polson	11	10	1897	1904	Director | Director, Estate Inspector | Shareholder represented by Proxy | director							review			adjudicated NONE  (medium): James Polson, Colombo director/estate inspector 1897-1904; candidates (1803-84 stub, researcher) do not fit.
TAP-P-001624	P001624	named	James Robertson	11	10	1881	1901	P. W. D. | Company's manager in Fiji | author of letter | author of the letter					review					adjudicated NONE  (low): James Robertson: pools a P.W.D. officer, a Fiji company manager, a Mercantile Bank man; candidates do not fit.
TAP-P-001625	P001625	named	James Rodway	11	10	1889	1937	author | author, F.L.S. | editor | scientific writer	Q16785340	adjudicated	high							adjudicated LINK Q16785340 (high): James Rodway 1848-1926, botanist and historian; matches James Rodway F.L.S. of Georgetown, Demerara, author on British Guiana.
TAP-P-001626	P001626	named	Jesse P. Battershall	11	8	1889	1894	analyst | author of 'Food Adulteration', New York | author of work on Food Adulteration | United States chemist	Q94375632	wd_auto	high							
TAP-P-001627	P001627	named	John Bennett Lawes	11	8	1886	1912	agriculturist | founder of the Rothamsted experimental station | Promoter of manure industry | agricultural experimenter										
TAP-P-001628	P001628	named	John Gavin	11	8	1888	1902	old Ceylon planter | Tropical Agriculturist Portrait Gallery, No. VIII | Planter and Merchant, head of Keir, Dundas & Co. | planter, Kandy						11118592	link	https://www.historyofceylontea.com/tea-planters/planters-registry/j-gavin--11118592.html		adjudicated NONE  (medium): John Gavin, old Ceylon planter/merchant, head of Keir, Dundas & Co. 1888-1902; candidates are modern namesakes.
TAP-P-001629	P001629	named	John M. Maisch	11	10	1882	1896	author | assayer | researcher cited for previous assay results | supplied enumeration of Myrtaceæ										
TAP-P-001630	P001630	named	John McCarthy	11	8	1882	1888	Government Analyst | Secretary | Assistant Commissioner for Trinidad | assistant to sugar report, of Trinidad				kgp_col1890-p514b20	auto					adjudicated NONE  (medium): John McCarthy, Government Analyst/Chemist Trinidad 1882-88; candidates (US politician, missionary, computer scientist) do not fit.
TAP-P-001631	P001631	named	John Roger	11	11	1892	1903	tea planter, Ceylon | tea planter in Ceylon | gentleman with experience of tea planting in Ceylon | patentee										adjudicated NONE  (medium): John Roger, ex-Ceylon tea planter and London patentee 1892-1903; candidates have no facts.
TAP-P-001632	P001632	named	John Stephens	11	11	1882	1902	resident of the Diggings, near Gampola | of Gampola | planter, Dolosbage | resident in Dolosbage							review			adjudicated NONE  (medium): John Stephens, Gampola/Dolosbage planter 1882-1902; candidates (J. L. Stephens explorer, parasitologist, etc.) do not fit.
TAP-P-001633	P001633	named	Joseph Sortain	11	10	1890	1897	preacher, Brighton | late, of Batticaloa | estate owner | author of letter on coconuts										adjudicated MIXED Q6287103 (low): Pools Rev. Joseph Sortain, Brighton preacher (Q6287103, 1809-1860) with Dr Sortain, pioneer planter of Batticaloa (Tannamunai). Planter not in WD.
TAP-P-001634	P001634	named	K. Kanagasabai	11	6	1930	1945	author | author of paper | Member (absent) | Batticaloa District Agricultural Committee										
TAP-P-001635	P001635	named	L. B. Bogahalande	11	6	1908	1917	R.M. | R.M., North-Western Province | Unofficial Member, North-Western Province | Nominated Member, North-Western Province										
TAP-P-001636	P001636	named	L. Bayly	11	11	1920	1923	member | Member of the Estate Products Committee | Lt.-Col., sent letter | absent member										
TAP-P-001637	P001637	named	L. F. Lee	11	8	1894	1900	Principal Collector of Customs | Principal Collector | member of Commission | member of the Commission				kgp_col1897-p523b17	auto					
TAP-P-001638	P001638	surname_pool	Lady Blake	11	11	1891	1911	wife of Sir Henry Blake | author, Jamaica | present at opening | Governor's wife, personated Queen Isabella	Q16155835	adjudicated	high							adjudicated LINK Q16155835 (high): Edith Bernal Blake (alias Lady Blake) 1846-1926, spouse Henry Arthur Blake; matches Lady Blake, wife of Sir Henry Blake, Governor of Jamaica/Ceylon.
TAP-P-001639	P001639	surname_pool	Lord Ripon	11	11	1881	1908	Secretary of State | Viceroy of India | Viceroy | Interested in Land Taxation and Agriculture	Q333111	wd_auto	high							
TAP-P-001640	P001640	surname_pool	Lord Torrington	11	10	1889	1900	Governor | Governor of Ceylon | recipient of Gygax's report | Resident at the Pavilion	Q5537519	adjudicated	high							adjudicated LINK Q5537519 (high): George Byng, 7th Viscount Torrington 1812-1884, position held Governor of British Ceylon; matches Governor Lord Torrington. Remembered governor.
TAP-P-001641	P001641	named	M. G. Perera	11	11	1892	1928	from the Forest Department | Clerk and Foreman of Hakgala Garden | Clerk & Foreman | clerk and foreman										
TAP-P-001642	P001642	named	M. M. Subramaniam	11	10	1906	1933	author | member of sub-Committee | Hon. Member, Visitor | M.L.C.	Q28147573	adjudicated	high							adjudicated LINK Q28147573 (high): M. M. Subramaniam 1870-1945, Ceylon Tamil lawyer/politician; matches M. M. Subramaniam M.L.C., Trincomalee, Board member 1906-33.
TAP-P-001643	P001643	named	M. MacDonnell	11	11	1890	1901	Observer, Jaffna | old resident | official | Observer										
TAP-P-001644	P001644	named	M. Rogivne	11	11	1890	1902	correspondent | Director-general of Rogivne & Co., Ltd. | Ceylon Commissioner for Russia | representative of the Ceylon planters										
TAP-P-001645	P001645	named	M. Ville	11	11	1882	1902	agricultural scientist | French chemist | author | agricultural chemist										
TAP-P-001646	P001646	named	M. Winogradsky	11	10	1892	1901	researcher | researcher on nitrifying organisms | prepared microscopic slides of the 'nitrous' organism | researcher on soil bacteria										
TAP-P-001647	P001647	named	N. A. S. Jayasuriya	11	9	1908	1917	garden owner | experimenter | managing the Experimental Garden | Garden supervisor										
TAP-P-001648	P001648	named	P. C. Dedigama	11	11	1921	1926	Ratemahatmaya | Committee Member | Ratemahatmaya, Beligal Korale | judge, Beligal Korale										
TAP-P-001649	P001649	named	P. M. Gaywala	11	11	1938	1941	author | Demonstrator in Cultivation, School of Agriculture, Peradeniya | Demonstrator in Cultivation, Farm School, Peradeniya | Visitor										
TAP-P-001650	P001650	named	P. van Romburgh	11	9	1893	1908	author | leader of trial plantation at Tjipetir | botanist | author cited	Q1463162	wd_auto	high							
TAP-P-001651	P001651	surname_pool	Queen	11	11	1891	1898	previous recipient of similar gift | visiting Grasse | recipient of grapes | recipient of Rock Lily specimen										
TAP-P-001652	P001652	named	R. C. Grant	11	11	1884	1908	Manager in Ceylon | manager | Manager | shareholder										
TAP-P-001653	P001653	named	R. C. Haldane	11	11	1881	1899	author | writer of the Essay on 'Coffee Grub' | author of pamphlet | author of letter										adjudicated NONE  (medium): R. C. Haldane, Ceylon planter, author of 'All About Grub' and 'Sub-tropical Cultivations' 1881-99; candidates (Viscount Haldane etc.) do not fit.
TAP-P-001654	P001654	named	R. C. L. Notley	11	11	1943	1945	Member | member | Representative of the Planters Association of Ceylon | retiring member										
TAP-P-001655	P001655	named	R. H. Goldie	11	9	1895	1899	Committee | Officer, took chair pro tem | Committee member | Chairman										
TAP-P-001656	P001656	named	R. H. J. Frank	11	10	1884	1894	botanist | scientist | first overseer, first class | investigator of truffle culture										
TAP-P-001657	P001657	named	R. Jackson	11	8	1897	1908	purchaser | prize winner, cucumber | recipient for Sita Eliya | committee member										adjudicated NONE  (medium): Richard Jackson, Nuwara Eliya attorney/exhibitor 1897-1908; candidates US politicians, footballer, jurist.
TAP-P-001658	P001658	named	R. R. Tatlock	11	10	1882	1898	analyst | City Analyst for Glasgow | City Analyst of Glasgow and Chemist to the Glasgow Agricultural Society | Glasgow City Analyst, and Chemist to the Agricultural Society of that city										
TAP-P-001659	P001659	named	R. Sri Pathmanathan	11	6	1934	1935	member of the Board | Chairman, Low-Country Products Association | speaker supporting motion | Member of the Board										adjudicated UNSURE Q96254174 (medium): Q96254174 'R. Sri Pathmanathan', barrister, d.1943; distinctive name and dates fit Chairman Low-Country Products Association 1934-35, but no role in WD.
TAP-P-001660	P001660	named	Rama Nathan	11	5	1882	1885	speaker | speaker at the meeting | present at meeting | Hon. member who opened the discussion										
TAP-P-001661	P001661	named	Ray Lankester	11	10	1881	1906	prepared report | author of the paper | Professor, laboratory at Plymouth | recommends a mission	Q704696	adjudicated	high							adjudicated LINK Q704696 (high): Sir E. Ray Lankester 1847-1929, British zoologist, Linacre Professor; matches Prof Ray Lankester, Oxford, Plymouth laboratory.
TAP-P-001662	P001662	named	Robert Thompson	11	11	1881	1939	author | author of illustrations | formerly of the Botanical Department Jamaica | formerly at the head of the Government Gardens and Plantations in Jamaica										adjudicated NONE  (low): Robert Thompson: pools an ex-Jamaica Gardens head, an Indian Deputy Conservator of Forests, an illustrator; candidates are unrelated.
TAP-P-001663	P001663	named	S. Leefmans	11	7	1924	1938	author | researcher | author of short article | researcher on Helopeltis	Q55064589	adjudicated	high							adjudicated LINK Q55064589 (high): Salomon Leefmans (alias S. Leefmans) 1884-1954, entomologist; matches S. Leefmans, Buitenzorg researcher on Helopeltis 1924-38.
TAP-P-001664	P001664	named	S. P. Blackmore	11	10	1897	1926	present by proxy | Member of deputation | Signatory | first subscriber										
TAP-P-001665	P001665	named	Sidney Morgan	11	10	1914	1930	author | Senior scientific officer | author of article in India Rubber Journal | author of book										adjudicated NONE  (medium): Sidney Morgan, senior scientific officer, rubber (Malaya) 1914-30; candidate is a film director.
TAP-P-001666	P001666	surname_pool	Siebold	11	10	1882	1929	botanist resident in Japan | introduced tea seeds to Java | introduced tea seeds and other plants | suggested a process for removing astringent principles	Q77140	adjudicated	high							adjudicated LINK Q77140 (high): Philipp Franz von Siebold 1796-1866, naturalist/botanist, Dutch trading post Japan; matches Dr von Siebold, botanist in Japan who sent tea seeds to Java.
TAP-P-001667	P001667	surname_pool	Siva	11	10	1888	1915	deity | Hindu god | deity worshipped with Bilpati | god										adjudicated NONE  (high): Siva is the Hindu deity, not a historical person; candidates are modern namesakes.
TAP-P-001668	P001668	surname_pool	Sultan Zanzibar	11	11	1882	1901	ruler of Zanzibar | ruler | ceded territory to the Company | levies duty of 30 per cent ad valorem										
TAP-P-001669	P001669	named	T. W. Hall	11	11	1890	1898	Director | shareholder | Agent and Secretary | purchaser										
TAP-P-001670	P001670	surname_pool	Tennyson	11	11	1883	1901	poet	Q173869	adjudicated	high							adjudicated LINK Q173869 (high): Alfred, Lord Tennyson 1809-92, Poet Laureate; matches 'Tennyson', poet, quoted.
TAP-P-001671	P001671	named	Thomas Berwick	11	6	1882	1888	C.C.S. | present at meeting | member | speaker	Q106291635	wd_auto	high	kgp_col1883-p359b4	auto					
TAP-P-001672	P001672	named	V. Canagaratnam	11	11	1922	1933	visitor | Visitor | Dipl. Agric. (Poona.), Department of Agriculture, (Ceylon) | Agricultural Officer, Batticaloa										
TAP-P-001673	P001673	named	W. A. Gibbs	11	10	1882	1897	inventor of hot-air machine | author of letter | correspondent, Waltham Abbey | patentee										
TAP-P-001674	P001674	named	W. A. Goodacre	11	11	1919	1925	Senior Apiary Inspector | Senior Apiary Instructor										adjudicated NONE  (medium): W. A. Goodacre, Senior Apiary Inspector, NSW 1919-25; candidate is a cricketer.
TAP-P-001675	P001675	named	W. B. Jackson	11	9	1883	1909	estate manager | speaker on cinchona shaving | Sub-Committee member | of Agrapatana							review			adjudicated NONE  (medium): W. B. Jackson, Agrapatana/Dimbula planter 1883-1909; only candidate a Massachusetts politician.
TAP-P-001676	P001676	named	W. Botting Hemsley	11	10	1884	1908	Indian Assistant in the Kew Herbarium | botanist | catalogue preparer | Kew Herbarium										
TAP-P-001677	P001677	named	W. F. H. Blandford	11	11	1883	1899	entomologist | author | identified Xyleborus fornicatus | leading Entomological authority										
TAP-P-001678	P001678	named	W. H. Gregory	11	7	1881	1897	Governor of Ceylon | author of letter | former Governor of Ceylon | Ex-Governor	Q20823179	colist_kg	high	kgp_col1889-p486b10	auto					
TAP-P-001679	P001679	named	W. H. Ravenscroft	11	9	1881	1900	Auditor-General | Commissioner | Auditor-General of Ceylon | chairman	Q16466639	adjudicated	high	kgp_col1886-p490b5	auto					adjudicated LINK Q16466639 (high): William Henry Ravenscroft 1843-1890, Auditor General of Ceylon; matches W. H. Ravenscroft, Auditor-General, fish-curing report.
TAP-P-001680	P001680	named	W. Harris	11	11	1889	1919	author | Superintendent of Public Gardens | Superintendent of Public Gardens and Plantations | author of account in Bulletin for 1901	Q2579125	adjudicated	medium							adjudicated LINK Q2579125 (medium): William Harris 1860-1920, Irish botanist/plant collector; matches W. Harris F.L.S., Supt Public Gardens and Plantations Jamaica 1889-1919. WD lacks the Jamaica post.
TAP-P-001681	P001681	named	W. L. Watson	11	11	1888	1895	subscriber | director | Director | Ceylon										
TAP-P-001682	P001682	named	W. M. Hall	11	11	1888	1915	Manager | member | manager of the Galaha Factory | P.W.D.							review			
TAP-P-001683	P001683	named	W. N. Fernando	11	11	1928	1945	Assistant in Economic Botany | calculated experimental errors | assistance in the statistical examination of results | Department of Agriculture, Ceylon										
TAP-P-001684	P001684	named	W. S. Burnett	11	10	1928	1933	member of the Estate Products Committee | absent member | author of paper on Green Manure | author, Wanaraja Estate										adjudicated NONE  (medium): W. S. Burnett, Wanaraja estate, Estate Products Committee 1928-33; candidate is an American editor.
TAP-P-001685	P001685	named	W. S. D. Tudhope	11	11	1908	1913	Director of Agriculture | member present | present | Director of Agriculture, Gold Coast				kgp_col1922-p928b5	auto					
TAP-P-001686	P001686	named	W. S. T. Saunders	11	11	1881	1906	Managing Director in Ceylon | director | Provisional Director | Director										
TAP-P-001687	P001687	named	W. T. Carter	11	9	1881	1935	member of the Committee | member of the Indian Tea Fund Committee | Esq., Calcutta | communicator of the note										
TAP-P-001688	P001688	named	W. W. A. Phillips	11	10	1930	1940	Secretary of the Game Protection Society | member, nominated by Matale District Agricultural Committee | Author | Member of Experimental and Estate Sub-Committee	Q47067972	adjudicated	high							adjudicated LINK Q47067972 (high): William Watt Addison Phillips 1892-1981, British tea planter and amateur zoologist; matches W. W. A. Phillips, Ceylon planter, Game Protection Society secretary.
TAP-P-001689	P001689	named	William Hunter	11	11	1888	1919	author of paper on industrial era in India | lecturer | botanist | Director of the Dooars Tea Co.										adjudicated MIXED Q724677 (medium): Pools Sir William Wilson Hunter (Q724677, historian, paper on industrial era in India) with W. Hunter, Dooars Tea Co. director / Walker, Sons & Co.
TAP-P-001690	P001690	named	William Jones	11	11	1882	1906	scholar | orientalist | Oriental scholar | writer	Q273969	adjudicated	high		review					adjudicated LINK Q273969 (high): Sir William Jones 1746-94, philologist/orientalist, judge in Kolkata; matches Sir William Jones, Oriental scholar. One stray 'Mr W. Jones, Colombo'.
TAP-P-001691	P001691	named	William King	11	10	1882	1897	cautious observer | planter | of the Indian Geological Survey | geologist										adjudicated MIXED  (medium): Pools William King, Director of the Geological Survey of India (not among candidates; Q1344095 is his father) with a Ceylon planter and a Saharanpur gardens assistant.
TAP-P-001692	P001692	named	Wilson Popenoe	11	9	1918	1945	researcher | Agricultural Explorer of the United States Department of Agriculture | American Agricultural Explorer | author of Tropical and Sub-tropical Fruits	Q5869109	wd_auto	high							
TAP-P-001693	P001693	named	A. A. Jayasinghe	10	8	1914	1938	Agricultural Instructor, Kegalla | under training at the Experiment Station, Peradeniya | Agricultural Instructor | former staff member at Kegalle										
TAP-P-001694	P001694	named	A. A. Ward	10	9	1882	1921	member | new member | Rev. | President of the American Mission Agents' Co-operative Society										
TAP-P-001695	P001695	named	A. D. Shamel	10	8	1908	1938	Tobacco Expert of the U.S. Department of Agriculture | investigator | author on citrus fruit improvement | researcher on bud mutations	Q125989758	adjudicated	high							adjudicated LINK Q125989758 (high): Archibald Dixon Shamel 1877-1956, plant physiologist, USDA; matches A. D. Shamel, USDA tobacco expert, citrus bud mutations, Riverside.
TAP-P-001696	P001696	named	A. J. Campbell	10	9	1881	1910	Naturalist | in charge of carriages and vehicles | winner, Surreys | Superintendent of Experimental Plantations						11114215	link	https://www.historyofceylontea.com/tea-planters/planters-registry/campbell-a-j--11114215.html		adjudicated MIXED  (low): Pools several Campbells: A. J. Campbell, Superintendent Experimental Plantations; a Kiukiang tea dealer; a Roorkee foundry superintendent; Angus Campbell. No match.
TAP-P-001697	P001697	named	A. J. Pearson	10	10	1890	1914	witness | pioneer in systematic fruit-farming | fruit grower, Mildura | of Messrs. Brown and Co.										
TAP-P-001698	P001698	named	A. J. Ultee	10	10	1910	1931	author | researcher | experimenter | Director of the Besoeki Experiment Station, Djember, Java										
TAP-P-001699	P001699	named	A. P. Kandasamy	10	8	1937	1944	Acting Superintendent, Observatory | Assistant Superintendent, Colombo Observatory | for Acting Superintendent, Observatory | Acting Assistant Superintendent, i.e. Observatory										
TAP-P-001700	P001700	named	A. R. Wilson-Wood	10	10	1894	1912	Director | shareholder | committee member | signatory, Kotagala										
TAP-P-001701	P001701	named	A. Sapapathy	10	9	1908	1921	committee secretary | Secretary | Hon. | Nominated by Food Production Committee, Northern Province (Jaffna)										
TAP-P-001702	P001702	named	A. Scott-Blacklaw	10	10	1882	1890	author | correspondent | Manager of the Rio de Janeiro Central Sugar Factories Company										
TAP-P-001703	P001703	named	A. Zimmermann	10	10	1891	1931	author | researcher | subscriber, 51, Lime Street, E.C. | director										adjudicated MIXED Q5663851 (medium): Dominant: Albrecht Zimmermann 1860-1931, botanist/mycologist, Amani institute (German E. Africa). Pools a London agent/subscriber (Lime Street) of same name.
TAP-P-001704	P001704	named	Albert J. Chalmers	10	10	1902	1912	Registrar to the Ceylon Medical College | member of Dairy Committee | Dairy Committee member | Registrar of the Medical College and lecturer on biology and allied subjects	Q21337745	wd_auto	high		review					
TAP-P-001705	P001705	named	Alexander Gibson	10	9	1884	1930	purchaser | merchant | of Bombay | planter	Q2833121	wd_auto	high							
TAP-P-001706	P001706	named	Alexander Tait	10	7	1887	1927	shareholder | shareholder by proxy										adjudicated NONE  (medium): Alexander Tait, Ceylon company shareholder 1887-1927; candidates are unrelated.
TAP-P-001707	P001707	named	Alfred Deakin	10	9	1887	1895	probable future Premier of Victoria | Victorian ex-Minister | M.P. (Victoria), author | late Chief Secretary of Victoria	Q313805	adjudicated	high	kgp_col1914-p691b16	auto					adjudicated LINK Q313805 (high): Alfred Deakin 1856-1919, Victorian MLA, later Australian PM; matches Victorian ex-Minister of Water Supply, author on Irrigation in Egypt/India.
TAP-P-001708	P001708	named	Anthony Musgrave	10	10	1881	1895	Governor | Governor of Jamaica | late Governor of Jamaica | Governor, owner of coffee plantations	Q573690	wd_auto	high		review					
TAP-P-001709	P001709	named	Anton Kessler	10	10	1887	1892	author | owner of coffee and cinchona plantation in Java | author of a letter | planter										adjudicated NONE  (medium): Anton Kessler, Java coffee/cinchona planter 1887-92; Q116191174 (1824-1895, buried Brno) and a German jurist do not fit.
TAP-P-001710	P001710	named	B. G. Buultjens	10	9	1919	1923	Matara | A. A. I. Matara | Instructor, Matara | student, Class 2										
TAP-P-001711	P001711	surname_pool	Bridgman	10	10	1899	1904	manager, Pambagana | manager, Pambagama | medical practitioner										adjudicated NONE  (medium): 'Mr Bridgman', estate manager (Pambagama) / medical practitioner 1899-1904; candidates painters and places.
TAP-P-001712	P001712	named	Buxton Laurie	10	10	1893	1902	Director | shareholder | had one at Claverton | in charge of the group										
TAP-P-001713	P001713	named	C. B. Klein	10	9	1889	1907	of Lichfield-street, Christchurch, New Zealand | scientist who tested samples | author of observations | researcher on parasites and milk-borne diseases										
TAP-P-001714	P001714	named	C. E. Hamilton	10	9	1924	1943	Member | judge | Visitor | visitor										
TAP-P-001715	P001715	named	C. F. Kinman	10	7	1917	1945	author | Author of The Mango in Porto Rico | Porto Rico | author of notes on mango varieties										
TAP-P-001716	P001716	named	C. H. Bois	10	10	1939	1944	Chairman, Ceylon Estates Proprietary Association | Chairman, C.E.P.A. | Former Chairman, Ceylon Estates Proprietary Association | Acting Chairman, C.E.P.A.										
TAP-P-001717	P001717	named	C. K. Smithett	10	6	1906	1909	attendee | London | informant on manufacturers' position | author of the paper										
TAP-P-001718	P001718	named	C. R. Harler	10	10	1922	1933	author | Chemist, Indian Tea Association | Chemist of the Indian Tea Association | Lecturer										
TAP-P-001719	P001719	named	C. W. W. Kannangara	10	8	1925	1936	Member | Hon. Member, Visitor | Hon'ble Mr. | member	Q469045	adjudicated	high							adjudicated LINK Q469045 (high): C. W. W. Kannangara 1884-1969, Ceylonese politician and minister; matches Hon. C. W. W. Kannangara M.S.C., Minister of Education, Board member 1925-36.
TAP-P-001720	P001720	surname_pool	Cade	10	10	1899	1900	Observer, Mamadola | observer, Mamadola										
TAP-P-001721	P001721	named	Charles Dilke	10	9	1892	1903	speaker on China tea trade | made a remark at a meeting of the Chelsea Board of Guardians | speaker at Chelsea Board of Guardians | politician who made statements on tea consumption	Q338114	adjudicated	high							adjudicated LINK Q338114 (high): Sir Charles Dilke, 2nd Bt 1843-1911, politician/writer/statistician; matches Sir Charles Dilke, speaker on China tea trade, Society of Arts.
TAP-P-001722	P001722	named	Charles Kingsley	10	10	1883	1910	author | author of At Large | Author | author of quoted words	Q353238	adjudicated	high							adjudicated LINK Q353238 (high): Rev. Charles Kingsley 1819-1875, clergyman-novelist; matches author of 'At Last' (West Indies/Trinidad), quoted author. Cited posthumously.
TAP-P-001723	P001723	named	D. Edwards	10	10	1885	1903	shareholder | subscriber | Kandy | sole representative of the Company in Ceylon										adjudicated NONE  (medium): Dan. Edwards, Colombo commercial man/Turkey merchant 1885-1903; candidates jockey, weather observer.
TAP-P-001724	P001724	named	D. M. Seneviratne	10	4	1906	1924	Kachcheri Mudaliyar | Kachcheri Mudaliyar, Province of Sabaragamuwa | Unofficial Member, Province of Sabaragamuwa | student										
TAP-P-001725	P001725	named	Donald Stewart	10	9	1882	1921	owner of Hanchi Betta estate | "King of Coorg" | late Mr., planter | superintendent of Madulkelly, subsequently King of Coorg						11114350	link	https://www.historyofceylontea.com/tea-planters/planters-registry/stewart-d--11114350.html		adjudicated NONE  (medium): Donald Stewart, Coorg coffee planter ('King of Coorg'), owner of Hanchi Betta 1882-1921; candidates (field marshal etc.) do not fit.
TAP-P-001726	P001726	surname_pool	Dragendorff	10	10	1885	1906	chemist | method developer | author of Plant Analysis | superintendent of analysis										
TAP-P-001727	P001727	named	E. Brand	10	5	1904	1921	Unofficial Member, Eastern Province | Eastern Province | assistant in the Agricultural Department of the Protectorate | Eastern Province member				kgp_col1929-p888b5	auto					
TAP-P-001728	P001728	named	E. C. Buck	10	10	1881	1907	Director, Department of Agriculture and Commerce, North-Western Provinces, and O | President, Government of India Committee for Melbourne International Exhibition | C. S. Secretary to the Government of India, Revenue and Agricultural Department  | signed Official Note on behalf of Indian Government	Q96971149	adjudicated	high							adjudicated LINK Q96971149 (high): Edward Charles Buck 1838-1916, Indian Civil Service (alias E.C. Buck); matches Sir E. C. Buck, Secretary, Revenue and Agricultural Dept, Govt of India.
TAP-P-001729	P001729	named	E. C. Byers	10	9	1885	1899	owner of Letchamiatte | proprietor | estate owner | pioneer of coffee planting in Badulla						11111462	link	https://www.historyofceylontea.com/tea-planters/planters-registry/byers-e-c--11111462.html		
TAP-P-001730	P001730	named	E. C. Davies	10	7	1882	1915	witness | Government Factory | forestry expert in Australia | Committee of Management member										
TAP-P-001731	P001731	named	E. E. Abrahamson	10	10	1881	1896	Timber Merchant | resident Manager in Sandakan | Managing Director | signatory	Q130259210	adjudicated	medium							adjudicated LINK Q130259210 (medium): E. E. Abrahamson, botanical collector in Malaysia/Borneo fl.1884; matches E. E. Abrahamson, Sandakan manager/Kudat planter, North Borneo 1881-96. Rare name, place fits.
TAP-P-001732	P001732	named	E. E. Cheesman	10	10	1924	1941	author | directed attention to collection of crop varieties | Demonstrator in Botany | Professor of Botany, devised aims of the botanical section										
TAP-P-001733	P001733	named	E. F. Edirisinghe	10	9	1922	1926	Mudaliyar | of St. Winifred's Farm, Newara Eliya | Mudaliyar, mover of motion | Hony. Secretary										
TAP-P-001734	P001734	named	E. F. Langdale	10	9	1895	1903	in charge of teahouse | director | partner, tea planter | conductor of Indian Tea House										
TAP-P-001735	P001735	named	E. F. Smith	10	10	1898	1936	researcher who named the organism | authority on bacterial diseases of plants | author, Department of Agriculture | Scientist who studied disease in Cuba	Q5396128	adjudicated	high							adjudicated LINK Q5396128 (high): Erwin Frink Smith 1854-1927, USDA plant pathologist/bacteriologist; matches Dr Erwin F. Smith, authority on bacterial diseases of plants.
TAP-P-001736	P001736	named	E. H. Cameron	10	10	1881	1898	exhibitor, Ceylon | cinchona bark | correspondent, Agra Patana | planter							review			
TAP-P-001737	P001737	named	E. H. Richards	10	8	1918	1940	author | researcher | Managing Director | scientific investigator										
TAP-P-001738	P001738	named	E. O. Felsinger	10	9	1908	1937	coconut estate owner | correspondent | attendee | author of memorandum on drainage										
TAP-P-001739	P001739	named	E. P. Stebbing	10	10	1895	1917	author | author of the paper | Anglo-Indian entomologist | Lecturer in Forestry, University of Edinburgh										
TAP-P-001740	P001740	named	E. Scott	10	10	1893	1908	Director | Nominated Member, North-Western Province | cacao planter, Morankanda | purchaser							review			adjudicated NONE  (medium): Edmund Scott, Nominated Member North-Western Province, cacao planter 1893-1908; candidate is an American painter.
TAP-P-001741	P001741	surname_pool	Earl Derby	10	10	1884	1933	recipient of despatches | recipient of report | Right Hon. | political figure										
TAP-P-001742	P001742	named	Edward Grey	10	10	1897	1912	addressee | Commissioner | Royal Commissioner | recipient of report	Q335187	wd_auto	high							
TAP-P-001743	P001743	named	Edward Heelis	10	10	1881	1898	gentleman, associated with Dimbula | observer | late, recorder of rainfall records | author of letter No. II										
TAP-P-001744	P001744	named	F. B. Hicks	10	9	1896	1901	Member | elected member | member | Surveyor, passenger on the Symmetry										
TAP-P-001745	P001745	named	F. H. King	10	9	1883	1938	author | Professor, Wisconsin | researcher | author of Farmers of Forty Centuries										adjudicated MIXED Q5491574 (medium): Dominant: Franklin Hiram King 1848-1911, agronomist (Wisconsin, Farmers of Forty Centuries). Pools Dr Falconer King, City Analyst of Edinburgh.
TAP-P-001746	P001746	named	F. J. F. Shaw	10	9	1889	1940	author | Mycologist | Second Imperial Mycologist | researcher										
TAP-P-001747	P001747	named	F. J. Lloyd	10	9	1886	1903	speaker | author of article on sulphate of ammonia | Lecturer on Agriculture at King's College, London | lecturer										
TAP-P-001748	P001748	named	F. W. Keeble	10	10	1894	1936	botanist | of Caius College, Cambridge | author of the paper | author of paper on Loranthaceae										
TAP-P-001749	P001749	named	F. W. Urich	10	8	1896	1928	F.E.S. of Trinidad | Entomologist to the Board of Agriculture, Trinidad | Department of Agriculture, Trinidad | author				kgp_col1910-p780b14	auto					
TAP-P-001750	P001750	named	Francis Pears	10	9	1902	1912	planter | author | writer from Muar | manager and proprietor of Lanadron Estate										
TAP-P-001751	P001751	named	Francis Peek	10	9	1884	1899	President of the Wholesale Tea Dealers' Association | speaker, of the firm of Francis Peek, Winch & Co. | presiding at the annual meeting | president										adjudicated UNSURE Q116544765 (medium): Q116544765 Francis Peek 1833-1899, 'founder of Dulwich Park'; name and death year fit President of Wholesale Tea Dealers' Association (Peek, Winch & Co.), but WD has no tea role.
TAP-P-001752	P001752	named	Frederick Abel	10	10	1886	1908	Director of the Imperial Institute | visitor | correspondent on smokeless powder | Honorary Secretary and Director of the Institute	Q528631	adjudicated	high							adjudicated LINK Q528631 (high): Sir Frederick Augustus Abel 1827-1902, chemist; matches Sir Frederick Abel, Director of the Imperial Institute, smokeless powder.
TAP-P-001753	P001753	named	G. F. R. Browning	10	10	1904	1923	Government Agent, N.C.P. | Office Assistant | Assistant Government Agent of Kegalle | Asst. Govt. Agent, Kegalle				kgp_col1925-p829b20	auto					
TAP-P-001754	P001754	named	G. F. Traill	10	10	1890	1911	shareholder | Managing Director | director | mortgagee										
TAP-P-001755	P001755	named	G. M. Barton	10	10	1884	1891	Secretary | Assistant Secretary | Asst. Secy. | Assistant Secretary, Indian Tea Association										
TAP-P-001756	P001756	named	G. Valder	10	10	1893	1926	author | Under Secretary for Agriculture, New South Wales | author of Vegetable Novelties | Author										
TAP-P-001757	P001757	named	G. W. Hunter-Blair	10	9	1924	1926	member of the Estates Products Committee | member | Regretted inability to attend | regretted inability to attend										
TAP-P-001758	P001758	named	George H. Green	10	10	1890	1897	correspondent | author of letter | signatory to the memorandum | Dalhousie										
TAP-P-001759	P001759	named	George Madugalle	10	9	1917	1927	Agricultural Instructor | student, Class 2 | Godakawela | Instructor, Godakawela										
TAP-P-001760	P001760	named	George Vane	10	9	1886	1902	C.M.G. | Ceylon Colonist present | Inspector and Collector of Customs | author of paper on Pearl Fisheries of Ceylon				kgp_col1886-p510b10	auto					adjudicated UNSURE Q123507791 (low): Q123507791 'George Vane' is an empty stub (no dates/role); profile is George Vane CMG, Ceylon Customs, Pearl Fisheries 1855-60. Cannot verify.
TAP-P-001761	P001761	named	Gordon Cumming	10	10	1882	1908	author | artist | author of book on Hawaii | exhibitor of pictures										
TAP-P-001762	P001762	named	Graham Panditsekera	10	10	1914	1945	member | Board member | prize donor | member of the Board										
TAP-P-001763	P001763	named	Greville Williams	10	8	1882	1912	chemist | devoted attention to chinoline | discoverer of chinoline | sent specimens of chinoline					review					
TAP-P-001764	P001764	named	H. C. P. Bell	10	9	1887	1901	Archaeological Commissioner | for Colonial Secretary | author of the letter | Hony. Secretary	Q1562561	adjudicated	high	kgp_col1908-p603b9	auto					adjudicated LINK Q1562561 (high): Harry Charles Purvis Bell 1851-1937, British archaeologist; matches H. C. P. Bell C.C.S., Archaeological Commissioner Ceylon (Anuradhapura, Sigiriya).
TAP-P-001765	P001765	named	H. H. Kirby	10	10	1887	1904	author of letter | correspondent | subscribed R4										
TAP-P-001766	P001766	named	H. L. Wendt	10	7	1891	1902	Committee member | counsel for defendant | counsel | attendee					review					
TAP-P-001767	P001767	named	H. O. Newport	10	8	1896	1899	member of the Lower Pulneys Association | Honorary Secretary of the Lower Pulneys Association | supported Hodgson's remarks | sent to Australia										
TAP-P-001768	P001768	named	H. P. Rudd	10	7	1890	1908	Visitor | shareholder | Director | represented by proxy										
TAP-P-001769	P001769	named	H. Pittier	10	9	1899	1911	author | author of report on diseases | collector of samples | author of article	Q116003	adjudicated	high							adjudicated LINK Q116003 (high): Henri François Pittier 1857-1950, Swiss botanist, US/Costa Rica; matches H. Pittier, Director Physico-Geographic Institute Costa Rica, Bureau of Plant Industry.
TAP-P-001770	P001770	named	H. W. Pritchett	10	10	1881	1895	Director | director | coadjutor, agent of the Ecuador Land Company | fellow-labourer										
TAP-P-001771	P001771	named	H. Ward	10	7	1882	1913	Governor | contemplated restoration of ancient irrigation works | regime official | regime during which dam was built					review					
TAP-P-001772	P001772	surname_pool	Hance	10	9	1881	1892	author of paper | collector | Whampoa | collector of specimens	Q2657692	adjudicated	high							adjudicated LINK Q2657692 (high): Henry Fletcher Hance 1827-86, diplomat and botanist; matches Dr Hance of Whampoa, Chinese botany expert and collector.
TAP-P-001773	P001773	named	Henri Jumelle	10	10	1900	1931	botanist | professor of the Faculty of Sciences at Marseilles | Science Professor and Lecturer in Marseilles | author, of Marseilles										
TAP-P-001774	P001774	named	Henry B. Brady	10	8	1881	1899	signatory of the official award | Author, F.R.S. | traveller, author of paper | donor of Foraminifera										
TAP-P-001775	P001775	named	Henry Barter	10	10	1882	1895	author | writer | collected specimen | Applicant for duty-free salt										
TAP-P-001776	P001776	named	Henry Parker	10	8	1883	1912	hydraulic engineer | calculated weight of dislodged trees | Irrigation adviser | Ceylon Irrigation Officer	Q15994672	adjudicated	high		review					adjudicated LINK Q15994672 (high): Henry Parker, 'British engineer in colonial Ceylon'; matches Irrigation Assistant P.W.D. Ceylon, hydraulic engineer 1883-1912. WD lacks dates.
TAP-P-001777	P001777	named	Hermann Hellriegel	10	10	1896	1909	scientific investigator, Germany | scientist whose discoveries are referenced | of Burnburg, in Anhalt | researcher	Q72003	adjudicated	high							adjudicated LINK Q72003 (high): Hermann Hellriegel 1831-95, German agricultural chemist; matches Prof Hellriegel of Bernburg, nitrogen fixation discovery (1886).
TAP-P-001778	P001778	named	J. A. Coombe	10	10	1921	1930	visitor | member of the Committee | member | Member, Estates Products Committee										
TAP-P-001779	P001779	named	J. A. D. Finch Noyes	10	9	1931	1933	Member of the Board | Member of Board of Management | member of the Board | representing Messrs. George Stuart & Co.										
TAP-P-001780	P001780	named	J. A. Ferdinandus	10	8	1887	1900	official at Royal Botanic Gardens, Peradeniya | sender of whip and nose strings | public servant, Peradeniya Gardens | late clerk and foreman at Pêrádeniya										
TAP-P-001781	P001781	named	J. C. Brunnich	10	10	1900	1915	Agricultural Chemist | F.C.S. | author | author of paper on boric acid										
TAP-P-001782	P001782	named	J. E. Fernando	10	10	1889	1906	Prize winner | Best student of the year | Government Veterinary Scholar | recipient of Government Veterinary Scholarship										
TAP-P-001783	P001783	named	J. E. O'Conor	10	10	1882	1908	Director-General of Statistics to the Government of India | author of report on foreign trade of India | author of trade review | compiled a table with respect to the cinchona industry in India										
TAP-P-001784	P001784	named	J. F. Baker	10	10	1881	1899	Director | coffee, silver, Polwatte Mills, Yakkabendakelle Estate | proprietor of the land | Agent and Secretary						11119821	link	https://www.historyofceylontea.com/tea-planters/planters-registry/j-f-baker--11119821.html		
TAP-P-001785	P001785	named	J. G. Fraser	10	9	1912	1921	Hon'ble | present | G.A., W.P. | proposed Vice-President				kgp_col1928-p1055b6	auto					
TAP-P-001786	P001786	named	J. Hawke	10	10	1881	1901	correspondent | author of the letter | owner of Orion estate										adjudicated NONE  (medium): James Hawke, owner of Orion estate, Dimbula correspondent 1881-1901; candidate is a photographer.
TAP-P-001787	P001787	named	J. L. Thompson	10	10	1888	1897	author | principal of the Dookie Agricultural College | of the Dookie Experimental Farm										adjudicated NONE  (medium): J. L. Thompson, principal Dookie Agricultural College, Victoria 1888-97; candidates (bookmaker, US judges) do not fit.
TAP-P-001788	P001788	named	J. P. Abraham	10	10	1882	1907	correspondent | sender of sarsaparilla sample | prize-taker, Flowers | nursery owner										adjudicated NONE  (medium): J. P. Abraham, Ceylon nursery owner/correspondent 1882-1907; candidate is a US politician.
TAP-P-001789	P001789	named	J. R. Watson	10	9	1888	1935	author | author of the letter | manager of the Port Dickson Coffee Company's estate | Member of Committee										adjudicated MIXED  (medium): Pools J. R. Watson, coffee estate manager in Negri Sembilan/Johore, with J. R. Watson, Florida entomologist. No candidate fits either.
TAP-P-001790	P001790	named	J. Roydon Hughes	10	10	1881	1907	author of letter | respondent to questions | authenticated the yield figures | signatory, Dimbula estate, Kotagala							review			
TAP-P-001791	P001791	named	J. W. Cotton	10	4	1904	1917	Province of Uva | Unofficial Member, Province of Uva | seconder | correspondent										
TAP-P-001792	P001792	named	James Duncan	10	9	1892	1919	assistant in starting Passara Branch | Committee member, Auditor | Hospital Visitor | Nominated Member, Province of Uva										adjudicated NONE  (medium): James Duncan, Nominated Member Uva, planter 1892-1919; candidates are unrelated.
TAP-P-001793	P001793	named	James Hadlington	10	9	1914	1924	author | Poultry Expert | contributor | Author of 'Poultry Farming in New South Wales'										
TAP-P-001794	P001794	named	James Michael	10	10	1884	1890	witness, at inception of Forest Service in India | arranger of the Indian collection | arranged the Indian section | Conservator of Forests										
TAP-P-001795	P001795	named	Johannes Gandrup	10	9	1922	1931	author | researcher | Director of Rubber Experiment Station | observer										
TAP-P-001796	P001796	named	John Armitage	10	10	1882	1900	late | sugarcane planter | well-known and enterprising merchant | imported the fig tree from Syria	Q112109065	wd_auto	high							
TAP-P-001797	P001797	named	John Clark	10	9	1885	1921	correspondent | member of Sub-Committee | Assistant Superintendent | owner of Glencoe and Woodland estates										adjudicated NONE  (medium): John Clark, Ceylon planter (Glencoe, Wattegode) 1885-1921; candidates painter, naval officer, US politicians.
TAP-P-001798	P001798	named	John Dalgleish	10	10	1896	1904	Auditor | auditor										adjudicated NONE  (medium): John Dalgleish C.A., London auditor 1896-1904; candidates (ornithologist, minister) do not fit.
TAP-P-001799	P001799	named	John Ellis	10	10	1882	1934	author | gentleman who sent for birds and seed | Presenter of tea-plant to Kew | got birds from coast of Guinea										adjudicated MIXED Q934747 (medium): Dominant: John Ellis 1710-76, naturalist (tea plant to Kew, Guinea grass to Jamaica). Pools a Dr Ellis, writer on the Church of England in Jamaica.
TAP-P-001800	P001800	named	John Evelyn	10	10	1882	1912	author | author of Acetaria | author of diary | author of 'Sylvæ'	Q342712	adjudicated	high							adjudicated LINK Q342712 (high): John Evelyn 1620-1706, writer, gardener, diarist; matches author of Acetaria, Sylva, diary. Cited historically.
TAP-P-001801	P001801	named	John Peter Grant	10	10	1883	1910	Governor of Jamaica | Governor | Director | Rev., D.D.	Q6252637	wd_auto+colist_kg	high	kgp_col1886-p446b8	auto					
TAP-P-001802	P001802	named	John Tilly	10	9	1882	1917	author | Chairman | Jur. | resident of Talawakele							review			
TAP-P-001803	P001803	named	Keith F. Arbuthnot	10	10	1896	1908	Director | Chairman of the Company | Commissioner appointed by the Assam Government										
TAP-P-001804	P001804	named	Kenneth Morford	10	7	1918	1945	visitor | member | Visitor | Member, representative of the Planters' Association of Ceylon										
TAP-P-001805	P001805	named	L. H. S. Peiris	10	9	1919	1924	member | sent letter | Visitor | member of the Committee										
TAP-P-001806	P001806	named	L. Zehntner	10	7	1901	1928	author | author of letter | entomologist, Java | investigator of cacao diseases	Q21062329	adjudicated	high							adjudicated LINK Q21062329 (high): Leo Zehntner 1864-1961, Swiss naturalist/entomologist; matches Dr L. Zehntner, Java entomologist, cacao disease investigator (Salatiga).
TAP-P-001807	P001807	surname_pool	Lord Kitchener	10	10	1899	1915	military commander | praises tea | appreciated the product | brother of General Kitchener	Q216129	adjudicated	high							adjudicated LINK Q216129 (high): Horatio Herbert Kitchener, 1st Earl Kitchener 1850-1916; matches Lord Kitchener, military commander, Egypt/Soudan cotton. One role refers to his brother.
TAP-P-001808	P001808	named	Lorenzo D. Baker	10	9	1885	1910	Banana King, president and tropical manager of the Boston Fruit Company | skipper, president and tropical manager of the Boston Fruit Company | founder of the banana trade in Jamaica | fruit trader	Q6680698	wd_auto	high							
TAP-P-001809	P001809	named	M. B. Mapitigama	10	10	1918	1926	Ratemahatmaya | Committee Member | Rate Mahatmeya of Parana Kuru Korale | judge, Paranakuru Korale										
TAP-P-001810	P001810	named	M. E. Couchman	10	10	1908	1912	Director of Agriculture | Director of Agriculture, Madras | Director of Agriculture in Madras | author										
TAP-P-001811	P001811	named	M. E. Grant Duff	10	10	1887	1899	author of the Review Minute | His Excellency, granted exemption | official | former Governor										
TAP-P-001812	P001812	named	M. Girard	10	10	1881	1924	formerly president of the Entomological Society of France | researcher | chemist, chief of the Paris Municipal Laboratory | author of paper on tree leaves as fodder										adjudicated MIXED  (medium): 'M. Girard' pools a Paris chemist (Municipal Laboratory chief) and an ex-president of the French Entomological Society; candidate Provençal poet does not fit.
TAP-P-001813	P001813	named	M. M. Hartog	10	9	1894	1922	inventor of banana meal method | Assistant Director of the Gardens | Asst. Director, Royal Botanic Gardens | Cork University	Q6758216	wd_auto	high							
TAP-P-001814	P001814	named	M. S. Kariappar	10	5	1945	1945	Member | member | Gate Mudaliyar | mover of resolution										
TAP-P-001815	P001815	named	M. S. Parry	10	10	1896	1912	elected member | member | Hon. Secretary of the Federated Malay States U P A | Hon. Secretary of the Federated States U P A										
TAP-P-001816	P001816	named	M. Suppramaniam	10	10	1906	1909	Visitor | Broker | Broker of Colombo | present										
TAP-P-001817	P001817	named	Mark Twain	10	10	1884	1908	author | author referenced for analogy | American humourist | American humorist	Q7245	adjudicated	high							adjudicated LINK Q7245 (high): Mark Twain 1835-1910, American author and humorist; profile: American humorist, quoted author.
TAP-P-001818	P001818	named	Martin Conway	10	9	1900	1914	explorer | lecturer | author of the paper | explorer who found flowering plants	Q2034158	wd_auto	high							
TAP-P-001819	P001819	named	N. Senathiraja	10	10	1922	1940	Manager, Experiment Station, Jaffna | Asst. Farm School Officer, Jaffna | Farm Manager, Jaffna Experiment Station | Farm Manager, Experiment Station, Jaffna										
TAP-P-001820	P001820	named	Nemesio B. Mendiola	10	7	1924	1942	author | introduced variety from Java | researcher | investigator										
TAP-P-001821	P001821	named	Octave Collet	10	8	1903	1908	author | Belgian rubber expert | visitor to the island, critic | expert in rubber										adjudicated UNSURE Q109675924 (low): Octave Collet item is empty (no dates/occupation); profile is a Belgian rubber expert visiting Ceylon 1903-08. Name only.
TAP-P-001822	P001822	named	P. Vageler	10	9	1933	1940	author | author of book on tropical soils | author on tropical soils | scholar										
TAP-P-001823	P001823	named	R. Chelvadurai-Proctor	10	8	1914	1917	author | Interpreter Mudaliyar | author of the paper | Mudaliyar										
TAP-P-001824	P001824	named	R. Helms	10	10	1895	1909	author | Bureau of Agriculture | collector | author of the account	Q19877827	adjudicated	high							adjudicated LINK Q19877827 (high): Richard Helms 1842-1914, botanist/entomologist/collector, Australia; matches R. Helms, NSW Bureau of Agriculture, collector, author.
TAP-P-001825	P001825	named	R. J. Booth	10	10	1898	1909	exhibitor of tea | tea producer | attendee | Chairman of the Brazilian Rubber Trust Ltd.										
TAP-P-001826	P001826	named	R. R. Muras	10	9	1930	1934	Assistant Secretary | Accountant | Actg. Asst. Secretary | Acting Assistant Secretary										
TAP-P-001827	P001827	named	R. T. Prowse	10	10	1889	1900	Secretary, Customs | Custom House, London | signatory of reply | signatory of the order										
TAP-P-001828	P001828	surname_pool	Resident-General	10	10	1897	1909	official | official to be applied to for information | official thanked for immigration system | official interviewed by Chairman and Mr. Bailey										
TAP-P-001829	P001829	surname_pool	Rheede	10	8	1882	1945	botanist | author cited | author of Hort. Malab. | governor of the territory of Malabar	Q741104	wd_auto	high							
TAP-P-001830	P001830	named	Robert Buchanan	10	10	1886	1897	Hon. Secretary | correspondent | correspondent, estate owner | member of the firm, studying tobacco manufacture										adjudicated NONE  (medium): Robert Buchanan, Blantyre/Zomba planter, tobacco preparer 1886-97; candidates (poet, ministers, footballer) do not fit.
TAP-P-001831	P001831	named	Robert Chalmers	10	9	1899	1941	Governor of Ceylon | Secretary of the Indian Currency Committee | new President | Speaker at the Prize Distribution at the Royal College	Q3815649	adjudicated+colist_kg	high	kgp_col1917-p721b11	auto					adjudicated LINK Q3815649 (high): Robert Chalmers, 1st Baron Chalmers 1858-1938, position held Governor of British Ceylon; matches Sir Robert Chalmers K.C.B., Governor of Ceylon, Indian Currency Committee.
TAP-P-001832	P001832	named	Robert King	10	10	1890	1900	Director, retiring | reappointed director | of Paddington | Director										adjudicated NONE  (medium): Robert King, Glasgow director/chairman of Kelani Valley company 1890-1900; candidates (clergyman-entomologist, modern) do not fit.
TAP-P-001833	P001833	named	S. L. Harries	10	9	1889	1903	shareholder | Director | Visiting Agent | director							review			
TAP-P-001834	P001834	named	S. R. K. Menon	10	10	1934	1942	researcher | expert from India | researcher on coconut fibre to paper pulp | author										
TAP-P-001835	P001835	named	Subba Rao	10	6	1888	1910	author | inventor of water-lift | of the Revenue Board | author of paper										adjudicated NONE  (medium): Subba Rao, Madras Revenue Board, water-lift inventor 1888-1910; candidates (film director, Telugu writer) do not fit.
TAP-P-001836	P001836	named	T. E. B. Skinner	10	6	1894	1897	son of Capt. Skinner | Roadmaker of Ceylon; Pioneer in Coffee Planting | Surveyor-General, Pioneer of Planting | Civil Engineer and Commissioner of Roads	Q7794001	adjudicated	medium	kgp_col1886-p499b19	auto					adjudicated LINK Q7794001 (medium): Major Thomas (Bridges Boucher) Skinner 1804-77, civil servant/engineer in Ceylon; matches roadmaker, Commissioner of Roads. 'T. E. B.' likely OCR of T. B. B.; Postmaster-General role unclear.
TAP-P-001837	P001837	named	T. F. Bourdillon	10	10	1882	1900	Secretary, Travancore Planters' Association | author of notes | elected Fellow | correspondent	Q3525143	adjudicated	high							adjudicated LINK Q3525143 (high): Thomas Fulton Bourdillon 1849-1930, naturalist/botanist in India; matches T. F. Bourdillon, Conservator of Forests Travancore, Sec. Travancore PA.
TAP-P-001838	P001838	named	T. Hanbury	10	8	1886	1922	donor, Ventimiglia | gift or exchange recipient, Italy | benefactor | gardener										
TAP-P-001839	P001839	named	Thomas Gidden	10	10	1899	1906	manager, Campion | Attendee | visiting for the Company										
TAP-P-001840	P001840	named	Thomas Oxley	10	9	1882	1897	Senior Surgeon of the Settlement of Prince of Wales' Island, Singapore and Malac | author | Senior Surgeon of the Settlement of Prince of Wales Island, Singapore and Malacc | Proprietor	Q64757520	adjudicated	high							adjudicated LINK Q64757520 (high): Thomas Oxley 1805-86, Surgeon of the Straits Settlements and plantation owner; matches Senior Surgeon, Prince of Wales Island, Singapore and Malacca.
TAP-P-001841	P001841	named	Thomas Stanes	10	10	1884	1898	owner of Glendale estate | author | of Oonoor | proprietor of Glendale and other tea and cinchona estates on the Nilgiris	Q7794157	adjudicated	high							adjudicated LINK Q7794157 (high): Thomas Stanes 1837-1905, Anglo-Indian businessman, died Coonoor; matches proprietor of Glendale tea/cinchona estates, Coonoor, Nilgiris.
TAP-P-001842	P001842	surname_pool	Vahl	10	9	1884	1930	botanist | chemist | first writer to cite Forskael | constructs a formula from mean temperatures	Q353283	wd_auto	high							
TAP-P-001843	P001843	named	W. Bally	10	7	1923	1930	author | researcher | Researcher | conducted an experiment										
TAP-P-001844	P001844	named	W. C. Lester Smith	10	10	1913	1936	Plant Pest Inspector, Southern | Inspector, Southern | attendee | Acting Manager, Experiment Station, Peradeniya										
TAP-P-001845	P001845	named	W. G. Forbes	10	10	1883	1911	of the Civil Service | Her Majesty's Mint, Calcutta | care of, H. M. Mint, Calcutta | Esq., Her Majesty's Mint, Calcutta										
TAP-P-001846	P001846	named	W. G. Rockwood	10	10	1891	1907	purchaser | Member of the Board | Vice-President | Member of the Association	Q17334056	adjudicated	high		review					adjudicated LINK Q17334056 (high): William Gabriel Rockwood 1843-1909, Ceylon Tamil physician/surgeon; matches Dr W. G. Rockwood M.D., Hon., Board member, Colombo.
TAP-P-001847	P001847	named	W. G. Wood	10	7	1885	1919	exhibitor of fret-work | winner, Wood Carving | Exhibitor, Bogambera, Kandy | Exhibitor										adjudicated NONE  (medium): W. G. (Wilson) Wood, Kotagala/Kandy resident, fret-work exhibitor 1885-1919; candidates are American namesakes.
TAP-P-001848	P001848	named	W. Haslam	10	10	1886	1903	member present | shareholder | member of Ceylon Association | Attendee										adjudicated NONE  (medium): W. Haslam of Derby, Ceylon Association member 1886-1903 (also a Veterinary Captain); candidate South Australian politician does not fit.
TAP-P-001849	P001849	named	W. Haworth	10	8	1883	1896	speaker | eminent and well-known authority on tea | Doyen of the class representing Anglo-Saxon enterprise in India, father of the I | inventor of a tea roller										
TAP-P-001850	P001850	named	W. Laing Malcolmson	10	9	1882	1909	vineyard owner | vine grower, son of James Malcolmson | fruit-grower in California | patent holder										
TAP-P-001851	P001851	named	W. N. Evans	10	9	1881	1894	author | analyst, Tanners' Laboratory Taunton | authority on practical tanning | Tanner's Laboratory at Taunton										adjudicated NONE  (medium): W. N. Evans, tanning analyst, Tanners' Laboratory Taunton 1881-94; candidate is an American chemist.
TAP-P-001852	P001852	named	W. N. Sands	10	10	1900	1941	author | Curator, Botanic Gardens Antigua | Curator of Botanic Station | Agricultural Superintendent, St. Vincent				kgp_col1932-p1031b6	auto					adjudicated NONE  (low): W. N. Sands, Curator Antigua Botanic Station, Agric. Supt St Vincent, Asst Economic Botanist FMS 1900-41; candidates wrong (architects, US diplomat).
TAP-P-001853	P001853	named	W. Ormiston	10	9	1898	1932	author | hon. secretary | resident | Hon. Secy. of the Haputale Branch of the C G P S	Q21395679	adjudicated	high							adjudicated LINK Q21395679 (high): Walter Ormiston, 'British tea planter and entomologist', residence Haldummulla; matches W. Ormiston, Haputale planter and entomologist.
TAP-P-001854	P001854	named	W. P. Kelley	10	5	1920	1934	researcher | author | representative of Brown & Co.	Q55720896	adjudicated	high							adjudicated LINK Q55720896 (high): Walter Pearson Kelley 1878-1965, American soil chemist, University of California; matches W. P. Kelley, soil researcher (Hawaii) cited 1920-34.
TAP-P-001855	P001855	named	W. P. Metcalfe	10	10	1891	1904	Director | Chairman | Provisional Director | shareholder										
TAP-P-001856	P001856	named	W. R. Fisher	10	9	1882	1928	author | Author of 'Forest Protection' | Director | author of account in 'Manual of Forestry'										adjudicated NONE  (medium): W. R. Fisher, forestry author (Cooper's Hill, 'Forest Protection', Manual of Forestry) 1882-1928; search found no item.
TAP-P-001857	P001857	named	W. T. McK.	10	10	1882	1903	author | correspondent | author of the letter | correspondent in Sumatra										
TAP-P-001858	P001858	named	W. W. Woods	10	9	1921	1934	Colonial Treasurer | Colonial Auditor | Board member | Absent member	Q16466622	adjudicated	high	kgp_dol1935-p1031b3	auto					adjudicated LINK Q16466622 (high): Sir Wilfrid Wentworth Woods 1876-1947, British colonial financial administrator; matches W. W. Woods, Colonial Treasurer/Financial Secretary Ceylon 1921-34.
TAP-P-001859	P001859	named	William Manning	10	10	1913	1945	Governor | Governor of Ceylon | Governor of Ceylon and President of the Agricultural Society | Opened the Chemical Laboratory	Q15072961	wd_auto	high	kgp_col1923-p875b10	auto					
TAP-P-001860	P001860	named	Y. D. Wad	10	7	1934	1941	author | researcher on compost | author cited | author, Institute of Plant Industry, Indore										
