doc	contents_page	volume	issue	department	title	author	folio
vol070_dli-ernet-229220	79	70	1928-02		Editorial		65
vol070_dli-ernet-229220	79	70	1928-02	Original Articles	Tea and Indigofera endecaphylla	T. H. Holland, Dipl. Agric. Wye	67
vol070_dli-ernet-229220	79	70	1928-02	Original Articles	Mycological Notes (9)	J. C. Haigh, B.Sc., A.R.C.S., A.I.C.T.A	77
vol070_dli-ernet-229220	79	70	1928-02	Original Articles	Mycological Notes (10)	L. S. Bertus, Assistant in Mycology	80
vol070_dli-ernet-229220	79	70	1928-02	Original Articles	Notes on Coconut Pests	Cecil N. E. J. de Mel, B.Sc. (Lond.), Dipl. Agric. Wye	85
vol070_dli-ernet-229220	79	70	1928-02	Original Articles	The Brinjal Leaf-webber	E. de Alwis, Assistant in Entomology	87
vol070_dli-ernet-229220	79	70	1928-02	Selected Articles	Mould on Rubber		90
vol070_dli-ernet-229220	79	70	1928-02	Selected Articles	The Mildew Disease in East Java		91
vol070_dli-ernet-229220	79	70	1928-02	Selected Articles	The Avocado—A Valuable Fruit		94
vol070_dli-ernet-229220	79	70	1928-02	Selected Articles	Tomato Cultivation		102
vol070_dli-ernet-229220	79	70	1928-02	Selected Articles	The Corn Ear Worm on Tomatoes		112
vol070_dli-ernet-229220	79	70	1928-02	Selected Articles	Sodium Fluoride and Cutworms		115
vol070_dli-ernet-229220	79	70	1928-02	Selected Articles	A Report on the Chinese Market Gardening System		117
vol070_dli-ernet-229220	79	70	1928-02	Selected Articles	Sugar and Alcohol From Cellulose		120
vol070_dli-ernet-229220	79	70	1928-02	Departmental Notes	Be Prepared for the Spotted Locust		121
vol070_dli-ernet-229220	79	70	1928-02	Meetings, Conferences, etc	Board of Agriculture, Estates Products Committee		123
vol070_dli-ernet-229220	79	70	1928-02	Meetings, Conferences, etc	"""Adco."" A. W. R. Joachim"		126
vol070_dli-ernet-229220	79	70	1928-02	Book Notices	Agricultural Research in 1926		127
vol070_dli-ernet-229220	79	70	1928-02	Returns	Animal Disease Return for the Month ended January, 1928		128
vol070_dli-ernet-229220	79	70	1928-02	Returns	Meteorological Return for January, 1928		128
vol070_dli-ernet-229220	147	70	1928-03		Editorial		128
vol070_dli-ernet-229220	147	70	1928-03	Original Articles	The Imperial Agricultural Research Conference—Report of Secretary		131
vol070_dli-ernet-229220	147	70	1928-03	Original Articles	Memorandum on Agricultural Organization and its Work in Ceylon	F. A. Stockdale, C.B.E., M.A., F.L.S	143
vol070_dli-ernet-229220	147	70	1928-03	Original Articles	Memorandum on Agricultural Research Work in hand at present in Ceylon	F. A. Stockdale, C.B.E., M.A., F.L.S	149
vol070_dli-ernet-229220	147	70	1928-03	Original Articles	Memorandum on work of Veterinary Department, Ceylon	G. W. Sturgess, M.R.C.V.S	160
vol070_dli-ernet-229220	147	70	1928-03	Original Articles	Special Memoranda I.—VII. From the Department of Agriculture		161
vol070_dli-ernet-229220	147	70	1928-03	Original Articles	Mycological Notes (11)	M. Park, A.R.C.S	171
vol070_dli-ernet-229220	147	70	1928-03	Selected Articles	The Deterioration of Soils		175
vol070_dli-ernet-229220	147	70	1928-03	Selected Articles	Manuring of Hay and Pasture		177
vol070_dli-ernet-229220	147	70	1928-03	Selected Articles	The Rice Question		179
vol070_dli-ernet-229220	147	70	1928-03	Selected Articles	Calf Rearing on Modern Lines		181
vol070_dli-ernet-229220	147	70	1928-03	Selected Articles	Why Milk Yield Varies		183
vol070_dli-ernet-229220	147	70	1928-03	Selected Articles	The Need for a Village Dairy Factory System in India		185
vol070_dli-ernet-229220	147	70	1928-03	Meetings, Conferences, etc	The Tea Research Institute of Ceylon		188
vol070_dli-ernet-229220	147	70	1928-03	Meetings, Conferences, etc	Minutes of the Meeting of the District Agricultural Committee, Kegalle		189
vol070_dli-ernet-229220	147	70	1928-03	Meetings, Conferences, etc	Agricultural Shows and Competitions		190
vol070_dli-ernet-229220	147	70	1928-03	Correspondence of Interest	"Manures—""Mowra-Meal"""		191
vol070_dli-ernet-229220	147	70	1928-03	Returns	Animal Disease Return for the Month ended February, 1928		192
vol070_dli-ernet-229220	147	70	1928-03	Returns	Meteorological Return for February, 1928		192
vol070_dli-ernet-229220	213	70	1928-04		Editorial		193
vol070_dli-ernet-229220	213	70	1928-04	Original Articles	The Chemical Composition of some Ceylon Paddies, Rice and Milling Products	A. W. R. Joachim, B.Sc., A.I.C., and S. Kandiah, Dip. Agr. (Poona)	195
vol070_dli-ernet-229220	213	70	1928-04	Original Articles	Rice Outturn of Paddies Husked for the Agricultural Chemist	L. Lord, M.A	207
vol070_dli-ernet-229220	213	70	1928-04	Original Articles	Paddy Notes (III)	L. Lord, M.A	211
vol070_dli-ernet-229220	213	70	1928-04	Original Articles	The Two Weevil Pests of Plantains	M. P. D. Pinto, Assistant in Entomology	216
vol070_dli-ernet-229220	213	70	1928-04	Original Articles	Mycological Notes (12)	M. Park, A.R.C.S	225
vol070_dli-ernet-229220	213	70	1928-04	Original Articles	Mycological Notes (13)	W. Small, M.B.E., M.A., B.Sc., Ph. D., F.L.S	227
vol070_dli-ernet-229220	213	70	1928-04	Original Articles	Notes on Rubber Manufacture	T. E. H. O'Brien, M.Sc., A.I.C	232
vol070_dli-ernet-229220	213	70	1928-04	Original Articles	Birds in Relation to Agriculture	N. K. Jardine, F.E.S	240
vol070_dli-ernet-229220	213	70	1928-04	Departmental Notes	Progress Report of the Experiment Station, Peradeniya, for the Months of January, and February, 1928		248
vol070_dli-ernet-229220	213	70	1928-04	Departmental Notes	Minutes of Meeting of the Estates Products Committee of the Board of Agriculture		250
vol070_dli-ernet-229220	213	70	1928-04	Departmental Notes	Power alcohol from Grasses, Straws and Waste Vegetable Material, F.A.S		252
vol070_dli-ernet-229220	213	70	1928-04	Departmental Notes	What the Plant Breeder has done for Canadian Wheat Growing		253
vol070_dli-ernet-229220	213	70	1928-04	Departmental Notes	Report on Kapok from Ceylon		254
vol070_dli-ernet-229220	213	70	1928-04	Departmental Notes	School Garden Competition in Kalutara District		255
vol070_dli-ernet-229220	213	70	1928-04	Departmental Notes	Home Garden Competition in Pasdun Korale West		255
vol070_dli-ernet-229220	213	70	1928-04	Returns	Animal Disease Return for the Month ended March, 1928		256
vol070_dli-ernet-229220	213	70	1928-04	Returns	Meteorological Return for March, 1928		256
vol070_dli-ernet-229220	283	70	1928-05		Editorial		257
vol070_dli-ernet-229220	283	70	1928-05		Programme of the Agricultural Conference		258
vol070_dli-ernet-229220	283	70	1928-05	Morning Session	Third Agricultural Conference at Peradeniya		260
vol070_dli-ernet-229220	283	70	1928-05	Morning Session	Opening Address by His Excellency the Governor		261
vol070_dli-ernet-229220	283	70	1928-05	*Papers.*	Some Problems for the Tea Research Institute	Mr. T. Petch,Director, Tea Research Institute	271
vol070_dli-ernet-229220	283	70	1928-05	*Papers.*	Discussion.—His Excellency the Governor, Mr. H. A. Webb,Mr. T. Petch, Robert de Zoysa, Mr. Wace de Niese,Mr. A. C. E. Wanigasekera, Mr. P. A. Keiller,Mr. R. G. Coombe, Mr. F. A. Stockdale, and Mr. JohnHorsfall		278
vol070_dli-ernet-229220	283	70	1928-05	*Papers.*	Points raised by Kandy District Planters' Association.Branch Canker (Wood-Rot) and its Connection with season ofPruning, Style of Pruning, and Shot-hole Borer infection		281
vol070_dli-ernet-229220	283	70	1928-05	*Papers.*	Discussion.—Mr. Gordon Pyper, His Excellency the Governor,Mr. F. A. Stockdale, and Mr. T. Petch		281
vol070_dli-ernet-229220	283	70	1928-05	*Papers.*	Points raised by the Morawak Korale Planters' Association.(a) Shade trees suitable for elevations of 1500-3000 feet, (b) Fueltrees for elevations of 1500 feet., (c) The relationship, if anybetween Boga medeloa and prevalence of Shot-hole Borer		284
vol070_dli-ernet-229220	283	70	1928-05	*Papers.*	Discussion.—Mr. F. A. Stockdale, Mr. J. D. Sargent,Mr. F. P. Jepson, Mr. T. Petch, and His Excellency theGovernor		284
vol070_dli-ernet-229220	283	70	1928-05	*Papers.*	The Relationship between Manuring and Callus Formation in Teaby P. A. Keiller		288
vol070_dli-ernet-229220	283	70	1928-05	*Papers.*	Discussion.—Mr. F. A. Stockdale, Mr. T. Petch, andMr. A. R. Westrop		297
vol070_dli-ernet-229220	283	70	1928-05	*Papers.*	The Results of Drainage and Leaching Trials at Peradeniya during1927	A. W. R. Joachim, Agricultural Chemist	302
vol070_dli-ernet-229220	283	70	1928-05	*Papers.*	Discussion.—His Excellency the Governor, Mr. P. A. Keiller, andMr. T. Eden		302
vol070_dli-ernet-229220	393	70	1928-06		Third Agricultural Conference at Peradeniya, (Continued)		362
vol070_dli-ernet-229220	393	70	1928-06	*Papers.*	Dairy Farming and Breeding of Stock in the Kurunegala Districtby Reginald M. Fernando		363
vol070_dli-ernet-229220	393	70	1928-06	*Papers.*	Discussion.—His Excellency the Governor Mr. A. Bowie,Mr. Reginald M. Fernando, Mr. F. A. Stockdale, Mr. Sturgess,Mr. H. L. De Mel, Mr. W. A. de Silva, Mr. J. P. Obeyesekera,Mr. A. Godamune, Mr. C. V. Brayne, Mudaliyar Ramalingam,and Mr. Muttiah		367
vol070_dli-ernet-229220	393	70	1928-06	*Papers.*	Some of the Limiting Factors in the Improvement of PaddyCultivation in Ceylon	L. Lord	374
vol070_dli-ernet-229220	393	70	1928-06	*Papers.*	Discussion.—His Excellency the Governor, Mr. W. A. de Silva,Mr. J. C. Ratwatte, Mr. Geo E. de Silva, Mr. L. Lord,Mr. A. Godamune, and Mr. F. A. Stockdale		380
vol070_dli-ernet-229220	393	70	1928-06	*Papers.*	Some Aspects of Food Production	H. L. De Mel	383
vol070_dli-ernet-229220	393	70	1928-06	Afternoon Session	Prize-giving at the Farm School Peradeniya, Report of Vice-PrincipalMr. Burnett		393
vol070_dli-ernet-229220	393	70	1928-06	Afternoon Session	His Excellency the Governor's Address		396
vol070_dli-ernet-229220	493	71	1928-08		Editorial		65
vol070_dli-ernet-229220	493	71	1928-08	Original Articles	Modern Field Experiments	T. Eden, M.Sc., A.I.S	67
vol070_dli-ernet-229220	493	71	1928-08	Original Articles	Mycological Notes (14). Further Notes on Rhizoctoniabataticola (Taub.) Butler	W. Small, M.B.E., M.A.,B.Sc., Ph.D., F.L.S	77
vol070_dli-ernet-229220	493	71	1928-08	Selected Articles	Rice Culture in Italy		81
vol070_dli-ernet-229220	493	71	1928-08	Selected Articles	A New Green Manure Plant. Crotolaria Anagyroides	V. S. Habbu, B. Ag	83
vol070_dli-ernet-229220	493	71	1928-08	Selected Articles	Pastoral Research Problems, by Geo. L. Sutton		85
vol070_dli-ernet-229220	493	71	1928-08	Selected Articles	Tobacco		91
vol070_dli-ernet-229220	493	71	1928-08	Selected Articles	Pruning Backward Trees		92
vol070_dli-ernet-229220	493	71	1928-08	Selected Articles	Acclimatisation of Plants	J. Comber	93
vol070_dli-ernet-229220	493	71	1928-08	Selected Articles	The Movement of Nitrates in the Soil and Sub-Soil		96
vol070_dli-ernet-229220	493	71	1928-08	Selected Articles	Influence of Fermentation on the Nitrification of Organic ManuresUstilina Zonata, (Lev.) Sacc. A. Warning Note	F. W. South, M.A	96
vol070_dli-ernet-229220	493	71	1928-08	Selected Articles	Agriculturists and Education, by Principal S. C. Shahani		97
vol070_dli-ernet-229220	493	71	1928-08	Selected Articles	Co-operative Marketing	H. Sinha, M.Sc., Ph.D., Cert. A.I.B.(London)	98
vol070_dli-ernet-229220	493	71	1928-08	Selected Articles	Land Mortgage Banks for Bombay		101
vol070_dli-ernet-229220	493	71	1928-08	Selected Articles	Eri Silk: Its Possibilities	M. N. De	113
vol070_dli-ernet-229220	493	71	1928-08	Meetings, Conferences, etc	Minutes of Meeting of the Estate Products Committee of the Boardof Agriculture		118
vol070_dli-ernet-229220	493	71	1928-08	Departmental Notes	Progress Report of the Experiment Station, Peradeniya, for themonth of May and June, 1928		122
vol070_dli-ernet-229220	493	71	1928-08	Departmental Notes	Bogamuwa Paddy Cultivation Competition		125
vol070_dli-ernet-229220	493	71	1928-08	Departmental Notes	Kurunegala Town Paddy Weeding Competition		125
vol070_dli-ernet-229220	493	71	1928-08	Departmental Notes	Hiriyala Hatpattu Paddy Cultivation Competition		125
vol070_dli-ernet-229220	493	71	1928-08	Departmental Notes	Walapane Chillie Cultivation Competition		126
vol070_dli-ernet-229220	493	71	1928-08	Reviews	"""Wood Rot in Tea"""		126
vol070_dli-ernet-229220	493	71	1928-08	Returns	Animal Disease Return for the month ended 30th June, 1928		127
vol070_dli-ernet-229220	493	71	1928-08	Returns	Meteorological Return for June, 1928		127
vol070_dli-ernet-229220	493	71	1928-08	Returns	Animal Disease Return for the month ended 31st July, 1928		128
vol070_dli-ernet-229220	493	71	1928-08	Returns	Meteorological Return for July, 1928		128
vol070_dli-ernet-229220	635	71	1928-10		Editorial		197
vol070_dli-ernet-229220	635	71	1928-10	Original Articles	Cultivation of Chaulmoogra Oils for the Treatment of Leprosy: Further Report Regarding Investigations made in connection with the plants producing Chaulmoogra Oils for the Treatment of Leprosy: Final Report on Hydnocarpus Seeds from Ceylon. By F. A. Stockdale, C.B.E., M.A., F.L.S		199
vol070_dli-ernet-229220	635	71	1928-10	Original Articles	Memorandum on a system of drainage calculated to control the flow of water on up-country estates with a view to reducing soil erosion to a minimum. By E. O. Felsinger		211
vol070_dli-ernet-229220	635	71	1928-10	Original Articles	Mycological Notes (16). By W. Small, M.B.E., M.A., B.Sc., Ph.D., F.L.S		215
vol070_dli-ernet-229220	635	71	1928-10	Original Articles	Sparrows. By N. K. Jardine, F.E.S		228
vol070_dli-ernet-229220	635	71	1928-10	Original Articles	A Note on Cover Crops in relation to Root Diseases of Rubber. By R. K. S. Murray, A.R.C.Sc		233
vol070_dli-ernet-229220	635	71	1928-10	Original Articles	"Summary of a Report on ""Causes of Variation of Plasticity."""		237
vol070_dli-ernet-229220	635	71	1928-10	Selected Articles	Bye Products of the Pineapple Canning Industry		240
vol070_dli-ernet-229220	635	71	1928-10	Selected Articles	Small Holdings Competition		244
vol070_dli-ernet-229220	635	71	1928-10	Meetings, Conferences, etc	Minutes of a Meeting of the Estates Products Committee of the Board of Agriculture		247
vol070_dli-ernet-229220	635	71	1928-10	Departmental Notes	Progress Report of the Experiment Station, Peradeniya, for the Months of July and August, 1928		252
vol070_dli-ernet-229220	635	71	1928-10	Departmental Notes	Agricultural Competitions in the Southern Division		254
vol070_dli-ernet-229220	635	71	1928-10	Departmental Notes	Colonel Wright Prize Competition in North-Western Province		256
vol070_dli-ernet-229220	635	71	1928-10	Departmental Notes	Competition for the Hon. Sir Steward Schneider's Challenge Cup for School Gardens		256
vol070_dli-ernet-229220	635	71	1928-10	Departmental Notes	Curry Stuffs Cultivation Competition, Matale District		256
vol070_dli-ernet-229220	635	71	1928-10	Departmental Notes	Matale North Vegetable Garden Competition, 1927-28		257
vol070_dli-ernet-229220	635	71	1928-10	Departmental Notes	Pure-Line Paddy Growing Competition, 1927-28		257
vol070_dli-ernet-229220	635	71	1928-10	Departmental Notes	Vegetable Garden Competition in Harispattu		257
vol070_dli-ernet-229220	635	71	1928-10	Departmental Notes	Matale South Vegetable Garden Competition		258
vol070_dli-ernet-229220	635	71	1928-10	Departmental Notes	Mudaliyar Waidyasekera Prize Competition		258
vol070_dli-ernet-229220	635	71	1928-10	Book Review	Importance of an Adequate Intelligence Service for the Rubber Industry: Summary of Current Literature: Library Catalogue		259
vol070_dli-ernet-229220	635	71	1928-10	Returns	Animal Disease Return for the Month ended September, 1928		260
vol070_dli-ernet-229220	635	71	1928-10	Returns	Meteorological Return for September, 1928		260
vol070_dli-ernet-229220	705	71	1928-11		Editorial		261
vol070_dli-ernet-229220	705	71	1928-11	Original Articles	Manuring Experiments and Experimentation with Rubber	L. Lord, M.A	263
vol070_dli-ernet-229220	705	71	1928-11	Original Articles	The Economic Value of Birds in Ceylon	GeorgeBrown, B.A. (Cantab)	272
vol070_dli-ernet-229220	705	71	1928-11	Original Articles	Chemical Notes (3). A. W. R. Joachim, B.Sc., A.I.C		281
vol070_dli-ernet-229220	705	71	1928-11	Selected Articles	Tropical Agriculture in Malaya, Ceylon and Java		282
vol070_dli-ernet-229220	705	71	1928-11	Selected Articles	The Problem of Agricultural Marketing		293
vol070_dli-ernet-229220	705	71	1928-11	Selected Articles	Notes on Coffee		303
vol070_dli-ernet-229220	705	71	1928-11	Selected Articles	Notes on Dolichos Hosei syn. Vigna Hosei		309
vol070_dli-ernet-229220	705	71	1928-11	Selected Articles	An Effective Method of Popularising Agricultural improve-ments among Ryots		311
vol070_dli-ernet-229220	705	71	1928-11	Meetings, Conferences, etc	Minutes of a Meeting of the Board of the Tea ResearchInstitute		314
vol070_dli-ernet-229220	705	71	1928-11	Departmental Notes	Progress Report of the Experiment Station, Peradeniya,for the months of September and October		318
vol070_dli-ernet-229220	705	71	1928-11	Departmental Notes	Agricultural Competitions in the North-Western Province		320
vol070_dli-ernet-229220	705	71	1928-11	Departmental Notes	Competitions in the Kotmale Division of the Nuwara Eliya District		321
vol070_dli-ernet-229220	705	71	1928-11	Departmental Notes	Vegetable Garden Competition		321
vol070_dli-ernet-229220	705	71	1928-11	Book Review	Conserved Grass as a Stock Feed and its Portability		322
vol070_dli-ernet-229220	705	71	1928-11	Returns	Animal Disease Return for the month ended October, 1928		324
vol070_dli-ernet-229220	705	71	1928-11	Returns	Meteorological Return for October, 1928		324
vol070_dli-ernet-229220	774	71	1928-12		Editorial		325
vol070_dli-ernet-229220	774	71	1928-12	Original Articles	Cacao Research. F. A. Stockdale, C.B.E., M.A., F.L.S		327
vol070_dli-ernet-229220	774	71	1928-12	Original Articles	Sugar-cane Experiments at Allai	F. A. Stockdale, C.B.E., M.A., F.L.S	343
vol070_dli-ernet-229220	774	71	1928-12	Original Articles	Losses of Nitrogen from Green Manures and Tea Prunings through Drying under Field Conditions	A. W. R. Joachim, B.Sc., A.I.C	348
vol070_dli-ernet-229220	774	71	1928-12	Selected Articles	Irrigation and Crop Production		352
vol070_dli-ernet-229220	774	71	1928-12	Selected Articles	Work on Rice Improvement in Tanjore Delta		361
vol070_dli-ernet-229220	774	71	1928-12	Selected Articles	Soil Fertility		364
vol070_dli-ernet-229220	774	71	1928-12	Selected Articles	Pineapple Disease Investigations		367
vol070_dli-ernet-229220	774	71	1928-12	Selected Articles	Passion-Fruit and Its Culture		378
vol070_dli-ernet-229220	774	71	1928-12	Selected Articles	Curing of Vanilla		381
vol070_dli-ernet-229220	774	71	1928-12	Meetings, Conferences, etc	Minutes of a Meeting of the Estates Products Committee of the Board of Agriculture		384
vol070_dli-ernet-229220	774	71	1928-12	Meetings, Conferences, etc	Minutes of a Meeting of the Trincomalee District Food Products Committee		387
vol070_dli-ernet-229220	774	71	1928-12	Meetings, Conferences, etc	Schneider Challenge Cup Competition, Central Division		388
vol070_dli-ernet-229220	774	71	1928-12	Meetings, Conferences, etc	Schneider Challenge Cup Competition, Southern Division		388
vol070_dli-ernet-229220	774	71	1928-12	Meetings, Conferences, etc	Tea Garden Competition in Udapalata		388
vol070_dli-ernet-229220	774	71	1928-12	Book Review	Report of the Director of the Imperial Bureau of Entomology for the year ended 31st March, 1928		389
vol070_dli-ernet-229220	774	71	1928-12	Returns	Animal Disease Return for the Month ended November, 1928		390
vol070_dli-ernet-229220	774	71	1928-12	Returns	Meteorological Return for November, 1928		390
vol074_dli-ernet-229223	13	74	1930-01		Editorial		1
vol074_dli-ernet-229223	13	74	1930-01	ORIGINAL ARTICLES	The Effects of Green Manures and Cover Crops on Soil Moisture. By A. W. R. Joachim, B.Sc., A.I.C., Dip. Agr. (Cantab.), and S. Kandiah, Dip. Agr. (Poona)		3
vol074_dli-ernet-229223	13	74	1930-01	ORIGINAL ARTICLES	The Relation of Green Manures to the Carbon and Nitrogen Contents and Reaction of Soils at Peradeniya. By A. W. R. Joachim, B.Sc., A.I.C., Dip. Agr. (Cantab.), and D. G. Pandittesekere, Dip. Agr. (Poona)		10
vol074_dli-ernet-229223	13	74	1930-01	ORIGINAL ARTICLES	Epidendrum Stamfordianum Bateman. By K. J. Alex Sylva, F.R.H.S		15
vol074_dli-ernet-229223	13	74	1930-01	SELECTED ARTICLES	Agricultural Meteorology: A Brief Historical Review		17
vol074_dli-ernet-229223	13	74	1930-01	SELECTED ARTICLES	Kapok in the Philippines		26
vol074_dli-ernet-229223	13	74	1930-01	SELECTED ARTICLES	The Original Home and Mode of Dispersal of the Coconut		30
vol074_dli-ernet-229223	13	74	1930-01	SELECTED ARTICLES	Panama Disease Research		36
vol074_dli-ernet-229223	13	74	1930-01	SELECTED ARTICLES	Liming of Tropical Soils		45
vol074_dli-ernet-229223	13	74	1930-01	SELECTED ARTICLES	Tung Oil		51
vol074_dli-ernet-229223	13	74	1930-01	MEETINGS, CONFERENCES, ETC	Minutes of Meeting of the Estate Products Committee of the Board of Agriculture		53
vol074_dli-ernet-229223	13	74	1930-01	MEETINGS, CONFERENCES, ETC	Matarra District Agricultural Committee		57
vol074_dli-ernet-229223	13	74	1930-01	DEPARTMENTAL NOTES	Paddy, Cotton and Vegetable Cultivation Competitions in Mannar District		58
vol074_dli-ernet-229223	13	74	1930-01	DEPARTMENTAL NOTES	Pure-Line Paddy Cultivation Competition, Trincomalie District (1928-29)		59
vol074_dli-ernet-229223	13	74	1930-01	DEPARTMENTAL NOTES	Vegetable Garden Competition, Batticaloa District		60
vol074_dli-ernet-229223	13	74	1930-01	DEPARTMENTAL NOTES	Vegetable Garden Competitions in Galboda and Kinigoda Korales, (1928-29)		61
vol074_dli-ernet-229223	13	74	1930-01	REVIEW	Sisal: Production and Preparation		62
vol074_dli-ernet-229223	13	74	1930-01	RETURNS	Animal Disease Return for the Month ended December, 1929		63
vol074_dli-ernet-229223	13	74	1930-01	RETURNS	Meteorological Return for December, 1929		64
vol074_dli-ernet-229223	81	74	1930-02		Editorial		65
vol074_dli-ernet-229223	81	74	1930-02	ORIGINAL ARTICLES	Conservation of Soil and Water. By H. W. R. Bertrand,F.L.S		67
vol074_dli-ernet-229223	81	74	1930-02	ORIGINAL ARTICLES	A Further Memorandum on the Draining of Hilly Lands witha View to Reducing Soil Erosion. By E. O. Felsinger		68
vol074_dli-ernet-229223	81	74	1930-02	ORIGINAL ARTICLES	Notes on Streakiness in Blanket Crepe. By T. E. H. O'Brien,M.Sc., A.I.C		71
vol074_dli-ernet-229223	81	74	1930-02	ORIGINAL ARTICLES	Diseases of Rubber in Ceylon, 1929. By R. K. S. Murray,A.R.C.Sc		75
vol074_dli-ernet-229223	81	74	1930-02	SELECTED ARTICLES	The Eelworm-Gall or Root-Knot Disease		79
vol074_dli-ernet-229223	81	74	1930-02	SELECTED ARTICLES	Agricultural Meteorology in Its Plant Physiological Relationships		84
vol074_dli-ernet-229223	81	74	1930-02	SELECTED ARTICLES	Rubber in Borneo		91
vol074_dli-ernet-229223	81	74	1930-02	SELECTED ARTICLES	Investigations on Rubber in 1928 and 1929		94
vol074_dli-ernet-229223	81	74	1930-02	SELECTED ARTICLES	The Coconut Palm: Selection of Superbr Trees		104
vol074_dli-ernet-229223	81	74	1930-02	SELECTED ARTICLES	The Pineapple Industry in Malaya		106
vol074_dli-ernet-229223	81	74	1930-02	SELECTED ARTICLES	Tung Oil or Chinese Wood Oil		109
vol074_dli-ernet-229223	81	74	1930-02	SELECTED ARTICLES	The Cultivation of Kapok		110
vol074_dli-ernet-229223	81	74	1930-02	SELECTED ARTICLES	Linseed Oil as an Adhesive for Bordeaux Mixture		115
vol074_dli-ernet-229223	81	74	1930-02	MEETINGS, CONFERENCES, ETC	Kandy District Agricultural Committee		116
vol074_dli-ernet-229223	81	74	1930-02	MEETINGS, CONFERENCES, ETC	Minutes of Meeting of the Colombo District Food ProductionCommittee		117
vol074_dli-ernet-229223	81	74	1930-02	DEPARTMENTAL NOTES	Progress Report of the Experiment Station, Peradeniya, forthe months of November and December, 1929		118
vol074_dli-ernet-229223	81	74	1930-02	DEPARTMENTAL NOTES	Schneider Challenge Cup Competition		125
vol074_dli-ernet-229223	81	74	1930-02	DEPARTMENTAL NOTES	Chillie Cultivation Competition held in the Jaffna District		125
vol074_dli-ernet-229223	81	74	1930-02	REVIEW	Tea and Tea Dealing		126
vol074_dli-ernet-229223	81	74	1930-02	RETURNS	Animal Disease Return for the Month ended January, 1930		127
vol074_dli-ernet-229223	81	74	1930-02	RETURNS	Meteorological Return for January, 1930		128
vol074_dli-ernet-229223	159	74	1930-03		Editorial		129
vol074_dli-ernet-229223	159	74	1930-03	ORIGINAL ARTICLES	A Further Note on Indigofera endecaphylla as a Cover Crop for Tea. By T. H. Holland, Dip. Agric., Wye		131
vol074_dli-ernet-229223	159	74	1930-03	ORIGINAL ARTICLES	A Note on the Effect of Indigofera endecaphylla on the Nitrogen and Organic Matter Contents and the Mechanical Constitution of Tea Soils at Peradeniya. By A. W. R. Joachim, B.Sc., A.I.C., Dip. Agr., (Cantab)		137
vol074_dli-ernet-229223	159	74	1930-03	ORIGINAL ARTICLES	Chemical Notes (8). By A. W. R. Joachim, B.Sc., A.I.C., Dip. Agr., (Cantab)		141
vol074_dli-ernet-229223	159	74	1930-03	SELECTED ARTICLES	The Coconut Industry		143
vol074_dli-ernet-229223	159	74	1930-03	SELECTED ARTICLES	The Problem of Soil Analysis		154
vol074_dli-ernet-229223	159	74	1930-03	SELECTED ARTICLES	Meteorological Research and Fruit Production		164
vol074_dli-ernet-229223	159	74	1930-03	SELECTED ARTICLES	Crop Estimates and Forecasts		180
vol074_dli-ernet-229223	159	74	1930-03	SELECTED ARTICLES	Citronella		183
vol074_dli-ernet-229223	159	74	1930-03	MEETINGS, CONFERENCES, ETC	Minutes of Meeting of the Board of Management of the Coconut Research Scheme		187
vol074_dli-ernet-229223	159	74	1930-03	REVIEW	Tropical Agriculture		189
vol074_dli-ernet-229223	159	74	1930-03	RETURNS	Animal Disease Return for the Month ended February, 1930		190
vol074_dli-ernet-229223	159	74	1930-03	RETURNS	Meteorological Return for February, 1930		191
vol074_dli-ernet-229223	227	74	1930-04		Editorial		193
vol074_dli-ernet-229223	227	74	1930-04	ORIGINAL ARTICLES	Mycological Notes (22). By Malcolm Park, A.R.C.S		195
vol074_dli-ernet-229223	227	74	1930-04	ORIGINAL ARTICLES	A Soil Erosion Investigation. By A. W. R. Joachim, B.Sc., A.I.C., and D. G. Pandittesekere, Dip. Agr. (Poona)		200
vol074_dli-ernet-229223	227	74	1930-04	ORIGINAL ARTICLES	Tapping to Death: A Warning. By T. H. Holland, Dip. Agric. (Wye)		204
vol074_dli-ernet-229223	227	74	1930-04	ORIGINAL ARTICLES	Phaius Wallichii Lindl. By K. J. Alex. Sylva, F.R.H.S		206
vol074_dli-ernet-229223	227	74	1930-04	ORIGINAL ARTICLES	The Replanting and Rejuvenation of Old Rubber Areas.By R. A. Taylor, B.Sc		207
vol074_dli-ernet-229223	227	74	1930-04	ORIGINAL ARTICLES	A Disease of Young Bud-Shoots caused by Phytophthora palmivora, Butler. By R. K. S. Murray, A.R.C.Sc		216
vol074_dli-ernet-229223	227	74	1930-04	ORIGINAL ARTICLES	Pricking Tests on Some Young Bud-grafts in the Rubber Research Scheme Experiment Station Bud-wood Nursery.By R. A. Taylor, B.Sc		219
vol074_dli-ernet-229223	227	74	1930-04	SELECTED ARTICLES	The Second Imperial Mycological Conference 1929		222
vol074_dli-ernet-229223	227	74	1930-04	SELECTED ARTICLES	Root Diseases of Orchard and Permanent Plantation Plantain Crops, with Special Reference to the Relative Importance of the Various Fungi Concerned		224
vol074_dli-ernet-229223	227	74	1930-04	MEETINGS, CONFERENCES, ETC	Minutes of Meeting of the Board of Agriculture		227
vol074_dli-ernet-229223	227	74	1930-04	MEETINGS, CONFERENCES, ETC	Minutes of Meeting of the Estate Products Committee of the Board of Agriculture		233
vol074_dli-ernet-229223	227	74	1930-04	MEETINGS, CONFERENCES, ETC	Minutes of Meeting of the Board of the Tea Research Institute of Ceylon		237
vol074_dli-ernet-229223	227	74	1930-04	DEPARTMENTAL NOTES	Progress Report of the Experiment Station, Peradeniya, for the Months of January and February, 1930		256
vol074_dli-ernet-229223	227	74	1930-04	RETURNS	Animal Disease Return for the Month ended March, 1930		259
vol074_dli-ernet-229223	227	74	1930-04	RETURNS	Meteorological Return for March, 1930		260
vol074_dli-ernet-229223	305	74	1930-05		Editorial		261
vol074_dli-ernet-229223	305	74	1930-05	ORIGINAL ARTICLES	Citrus. By T. H. Parsons, F.L.S., F.R.H.S		263
vol074_dli-ernet-229223	305	74	1930-05	ORIGINAL ARTICLES	Chemical Notes (9). By A. W. R. Joachim, B.Sc., A.I.C.,and D. G. Pandittesekere, Dip. Agr. (Poona)		277
vol074_dli-ernet-229223	305	74	1930-05	ORIGINAL ARTICLES	Rubber Yield Records. By F. Denham Till		280
vol074_dli-ernet-229223	305	74	1930-05	SELECTED ARTICLES	Weather and Climate in their Relation to Insects		282
vol074_dli-ernet-229223	305	74	1930-05	SELECTED ARTICLES	The Balance of Nature		295
vol074_dli-ernet-229223	305	74	1930-05	SELECTED ARTICLES	Cinchona in The British Empire		300
vol074_dli-ernet-229223	305	74	1930-05	SELECTED ARTICLES	Value to Rubber Growers of the Work in London ofthe Ceylon Rubber Research Scheme		302
vol074_dli-ernet-229223	305	74	1930-05	SELECTED ARTICLES	A Short Review of the Present Position of the Plantingof Buddings of Proved Clones		305
vol074_dli-ernet-229223	305	74	1930-05	SELECTED ARTICLES	Budgrafting and Seed Selection with Rubber		307
vol074_dli-ernet-229223	305	74	1930-05	DEPARTMENTAL NOTES	Progress Report of the Experiment Station, Peradeniya for themonths of March and April, 1930		312
vol074_dli-ernet-229223	305	74	1930-05	DEPARTMENTAL NOTES	International Congress of Tropical Agriculture,Antwerp, 1930		314
vol074_dli-ernet-229223	305	74	1930-05	DEPARTMENTAL NOTES	Dust-Spraying Machines		314
vol074_dli-ernet-229223	305	74	1930-05	REVIEWS	Coffee Growing in East Africa		315
vol074_dli-ernet-229223	305	74	1930-05	REVIEWS	Latex Tube Bore		317
vol074_dli-ernet-229223	305	74	1930-05	RETURNS	Animal Disease Return for the Month ended April, 1930		319
vol074_dli-ernet-229223	305	74	1930-05	RETURNS	Meteorological Report for April, 1930		320
vol074_dli-ernet-229223	367	74	1930-06		Editorial		321
vol074_dli-ernet-229223	367	74	1930-06	ORIGINAL ARTICLES	Drainage and Leaching Trials at Peradeniya, 1927 to 1929. By A. W. R. Joachim, B. Sc., A.I.C		323
vol074_dli-ernet-229223	367	74	1930-06	ORIGINAL ARTICLES	Infertility in Imported Plants. By F. Lewis, F.L.S		331
vol074_dli-ernet-229223	367	74	1930-06	ORIGINAL ARTICLES	Report on the Market Possibilities of Fractionally Coagulated Crepe. By G. Martin, B.Sc., A.I.C., F.I.R.I		336
vol074_dli-ernet-229223	367	74	1930-06	ORIGINAL ARTICLES	A Preliminary Investigation of the Effect of Different Conditions of Storage on the Hardness of Raw Rubber. By G. Martin, B.Sc., A.I.C., F.I.R.I		342
vol074_dli-ernet-229223	367	74	1930-06	ORIGINAL ARTICLES	Sulphur Dusting as a Means of Controlling Oidium. By R. K. S. Murray, A.R.C. Sc		347
vol074_dli-ernet-229223	367	74	1930-06	SELECTED ARTICLES	The Coconut Industry		350
vol074_dli-ernet-229223	367	74	1930-06	SELECTED ARTICLES	The Relation of Weather to Plant Diseases		353
vol074_dli-ernet-229223	367	74	1930-06	MEETINGS, CONFERENCES, ETC	Minutes of the Eighth Ordinary General Meeting of the Rubber Research Scheme (Ceylon)		379
vol074_dli-ernet-229223	367	74	1930-06	MEETINGS, CONFERENCES, ETC	Minutes of Meeting of the Board of Management of the Coconut Research Scheme (Ceylon)		382
vol074_dli-ernet-229223	367	74	1930-06	DEPARTMENTAL NOTES	Paddy Competition, Matale South Maha 1929-30		385
vol074_dli-ernet-229223	367	74	1930-06	DEPARTMENTAL NOTES	Paddy Cultivation Competition, Matale East (Matale Pallesiya Pattu and Ambanganga Korale) Maha 1929-30		385
vol074_dli-ernet-229223	367	74	1930-06	DEPARTMENTAL NOTES	Paddy Sheaf Competition in Yatinuwara and Tumpane		386
vol074_dli-ernet-229223	367	74	1930-06	RETURNS	Animal Disease Return for the Month ended May, 1930		387
vol074_dli-ernet-229223	367	74	1930-06	RETURNS	Meteorological Report for May, 1930		388
vol074_dli-ernet-229223	451	75	1930-07		Editorial		1
vol074_dli-ernet-229223	451	75	1930-07	ORIGINAL ARTICLES	The Cultivation, Curing and Marketing of Tobacco in the Jaffna Peninsula. By N. Senathiraja		3
vol074_dli-ernet-229223	451	75	1930-07	ORIGINAL ARTICLES	An Experiment with Urea in Tea Fields. By E. C. Marsh-Smith		10
vol074_dli-ernet-229223	451	75	1930-07	SELECTED ARTICLES	Crop and Weather Data in India and their Statistical Treatment		11
vol074_dli-ernet-229223	451	75	1930-07	SELECTED ARTICLES	A Note on Clone Trial Plots		21
vol074_dli-ernet-229223	451	75	1930-07	SELECTED ARTICLES	Brown Bast		23
vol074_dli-ernet-229223	451	75	1930-07	SELECTED ARTICLES	Cocoa		31
vol074_dli-ernet-229223	451	75	1930-07	SELECTED ARTICLES	Tung Oil		37
vol074_dli-ernet-229223	451	75	1930-07	SELECTED ARTICLES	Arecanut		42
vol074_dli-ernet-229223	451	75	1930-07	DEPARTMENTAL NOTES	Progress Report of the Experiment Station, Peradeniya, for May and June, 1930		46
vol074_dli-ernet-229223	451	75	1930-07	DEPARTMENTAL NOTES	Deraniyagala School Home Garden Competition		58
vol074_dli-ernet-229223	451	75	1930-07	DEPARTMENTAL NOTES	Vegetable Garden Competition in Kalutara District		58
vol074_dli-ernet-229223	451	75	1930-07	RETURNS	Animal Disease Return for the month ended June, 1930		59
vol074_dli-ernet-229223	451	75	1930-07	RETURNS	Metecrological Report for June, 1930		60
vol074_dli-ernet-229223	519	75	1930-08		Editorial		61
vol074_dli-ernet-229223	519	75	1930-08	ORIGINAL ARTICLES	Present Position in Regard to the Control of Prickly-pear (Opuntia dillenii, Haw) in Ceylon by the Introduced Cochineal Insect Dactylopius tomentosus, Lamk. By F. P. Jepson, M.A		63
vol074_dli-ernet-229223	519	75	1930-08	SELECTED ARTICLES	Pod Rot in Cocoa		73
vol074_dli-ernet-229223	519	75	1930-08	SELECTED ARTICLES	Coconut Research in Malaya		74
vol074_dli-ernet-229223	519	75	1930-08	SELECTED ARTICLES	Some Observations on the Mildew Leaf Disease of Hevea Brasiliensis Due to Oidium Hevea		80
vol074_dli-ernet-229223	519	75	1930-08	SELECTED ARTICLES	Rejuvenation and Replanting of Rubber Areas		91
vol074_dli-ernet-229223	519	75	1930-08	SELECTED ARTICLES	Tapping Results and Other Observations on Seedling Crosses of Hevea in Sumatra		95
vol074_dli-ernet-229223	519	75	1930-08	SELECTED ARTICLES	Seed Testing		100
vol074_dli-ernet-229223	519	75	1930-08	SELECTED ARTICLES	Some Pineapple Problems		102
vol074_dli-ernet-229223	519	75	1930-08	SELECTED ARTICLES	The Sclerotium Disease of Coffee		105
vol074_dli-ernet-229223	519	75	1930-08	SELECTED ARTICLES	Animal Husbandry		110
vol074_dli-ernet-229223	519	75	1930-08	MEETINGS, CONFERENCES, ETC	Minutes of Meeting of the Estate Products Committee of the Board of Agriculture		113
vol074_dli-ernet-229223	519	75	1930-08	DEPARTMENTAL NOTES	Kurunegala Town Paddy Weeding Competition, Maha Season, 1929-30		119
vol074_dli-ernet-229223	519	75	1930-08	DEPARTMENTAL NOTES	Demala Hatpattu and Putalam Pattu Paddy Cultivation Competition, Maha Season, 1929-30		119
vol074_dli-ernet-229223	519	75	1930-08	DEPARTMENTAL NOTES	Medicinal Herbs Cultivation Competition, Northern Division		120
vol074_dli-ernet-229223	519	75	1930-08	DEPARTMENTAL NOTES	Brito-Babapulle Gold Medal for Plantain Cultivation in the Kurunegala District		121
vol074_dli-ernet-229223	519	75	1930-08	DEPARTMENTAL NOTES	Medicinal Herbs Cultivation Competition—Negombo District		121
vol074_dli-ernet-229223	519	75	1930-08	DEPARTMENTAL NOTES	Paddy Cultivation Competition—Mullaitivu District		122
vol074_dli-ernet-229223	519	75	1930-08	RETURNS	Animal Disease Return for the Month ended July, 1930		123
vol074_dli-ernet-229223	519	75	1930-08	RETURNS	Meteorological Report for July, 1930		124
vol074_dli-ernet-229223	585	75	1930-09		Editorial		125
vol074_dli-ernet-229223	585	75	1930-09	ORIGINAL ARTICLES	Investigation of the Bunchy Top Disease of Plantains in Ceylon. By J. C. Hutson, B.A. (Oxon.) and Malcolm Park, A.R.C.S. (Lond)		127
vol074_dli-ernet-229223	585	75	1930-09	ORIGINAL ARTICLES	Dendrobium densiflorum, Wall. By K. J. Alex. Sylva, F.R.H.S		141
vol074_dli-ernet-229223	585	75	1930-09	ORIGINAL ARTICLES	Termites attacking Hevea Brasiliensis in Ceylon. By F. P. Jepson, M. A		143
vol074_dli-ernet-229223	585	75	1930-09	ORIGINAL ARTICLES	A Recent Outbreak of Xylaria Thwaitesii, Root Disease. By R. K. S. Murray, A.R.C.Sc		157
vol074_dli-ernet-229223	585	75	1930-09	ORIGINAL ARTICLES	Some Common Pests and Diseases of Young Hevea Buddings. By R. K. S. Murray, A.R.C.Sc		159
vol074_dli-ernet-229223	585	75	1930-09	ORIGINAL ARTICLES	Proposals for Further Dusting Experiments against Oidium on Kandanuwara Estate, Matale. By R. K. S. Murray, A.R.C.Sc		162
vol074_dli-ernet-229223	585	75	1930-09	SELECTED ARTICLES	Soil Improvement in Relation to Crop Production		164
vol074_dli-ernet-229223	585	75	1930-09	SELECTED ARTICLES	Crabs in Paddy Fields		172
vol074_dli-ernet-229223	585	75	1930-09	MEETINGS, CONFERENCES, ETC	Minutes of Meeting of Food Products Committee of the Board of Agriculture		175
vol074_dli-ernet-229223	585	75	1930-09	MEETINGS, CONFERENCES, ETC	Minutes of Meeting of the Board of the Tea Research Institute of Ceylon		180
vol074_dli-ernet-229223	585	75	1930-09	DEPARTMENTAL NOTES	Paddy Cultivation Competition in Bingiri Palata, Chilaw District (Maha Season, 1929-30)		185
vol074_dli-ernet-229223	585	75	1930-09	DEPARTMENTAL NOTES	Chilli Cultivation Competition, Walapane, 1929-30		185
vol074_dli-ernet-229223	585	75	1930-09	DEPARTMENTAL NOTES	Vegetable Garden Competition, Pallesiya Pattu and Ambanganga Korale in Matale East, 1929-30		185
vol074_dli-ernet-229223	585	75	1930-09	REVIEWS	Principles of Tropical Agriculture		186
vol074_dli-ernet-229223	585	75	1930-09	REVIEWS	The Denham Till Bud Mother Recorder		186
vol074_dli-ernet-229223	585	75	1930-09	RETURNS	Animal Disease Return for the Month ended August 1930		187
vol074_dli-ernet-229223	585	75	1930-09	RETURNS	Meteorological Report for August 1930		188
vol074_dli-ernet-229223	659	75	1930-10		Editorial		189
vol074_dli-ernet-229223	659	75	1930-10	ORIGINAL ARTICLES	The Control of Tea Termites. By F. P. Jepson, M.A		191
vol074_dli-ernet-229223	659	75	1930-10	ORIGINAL ARTICLES	Coelogyne Dayana. By K. J. Alex. Sylva, F.R.H.S		196
vol074_dli-ernet-229223	659	75	1930-10	ORIGINAL ARTICLES	Weeds. By Duncan J. de Soyza, Dip. Agric. (Poona)		198
vol074_dli-ernet-229223	659	75	1930-10	ORIGINAL ARTICLES	Notes on the Appearance of Samples of Smoked Sheetand Blanket Crepe from Estates. By T. E. H. O'Brien,M.Sc., A.I.C		206
vol074_dli-ernet-229223	659	75	1930-10	ORIGINAL ARTICLES	Report on the Effect of Adding Sodium Bisulphite toLatex on the Plasticity of Crepe. G. Martin, B.Sc.,A.I.C., F.I.R.I. and L. E. Elliott, F.I.C., F.I.R.I		213
vol074_dli-ernet-229223	659	75	1930-10	SELECTED ARTICLES	Manuring of Rubber		216
vol074_dli-ernet-229223	659	75	1930-10	SELECTED ARTICLES	Agricultural Co-operation		221
vol074_dli-ernet-229223	659	75	1930-10	SELECTED ARTICLES	Harvesting the Results of Research		224
vol074_dli-ernet-229223	659	75	1930-10	SELECTED ARTICLES	The World's Coconut Crop		227
vol074_dli-ernet-229223	659	75	1930-10	SELECTED ARTICLES	Empire Marketing Board Stimulating Tropical Research		230
vol074_dli-ernet-229223	659	75	1930-10	SELECTED ARTICLES	Rice Grass: Its Dual Utility		232
vol074_dli-ernet-229223	659	75	1930-10	SELECTED ARTICLES	Transplanting Fruit Trees		233
vol074_dli-ernet-229223	659	75	1930-10	SELECTED ARTICLES	Animal Husbandry		234
vol074_dli-ernet-229223	659	75	1930-10	SELECTED ARTICLES	Care of the Dairy Cow at Calving Time		237
vol074_dli-ernet-229223	659	75	1930-10	MEETINGS, CONFERENCES, ETC	Minutes of Meetings of the Board of Management of theCoconut Research Scheme (Ceylon)		240
vol074_dli-ernet-229223	659	75	1930-10	DEPARTMENTAL NOTES	Progress Report of the Experiment Station, Peradeniya,for the Months of July and August 1930		243
vol074_dli-ernet-229223	659	75	1930-10	RETURNS	Animal Disease Return for the Month ended September, 1930		251
vol074_dli-ernet-229223	659	75	1930-10	RETURNS	Meteorological Report for September, 1930		252
vol074_dli-ernet-229223	727	75	1930-10		Editorial		253
vol074_dli-ernet-229223	727	75	1930-10		Programme of the Agricultural Conference		255
vol074_dli-ernet-229223	727	75	1930-10	Chairman: His Excellency the Governor	The Fourth Agricultural Conference at Peradeniya: Welcome to His Excellency by the Director of Agriculture		256
vol074_dli-ernet-229223	727	75	1930-10	Chairman: His Excellency the Governor	Opening Address by His Excellency the Governor		257
vol074_dli-ernet-229223	727	75	1930-10	Papers	A Short Note on a Study of the Economics of Rice Growing in Ceylon	the Hon'ble Mr. W. A. de Silva, M.L.C	260
vol074_dli-ernet-229223	727	75	1930-10	Papers	Paddy Cultivation, by Mr. K. Kanagasabai		265
vol074_dli-ernet-229223	727	75	1930-10	Papers	Some Points of Interest that have emerged from the Investigations of the Sub-Committees connected with Paddy Cultivation	the Hon'ble Sir H. Marcus Fernando, Kt., M.D., B.Sc	271
vol074_dli-ernet-229223	727	75	1930-10	Papers	The Curing of Sheet Rubber	T. E. H. O'Brien, M.Sc., A.I.C., Chemist, Rubber Research Scheme, (Ceylon)	280
vol074_dli-ernet-229223	727	75	1930-10	Papers	The Control of Oidium Leaf Disease	R. K. S. Murray, A.R.C.Sc., Mycologist, Rubber Research Scheme, (Ceylon)	294
vol074_dli-ernet-229223	727	75	1930-10	Papers	Robusta Coffees and their Commercial Possibilities	T. H. Holland, M.C., V.D., Dip. Agric. (Wye), Manager, Experiment Station, Peradeniya	304
vol074_dli-ernet-229223	727	75	1930-10	Papers	Some Problems of Coconut Research	the Hon'ble Sir H. Marcus Fernando, Kt., M.D., B.Sc	310
vol074_dli-ernet-229223	727	75	1930-10	Papers	Replanting and Rejuvenation of Old Rubber	R. A. Taylor, B.Sc., Physiological Botanist, Rubber Research Scheme, (Ceylon)	321
vol074_dli-ernet-229223	727	75	1930-10	RETURNS	Animal Disease Return for the month ended October 31, 1930		336
vol074_dli-ernet-229223	727	75	1930-10	RETURNS	Meteorological Report for the month ended October 31, 1930		337
vol074_dli-ernet-229223	817	75	1930-12		Editorial		339
vol074_dli-ernet-229223	817	75	1930-12		Fourth Agricultural Conference at Peradeniya (Contd.)		341
vol074_dli-ernet-229223	817	75	1930-12	*Papers*	Some Notes on the Paddy Fly in Ceylon	J. C. Hutson,B.A., Ph.D., Entomologist	341
vol074_dli-ernet-229223	817	75	1930-12	*Papers*	Some Diseases of Plantains in Ceylon	Malcolm Park,A.R.C.S., Acting Mycologist	347
vol074_dli-ernet-229223	817	75	1930-12	*Papers*	Tenancy System in the Batticaloa District	C. Ragunathan,Dip. Agric. (Poona), Assistant Registrar of Co-operativeSocieties	354
vol074_dli-ernet-229223	817	75	1930-12	*Papers*	Live-Stock in Ceylon	M. Crawford, M.R.C.V.S., AssistantGovernment Veterinary Surgeon	356
vol074_dli-ernet-229223	817	75	1930-12	*Papers*	A Plea for Pastures and their Improvement	E. J. Livera,B.Sc., Dip. Agric. (Wye), Divisional Agricultural Officer,North-Western Division	368
vol074_dli-ernet-229223	817	75	1930-12	*Papers*	Cotton Cultivation in the Hambantota District	W. R. C.Paul, M.A., M.Sc., D.I.C., F.L.S., Dip. Agric. (Cantab),Divisional Agricultural Officer, Southern Division	375
vol074_dli-ernet-229223	817	75	1930-12	*Papers*	Agricultural Instruction in Rural Schools	J. C.Drieberg, Dip. Agric. (Poona)	385
vol074_dli-ernet-229223	817	75	1930-12	*Papers*	Tobacco Cultivation	Mr. H. L. De Mel, C.B.E	392
vol074_dli-ernet-229223	817	75	1930-12	*Papers*	Closing Remarks		401
vol074_dli-ernet-229223	817	75	1930-12	RETURNS	Animal Disease Return for the month ended November, 1930		402
vol074_dli-ernet-229223	817	75	1930-12	RETURNS	Meteorological Report for November, 1930		403
vol076_dli-ernet-229225	11	76	1931-01		Editorial		1
vol076_dli-ernet-229225	11	76	1931-01	ORIGINAL ARTICLES	Cypripedium insigne Wall. By K. J. Alex Sylva, F.R.H.S		3
vol076_dli-ernet-229225	11	76	1931-01	ORIGINAL ARTICLES	Budding in the Field at Peradeniya. By T. H. Holland,Dip Agric. (Wye)		4
vol076_dli-ernet-229225	11	76	1931-01	ORIGINAL ARTICLES	Report on Sulphur Dusting Experiments on GonakelleEstate. By R. K. S. Murray, A.R.C.Sc.,		13
vol076_dli-ernet-229225	11	76	1931-01	ORIGINAL ARTICLES	Report in Connection with Visit to the East: A Comparisonof Methods of Preparing Plantation Rubber in Ceylon,Malaya, and Java. By G. Martin, B.Sc., A.I.C., F.I.R.I		18
vol076_dli-ernet-229225	11	76	1931-01	SELECTED ARTICLES	A Fruit Industry for the Gold Coast		27
vol076_dli-ernet-229225	11	76	1931-01	SELECTED ARTICLES	The Nitrogen Industry and Our Food Supply		35
vol076_dli-ernet-229225	11	76	1931-01	SELECTED ARTICLES	Manurial Experiments on Hevea		42
vol076_dli-ernet-229225	11	76	1931-01	SELECTED ARTICLES	The Smoke-House for Rubber		47
vol076_dli-ernet-229225	11	76	1931-01	MEETINGS, CONFERENCES, ETC	Minutes of Meeting of the Board of Management of theCoconut Research Scheme		52
vol076_dli-ernet-229225	11	76	1931-01	DEPARTMENTAL NOTES	Progress Report of the Experiment Station, Peradeniya, forthe months of September and October 1930		54
vol076_dli-ernet-229225	11	76	1931-01	RETURNS	Animal Disease Return for the month ended December 31st, 1930		63
vol076_dli-ernet-229225	11	76	1931-01	RETURNS	Meteorological Report for the month ended December 31st, 1930		64
vol076_dli-ernet-229225	81	76	1931-02		Editorial		65
vol076_dli-ernet-229225	81	76	1931-02	ORIGINAL ARTICLES	A Note on the Destruction of the Nests of Mound-Building Termites. By F. P. Jepson, M.A		67
vol076_dli-ernet-229225	81	76	1931-02	ORIGINAL ARTICLES	Manurial Experiments with Rice.--Part III. By L. Lord, M.A		70
vol076_dli-ernet-229225	81	76	1931-02	SELECTED ARTICLES	Research Work on Rubber Cultivation in 1929		84
vol076_dli-ernet-229225	81	76	1931-02	SELECTED ARTICLES	Manurial Experiments on Hevea		94
vol076_dli-ernet-229225	81	76	1931-02	SELECTED ARTICLES	Flue-Curing of Tobacco		100
vol076_dli-ernet-229225	81	76	1931-02	SELECTED ARTICLES	Production of Whale Oil		106
vol076_dli-ernet-229225	81	76	1931-02	SELECTED ARTICLES	Home Mixing of Fertilizers		108
vol076_dli-ernet-229225	81	76	1931-02	SELECTED ARTICLES	A Home for Empire Insects		113
vol076_dli-ernet-229225	81	76	1931-02	MEETINGS, CONFERENCES, ETC	Minutes of Meeting of the Board of Agriculture		115
vol076_dli-ernet-229225	81	76	1931-02	MEETINGS, CONFERENCES, ETC	Minutes of Meeting of the Board of the Tea Research Institute of Ceylon		120
vol076_dli-ernet-229225	81	76	1931-02	DEPARTMENTAL NOTES	Progress Report of the Experiment Station, Peradeniya, for the Months of November and December 1930		126
vol076_dli-ernet-229225	81	76	1931-02	RETURNS	Animal Disease Return for the month ended January, 1931		130
vol076_dli-ernet-229225	81	76	1931-02	RETURNS	Meteorological Report for January, 1931		131
vol076_dli-ernet-229225	151	76	1931-03		Editorial		133
vol076_dli-ernet-229225	151	76	1931-03	ORIGINAL ARTICLES	Alternative Green Manure Plants. By T. H. Holland,Dip. Agric. (Wye)		135
vol076_dli-ernet-229225	151	76	1931-03	SELECTED ARTICLES	The Cinchona Industry in Bengal		137
vol076_dli-ernet-229225	151	76	1931-03	SELECTED ARTICLES	The World's Rubber Supplies		143
vol076_dli-ernet-229225	151	76	1931-03	SELECTED ARTICLES	Investigation into the relation between the Diameter of theLatex Tubes and the Rubber Production of HeveaBrasiliensis		146
vol076_dli-ernet-229225	151	76	1931-03	SELECTED ARTICLES	Rubber Seed Cake as a Feedstuff		170
vol076_dli-ernet-229225	151	76	1931-03	SELECTED ARTICLES	Coconut Cultivation in British Guiana		171
vol076_dli-ernet-229225	151	76	1931-03	SELECTED ARTICLES	Effect of Interval between the morning and eveningmilking on the quantity and quality of milk		180
vol076_dli-ernet-229225	151	76	1931-03	SELECTED ARTICLES	Notes of Interest		186
vol076_dli-ernet-229225	151	76	1931-03	MEETINGS, CONFERENCES, ETC	Minutes of Meeting of the Board of Management of the RubberResearch Scheme (Ceylon)		188
vol076_dli-ernet-229225	151	76	1931-03	RETURNS	Animal Disease Return for the month ended February 1931		194
vol076_dli-ernet-229225	151	76	1931-03	RETURNS	Meteorological Report for February 1931		195
vol076_dli-ernet-229225	217	76	1931-04		Editorial		197
vol076_dli-ernet-229225	217	76	1931-04	ORIGINAL ARTICLES	The Mango in Ceylon		199
vol076_dli-ernet-229225	217	76	1931-04	ORIGINAL ARTICLES	A Preliminary Report on the Trade in and Cultivation of Spice Crops in Ceylon		212
vol076_dli-ernet-229225	217	76	1931-04	SELECTED ARTICLES	Latex Tube Bore Theory—Mr. Ashplant's Reply to his Critics		215
vol076_dli-ernet-229225	217	76	1931-04	SELECTED ARTICLES	Rice Cultivation in Italy		218
vol076_dli-ernet-229225	217	76	1931-04	SELECTED ARTICLES	Rootstock Influence in Fruit Growing		223
vol076_dli-ernet-229225	217	76	1931-04	SELECTED ARTICLES	The Story of Two Decades of Chemical Research on Paddy Soils in the Madras Presidency		227
vol076_dli-ernet-229225	217	76	1931-04	SELECTED ARTICLES	Empire Spices		232
vol076_dli-ernet-229225	217	76	1931-04	SELECTED ARTICLES	Water-and-Oil Treatment against Soil-Inhabiting Termites and Ants		236
vol076_dli-ernet-229225	217	76	1931-04	SELECTED ARTICLES	Coffee Cultivation in Java		238
vol076_dli-ernet-229225	217	76	1931-04	SELECTED ARTICLES	The Foreign Trade of the United States of America in Tea in 1930		240
vol076_dli-ernet-229225	217	76	1931-04	SELECTED ARTICLES	Coconut Statistics of Malaya		242
vol076_dli-ernet-229225	217	76	1931-04	MEETINGS, CONFERENCES, ETC	Minutes of Meeting of the Estate Products Committee of the Board of Agriculture		244
vol076_dli-ernet-229225	217	76	1931-04	MEETINGS, CONFERENCES, ETC	Minutes of Meeting of the Board of the Tea Research Institute of Ceylon		250
vol076_dli-ernet-229225	217	76	1931-04	MEETINGS, CONFERENCES, ETC	Minutes of the First Meeting of the Commission on Paddy Cultivation		252
vol076_dli-ernet-229225	217	76	1931-04	DEPARTMENTAL NOTES	Progress Report of the Experiment Station, Peradeniya, for the months of January and February 1931		255
vol076_dli-ernet-229225	217	76	1931-04	RETURNS	Animal Disease Return for the Month ended March 31, 1931		259
vol076_dli-ernet-229225	217	76	1931-04	RETURNS	Meteorological Report for March 1931		260
vol076_dli-ernet-229225	283	76	1931-05		Editorial		261
vol076_dli-ernet-229225	283	76	1931-05	ORIGINAL ARTICLES	A Manurial Experiment with Cacao. By T. H. Holland, Dip. Agric. (Wye)		263
vol076_dli-ernet-229225	283	76	1931-05	ORIGINAL ARTICLES	Stanhopea ecornta Lem. By K. J. Alex. Sylva, F.R.H.S		269
vol076_dli-ernet-229225	283	76	1931-05	ORIGINAL ARTICLES	Diseases of Rubber in Ceylon, 1930. By R. K. S. Murray, A.R.C.Sc		270
vol076_dli-ernet-229225	283	76	1931-05	ORIGINAL ARTICLES	The Effect of Blanketing on the Plasticity of Crepe. By G. Martin, B.Sc., A.I.C., F.I.R.I., and L. E. Elliott, F.I.C., F.I.R.I		274
vol076_dli-ernet-229225	283	76	1931-05	SELECTED ARTICLES	New Data on the Latex Tube Bore in Rubber		276
vol076_dli-ernet-229225	283	76	1931-05	SELECTED ARTICLES	National Botanic Gardens		284
vol076_dli-ernet-229225	283	76	1931-05	SELECTED ARTICLES	Systems of Agriculture and the Position of Tropical Agriculture.—Part I		288
vol076_dli-ernet-229225	283	76	1931-05	SELECTED ARTICLES	Factors of Quality in Copra		292
vol076_dli-ernet-229225	283	76	1931-05	SELECTED ARTICLES	Some Factors in Coffee Cultivation		299
vol076_dli-ernet-229225	283	76	1931-05	SELECTED ARTICLES	The Malaria Problem of Assam		303
vol076_dli-ernet-229225	283	76	1931-05	MEETINGS, CONFERENCES, ETC	Minutes of Meeting of the Food Products Committee of the Board of Agriculture		308
vol076_dli-ernet-229225	283	76	1931-05	REVIEWS	Soil Erosion in Ceylon		314
vol076_dli-ernet-229225	283	76	1931-05	REVIEWS	Rutherford's Planters' Note Book		317
vol076_dli-ernet-229225	283	76	1931-05	REVIEWS	An Economic View of Rubber Planting		320
vol076_dli-ernet-229225	283	76	1931-05	REVIEWS	Labour Problems of Ceylon		324
vol076_dli-ernet-229225	283	76	1931-05	RETURNS	Animal Disease Return for the month ended April 30, 1931		325
vol076_dli-ernet-229225	283	76	1931-05	RETURNS	Meteorological Report, for April 1931		326
vol076_dli-ernet-229225	353	76	1931-06		Editorial		327
vol076_dli-ernet-229225	353	76	1931-06	ORIGINAL ARTICLES	Paddy Notes (IV). By L. Lord, W. N. Fernando, and J. S. T. de Silva		329
vol076_dli-ernet-229225	353	76	1931-06	ORIGINAL ARTICLES	Chemical Notes (10). By S. Kandiah, and D. G. Pandittesekere		334
vol076_dli-ernet-229225	353	76	1931-06	ORIGINAL ARTICLES	Spraying against Canker of Citrus. By L. S. Bertus		337
vol076_dli-ernet-229225	353	76	1931-06	ORIGINAL ARTICLES	Tea Manuring under Slump Conditions. By W. R. Thomson, B.Sc. (Agric.)		340
vol076_dli-ernet-229225	353	76	1931-06	ORIGINAL ARTICLES	The Cause of Variability in the Plasticity of Plantation Rubber after Storage. By G. Martin, B.Sc., A.I.C., F.I.R.I., and L. E. Elliott, F.I.C., F.I.R.I		342
vol076_dli-ernet-229225	353	76	1931-06	ORIGINAL ARTICLES	The Effect of Maturation on the Plasticity of Smoked Sheet. By G. Martin, B.Sc., A.I.C., F.I.R.I., and L. E. Elliott, F.I.C., F.I.R.I		345
vol076_dli-ernet-229225	353	76	1931-06	SELECTED ARTICLES	Research Work on Rubber Cultivation in 1929 (Continued)		350
vol076_dli-ernet-229225	353	76	1931-06	SELECTED ARTICLES	Identifying Hevea Clones		358
vol076_dli-ernet-229225	353	76	1931-06	SELECTED ARTICLES	Recent Experiments on the Burning Qualities of Tobacco		360
vol076_dli-ernet-229225	353	76	1931-06	SELECTED ARTICLES	The Clove Industry in Zanzibar		364
vol076_dli-ernet-229225	353	76	1931-06	MEETINGS, CONFERENCES, ETC	Minutes of Meeting of the Board of Management of the Rubber Research Scheme (Ceylon)		373
vol076_dli-ernet-229225	353	76	1931-06	MEETINGS, CONFERENCES, ETC	Minutes of Extraordinary General Meeting of the Rubber Research Scheme (Ceylon)		378
vol076_dli-ernet-229225	353	76	1931-06	MEETINGS, CONFERENCES, ETC	Minutes of Meeting of the Board of the Tea Research Institute		380
vol076_dli-ernet-229225	353	76	1931-06	DEPARTMENTAL NOTES	Progress Report of the Experiment Station, Peradeniya, for the months of March and April 1931		382
vol076_dli-ernet-229225	353	76	1931-06	RETURNS	Animal Disease Return for the month ended May, 1931		390
vol076_dli-ernet-229225	353	76	1931-06	RETURNS	Meteorological Report for May, 1931		391
vol076_dli-ernet-229225	431	77	1931-07		Editorial		1
vol076_dli-ernet-229225	431	77	1931-07	ORIGINAL ARTICLES	The Principles of Green Manuring and their Application in Ceylon.—Section I. By A. W. R. Joachim, Ph. D., F.I.C., Dip. Agric. (Cantab.)		4
vol076_dli-ernet-229225	431	77	1931-07	SELECTED ARTICLES	Biological Control: I. Insect Pests		33
vol076_dli-ernet-229225	431	77	1931-07	SELECTED ARTICLES	Systems of Agriculture and the Position of Tropical Agriculture, Part II		40
vol076_dli-ernet-229225	431	77	1931-07	SELECTED ARTICLES	Some Citrus Problems		47
vol076_dli-ernet-229225	431	77	1931-07	MEETINGS, CONFERENCES, ETC	Minutes of Meeting of the Board of Management of the Coconut Research Scheme (Ceylon)		54
vol076_dli-ernet-229225	431	77	1931-07	MEETINGS, CONFERENCES, ETC	Minutes of Meeting of the Board of Management of the Rubber Research Scheme (Ceylon)		56
vol076_dli-ernet-229225	431	77	1931-07	DEPARTMENTAL NOTES	Progress Report of the Experiment Station, Peradeniya, for the months of May and June, 1931		60
vol076_dli-ernet-229225	431	77	1931-07	RETURNS	Animal Disease Return for the month ended June, 1931		67
vol076_dli-ernet-229225	431	77	1931-07	RETURNS	Meteorological Report for the month ended June, 1931		68
vol076_dli-ernet-229225	501	77	1931-08		Editorial		69
vol076_dli-ernet-229225	501	77	1931-08	ORIGINAL ARTICLES	Section II.—The Green Manuring of Tea, Coffee, and Cacao.By T. H. Holland, Dip. Agric. (Wye)		71
vol076_dli-ernet-229225	501	77	1931-08	ORIGINAL ARTICLES	Habits and Control of the Coconut Black Beetle (Oryctesrhinoceros L.). By C. N. E. J. de Mel, B.Sc., (Hons.),B.Sc., (Agric.) Lond., Dip. Agric. (Wye)		99
vol076_dli-ernet-229225	501	77	1931-08	ORIGINAL ARTICLES	Further Sulphur Dusting Experiments against Oidium. ByR. K. S. Murray, A.R.C. Sc		112
vol076_dli-ernet-229225	501	77	1931-08	ORIGINAL ARTICLES	The Experiment Station, Nivitigalakele. By W. I. Pieris,B.A., F.R.H.S		120
vol076_dli-ernet-229225	501	77	1931-08	ORIGINAL ARTICLES	Budding Routine at Nivitigalakele		125
vol076_dli-ernet-229225	501	77	1931-08	SELECTED ARTICLES	Biological Control: II Noxious Weeds		128
vol076_dli-ernet-229225	501	77	1931-08	SELECTED ARTICLES	Turmeric		133
vol076_dli-ernet-229225	501	77	1931-08	RETURNS	Animal Disease Return for month ended July, 1931		135
vol076_dli-ernet-229225	501	77	1931-08	RETURNS	Meteorological Report for month ended July, 1931		136
vol076_dli-ernet-229225	583	77	1931-09		Editorial		137
vol076_dli-ernet-229225	583	77	1931-09	ORIGINAL ARTICLES	Section II—The Green Manuring of Tea, Coffee, and Cacao(Continued). By T. H. Holland, Dip. Agric. (Wye)		139
vol076_dli-ernet-229225	583	77	1931-09	ORIGINAL ARTICLES	The Cultivation of Chillies in the Jaffna District. ByN. Senathiraja		167
vol076_dli-ernet-229225	583	77	1931-09	ORIGINAL ARTICLES	Paddy Cultivation in Siam. By W. R. S. Ladell		173
vol076_dli-ernet-229225	583	77	1931-09	SELECTED ARTICLES	The Rôle of Sun-Birds and Flower-Peckers in the Propagationand Distribution of the Tree-Parasite, Loranthus longiflorusDest., in the Konkan (W. India)		180
vol076_dli-ernet-229225	583	77	1931-09	SELECTED ARTICLES	Early Horticultural Experiments and Causes of the Failure thereof		185
vol076_dli-ernet-229225	583	77	1931-09	DEPARTMENTAL NOTES	Progress Report of the Experiment Station, Peradeniya, for themonths of July and August, 1931		189
vol076_dli-ernet-229225	583	77	1931-09	RETURNS	Animal Disease Return for the month ended August, 1931		193
vol076_dli-ernet-229225	583	77	1931-09	RETURNS	Meteorological Report for month ended August, 1931		194
vol076_dli-ernet-229225	651	77	1931-10		Editorial		195
vol076_dli-ernet-229225	651	77	1931-10	ORIGINAL ARTICLES	Section II—(Continued). The Green Manuring of Tea, Coffee, and Cacao.—(Concluded). By T. H. Holland, Dip. Agric. (Wye)		197
vol076_dli-ernet-229225	651	77	1931-10	SELECTED ARTICLES	Some Observations on Characteristics and Treatment of Padi Soils		219
vol076_dli-ernet-229225	651	77	1931-10	SELECTED ARTICLES	Agricultural Research and Demonstration in the Dutch East Indies		229
vol076_dli-ernet-229225	651	77	1931-10	SELECTED ARTICLES	Passion Fruit Culture		236
vol076_dli-ernet-229225	651	77	1931-10	SELECTED ARTICLES	Vitamins and Prophylaxis		240
vol076_dli-ernet-229225	651	77	1931-10	MEETINGS, CONFERENCES, ETC	Minutes of Meeting of the Estate Products Committee of the Board of Agriculture		242
vol076_dli-ernet-229225	651	77	1931-10	MEETINGS, CONFERENCES, ETC	Minutes of Meeting of the Board of Management of the Rubber Research Scheme (Ceylon)		245
vol076_dli-ernet-229225	651	77	1931-10	MEETINGS, CONFERENCES, ETC	Minutes of Meeting of the Board of Management of the Coconut Research Scheme (Ceylon)		247
vol076_dli-ernet-229225	651	77	1931-10	MEETINGS, CONFERENCES, ETC	Minutes of Meeting of the Board of the Tea Research Institute of Ceylon		249
vol076_dli-ernet-229225	651	77	1931-10	REVIEWS	Tea Planting in Ceylon		251
vol076_dli-ernet-229225	651	77	1931-10	REVIEWS	The Physical Properties of the Soil		252
vol076_dli-ernet-229225	651	77	1931-10	RETURNS	Animal Disease Return for the month ended September, 1931		253
vol076_dli-ernet-229225	651	77	1931-10	RETURNS	Meteorological Report for the month ended September, 1931		254
vol076_dli-ernet-229225	719	77	1931-11		Editorial		255
vol076_dli-ernet-229225	719	77	1931-11	ORIGINAL ARTICLES	Section III.—The Green Manuring of Rubber. By R. K. S. Murray, A.R.C.Sc		257
vol076_dli-ernet-229225	719	77	1931-11	SELECTED ARTICLES	Cinchona Culture in Java		277
vol076_dli-ernet-229225	719	77	1931-11	SELECTED ARTICLES	Experiments with Fertilisers on Coconut Palms and Variation in Palm Productivity		295
vol076_dli-ernet-229225	719	77	1931-11	SELECTED ARTICLES	Some Notes on Citrus		305
vol076_dli-ernet-229225	719	77	1931-11	SELECTED ARTICLES	Plants used for Poisoning Fish		308
vol076_dli-ernet-229225	719	77	1931-11	MEETINGS, CONFERENCES, ETC	Minutes of Meeting of the Board of Management of the Coconut Research Scheme (Ceylon)		310
vol076_dli-ernet-229225	719	77	1931-11	MEETINGS, CONFERENCES, ETC	Minutes of Meeting of the Board of Management of the Rubber Research Scheme (Ceylon)		312
vol076_dli-ernet-229225	719	77	1931-11	DEPARTMENTAL NOTES	Progress Report of the Experiment Station, Peradeniya, for the months of September and October, 1931		314
vol076_dli-ernet-229225	719	77	1931-11	RETURNS	Animal Disease Return for the month ended October, 1931		320
vol076_dli-ernet-229225	719	77	1931-11	RETURNS	Meteorological Report for the month ended October, 1931		321
vol076_dli-ernet-229225	793	77	1931-12		Editorial		323
vol076_dli-ernet-229225	793	77	1931-12	ORIGINAL ARTICLES	Section IV.—Green Manuring of Coconuts. By A. W. R. Joachim, Ph.D., F.I.C., Dip. Agric. (Cantab)		325
vol076_dli-ernet-229225	793	77	1931-12	ORIGINAL ARTICLES	Ginger Cultivation in the Kandy District. By W. Molegode		336
vol076_dli-ernet-229225	793	77	1931-12	SELECTED ARTICLES	Tung Oil: A New Plantation Crop		340
vol076_dli-ernet-229225	793	77	1931-12	SELECTED ARTICLES	Some Experiences with Coconut in the West Coast of Madras		349
vol076_dli-ernet-229225	793	77	1931-12	SELECTED ARTICLES	The Improvement of Coffee in the Dutch East Indies		355
vol076_dli-ernet-229225	793	77	1931-12	SELECTED ARTICLES	Coffee in South India		367
vol076_dli-ernet-229225	793	77	1931-12	SELECTED ARTICLES	• Soil Surveys and their Utilisation		371
vol076_dli-ernet-229225	793	77	1931-12	REVIEWS	Diseases of Tobacco in Southern Rhodesia		378
vol076_dli-ernet-229225	793	77	1931-12	REVIEWS	The Use of Fertilisers in Tropical and Sub-tropical Agriculture		378
vol076_dli-ernet-229225	793	77	1931-12	REVIEWS	Lucerne Inoculation, and the Factors affecting its Success		379
vol076_dli-ernet-229225	793	77	1931-12	MEETINGS, CONFERENCES, ETC	Minutes of Meeting of the Board of the Tea Research Institute of Ceylon		380
vol076_dli-ernet-229225	793	77	1931-12	RETURNS	Animal Disease Return for the month ended November, 1931		383
vol076_dli-ernet-229225	793	77	1931-12	RETURNS	Meteorological Report for the month ended November, 1931		384
vol079_iss01_tropical-agriculturist-1932-07-79-1	2	79	1932-07		Editorial		1
vol079_iss01_tropical-agriculturist-1932-07-79-1	2	79	1932-07	ORIGINAL ARTICLES	Some Insect Pests of Tea in Ceylon (Continued).—The Red Slug. By J. C. Hutson, B.A., Ph.D		3
vol079_iss01_tropical-agriculturist-1932-07-79-1	2	79	1932-07	ORIGINAL ARTICLES	The Cultivation of Fruits in Ceylon with Cultural Details—II. By T. H. Parsons, F.L.S., F.R.H.S		19
vol079_iss01_tropical-agriculturist-1932-07-79-1	2	79	1932-07	ORIGINAL ARTICLES	Proved Hevea Clones. By R. K. S. Murray, A.R.C.Sc		25
vol079_iss01_tropical-agriculturist-1932-07-79-1	2	79	1932-07	SELECTED ARTICLES	Anthracnose and Important Insect Pests of the Mango in the Philippines, with a Report on Blossom-Spraying Experiments		38
vol079_iss01_tropical-agriculturist-1932-07-79-1	2	79	1932-07	SELECTED ARTICLES	The Vegetative Propagation of Citrus		51
vol079_iss01_tropical-agriculturist-1932-07-79-1	2	79	1932-07	REPORTS	Report on the Oil of Aleurites montana Seed from Ceylon		60
vol079_iss01_tropical-agriculturist-1932-07-79-1	2	79	1932-07	REPORTS	Progress Report of the Experiment Station, Peradeniya, for the Months of May and June, 1932		62
vol079_iss01_tropical-agriculturist-1932-07-79-1	2	79	1932-07	MEETINGS, CONFERENCES, ETC	Minutes of Meeting of the Board of Management of the Coconut Research Scheme (Ceylon)		68
vol079_iss01_tropical-agriculturist-1932-07-79-1	2	79	1932-07	RETURNS	Animal Disease Return for the Month ended June, 1932		71
vol079_iss01_tropical-agriculturist-1932-07-79-1	2	79	1932-07	RETURNS	Meteorological Report for the Month ended June, 1932		72
vol079_iss02_tropical-agriculturist-1932-08-79-2	0	79	1932-08		Editorial		73
vol079_iss02_tropical-agriculturist-1932-08-79-2	0	79	1932-08	ORIGINAL ARTICLES	Some Insect Pests of Tea in Ceylon (Continued)—The Tea Tortrix. By J. C. Hutson, B.A., Ph.D		75
vol079_iss02_tropical-agriculturist-1932-08-79-2	0	79	1932-08	ORIGINAL ARTICLES	The Cultivation of Fruits in Ceylon with Cultural Details—III. By T. H. Parsons, F.L.S., F.R.H.S		86
vol079_iss02_tropical-agriculturist-1932-08-79-2	0	79	1932-08	SELECTED ARTICLES	The Experimental Cultivation of Tung Trees in the Empire		91
vol079_iss02_tropical-agriculturist-1932-08-79-2	0	79	1932-08	SELECTED ARTICLES	On the Growth of Coconut Roots		98
vol079_iss02_tropical-agriculturist-1932-08-79-2	0	79	1932-08	SELECTED ARTICLES	Coffee Production in Brazil Today		100
vol079_iss02_tropical-agriculturist-1932-08-79-2	0	79	1932-08	SELECTED ARTICLES	Rubber Latex		104
vol079_iss02_tropical-agriculturist-1932-08-79-2	0	79	1932-08	MEETINGS, CONFERENCES, ETC	Minutes of Meeting of the Estate Products Committee and the Food Products Committee of the Board of Agriculture		109
vol079_iss02_tropical-agriculturist-1932-08-79-2	0	79	1932-08	MEETINGS, CONFERENCES, ETC	Minutes of Meeting of the Board of Management of the Rubber Research Scheme (Ceylon)		120
vol079_iss02_tropical-agriculturist-1932-08-79-2	0	79	1932-08	REVIEW	Investigations on Coconuts and Coconut Products		124
vol079_iss02_tropical-agriculturist-1932-08-79-2	0	79	1932-08	DEPARTMENTAL NOTES	The Cultivation of Derris for the Manufacture of Insecticides		126
vol079_iss02_tropical-agriculturist-1932-08-79-2	0	79	1932-08	RETURNS	Animal Disease Return for the Month ended July, 1932		133
vol079_iss02_tropical-agriculturist-1932-08-79-2	0	79	1932-08	RETURNS	Meteorological Report for the Month ended July, 1932		134
vol079_iss03_tropical-agriculturist-1932-09-79-3	0	79	1932-09		Editorial		135
vol079_iss03_tropical-agriculturist-1932-09-79-3	0	79	1932-09	ORIGINAL ARTICLES	Some Insect Pests of Tea in Ceylon (Continued).—The Red Borer. By J. C. Hutson, B.A., Ph.D		137
vol079_iss03_tropical-agriculturist-1932-09-79-3	0	79	1932-09	ORIGINAL ARTICLES	The Cultivation of Fruits in Ceylon with Cultural Details—IV. By T. H. Parsons, F.L.S., F.R.H.S		149
vol079_iss03_tropical-agriculturist-1932-09-79-3	0	79	1932-09	ORIGINAL ARTICLES	A Trial of Indigofera endecaphylla in Tea at Peradeniya By T. H. Holland, Dip. Agric. (Wye)		155
vol079_iss03_tropical-agriculturist-1932-09-79-3	0	79	1932-09	ORIGINAL ARTICLES	Indigofera endecaphylla as a Conserver of the Fertility of Tea Soils at Peradeniya. By A. W. R. Joachim, Ph.D., B.Sc. (Lond.), F.I.C., Dip. Agric. (Cantab.)		161
vol079_iss03_tropical-agriculturist-1932-09-79-3	0	79	1932-09	SELECTED ARTICLES	Tea Research in Nyasaland		166
vol079_iss03_tropical-agriculturist-1932-09-79-3	0	79	1932-09	SELECTED ARTICLES	Some Methods of Grafting		172
vol079_iss03_tropical-agriculturist-1932-09-79-3	0	79	1932-09	SELECTED ARTICLES	Air and Sun Curing Tobacco Leaf		186
vol079_iss03_tropical-agriculturist-1932-09-79-3	0	79	1932-09	SELECTED ARTICLES	Charcoal Burning on the Farm		191
vol079_iss03_tropical-agriculturist-1932-09-79-3	0	79	1932-09	SELECTED ARTICLES	Consistency Constants of the Soil with Special Reference to Field Operations		194
vol079_iss03_tropical-agriculturist-1932-09-79-3	0	79	1932-09	RETURNS	Animal Disease Return for the Month ended August, 1932		198
vol079_iss03_tropical-agriculturist-1932-09-79-3	0	79	1932-09	RETURNS	Meteorological Report for the Month ended August, 1932		199
vol079_iss04_tropical-agriculturist-1932-10-79-4	0	79	1932-10		Editorial		201
vol079_iss04_tropical-agriculturist-1932-10-79-4	0	79	1932-10	ORIGINAL ARTICLES	The Cultivation of Fruits in Ceylon with Cultural Details—V.By T. H. Parsons, F.L.S., F.R.H.S		203
vol079_iss04_tropical-agriculturist-1932-10-79-4	0	79	1932-10	ORIGINAL ARTICLES	A Rubber Manurial Experiment. By T. H. Holland, Dip. Agric.(Wye), and A. W. R. Joachim, Ph.D., B.Sc. (Lond.),F.I.C., Dip. Agric. (Cantab.)		210
vol079_iss04_tropical-agriculturist-1932-10-79-4	0	79	1932-10	SELECTED ARTICLES	The Forestry System of Rubber Planting		220
vol079_iss04_tropical-agriculturist-1932-10-79-4	0	79	1932-10	SELECTED ARTICLES	The World Rice Situation		228
vol079_iss04_tropical-agriculturist-1932-10-79-4	0	79	1932-10	SELECTED ARTICLES	Tropical Agriculture then and now		236
vol079_iss04_tropical-agriculturist-1932-10-79-4	0	79	1932-10	SELECTED ARTICLES	Mosquito Remedies and Preventives		243
vol079_iss04_tropical-agriculturist-1932-10-79-4	0	79	1932-10	MEETINGS, CONFERENCES, ETC	Minutes of Meeting of the Board of Management of the CoconutResearch Scheme (Ceylon)		250
vol079_iss04_tropical-agriculturist-1932-10-79-4	0	79	1932-10	MEETINGS, CONFERENCES, ETC	Minutes of Meeting of the Board of the Tea Research Instituteof Ceylon		253
vol079_iss04_tropical-agriculturist-1932-10-79-4	0	79	1932-10	DEPARTMENTAL NOTES	Progress Report of the Experiment Station, Peradeniya, for theMonths of July and August, 1932		257
vol079_iss04_tropical-agriculturist-1932-10-79-4	0	79	1932-10	RETURNS	Animal Disease Return for the Month ended September, 1932		260
vol079_iss04_tropical-agriculturist-1932-10-79-4	0	79	1932-10	RETURNS	Meteorological Report for the Month ended September, 1932		261
vol079_iss05_tropical-agriculturist-1932-11-79-5	0	79	1932-11		Editorial		263
vol079_iss05_tropical-agriculturist-1932-11-79-5	0	79	1932-11	ORIGINAL ARTICLES	The Cultivation of Fruits in Ceylon with Cultural Details—VI. By T. H. Parsons, F.L.S., F.R.H.S		265
vol079_iss05_tropical-agriculturist-1932-11-79-5	0	79	1932-11	ORIGINAL ARTICLES	Turmeric, its Cultivation and Preparation in the KandyDistrict. By W. Molegode		271
vol079_iss05_tropical-agriculturist-1932-11-79-5	0	79	1932-11	ORIGINAL ARTICLES	The Marketing of Produce in Ceylon. By G. Harbord, Dip.Agric. (Wye)		274
vol079_iss05_tropical-agriculturist-1932-11-79-5	0	79	1932-11	SELECTED ARTICLES	Tea Yellows Disease		277
vol079_iss05_tropical-agriculturist-1932-11-79-5	0	79	1932-11	SELECTED ARTICLES	Tea in Other Lands		284
vol079_iss05_tropical-agriculturist-1932-11-79-5	0	79	1932-11	SELECTED ARTICLES	The Coconut Beetle		286
vol079_iss05_tropical-agriculturist-1932-11-79-5	0	79	1932-11	SELECTED ARTICLES	Coir or Coconut Fibre		296
vol079_iss05_tropical-agriculturist-1932-11-79-5	0	79	1932-11	SELECTED ARTICLES	Practical Immunisation of Plants by Genetic Methods		308
vol079_iss05_tropical-agriculturist-1932-11-79-5	0	79	1932-11	SELECTED ARTICLES	Virus Diseases of Plants		312
vol079_iss05_tropical-agriculturist-1932-11-79-5	0	79	1932-11	REVIEWS	Rothamsted Experimental Station, Harpenden, Herts—Annual Report 1931		314
vol079_iss05_tropical-agriculturist-1932-11-79-5	0	79	1932-11	REVIEWS	Cacao		316
vol079_iss05_tropical-agriculturist-1932-11-79-5	0	79	1932-11	MEETINGS, CONFERENCES, ETC	Minutes of Meeting of the Board of Management of theRubber Research Scheme (Ceylon)		318
vol079_iss05_tropical-agriculturist-1932-11-79-5	0	79	1932-11	DEPARTMENTAL NOTES	Progress Report of the Experiment Station, Peradeniya, forthe Months of September and October, 1932		320
vol079_iss05_tropical-agriculturist-1932-11-79-5	0	79	1932-11	RETURNS	Animal Disease Return for the Month ended October, 1932		326
vol079_iss05_tropical-agriculturist-1932-11-79-5	0	79	1932-11	RETURNS	Meteorological Report for the Month ended October, 1932		327
vol079_iss06_tropical-agriculturist-1932-12-79-6	0	79	1932-12		Editorial		329
vol079_iss06_tropical-agriculturist-1932-12-79-6	0	79	1932-12	ORIGINAL ARTICLES	The Cultivation of Fruits in Ceylon with Cultural Details—VII.By T. H. Parsons, F.L.S., F.R.H.S		331
vol079_iss06_tropical-agriculturist-1932-12-79-6	0	79	1932-12	ORIGINAL ARTICLES	A Change-over Experiment in Rubber Tapping. By T. H.Holland, Dip. Agric. (Wye)		336
vol079_iss06_tropical-agriculturist-1932-12-79-6	0	79	1932-12	ORIGINAL ARTICLES	The Present Position of Coconut Cultivation. By Sir H.Marcus Fernando, Kt., M.D., B.Sc		339
vol079_iss06_tropical-agriculturist-1932-12-79-6	0	79	1932-12	ORIGINAL ARTICLES	The Coconut Industry in the Andaman Islands. By A. Th.Wernigg		349
vol079_iss06_tropical-agriculturist-1932-12-79-6	0	79	1932-12	ORIGINAL ARTICLES	Trial of a Hand-Threshing Machine for Paddy. By G. V.Wickremasekera, Dip. Agric. (Poona)		353
vol079_iss06_tropical-agriculturist-1932-12-79-6	0	79	1932-12	SELECTED ARTICLES	Citrus Root-stocks		358
vol079_iss06_tropical-agriculturist-1932-12-79-6	0	79	1932-12	SELECTED ARTICLES	Agriculture as an Industry		362
vol079_iss06_tropical-agriculturist-1932-12-79-6	0	79	1932-12	SELECTED ARTICLES	Some Factors in the Manuring of Coffee		367
vol079_iss06_tropical-agriculturist-1932-12-79-6	0	79	1932-12	SELECTED ARTICLES	The Tobacco Stem Borer		372
vol079_iss06_tropical-agriculturist-1932-12-79-6	0	79	1932-12	MEETINGS, CONFERENCES, ETC	Minutes of Meeting of the Board of Management of the CoconutResearch Scheme (Ceylon)		375
vol079_iss06_tropical-agriculturist-1932-12-79-6	0	79	1932-12	MEETINGS, CONFERENCES, ETC	Minutes of Meeting of the Estate Products Committee and theFood Products Committee of the Board of Agriculture		377
vol079_iss06_tropical-agriculturist-1932-12-79-6	0	79	1932-12	RETURNS	Animal Disease Return for the Month ended November, 1932		385
vol079_iss06_tropical-agriculturist-1932-12-79-6	0	79	1932-12	RETURNS	Meteorological Report for the Month ended November, 1932		386
vol080_dli-ernet-229226	9	80	1933-01		Editorial		1
vol080_dli-ernet-229226	9	80	1933-01	ORIGINAL ARTICLES	The Cultivation of Fruits in Ceylon with Cultural Details: VIII.By T. H. Parsons, F.L.S., F.R.H.S		3
vol080_dli-ernet-229226	9	80	1933-01	ORIGINAL ARTICLES	Peristeria elata Hook. By K. J. Alex. Sylva, F.R.H.S		11
vol080_dli-ernet-229226	9	80	1933-01	ORIGINAL ARTICLES	The Croton Oil Tree. By T. H. Holland, Dip. Agric. (Wye)		13
vol080_dli-ernet-229226	9	80	1933-01	ORIGINAL ARTICLES	Alternative Forms of Raw Rubber. By T. E. H. O'Brien,M.Sc., F.I.C., F.I.R.I		18
vol080_dli-ernet-229226	9	80	1933-01	ORIGINAL ARTICLES	Importation of Rubber Budwood and Budded Stumps.By R. K. S. Murray, A.R.C.Sc		26
vol080_dli-ernet-229226	9	80	1933-01	ORIGINAL ARTICLES	Notes on the After-Treatment of Budded Rubber Stocks.By W. I. Pieris, B.A. (Hortic.) Cantab		32
vol080_dli-ernet-229226	9	80	1933-01	SELECTED ARTICLES	The Selection of Pineapple Planting Material		39
vol080_dli-ernet-229226	9	80	1933-01	SELECTED ARTICLES	Sodium Chlorate. Its use as a Weedicide		44
vol080_dli-ernet-229226	9	80	1933-01	SELECTED ARTICLES	Soil Fertility and Mechanisation		46
vol080_dli-ernet-229226	9	80	1933-01	SELECTED ARTICLES	The Occurrence of Water Hyacinth (Eichhornia crassipes,Solms.) Seedlings under Natural Conditions in Burma		48
vol080_dli-ernet-229226	9	80	1933-01	MEETINGS, CONFERENCES, ETC	Minutes of Meeting of the Board of Management of theRubber Research Scheme (Ceylon)		53
vol080_dli-ernet-229226	9	80	1933-01	MEETINGS, CONFERENCES, ETC	Minutes of Meeting of the Estate Products Committee andthe Food Products Committee of the Board of Agriculture		55
vol080_dli-ernet-229226	9	80	1933-01	RETURNS	Animal Disease Return for the Month ended December, 1932		68
vol080_dli-ernet-229226	83	80	1933-02		Editorial		71
vol080_dli-ernet-229226	83	80	1933-02	ORIGINAL ARTICLES	The Cultivation of Fruits in Ceylon with Cultural Details—IX.By T. H. Parsons, F.L.S., F.R.H.S		73
vol080_dli-ernet-229226	83	80	1933-02	ORIGINAL ARTICLES	Problems associated with the Establishing of a local Tea ChestIndustry. By E. E. Megget		79
vol080_dli-ernet-229226	83	80	1933-02	ORIGINAL ARTICLES	Rubber Tapping Experiments, Heneratgoda		82
vol080_dli-ernet-229226	83	80	1933-02	SELECTED ARTICLES	Tropical Plant Diseases: Their Importance and Control		85
vol080_dli-ernet-229226	83	80	1933-02	SELECTED ARTICLES	Grazing as a Problem in Forestry		91
vol080_dli-ernet-229226	83	80	1933-02	SELECTED ARTICLES	Maize—The King of Fodder Crops		98
vol080_dli-ernet-229226	83	80	1933-02	SELECTED ARTICLES	The Mystery of the Soil		108
vol080_dli-ernet-229226	83	80	1933-02	MEETINGS, CONFERENCES, ETC	Minutes of Meeting of the Board of the Tea Research Instituteof Ceylon		120
vol080_dli-ernet-229226	83	80	1933-02	DEPARTMENTAL NOTES	Citrus Canker		124
vol080_dli-ernet-229226	83	80	1933-02	DEPARTMENTAL NOTES	Chemical Notes (12). Margosa Oil and Oil Cake		126
vol080_dli-ernet-229226	83	80	1933-02	DEPARTMENTAL NOTES	Empire Marketing Board—Report on Further ExperimentalConsignments of Mangosteens from Burma, 1932		128
vol080_dli-ernet-229226	83	80	1933-02	RETURNS	Animal Disease Return for the Month ended January, 1933		135
vol080_dli-ernet-229226	83	80	1933-02	RETURNS	Meteorological Report for the Month ended January, 1933		136
vol080_dli-ernet-229226	151	80	1933-03		Editorial		137
vol080_dli-ernet-229226	151	80	1933-03		The Cultivation of Fruits in Ceylon with Cultural Details—X.By T. H. Parsons, F.L.S., F.R.H.S		139
vol080_dli-ernet-229226	151	80	1933-03		The Cultivation of Dwarf French Beans in Harispattu. ByW. Molegode		145
vol080_dli-ernet-229226	151	80	1933-03		Soil Erosion in California: Its Prevention and Control		149
vol080_dli-ernet-229226	151	80	1933-03		Tea Growing in Nyasaland		165
vol080_dli-ernet-229226	151	80	1933-03		Variation in Citrus Orchards		177
vol080_dli-ernet-229226	151	80	1933-03		Notes on Tobacco Cultivation		186
vol080_dli-ernet-229226	151	80	1933-03		Minutes of Meeting of the Board of Management of theCoconut Research Scheme (Ceylon)		188
vol080_dli-ernet-229226	151	80	1933-03		Progress Report of the Experiment Station, Peradeniya forthe months of November and December, 1932		190
vol080_dli-ernet-229226	151	80	1933-03		Animal Disease Return for the Month ended February, 1933		194
vol080_dli-ernet-229226	151	80	1933-03		Meteorological Report for the Month ended February, 1933		195
vol080_dli-ernet-229226	213	80	1933-04		Editorial		197
vol080_dli-ernet-229226	213	80	1933-04	ORIGINAL ARTICLES	A Soil Erosion Experiment. By T. H. Holland, Dip. Agric. (Wye), and A. W. R. Joachim, Ph.D., F.I.C., Dip. Agric. (Cantab)		198
vol080_dli-ernet-229226	213	80	1933-04	ORIGINAL ARTICLES	"The ""Banana"" Passion Fruit. By J. J. Nock, F.R.H.S"		208
vol080_dli-ernet-229226	213	80	1933-04	ORIGINAL ARTICLES	Further Yield Records in Connection with Oidium Hœveae. By R. K. S. Murray, A.R.C.Sc		209
vol080_dli-ernet-229226	213	80	1933-04	ORIGINAL ARTICLES	Diseases of Rubber in Ceylon, 1932. By R. K. S. Murray, A.R.C.Sc		214
vol080_dli-ernet-229226	213	80	1933-04	ORIGINAL ARTICLES	The Effect of Earth-Cowdung Mixtures on Renewing Bark. By R. K. S. Murray, A.R.C.Sc., and W. I. Pieris, B.A. (Hortic.) Cantab		218
vol080_dli-ernet-229226	213	80	1933-04	SELECTED ARTICLES	Some Observations on the Citrus Industry of Palestine		222
vol080_dli-ernet-229226	213	80	1933-04	SELECTED ARTICLES	Flowering, Pollination and Natural Crossing in Rice		227
vol080_dli-ernet-229226	213	80	1933-04	SELECTED ARTICLES	Tobacco-curing Barns		234
vol080_dli-ernet-229226	213	80	1933-04	SELECTED ARTICLES	Saline and Alkaline Soils		236
vol080_dli-ernet-229226	213	80	1933-04	SELECTED ARTICLES	The Production of Silage		245
vol080_dli-ernet-229226	213	80	1933-04	REVIEWS	Recent Advances in Agricultural Plant Breeding		249
vol080_dli-ernet-229226	213	80	1933-04	REVIEWS	The Empire Marketing Board's Copra Survey		250
vol080_dli-ernet-229226	213	80	1933-04	MEETINGS, CONFERENCES, ETC	Minutes of Meeting of the Board of Management of the Rubber Research Scheme (Ceylon)		252
vol080_dli-ernet-229226	213	80	1933-04	DEPARTMENTAL NOTES	The Coconut Scale		254
vol080_dli-ernet-229226	213	80	1933-04	RETURNS	Animal Disease Return for the Month ended March, 1933		257
vol080_dli-ernet-229226	213	80	1933-04	RETURNS	Meteorological Report for the Month ended March, 1933		258
vol080_dli-ernet-229226	367	80	1933-06		Editorial		327
vol080_dli-ernet-229226	367	80	1933-06		Rice Yields. By L. Lord, M.A		329
vol080_dli-ernet-229226	367	80	1933-06		Ceylon Clones. I. By R. K. S. Murray, A.R.C.Sc;		333
vol080_dli-ernet-229226	367	80	1933-06		A Note on Sun-Scorch of Budgrafts. By R. K. S. Murray,A.R.C.Sc		349
vol080_dli-ernet-229226	367	80	1933-06		The Use of Reclaim in Rubber Manufacture. By G. Martin,B.Sc., A.I.C., F.I.R.I		352
vol080_dli-ernet-229226	367	80	1933-06		Vegetative Propagation. By T. H. Parsons, F.L.S., F.R.H.S		359
vol080_dli-ernet-229226	367	80	1933-06		Cacao Beans and Ephesia elutella		362
vol080_dli-ernet-229226	367	80	1933-06		Rotation Crops		369
vol080_dli-ernet-229226	367	80	1933-06		The Problem of the Locust		374
vol080_dli-ernet-229226	367	80	1933-06		First Annual Report on Cacao Research, 1931		380
vol080_dli-ernet-229226	367	80	1933-06		Minutes of Meeting of the Board of the Tea Research Instituteof Ceylon		383
vol080_dli-ernet-229226	367	80	1933-06		Anthracnose of Plantains		387
vol080_dli-ernet-229226	367	80	1933-06		Animal Disease Return for the month ended May, 1933		389
vol080_dli-ernet-229226	367	80	1933-06		Meteorological Report for the month ended May, 1933		390
vol080_dli-ernet-229226	451	81	1933-07		Editorial		1
vol080_dli-ernet-229226	451	81	1933-07		Studies on Paddy Cultivation. I.—The Paddy Crop in Relation to Manurial Treatment. By J. C. Haigh, Ph.D., and A. W. R. Joachim, Ph.D		3
vol080_dli-ernet-229226	451	81	1933-07		Studies on Paddy Cultivation. II.—The Effect of Manures on the Composition of the Paddy Crop and Soil. By A. W. R. Joachim, Ph.D., S. Kandiah, Dip. Agric. Poona and D. G. Pandittesekere, Dip. Agric. Poona		11
vol080_dli-ernet-229226	451	81	1933-07		Burma Rice. By L. Lord, M.A		36
vol080_dli-ernet-229226	451	81	1933-07		Oncidium luridum, Lindl. By K. J. Alex. Sylva, F.R.H.S		46
vol080_dli-ernet-229226	451	81	1933-07		Papaw Selection		48
vol080_dli-ernet-229226	451	81	1933-07		Notes on the Cultivation of the Pineapple		53
vol080_dli-ernet-229226	451	81	1933-07		Introduction to Tropical Soils		56
vol080_dli-ernet-229226	451	81	1933-07		A New Agricultural Journal		58
vol080_dli-ernet-229226	451	81	1933-07		Minutes of Fourteenth and Fifteenth Meetings of the Board of Management of the Rubber Research Scheme (Ceylon)		60
vol080_dli-ernet-229226	451	81	1933-07		Minutes of the Twentieth and Twenty-first Meetings of the Board of Management of the Coconut Research Scheme (Ceylon)		64
vol080_dli-ernet-229226	451	81	1933-07		Animal Disease Return for the month ended June, 1933		70
vol080_dli-ernet-229226	451	81	1933-07		Meteorological Report for the month ended June, 1933		71
vol080_dli-ernet-229226	531	81	1933-08		Editorial		73
vol080_dli-ernet-229226	531	81	1933-08	ORIGINAL ARTICLES	The Artificial Colouring and Ripening of Fruit. By A. W. R. Joachim, Ph.D		75
vol080_dli-ernet-229226	531	81	1933-08	ORIGINAL ARTICLES	Mycological Notes (23). The Oil Treatment of Plantain Diseases. By Malcolm Fark, A.R.C.S		86
vol080_dli-ernet-229226	531	81	1933-08	ORIGINAL ARTICLES	A Note on the Cultivation of the Cauliflower in the Low-Country Districts of Ceylon. By W. R. C. Paul, M.A., M.Sc., Dip. Agric. (Cantab)		91
vol080_dli-ernet-229226	531	81	1933-08	SELECTED ARTICLES	The Imperial College of Tropical Agriculture		95
vol080_dli-ernet-229226	531	81	1933-08	SELECTED ARTICLES	Practical Seed Selection of Coconuts		101
vol080_dli-ernet-229226	531	81	1933-08	SELECTED ARTICLES	Tea Cultivation in Tanganyika		108
vol080_dli-ernet-229226	531	81	1933-08	SELECTED ARTICLES	The Clove Industry in Zanzibar		112
vol080_dli-ernet-229226	531	81	1933-08	SELECTED ARTICLES	Value of Scientific Research to Agriculture		115
vol080_dli-ernet-229226	531	81	1933-08	REVIEW	Indian Hemp		123
vol080_dli-ernet-229226	531	81	1933-08	DEPARTMENTAL NOTES	The Rhinoceros or Black Beetle of Coconuts		125
vol080_dli-ernet-229226	531	81	1933-08	DEPARTMENTAL NOTES	Notes on the Cultivation of Currystuffs		129
vol080_dli-ernet-229226	531	81	1933-08	RETURNS	Animal Disease Return for the month ended July 31, 1933		133
vol080_dli-ernet-229226	531	81	1933-08	RETURNS	Meteorological Report for the month ended July 31, 1933		134
vol080_dli-ernet-229226	597	81	1933-09		Editorial		135
vol080_dli-ernet-229226	597	81	1933-09	ORIGINAL ARTICLES	Notes upon the Rejuvenating of Old Rubber Plantations.By P. R. May, B.A. (Cantab), J.P., U.P.M		137
vol080_dli-ernet-229226	597	81	1933-09	ORIGINAL ARTICLES	"""Double-Cut"" Tapping Systems in Ceylon. By R. K. S.Murray, A.R.C.S"		153
vol080_dli-ernet-229226	597	81	1933-09	ORIGINAL ARTICLES	Witch-Broom Disease of Cacao. By Malcolm Park, A.R.C.S		170
vol080_dli-ernet-229226	597	81	1933-09	SELECTED ARTICLES	Ecuador Cocoa		174
vol080_dli-ernet-229226	597	81	1933-09	SELECTED ARTICLES	Forest Fires in Relation to Soil Fertility		175
vol080_dli-ernet-229226	597	81	1933-09	SELECTED ARTICLES	The World Rice Situation		178
vol080_dli-ernet-229226	597	81	1933-09	SELECTED ARTICLES	Cultivation Properties of Tropical Red Soils		187
vol080_dli-ernet-229226	597	81	1933-09	SELECTED ARTICLES	The Effect of Climate on the Composition of Pasture Plants		195
vol080_dli-ernet-229226	597	81	1933-09	MEETINGS, CONFERENCES, ETC	Minutes of Meeting of the Board of Management of the RubberResearch Scheme (Ceylon)		200
vol080_dli-ernet-229226	597	81	1933-09	DEPARTMENTAL NOTES	Manure Pits		202
vol080_dli-ernet-229226	597	81	1933-09	RETURNS	Animal Disease Return for the month ended August, 1933		203
vol080_dli-ernet-229226	597	81	1933-09	RETURNS	Meteorological Report for the month ended August, 1933		204
vol080_dli-ernet-229226	673	81	1933-10		Editorial		205
vol080_dli-ernet-229226	673	81	1933-10	ORIGINAL ARTICLES	A Preliminary Note on Cacao in the Dumbara Valley, 1933.By Malcolm Park, A.R.C.S		207
vol080_dli-ernet-229226	673	81	1933-10	ORIGINAL ARTICLES	Proved Hevea Clones—II: Clones in Malaya and the DutchEast Indies. By R. K. S. Murray, A.R.C.S		212
vol080_dli-ernet-229226	673	81	1933-10	ORIGINAL ARTICLES	"""What are our Latest Views Regarding Buddings as PlantingMaterial?"". By Ir. J. S. Vollema"		223
vol080_dli-ernet-229226	673	81	1933-10	SELECTED ARTICLES	Grafted Coffee		239
vol080_dli-ernet-229226	673	81	1933-10	SELECTED ARTICLES	The Kind of Cacao the Manufacturer Wants		240
vol080_dli-ernet-229226	673	81	1933-10	SELECTED ARTICLES	Sweet Potatoes		246
vol080_dli-ernet-229226	673	81	1933-10	SELECTED ARTICLES	The Cost of Soil Erosion		249
vol080_dli-ernet-229226	673	81	1933-10	MEETINGS, CONFERENCES, ETC	Minutes of Meeting of the Board of the Tea Research Instituteof Ceylon		255
vol080_dli-ernet-229226	673	81	1933-10	DEPARTMENTAL NOTES	Red Weevil of Coconuts		261
vol080_dli-ernet-229226	673	81	1933-10	DEPARTMENTAL NOTES	Report of the Executive Committee of Agriculture and Landsunder Standing Order 57		266
vol080_dli-ernet-229226	673	81	1933-10	RETURNS	Animal Disease Return for the month ended September, 1933		269
vol080_dli-ernet-229226	673	81	1933-10	RETURNS	Meteorological Report for the month ended September, 1933		270
vol080_dli-ernet-229226	743	81	1933-11		Editorial		271
vol080_dli-ernet-229226	743	81	1933-11	ORIGINAL ARTICLES	Grazing Grounds and their Improvement in Ceylon. By J. E. Senaratne, F.L.S		273
vol080_dli-ernet-229226	743	81	1933-11	ORIGINAL ARTICLES	On the Identity of Some Curry Stuffs. By J. C. Haigh, Ph.D		283
vol080_dli-ernet-229226	743	81	1933-11	SELECTED ARTICLES	How Long do Seeds Retain their Vitality?		287
vol080_dli-ernet-229226	743	81	1933-11	SELECTED ARTICLES	Pests and Diseases in Tobacco Seedbeds		291
vol080_dli-ernet-229226	743	81	1933-11	SELECTED ARTICLES	Mineral Deficiency in the Southern Coastal Belt of New South Wales		296
vol080_dli-ernet-229226	743	81	1933-11	SELECTED ARTICLES	Vitamin A Content of Foods and Feeds		308
vol080_dli-ernet-229226	743	81	1933-11	MEETINGS, CONFERENCES, ETC	Minutes of Meeting of the Board of Management of the Rubber Research Scheme (Ceylon)		327
vol080_dli-ernet-229226	743	81	1933-11	DEPARTMENTAL NOTES	Panama Disease of Plantains		330
vol080_dli-ernet-229226	743	81	1933-11	RETURNS	Animal Disease Return for the month ended October, 1933		334
vol080_dli-ernet-229226	743	81	1933-11	RETURNS	Meteorological Report for the month ended October, 1933		335
vol080_dli-ernet-229226	815	81	1933-12		Editorial		337
vol080_dli-ernet-229226	815	81	1933-12	ORIGINAL ARTICLES	The Water Hyacinth Problem in Ceylon. By F. P. Jepson, M.A. (Cantab.)		339
vol080_dli-ernet-229226	815	81	1933-12	ORIGINAL ARTICLES	The Import Trade in Citrus Fruits into Ceylon. By J. C. Drieberg, Dip. Agric. (Poona)		356
vol080_dli-ernet-229226	815	81	1933-12	ORIGINAL ARTICLES	Notes on Low Temperature Vulcanization. By T. E. H. O'Brien, M.Sc., F.I.C., F.I.R.I		361
vol080_dli-ernet-229226	815	81	1933-12	SELECTED ARTICLES	Tea Cultivation in the Highlands of Malaya		366
vol080_dli-ernet-229226	815	81	1933-12	SELECTED ARTICLES	The Climatic and Soil Requirements of Tea		372
vol080_dli-ernet-229226	815	81	1933-12	SELECTED ARTICLES	Spraying of Coffee		379
vol080_dli-ernet-229226	815	81	1933-12	SELECTED ARTICLES	Nahor Seed Oil and Grained Soap		390
vol080_dli-ernet-229226	815	81	1933-12	MEETINGS, CONFERENCES, ETC	Minutes of Meeting of the Board of Management of the Coconut Research Scheme (Ceylon)		395
vol080_dli-ernet-229226	815	81	1933-12	RETURNS	Animal Disease Return for the month ended November, 1933		397
vol080_dli-ernet-229226	815	81	1933-12	RETURNS	Meteorological Report for the month ended November, 1933		398
vol082_dli-ernet-229227	3	82	1934-01		Editorial		1
vol082_dli-ernet-229227	3	82	1934-01	ORIGINAL ARTICLES	The Change in Composition and Decomposability of Typical Ceylon Green Manures with Age. By Dr. A. W. R. Joachim, Ph. D., Dip. Agric. (Cantab.) and S. Kandiah, Dip. Agric. (Poona)		3
vol082_dli-ernet-229227	3	82	1934-01	ORIGINAL ARTICLES	Cymbidium ensifolium var. haematodes Trim. By K. J. Alex. Sylva, F.R.H.S		21
vol082_dli-ernet-229227	3	82	1934-01	SELECTED ARTICLES	Erogeye Disease of Tobacco		23
vol082_dli-ernet-229227	3	82	1934-01	SELECTED ARTICLES	Philippine Rice-Mill Products with particular reference to the Nutritive Value and Preservation of Rice Bran		32
vol082_dli-ernet-229227	3	82	1934-01	SELECTED ARTICLES	Importance of Calcium in Dairy Rations		58
vol082_dli-ernet-229227	3	82	1934-01	MEETINGS, CONFERENCES, ETC	Minutes of Meeting of the Board of Management of the Rubber Research Scheme (Ceylon)		60
vol082_dli-ernet-229227	3	82	1934-01	DEPARTMENTAL NOTES	Report on Animal Husbandry in Ceylon		62
vol082_dli-ernet-229227	3	82	1934-01	RETURNS	Animal Disease Return for the month ended December, 1933		71
vol082_dli-ernet-229227	3	82	1934-01	RETURNS	Meteorological Report for the month ended December, 1933		72
vol082_dli-ernet-229227	81	82	1934-02		Editorial		73
vol082_dli-ernet-229227	81	82	1934-02	ORIGINAL ARTICLES	Studies on the Coconut Palm—I. By W. V. D. Pieris, B.Sc.(Lond.), B.A., Dip. Agric. (Cantab.)		75
vol082_dli-ernet-229227	81	82	1934-02	ORIGINAL ARTICLES	Notes on Orchids Cultivated in Ceylon. Spathoglottis aureaVieillardi. By K. J. Alex. Sylva, F.R.H.S		98
vol082_dli-ernet-229227	81	82	1934-02	SELECTED ARTICLES	Kashmir Plants		101
vol082_dli-ernet-229227	81	82	1934-02	SELECTED ARTICLES	Agricultural Progress in Nyasaland		108
vol082_dli-ernet-229227	81	82	1934-02	REVIEWS	Rothamsted Experimental Station. Annual Report, 1932		111
vol082_dli-ernet-229227	81	82	1934-02	REVIEWS	Two Publications on Cacao		112
vol082_dli-ernet-229227	81	82	1934-02	MEETINGS, CONFERENCES, ETC	Minutes of Meeting of the Board of the Tea Research Instituteof Ceylon held on December 2, 1933		114
vol082_dli-ernet-229227	81	82	1934-02	MEETINGS, CONFERENCES, ETC	Minutes of Meeting of the Board of the Tea Research Instituteof Ceylon held on January 13, 1934		118
vol082_dli-ernet-229227	81	82	1934-02	DEPARTMENTAL NOTES	Report on Animal Husbandry in Ceylon.—Part II		121
vol082_dli-ernet-229227	81	82	1934-02	RETURNS	Animal Disease Return for the month ended January, 1934		136
vol082_dli-ernet-229227	81	82	1934-02	RETURNS	Meteorological Report for the month ended January, 1934		137
vol082_dli-ernet-229227	151	82	1934-03		Editorial		139
vol082_dli-ernet-229227	151	82	1934-03		Ceylon's Import Trade in Citrus Fruit. By J. C. Drieberg,Dip. Agric. (Poona)		141
vol082_dli-ernet-229227	151	82	1934-03		Notes on Orchids Cultivated in Ceylon. Vanda spathulataSpreng. By K. J. Alex. Sylva, F.R.H.S		145
vol082_dli-ernet-229227	151	82	1934-03		Notes on Cross-pollination of Rubber (Hevea Brasiliensis) inCeylon. By W. I. Pieris, B.A. (Cantab), Hortic		147
vol082_dli-ernet-229227	151	82	1934-03		The Clove Industry of Ceylon		152
vol082_dli-ernet-229227	151	82	1934-03		Citrus Canker in California		159
vol082_dli-ernet-229227	151	82	1934-03		The Influence of Rootstocks on the texture and flavor ofOrange Fruits		163
vol082_dli-ernet-229227	151	82	1934-03		The Better Utilisation of Forests for Grazing		168
vol082_dli-ernet-229227	151	82	1934-03		The Rice Crop in Burma		174
vol082_dli-ernet-229227	151	82	1934-03		The House Fly		182
vol082_dli-ernet-229227	151	82	1934-03		The Nutrition of Indian Cattle		186
vol082_dli-ernet-229227	151	82	1934-03		Citrus Fruit Growing in Rhodesia		191
vol082_dli-ernet-229227	151	82	1934-03		Animal Disease Return for the month ended February, 1934		199
vol082_dli-ernet-229227	151	82	1934-03		Meteorological Report for the month ended February, 1934		200
vol082_dli-ernet-229227	221	82	1934-04		Editorial		202
vol082_dli-ernet-229227	221	82	1934-04		Pasture Trials at Peradeniya. By J. E. Senaratne, F.L.S		204
vol082_dli-ernet-229227	221	82	1934-04		Notes on Orchids Cultivated in Ceylon. Renanthera coccineaLour. By K. J. Alex. Sylva, F.R.H.S		212
vol082_dli-ernet-229227	221	82	1934-04		Vernalization. By J. C. Haigh, Ph.D		214
vol082_dli-ernet-229227	221	82	1934-04		Paddy Manurial Experiments in Burma		217
vol082_dli-ernet-229227	221	82	1934-04		Inheritance of Characters in Rice		226
vol082_dli-ernet-229227	221	82	1934-04		Some Aspects of Soil Erosion		238
vol082_dli-ernet-229227	221	82	1934-04		Bees and Beekeeping in South India		242
vol082_dli-ernet-229227	221	82	1934-04		Imperial Institute Reports		254
vol082_dli-ernet-229227	221	82	1934-04		Minutes of Meeting of the Board of Management of the RubberResearch Scheme (Ceylon)		261
vol082_dli-ernet-229227	221	82	1934-04		Animal Disease Return for the month ended March, 1934		264
vol082_dli-ernet-229227	221	82	1934-04		Meteorological Report for the month ended March, 1934		265
vol082_dli-ernet-229227	289	82	1934-05		Editorial '		266
vol082_dli-ernet-229227	289	82	1934-05	ORIGINAL ARTICLES	Pasture Trials at Peradeniya. By J. E. Senaratne, F.L.S		268
vol082_dli-ernet-229227	289	82	1934-05	ORIGINAL ARTICLES	Rubber: The Use of Improved Planting Material. ByDr. P. J. S. Cramer		278
vol082_dli-ernet-229227	289	82	1934-05	SELECTED ARTICLES	Clubroot and Root Knot Diseases and Control Methods		281
vol082_dli-ernet-229227	289	82	1934-05	SELECTED ARTICLES	Descriptions of Types of Principal American Varieties ofTomatoes		284
vol082_dli-ernet-229227	289	82	1934-05	SELECTED ARTICLES	Planned Economy and Agriculture		290
vol082_dli-ernet-229227	289	82	1934-05	SELECTED ARTICLES	The Balance Sheet of Entomology		312
vol082_dli-ernet-229227	289	82	1934-05	SELECTED ARTICLES	Pasture Requirements and Composition		317
vol082_dli-ernet-229227	289	82	1934-05	REVIEWS	The Vegetable Products of Ceylon		321
vol082_dli-ernet-229227	289	82	1934-05	REVIEWS	Nature Teaching based upon the General Principles ofAgriculture for the Use of Schools		321
vol082_dli-ernet-229227	289	82	1934-05	MEETINGS, CONFERENCES, ETC	Minutes of Meeting of the Board of Management of the CoconutResearch Scheme (Ceylon)		323
vol082_dli-ernet-229227	289	82	1934-05	DEPARTMENTAL NOTES	Anthracnose—A Fruit Disease of Chillies		325
vol082_dli-ernet-229227	289	82	1934-05	RETURNS	Animal Disease Return for the month ended April, 1934		327
vol082_dli-ernet-229227	289	82	1934-05	RETURNS	Meteorological Report for the month ended April, 1934		328
vol082_dli-ernet-229227	357	82	1934-06		Editorial		330
vol082_dli-ernet-229227	357	82	1934-06	ORIGINAL ARTICLES	Rubber: The Use of Improved Planting Material. (Contd.)By Dr. P. J. S. Cramer		332
vol082_dli-ernet-229227	357	82	1934-06	ORIGINAL ARTICLES	Notes on Orchids Cultivated in Ceylon. Dendrobium Pierardi.By K. J. Alex. Sylva, F.R.H.S		338
vol082_dli-ernet-229227	357	82	1934-06	ORIGINAL ARTICLES	Ginger Manurial and Cultural Experiments. By Dr. A. W. R.Joachim, Ph.D., Dip. Agric. (Cantab), and H. A. Pieris,B.A. (Cantab)		340
vol082_dli-ernet-229227	357	82	1934-06	SELECTED ARTICLES	The Avocado Pear		354
vol082_dli-ernet-229227	357	82	1934-06	SELECTED ARTICLES	The Grasshopper Campaign in Manitoba in 1932		362
vol082_dli-ernet-229227	357	82	1934-06	SELECTED ARTICLES	Planned Economy and Agriculture		365
vol082_dli-ernet-229227	357	82	1934-06	REVIEW	The Coconut Industry of Travancore		388
vol082_dli-ernet-229227	357	82	1934-06	MEETINGS, CONFERENCES, ETC	Minutes of Meeting of the Board of the Tea Research Instituteof Ceylon		389
vol082_dli-ernet-229227	357	82	1934-06	DEPARTMENTAL NOTES	Bacterial Leaf-Spot of Betel		393
vol082_dli-ernet-229227	357	82	1934-06	RETURNS	Animal Disease Return for the month ended May, 1934		395
vol082_dli-ernet-229227	357	82	1934-06	RETURNS	Meteorological Report for the month ended May, 1934		396
vol082_dli-ernet-229227	443	83	1934-07		Editorial		1
vol082_dli-ernet-229227	443	83	1934-07	ORIGINAL ARTICLES	Rubber: The Use of Improved Planting Material.—(Contd.)By Dr. P. J. S. Cramer		3
vol082_dli-ernet-229227	443	83	1934-07	ORIGINAL ARTICLES	Bovine Tuberculosis in Ceylon. By M. Crawford, M.R.C.V.S		8
vol082_dli-ernet-229227	443	83	1934-07	ORIGINAL ARTICLES	The Rubber Research Scheme (Ceylon). By G. W. Bruce Foote		14
vol082_dli-ernet-229227	443	83	1934-07	SELECTED ARTICLES	The United States Department of Agriculture		17
vol082_dli-ernet-229227	443	83	1934-07	SELECTED ARTICLES	Agricultural Research		25
vol082_dli-ernet-229227	443	83	1934-07	MEETINGS, CONFERENCES, ETC	Minutes of Meeting of the Board of Management of theRubber Research Scheme (Ceylon)		28
vol082_dli-ernet-229227	443	83	1934-07	MEETINGS, CONFERENCES, ETC	Minutes of the Meeting of the Central Board of Agriculture		30
vol082_dli-ernet-229227	443	83	1934-07	MEETINGS, CONFERENCES, ETC	Papers read at the Meeting of the Central Board of Agriculture		39
vol082_dli-ernet-229227	443	83	1934-07	DEPARTMENTAL NOTES	The Tobacco Stem-borer (Phthorimaea heliopa Lw.)		64
vol082_dli-ernet-229227	443	83	1934-07	RETURNS	Animal Disease Return for the month ended June, 1934		67
vol082_dli-ernet-229227	443	83	1934-07	RETURNS	Meteorological Report for the month ended June, 1934		68
vol082_dli-ernet-229227	515	83	1934-08		Editorial		69
vol082_dli-ernet-229227	515	83	1934-08	ORIGINAL ARTICLES	Part I. By L. Lord, M.A. (Oxon.)		71
vol082_dli-ernet-229227	515	83	1934-08	ORIGINAL ARTICLES	By M. Park, A.R.C.S		78
vol082_dli-ernet-229227	515	83	1934-08	ORIGINAL ARTICLES	Lindl. By K. J. Alex. Sylva, F.R.H.S		87
vol082_dli-ernet-229227	515	83	1934-08	SELECTED ARTICLES	Rice Production and Trade in the East		89
vol082_dli-ernet-229227	515	83	1934-08	SELECTED ARTICLES	Citrus Fruit Growing in Rhodesia		97
vol082_dli-ernet-229227	515	83	1934-08	SELECTED ARTICLES	Fruit Cultivation in Java		100
vol082_dli-ernet-229227	515	83	1934-08	SELECTED ARTICLES	Propagation of Kapok by Budding and Grafting		106
vol082_dli-ernet-229227	515	83	1934-08	SELECTED ARTICLES	Report on a Visit to Malta		111
vol082_dli-ernet-229227	515	83	1934-08	MEETINGS, CONFERENCES, ETC	Imperial Institute Reports		118
vol082_dli-ernet-229227	515	83	1934-08	MEETINGS, CONFERENCES, ETC	Minutes of Meeting of the Board of Management of the Coconut Research Scheme (Ceylon)		123
vol082_dli-ernet-229227	515	83	1934-08	MEETINGS, CONFERENCES, ETC	Minutes of Meeting of the Board of the Tea Research Institute of Ceylon		125
vol082_dli-ernet-229227	515	83	1934-08	DEPARTMENTAL NOTES	Two Weevil Pests of Mango Leaves		128
vol082_dli-ernet-229227	515	83	1934-08	RETURNS	Animal Disease Return for the month ended July, 1934		136
vol082_dli-ernet-229227	515	83	1934-08	RETURNS	Meteorological Report for the month ended July, 1934		137
vol082_dli-ernet-229227	595	83	1934-09		Editorial		139
vol082_dli-ernet-229227	595	83	1934-09	ORIGINAL ARTICLES	Some Notes on the Effects of Drought on the Yield ofCoconut Palms. By M. Park, A.R.C.S		141
vol082_dli-ernet-229227	595	83	1934-09	ORIGINAL ARTICLES	Studies on Paddy Cultivation III. By J. C. Haigh, Ph.D.,and A. W. R. Joachim, Ph.D		151
vol082_dli-ernet-229227	595	83	1934-09	SELECTED ARTICLES	The Importance of Forests in Mountainous Countries, withSpecial Reference to the Hill Forests of Cyprus		158
vol082_dli-ernet-229227	595	83	1934-09	SELECTED ARTICLES	The Handling of Some Philippine Fruits with Special Referenceto the Ethylene, Borax, and Paraffin Treatment		161
vol082_dli-ernet-229227	595	83	1934-09	SELECTED ARTICLES	Extracts from the Annual Report of the Rubber ResearchInstitute of Malaya		165
vol082_dli-ernet-229227	595	83	1934-09	SELECTED ARTICLES	Fordlandia		168
vol082_dli-ernet-229227	595	83	1934-09	SELECTED ARTICLES	Rejuvenating Old Rubber Plantations		172
vol082_dli-ernet-229227	595	83	1934-09	SELECTED ARTICLES	A Disease of the Durian Tree		177
vol082_dli-ernet-229227	595	83	1934-09	SELECTED ARTICLES	The Imperial Institute		180
vol082_dli-ernet-229227	595	83	1934-09	MEETINGS, CONFERENCES, ETC	Imperial Institute Reports		181
vol082_dli-ernet-229227	595	83	1934-09	MEETINGS, CONFERENCES, ETC	Minutes of Meeting of the Management of the RubberResearch Scheme (Ceylon)		185
vol082_dli-ernet-229227	595	83	1934-09	DEPARTMENTAL NOTES	Two Caterpillar Pests of Citrus		188
vol082_dli-ernet-229227	595	83	1934-09	RETURNS	Animal Disease Return for the month ended August, 1934		194
vol082_dli-ernet-229227	595	83	1934-09	RETURNS	Meteorological Report for the month ended August, 1934		195
vol082_dli-ernet-229227	659	83	1934-10		Editorial		197
vol082_dli-ernet-229227	659	83	1934-10	ORIGINAL ARTICLES	Vegetative Propagation of the Tea Plant. By Prof. T. K. Kvarazkhelia		199
vol082_dli-ernet-229227	659	83	1934-10	ORIGINAL ARTICLES	The Curing of Ginger. By A. W. R. Joachim, Ph.D		212
vol082_dli-ernet-229227	659	83	1934-10	SELECTED ARTICLES	Kikuyu Grass		217
vol082_dli-ernet-229227	659	83	1934-10	SELECTED ARTICLES	Vernalization		221
vol082_dli-ernet-229227	659	83	1934-10	SELECTED ARTICLES	The Preparation of Tirupattur Dhall		222
vol082_dli-ernet-229227	659	83	1934-10	SELECTED ARTICLES	Environment and Plant Life		224
vol082_dli-ernet-229227	659	83	1934-10	SELECTED ARTICLES	The Present Economic Condition of the Coconut and other Oil-Producing Industries		226
vol082_dli-ernet-229227	659	83	1934-10	REVIEW	(Citrus) Orange and Lemon Culture in India		233
vol082_dli-ernet-229227	659	83	1934-10	MEETINGS, CONFERENCES, ETC	Minutes of Meeting of the Central Board of Agriculture		235
vol082_dli-ernet-229227	659	83	1934-10	MEETINGS, CONFERENCES, ETC	Minutes of Meeting of the Board of the Tea Research Institute of Ceylon		253
vol082_dli-ernet-229227	659	83	1934-10	DEPARTMENTAL NOTES	Copper Emulsion		255
vol082_dli-ernet-229227	659	83	1934-10	DEPARTMENTAL NOTES	Correction Note		256
vol082_dli-ernet-229227	659	83	1934-10	RETURNS	Animal Disease Return for the month ended September, 1934		257
vol082_dli-ernet-229227	659	83	1934-10	RETURNS	Meteorological Report for the month ended September, 1934		258
vol082_dli-ernet-229227	743	83	1934-11		Editorial		259
vol082_dli-ernet-229227	743	83	1934-11	ORIGINAL ARTICLES	Vegetative Propagation of the Tea Plant.—(Contd.). By Prof. T. K. Kvarazkhelia		261
vol082_dli-ernet-229227	743	83	1934-11	ORIGINAL ARTICLES	The Cultivation of Tobacco with Particular Reference to Cigarette Tobacco and the Flue-Curing Process. By S. J. F. Dias, Dip. Agric. (Wye), A.I.C.T.A. (Trinidad)		267
vol082_dli-ernet-229227	743	83	1934-11	ORIGINAL ARTICLES	Chemical Studies on Compost Manure. By A. W. R. Joachim, Ph.D., and S. Kandiali, Dip. Agric. (Poona)		277
vol082_dli-ernet-229227	743	83	1934-11	ORIGINAL ARTICLES	Notes on Orchids Cultivated in Ceylon. Vanda tessellata Hk. By K. J. Alex. Sylva, F.R.H.S		294
vol082_dli-ernet-229227	743	83	1934-11	SELECTED ARTICLES	Soil Organic Matter and Crop Rotation		297
vol082_dli-ernet-229227	743	83	1934-11	SELECTED ARTICLES	The Use of Sulphuric Acid as a Coagulant for Rubber Latex		301
vol082_dli-ernet-229227	743	83	1934-11	SELECTED ARTICLES	Pruning of Coffee Trees		302
vol082_dli-ernet-229227	743	83	1934-11	SELECTED ARTICLES	(1) Department of Agriculture, Uganda Protectorate		304
vol082_dli-ernet-229227	743	83	1934-11	SELECTED ARTICLES	(2) Department of Agriculture, Straits Settlements and Federated Malay States		308
vol082_dli-ernet-229227	743	83	1934-11	SELECTED ARTICLES	(3) Department of Agriculture, Nyasaland Protectorate		311
vol082_dli-ernet-229227	743	83	1934-11	SELECTED ARTICLES	Wood Preservation		312
vol082_dli-ernet-229227	743	83	1934-11	MEETINGS, CONFERENCES, ETC	Minutes of the Meeting of the Board of Management of the Coconut Research Scheme (Ceylon)		317
vol082_dli-ernet-229227	743	83	1934-11	MEETINGS, CONFERENCES, ETC	Minutes of the Meeting of the Board of Management of the Rubber Research Scheme (Ceylon)		318
vol082_dli-ernet-229227	743	83	1934-11	DEPARTMENTAL NOTES	"The Introduction and Development of ""Suduheenati"" Pure-line Paddy into Matara District"		320
vol082_dli-ernet-229227	743	83	1934-11	DEPARTMENTAL NOTES	Frog-eye or Eye-spot Disease of Tobacco		322
vol082_dli-ernet-229227	743	83	1934-11	RETURNS	Animal Disease Return for the month ended October, 1934		325
vol082_dli-ernet-229227	743	83	1934-11	RETURNS	Meteorological Report for the month ended October, 1934		326
vol082_dli-ernet-229227	831	83	1934-12		Editorial		327
vol082_dli-ernet-229227	831	83	1934-12	ORIGINAL ARTICLES	Vernalization and a Note on Flowering of Paddy.By J. C. Haigh, Ph. D		329
vol082_dli-ernet-229227	831	83	1934-12	ORIGINAL ARTICLES	Studies on Paddy Cultivation—IV. By A. W. R. Joachim, Ph. D		339
vol082_dli-ernet-229227	831	83	1934-12	ORIGINAL ARTICLES	The Cultivation of Tobacco with Particular Reference to CigaretteTobacco and the Flue-Curing Process.—II. By S. J. F. Dias,Dip. Agric. (Wye), A.I.C.T.A. (Trinidad)		348
vol082_dli-ernet-229227	831	83	1934-12	ORIGINAL ARTICLES	Fertilizer Trials with Paddy. By L. Lord, M.A. (Oxon.)		354
vol082_dli-ernet-229227	831	83	1934-12	ORIGINAL ARTICLES	Lac Cultivation in Ceylon. By F. P. Jepson, M.A. (Cantab.)		356
vol082_dli-ernet-229227	831	83	1934-12	ORIGINAL ARTICLES	Vegetative Propagation of the Tea Plant.—(Contd.) By Prof.T. K. Kvarazkhelia		362
vol082_dli-ernet-229227	831	83	1934-12	SELECTED ARTICLES	Rat Destruction		365
vol082_dli-ernet-229227	831	83	1934-12	SELECTED ARTICLES	The Growing of Sweet Potatoes		367
vol082_dli-ernet-229227	831	83	1934-12	SELECTED ARTICLES	Storage of Sweet Potatoes		371
vol082_dli-ernet-229227	831	83	1934-12	REVIEW	Notes on Tea Manufacture		376
vol082_dli-ernet-229227	831	83	1934-12	MEETINGS, CONFERENCES, ETC	Minutes of Meeting of the Central Board of Agriculture		377
vol082_dli-ernet-229227	831	83	1934-12	RETURNS	Animal Disease Return for the month ended November, 1934		398
vol082_dli-ernet-229227	831	83	1934-12	RETURNS	Meteorological Report for the month ended November, 1934		399
vol086_dli-ernet-229228	3	86	1936-01		Editorial		1
vol086_dli-ernet-229228	3	86	1936-01	ORIGINAL ARTICLES	Tomato Cultivation in the Dry Zone of Ceylon. III. By W. R. C. Paul, M.A., M.Sc., D.I.C., F.L.S		3
vol086_dli-ernet-229228	3	86	1936-01	ORIGINAL ARTICLES	The Principles of Orchid Culture in the Tropics. By T. H. Parsons, F.L.S., F.R.H.S		14
vol086_dli-ernet-229228	3	86	1936-01	ORIGINAL ARTICLES	Sunnhemp in the Jaffna Peninsula. By W. R. C. Paul, M.A., M.Sc., D.I.C., F.L.S. and A. V. Chelvanayagam		23
vol086_dli-ernet-229228	3	86	1936-01	SELECTED ARTICLES	Derris (Tuba Root)		28
vol086_dli-ernet-229228	3	86	1936-01	SELECTED ARTICLES	The Uses of Cotton Seed		33
vol086_dli-ernet-229228	3	86	1936-01	SELECTED ARTICLES	Food, Farmer and Future		40
vol086_dli-ernet-229228	3	86	1936-01	SELECTED ARTICLES	Sugar Consumption in the East		46
vol086_dli-ernet-229228	3	86	1936-01	SELECTED ARTICLES	Breast Meat is an essential for Breeding Stock		50
vol086_dli-ernet-229228	3	86	1936-01	SELECTED ARTICLES	What is a Weed ?		53
vol086_dli-ernet-229228	3	86	1936-01	MEETINGS, CONFERENCES, ETC	Minutes of Meeting of the Board of Management of the Rubber Research Scheme (Ceylon)		56
vol086_dli-ernet-229228	3	86	1936-01	MEETINGS, CONFERENCES, ETC	Minutes of Meeting of the Board of the Tea Research Institute of Ceylon		58
vol086_dli-ernet-229228	3	86	1936-01	REVIEWS	Imperial Economic Committee—Annual Report, October, 1933 to March, 1935		59
vol086_dli-ernet-229228	3	86	1936-01	REVIEWS	Bibliography of Soil Science, Fertilizers and General Agronomy		62
vol086_dli-ernet-229228	3	86	1936-01	RETURNS	Animal Disease Return for the month ended December, 1935		63
vol086_dli-ernet-229228	3	86	1936-01	RETURNS	Meteorological Report for the month ended December, 1935		64
vol086_dli-ernet-229228	69	86	1936-02		Editorial		65
vol086_dli-ernet-229228	69	86	1936-02	ORIGINAL ARTICLES	Tomato Cultivation in the Dry Zone of Ceylon. IV. By W. R. C. Paul, M.A., M.Sc., D.I.C., F.L.S		67
vol086_dli-ernet-229228	69	86	1936-02	ORIGINAL ARTICLES	Fruit Cultivation and Production. By T. H. Parsons, F.L.S., F.R.H.S		77
vol086_dli-ernet-229228	69	86	1936-02	DEPARTMENTAL NOTES	A Note on the Bagging of Grape Fruit		100
vol086_dli-ernet-229228	69	86	1936-02	DEPARTMENTAL NOTES	Crops in the Hambantota District		102
vol086_dli-ernet-229228	69	86	1936-02	SELECTED ARTICLES	Foods we eat and why we eat them		104
vol086_dli-ernet-229228	69	86	1936-02	SELECTED ARTICLES	Conferences and Congresses		109
vol086_dli-ernet-229228	69	86	1936-02	SELECTED ARTICLES	The Important Insect Pests of the Castor Oil Plant in S. India with Suggestions for their Control		113
vol086_dli-ernet-229228	69	86	1936-02	SELECTED ARTICLES	Increased Growing of Ethiopian Coffee		119
vol086_dli-ernet-229228	69	86	1936-02	MEETINGS, CONFERENCES, ETC	Minutes of Meeting of the Board of the Tea Research Institute of Ceylon		124
vol086_dli-ernet-229228	69	86	1936-02	RETURNS	Animal Disease Return for the month ended January, 1936		127
vol086_dli-ernet-229228	69	86	1936-02	RETURNS	Meteorological Report for the month ended January, 1936		128
vol086_dli-ernet-229228	135	86	1936-03		Editorial		129
vol086_dli-ernet-229228	135	86	1936-03	ORIGINAL ARTICLES	Studies on the Coconut Palm—III. By M. L. M. Salgado, Ph.D.(Cantab.), B.Sc. (Lond.), Dip. Agric. (Cantab.)		131
vol086_dli-ernet-229228	135	86	1936-03	ORIGINAL ARTICLES	Rubber and High Shade. By H. W. R. Bertrand		139
vol086_dli-ernet-229228	135	86	1936-03	DEPARTMENTAL NOTES	A Note on Fruit Cultivation		145
vol086_dli-ernet-229228	135	86	1936-03	SELECTED ARTICLES	Fruit Marketing in Madras Presidency with Special Reference to Oranges		148
vol086_dli-ernet-229228	135	86	1936-03	SELECTED ARTICLES	Handling and Curing Virginia Bright Tobacco		154
vol086_dli-ernet-229228	135	86	1936-03	SELECTED ARTICLES	Weedicides		158
vol086_dli-ernet-229228	135	86	1936-03	MEETINGS, CONFERENCES, ETC	Minutes of Meeting of the Central Board of Agriculture		162
vol086_dli-ernet-229228	135	86	1936-03	MEETINGS, CONFERENCES, ETC	Memorandum on the Development of Livestock Industry in Ceylon		177
vol086_dli-ernet-229228	135	86	1936-03	MEETINGS, CONFERENCES, ETC	Minutes of Meeting of the Board of Management of the Rubber ResearchScheme (Ceylon)		181
vol086_dli-ernet-229228	135	86	1936-03	MEETINGS, CONFERENCES, ETC	Minutes of Meeting of the Board of Management of the Coconut ResearchScheme (Ceylon)		183
vol086_dli-ernet-229228	135	86	1936-03	MEETINGS, CONFERENCES, ETC	Minutes of Meeting of the Board of the Tea Research Institute of Ceylon		186
vol086_dli-ernet-229228	135	86	1936-03	REVIEW	Vernalization and Phasic Development of Plants		187
vol086_dli-ernet-229228	135	86	1936-03	RETURNS	Animal Disease Return for the month ended February, 1936		191
vol086_dli-ernet-229228	135	86	1936-03	RETURNS	Meteorological Report for the month ended February, 1936		192
vol086_dli-ernet-229228	201	86	1936-04		Editorial		193
vol086_dli-ernet-229228	201	86	1936-04	ORIGINAL ARTICLES	Entomological Notes—I. Some Common Insect Pests of Fruit Trees.Contributions from the Entomological Division, Peradeniya, Ceylon		195
vol086_dli-ernet-229228	201	86	1936-04	ORIGINAL ARTICLES	The Third International Congress of Soil Science, 1935. By A. W. R.Joachim, Ph.D		206
vol086_dli-ernet-229228	201	86	1936-04	ORIGINAL ARTICLES	The Kidney Tea Plant. By Duncan J. de Soyza, (Dip. Agric., Poona)		210
vol086_dli-ernet-229228	201	86	1936-04	ORIGINAL ARTICLES	Notes on Orchids Cultivated in Ceylon. Angraecum ebunreum Thouars.By K. J. Alex. Sylva, F.R.H.S		215
vol086_dli-ernet-229228	201	86	1936-04	DEPARTMENTAL NOTES	Adlay. By H. A. Pieris, B.A.(Cantab.), A.I.C.T.A.(Trinidad)		217
vol086_dli-ernet-229228	201	86	1936-04	SELECTED ARTICLES	The Imperial Institute and the Colonies		220
vol086_dli-ernet-229228	201	86	1936-04	SELECTED ARTICLES	Some Aspects of the Poultry Industry in Kenya		223
vol086_dli-ernet-229228	201	86	1936-04	SELECTED ARTICLES	The Manufacture of Humus by the Indore Process		234
vol086_dli-ernet-229228	201	86	1936-04	SELECTED ARTICLES	Some Aspects of the Plant Virus Problem		237
vol086_dli-ernet-229228	201	86	1936-04	SELECTED ARTICLES	Plants and Animals in Human History		243
vol086_dli-ernet-229228	201	86	1936-04	MEETINGS, CONFERENCES, ETC	Minutes of Meeting of the Board of Management of the Coconut ResearchScheme (Ceylon)		248
vol086_dli-ernet-229228	201	86	1936-04	MEETINGS, CONFERENCES, ETC	Minutes of Meeting of the Board of the Tea Research Institute of Ceylon		252
vol086_dli-ernet-229228	201	86	1936-04	REVIEW	Arbeiten über Kalidüngung. Potash Research—Vol. II		253
vol086_dli-ernet-229228	201	86	1936-04	RETURNS	Animal Disease Return for the month ended March, 1936		255
vol086_dli-ernet-229228	201	86	1936-04	RETURNS	Meteorological Report for the month ended March, 1936		256
vol086_dli-ernet-229228	269	86	1936-05		Editorial		257
vol086_dli-ernet-229228	269	86	1936-05	ORIGINAL ARTICLES	Entomological Notes—II. Some Common Insect Pests of Fruit Trees.Contributions from the Entomological Division, Peradeniya, Ceylon		259
vol086_dli-ernet-229228	269	86	1936-05	ORIGINAL ARTICLES	The Agricultural Development of the Dry Zone of Ceylon. ByL. Lord, M.A. (Oxon)		271
vol086_dli-ernet-229228	269	86	1936-05	ORIGINAL ARTICLES	A Note on the Effect of Sowing Date on the Age of Paddy. By J. C.Haigh, Ph.D		284
vol086_dli-ernet-229228	269	86	1936-05	ORIGINAL ARTICLES	The Growing of Cabbages in the Jaffna Peninsula. By N. Senathirajah		289
vol086_dli-ernet-229228	269	86	1936-05	SELECTED ARTICLES	Waste by Wind and Water		294
vol086_dli-ernet-229228	269	86	1936-05	SELECTED ARTICLES	Vernalization Plants		299
vol086_dli-ernet-229228	269	86	1936-05	SELECTED ARTICLES	Recent Work in Plant Breeding		302
vol086_dli-ernet-229228	269	86	1936-05	SELECTED ARTICLES	Broadcasting versus Transplanting of Rice		310
vol086_dli-ernet-229228	269	86	1936-05	MEETINGS, CONFERENCES, ETC	Minutes of Meeting of the Board of Management of the Rubber ResearchScheme (Ceylon)		314
vol086_dli-ernet-229228	269	86	1936-05	REVIEW	Scientific Horticulture		317
vol086_dli-ernet-229228	269	86	1936-05	RETURNS	Animal Disease Return for the month ended April, 1936		319
vol086_dli-ernet-229228	269	86	1936-05	RETURNS	Meteorological Report for the month ended April, 1936		320
vol086_dli-ernet-229228	335	86	1936-06		Editorial		321
vol086_dli-ernet-229228	335	86	1936-06	ORIGINAL ARTICLES	Some Notes on the Citrus Industry of Palestine. By A. W. R. Joachim, Ph.D		323
vol086_dli-ernet-229228	335	86	1936-06	ORIGINAL ARTICLES	Mottle Leaf of Citrus : Its Incidence and Control. By M. Fernando, Ph.D., D.I.C		332
vol086_dli-ernet-229228	335	86	1936-06	ORIGINAL ARTICLES	Pasture Trials at Peradeniya. II. By J. E. Senaratne, F.L.S		335
vol086_dli-ernet-229228	335	86	1936-06	ORIGINAL ARTICLES	Notes on Orchids Cultivated in Ceylon. Epidendrum Stamfordianum, Batem. By Edward Perera		342
vol086_dli-ernet-229228	335	86	1936-06	DEPARTMENTAL NOTES	Summary of Work of the Entomological Division during 1935		343
vol086_dli-ernet-229228	335	86	1936-06	DEPARTMENTAL NOTES	Extracts from the Report of the Mycologist for 1935		349
vol086_dli-ernet-229228	335	86	1936-06	DEPARTMENTAL NOTES	Chemical Notes (13)		353
vol086_dli-ernet-229228	335	86	1936-06	SELECTED ARTICLES	The Mangosteen		356
vol086_dli-ernet-229228	335	86	1936-06	SELECTED ARTICLES	Combating Insect Pests		363
vol086_dli-ernet-229228	335	86	1936-06	SELECTED ARTICLES	Soil Erosion in Kenya		373
vol086_dli-ernet-229228	335	86	1936-06	MEETINGS, CONFERENCES, ETC	Minutes of Meeting of the Tea Research Institute of Ceylon		377
vol086_dli-ernet-229228	335	86	1936-06	MEETINGS, CONFERENCES, ETC	Minutes of Meeting of the Coconut Research Scheme (Ceylon)		379
vol086_dli-ernet-229228	335	86	1936-06	REVIEW	Soils. Their Origin, Constitution and Classification		381
vol086_dli-ernet-229228	335	86	1936-06	RETURNS	Animal Disease Return for the month ended May, 1936		383
vol086_dli-ernet-229228	335	86	1936-06	RETURNS	Meteorological Report for the month ended May, 1936		384
vol086_dli-ernet-229228	405	87	1936-07		Editorial		1
vol086_dli-ernet-229228	405	87	1936-07	ORIGINAL ARTICLES	Tobacco in South India—I. By W. R. C. Paul, M.A., M.Sc., D.L.C., F.L.S		3
vol086_dli-ernet-229228	405	87	1936-07	ORIGINAL ARTICLES	The Hot Fermentation Process of Composting under Tropical and Sub-Tropical Conditions. By J. G. Shrikande, M.Sc., Ph.D., A.I.C		9
vol086_dli-ernet-229228	405	87	1936-07	ORIGINAL ARTICLES	The Importation of Citrus Fruit and Planting Material into Ceylon in 1935. By J. C. Drieberg, Dip. Agric. (Poona)		12
vol086_dli-ernet-229228	405	87	1936-07	ORIGINAL ARTICLES	Notes on Orchids Cultivated in Ceylon. Dendrobium Superbiens, Rehb. f. By Edward Perera		17
vol086_dli-ernet-229228	405	87	1936-07	DEPARTMENTAL NOTES	Historical Summary of Tobacco Experiments in Ceylon		18
vol086_dli-ernet-229228	405	87	1936-07	DEPARTMENTAL NOTES	Chemical Notes (14)		22
vol086_dli-ernet-229228	405	87	1936-07	SELECTED ARTICLES	Pruning Coffee Trees		26
vol086_dli-ernet-229228	405	87	1936-07	SELECTED ARTICLES	On the Seedlessness of Citrus Fruits with Particular Reference to Marsh Grapefruit		33
vol086_dli-ernet-229228	405	87	1936-07	MEETINGS, CONFERENCES, ETC	Minutes of the Seventh Meeting of the Central Board of Agriculture		43
vol086_dli-ernet-229228	405	87	1936-07	REVIEW	All About the Soya Bean		60
vol086_dli-ernet-229228	405	87	1936-07	RETURNS	Animal Disease Return for the month ended June, 1936		62
vol086_dli-ernet-229228	405	87	1936-07	RETURNS	Meteorological Report for the month ended June, 1936		63
vol086_dli-ernet-229228	473	87	1936-08		Editorial		65
vol086_dli-ernet-229228	473	87	1936-08	ORIGINAL ARTICLES	Tobacco in South India—II. By W. R. C. Paul, M.A., M.Sc., D.T.C., F.L.S		68
vol086_dli-ernet-229228	473	87	1936-08	ORIGINAL ARTICLES	Improvement of Cattle—I. By M. Crawford, M.R.C.V.S		76
vol086_dli-ernet-229228	473	87	1936-08	DEPARTMENTAL NOTES	Cocoa in Ceylon		79
vol086_dli-ernet-229228	473	87	1936-08	DEPARTMENTAL NOTES	Chemical Notes (15)		83
vol086_dli-ernet-229228	473	87	1936-08	SELECTED ARTICLES	Standardization of Produce—Cocoa		85
vol086_dli-ernet-229228	473	87	1936-08	SELECTED ARTICLES	Soil Erosion		92
vol086_dli-ernet-229228	473	87	1936-08	SELECTED ARTICLES	Soil Erosion in Tropical Africa and Problems connected with it		99
vol086_dli-ernet-229228	473	87	1936-08	MEETINGS, CONFERENCES, ETC	The Soil Erosion Questionnaire, 1935 (Revised)		106
vol086_dli-ernet-229228	473	87	1936-08	MEETINGS, CONFERENCES, ETC	Minutes of Meeting of the Rubber Research Scheme (Ceylon)		118
vol086_dli-ernet-229228	473	87	1936-08	MEETINGS, CONFERENCES, ETC	Minutes of Meeting of the Tea Research Institute of Ceylon		121
vol086_dli-ernet-229228	473	87	1936-08	REVIEWS	Rubber Latex		126
vol086_dli-ernet-229228	473	87	1936-08	REVIEWS	Humus. Origin, Chemical Composition, and Importance in Nature		127
vol086_dli-ernet-229228	473	87	1936-08	RETURNS	Animal Disease Return for the month ended July, 1936		128
vol086_dli-ernet-229228	473	87	1936-08	RETURNS	Meteorological Report for the month ended July, 1936		129
vol086_dli-ernet-229228	541	87	1936-09		Editorial		131
vol086_dli-ernet-229228	541	87	1936-09	ORIGINAL ARTICLES	The Cultivation of Citrus with Further Suggestions for its Improvement. By T. H. Parsons, F.L.S., F.R.H.S		133
vol086_dli-ernet-229228	541	87	1936-09	ORIGINAL ARTICLES	Studies on Paddy Cultivation- VI. By A. W. R. Joachim, Ph. D. and S. Kandiah, (Dip. Agric., Poona) and D. G. Pandittesekere, (Dip. Agric., Poona)		156
vol086_dli-ernet-229228	541	87	1936-09	ORIGINAL ARTICLES	The Cashew Nut Industry of South India. By W. R. C. Paul, M.A., M.Sc., D.I.C., F.L.S		166
vol086_dli-ernet-229228	541	87	1936-09	ORIGINAL ARTICLES	Notes on Orchids Cultivated in Ceylon. Calanthe veratrifolia, R.Br. By K. J. Alex. Sylva, F.R.H.S		174
vol086_dli-ernet-229228	541	87	1936-09	DEPARTMENTAL NOTES	The Value of Tephrosia purpurea as a Green Manure in the Dry Zone		176
vol086_dli-ernet-229228	541	87	1936-09	SELECTED ARTICLES	A New Method of Curing Small Quantities of Cacao		178
vol086_dli-ernet-229228	541	87	1936-09	SELECTED ARTICLES	Insect Damage to Empire Products		186
vol086_dli-ernet-229228	541	87	1936-09	MEETINGS, CONFERENCES, ETC	Minutes of Meeting of the Board of Management of the Coconut Research Scheme (Ceylon)		188
vol086_dli-ernet-229228	541	87	1936-09	REVIEW	Tropical Planting and Gardening		191
vol086_dli-ernet-229228	541	87	1936-09	RETURNS	Animal Disease Return for the month ended August, 1936		193
vol086_dli-ernet-229228	541	87	1936-09	RETURNS	Meteorological Report for the month ended August, 1936		194
vol086_dli-ernet-229228	617	87	1936-10		Editorial		195
vol086_dli-ernet-229228	617	87	1936-10	ORIGINAL ARTICLES	Tobacco Cultivation on the Alluvial Deposit of the Mahaweliganga.By W. P. A. Cooke, M.Sc. (Calif.)		197
vol086_dli-ernet-229228	617	87	1936-10	ORIGINAL ARTICLES	Questionnaire on Cover Crops and Green Manures (in relation toCoconut Cultivation). By M. L. M. Salgado, Ph.D., B.Sc., Dip.Agric. (Cantab.)		202
vol086_dli-ernet-229228	617	87	1936-10	ORIGINAL ARTICLES	Green Fencing for New Rubber Clearings. By J. D. Farquharson		210
vol086_dli-ernet-229228	617	87	1936-10	ORIGINAL ARTICLES	Studies on Paddy Cultivation—VII. By J. C. Haigh, Ph.D		213
vol086_dli-ernet-229228	617	87	1936-10	ORIGINAL ARTICLES	Notes on Orchids Cultivated in Ceylon. Grammatophyllum speciosum.By K. J. Alex Sylva, F.R.H.S		234
vol086_dli-ernet-229228	617	87	1936-10	DEPARTMENTAL NOTES	Cinnamon		237
vol086_dli-ernet-229228	617	87	1936-10	DEPARTMENTAL NOTES	Cotton Cultivation at Maho		245
vol086_dli-ernet-229228	617	87	1936-10	SELECTED ARTICLES	Methods of Improvement in Crops : Improvement by Hybridization		247
vol086_dli-ernet-229228	617	87	1936-10	MEETINGS, CONFERENCES, ETC	Minutes of Meeting of the Board of Management of the RubberResearch Scheme (Ceylon)		257
vol086_dli-ernet-229228	617	87	1936-10	REVIEWS	Citrus Diseases and their Control		260
vol086_dli-ernet-229228	617	87	1936-10	REVIEWS	Composting Tea Estate Wastes		263
vol086_dli-ernet-229228	617	87	1936-10	RETURNS	Animal Disease Return for the month ended September, 1936		264
vol086_dli-ernet-229228	617	87	1936-10	RETURNS	Meteorological Report for the month ended September, 1936		265
vol086_dli-ernet-229228	693	87	1936-11		Editorial		267
vol086_dli-ernet-229228	693	87	1936-11	ORIGINAL ARTICLES	The Propagation of Citrus. By A. V. Richards, B.Sc., (Lond.),Dip. Agric. (Cantab.), A.I.C.T.A. (Trinidad)		269
vol086_dli-ernet-229228	693	87	1936-11	ORIGINAL ARTICLES	Agricultural Implements—I. By C. R. Karumaratne, (Dip. Agric.Poona)		283
vol086_dli-ernet-229228	693	87	1936-11	ORIGINAL ARTICLES	Entomological Notes. By J. C. HUTSON, B.A., Ph.D		289
vol086_dli-ernet-229228	693	87	1936-11	DEPARTMENTAL NOTES	Chemical Notes—(16). Foodstuffs		296
vol086_dli-ernet-229228	693	87	1936-11	DEPARTMENTAL NOTES	Traps for the Black Beetle Pest of Coconut Palms		299
vol086_dli-ernet-229228	693	87	1936-11	SELECTED ARTICLE	Cultural Methods of Controlling Plant Diseases		303
vol086_dli-ernet-229228	693	87	1936-11	MEETINGS, CONFERENCES, ETC	Report of the Proceedings of the Eighth Meeting of the CentralBoard of Agriculture		307
vol086_dli-ernet-229228	693	87	1936-11	MEETINGS, CONFERENCES, ETC	Minutes of Meeting of the Board of Management of the RubberResearch Scheme (Ceylon)		328
vol086_dli-ernet-229228	693	87	1936-11	REVIEW	The Cultivated Races of Sorghum		330
vol086_dli-ernet-229228	693	87	1936-11	RETURNS	Animal Disease Return for the month ended October, 1936		331
vol086_dli-ernet-229228	693	87	1936-11	RETURNS	Meteorological Report for the month ended October, 1936		332
vol086_dli-ernet-229228	765	87	1936-12		Editorial		333
vol086_dli-ernet-229228	765	87	1936-12	ORIGINAL ARTICLES	Ceylon Birds in relation to the cultivation of Paddy Crops. By W. W. A. Phillips, F.L.S. F.Z.S., M.B.O.U		335
vol086_dli-ernet-229228	765	87	1936-12	ORIGINAL ARTICLES	Agricultural Implements—II. By C. R. Karunaratna, Dip. Agric. (Poona)		359
vol086_dli-ernet-229228	765	87	1936-12	ORIGINAL ARTICLES	Rotation Cultivation in the Wanni of Ceylon. By W. R. C. Paul, M.A., M.Sc., D.I.C., F.L.S		362
vol086_dli-ernet-229228	765	87	1936-12	ORIGINAL ARTICLES	Nymphaea stellata (Water Lily) as an Economic Crop. By Duncan J. de Soyzza, Dip. Agric. (Poona)		371
vol086_dli-ernet-229228	765	87	1936-12	ORIGINAL ARTICLES	The Coffee Berry-borer in Ceylon. By J. C. Hutson, Ph.D		379
vol086_dli-ernet-229228	765	87	1936-12	ORIGINAL ARTICLES	Chemical and Agricultural Notes from the Coconut Research Scheme, Ceylon		384
vol086_dli-ernet-229228	765	87	1936-12	DEPARTMENTAL NOTES	Agricultural Progress at Tammannewa		388
vol086_dli-ernet-229228	765	87	1936-12	DEPARTMENTAL NOTES	Vegetable Growing under the Kalawewa-Yoda Ela Scheme		390
vol086_dli-ernet-229228	765	87	1936-12	MEETING	Minutes of Meeting of the Coconut Research Scheme, Ceylon		392
vol086_dli-ernet-229228	765	87	1936-12	REVIEWS	Diseases and Pests of the Rubber Tree		396
vol086_dli-ernet-229228	765	87	1936-12	REVIEWS	Biochemical and Allied Research in India in 1935		298
vol086_dli-ernet-229228	765	87	1936-12	RETURNS	Animal Disease Return for the month ended November, 1936		399
vol086_dli-ernet-229228	765	87	1936-12	RETURNS	Meteorological Report for the month ended November, 1936		400
vol088_dli-ernet-229229	9	88	1937-01		Editorial		1
vol088_dli-ernet-229229	9	88	1937-01	ORIGINAL ARTICLES	Agricultural Implements—III. By C. R. Karunaratne, Dip. Agric. (Poona)		3
vol088_dli-ernet-229229	9	88	1937-01	ORIGINAL ARTICLES	The Production of Cashew Nuts in Mannar. By W. R. C. Paul, M.A., M.Sc., D.I.C., F.L.S.* and C. Canagaratnam, Dip. Agric. (Poona)		6
vol088_dli-ernet-229229	9	88	1937-01	ORIGINAL ARTICLES	Studies on Ceylon Soils—VII. The Characteristics of Further Important Soil Groups. By A. W. R. Joachim, Ph. D., Dip. Agric. (Cantab) and S. Kandiah, Dip. Agric. (Poona)		12
vol088_dli-ernet-229229	9	88	1937-01	ORIGINAL ARTICLES	Notes on Orchids Cultivated in Ceylon. Dendrobium thyrailflorum Rehb. f. By K. J. Alex. Sylva, F.R.H.S		26
vol088_dli-ernet-229229	9	88	1937-01	DEPARTMENTAL NOTES	Cultivation of Cloves in Kandy District		28
vol088_dli-ernet-229229	9	88	1937-01	SELECTED ARTICLES	The Performance of Imported Clones in Ceylon—1		31
vol088_dli-ernet-229229	9	88	1937-01	SELECTED ARTICLES	The Rational Manuring of Colonial Plantations		37
vol088_dli-ernet-229229	9	88	1937-01	SELECTED ARTICLES	Fruit Fly—Ceratitis capitata		43
vol088_dli-ernet-229229	9	88	1937-01	SELECTED ARTICLES	Some Observations on the Methods of Making Clarified Butter (Ghee) with some Notes on a New Method		48
vol088_dli-ernet-229229	9	88	1937-01	CORRESPONDENCE	Agricultural Implements		58
vol088_dli-ernet-229229	9	88	1937-01	MEETINGS, CONFERENCES, ETC	Minutes of Meeting of the Board of the Tea Research Institute of Ceylon		59
vol088_dli-ernet-229229	9	88	1937-01	MEETINGS, CONFERENCES, ETC	Minutes of Meeting of the Board of Management of the Rubber Research Scheme (Ceylon)		62
vol088_dli-ernet-229229	9	88	1937-01	REVIEW	Burma Fruits and their Cultivation		64
vol088_dli-ernet-229229	9	88	1937-01	RETURNS	Animal Disease Return for the month ended December, 1936		67
vol088_dli-ernet-229229	9	88	1937-01	RETURNS	Meteorological Report for the month ended December, 1936		68
vol088_dli-ernet-229229	81	88	1937-02		Editorial		69
vol088_dli-ernet-229229	81	88	1937-02	ORIGINAL ARTICLES	Studies on Ceylon Soils—VIII. The Fernland (Kekilla) and Some Dry and Semi-dry Zone Soils. By A. W. R. Joachim, Ph.D., Dip. Agric. (Cantab.) and D. G. Parditteesekera, Dip. Agric. (Poona)		71
vol088_dli-ernet-229229	81	88	1937-02	ORIGINAL ARTICLES	The Propagation of the Mango in Jaffna—I. By W. R. C. Paul, M.A., M.Sc., D.I.C., F.L.S. and S. C. Guneratnam, B.A		86
vol088_dli-ernet-229229	81	88	1937-02	DEPARTMENTAL NOTES	Soil Erosion		92
vol088_dli-ernet-229229	81	88	1937-02	DEPARTMENTAL NOTES	The Present Position of the Trade in Ceylon Citronella Oil		108
vol088_dli-ernet-229229	81	88	1937-02	DEPARTMENTAL NOTES	Termite Investigations		111
vol088_dli-ernet-229229	81	88	1937-02	DEPARTMENTAL NOTES	An Amended Nomenclature of some Important Economic Plants grown in Ceylon		112
vol088_dli-ernet-229229	81	88	1937-02	SELECTED ARTICLES	Bunchy Top Disease of Bananas		117
vol088_dli-ernet-229229	81	88	1937-02	SELECTED ARTICLES	A New Disease of the Dahlia		121
vol088_dli-ernet-229229	81	88	1937-02	CORRESPONDENCE	Roselle		125
vol088_dli-ernet-229229	81	88	1937-02	MEETINGS, CONFERENCES, ETC	Minutes of Meeting of the Board of Management of the Coconut Research Scheme (Ceylon)		126
vol088_dli-ernet-229229	81	88	1937-02	REVIEW	Village Waste		130
vol088_dli-ernet-229229	81	88	1937-02	RETURNS	Animal Disease Return for the month ended January, 1937		132
vol088_dli-ernet-229229	81	88	1937-02	RETURNS	Meteorological Report for the month ended January, 1937		133
vol088_dli-ernet-229229	159	88	1937-03		Editorial		135
vol088_dli-ernet-229229	159	88	1937-03	ORIGINAL ARTICLES	Ceylon Estate Copra. By R. Child, F.I.C., B.Sc., Ph.D. (Lond.)		137
vol088_dli-ernet-229229	159	88	1937-03	ORIGINAL ARTICLES	Agricultural Implements—IV. By C. R. Karunaratne, Dip. Agric. (Poona)		150
vol088_dli-ernet-229229	159	88	1937-03	ORIGINAL ARTICLES	Some Studies on Tobacco Diseases in Ceylon—I. By M. Park, A.R.C.S. and M. Fernando, Ph.D., B.Sc., D.I.C		153
vol088_dli-ernet-229229	159	88	1937-03	ORIGINAL ARTICLES	The Case for Replanting of Old Rubber Estates. By H. M. Stratford		169
vol088_dli-ernet-229229	159	88	1937-03	ORIGINAL ARTICLES	Notes on Orchids Cultivated in Ceylon. Phalaenopsis Amabilis BlumeBy Edward Perera		172
vol088_dli-ernet-229229	159	88	1937-03	DEPARTMENTAL NOTES	The Manuring of Paddy in Ceylon		174
vol088_dli-ernet-229229	159	88	1937-03	SELECTED ARTICLES	Soil Erosion		177
vol088_dli-ernet-229229	159	88	1937-03	SELECTED ARTICLES	The Role of Insects and Fungi in Agriculture		180
vol088_dli-ernet-229229	159	88	1937-03	SELECTED ARTICLES	The Pest and the Plant		185
vol088_dli-ernet-229229	159	88	1937-03	CORRESPONDENCE	Rejoinder—Rotation Cultivation in the Wanni of Ceylon		187
vol088_dli-ernet-229229	159	88	1937-03	MEETINGS, CONFERENCES, ETC	Minutes of Meeting of the Board of the Tea Research Institute ofCeylon		188
vol088_dli-ernet-229229	159	88	1937-03	REVIEWS	The South American Potatoes and their Breeding Value		192
vol088_dli-ernet-229229	159	88	1937-03	REVIEWS	The Experimental Production of Haploids and Polyploids		193
vol088_dli-ernet-229229	159	88	1937-03	REVIEWS	"""Loris""—A Journal of Ceylon Wild Life"		194
vol088_dli-ernet-229229	159	88	1937-03	RETURNS	Animal Disease Return for the month ended February, 1937		196
vol088_dli-ernet-229229	159	88	1937-03	RETURNS	Meteorological Report for the month ended February, 1937		197
vol088_dli-ernet-229229	227	88	1937-04		Editorial		199
vol088_dli-ernet-229229	227	88	1937-04	ORIGINAL ARTICLES	Agricultural Implements—V. By C. R. Karunaratne, Dip. Agric.(Poona)		201
vol088_dli-ernet-229229	227	88	1937-04	ORIGINAL ARTICLES	Improvement of Cattle—II. By M. Crawford, M.R.C.V.S		204
vol088_dli-ernet-229229	227	88	1937-04	ORIGINAL ARTICLES	Coix gigantea (Linn.)—Wild Adlay. By D. J. De Soyza, Dip.Agric. (Poona)		208
vol088_dli-ernet-229229	227	88	1937-04	DEPARTMENTAL NOTES	Soil Sampling		213
vol088_dli-ernet-229229	227	88	1937-04	SELECTED ARTICLES	Coconut Research Scheme—Seed Selection		216
vol088_dli-ernet-229229	227	88	1937-04	SELECTED ARTICLES	""" "" "" Nursery Management and Selectionof Seedlings"		219
vol088_dli-ernet-229229	227	88	1937-04	SELECTED ARTICLES	""" "" "" Cover Crops suitable for CoconutEstates"		225
vol088_dli-ernet-229229	227	88	1937-04	SELECTED ARTICLES	Mottle-Leaf of Citrus		228
vol088_dli-ernet-229229	227	88	1937-04	SELECTED ARTICLES	Citrus Cultivation in Queensland		233
vol088_dli-ernet-229229	227	88	1937-04	SELECTED ARTICLES	"How to make ""Humus"""		239
vol088_dli-ernet-229229	227	88	1937-04	SELECTED ARTICLES	Nutrition and Health		242
vol088_dli-ernet-229229	227	88	1937-04	CORRESPONDENCE	Vegetation and Rainfall in Jaffna		245
vol088_dli-ernet-229229	227	88	1937-04	MEETINGS, CONFERENCES, ETC	Minutes of Meeting of the Board of Management of the RubberResearch Scheme (Ceylon)		247
vol088_dli-ernet-229229	227	88	1937-04	MEETINGS, CONFERENCES, ETC	Minutes of Meeting of the Board of Management of the CoconutResearch Scheme (Ceylon)		250
vol088_dli-ernet-229229	227	88	1937-04	MEETINGS, CONFERENCES, ETC	Minutes of the Thirty-seventh Meeting of the Rubber ResearchBoard (Ceylon)		253
vol088_dli-ernet-229229	227	88	1937-04	REVIEW	Vegetative Propagation of Tropical and Sub-Tropical Fruits		257
vol088_dli-ernet-229229	227	88	1937-04	RETURNS	Animal Disease Return for the month ended March, 1937		259
vol088_dli-ernet-229229	227	88	1937-04	RETURNS	Meteorological Report for the month ended March, 1937		260
vol088_dli-ernet-229229	289	88	1937-05		Editorial		261
vol088_dli-ernet-229229	289	88	1937-05	ORIGINAL ARTICLES	Some Weeds of Paddy Land. By G. V. Wiekramasekera, Dip. Agric. (Poona), A.I.C.T.A. (Trinidad)		263
vol088_dli-ernet-229229	289	88	1937-05	ORIGINAL ARTICLES	Some Studies on Tobacco Diseases in Ceylon—II. By M. Park, A.R.C.S. and M. Fernando, Ph.D., B.Sc., D.I.C		266
vol088_dli-ernet-229229	289	88	1937-05	ORIGINAL ARTICLES	Notes on Orchids Cultivated in Ceylon. Thunia Marshalliana Rehb. f. By K. J. Alex. Sylva, F.R.H.S		283
vol088_dli-ernet-229229	289	88	1937-05	DEPARTMENTAL NOTES	A Note on the Cotton Purchase Scheme, 1936		285
vol088_dli-ernet-229229	289	88	1937-05	SELECTED ARTICLES	How to Feed your Fowls		289
vol088_dli-ernet-229229	289	88	1937-05	SELECTED ARTICLES	Carnauba Wax		297
vol088_dli-ernet-229229	289	88	1937-05	CORRESPONDENCE	The Soya Bean		304
vol088_dli-ernet-229229	289	88	1937-05	MEETINGS, CONFERENCES, ETC	Report of the Proceedings of the Ninth Meeting of the Central Board of Agriculture		306
vol088_dli-ernet-229229	289	88	1937-05	MEETINGS, CONFERENCES, ETC	Minutes of Meeting of the Board of the Tea Research Institute of Ceylon		322
vol088_dli-ernet-229229	289	88	1937-05	MEETINGS, CONFERENCES, ETC	Central Seed Store		325
vol088_dli-ernet-229229	289	88	1937-05	RETURNS	Animal Disease Return for the month ended April, 1937		326
vol088_dli-ernet-229229	289	88	1937-05	RETURNS	Meteorological Report for the month ended April, 1937		327
vol088_dli-ernet-229229	359	88	1937-06		Editorial		329
vol088_dli-ernet-229229	359	88	1937-06	ORIGINAL ARTICLES	The Propagation of the Mango in Jaffna—II. By W. R. C. Paul, M.A., M.Sc., D.I.C., F.L.S. and S. C. Guneratnam, B.A		331
vol088_dli-ernet-229229	359	88	1937-06	ORIGINAL ARTICLES	Studies on Ceylon Soils—IX. Some Fruit Soils with particular reference to Citrus Soils. By A. W. R. Joachim, Ph.D., Dip. Agric. (Cantab.) and S. Kandiah, Dip. Agric. (Poona)		338
vol088_dli-ernet-229229	359	88	1937-06	ORIGINAL ARTICLES	Preliminary Experiments on Soya Inoculation in Ceylon. By M. Park, A.R.C.S. and M. Fernando, Ph.D., B.Sc., D.I.C		351
vol088_dli-ernet-229229	359	88	1937-06	SELECTED ARTICLES	Tropical Fruits and Vegetables. An Account of their Storage and Transport		359
vol088_dli-ernet-229229	359	88	1937-06	CORRESPONDENCE	Rotation of Chenai Crops in the Wet Zone		381
vol088_dli-ernet-229229	359	88	1937-06	MEETINGS, CONFERENCES, ETC	Coconut Industry in New Guinea—an abstract		384
vol088_dli-ernet-229229	359	88	1937-06	MEETINGS, CONFERENCES, ETC	Award of the Maynard Ganga Ram Prize		389
vol088_dli-ernet-229229	359	88	1937-06	MEETINGS, CONFERENCES, ETC	Bulletins		390
vol088_dli-ernet-229229	359	88	1937-06	REVIEWS	A Handbook of Statistics for use in Plant Breeding and Agricultural Problems		391
vol088_dli-ernet-229229	359	88	1937-06	REVIEWS	Efficient Production of Cacao		392
vol088_dli-ernet-229229	359	88	1937-06	RETURNS	Animal Disease Return for the month ended May, 1937		393
vol088_dli-ernet-229229	359	88	1937-06	RETURNS	Meteorological Report for the month ended May, 1937		394
vol088_dli-ernet-229229	433	89	1937-07		Editorial		1
vol088_dli-ernet-229229	433	89	1937-07	ORIGINAL ARTICLES	The Seed Treatment of Ginger. By M. Park, A.R.C.S		3
vol088_dli-ernet-229229	433	89	1937-07	ORIGINAL ARTICLES	Manurial Trials with Cotton in Ceylon—I. By A. W. R. Joachim, Ph.D. (Lond.), Dip. Agric. (Cantab.)		8
vol088_dli-ernet-229229	433	89	1937-07	ORIGINAL ARTICLES	Manurial Trials with Cotton in Ceylon—II. By A. W. R. Joachim, Ph.D. (Lond.), Dip. Agric. (Cantab.) and W. R. C. Paul, M.A. M.Sc., D.I.C., F.L.S		14
vol088_dli-ernet-229229	433	89	1937-07	ORIGINAL ARTICLES	Manurial Trials with Cotton in Ceylon—III. By A. W. R. Joachim, Ph.D. (Lond.), Dip. Agric. (Cantab.) and H. A. Pieris, B.A. (Cantab.), A.I.C.T.A. (Trinidad)		20
vol088_dli-ernet-229229	433	89	1937-07	ORIGINAL ARTICLES	Notes on Orchids Cultivated in Ceylon. Vanda coerulea Griff. By K. J. Alex Sylva, F.R.H.S		25
vol088_dli-ernet-229229	433	89	1937-07	DEPARTMENTAL NOTES	Trees—Memorial and Historical		27
vol088_dli-ernet-229229	433	89	1937-07	DEPARTMENTAL NOTES	Tephrosia Villosa Pers. as a Green Manure for the Dry Zone		30
vol088_dli-ernet-229229	433	89	1937-07	SELECTED ARTICLES	Tropical Fruits and Vegetables. An Account of Their Storage and Transport		32
vol088_dli-ernet-229229	433	89	1937-07	SELECTED ARTICLES	The First Ten Years of the Amani Research Station		42
vol088_dli-ernet-229229	433	89	1937-07	SELECTED ARTICLES	Banana Diseases		50
vol088_dli-ernet-229229	433	89	1937-07	CORRESPONDENCE	Aden Cattle for the Dry Zone		53
vol088_dli-ernet-229229	433	89	1937-07	MEETINGS, CONFERENCES, ETC	Minutes of the Thirty-seventh Meeting of the Board of Management of the Coconut Research Scheme (Ceylon)		54
vol088_dli-ernet-229229	433	89	1937-07	RETURNS	Animal Disease Return for the month ended June, 1937		58
vol088_dli-ernet-229229	433	89	1937-07	RETURNS	Meteorological Report for the month ended June, 1937		59
vol088_dli-ernet-229229	499	89	1937-08		Editorial		61
vol088_dli-ernet-229229	499	89	1937-08	ORIGINAL ARTICLES	Manurial Experiment on Coconuts. By H. E. Foster		63
vol088_dli-ernet-229229	499	89	1937-08	ORIGINAL ARTICLES	Atmospheric Humidity. By H. Jameson, D.Sc., F.R.Met.S		68
vol088_dli-ernet-229229	499	89	1937-08	ORIGINAL ARTICLES	The Effect of Selection on the Age of Pure-line Paddy. By J. C. Haigh, Ph.D		71
vol088_dli-ernet-229229	499	89	1937-08	ORIGINAL ARTICLES	Experimental Error in Field Experiments with Coconuts. By W. V. D. Pieris, M.A., Dip. Agric. (Cantab.) and M. L. M. Salgado, B.Sc., Ph.D		75
vol088_dli-ernet-229229	499	89	1937-08	DEPARTMENTAL NOTES	The Principles Underlying Spraying for the Control of Plant Diseases		86
vol088_dli-ernet-229229	499	89	1937-08	DEPARTMENTAL NOTES	Soils of Ceylon		89
vol088_dli-ernet-229229	499	89	1937-08	SELECTED ARTICLES	Types of Robusta Coffee and their Selection in Uganda		93
vol088_dli-ernet-229229	499	89	1937-08	SELECTED ARTICLES	The Promise of Modern Botany for Man's Welfare through Plant Protection		98
vol088_dli-ernet-229229	499	89	1937-08	MEETINGS, CONFERENCES, ETC	Minutes of Meeting of the Board of the Tea Research Institute of Ceylon		115
vol088_dli-ernet-229229	499	89	1937-08	MEETINGS, CONFERENCES, ETC	Minutes of the Thirty-eight Meeting of the Rubber Research Scheme (Ceylon)		118
vol088_dli-ernet-229229	499	89	1937-08	RETURNS	Animal Disease Return for the Month ended July, 1937		123
vol088_dli-ernet-229229	499	89	1937-08	RETURNS	Meteorological Report for the Month ended July, 1937		124
vol088_dli-ernet-229229	563	89	1937-09		Editorial		125
vol088_dli-ernet-229229	563	89	1937-09	ORIGINAL ARTICLES	Losses of Sulphate of Ammonia during Rain. By P. A. Keiller, F.I.C., F.C.S		127
vol088_dli-ernet-229229	563	89	1937-09	ORIGINAL ARTICLES	A Method of Controlling Fomes and other Root Diseases in Re-planted Rubber Areas. By H. W. R. Bertrand and E. C. K. Minor		135
vol088_dli-ernet-229229	563	89	1937-09	ORIGINAL ARTICLES	A Note on the Occurrence of Blossom-end Rot of Tomatoes at Anuradhapura, 1937. By Malcolm Park, A.R.C.S		141
vol088_dli-ernet-229229	563	89	1937-09	DEPARTMENTAL NOTES	The Baling of Straw		148
vol088_dli-ernet-229229	563	89	1937-09	DEPARTMENTAL NOTES	Chillies		154
vol088_dli-ernet-229229	563	89	1937-09	DEPARTMENTAL NOTES	Adlay—(Coix Lachryma-Jobi Linn.)		160
vol088_dli-ernet-229229	563	89	1937-09	DEPARTMENTAL NOTES	The Preparation, Sowing and Care of Cigarette Tobacco Seed Beds		163
vol088_dli-ernet-229229	563	89	1937-09	DEPARTMENTAL NOTES	The Conservation of the Soil. By W. C. Lester-Smith, B.A., Dip. Rur. Econ. (Oxon), A.I.C.T.A		167
vol088_dli-ernet-229229	563	89	1937-09	SELECTED ARTICLES	Live-Stock Improvement in India		175
vol088_dli-ernet-229229	563	89	1937-09	CORRESPONDENCE	Bee-keeping		186
vol088_dli-ernet-229229	563	89	1937-09	MEETINGS, CONFERENCES, ETC	Minutes of the Thirty-ninth Meeting of the Rubber Research Board (Ceylon)		187
vol088_dli-ernet-229229	563	89	1937-09	RETURNS	Animal Disease Return for the month ended August, 1937		189
vol088_dli-ernet-229229	563	89	1937-09	RETURNS	Meteorological Report for the month ended August, 1937		190
vol088_dli-ernet-229229	635	89	1937-10		Editorial		191
vol088_dli-ernet-229229	635	89	1937-10	ORIGINAL ARTICLES	Ceylon's Livestock Industry. By R. H. Spencer-Schrader		193
vol088_dli-ernet-229229	635	89	1937-10	ORIGINAL ARTICLES	Underground Temperatures at Colombo Observatory. By A. P. Kandasamy, B.Sc., F.R.Met.S., F.R.A.S		206
vol088_dli-ernet-229229	635	89	1937-10	DEPARTMENTAL NOTES	Ceylon Grasslands		209
vol088_dli-ernet-229229	635	89	1937-10	DEPARTMENTAL NOTES	The Rearing of Calves		216
vol088_dli-ernet-229229	635	89	1937-10	DEPARTMENTAL NOTES	Blossom-end Rot of Tomato Fruits		220
vol088_dli-ernet-229229	635	89	1937-10	SELECTED ARTICLES	Some Economic Aspects of the Coconut Industry		222
vol088_dli-ernet-229229	635	89	1937-10	SELECTED ARTICLES	Land Everlasting		238
vol088_dli-ernet-229229	635	89	1937-10	SELECTED ARTICLES	Quality in Food from the Agricultural Point of View		240
vol088_dli-ernet-229229	635	89	1937-10	MEETINGS, CONFERENCES, ETC	Minutes of the Thirty-eighth Meeting of the Board of Management of the Coconut Research Scheme (Ceylon)		248
vol088_dli-ernet-229229	635	89	1937-10	RETURNS	Animal Disease Return for the Month ended September, 1937		252
vol088_dli-ernet-229229	635	89	1937-10	RETURNS	Meteorological Report for the Month ended September, 1937		253
vol088_dli-ernet-229229	705	89	1937-11		Editorial		255
vol088_dli-ernet-229229	705	89	1937-11	ORIGINAL ARTICLES	Trials with Napier Grass (Pennisetum purpureum). By C. N. E. J. de Mel, B.Sc. (Hons.), B.Sc., Agric. (Lond.), Dip. Agric. (Wye) and A. W. R. Joachim, Ph.D., Dip. Agric. (Cantab.)		257
vol088_dli-ernet-229229	705	89	1937-11	ORIGINAL ARTICLES	The Effect of Stage of Maturity and Manuring on the Composition of Napier Grass. By A. W. R. Joachim, Ph.D., Dip. Agric. (Cantab.) and D. G. Pandittesekere, Dip. Agric. (Poona)		264
vol088_dli-ernet-229229	705	89	1937-11	ORIGINAL ARTICLES	Edible Coconut Oil. By Reginald Child, F.I.C., B.Sc., Ph.D., (Lond.)		270
vol088_dli-ernet-229229	705	89	1937-11	ORIGINAL ARTICLES	The Betel Vine in the Northern Province. By W. R. C. Paul, M.A., M.Sc., D.I.C., F.L.S. and S. C. Guneratnam, B.A. and A. V. Chelvanayagam		281
vol088_dli-ernet-229229	705	89	1937-11	SELECTED ARTICLES	Grapefruit		299
vol088_dli-ernet-229229	705	89	1937-11	SELECTED ARTICLES	Tropical Fruits and Vegetables. An account of their Storage and Transport		301
vol088_dli-ernet-229229	705	89	1937-11	CORRESPONDENCE	Replanting of the Archaeological Reserve at Polonnaruva		317
vol088_dli-ernet-229229	705	89	1937-11	REVIEW	A Note Book of Tropical Agriculture		320
vol088_dli-ernet-229229	705	89	1937-11	RETURNS	Animal Disease Return for the month ended October, 1937		322
vol088_dli-ernet-229229	705	89	1937-11	RETURNS	Meteorological Report for the month ended October, 1937		323
vol088_dli-ernet-229229	777	89	1937-12		Editorial		325
vol088_dli-ernet-229229	777	89	1937-12	ORIGINAL ARTICLES	Fruit Growing: Principal Obstacles and Difficulties. By T. H. Parsons, F.L.S., F.R.H.S		327
vol088_dli-ernet-229229	777	89	1937-12	ORIGINAL ARTICLES	A Disease of Salvias. By C. H. Gadd, D.Sc		335
vol088_dli-ernet-229229	777	89	1937-12	ORIGINAL ARTICLES	Trials with Mud Paddy under unirrigated conditions. By C. N. E. J. de Mel, B.Sc. (Hons.), B.Sc. Agric. (Lond.), Dip. Agric. (Wye)		339
vol088_dli-ernet-229229	777	89	1937-12	ORIGINAL ARTICLES	Cultivation and Preparation of Ginger and Turmeric. By C. R. Karunaratne, Dip. Agric. (Poona)		350
vol088_dli-ernet-229229	777	89	1937-12	ORIGINAL ARTICLES	A Soil-Borer for Rapid Sampling, particularly on Heavy Soils. By W. V. D. Pieris, M.A., Dip. Agric. (Cantab.), B.Sc. (Lond.)		359
vol088_dli-ernet-229229	777	89	1937-12	DEPARTMENTAL NOTES	Notes on Village Cotton Cultivation in the Hambantota District during 1936-37 Crop Season		361
vol088_dli-ernet-229229	777	89	1937-12	DEPARTMENTAL NOTES	Cotton Purchase 1937		362
vol088_dli-ernet-229229	777	89	1937-12	DEPARTMENTAL NOTES	Salt Licks in Sabaragamuwa		369
vol088_dli-ernet-229229	777	89	1937-12	DEPARTMENTAL NOTES	An Ant-proof Support for Bee Hives		373
vol088_dli-ernet-229229	777	89	1937-12	DEPARTMENTAL NOTES	Cattle Breeding—The Service of Cows		375
vol088_dli-ernet-229229	777	89	1937-12	DEPARTMENTAL NOTES	A Note on a Soft Rot of Stored Mangoes caused by Botryodiplodia Theobromae Pat		381
vol088_dli-ernet-229229	777	89	1937-12	MEETINGS, CONFERENCES, ETC	Report of the Proceedings of the Tenth Meeting of the Central Board of Agriculture		388
vol088_dli-ernet-229229	777	89	1937-12	MEETINGS, CONFERENCES, ETC	Minutes of the Thirty-Ninth Meeting of the Board of Management of the Coconut Research Scheme (Ceylon)		398
vol088_dli-ernet-229229	777	89	1937-12	REVIEW	The Rothamsted Experimental Station Report 1936		401
vol088_dli-ernet-229229	777	89	1937-12	RETURNS	Animal Disease Return for the Month ended November, 1937		402
vol088_dli-ernet-229229	777	89	1937-12	RETURNS	Meteorological Report for the Month ended November, 1937		403
vol090_iss01_tropical-agriculturist-1938-01-90-1	0	90	1938-01		Editorial		1
vol090_iss01_tropical-agriculturist-1938-01-90-1	0	90	1938-01		The Analysis of Ceylon Foodstuffs—I. By A. W. R. Joachim, Ph.D., Dip. Agric. (Cantab.)		3
vol090_iss01_tropical-agriculturist-1938-01-90-1	0	90	1938-01		The Analysis of Ceylon Foodstuffs—II. By A. W. R. Joachim, Ph.D., Dip. Agric. (Cantab.), and D. G. Pandittesekere, Dip. Agric. (Poona)		7
vol090_iss01_tropical-agriculturist-1938-01-90-1	0	90	1938-01		The Analysis of Ceylon Foodstuffs—III. By S. Kandiah, Dip. Agric. (Poona), and D. E. V. Koch, B.Sc. (Hons.)		11
vol090_iss01_tropical-agriculturist-1938-01-90-1	0	90	1938-01		The Analysis of Ceylon Foodstuffs—IV. By A. W. R. Joachim, Ph.D., Dip. Agric. (Cantab.), and C. Charavanapavan, B.Sc		17
vol090_iss01_tropical-agriculturist-1938-01-90-1	0	90	1938-01		The Analysis of Ceylon Foodstuffs—V. By A. W. R. Joachim, Ph.D., Dip. Agric. (Cantab.), and S. Kandiah, Dip. Agric. (Poona)		22
vol090_iss01_tropical-agriculturist-1938-01-90-1	0	90	1938-01		Goat Manure. By M. L. M. Salgado, Ph.D., Dip. Agric. (Cantab.), B.Sc. (London)		30
vol090_iss01_tropical-agriculturist-1938-01-90-1	0	90	1938-01		Mango Stocks		34
vol090_iss01_tropical-agriculturist-1938-01-90-1	0	90	1938-01		Arrowroot		36
vol090_iss01_tropical-agriculturist-1938-01-90-1	0	90	1938-01		Lalang Grass		38
vol090_iss01_tropical-agriculturist-1938-01-90-1	0	90	1938-01		Tropical Fruits and Vegetables		42
vol090_iss01_tropical-agriculturist-1938-01-90-1	0	90	1938-01		Cattle Improvement in Ceylon		56
vol090_iss01_tropical-agriculturist-1938-01-90-1	0	90	1938-01		Minutes of the Fortieth Meeting of the Rubber Research Board (Ceylon)		57
vol090_iss01_tropical-agriculturist-1938-01-90-1	0	90	1938-01		Minutes of a Meeting of the Board of the Tea Research Institute of Ceylon		60
vol090_iss01_tropical-agriculturist-1938-01-90-1	0	90	1938-01		Animal Disease Return for the Month ended December, 1937		66
vol090_iss01_tropical-agriculturist-1938-01-90-1	0	90	1938-01		Meteorological Report for the Month ended December, 1937		67
vol090_iss02_tropical-agriculturist-1938-02-90-2	0	90	1938-02		Editorial		69
vol090_iss02_tropical-agriculturist-1938-02-90-2	0	90	1938-02	ORIGINAL ARTICLES	Yam Cultivation in the Kegalla District. By Duncan J. de Soyza,Dip. Agric. (Poona)		71
vol090_iss02_tropical-agriculturist-1938-02-90-2	0	90	1938-02	ORIGINAL ARTICLES	Temperatures Lethal to the Green Muscardine Fungus, Metarrhiziumanisopliae (Metch.) Sorok. By A. L. Johnpulle, B.Sc. (Lond.), F.R.E.S		80
vol090_iss02_tropical-agriculturist-1938-02-90-2	0	90	1938-02	DEPARTMENTAL NOTES	The Importance of Soil Conservation		84
vol090_iss02_tropical-agriculturist-1938-02-90-2	0	90	1938-02	DEPARTMENTAL NOTES	The Paris Green Treatment of Paddy Fields in Anti-Malarial Work		88
vol090_iss02_tropical-agriculturist-1938-02-90-2	0	90	1938-02	SELECTED ARTICLES	Soil Erosion : The Growth of the Desert in Africa and Elsewhere		91
vol090_iss02_tropical-agriculturist-1938-02-90-2	0	90	1938-02	MEETINGS, CONFERENCES, &c	Report of the Proceedings of the Inaugural Meeting of the ReconstitutedCentral Board of Agriculture		96
vol090_iss02_tropical-agriculturist-1938-02-90-2	0	90	1938-02	MEETINGS, CONFERENCES, &c	Minutes of the Fortieth Meeting of the Board of Management of theCoconut Research Scheme (Ceylon)		114
vol090_iss02_tropical-agriculturist-1938-02-90-2	0	90	1938-02	MEETINGS, CONFERENCES, &c	Minutes of a Meeting of the Board of the Tea Research Institute ofCeylon		118
vol090_iss02_tropical-agriculturist-1938-02-90-2	0	90	1938-02	RETURNS	Meteorological Report for the Month ended January, 1938		123
vol090_iss02_tropical-agriculturist-1938-02-90-2	0	90	1938-02	RETURNS	Animal Disease Return for the Month ended January, 1938		124
vol090_iss03_tropical-agriculturist-1938-03-90-3	0	90	1938-03		Editorial		125
vol090_iss03_tropical-agriculturist-1938-03-90-3	0	90	1938-03	ORIGINAL ARTICLES	Citrus Canker and its Control. By M. Park, A.R.C.S		127
vol090_iss03_tropical-agriculturist-1938-03-90-3	0	90	1938-03	ORIGINAL ARTICLES	Studies on Ceylon Soils—X. By A. W. R. Joachim, Ph.D., and D. G. Pandittesekere, Dip. Agric. (Poona)		136
vol090_iss03_tropical-agriculturist-1938-03-90-3	0	90	1938-03	ORIGINAL ARTICLES	Preparation of Land, Transplanting, and After Cultivation of Cigarette Tobacco. By A. B. Attygalle		142
vol090_iss03_tropical-agriculturist-1938-03-90-3	0	90	1938-03	ORIGINAL ARTICLES	Co-operative Egg Marketing in South India. By A. W. Kannangara		146
vol090_iss03_tropical-agriculturist-1938-03-90-3	0	90	1938-03	DEPARTMENTAL NOTES	Soil Survey Work in Ceylon		149
vol090_iss03_tropical-agriculturist-1938-03-90-3	0	90	1938-03	DEPARTMENTAL NOTES	Agricultural Education at Peradeniya		153
vol090_iss03_tropical-agriculturist-1938-03-90-3	0	90	1938-03	DEPARTMENTAL NOTES	Soil Erosion		158
vol090_iss03_tropical-agriculturist-1938-03-90-3	0	90	1938-03	SELECTED ARTICLES	The Cultivation of Pyrethrum in Japan		162
vol090_iss03_tropical-agriculturist-1938-03-90-3	0	90	1938-03	SELECTED ARTICLES	Science and Practice of Agriculture in India		173
vol090_iss03_tropical-agriculturist-1938-03-90-3	0	90	1938-03	MEETINGS, CONFERENCES, &c	Minutes of the Forty-first Meeting of the Rubber Research Board (Ceylon)		180
vol090_iss03_tropical-agriculturist-1938-03-90-3	0	90	1938-03	REVIEWS	Mother Earth		183
vol090_iss03_tropical-agriculturist-1938-03-90-3	0	90	1938-03	REVIEWS	Kandy Flora		185
vol090_iss03_tropical-agriculturist-1938-03-90-3	0	90	1938-03	RETURNS	Animal Disease Return for the month ended February, 1938		186
vol090_iss03_tropical-agriculturist-1938-03-90-3	0	90	1938-03	RETURNS	Meteorological Report for the month ended February, 1938		187
vol090_iss04_tropical-agriculturist-1938-04-90-4	0	90	1938-04		Editorial		189
vol090_iss04_tropical-agriculturist-1938-04-90-4	0	90	1938-04	ORIGINAL ARTICLES	The Fermentation and Curing of Cacao in Ceylon. By M. Fernando, Ph.D., B.Sc., D.I.C		191
vol090_iss04_tropical-agriculturist-1938-04-90-4	0	90	1938-04	ORIGINAL ARTICLES	Studies on Ceylon Soils—XI. By A. W. R. Joachim, Ph.D., and S. Kandiah, Dip. Agric. (Poona)		200
vol090_iss04_tropical-agriculturist-1938-04-90-4	0	90	1938-04	ORIGINAL ARTICLES	The Cultivation of Cajanus cajan and the Methods of Preparing Marketable Dhal. By P. M. Gaywala, M.Ag		212
vol090_iss04_tropical-agriculturist-1938-04-90-4	0	90	1938-04	DEPARTMENTAL NOTES	The Romance of Quinine		222
vol090_iss04_tropical-agriculturist-1938-04-90-4	0	90	1938-04	DEPARTMENTAL NOTES	The Use of Beneficial Insects to Control Crop Pests		226
vol090_iss04_tropical-agriculturist-1938-04-90-4	0	90	1938-04	DEPARTMENTAL NOTES	Beekeeping		230
vol090_iss04_tropical-agriculturist-1938-04-90-4	0	90	1938-04	DEPARTMENTAL NOTES	Beekeeping. Extracting and Ripening Honey		235
vol090_iss04_tropical-agriculturist-1938-04-90-4	0	90	1938-04	DEPARTMENTAL NOTES	Beekeeping. The Modern Hive		238
vol090_iss04_tropical-agriculturist-1938-04-90-4	0	90	1938-04	SELECTED ARTICLES	Soil Organic Matter and Tropical Agriculture		240
vol090_iss04_tropical-agriculturist-1938-04-90-4	0	90	1938-04	SELECTED ARTICLES	The Giant Snail, Achatina fulica (Fer)		247
vol090_iss04_tropical-agriculturist-1938-04-90-4	0	90	1938-04	REVIEWS	The Fruit Annual and Directory, 1937-38		255
vol090_iss04_tropical-agriculturist-1938-04-90-4	0	90	1938-04	RETURNS	Animal Disease Return for the Month ended March, 1938		257
vol090_iss04_tropical-agriculturist-1938-04-90-4	0	90	1938-04	RETURNS	Meteorological Report for the Month ended March, 1938		258
vol090_iss05_tropical-agriculturist-1938-05-90-5	0	90	1938-05		Editorial		259
vol090_iss05_tropical-agriculturist-1938-05-90-5	0	90	1938-05	ORIGINAL ARTICLES	The Canning and Bottling of Local Fruit and the Preservation of Fruit Juices and Cordials. By A. W. R. Joachim, Ph.D		261
vol090_iss05_tropical-agriculturist-1938-05-90-5	0	90	1938-05	ORIGINAL ARTICLES	A Simple Method of Sulphur Dusting. By Rolf Smerdon		274
vol090_iss05_tropical-agriculturist-1938-05-90-5	0	90	1938-05	ORIGINAL ARTICLES	Notes on Orchids Cultivated in Ceylon. Dendrobium Farmeri var. albiflorum. By K. J. Sylva, F.R.H.S		276
vol090_iss05_tropical-agriculturist-1938-05-90-5	0	90	1938-05	SELECTED ARTICLES	Organic Composts		278
vol090_iss05_tropical-agriculturist-1938-05-90-5	0	90	1938-05	SELECTED ARTICLES	An Indigenous System of Soil Protection		286
vol090_iss05_tropical-agriculturist-1938-05-90-5	0	90	1938-05	SELECTED ARTICLES	Physiological Aspects of Animal Nutrition, Locomotion, and Body Heat		288
vol090_iss05_tropical-agriculturist-1938-05-90-5	0	90	1938-05	CORRESPONDENCE	Rhinoceros Beetle Breeding in split Coconut Logs		297
vol090_iss05_tropical-agriculturist-1938-05-90-5	0	90	1938-05	CORRESPONDENCE	Agricultural Statistics		298
vol090_iss05_tropical-agriculturist-1938-05-90-5	0	90	1938-05	MEETINGS, CONFERENCES, &c	Report of the Proceedings of the Second Meeting of the Central Board of Agriculture		299
vol090_iss05_tropical-agriculturist-1938-05-90-5	0	90	1938-05	MEETINGS, CONFERENCES, &c	Minutes of the Forty-first Meeting of the Board of Management, Coconut Research Scheme (Ceylon)		310
vol090_iss05_tropical-agriculturist-1938-05-90-5	0	90	1938-05	MEETINGS, CONFERENCES, &c	Minutes of the Forty-second Meeting of the Rubber Research Board (Ceylon)		314
vol090_iss05_tropical-agriculturist-1938-05-90-5	0	90	1938-05	REVIEWS	Report of the Fourth International Grassland Congress, Great Britain, 1937		317
vol090_iss05_tropical-agriculturist-1938-05-90-5	0	90	1938-05	REVIEWS	Tropical Fruits and Vegetables. An Account of Their Storage and Transport		318
vol090_iss05_tropical-agriculturist-1938-05-90-5	0	90	1938-05	RETURNS	Animal Disease Return for the month ended April, 1938		319
vol090_iss05_tropical-agriculturist-1938-05-90-5	0	90	1938-05	RETURNS	Meteorological Report for the month ended April, 1938		320
vol090_iss06_tropical-agriculturist-1938-06-90-6	0	90	1938-06		Editorial		321
vol090_iss06_tropical-agriculturist-1938-06-90-6	0	90	1938-06	ORIGINAL ARTICLES	Some Studies on Tobacco Diseases in Ceylon—III.	Malcolm Park, A.R.C.S., and M. Fernando, Ph.D., B.Sc., D.I.C	323
vol090_iss06_tropical-agriculturist-1938-06-90-6	0	90	1938-06	ORIGINAL ARTICLES	Some Studies on Tobacco Diseases in Ceylon—IV.	Malcolm Park, A.R.C.S., and M. Fernando, Ph.D., B.Sc., D.I.C	341
vol090_iss06_tropical-agriculturist-1938-06-90-6	0	90	1938-06	DEPARTMENTAL NOTES	Some Notes on a Herd of Cattle of the Ceylon Breed		348
vol090_iss06_tropical-agriculturist-1938-06-90-6	0	90	1938-06	DEPARTMENTAL NOTES	Tobacco Seed Selection		352
vol090_iss06_tropical-agriculturist-1938-06-90-6	0	90	1938-06	DEPARTMENTAL NOTES	The Rearing of Chickens on a Wire-netting Floor		354
vol090_iss06_tropical-agriculturist-1938-06-90-6	0	90	1938-06	DEPARTMENTAL NOTES	The Transfer of Colonies of Wild Bees into Modern Hives		358
vol090_iss06_tropical-agriculturist-1938-06-90-6	0	90	1938-06	DEPARTMENTAL NOTES	Soil Conserving Contour Works		361
vol090_iss06_tropical-agriculturist-1938-06-90-6	0	90	1938-06	SELECTED ARTICLES	Soil Erosion		368
vol090_iss06_tropical-agriculturist-1938-06-90-6	0	90	1938-06	SELECTED ARTICLES	Pasture and Fodder Crop Research in the Tropics		370
vol090_iss06_tropical-agriculturist-1938-06-90-6	0	90	1938-06	SELECTED ARTICLES	A Note on the Technique of Cotton Breeding		375
vol090_iss06_tropical-agriculturist-1938-06-90-6	0	90	1938-06	SELECTED ARTICLES	Note on Dr. Mason's Article on the Technique of Cotton Breeding		379
vol090_iss06_tropical-agriculturist-1938-06-90-6	0	90	1938-06	MEETINGS, CONFERENCES, &c	Minutes of a Meeting of the Board of the Tea Research Institute of Ceylon		382
vol090_iss06_tropical-agriculturist-1938-06-90-6	0	90	1938-06	REVIEWS	Potash Deficiency Symptoms		387
vol090_iss06_tropical-agriculturist-1938-06-90-6	0	90	1938-06	RETURNS	Animal Disease Return for the Month ended May, 1938		388
vol090_iss06_tropical-agriculturist-1938-06-90-6	0	90	1938-06	RETURNS	Meteorological Report for the Month ended May, 1938		389
vol093_iss01_tropical-agriculturist-1939-07-93-1	2	93	1939-07		Editorial		1
vol093_iss01_tropical-agriculturist-1939-07-93-1	2	93	1939-07	ORIGINAL ARTICLES	The Tea Plant in Industry : Some General Principles. By W. Wight, Ph.D., B.Sc., and P. K. Barua		4
vol093_iss01_tropical-agriculturist-1939-07-93-1	2	93	1939-07	ORIGINAL ARTICLES	The Composition of Local and Imported Citrus Fruit. By A. W. R. Joachim, Ph.D. (Lond.), Dip. Agric. (Cantab.), and D. G. Panditsekere, Dip. Agric. (Poona)		14
vol093_iss01_tropical-agriculturist-1939-07-93-1	2	93	1939-07	DEPARTMENTAL NOTES	Artificial Insemination of Cattle		25
vol093_iss01_tropical-agriculturist-1939-07-93-1	2	93	1939-07	DEPARTMENTAL NOTES	The Transport of Hatching Eggs from Great Britain to Ceylon by Air Mail		27
vol093_iss01_tropical-agriculturist-1939-07-93-1	2	93	1939-07	DEPARTMENTAL NOTES	Cultivation of Knol Khol in the Hanguranketa District		30
vol093_iss01_tropical-agriculturist-1939-07-93-1	2	93	1939-07	DEPARTMENTAL NOTES	Chillies		33
vol093_iss01_tropical-agriculturist-1939-07-93-1	2	93	1939-07	DEPARTMENTAL NOTES	Dairy Science Abstracts		37
vol093_iss01_tropical-agriculturist-1939-07-93-1	2	93	1939-07	SEASONAL PLANTING NOTES	Calendar of Work for July		39
vol093_iss01_tropical-agriculturist-1939-07-93-1	2	93	1939-07	SELECTED ARTICLES	A New Method in Mango Propagation		42
vol093_iss01_tropical-agriculturist-1939-07-93-1	2	93	1939-07	SELECTED ARTICLES	Nutrition and Reproduction		47
vol093_iss01_tropical-agriculturist-1939-07-93-1	2	93	1939-07	SELECTED ARTICLES	Some Fundamental Principles of Erosion		54
vol093_iss01_tropical-agriculturist-1939-07-93-1	2	93	1939-07	SELECTED ARTICLES	"Root Stimulation by "" Hormones """		56
vol093_iss01_tropical-agriculturist-1939-07-93-1	2	93	1939-07	REVIEW	Annual Review of Biochemical and Allied Research in India, Volume IX., 1938		60
vol093_iss01_tropical-agriculturist-1939-07-93-1	2	93	1939-07	RETURNS	Animal Disease Return for the Month ended June, 1939		62
vol093_iss01_tropical-agriculturist-1939-07-93-1	2	93	1939-07	RETURNS	Meteorological Report for the Month ended June, 1939		63
vol093_iss02_tropical-agriculturist-1939-08-93-2	0	93	1939-08		Editorial		65
vol093_iss02_tropical-agriculturist-1939-08-93-2	0	93	1939-08	ORIGINAL ARTICLE	A Study of the Methods of Cultivation of Fruit Trees with Special Reference to Citrus—Part II., Irrigation	Sohrab R. Gandhi, M.Ag. (Bombay)	68
vol093_iss02_tropical-agriculturist-1939-08-93-2	0	93	1939-08	DEPARTMENTAL NOTES	Coconut Oil		76
vol093_iss02_tropical-agriculturist-1939-08-93-2	0	93	1939-08	DEPARTMENTAL NOTES	Work in Progress in the Botanical Division of the Department of Agriculture		77
vol093_iss02_tropical-agriculturist-1939-08-93-2	0	93	1939-08	DEPARTMENTAL NOTES	Cultivation of Paddy		81
vol093_iss02_tropical-agriculturist-1939-08-93-2	0	93	1939-08	SEASONAL PLANTING NOTES	Calendar of Work for August and September		88
vol093_iss02_tropical-agriculturist-1939-08-93-2	0	93	1939-08	SELECTED ARTICLES	Soil Conservation in the Tropics		93
vol093_iss02_tropical-agriculturist-1939-08-93-2	0	93	1939-08	SELECTED ARTICLES	Tomato Culture		103
vol093_iss02_tropical-agriculturist-1939-08-93-2	0	93	1939-08	MEETINGS, CONFERENCES, &c	Minutes of the Forty-sixth Meeting of the Board of Management of the Coconut Research Scheme held on June 20, 1939		114
vol093_iss02_tropical-agriculturist-1939-08-93-2	0	93	1939-08	MEETINGS, CONFERENCES, &c	Minutes of a Meeting of the Board of the Tea Research Institute of Ceylon		116
vol093_iss02_tropical-agriculturist-1939-08-93-2	0	93	1939-08	REVIEW	Nutrition in the Colonial Empire		120
vol093_iss02_tropical-agriculturist-1939-08-93-2	0	93	1939-08	RETURNS	Animal Disease Return for the Month ended July, 1939		126
vol093_iss02_tropical-agriculturist-1939-08-93-2	0	93	1939-08	RETURNS	Meteorological Report for the Month ended July, 1939		127
vol093_iss03_tropical-agriculturist-1939-09-93-3	0	93	1939-09		Editorial		129
vol093_iss03_tropical-agriculturist-1939-09-93-3	0	93	1939-09	ORIGINAL ARTICLES	Preparation of Lands under Major Irrigation Works for Paddy Cultivation. By R. Kahawita		131
vol093_iss03_tropical-agriculturist-1939-09-93-3	0	93	1939-09	ORIGINAL ARTICLES	Trials with Soybean in Ceylon. By J. C. Haigh, Ph.D. (Lond.)		144
vol093_iss03_tropical-agriculturist-1939-09-93-3	0	93	1939-09	ORIGINAL ARTICLES	Notes on Orchids Cultivated in Ceylon—Renanthera Lowii. By E. Perera		157
vol093_iss03_tropical-agriculturist-1939-09-93-3	0	93	1939-09	DEPARTMENTAL NOTE	Paddy Cultivation		159
vol093_iss03_tropical-agriculturist-1939-09-93-3	0	93	1939-09	SEASONAL PLANTING NOTES	Calendar of Work for October and November		167
vol093_iss03_tropical-agriculturist-1939-09-93-3	0	93	1939-09	SELECTED ARTICLES	Farm Drainageways and Outlets		173
vol093_iss03_tropical-agriculturist-1939-09-93-3	0	93	1939-09	SELECTED ARTICLES	Roots		179
vol093_iss03_tropical-agriculturist-1939-09-93-3	0	93	1939-09	MEETINGS, CONFERENCES, &c	Minutes of the Forty-eighth Meeting of the Rubber Research Board		184
vol093_iss03_tropical-agriculturist-1939-09-93-3	0	93	1939-09	MEETINGS, CONFERENCES, &c	Minutes of the Adjourned Forty-eighth Meeting of the Rubber Research Board		188
vol093_iss03_tropical-agriculturist-1939-09-93-3	0	93	1939-09	REVIEWS	Talks, Verses, Songs, Dialogues, Plays and Recitations on Health		189
vol093_iss03_tropical-agriculturist-1939-09-93-3	0	93	1939-09	RETURNS	Animal Disease Return for the Month ended August, 1939		190
vol093_iss03_tropical-agriculturist-1939-09-93-3	0	93	1939-09	RETURNS	Meteorological Report for the Month ended August, 1939		191
vol093_iss04_tropical-agriculturist-1939-10-93-4	0	93	1939-10		Editorial		193
vol093_iss04_tropical-agriculturist-1939-10-93-4	0	93	1939-10	ORIGINAL ARTICLES	The Destructive Distillation of Coconut Shells. By Reginald Child, Ph.D. (Lond.), F.I.C		195
vol093_iss04_tropical-agriculturist-1939-10-93-4	0	93	1939-10	ORIGINAL ARTICLES	Losses Caused by Mineral Phosphates in Mixtures with Sulphate of Ammonia. By P. A. Keiller, F.I.C., F.C.S		205
vol093_iss04_tropical-agriculturist-1939-10-93-4	0	93	1939-10	ORIGINAL ARTICLES	A Note on the Loss of Ammonia from Fertilizer Mixtures. By Reginald Child, Ph.D. (Lond.), F.I.C.; T. Eden, D.Sc. (Manc.), A.I.C.; and M. L. M. Salgado, Ph.D. (Cantab.), B.Sc. (Lond.), Dip. Agric. (Cantab.)		210
vol093_iss04_tropical-agriculturist-1939-10-93-4	0	93	1939-10	ORIGINAL ARTICLES	A Convenient Method of Determining the Incubation Period of a Plant Pathogen in the Field. By M. Park, A.R.C.S., and M. Fernando, Ph.D. (Lond.), D.I.C		213
vol093_iss04_tropical-agriculturist-1939-10-93-4	0	93	1939-10	ORIGINAL ARTICLES	Catasetum macrocarpum Rich. By K. J. Alex Sylva, F.R.H.S		215
vol093_iss04_tropical-agriculturist-1939-10-93-4	0	93	1939-10	DEPARTMENTAL NOTE	Gums and Resins		217
vol093_iss04_tropical-agriculturist-1939-10-93-4	0	93	1939-10	SEASONAL PLANTING NOTES	Calendar of Work for December		219
vol093_iss04_tropical-agriculturist-1939-10-93-4	0	93	1939-10	SELECTED ARTICLES	Water Conditions of the Soil and Irrigation		223
vol093_iss04_tropical-agriculturist-1939-10-93-4	0	93	1939-10	SELECTED ARTICLES	The Culture of the Papaw		230
vol093_iss04_tropical-agriculturist-1939-10-93-4	0	93	1939-10	MEETINGS, CONFERENCES, &c	Report of the Proceedings of the Sixth Meeting of the Central Board of Agriculture		239
vol093_iss04_tropical-agriculturist-1939-10-93-4	0	93	1939-10	MEETINGS, CONFERENCES, &c	Minutes of the Forty-Seventh Meeting of the Board of Management, Coconut Research Scheme		248
vol093_iss04_tropical-agriculturist-1939-10-93-4	0	93	1939-10	RETURNS	Animal Disease Return for the Month ended September, 1939		252
vol093_iss04_tropical-agriculturist-1939-10-93-4	0	93	1939-10	RETURNS	Meteorological Report for the Month ended September, 1939		253
vol093_iss05_tropical-agriculturist-1939-11-93-5	0	93	1939-11		Editorial		255
vol093_iss05_tropical-agriculturist-1939-11-93-5	0	93	1939-11	ORIGINAL ARTICLES	Recent Progress in the Cultivation of Cajanus Cajan and the Methods of Preparing Marketable Dhal in Ceylon. By P. M. Gaywala, M. Ag. (Bombay)		257
vol093_iss05_tropical-agriculturist-1939-11-93-5	0	93	1939-11	ORIGINAL ARTICLES	Field Plot Technique with Chillies (Capsicum Annuum L.). By W. R. C. Paul, Ph.D., M.Sc., D.I.C. (Lond.), M.A., Dip. Agric. (Cantab.) and M. Fernando, Ph.D., B.Sc., D.I.C. (Lond.)		270
vol093_iss05_tropical-agriculturist-1939-11-93-5	0	93	1939-11	ORIGINAL ARTICLES	Erosion—A Mauritian Measure for Protecting Water-courses. By H. C. King		276
vol093_iss05_tropical-agriculturist-1939-11-93-5	0	93	1939-11	DEPARTMENTAL NOTES	Tannia or the Coco-yam		279
vol093_iss05_tropical-agriculturist-1939-11-93-5	0	93	1939-11	DEPARTMENTAL NOTES	A Note on the Cardamom Weevil (Prodioctes haematicus Chev. var.)		281
vol093_iss05_tropical-agriculturist-1939-11-93-5	0	93	1939-11	SEASONAL PLANTING NOTES	Calendar of Work for January		284
vol093_iss05_tropical-agriculturist-1939-11-93-5	0	93	1939-11	SELECTED ARTICLES	The World's Cinchona Bark Industry—I		288
vol093_iss05_tropical-agriculturist-1939-11-93-5	0	93	1939-11	SELECTED ARTICLES	The World's Cinchona Bark Industry—II		298
vol093_iss05_tropical-agriculturist-1939-11-93-5	0	93	1939-11	SELECTED ARTICLES	The Rice Crop in Burma		309
vol093_iss05_tropical-agriculturist-1939-11-93-5	0	93	1939-11	MEETINGS, CONFERENCES, &c	Minutes of the Forty-eighth Meeting of the Board of Management, Coconut Research Scheme		311
vol093_iss05_tropical-agriculturist-1939-11-93-5	0	93	1939-11	RETURNS	Animal Disease Return for the Month ended October, 1939		320
vol093_iss05_tropical-agriculturist-1939-11-93-5	0	93	1939-11	RETURNS	Meteorological Report for the Month ended October, 1939		321
vol093_iss06_tropical-agriculturist-1939-12-93-6	0	93	1939-12		Editorial		323
vol093_iss06_tropical-agriculturist-1939-12-93-6	0	93	1939-12		Ceylon's Food Supply. By J. C. Drieberg, Dip. Agric. (Poona)		325
vol093_iss06_tropical-agriculturist-1939-12-93-6	0	93	1939-12		Analysis of Ceylon Foodstuffs VI.—The More Important Fruits of the Island. By A. W. R. Joachim, Ph.D. (Lond.), Dip. Agric. (Cantab.) and D. G. Pandittesekere, Dip. Agric. (Poona)		330
vol093_iss06_tropical-agriculturist-1939-12-93-6	0	93	1939-12		Analysis of Ceylon Foodstuffs VII.—Further Analyses of Local Foodstuffs with particular Reference to their Mineral Composition. By A. W. R. Joachim, Ph.D. (Lond.), Dip. Agric. (Cantab.), S. Kandiah, Dip. Agric. (Poona), and D. G. Pandittesekere, Dip. Agric. (Poona)		336
vol093_iss06_tropical-agriculturist-1939-12-93-6	0	93	1939-12		A Blight of Carrot Leaves. By C. A. Loos		343
vol093_iss06_tropical-agriculturist-1939-12-93-6	0	93	1939-12		Angraecum sesquipedale Thours. By K. J. Alex Sylva, F.R.H.S		346
vol093_iss06_tropical-agriculturist-1939-12-93-6	0	93	1939-12		Emergency Rubber Coagulants. Communicated by the Rubber Research Scheme (Ceylon)		348
vol093_iss06_tropical-agriculturist-1939-12-93-6	0	93	1939-12		Notes on the Cultivation of Food Crops		351
vol093_iss06_tropical-agriculturist-1939-12-93-6	0	93	1939-12		Adlay as a Weed of Paddy Fields		362
vol093_iss06_tropical-agriculturist-1939-12-93-6	0	93	1939-12		Calendar of work for February		365
vol093_iss06_tropical-agriculturist-1939-12-93-6	0	93	1939-12		Development of Modern Composting Methods		368
vol093_iss06_tropical-agriculturist-1939-12-93-6	0	93	1939-12		Animal Breeding Methods used in the Formation of Types of Cattle Suitable for raising in the Tropics		372
vol093_iss06_tropical-agriculturist-1939-12-93-6	0	93	1939-12		Minutes of the Forty-ninth Meeting of the Rubber Research Board		378
vol093_iss06_tropical-agriculturist-1939-12-93-6	0	93	1939-12		Minutes of a Meeting of the Board of the Tea Research Institute		381
vol093_iss06_tropical-agriculturist-1939-12-93-6	0	93	1939-12		The Transport of Hatching Eggs from England to Zanzibar		384
vol093_iss06_tropical-agriculturist-1939-12-93-6	0	93	1939-12		Animal Disease Return for the month ended November, 1939		385
vol093_iss06_tropical-agriculturist-1939-12-93-6	0	93	1939-12		Meteorological Report for the month ended November, 1939		386
vol094_iss01_tropical-agriculturist-1940-01-94-1	0	94	1940-01		Editorial		1
vol094_iss01_tropical-agriculturist-1940-01-94-1	0	94	1940-01	ORIGINAL ARTICLES	Ceylon's Food Supply, II.—Rice and its Substitutes. By J. C. Driemberg, Dip. Agric. (Poona)		3
vol094_iss01_tropical-agriculturist-1940-01-94-1	0	94	1940-01	ORIGINAL ARTICLES	A Study of the Genus Capsicum, with Special Reference to the Dry Chilli—I. By W. R. C. Paul, M.A. (Cantab.), M.Sc., Ph.D. (Lond.), D.I.C., F.L.S		10
vol094_iss01_tropical-agriculturist-1940-01-94-1	0	94	1940-01	ORIGINAL ARTICLES	A Variety of Brinjal (Solanum melongena Linn) Resistant to Bacterial Wilt. By Malcolm Park, A.R.C.S., and M. Fernando, Ph.D., B.Sc. (Lond.), D.I.C		19
vol094_iss01_tropical-agriculturist-1940-01-94-1	0	94	1940-01	ORIGINAL ARTICLES	A Note on the Use of Dynamite on Hard Ground between Coconut Palms. By O. B. M. Cheyne and Reginald Child, Ph.D. (Lond.)		22
vol094_iss01_tropical-agriculturist-1940-01-94-1	0	94	1940-01	ORIGINAL ARTICLES	Cassava in Ceylon. By J. A. Will Perera		24
vol094_iss01_tropical-agriculturist-1940-01-94-1	0	94	1940-01	DEPARTMENTAL NOTES	The Cultivation of Vegetables as a Rotational Crop in Paddy Land in the Kandy and Matale Districts		27
vol094_iss01_tropical-agriculturist-1940-01-94-1	0	94	1940-01	DEPARTMENTAL NOTES	Note on Treatment of Soybean		32
vol094_iss01_tropical-agriculturist-1940-01-94-1	0	94	1940-01	DEPARTMENTAL NOTES	Bird Sanctuaries and their Effect on Agriculture		33
vol094_iss01_tropical-agriculturist-1940-01-94-1	0	94	1940-01	SEASONAL PLANTING NOTES	Calendar of Work for March		35
vol094_iss01_tropical-agriculturist-1940-01-94-1	0	94	1940-01	SELECTED ARTICLE	The Preparation of Citrus Fruit Juices		40
vol094_iss01_tropical-agriculturist-1940-01-94-1	0	94	1940-01	MEETINGS, CONFERENCES, &c	Report of the Proceedings of the Seventh Meeting of the Central Board of Agriculture		45
vol094_iss01_tropical-agriculturist-1940-01-94-1	0	94	1940-01	MEETINGS, CONFERENCES, &c	Minutes of a Meeting of the Board of the Tea Research Institute of Ceylon		55
vol094_iss01_tropical-agriculturist-1940-01-94-1	0	94	1940-01	RETURNS	Animal Disease Return for the month ended December, 1939		58
vol094_iss01_tropical-agriculturist-1940-01-94-1	0	94	1940-01	RETURNS	Meteorological Report for the month ended December, 1939		59
vol094_iss02_tropical-agriculturist-1940-02-94-2	0	94	1940-02		Editorial		61
vol094_iss02_tropical-agriculturist-1940-02-94-2	0	94	1940-02	ORIGINAL ARTICLES	A Study of the Genus Capsicum, with Special Reference to the Dry Chilli—II. By W. R. C. Paul, M.A. (Cantab.), M.Sc., Ph.D. (Lond.), D.I.C., F.L.S		63
vol094_iss02_tropical-agriculturist-1940-02-94-2	0	94	1940-02	ORIGINAL ARTICLES	Trials with the Indian Lac Insect in Ceylon during 1938–39. By M. P. D. Pinto		79
vol094_iss02_tropical-agriculturist-1940-02-94-2	0	94	1940-02	ORIGINAL ARTICLES	Coccidiosis in Poultry. By K. Thuraisingham, G.B.V.C		90
vol094_iss02_tropical-agriculturist-1940-02-94-2	0	94	1940-02	DEPARTMENTAL NOTE	Bee-keeping—The Wax Moth		94
vol094_iss02_tropical-agriculturist-1940-02-94-2	0	94	1940-02	SEASONAL PLANTING NOTES	Calendar of Work for April		99
vol094_iss02_tropical-agriculturist-1940-02-94-2	0	94	1940-02	SELECTED ARTICLES	Some Economic and Social Problems of Soil Conservation		103
vol094_iss02_tropical-agriculturist-1940-02-94-2	0	94	1940-02	SELECTED ARTICLES	Copra Deterioration during Storage and Shipment		110
vol094_iss02_tropical-agriculturist-1940-02-94-2	0	94	1940-02	SELECTED ARTICLES	The Water Requirements of Live-stock		120
vol094_iss02_tropical-agriculturist-1940-02-94-2	0	94	1940-02	RETURNS	Animal Disease Return for the month ended January, 1940		126
vol094_iss02_tropical-agriculturist-1940-02-94-2	0	94	1940-02	RETURNS	Meteorological Report for the month ended January, 1940		127
vol094_iss03_tropical-agriculturist-1940-03-94-3	0	94	1940-03		Editorial		129
vol094_iss03_tropical-agriculturist-1940-03-94-3	0	94	1940-03	ORIGINAL ARTICLES	A Study of the Genus Capsicum, with Special Reference to the Dry Chilli—III. By W. R. C. Paul, M.A. (Cantab.), Ph.D., M.Sc. (Lond.), D.I.C., F.L.S		131
vol094_iss03_tropical-agriculturist-1940-03-94-3	0	94	1940-03	ORIGINAL ARTICLES	The Effect of Harrowing a Growing Rice Crop. By G. V. Wickramasekera, A.I.C.T.A. (Trinidad), Dip. Agric. (Poona)		146
vol094_iss03_tropical-agriculturist-1940-03-94-3	0	94	1940-03	ORIGINAL ARTICLES	Lily Mosaic. By C. H. Gadd, D.Sc. (Birm.) and C. A. Loos		160
vol094_iss03_tropical-agriculturist-1940-03-94-3	0	94	1940-03	ORIGINAL ARTICLES	Coconut Poonac as a Food for Livestock. By M. Crawford, M.R.C.V.S		168
vol094_iss03_tropical-agriculturist-1940-03-94-3	0	94	1940-03	DEPARTMENTAL NOTE	Dioscorea Yams at Harispattu Show		172
vol094_iss03_tropical-agriculturist-1940-03-94-3	0	94	1940-03	SELECTED ARTICLES	The Influence of Climate on Cattle		174
vol094_iss03_tropical-agriculturist-1940-03-94-3	0	94	1940-03	SELECTED ARTICLES	Compost Notes		182
vol094_iss03_tropical-agriculturist-1940-03-94-3	0	94	1940-03	MEETINGS, CONFERENCES, &c	Minutes of the Fiftieth Meeting of the Rubber Research Scheme		186
vol094_iss03_tropical-agriculturist-1940-03-94-3	0	94	1940-03	MEETINGS, CONFERENCES, &c	Minutes of the Forty-ninth Meeting of the Coconut Research Scheme		189
vol094_iss03_tropical-agriculturist-1940-03-94-3	0	94	1940-03	RETURNS	Animal Disease Return for the Month ended February, 1940		193
vol094_iss03_tropical-agriculturist-1940-03-94-3	0	94	1940-03	RETURNS	Meteorological Report for the Month ended February, 1940		194
vol094_iss04_tropical-agriculturist-1940-04-94-4	0	94	1940-04		Editorial		195
vol094_iss04_tropical-agriculturist-1940-04-94-4	0	94	1940-04	ORIGINAL ARTICLES	A Study of the Genus Capsicum, with Special Reference to the Dry Chilli—IV. By W. R. C. Paul, M.A. (Cantab.), Ph.D., M.Sc. (Lond.), D.I.C., A.I.C.T.A., F.L.S		198
vol094_iss04_tropical-agriculturist-1940-04-94-4	0	94	1940-04	ORIGINAL ARTICLES	The Absorptive Capacity of three Paddy Soils for Ammonium Fertilizers. By D. E. V. Koch, Ph.D., A.I.C., D.I.C., F.R.H.S		214
vol094_iss04_tropical-agriculturist-1940-04-94-4	0	94	1940-04	ORIGINAL ARTICLES	Calanthe Veitchii Lindley. By K. J. Alex Sylva, F.R.H.S		226
vol094_iss04_tropical-agriculturist-1940-04-94-4	0	94	1940-04	DEPARTMENTAL NOTES	Mimosa bracaatinga Hoehne—a New Tree for Estates		228
vol094_iss04_tropical-agriculturist-1940-04-94-4	0	94	1940-04	DEPARTMENTAL NOTES	The Work of the Animal Husbandry Branch of the Department of Agriculture		231
vol094_iss04_tropical-agriculturist-1940-04-94-4	0	94	1940-04	SELECTED ARTICLES	On Animal Breeding		242
vol094_iss04_tropical-agriculturist-1940-04-94-4	0	94	1940-04	SELECTED ARTICLES	The Application of Economic Botany in the Tropics		250
vol094_iss04_tropical-agriculturist-1940-04-94-4	0	94	1940-04	SELECTED ARTICLES	Farmyard Manure		257
vol094_iss04_tropical-agriculturist-1940-04-94-4	0	94	1940-04	REVIEW	Field Trials : Their Lay-out and Statistical Analysis		262
vol094_iss04_tropical-agriculturist-1940-04-94-4	0	94	1940-04	RETURNS	Animal Disease Return for the month ended March, 1940		264
vol094_iss04_tropical-agriculturist-1940-04-94-4	0	94	1940-04	RETURNS	Meteorological Report for the month ended March, 1940		265
vol094_iss05_tropical-agriculturist-1940-05-94-5	0	94	1940-05		Editorial		267
vol094_iss05_tropical-agriculturist-1940-05-94-5	0	94	1940-05	ORIGINAL ARTICLES	A Study of the Genus Capsicum, with Special Reference to the Dry Chilli—V. By W. R. C. Paul, M.A. (Cantab.), Ph.D., M.Sc. (Lond.), D.I.C., F.L.S		271
vol094_iss05_tropical-agriculturist-1940-05-94-5	0	94	1940-05	ORIGINAL ARTICLES	Chemical Notes (17). The Analysis of Some Manures, Fodders, and Feeding Stuffs. By A. W. R. Joachim, Ph. D. (Lond.), Dip. Agric. (Cantab.), F.I.C., and S. Kandiah, Dip. Agric. (Poona)		282
vol094_iss05_tropical-agriculturist-1940-05-94-5	0	94	1940-05	ORIGINAL ARTICLES	Gapes in Poultry. By K. Thuraisingham, G.B.V.C		290
vol094_iss05_tropical-agriculturist-1940-05-94-5	0	94	1940-05	ORIGINAL ARTICLES	Gomphrena decumbens Jacq., a Weed new to Ceylon. By J. E. Senaratne, B.Sc. (Lond.), F.L.S		293
vol094_iss05_tropical-agriculturist-1940-05-94-5	0	94	1940-05	DEPARTMENTAL NOTES	The Propagation of Water Hyacinth (Eichhornia crassipes Solms) by Seed		296
vol094_iss05_tropical-agriculturist-1940-05-94-5	0	94	1940-05	DEPARTMENTAL NOTES	The Policy and Work of the Department of Agriculture with regard to Agricultural Education		298
vol094_iss05_tropical-agriculturist-1940-05-94-5	0	94	1940-05	SELECTED ARTICLES	Cleanliness in Dairy Routine		303
vol094_iss05_tropical-agriculturist-1940-05-94-5	0	94	1940-05	SELECTED ARTICLES	Composts		305
vol094_iss05_tropical-agriculturist-1940-05-94-5	0	94	1940-05	SELECTED ARTICLES	A Case for more Fodder-bearing Trees		311
vol094_iss05_tropical-agriculturist-1940-05-94-5	0	94	1940-05	SELECTED ARTICLES	A Study of the Yield of Cassava as affected by the Age of Cuttings		316
vol094_iss05_tropical-agriculturist-1940-05-94-5	0	94	1940-05	MEETINGS, CONFERENCES, &c	Minutes of the fifty-first Meeting of the Rubber Research Board		322
vol094_iss05_tropical-agriculturist-1940-05-94-5	0	94	1940-05	REVIEW	Research on Grassland, Forage Crops and the Conservation of Vegetation in the United States of America		325
vol094_iss05_tropical-agriculturist-1940-05-94-5	0	94	1940-05	RETURNS	Animal Disease Return for the Month ended April, 1940		327
vol094_iss05_tropical-agriculturist-1940-05-94-5	0	94	1940-05	RETURNS	Meteorological Report for the Month ended April, 1940		328
vol094_iss06_tropical-agriculturist-1940-06-94-6	0	94	1940-06		Editorial		329
vol094_iss06_tropical-agriculturist-1940-06-94-6	0	94	1940-06	ORIGINAL ARTICLES	A Study of the Genus Capsicum, with Special Reference to the Dry Chilli—VI. By W. R. C. Paul, M.A. (Cantab.), Ph. D., M.Sc. (Lond.), D.I.C., F.L.S		332
vol094_iss06_tropical-agriculturist-1940-06-94-6	0	94	1940-06	ORIGINAL ARTICLES	Influence of Rootstock on Quality of Citrus Fruit. By A. V. Richards, M.Sc. (Calif.), B.Sc. (Lond.), Dip. Agric. (Cantab.), A.I.C.T.A. (Trinidad)		354
vol094_iss06_tropical-agriculturist-1940-06-94-6	0	94	1940-06	ORIGINAL ARTICLES	Limnocharis flava (L.) Buchenau, a Weed of Rice-fields, recently naturalized in Ceylon. By J. E. Senaratne, B.Sc. (Lond.), F.L.S		362
vol094_iss06_tropical-agriculturist-1940-06-94-6	0	94	1940-06	ORIGINAL ARTICLES	The Preparation, Sowing and Care of Cigarette Tobacco Seed Beds. By W. M. Rogers		365
vol094_iss06_tropical-agriculturist-1940-06-94-6	0	94	1940-06	DEPARTMENTAL NOTES	The Senses of Bees		369
vol094_iss06_tropical-agriculturist-1940-06-94-6	0	94	1940-06	SELECTED ARTICLES	Contour Planting and Terracing of Orchards		372
vol094_iss06_tropical-agriculturist-1940-06-94-6	0	94	1940-06	SELECTED ARTICLES	Sweet Potato		378
vol094_iss06_tropical-agriculturist-1940-06-94-6	0	94	1940-06	MEETINGS, CONFERENCES, &c	Minutes of eighth Meeting of the Central Board of Agriculture		383
vol094_iss06_tropical-agriculturist-1940-06-94-6	0	94	1940-06	RETURNS	Animal Disease Return for the month ended May, 1940		394
vol094_iss06_tropical-agriculturist-1940-06-94-6	0	94	1940-06	RETURNS	Meteorological Report for the month ended May, 1940		395
vol095_iss01_tropical-agriculturist-1940-07-95-1	0	95	1940-07		Editorial		1
vol095_iss01_tropical-agriculturist-1940-07-95-1	0	95	1940-07	ORIGINAL ARTICLES	Coconut Poonac as Manure. By M. L. M. Salgado, Ph.D. (Cantab.),B.Sc. (Lond.)		3
vol095_iss01_tropical-agriculturist-1940-07-95-1	0	95	1940-07	ORIGINAL ARTICLES	Some Studies on Tobacco Diseases in Ceylon—VI. The Effect ofPriming and of the Application of Fungicides on the Controlof Frog-eye in the Field. By Malcolm Park, A.R.C.S. (Lond.),W. R. C. Paul, M.A. (Cantab.), Ph.D., M.Sc. (Lond.), D.I.C.,A.I.C.T.A., F.L.S., and M. Fernando, Ph.D. (Lond.)		8
vol095_iss01_tropical-agriculturist-1940-07-95-1	0	95	1940-07	ORIGINAL ARTICLES	Agriculture in Kashmir. By T. W. Hockly		16
vol095_iss01_tropical-agriculturist-1940-07-95-1	0	95	1940-07	ORIGINAL ARTICLES	The Storage of Foodstuffs in The Colonial Empire		29
vol095_iss01_tropical-agriculturist-1940-07-95-1	0	95	1940-07	DEPARTMENTAL NOTES	Laying Records of Pullets hatched from Eggs imported by Air Mail		49
vol095_iss01_tropical-agriculturist-1940-07-95-1	0	95	1940-07	DEPARTMENTAL NOTES	The Utilization of Husks on Coconut Estates		51
vol095_iss01_tropical-agriculturist-1940-07-95-1	0	95	1940-07	SELECTED ARTICLE	Banana Flour		57
vol095_iss01_tropical-agriculturist-1940-07-95-1	0	95	1940-07	MEETINGS, CONFERENCES, &c	Minutes of the Fiftieth Meeting of the Board of Management of theCoconut Research Scheme		59
vol095_iss01_tropical-agriculturist-1940-07-95-1	0	95	1940-07	REVIEW	Grassland Investigations in Australia		62
vol095_iss01_tropical-agriculturist-1940-07-95-1	0	95	1940-07	RETURNS	Animal Disease Return for the month ended June, 1940		66
vol095_iss01_tropical-agriculturist-1940-07-95-1	0	95	1940-07	RETURNS	Meteorological Report for the month ended June, 1940		67
vol095_iss02_tropical-agriculturist-1940-08-95-2	0	95	1940-08		Editorial		69
vol095_iss02_tropical-agriculturist-1940-08-95-2	0	95	1940-08	ORIGINAL ARTICLES	The Incidence of Plant Disease in Ceylon in Relation to Environmental Factors. By M. Fernando, Ph.D. (Lond.)		72
vol095_iss02_tropical-agriculturist-1940-08-95-2	0	95	1940-08	ORIGINAL ARTICLES	Preparation of Land, Transplanting, and After-cultivation of Cigarette Tobacco. By W. M. Rogers		79
vol095_iss02_tropical-agriculturist-1940-08-95-2	0	95	1940-08	ORIGINAL ARTICLES	Agriculture in French North Africa. By T. W. Hockly		84
vol095_iss02_tropical-agriculturist-1940-08-95-2	0	95	1940-08	DEPARTMENTAL AND OTHER NOTES	The First All-Ceylon Bee Exhibition		90
vol095_iss02_tropical-agriculturist-1940-08-95-2	0	95	1940-08	DEPARTMENTAL AND OTHER NOTES	Paddy Cultivation—Cultivation Sheet for Maha 1939–40 Crop at the Experiment Station, Anuradhapura		95
vol095_iss02_tropical-agriculturist-1940-08-95-2	0	95	1940-08	DEPARTMENTAL AND OTHER NOTES	Coconut Shell Charcoal		99
vol095_iss02_tropical-agriculturist-1940-08-95-2	0	95	1940-08	DEPARTMENTAL AND OTHER NOTES	Notes on Bud-grafting Procedure		105
vol095_iss02_tropical-agriculturist-1940-08-95-2	0	95	1940-08	SELECTED ARTICLES	Soil Erosion and the Cultivator's Responsibility		112
vol095_iss02_tropical-agriculturist-1940-08-95-2	0	95	1940-08	SELECTED ARTICLES	Food Production in the Wet Tropics		117
vol095_iss02_tropical-agriculturist-1940-08-95-2	0	95	1940-08	MEETINGS, CONFERENCES, &c	Report of the Proceedings of the Ninth Meeting of the Central Board of Agriculture		120
vol095_iss02_tropical-agriculturist-1940-08-95-2	0	95	1940-08	RETURNS	Animal Disease Return for the Month ended July, 1940		127
vol095_iss02_tropical-agriculturist-1940-08-95-2	0	95	1940-08	RETURNS	Meteorological Report for the Month ended July, 1940		128
vol095_iss03_tropical-agriculturist-1940-09-95-3	0	95	1940-09		Editorial		129
vol095_iss03_tropical-agriculturist-1940-09-95-3	0	95	1940-09		Recent Research in Ceylon on the Frog-eye Disease of Cigarette Tobacco.By M. Park, A.R.C.S., and M. Fernando, Ph.D. (Lond.)		131
vol095_iss03_tropical-agriculturist-1940-09-95-3	0	95	1940-09		The Analysis of Ceylon Foodstuffs VIII. A. Further Investigations onthe Vitamin C Contents of Local Fruits, Fruit Products, and Vegetables.B. The Composition of Red and White-testaed Rices. ByA. W. R. Joachim, Ph.D. (Lond.), Dip. Agric. (Cantab.), F.I.C., andD. G. Pandittesekera, Dip. Agric. (Poona)		136
vol095_iss03_tropical-agriculturist-1940-09-95-3	0	95	1940-09		The Relation between Grain and Straw Weight in the Paddy Crop. ByJ. C. Haigh, Ph.D. (Lond.)		142
vol095_iss03_tropical-agriculturist-1940-09-95-3	0	95	1940-09		The Matale Vegetable Show		147
vol095_iss03_tropical-agriculturist-1940-09-95-3	0	95	1940-09		Vegetable Variety Trials at Matale, Tabbowa, and Karadiyanaru,1937-40		149
vol095_iss03_tropical-agriculturist-1940-09-95-3	0	95	1940-09		Poultry Notes		165
vol095_iss03_tropical-agriculturist-1940-09-95-3	0	95	1940-09		Roads and their Relationship to Soil Conservation		169
vol095_iss03_tropical-agriculturist-1940-09-95-3	0	95	1940-09		Factors influencing the Fertilization of Eggs		177
vol095_iss03_tropical-agriculturist-1940-09-95-3	0	95	1940-09		The Tung Oil Industry of the United States		180
vol095_iss03_tropical-agriculturist-1940-09-95-3	0	95	1940-09		Minutes of the Fifty-second Meeting of the Rubber Research Board		192
vol095_iss03_tropical-agriculturist-1940-09-95-3	0	95	1940-09		The Phosphate Content of Local Iron Slags		196
vol095_iss03_tropical-agriculturist-1940-09-95-3	0	95	1940-09		The Breeding of Herbage Plants in Scandinavia and Finland		198
vol095_iss03_tropical-agriculturist-1940-09-95-3	0	95	1940-09		Animal Disease Return for the Month ended August, 1940		200
vol095_iss03_tropical-agriculturist-1940-09-95-3	0	95	1940-09		Meteorological Report for the Month ended August, 1940		201
vol095_iss04_tropical-agriculturist-1940-10-95-4	0	95	1940-10		Editorial		203
vol095_iss04_tropical-agriculturist-1940-10-95-4	0	95	1940-10	ORIGINAL ARTICLES	The Factor which Stimulates to Develop the Rice into Flowering under Tropical Conditions. By Basil Scripchinsky		205
vol095_iss04_tropical-agriculturist-1940-10-95-4	0	95	1940-10	ORIGINAL ARTICLES	Trials with Cotton in Ceylon. By J. C. Haigh, Ph.D. (Lond.)		212
vol095_iss04_tropical-agriculturist-1940-10-95-4	0	95	1940-10	ORIGINAL ARTICLES	Hambu, Typha javanica Schnizlen. By J. E. Senaratna, B.Sc. (Lond.), F.L.S		218
vol095_iss04_tropical-agriculturist-1940-10-95-4	0	95	1940-10	DEPARTMENTAL AND OTHER NOTES	Programme of Manuring for Replanted Rubber Clearings		225
vol095_iss04_tropical-agriculturist-1940-10-95-4	0	95	1940-10	DEPARTMENTAL AND OTHER NOTES	Manuring of Young Palms		227
vol095_iss04_tropical-agriculturist-1940-10-95-4	0	95	1940-10	SELECTED ARTICLES	Physical Properties of Soils that Affect Plant Nutrition		232
vol095_iss04_tropical-agriculturist-1940-10-95-4	0	95	1940-10	SELECTED ARTICLES	The Nutritive Value of Rice		239
vol095_iss04_tropical-agriculturist-1940-10-95-4	0	95	1940-10	SELECTED ARTICLES	War-time Manuring		249
vol095_iss04_tropical-agriculturist-1940-10-95-4	0	95	1940-10	MEETINGS, CONFERENCES, &c	Minutes of the Fifty-third Meeting of the Rubber Research Scheme		255
vol095_iss04_tropical-agriculturist-1940-10-95-4	0	95	1940-10	MEETINGS, CONFERENCES, &c	Minutes of the Fifty-first Meeting of the Board of Management, Coconut Research Scheme		259
vol095_iss04_tropical-agriculturist-1940-10-95-4	0	95	1940-10	RETURNS	Animal Disease Return for the Month ended September, 1940		262
vol095_iss04_tropical-agriculturist-1940-10-95-4	0	95	1940-10	RETURNS	Meteorological Report for the Month ended September, 1940		263
vol095_iss05_tropical-agriculturist-1940-11-95-5	0	95	1940-11	ORIGINAL ARTICLES	Studies on Ceylon Soils—XIII. Some Forest and other Characteristic Soil Types of the Wet and Dry Zones. By A. W. R. Joachim, Ph.D., Dip. Agric. (Cantab.), F.I.C., and S. Kandiah, Dip. Agric. (Poona)		268
vol095_iss05_tropical-agriculturist-1940-11-95-5	0	95	1940-11	ORIGINAL ARTICLES	Water-logging of Irrigated Lands and Remedial Measures. By R. Kahawita		278
vol095_iss05_tropical-agriculturist-1940-11-95-5	0	95	1940-11	DEPARTMENTAL AND OTHER NOTES	Notes on Rubber Seedling Nurseries		288
vol095_iss05_tropical-agriculturist-1940-11-95-5	0	95	1940-11	DEPARTMENTAL AND OTHER NOTES	The Eradication of Wel-marukku from Paddy fields		294
vol095_iss05_tropical-agriculturist-1940-11-95-5	0	95	1940-11	SELECTED ARTICLES	A Study on Coconut Seed Selection for Germination		295
vol095_iss05_tropical-agriculturist-1940-11-95-5	0	95	1940-11	SELECTED ARTICLES	The Banana in Relation to Human Nutrition		307
vol095_iss05_tropical-agriculturist-1940-11-95-5	0	95	1940-11	SELECTED ARTICLES	Potato Crops on Small Areas		313
vol095_iss05_tropical-agriculturist-1940-11-95-5	0	95	1940-11	SELECTED ARTICLES	Scour in Calves		318
vol095_iss05_tropical-agriculturist-1940-11-95-5	0	95	1940-11	RETURNS	Animal Disease Return for the Month ended October, 1940		321
vol095_iss05_tropical-agriculturist-1940-11-95-5	0	95	1940-11	RETURNS	Meteorological Report for the Month ended October, 1940		322
vol095_iss06_tropical-agriculturist-1940-12-95-6	0	95	1940-12		Editorial		323
vol095_iss06_tropical-agriculturist-1940-12-95-6	0	95	1940-12	ORIGINAL ARTICLES	Periodicity of Nitrification—Pt. I. By Alexander Bruce, B.Sc., F.I.C., F.R.S.E		325
vol095_iss06_tropical-agriculturist-1940-12-95-6	0	95	1940-12	ORIGINAL ARTICLES	Studies on Ceylon Soils. XIV. A Comparison of Soils from Termite Mounds and Adjacent Land. By A. W. R. Joachim, Ph.D., B.Sc. (Lond.), F.I.C., Dip. Agric. (Cantab.), and S. Kandiah, Dip. Agric. (Poona)		333
vol095_iss06_tropical-agriculturist-1940-12-95-6	0	95	1940-12	ORIGINAL ARTICLES	The Analysis of Ceylon Foodstuffs. IX. A. The Composition of some Ceylon Honeys; B. The Nutritive Value of some Palmyra Products. By A. W. R. Joachim Ph.D., BSc. (Lond.), F.I.C., Dip. Agric. (Cantab.), and S. Kandiah, Dip. Agric. (Poona)		339
vol095_iss06_tropical-agriculturist-1940-12-95-6	0	95	1940-12	DEPARTMENTAL NOTES	Objectives in Vegetable Breeding—Answers to a Questionnaire issued by the Botanist		344
vol095_iss06_tropical-agriculturist-1940-12-95-6	0	95	1940-12	DEPARTMENTAL NOTES	Work in Progress in the Horticultural Division of the Department of Agriculture		350
vol095_iss06_tropical-agriculturist-1940-12-95-6	0	95	1940-12	DEPARTMENTAL NOTES	Personnel of the Reconstituted Central Board of Agriculture (1940–43)		356
vol095_iss06_tropical-agriculturist-1940-12-95-6	0	95	1940-12	SELECTED ARTICLES	Plant Breeding and the Production of Better Seed		358
vol095_iss06_tropical-agriculturist-1940-12-95-6	0	95	1940-12	SELECTED ARTICLES	Lime for the Land		366
vol095_iss06_tropical-agriculturist-1940-12-95-6	0	95	1940-12	MEETINGS, CONFERENCES, &c	Minutes of the Fifty-second Meeting of the Board of Management, Coconut Research Scheme		371
vol095_iss06_tropical-agriculturist-1940-12-95-6	0	95	1940-12	MEETINGS, CONFERENCES, &c	Minutes of the Fifty-fourth Meeting of the Rubber Research Board		374
vol095_iss06_tropical-agriculturist-1940-12-95-6	0	95	1940-12	REVIEW	A Manual of Tropical Citrus Culture		377
vol095_iss06_tropical-agriculturist-1940-12-95-6	0	95	1940-12	RETURNS	Animal Disease Return for the Month ended November, 1940		379
vol095_iss06_tropical-agriculturist-1940-12-95-6	0	95	1940-12	RETURNS	Meteorological Report for the Month ended November, 1940		380
vol096_dli-ernet-229230	7	96	1941-01		Editorial		1
vol096_dli-ernet-229230	7	96	1941-01	ORIGINAL ARTICLES	A Study of the Control of the Coconut Caterpillar (Nephantis serinopa Meyr.) in Ceylon with special Reference to its Eulophid Parasite, Trichospilus pupivora Ferr. By T. J. Jayaratnam		3
vol096_dli-ernet-229230	7	96	1941-01	ORIGINAL ARTICLES	Some Diseases of Garden Plants. By C. A. Loos		22
vol096_dli-ernet-229230	7	96	1941-01	ORIGINAL ARTICLES	Periodicity of Nitrification. Part II., Rubber Area. By A. Bruce, B.Sc., F.I.C		28
vol096_dli-ernet-229230	7	96	1941-01	ORIGINAL ARTICLES	The Species of Echinochloa in Ceylon and their Occurrence and Distribution as Weeds of Paddy Land. By W. R. C. Paul, M.A. (Cantab.), Ph.D., M.Sc. (Lond.), F.L.S., and J. E. Senaratna, B.Sc. (Lond.), F.L.S		35
vol096_dli-ernet-229230	7	96	1941-01	SELECTED ARTICLES	Lime is a Corner Stone of Increased Production		42
vol096_dli-ernet-229230	7	96	1941-01	SELECTED ARTICLES	Seed Inoculation of Legumes		50
vol096_dli-ernet-229230	7	96	1941-01	MEETINGS, CONFERENCES, &c	Report of the Proceedings of the First Meeting of the Re-constituted Central Board of Agriculture held on December 9, 1940		52
vol096_dli-ernet-229230	7	96	1941-01	MEETINGS, CONFERENCES, &c	Minutes of the Fifty-third Meeting of the Coconut Research Scheme		60
vol096_dli-ernet-229230	7	96	1941-01	RETURNS	Animal Disease Return for the Month ended December, 1940		62
vol096_dli-ernet-229230	7	96	1941-01	RETURNS	Meteorological Report for the Month ended December, 1940		63
vol096_dli-ernet-229230	9	96	1941-02		Editorial		65
vol096_dli-ernet-229230	9	96	1941-02	ORIGINAL ARTICLES	Studies on Ceylon Soils. XV. The Composition of some Local Laterites (Cabooks), Soil Concretions and Clays. By A. W. R. Joachim, Ph.D., B.Sc. (Lond.), Dip. Agric. (Cantab.), and S. Kandiah, Dip. Agric. (Poona)		67
vol096_dli-ernet-229230	9	96	1941-02	ORIGINAL ARTICLES	Periodicity of Nitrification. Part III. Coconut Area. By A. Bruce, B.Sc., F.I.C		76
vol096_dli-ernet-229230	9	96	1941-02	ORIGINAL ARTICLES	An Investigation of Methods of separating Echinochloa Seeds from Seed Paddy. By W. R. C. Paul, M.A. (Cantab.), Ph.D., M.Sc. (Lond.), F.L.S., and M. Fernando, Ph.D., B.Sc. (Lond.)		82
vol096_dli-ernet-229230	9	96	1941-02	DEPARTMENTAL NOTES	Laying Records of Pullets hatched from Eggs imported by Air Mail		88
vol096_dli-ernet-229230	9	96	1941-02	DEPARTMENTAL NOTES	Control Methods for Paddy Pests		89
vol096_dli-ernet-229230	9	96	1941-02	SELECTED ARTICLES	Pisé de Terre : A Cheap Method of enclosing Land or Fields		90
vol096_dli-ernet-229230	9	96	1941-02	SELECTED ARTICLES	Citrus Growing in Western Australia		98
vol096_dli-ernet-229230	9	96	1941-02	SELECTED ARTICLES	The Hybridization of Tropical Garden Plants		107
vol096_dli-ernet-229230	9	96	1941-02	SELECTED ARTICLES	Compost : Its Preparation and Uses		115
vol096_dli-ernet-229230	9	96	1941-02	MEETINGS, CONFERENCES, &c	Minutes of the Fifty-fifth Meeting of the Rubber Research Board		122
vol096_dli-ernet-229230	9	96	1941-02	RETURNS &c	Animal Disease Return for the Month ended January, 1941		125
vol096_dli-ernet-229230	9	96	1941-02	RETURNS &c	Meteorological Report for the Month ended January, 1941		126
vol096_dli-ernet-229230	11	96	1941-03		Editorial		127
vol096_dli-ernet-229230	11	96	1941-03	ORIGINAL ARTICLES	A Study of the Factors influencing the grading of Grape, Papaya, and Grapefruit. By S. S. Bhat, M.Ag., and S. R. Dhareshwar, B.Ag		129
vol096_dli-ernet-229230	11	96	1941-03	ORIGINAL ARTICLES	A Leaf Spot Disease of Annual Phlox. By T. E. T. Bond, Ph.D. (Lond.)		142
vol096_dli-ernet-229230	11	96	1941-03	ORIGINAL ARTICLES	Recently introduced Food Crops at the Experiment Station, Peradeniya. 1—Sorghum. By C. N. E. J. de Mel, B.Sc. (Lond.), Dip. Agric. (Wye), and P. M. Gaywala, M.Ag. (Bombay)		147
vol096_dli-ernet-229230	11	96	1941-03	ORIGINAL ARTICLES	Variety and Cultural Experiments with Cowpeas. By M. Fernando, Ph.D. (Lond.), D.I.C., and W. N. Fernando		153
vol096_dli-ernet-229230	11	96	1941-03	DEPARTMENTAL NOTES	The Vegetative Reproduction of Kapok		164
vol096_dli-ernet-229230	11	96	1941-03	SELECTED ARTICLES	Citrus growing in Western Australia (continued)		165
vol096_dli-ernet-229230	11	96	1941-03	SELECTED ARTICLES	Zinc Content of some Tropical Foods		174
vol096_dli-ernet-229230	11	96	1941-03	MEETINGS, CONFERENCES, &c	Minutes of the Fifty-fourth Meeting of the Board of Management of the Coconut Research Scheme		177
vol096_dli-ernet-229230	11	96	1941-03	REVIEW	The Diseases of the Coconut Palm		181
vol096_dli-ernet-229230	11	96	1941-03	RETURNS, &c	Animal Disease Return for the Month ended February, 1941		182
vol096_dli-ernet-229230	11	96	1941-03	RETURNS, &c	Meteorological Report for the Month ended February, 1941		183
vol096_dli-ernet-229230	13	96	1941-04		Editorial		185
vol096_dli-ernet-229230	13	96	1941-04	ORIGINAL ARTICLES	The Preparation of Areca-nut for the Market in Mysore with Brief Notes on its Cultivation. By Andrew W. Kannangara		187
vol096_dli-ernet-229230	13	96	1941-04	ORIGINAL ARTICLES	Harvesting, Curing and Grading of Cigarette Tobacco. By A. B. Attygalle		201
vol096_dli-ernet-229230	13	96	1941-04	ORIGINAL ARTICLES	Recently Introduced Food Crops at the Experiment Station, Peradeniya. II—Pennisetum Millet. By C. N. E. J. de Mel, B.Sc. (Hons.), B.Sc. Agric. (Lond.), Dip. Agric. (Wye), and P. M. Gaywala, M.Ag. (Bombay)		212
vol096_dli-ernet-229230	13	96	1941-04	ORIGINAL ARTICLES	The Paddy Pentatomid Bug—Scotinophara (Podops) Lurida Burm. By Edwin de Alwis		217
vol096_dli-ernet-229230	13	96	1941-04	ORIGINAL ARTICLES	The Relative Resistance of some Cowpea Varieties to Agromyza phaseoli Coq. By M. Fernando, Ph.D. (Lond.), D.I.C		221
vol096_dli-ernet-229230	13	96	1941-04	SELECTED ARTICLES	How does Compost Work ?		225
vol096_dli-ernet-229230	13	96	1941-04	SELECTED ARTICLES	Effect of the Soil Mulch		231
vol096_dli-ernet-229230	13	96	1941-04	MEETINGS, CONFERENCES, &c	Report of the Proceedings of the Second Meeting of the Central Board of Agriculture held on February 10, 1941		236
vol096_dli-ernet-229230	13	96	1941-04	RETURNS, &c	Animal Disease Return for the Month ended March, 1941		251
vol096_dli-ernet-229230	13	96	1941-04	RETURNS, &c	Meteorological Report for the Month ended March, 1941		252
vol096_dli-ernet-229230	15	96	1941-05		Editorial		253
vol096_dli-ernet-229230	15	96	1941-05	ORIGINAL ARTICLES	A Virus Disease of Ageratum conyzoides and Tobacco. By C. H. Gadd and C. A. Loos		255
vol096_dli-ernet-229230	15	96	1941-05	ORIGINAL ARTICLES	Cultural Experiments with Turmeric (Cucurma domestica Val.). By W. R. C. Paul, M.A. (Cantab.), Ph.D., M.Sc. (Lond.), D.I.C., F.L.S., and M. Fernando, Ph.D., B.Sc. (Lond.), D.I.C		265
vol096_dli-ernet-229230	15	96	1941-05	ORIGINAL ARTICLES	Recently introduced Food Crops at the Experiment Station, Peradeniya. III.—Cowpea : Bombay Variety. By C. N. E. J. de Mel, B.Sc. (Hons.), B.Sc. Agric. (Lond.), Dip. Agric. (Wye), and P. M. Gaywala, M.Ag. (Bombay)		269
vol096_dli-ernet-229230	15	96	1941-05	ORIGINAL ARTICLES	Weeding in the Up-country Timber and Fuel-Plantations. By C. H. Holmes, B.A. (Cantab.), B.Sc. (Lond.), Dip. of Forestry, Oxford and Cambridge		274
vol096_dli-ernet-229230	15	96	1941-05	DEPARTMENTAL AND OTHER NOTES	Marmalade Making from Ceylon Citrus Fruits		295
vol096_dli-ernet-229230	15	96	1941-05	DEPARTMENTAL AND OTHER NOTES	Sugar-cane in Ceylon : A Historical Survey		299
vol096_dli-ernet-229230	15	96	1941-05	SELECTED ARTICLES	Cinchona in Guatemala		307
vol096_dli-ernet-229230	15	96	1941-05	SELECTED ARTICLES	Cultivation of Castor Seed in Brazil		315
vol096_dli-ernet-229230	15	96	1941-05	MEETINGS, CONFERENCES, &c	Minutes of the Fifty-sixth Meeting of the Rubber Research Board		318
vol096_dli-ernet-229230	15	96	1941-05	RETURNS, &c	Animal Disease Return for the Month ended April, 1941		322
vol096_dli-ernet-229230	15	96	1941-05	RETURNS, &c	Meteorological Report for the Month ended April, 1941		323
vol096_dli-ernet-229230	17	96	1941-06		Editorial		325
vol096_dli-ernet-229230	17	96	1941-06	ORIGINAL ARTICLES	Coconut Cultivation in the Island of Trinidad, British West Indies.By W. V. D. Pieris, M.A., Dip. Agric. (Cantab.), B.Sc. (Lond.)		328
vol096_dli-ernet-229230	17	96	1941-06	ORIGINAL ARTICLES	The relative Resistance of some Strains of Bitter-gourd to theCucurbit Fruit-fly. By M. Fernando, Ph.D., D.I.C. (Lond.) andS. B. Udurawana		347
vol096_dli-ernet-229230	17	96	1941-06	ORIGINAL ARTICLES	A note on some Preliminary Cold Storage Investigations relating toCeylon Fruits. By A. W. R. Joachim, Ph.D. (Lond.), Dip. Agric.(Cantab.), F.I.C., and T. H. Parsons, F.L.S., F.R.H.S		353
vol096_dli-ernet-229230	17	96	1941-06	ORIGINAL ARTICLES	Poisoning of Cattle	Artificial Manures. By M. Crawford, M.R.C.V.S	359
vol096_dli-ernet-229230	17	96	1941-06	SELECTED ARTICLES	The Selection and Propagation of Limes		362
vol096_dli-ernet-229230	17	96	1941-06	SELECTED ARTICLES	The Failure of Pure and High-Grade European Cattle in Hot Climates		368
vol096_dli-ernet-229230	17	96	1941-06	MEETINGS, CONFERENCES, &c	Minutes of the Board of the Tea Research Institute held on April 4, 1941		375
vol096_dli-ernet-229230	17	96	1941-06	CORRESPONDENCE	A Leaf Spot Disease of Annual Phlox		380
vol096_dli-ernet-229230	17	96	1941-06	CORRESPONDENCE	Premature Fall of Coconuts		381
vol096_dli-ernet-229230	17	96	1941-06	RETURNS, &c	Animal Disease Return for the Month ended May, 1941		382
vol096_dli-ernet-229230	17	96	1941-06	RETURNS, &c	Meteorological Report for the Month ended May, 1941		383
vol096_dli-ernet-229230	487	97	1941-07		Editorial		1
vol096_dli-ernet-229230	487	97	1941-07	ORIGINAL ARTICLES	The Effect of Manuring Coconut Palms on the Oil and Protein Contents of the Copra. By Reginald Child, B.Sc., Ph.D. (Lond.), F.I.C., and M. L. M. Salgado, B.Sc. (Lond.), Ph.D. (Cantab.), Dip. Agric. (Cantab.)		4
vol096_dli-ernet-229230	487	97	1941-07	ORIGINAL ARTICLES	Cultural Experiments with Turmeric (Cucurma domestica Val.). By W. R. C. Paul, M.A. (Cantab.), Ph.D., M.Sc. (Lond.), D.I.C., and M. Fernando, Ph.D., B.Sc. (Lond.), D.I.C		10
vol096_dli-ernet-229230	487	97	1941-07	ORIGINAL ARTICLES	Some Results of Harrowing a Growing Rice Crop. By G. V. Wickramasekera, A.I.C.T.A. (Trinidad), Dip. Agric. (Poona)		14
vol096_dli-ernet-229230	487	97	1941-07	ORIGINAL ARTICLES	A Virus Disease of Emilia scabra. By C. A. Loos		18
vol096_dli-ernet-229230	487	97	1941-07	DEPARTMENTAL NOTES	Report on the Work in Progress in the Chemical Division of the Department of Agriculture		22
vol096_dli-ernet-229230	487	97	1941-07	DEPARTMENTAL NOTES	Rotational Farming Scheme, Kurundankulam, North-Central Province		28
vol096_dli-ernet-229230	487	97	1941-07	DEPARTMENTAL NOTES	Balsa Wood		35
vol096_dli-ernet-229230	487	97	1941-07	SELECTED ARTICLES	Industrial Uses of Cashew and its Products		37
vol096_dli-ernet-229230	487	97	1941-07	SELECTED ARTICLES	Mixed or Multiple Cropping in Native Agricultural Practice		40
vol096_dli-ernet-229230	487	97	1941-07	SELECTED ARTICLES	Lime and Liming		46
vol096_dli-ernet-229230	487	97	1941-07	MEETINGS, CONFERENCES, &c	Report of the Proceedings of the Third Meeting of the Central Board of Agriculture held on June 2, 1941		50
vol096_dli-ernet-229230	487	97	1941-07	RETURNS, &c	Animal Disease Return for the Month ended June, 1941		56
vol096_dli-ernet-229230	487	97	1941-07	RETURNS, &c	Meteorological Report for the Month ended June, 1941		57
vol096_dli-ernet-229230	489	97	1941-08		Editorial		59
vol096_dli-ernet-229230	489	97	1941-08	ORIGINAL ARTICLES	Leaf Spot Disease of Lettuce and Antirrhinum. By T. E. T. Bond, Ph.D. (Cantab.)		62
vol096_dli-ernet-229230	489	97	1941-08	ORIGINAL ARTICLES	The Potash Content of Coconut Husks and Husk Ash. By M. L. M. Salgado, Ph.D., Dip. Agric. (Cantab.), B.Sc. (Lond.), and E. Chinnarasa, B.Sc. (Lond.)		68
vol096_dli-ernet-229230	489	97	1941-08	ORIGINAL ARTICLES	The Nitrogen Content of Ceylon Rain. By D. E. V. Koch, Ph.D., B.Sc., D.I.C. (Lond.), F.I.C., F.R.H.S		74
vol096_dli-ernet-229230	489	97	1941-08	ORIGINAL ARTICLES	"The Seed Fat of Garcinia Echinocarpa Thwaites(1)—""Madol Oil"". By Reginald Child, B.Sc., Ph.D. (Lond.), F.I.C., and Wilfred R. N. Nathanael, B.Sc. (Lond.)"		78
vol096_dli-ernet-229230	489	97	1941-08	DEPARTMENTAL NOTES	Jams and Jellies from Ceylon Fruits		82
vol096_dli-ernet-229230	489	97	1941-08	DEPARTMENTAL NOTES	Tung Oil : Trials in Ceylon		87
vol096_dli-ernet-229230	489	97	1941-08	SELECTED ARTICLES	A Method of Compost-making used in Nyasaland		95
vol096_dli-ernet-229230	489	97	1941-08	SELECTED ARTICLES	The Manufacture of Dried Banana Products		99
vol096_dli-ernet-229230	489	97	1941-08	MEETINGS, CONFERENCES, &c	Minutes of the Board of the Tea Research Institute		103
vol096_dli-ernet-229230	489	97	1941-08	MEETINGS, CONFERENCES, &c	Minutes of the Rubber Research Board		107
vol096_dli-ernet-229230	489	97	1941-08	CORRESPONDENCE	Statistical Analysis of Experiments		110
vol096_dli-ernet-229230	489	97	1941-08	RETURNS	Animal Disease Return for the Month ended July, 1941		111
vol096_dli-ernet-229230	489	97	1941-08	RETURNS	Meteorological Report for the month ended July, 1941		112
vol096_dli-ernet-229230	491	97	1941-09		Editorial		113
vol096_dli-ernet-229230	491	97	1941-09	ORIGINAL ARTICLES	The Bethylid Parasite (Perisierola nephantidis M.) of the Coconut Caterpillar (Nephantis serinopa Meyr.). By T. J. Jayaratnam		115
vol096_dli-ernet-229230	491	97	1941-09	ORIGINAL ARTICLES	Common Mistakes in Flue-curing of Tobacco. By A. B. Attygalle		126
vol096_dli-ernet-229230	491	97	1941-09	DEPARTMENTAL NOTES	Notes on Fruit Culture—I. Cultivation of Lemons		129
vol096_dli-ernet-229230	491	97	1941-09	DEPARTMENTAL NOTES	A Cheap and Efficient Honey Extractor		132
vol096_dli-ernet-229230	491	97	1941-09	DEPARTMENTAL NOTES	History of the Department of Agriculture, Ceylon		135
vol096_dli-ernet-229230	491	97	1941-09	SELECTED ARTICLES	The Banana		138
vol096_dli-ernet-229230	491	97	1941-09	SELECTED ARTICLES	A Simple Method of Budding Tung Trees		143
vol096_dli-ernet-229230	491	97	1941-09	SELECTED ARTICLES	Produce Clean Grapefruit and Oranges		147
vol096_dli-ernet-229230	491	97	1941-09	SELECTED ARTICLES	The Artificial Incubation, Brooding and Rearing of Chickens		151
vol096_dli-ernet-229230	491	97	1941-09	SELECTED ARTICLES	Common Diseases of Young Calves and their Control in India		164
vol096_dli-ernet-229230	491	97	1941-09	RETURNS, &c	Animal Disease Return for the Month ended August, 1941		181
vol096_dli-ernet-229230	491	97	1941-09	RETURNS, &c	Meteorological Report for the Month ended August, 1941		182
vol096_dli-ernet-229230	493	97	1941-10		Editorial		183
vol096_dli-ernet-229230	493	97	1941-10	ORIGINAL ARTICLES	The Analysis of Ceylon Foodstuffs. By A. A. Hoover, Ph.D., B.Sc.(Lond.)		185
vol096_dli-ernet-229230	493	97	1941-10	ORIGINAL ARTICLES	The Storage of Rice in Steel Drums. By H. W. Roy Bertrand		188
vol096_dli-ernet-229230	493	97	1941-10	DEPARTMENTAL AND OTHER NOTES	Cotton Cultivation in Ceylon		190
vol096_dli-ernet-229230	493	97	1941-10	DEPARTMENTAL AND OTHER NOTES	The Alkali Soil Problem and Reclamation Methods in India and Ceylon		202
vol096_dli-ernet-229230	493	97	1941-10	DEPARTMENTAL AND OTHER NOTES	History of the Department of Agriculture, Ceylon		215
vol096_dli-ernet-229230	493	97	1941-10	DEPARTMENTAL AND OTHER NOTES	Fodder		229
vol096_dli-ernet-229230	493	97	1941-10	DEPARTMENTAL AND OTHER NOTES	Coconut Research Scheme—Programme of Experiments for 1942		232
vol096_dli-ernet-229230	493	97	1941-10	SELECTED ARTICLES	Lime for Agricultural Purposes		236
vol096_dli-ernet-229230	493	97	1941-10	SELECTED ARTICLES	Calf Rearing		241
vol096_dli-ernet-229230	493	97	1941-10	SELECTED ARTICLES	Humus and Soil Erosion		249
vol096_dli-ernet-229230	493	97	1941-10	CORRESPONDENCE	The Premature Fall of Coconuts		250
vol096_dli-ernet-229230	493	97	1941-10	RETURNS, &c	Animal Disease Return for the Month ended September, 1941		252
vol096_dli-ernet-229230	493	97	1941-10	RETURNS, &c	Meteorological Report for the Month ended September, 1941		253
vol096_dli-ernet-229230	495	98	1941-11		Editorial		255
vol096_dli-ernet-229230	495	98	1941-11	ORIGINAL ARTICLES	Experiments on Associated Growth of Leguminous and Non-Leguminous Crops.—1. By W. R. C. Paul, M.A. (Cantab.), Ph.D. (Lond.), D.I.C., and A. W. R. Joachim, Ph.D. (Lond.), Dip. Agric. (Cantab.)		257
vol096_dli-ernet-229230	495	98	1941-11	ORIGINAL ARTICLES	Experiments on the Manuring of Cigarette Tobacco in Ceylon. By W. M. Rogers and A. W. R. Joachim, Ph.D. (Lond.) Dip. Agric. (Cantab.)		264
vol096_dli-ernet-229230	495	98	1941-11	ORIGINAL ARTICLES	Pseudo Fowl Plague. By M. Crawford, M.R.C.V.S		272
vol096_dli-ernet-229230	495	98	1941-11	DEPARTMENTAL NOTES	History of the Department of Agriculture, Ceylon		275
vol096_dli-ernet-229230	495	98	1941-11	SELECTED ARTICLES	Composting. The Safe Conversion of Village Refuse and Nightsoil into a Valuable Manure		294
vol096_dli-ernet-229230	495	98	1941-11	SELECTED ARTICLES	The Soybean—Glycine max		302
vol096_dli-ernet-229230	495	98	1941-11	MEETINGS, CONFERENCES, &c	Minutes of the 58th Meeting of the Rubber Research Board		307
vol096_dli-ernet-229230	495	98	1941-11	MEETINGS, CONFERENCES, &c	Minutes of the Board of the Tea Research Institute		310
vol096_dli-ernet-229230	495	98	1941-11	REVIEW	The Control of Weeds		314
vol096_dli-ernet-229230	495	98	1941-11	RETURNS	Animal Disease Returns for the Month ended October, 1941		317
vol096_dli-ernet-229230	495	98	1941-11	RETURNS	Meteorological Report for the Month ended October, 1941		318
vol096_dli-ernet-229230	497	98	1941-12		Editorial		319
vol096_dli-ernet-229230	497	98	1941-12	ORIGINAL ARTICLES	The Cultivation of Gingelly in Ceylon. By W. R. C. Paul, M.Sc., Ph.D. (Lond.) and P. M. Gaywala, M.Ag. (Bombay)		321
vol096_dli-ernet-229230	497	98	1941-12	ORIGINAL ARTICLES	Prevention of Damage to Young Rubber by Snails and Slugs. By H. W. R. Bertrand		327
vol096_dli-ernet-229230	497	98	1941-12	DEPARTMENTAL AND OTHER NOTES	Increasing the Crops from Ceylon Rubber Estates		328
vol096_dli-ernet-229230	497	98	1941-12	DEPARTMENTAL AND OTHER NOTES	Sugar Cane Soils, Manuring and Irrigation in Certain Provinces of India		335
vol096_dli-ernet-229230	497	98	1941-12	SELECTED ARTICLES	Coconut Oil		351
vol096_dli-ernet-229230	497	98	1941-12	SELECTED ARTICLES	Manuring of Mango Trees : the Present Position		352
vol096_dli-ernet-229230	497	98	1941-12	MEETINGS, CONFERENCES, &c	Report of the Proceedings of the Fourth Meeting of the Central Board of Agriculture held on November 3, 1941		357
vol096_dli-ernet-229230	497	98	1941-12	MEETINGS, CONFERENCES, &c	Minutes of the 57th Meeting of the Board of Management, Coconut Research Scheme		364
vol096_dli-ernet-229230	497	98	1941-12	MEETINGS, CONFERENCES, &c	Minutes of the 59th Meeting of the Rubber Research Board		366
vol096_dli-ernet-229230	497	98	1941-12	RETURNS, &c	Animal Disease Return for the Month ended November, 1941		369
vol096_dli-ernet-229230	497	98	1941-12	RETURNS, &c	Meteorological Report for the Month ended November, 1941		370
vol097_iss01_tropical-agriculturist-1941-07-97-1	0	97	1941-07		Editorial		1
vol097_iss01_tropical-agriculturist-1941-07-97-1	0	97	1941-07	ORIGINAL ARTICLES	The Effect of Manuring Coconut Palms on the Oil and Protein Contents of the Copra. By Reginald Child, B.Sc., Ph.D. (Lond.), F.I.C., and M. L. M. Salgado, B.Sc. (Lond.), Ph.D. (Cantab.), Dip. Agric. (Cantab.)		4
vol097_iss01_tropical-agriculturist-1941-07-97-1	0	97	1941-07	ORIGINAL ARTICLES	Cultural Experiments with Turmeric (Cucurma domestica Val.). By W. R. C. Paul, M.A. (Cantab.), Ph.D., M.Sc. (Lond.), D.I.C., and M. Fernando, Ph.D., B.Sc. (Lond.), D.I.C		10
vol097_iss01_tropical-agriculturist-1941-07-97-1	0	97	1941-07	ORIGINAL ARTICLES	Some Results of Harrowing a Growing Rice Crop. By G. V. Wickramasekera, A.I.C.T.A. (Trinidad), Dip. Agric. (Poona)		14
vol097_iss01_tropical-agriculturist-1941-07-97-1	0	97	1941-07	ORIGINAL ARTICLES	A Virus Disease of Emilia scabra. By C. A. Loos		18
vol097_iss01_tropical-agriculturist-1941-07-97-1	0	97	1941-07	DEPARTMENTAL NOTES	Report on the Work in Progress in the Chemical Division of the Department of Agriculture		22
vol097_iss01_tropical-agriculturist-1941-07-97-1	0	97	1941-07	DEPARTMENTAL NOTES	Rotational Farming Scheme, Kurundankulam, North-Central Province		28
vol097_iss01_tropical-agriculturist-1941-07-97-1	0	97	1941-07	DEPARTMENTAL NOTES	Balsa Wood		35
vol097_iss01_tropical-agriculturist-1941-07-97-1	0	97	1941-07	SELECTED ARTICLES	Industrial Uses of Cashew and its Products		37
vol097_iss01_tropical-agriculturist-1941-07-97-1	0	97	1941-07	SELECTED ARTICLES	Mixed or Multiple Cropping in Native Agricultural Practice		40
vol097_iss01_tropical-agriculturist-1941-07-97-1	0	97	1941-07	SELECTED ARTICLES	Lime and Liming		46
vol097_iss01_tropical-agriculturist-1941-07-97-1	0	97	1941-07	MEETINGS, CONFERENCES, &c	Report of the Proceedings of the Third Meeting of the Central Board of Agriculture held on June 2, 1941		50
vol097_iss01_tropical-agriculturist-1941-07-97-1	0	97	1941-07	RETURNS, &c	Animal Disease Return for the Month ended June, 1941		56
vol097_iss01_tropical-agriculturist-1941-07-97-1	0	97	1941-07	RETURNS, &c	Meteorological Report for the Month ended June, 1941		57
vol097_iss02_tropical-agriculturist-1941-08-97-2	0	97	1941-08		Editorial		59
vol097_iss02_tropical-agriculturist-1941-08-97-2	0	97	1941-08	ORIGINAL ARTICLES	Leaf Spot Disease of Lettuce and Antirrhinum. By T. E. T. Bond, Ph.D. (Cantab.)		62
vol097_iss02_tropical-agriculturist-1941-08-97-2	0	97	1941-08	ORIGINAL ARTICLES	The Potash Content of Coconut Husks and Husk Ash. By M. L. M. Salgado, Ph.D., Dip. Agric. (Cantab.), B.Sc. (Lond.), and E. Chinnarasa, B.Sc. (Lond.)		68
vol097_iss02_tropical-agriculturist-1941-08-97-2	0	97	1941-08	ORIGINAL ARTICLES	The Nitrogen Content of Ceylon Rain. By D. E. V. Koch, Ph.D., B.Sc., D.I.C. (Lond.), F.I.C., F.R.H.S		74
vol097_iss02_tropical-agriculturist-1941-08-97-2	0	97	1941-08	ORIGINAL ARTICLES	"The Seed Fat of Garcinia Echinocarpa Thwaites(1)—""Madol Oil"". By Reginald Child, B.Sc., Ph.D. (Lond.), F.I.C., and Wilfred R. N. Nathanael, B.Sc. (Lond.)"		78
vol097_iss02_tropical-agriculturist-1941-08-97-2	0	97	1941-08	DEPARTMENTAL NOTES	Jams and Jellies from Ceylon Fruits		82
vol097_iss02_tropical-agriculturist-1941-08-97-2	0	97	1941-08	DEPARTMENTAL NOTES	Tung Oil: Trials in Ceylon		87
vol097_iss02_tropical-agriculturist-1941-08-97-2	0	97	1941-08	SELECTED ARTICLES	A Method of Compost-making used in Nyasaland		95
vol097_iss02_tropical-agriculturist-1941-08-97-2	0	97	1941-08	SELECTED ARTICLES	The Manufacture of Dried Banana Products		99
vol097_iss02_tropical-agriculturist-1941-08-97-2	0	97	1941-08	MEETINGS, CONFERENCES, &c	Minutes of the Board of the Tea Research Institute		103
vol097_iss02_tropical-agriculturist-1941-08-97-2	0	97	1941-08	MEETINGS, CONFERENCES, &c	Minutes of the Rubber Research Board		107
vol097_iss02_tropical-agriculturist-1941-08-97-2	0	97	1941-08	CORRESPONDENCE	Statistical Analysis of Experiments		110
vol097_iss02_tropical-agriculturist-1941-08-97-2	0	97	1941-08	RETURNS	Animal Disease Return for the Month ended July, 1941		111
vol097_iss02_tropical-agriculturist-1941-08-97-2	0	97	1941-08	RETURNS	Meteorological Report for the month ended July, 1941		112
vol097_iss03_tropical-agriculturist-1941-09-97-3	0	97	1941-09		Editorial		113
vol097_iss03_tropical-agriculturist-1941-09-97-3	0	97	1941-09	ORIGINAL ARTICLES	The Bethylid Parasite (Perisierola nephantidis M.) of the Coconut Caterpillar (Nephantis serinopa Meyr.). By T. J. Jayaratnam		115
vol097_iss03_tropical-agriculturist-1941-09-97-3	0	97	1941-09	ORIGINAL ARTICLES	Common Mistakes in Flue-curing of Tobacco. By A. B. Attygalle		126
vol097_iss03_tropical-agriculturist-1941-09-97-3	0	97	1941-09	DEPARTMENTAL NOTES	Notes on Fruit Culture—I. Cultivation of Lemons		129
vol097_iss03_tropical-agriculturist-1941-09-97-3	0	97	1941-09	DEPARTMENTAL NOTES	A Cheap and Efficient Honey Extractor		132
vol097_iss03_tropical-agriculturist-1941-09-97-3	0	97	1941-09	DEPARTMENTAL NOTES	History of the Department of Agriculture, Ceylon		135
vol097_iss03_tropical-agriculturist-1941-09-97-3	0	97	1941-09	SELECTED ARTICLES	The Banana		138
vol097_iss03_tropical-agriculturist-1941-09-97-3	0	97	1941-09	SELECTED ARTICLES	A Simple Method of Budding Tung Trees		143
vol097_iss03_tropical-agriculturist-1941-09-97-3	0	97	1941-09	SELECTED ARTICLES	Produce Clean Grapefruit and Oranges		147
vol097_iss03_tropical-agriculturist-1941-09-97-3	0	97	1941-09	SELECTED ARTICLES	The Artificial Incubation, Brooding and Rearing of Chickens		151
vol097_iss03_tropical-agriculturist-1941-09-97-3	0	97	1941-09	SELECTED ARTICLES	Common Diseases of Young Calves and their Control in India		164
vol097_iss03_tropical-agriculturist-1941-09-97-3	0	97	1941-09	RETURNS, &c	Animal Disease Return for the Month ended August, 1941		181
vol097_iss03_tropical-agriculturist-1941-09-97-3	0	97	1941-09	RETURNS, &c	Meteorological Report for the Month ended August, 1941		182
vol097_iss04_tropical-agriculturist-1941-10-97-4	2	97	1941-10		Editorial		183
vol097_iss04_tropical-agriculturist-1941-10-97-4	2	97	1941-10	ORIGINAL ARTICLES	The Analysis of Ceylon Foodstuffs. By A. A. Hoover, Ph.D., B.Sc.(Lond.)		185
vol097_iss04_tropical-agriculturist-1941-10-97-4	2	97	1941-10	ORIGINAL ARTICLES	The Storage of Rice in Steel Drums. By H. W. Roy Bertrand		188
vol097_iss04_tropical-agriculturist-1941-10-97-4	2	97	1941-10	DEPARTMENTAL AND OTHER NOTES	Cotton Cultivation in Ceylon		190
vol097_iss04_tropical-agriculturist-1941-10-97-4	2	97	1941-10	DEPARTMENTAL AND OTHER NOTES	The Alkali Soil Problem and Reclamation Methods in India and Ceylon		202
vol097_iss04_tropical-agriculturist-1941-10-97-4	2	97	1941-10	DEPARTMENTAL AND OTHER NOTES	History of the Department of Agriculture, Ceylon		215
vol097_iss04_tropical-agriculturist-1941-10-97-4	2	97	1941-10	DEPARTMENTAL AND OTHER NOTES	Fodder		229
vol097_iss04_tropical-agriculturist-1941-10-97-4	2	97	1941-10	DEPARTMENTAL AND OTHER NOTES	Coconut Research Scheme—Programme of Experiments for 1942		232
vol097_iss04_tropical-agriculturist-1941-10-97-4	2	97	1941-10	SELECTED ARTICLES	Lime for Agricultural Purposes		236
vol097_iss04_tropical-agriculturist-1941-10-97-4	2	97	1941-10	SELECTED ARTICLES	Calf Rearing		241
vol097_iss04_tropical-agriculturist-1941-10-97-4	2	97	1941-10	SELECTED ARTICLES	Humus and Soil Erosion		249
vol097_iss04_tropical-agriculturist-1941-10-97-4	2	97	1941-10	CORRESPONDENCE	The Premature Fall of Coconuts		250
vol097_iss04_tropical-agriculturist-1941-10-97-4	2	97	1941-10	RETURNS, &c	Animal Disease Return for the Month ended September, 1941		252
vol097_iss04_tropical-agriculturist-1941-10-97-4	2	97	1941-10	RETURNS, &c	Meteorological Report for the Month ended September, 1941		253
vol097_iss05_tropical-agriculturist-1941-11-97-5	0	98	1941-11		Editorial		255
vol097_iss05_tropical-agriculturist-1941-11-97-5	0	98	1941-11	ORIGINAL ARTICLES	Experiments on Associated Growth of Leguminous and Non-Leguminous Crops.—I. By W. R. C. Paul, M.A. (Cantab.), Ph.D. (Lond.), D.I.C., and A. W. R. Joachim, Ph.D. (Lond.), Dip. Agric. (Cantab.)		257
vol097_iss05_tropical-agriculturist-1941-11-97-5	0	98	1941-11	ORIGINAL ARTICLES	Experiments on the Manuring of Cigarette Tobacco in Ceylon. By W. M. Rogers and A. W. R. Joachim, Ph.D. (Lond.) Dip. Agric. (Cantab.)		264
vol097_iss05_tropical-agriculturist-1941-11-97-5	0	98	1941-11	ORIGINAL ARTICLES	Pseudo Fowl Plague. By M. Crawford, M.R.C.V.S		272
vol097_iss05_tropical-agriculturist-1941-11-97-5	0	98	1941-11	DEPARTMENTAL NOTES	History of the Department of Agriculture, Ceylon		275
vol097_iss05_tropical-agriculturist-1941-11-97-5	0	98	1941-11	SELECTED ARTICLES	Composting. The Safe Conversion of Village Refuse and Nightsoil into a Valuable Manure		294
vol097_iss05_tropical-agriculturist-1941-11-97-5	0	98	1941-11	SELECTED ARTICLES	The Soybean—Glycine max		302
vol097_iss05_tropical-agriculturist-1941-11-97-5	0	98	1941-11	MEETINGS, CONFERENCES, &c	Minutes of the 58th Meeting of the Rubber Research Board		307
vol097_iss05_tropical-agriculturist-1941-11-97-5	0	98	1941-11	MEETINGS, CONFERENCES, &c	Minutes of the Board of the Tea Research Institute		310
vol097_iss05_tropical-agriculturist-1941-11-97-5	0	98	1941-11	REVIEW	The Control of Weeds		314
vol097_iss05_tropical-agriculturist-1941-11-97-5	0	98	1941-11	RETURNS	Animal Disease Returns for the Month ended October, 1941		317
vol097_iss05_tropical-agriculturist-1941-11-97-5	0	98	1941-11	RETURNS	Meteorological Report for the Month ended October, 1941		318
vol097_iss06_tropical-agriculturist-1941-12-97-6	0	98	1941-12		Editorial		319
vol097_iss06_tropical-agriculturist-1941-12-97-6	0	98	1941-12	ORIGINAL ARTICLES	The Cultivation of Gingelly in Ceylon. By W. R. C. Paul, M.Sc., Ph.D. (Lond.) and P. M. Gaywala, M.Ag. (Bombay)		321
vol097_iss06_tropical-agriculturist-1941-12-97-6	0	98	1941-12	ORIGINAL ARTICLES	Prevention of Damage to Young Rubber by Snails and Slugs. By H. W. R. Bertrand		327
vol097_iss06_tropical-agriculturist-1941-12-97-6	0	98	1941-12	DEPARTMENTAL AND OTHER NOTES	Increasing the Crops from Ceylon Rubber Estates		328
vol097_iss06_tropical-agriculturist-1941-12-97-6	0	98	1941-12	DEPARTMENTAL AND OTHER NOTES	Sugar Cane Soils, Manuring and Irrigation in Certain Provinces of India		335
vol097_iss06_tropical-agriculturist-1941-12-97-6	0	98	1941-12	SELECTED ARTICLES	Coconut Oil		351
vol097_iss06_tropical-agriculturist-1941-12-97-6	0	98	1941-12	SELECTED ARTICLES	Manuring of Mango Trees : the Present Position		352
vol097_iss06_tropical-agriculturist-1941-12-97-6	0	98	1941-12	MEETINGS, CONFERENCES, &c	Report of the Proceedings of the Fourth Meeting of the Central Board of Agriculture held on November 3, 1941		357
vol097_iss06_tropical-agriculturist-1941-12-97-6	0	98	1941-12	MEETINGS, CONFERENCES, &c	Minutes of the 57th Meeting of the Board of Management, Coconut Research Scheme		364
vol097_iss06_tropical-agriculturist-1941-12-97-6	0	98	1941-12	MEETINGS, CONFERENCES, &c	Minutes of the 59th Meeting of the Rubber Research Board		366
vol097_iss06_tropical-agriculturist-1941-12-97-6	0	98	1941-12	RETURNS, &c	Animal Disease Return for the Month ended November, 1941		369
vol097_iss06_tropical-agriculturist-1941-12-97-6	0	98	1941-12	RETURNS, &c	Meteorological Report for the Month ended November, 1941		370
vol098_iss01_tropical-agriculturist-january-march-1942-98-1	0	98	1942-03		Editorial		1
vol098_iss01_tropical-agriculturist-january-march-1942-98-1	0	98	1942-03	ERRATA	Minutes of a Meeting of the Board of the Tea Research Institute held on December 18, 1941		54
vol098_iss01_tropical-agriculturist-january-march-1942-98-1	0	98	1942-03	ERRATA	Minutes of a Meeting of the Rubber Research Board held on February 23, 1942		57
vol098_iss01_tropical-agriculturist-january-march-1942-98-1	0	98	1942-03	ERRATA	Minutes of a Meeting of the Board of Management, Coconut Research Scheme, held on March 2, 1942		60
vol098_iss01_tropical-agriculturist-january-march-1942-98-1	0	98	1942-03	REVIEW	Handbook of Economic Entomology for South India		63
vol098_iss01_tropical-agriculturist-january-march-1942-98-1	0	98	1942-03	RETURNS	Animal Disease Return for the Month ended December 31, 1941		65
vol098_iss01_tropical-agriculturist-january-march-1942-98-1	0	98	1942-03	RETURNS	Meteorological Report for the Month ended December, 1941		66
vol098_iss01_tropical-agriculturist-january-march-1942-98-1	2	98	1942-03		Editorial		1
vol098_iss01_tropical-agriculturist-january-march-1942-98-1	2	98	1942-03	ORIGINAL ARTICLES	Hydnocarpus Oils in Ceylon. By R. Child, B.Sc., Ph.D. (Lond.), F.I.C., and Wilfred R. N. Nathanael, B.Sc. (Lond.)		2
vol098_iss01_tropical-agriculturist-january-march-1942-98-1	2	98	1942-03	ORIGINAL ARTICLES	Some Virus Diseases of Stachytarpheta. By C. A. Loos		8
vol098_iss01_tropical-agriculturist-january-march-1942-98-1	2	98	1942-03	ORIGINAL ARTICLES	War Time Dietary. By Lucius Nicholls, M.D., B.C., B.A. (Cantab.) and A. Nimalasuriya, L.R.C.P. (Lond.), M.R.C.S. (England), M.B.B.S. (Lond.), M.R.C.P. (Lond.)		13
vol098_iss01_tropical-agriculturist-january-march-1942-98-1	2	98	1942-03	ORIGINAL ARTICLES	The Nature of the Mosaic Disease of Bandakka. By M. Fernando, Ph.D. (Lond.) and S. B. Udurawana		16
vol098_iss01_tropical-agriculturist-january-march-1942-98-1	2	98	1942-03	DEPARTMENTAL NOTES	Departmental Egg Laying Competition, 1941		25
vol098_iss01_tropical-agriculturist-january-march-1942-98-1	2	98	1942-03	DEPARTMENTAL NOTES	Items of interest in the activities of the Royal Botanic Gardens, Peradeniya		28
vol098_iss01_tropical-agriculturist-january-march-1942-98-1	2	98	1942-03	SELECTED ARTICLES	Ash from Coconut and Oil Palm Waste Products as a Substitute Potassium Fertilizer		43
vol098_iss01_tropical-agriculturist-january-march-1942-98-1	2	98	1942-03	MEETINGS, CONFERENCES, &c	Minutes of a Meeting of the Board of the Tea Research Institute held on December 18, 1941		54
vol098_iss01_tropical-agriculturist-january-march-1942-98-1	2	98	1942-03	MEETINGS, CONFERENCES, &c	Minutes of a Meeting of the Rubber Research Board held on February 23, 1942		57
vol098_iss01_tropical-agriculturist-january-march-1942-98-1	2	98	1942-03	MEETINGS, CONFERENCES, &c	Minutes of a Meeting of the Board of Management, Coconut Research Scheme, held on March 2, 1942		60
vol098_iss01_tropical-agriculturist-january-march-1942-98-1	2	98	1942-03	REVIEW	Handbook of Economic Entomology for South India		63
vol098_iss01_tropical-agriculturist-january-march-1942-98-1	2	98	1942-03	RETURNS	Animal Disease Return for the Month ended December 31, 1941		65
vol098_iss01_tropical-agriculturist-january-march-1942-98-1	2	98	1942-03	RETURNS	Meteorological Report for the Month ended December, 1941		66
vol098_iss02_tropical-agriculturist-april-june-1942-98-2	0	98	1942-06		Editorial		1
vol098_iss02_tropical-agriculturist-april-june-1942-98-2	0	98	1942-06	ORIGINAL ARTICLES	The Soils and Ecology of the Wet Evergreen Forests of Ceylon—Part I.By R. A. De Rosayro, B.A., B.Sc. (Oxon), B.Sc. (Lond.)		4
vol098_iss02_tropical-agriculturist-april-june-1942-98-2	0	98	1942-06	ORIGINAL ARTICLES	Studies on Ceylon Soils—XVI. By A. W. R. Joachim, Ph.D., Dip. Agr.(Cantab), and S. Kandiah, Dip. Agr. (Poona)		15
vol098_iss02_tropical-agriculturist-april-june-1942-98-2	0	98	1942-06	ORIGINAL ARTICLES	Note on Physiological Stem Bleeding of Mature Coconut Palms. ByM. L. M. Salgado, B.Sc. (Lond.), Ph.D. (Cantab.), Dip. Agric. (Cantab.)		31
vol098_iss02_tropical-agriculturist-april-june-1942-98-2	0	98	1942-06	ORIGINAL ARTICLES	The Lack of Phosphate in Ceylon S.W. Zone Soils. By H. W. R.Bertrand		36
vol098_iss02_tropical-agriculturist-april-june-1942-98-2	0	98	1942-06	DEPARTMENTAL NOTES	Increased Yields following Harrowing of the Growing Rice Crop		40
vol098_iss02_tropical-agriculturist-april-june-1942-98-2	0	98	1942-06	DEPARTMENTAL NOTES	Items of Interest in the Activities of the Royal Botanic Gardens,Peradeniya		42
vol098_iss02_tropical-agriculturist-april-june-1942-98-2	0	98	1942-06	SELECTED ARTICLES	Kagdi Limbu (Citrus aurantifolia, Swingle), and its Products		57
vol098_iss02_tropical-agriculturist-april-june-1942-98-2	0	98	1942-06	SELECTED ARTICLES	“Mixed Farming” in the Tropics: A Definition of the Term		59
vol098_iss02_tropical-agriculturist-april-june-1942-98-2	0	98	1942-06	MEETINGS, CONFERENCES, &c	Minutes of a Meeting of the Board of the Tea Research Institute held onFebruary 26, 1942		64
vol098_iss02_tropical-agriculturist-april-june-1942-98-2	0	98	1942-06	MEETINGS, CONFERENCES, &c	Minutes of a Meeting of the Board of the Tea Research Institute held onApril 16, 1942		67
vol098_iss02_tropical-agriculturist-april-june-1942-98-2	0	98	1942-06	MEETINGS, CONFERENCES, &c	Minutes of an Emergency Meeting of the Rubber Research Board held onApril 23, 1942		69
vol098_iss02_tropical-agriculturist-april-june-1942-98-2	0	98	1942-06	RETURNS	Animal Disease Return for the Month ended March, 1942		71
vol098_iss02_tropical-agriculturist-april-june-1942-98-2	0	98	1942-06	RETURNS	Meteorological Reports for the Months of January, February and March,1942		72
vol098_iss03_tropical-agriculturist-july-september-1942-98-3	0	98	1942-09		Editorial		1
vol098_iss03_tropical-agriculturist-july-september-1942-98-3	0	98	1942-09	ORIGINAL ARTICLES	Cultural Experiments with Cassava. By M. Fernando, Ph.D., B.Sc. (Lond.), D.I.C., and E. S. Jayasundera, Dip. Agric. (Poona)		3
vol098_iss03_tropical-agriculturist-july-september-1942-98-3	0	98	1942-09	ORIGINAL ARTICLES	Studies on Propagation of Seedless Tahiti Lime. By A. V. Richards, M.Sc. (Calif.), B.Sc. (Lond.), Dip. Agric. (Cantab.), A.I.C.T.A. (Trinidad)		9
vol098_iss03_tropical-agriculturist-july-september-1942-98-3	0	98	1942-09	ORIGINAL ARTICLES	The Soils and Ecology of the Wet Evergreen Forests of Ceylon—Part II. By R. A. De Rosayro, B.A., B.Sc. (Oxon), B.Sc. (Lond.)		13
vol098_iss03_tropical-agriculturist-july-september-1942-98-3	0	98	1942-09	DEPARTMENTAL NOTES	Diplodia Ear Rot of Maize		36
vol098_iss03_tropical-agriculturist-july-september-1942-98-3	0	98	1942-09	DEPARTMENTAL NOTES	Items of Interest in the Activities of the Royal Botanic Gardens, Peradeniya		37
vol098_iss03_tropical-agriculturist-july-september-1942-98-3	0	98	1942-09	DEPARTMENTAL NOTES	Yield and Cost of Production of Paddy at Departmental Paddy Seed Stations		54
vol098_iss03_tropical-agriculturist-july-september-1942-98-3	0	98	1942-09	SELECTED ARTICLES	Soil Problems in Tropical Crop Production		55
vol098_iss03_tropical-agriculturist-july-september-1942-98-3	0	98	1942-09	SELECTED ARTICLES	Tomato Diseases and how to Control them		58
vol098_iss03_tropical-agriculturist-july-september-1942-98-3	0	98	1942-09	MEETINGS, CONFERENCES, &c	Minutes of a Meeting of the Rubber Research Board held on June 22, 1942		62
vol098_iss03_tropical-agriculturist-july-september-1942-98-3	0	98	1942-09	MEETINGS, CONFERENCES, &c	Minutes of a Meeting of the Board of Management, Coconut Research Scheme, held on August 14, 1942		65
vol098_iss03_tropical-agriculturist-july-september-1942-98-3	0	98	1942-09	MEETINGS, CONFERENCES, &c	Minutes of a Meeting of the Rubber Research Board held on August 24, 1942		68
vol098_iss03_tropical-agriculturist-july-september-1942-98-3	0	98	1942-09	REVIEW	Imperial Bureau of Horticulture and Plantation Crops—Index to Horticultural Abstracts Volumes I.-X., 1931-1940		70
vol098_iss03_tropical-agriculturist-july-september-1942-98-3	0	98	1942-09	RETURNS	Animal Disease Returns for the Month ended June, 1942		71
vol098_iss03_tropical-agriculturist-july-september-1942-98-3	0	98	1942-09	RETURNS	Animal Disease Returns for the Month ended September, 1942		72
vol098_iss04_tropical-agriculturist-october-december-1942-98-4	0	98	1942-12		Editorial		1
vol098_iss04_tropical-agriculturist-october-december-1942-98-4	0	98	1942-12	ORIGINAL ARTICLES	Patana Burning with Particular Reference to Pasturage and Wet Patanas.By J. E. Senaratna, B.Sc. (Lond.), F.L.S		3
vol098_iss04_tropical-agriculturist-october-december-1942-98-4	0	98	1942-12	ORIGINAL ARTICLES	"""White Snot"" of Turnip : A Disease New to Ceylon. By T. E. T. Bond"		17
vol098_iss04_tropical-agriculturist-october-december-1942-98-4	0	98	1942-12	ERRATA	deniya		26
vol098_iss04_tropical-agriculturist-october-december-1942-98-4	0	98	1942-12	ERRATA	Departmental Laying Competition, 1942		42
vol098_iss04_tropical-agriculturist-october-december-1942-98-4	0	98	1942-12	SELECTED ARTICLES	Experimental Breeding of Dairy Cattle for the Tropics		44
vol098_iss04_tropical-agriculturist-october-december-1942-98-4	0	98	1942-12	SELECTED ARTICLES	Soil Cultivation and Increased Production		52
vol098_iss04_tropical-agriculturist-october-december-1942-98-4	0	98	1942-12	MEETINGS, CONFERENCES, &c	Minutes of the 5th Meeting of the Central Board of Agriculture heldon December 21, 1942		59
vol098_iss04_tropical-agriculturist-october-december-1942-98-4	0	98	1942-12	MEETINGS, CONFERENCES, &c	Minutes of the 63rd Meeting of the Rubber Research Board held onNovember 2, 1942		70
vol098_iss04_tropical-agriculturist-october-december-1942-98-4	0	98	1942-12	RETURNS	Animal Disease Return for the Month of December, 1942		73
vol098_iss04_tropical-agriculturist-october-december-1942-98-4	2	98	1942-12		Editorial		1
vol098_iss04_tropical-agriculturist-october-december-1942-98-4	2	98	1942-12	ORIGINAL ARTICLES	Patana Burning with Particular Reference to Pasturage and Wet Patanas.By J. E. Senaratna, B.Sc. (Lond.), F.L.S		3
vol098_iss04_tropical-agriculturist-october-december-1942-98-4	2	98	1942-12	ORIGINAL ARTICLES	"""White Spot"" of Turnip: A Disease New to Ceylon. By T. E. T. Bond"		17
vol098_iss04_tropical-agriculturist-october-december-1942-98-4	2	98	1942-12	ORIGINAL ARTICLES	The Production of Hibiscus Hybrids. By D. M. A. Jayaweera, B.Sc.(London)		19
vol098_iss04_tropical-agriculturist-october-december-1942-98-4	2	98	1942-12	DEPARTMENTAL NOTES	Items of Interest in the Activities of the Royal Botanic Gardens, Pera-deniya		26
vol098_iss04_tropical-agriculturist-october-december-1942-98-4	2	98	1942-12	DEPARTMENTAL NOTES	Departmental Laying Competition, 1942		42
vol098_iss04_tropical-agriculturist-october-december-1942-98-4	2	98	1942-12	SELECTED ARTICLES	Experimental Breeding of Dairy Cattle for the Tropics		44
vol098_iss04_tropical-agriculturist-october-december-1942-98-4	2	98	1942-12	SELECTED ARTICLES	Soil Cultivation and Increased Production		52
vol098_iss04_tropical-agriculturist-october-december-1942-98-4	2	98	1942-12	MEETINGS, CONFERENCES, &c	Minutes of the 5th Meeting of the Central Board of Agriculture heldon December 21, 1942		59
vol098_iss04_tropical-agriculturist-october-december-1942-98-4	2	98	1942-12	MEETINGS, CONFERENCES, &c	Minutes of the 63rd Meeting of the Rubber Research Board held onNovember 2, 1942		70
vol098_iss04_tropical-agriculturist-october-december-1942-98-4	2	98	1942-12	RETURNS	Animal Disease Return for the Month of December, 1942		73
vol099_iss01_tropical-agriculturist-january-march-1943-99-1	0	99	1943-03		Editorial		1
vol099_iss01_tropical-agriculturist-january-march-1943-99-1	0	99	1943-03	ORIGINAL ARTICLES	The Influence of Manuring, Spacing of Hills and Seedling Number per Hill on the Yield of Castor. By M. Fernando, Ph.D., B.Sc. (Lond.), D.I.C		3
vol099_iss01_tropical-agriculturist-january-march-1943-99-1	0	99	1943-03	ORIGINAL ARTICLES	The Analysis of Ceylon Foodstuffs—XI. By A. W. R. Joachim, Ph.D., Dip. Agric. (Cantab.), and D. G. Pandittesekere, Dip. Agric. (Poona)		13
vol099_iss01_tropical-agriculturist-january-march-1943-99-1	0	99	1943-03	ORIGINAL ARTICLES	The Nitrogen Content of Ceylon Rain. By D. E. V. Koch, B.Sc. (Hons.), Ph.D. (Lond.), F.I.C., D.I.C., F.R.H.S		18
vol099_iss01_tropical-agriculturist-january-march-1943-99-1	0	99	1943-03	DEPARTMENTAL NOTES	Rinderpest		20
vol099_iss01_tropical-agriculturist-january-march-1943-99-1	0	99	1943-03	DEPARTMENTAL NOTES	The Preparation of Jams, Preserves, Candied Fruit and Cordials		27
vol099_iss01_tropical-agriculturist-january-march-1943-99-1	0	99	1943-03	SELECTED ARTICLES	Movable Poultry Houses		37
vol099_iss01_tropical-agriculturist-january-march-1943-99-1	0	99	1943-03	SELECTED ARTICLES	Good Seed Potatoes and How to Produce them		39
vol099_iss01_tropical-agriculturist-january-march-1943-99-1	0	99	1943-03	SELECTED ARTICLES	Drainage as a Conservation Practice		45
vol099_iss01_tropical-agriculturist-january-march-1943-99-1	0	99	1943-03	SELECTED ARTICLES	The Old Order Changeth		49
vol099_iss01_tropical-agriculturist-january-march-1943-99-1	0	99	1943-03	MEETINGS, CONFERENCES, &c	Minutes of a Meeting of the Board of the Tea Research Institute held on October 6, 1942		51
vol099_iss01_tropical-agriculturist-january-march-1943-99-1	0	99	1943-03	MEETINGS, CONFERENCES, &c	Minutes of a Meeting of the Board of the Tea Research Institute held on December 18, 1942		54
vol099_iss01_tropical-agriculturist-january-march-1943-99-1	0	99	1943-03	MEETINGS, CONFERENCES, &c	Minutes of the 64th Meeting of the Rubber Research Board held on January 25, 1943		58
vol099_iss01_tropical-agriculturist-january-march-1943-99-1	0	99	1943-03	RETURNS	Animal Disease Return for the Month ended March, 1943		61
vol099_iss02_tropical-agriculturist-april-june-1943-99-2	0	99	1943-06		Editorial		65
vol099_iss02_tropical-agriculturist-april-june-1943-99-2	0	99	1943-06	ORIGINAL ARTICLES	Spacing Experiments with Vegetables. By M. Fernando, Ph.D., B.Sc.(Land) D.I.C		69
vol099_iss02_tropical-agriculturist-april-june-1943-99-2	0	99	1943-06	ERRATA	The Effect of a Leguminous Cover Crop in Building up Soil Fertility		101
vol099_iss02_tropical-agriculturist-april-june-1943-99-2	0	99	1943-06	ERRATA	Studies on the Effect of Various Factors on the Vitamin C Content of theMilk of Cows and Buffaloes		108
vol099_iss02_tropical-agriculturist-april-june-1943-99-2	0	99	1943-06	MEETINGS, CONFERENCES, &c	Draft Minutes of the 62nd Meeting of the Board of Management, CoconutResearch Scheme, held on April 30, 1943		116
vol099_iss02_tropical-agriculturist-april-june-1943-99-2	0	99	1943-06	MEETINGS, CONFERENCES, &c	Minutes of a Meeting of the Board of the Tea Research Institute held onMay 14, 1943		118
vol099_iss02_tropical-agriculturist-april-june-1943-99-2	0	99	1943-06	MEETINGS, CONFERENCES, &c	Minutes of the 65th Meeting of the Rubber Research Board held onMay 24, 1943		123
vol099_iss02_tropical-agriculturist-april-june-1943-99-2	0	99	1943-06	RETURNS	Animal Disease Return for the Month ended June, 1943		127
vol099_iss02_tropical-agriculturist-april-june-1943-99-2	2	99	1943-06		Editorial		65
vol099_iss02_tropical-agriculturist-april-june-1943-99-2	2	99	1943-06	ORIGINAL ARTICLES	Spacing Experiments with Vegetables. By M. Fernando, Ph.D., B.Sc. (Lond.), D.I.C		69
vol099_iss02_tropical-agriculturist-april-june-1943-99-2	2	99	1943-06	ORIGINAL ARTICLES	Studies in Propagation of Sapodilla. By A. V. Richards, M.Sc. (Calif.), B.Sc. (Lond.), Dip. Agric. (Cantab.), A.I.C.T.A. (Trinidad)		78
vol099_iss02_tropical-agriculturist-april-june-1943-99-2	2	99	1943-06	ORIGINAL ARTICLES	The Effect of Ammonium Sulphate and of Ammonium Phosphate as Nicifos on the Lateritic Paddy Soils of Peradeniya. By D. E. V. Koch, B.Sc. (Hons.), Ph.D. (Lond.), F.I.C., D.I.C., F.R.H.S		83
vol099_iss02_tropical-agriculturist-april-june-1943-99-2	2	99	1943-06	ORIGINAL ARTICLES	Radish Seed Production. By M. Fernando, Ph.D. (Lond.)		86
vol099_iss02_tropical-agriculturist-april-june-1943-99-2	2	99	1943-06	DEPARTMENTAL NOTES	History of Cinchona Culture in Ceylon		91
vol099_iss02_tropical-agriculturist-april-june-1943-99-2	2	99	1943-06	SELECTED ARTICLES	The Selection of Poultry Breeding Stock		96
vol099_iss02_tropical-agriculturist-april-june-1943-99-2	2	99	1943-06	SELECTED ARTICLES	The Effect of a Leguminous Cover Crop in Building up Soil Fertility		101
vol099_iss02_tropical-agriculturist-april-june-1943-99-2	2	99	1943-06	SELECTED ARTICLES	Studies on the Effect of Various Factors on the Vitamin C Content of the Milk of Cows and Buffaloes		108
vol099_iss02_tropical-agriculturist-april-june-1943-99-2	2	99	1943-06	MEETINGS, CONFERENCES, &c	Draft Minutes of the 62nd Meeting of the Board of Management, Coconut Research Scheme, held on April 30, 1943		116
vol099_iss02_tropical-agriculturist-april-june-1943-99-2	2	99	1943-06	MEETINGS, CONFERENCES, &c	Minutes of a Meeting of the Board of the Tea Research Institute held on May 14, 1943		118
vol099_iss02_tropical-agriculturist-april-june-1943-99-2	2	99	1943-06	MEETINGS, CONFERENCES, &c	Minutes of the 65th Meeting of the Rubber Research Board held on May 24, 1943		123
vol099_iss02_tropical-agriculturist-april-june-1943-99-2	2	99	1943-06	RETURNS	Animal Disease Return for the Month ended June, 1943		127
vol099_iss03_tropical-agriculturist-july-september-1943-99-3	0	99	1943-09		Editorial		131
vol099_iss03_tropical-agriculturist-july-september-1943-99-3	0	99	1943-09	ORIGINAL ARTICLES	Stock—Scion Trials with Mango—I. A Preliminary Note. By A. V. Richards, M.Sc. (Calif.), B.Sc. (London), Dip. Agric. (Cantab.), A.I.C.T.A. (Trinidad)		134
vol099_iss03_tropical-agriculturist-july-september-1943-99-3	0	99	1943-09	ORIGINAL ARTICLES	Hydnocarpus Oils in Ceylon, Part II. By Reginald Child, B.Sc., Ph.D. (Lond.), F.I.C. and Wilfred R. N. Nathanael, B.Sc. (Lond.)		140
vol099_iss03_tropical-agriculturist-july-september-1943-99-3	0	99	1943-09	ORIGINAL ARTICLES	Sex Variation in Papaw (Carica Papaya, Linn). By I. A. Sayed, B.Ag. (Bom.)		143
vol099_iss03_tropical-agriculturist-july-september-1943-99-3	0	99	1943-09	ORIGINAL ARTICLES	Salvinia Auriculata Aublet. By J. E. Senaratna, B.Sc. (Lond.), F.L.S		146
vol099_iss03_tropical-agriculturist-july-september-1943-99-3	0	99	1943-09	DEPARTMENTAL NOTES	Brown Spot of Paddy		150
vol099_iss03_tropical-agriculturist-july-september-1943-99-3	0	99	1943-09	DEPARTMENTAL NOTES	Paddy Cultivation in Kandy		152
vol099_iss03_tropical-agriculturist-july-september-1943-99-3	0	99	1943-09	DEPARTMENTAL NOTES	The Utilization of the Sword-Bean and Jack-Bean as Food		157
vol099_iss03_tropical-agriculturist-july-september-1943-99-3	0	99	1943-09	DEPARTMENTAL NOTES	Botanist's Selections		160
vol099_iss03_tropical-agriculturist-july-september-1943-99-3	0	99	1943-09	SELECTED ARTICLES	Methods in Plant Breeding		162
vol099_iss03_tropical-agriculturist-july-september-1943-99-3	0	99	1943-09	MEETINGS, CONFERENCES, &c	Report of the Proceedings of the Sixth Meeting of the Central Board of Agriculture held on July 26, 1943		169
vol099_iss03_tropical-agriculturist-july-september-1943-99-3	0	99	1943-09	MEETINGS, CONFERENCES, &c	Minutes of the 66th Meeting of the Rubber Research Board held on July 16, 1943		184
vol099_iss03_tropical-agriculturist-july-september-1943-99-3	0	99	1943-09	MEETINGS, CONFERENCES, &c	Minutes of the 63rd Meeting of the Board of Management, Coconut Research Scheme, held on July 30, 1943		187
vol099_iss03_tropical-agriculturist-july-september-1943-99-3	0	99	1943-09	MEETINGS, CONFERENCES, &c	Minutes of the 64th Meeting of the Board of Management, Coconut Research Scheme, held on September 13, 1943		190
vol099_iss03_tropical-agriculturist-july-september-1943-99-3	0	99	1943-09	MEETINGS, CONFERENCES, &c	Minutes of a Meeting of the Board of the Tea Research Institute held on September 28, 1943		192
vol099_iss03_tropical-agriculturist-july-september-1943-99-3	0	99	1943-09	RETURNS	Animal Disease Return for the Month ended September, 1943		196
vol099_iss04_tropical-agriculturist-october-december-1943-99-4	2	99	1943-12		Editorial		201
vol099_iss04_tropical-agriculturist-october-december-1943-99-4	2	99	1943-12	ORIGINAL ARTICLES	Ceylon Estate Copra, Part II., No. 2 and No. 3 Grades of Copra. By Reginald Child, B.Sc., Ph.D. (Lond.), F.I.C., and Wilfred R. N. Nathanael, B.Sc. (Lond.)		203
vol099_iss04_tropical-agriculturist-october-december-1943-99-4	2	99	1943-12	ORIGINAL ARTICLES	Panicum Miliaceum (Meneri). A promising short-aged Food Crop. By J. S. L. White		207
vol099_iss04_tropical-agriculturist-october-december-1943-99-4	2	99	1943-12	ORIGINAL ARTICLES	Cyperus Procerus Rottboell. An indigenous plant liable to be a troublesome weed of paddy lands. By J. E. Senaratna, B.Sc. (Lond.), F.L.S		212
vol099_iss04_tropical-agriculturist-october-december-1943-99-4	2	99	1943-12	DEPARTMENTAL AND OTHER NOTES	Progress of Balsa Cultivation in Ceylon		214
vol099_iss04_tropical-agriculturist-october-december-1943-99-4	2	99	1943-12	DEPARTMENTAL AND OTHER NOTES	Red Onions or Shallot, Onions and Garlic		218
vol099_iss04_tropical-agriculturist-october-december-1943-99-4	2	99	1943-12	DEPARTMENTAL AND OTHER NOTES	The Scope and Function of Plant Protection Legislation in Ceylon with Special Reference to Insect Pests		221
vol099_iss04_tropical-agriculturist-october-december-1943-99-4	2	99	1943-12	DEPARTMENTAL AND OTHER NOTES	Food Production		231
vol099_iss04_tropical-agriculturist-october-december-1943-99-4	2	99	1943-12	MEETINGS, CONFERENCES, &c	Minutes of the 67th Meeting of the Rubber Research Board held on October 18, 1943		257
vol099_iss04_tropical-agriculturist-october-december-1943-99-4	2	99	1943-12	MEETINGS, CONFERENCES, &c	Minutes of a Meeting of the Board of the Tea Research Institute held on November 26, 1943		260
vol099_iss04_tropical-agriculturist-october-december-1943-99-4	2	99	1943-12	MEETINGS, CONFERENCES, &c	Minutes of the 68th Meeting of the Rubber Research Board held on December 9, 1943		263
vol099_iss04_tropical-agriculturist-october-december-1943-99-4	2	99	1943-12	MEETINGS, CONFERENCES, &c	Minutes of the 65th Meeting of the Board of Management, Coconut Research Scheme, held on December 20, 1943		265
vol099_iss04_tropical-agriculturist-october-december-1943-99-4	2	99	1943-12	RETURNS	Animal Disease Return for the month ended December, 1943		267
vol100_iss01_tropical-agriculturist-january-march-1944-100-1	0	100	1944-03		Editorial		1
vol100_iss01_tropical-agriculturist-january-march-1944-100-1	0	100	1944-03		Pyrethrum (contd.)		38
vol100_iss01_tropical-agriculturist-january-march-1944-100-1	0	100	1944-03		Report of the Proceedings of the Seventh Meeting of the Central Board of Agriculture held on October 4, 1943		42
vol100_iss01_tropical-agriculturist-january-march-1944-100-1	0	100	1944-03		Minutes of a Meeting of the Board of the Tea Research Institute held on December 17, 1943		63
vol100_iss01_tropical-agriculturist-january-march-1944-100-1	0	100	1944-03		Minutes of the 69th Meeting of the Rubber Research Board held on March 6, 1944		55
vol100_iss01_tropical-agriculturist-january-march-1944-100-1	0	100	1944-03		Minutes of the 66th Meeting of the Board of Management, Coconut Research Scheme, held on March 20, 1944		67
vol100_iss01_tropical-agriculturist-january-march-1944-100-1	0	100	1944-03		Animal Disease Return for the Month ended March, 1944		69
vol100_iss01_tropical-agriculturist-january-march-1944-100-1	2	100	1944-03		Editorial		1
vol100_iss01_tropical-agriculturist-january-march-1944-100-1	2	100	1944-03	ORIGINAL ARTICLES	Experiments in Land Settlement. By W. V. D. Pieris, M.A., Dip. Agric. (Cantab), B.Sc. (London)		4
vol100_iss01_tropical-agriculturist-january-march-1944-100-1	2	100	1944-03	ORIGINAL ARTICLES	Cultural Experiments with Turmeric (Cucurma Domestica Val.)—III. The Influence of Type of Seed, Mulching, Planting, Depth and Shade on Yield. By W. R. C. Paul, M.A. (Cantab), Ph.D., M.Sc. (Lond.), D.I.C., and M. Fernando, Ph.D., B.Sc. (Lond.), D.I.C		9
vol100_iss01_tropical-agriculturist-january-march-1944-100-1	2	100	1944-03	ORIGINAL ARTICLES	A Leaf Curl Disease of Tomato and its Relation to Some Other Plants. By J. W. L. Peiris, B.Sc. (Lond.)		14
vol100_iss01_tropical-agriculturist-january-march-1944-100-1	2	100	1944-03	DEPARTMENTAL AND OTHER NOTES	Food Production (contd.)		20
vol100_iss01_tropical-agriculturist-january-march-1944-100-1	2	100	1944-03	SELECTED ARTICLES	Pyrethrum		34
vol100_iss01_tropical-agriculturist-january-march-1944-100-1	2	100	1944-03	SELECTED ARTICLES	Pyrethrum (contd.)		38
vol100_iss01_tropical-agriculturist-january-march-1944-100-1	2	100	1944-03	MEETINGS, CONFERENCES, &c	Report of the Proceedings of the Seventh Meeting of the Central Board of Agriculture held on October 4, 1943		42
vol100_iss01_tropical-agriculturist-january-march-1944-100-1	2	100	1944-03	MEETINGS, CONFERENCES, &c	Minutes of a Meeting of the Board of the Tea Research Institute held on December 17, 1943		63
vol100_iss01_tropical-agriculturist-january-march-1944-100-1	2	100	1944-03	MEETINGS, CONFERENCES, &c	Minutes of the 69th Meeting of the Rubber Research Board held on March 6, 1944		65
vol100_iss01_tropical-agriculturist-january-march-1944-100-1	2	100	1944-03	MEETINGS, CONFERENCES, &c	Minutes of the 66th Meeting of the Board of Management, Coconut Research Scheme, held on March 20, 1944		67
vol100_iss01_tropical-agriculturist-january-march-1944-100-1	2	100	1944-03	RETURNS	Animal Disease Return for the Month ended March, 1944		69
vol100_iss02_tropical-agriculturist-april-june-1944-100-2	0	100	1944-06		Editorial		73
vol100_iss02_tropical-agriculturist-april-june-1944-100-2	0	100	1944-06		Soil Fertility Studies. 1. The effects of a Napier Grass Fallow on Soil Composition and Structure under Ceylon Conditions. By A. W. R. Joachim, Ph.D. (Lond.), Dip. Agr. (Cantab.) and S. Kandiah, Dip. Agr. (Poona)		75
vol100_iss02_tropical-agriculturist-april-june-1944-100-2	0	100	1944-06		An Investigation of Cultural Factors affecting the Yield of Yams. By M. F. Chandraratna, Ph.D. (Lond.) and K. D. S. S. Nanayakkara		82
vol100_iss02_tropical-agriculturist-april-june-1944-100-2	0	100	1944-06		Milk Defects. By H. E. A. Perera, G.B.V.C., Associate I.D.I. (Bangalore)		88
vol100_iss02_tropical-agriculturist-april-june-1944-100-2	0	100	1944-06		Records of Interesting Exotic Trees in the Royal Botanic Gardens, Peradeniya		92
vol100_iss02_tropical-agriculturist-april-june-1944-100-2	0	100	1944-06		The Arecanut in Ceylon		102
vol100_iss02_tropical-agriculturist-april-june-1944-100-2	0	100	1944-06		Introduction of Phalsa Bush Fruit (Grewia Asiatica, Linn) in Ceylon		106
vol100_iss02_tropical-agriculturist-april-june-1944-100-2	0	100	1944-06		Pasture Management		112
vol100_iss02_tropical-agriculturist-april-june-1944-100-2	0	100	1944-06		Prevention of Disease in Poultry		115
vol100_iss02_tropical-agriculturist-april-june-1944-100-2	0	100	1944-06		Cultivation and the Soil Mulch		118
vol100_iss02_tropical-agriculturist-april-june-1944-100-2	0	100	1944-06		Minutes of the Inaugural Meeting of the Paddy Advisory Board held at Peradeniya on December 3, 1943		121
vol100_iss02_tropical-agriculturist-april-june-1944-100-2	0	100	1944-06		Minutes of the 2nd Meeting of the Paddy Advisory Board held in the Chamber of Commerce Building, Colombo, on March 29, 1944		126
vol100_iss02_tropical-agriculturist-april-june-1944-100-2	0	100	1944-06		Minutes of the 67th Meeting of the Board of Management, Coconut Research Scheme, held on April 27, 1944		132
vol100_iss02_tropical-agriculturist-april-june-1944-100-2	0	100	1944-06		Minutes of a Meeting of the Board of the Tea Research Institute held on April 28, 1944		133
vol100_iss02_tropical-agriculturist-april-june-1944-100-2	0	100	1944-06		Minutes of the 70th Meeting of the Rubber Research Board held on June 5, 1944		139
vol100_iss02_tropical-agriculturist-april-june-1944-100-2	0	100	1944-06		Animal Disease Return for the month ended June 30, 1944		141
vol100_iss03_tropical-agriculturist-july-september-1944-100-3	0	100	1944-09		Editorial		145
vol100_iss03_tropical-agriculturist-july-september-1944-100-3	0	100	1944-09	ORIGINAL ARTICLES	Cross Breeding of Cattle in Ceylon. By J. Habaragoda, G.B.V.C., J.P		147
vol100_iss03_tropical-agriculturist-july-september-1944-100-3	0	100	1944-09	ORIGINAL ARTICLES	Investigations of the Hydrocyanic Acid Content of Manioc (Manihot Utilissima). By A. W. R. Joachim, Ph.D. (Lond.), Dip. Agric. (Cantab.) and D. G. Pandittesekere, Dip. Agric. (Poona)		150
vol100_iss03_tropical-agriculturist-july-september-1944-100-3	0	100	1944-09	ORIGINAL ARTICLES	Studies in Manioc and Lima-Beans with Special Reference to Their Utilization as Harmless Food. By C. Charavanapavan, M.Sc., D.I.C., A.R.I.C		164
vol100_iss03_tropical-agriculturist-july-september-1944-100-3	0	100	1944-09	ORIGINAL ARTICLES	Roller for Threshing. By C. R. Karunaratne, Dip. Agric. (Poona), Dip. Agric. (Wye)		169
vol100_iss03_tropical-agriculturist-july-september-1944-100-3	0	100	1944-09	DEPARTMENTAL AND OTHER NOTES	Chemical Notes No. 18 Pyrethrum		171
vol100_iss03_tropical-agriculturist-july-september-1944-100-3	0	100	1944-09	SELECTED ARTICLES	The Folly of Deep Ploughing		174
vol100_iss03_tropical-agriculturist-july-september-1944-100-3	0	100	1944-09	MEETINGS, CONFERENCES, &c	Report of the Proceedings of the Inaugural Meeting of the Reconstituted Central Board of Agriculture		177
vol100_iss03_tropical-agriculturist-july-september-1944-100-3	0	100	1944-09	MEETINGS, CONFERENCES, &c	Minutes of the 71st Meeting of the Rubber Research Board		188
vol100_iss03_tropical-agriculturist-july-september-1944-100-3	0	100	1944-09	MEETINGS, CONFERENCES, &c	Minutes of a Meeting of the Board of the Tea Research Institute of Ceylon		190
vol100_iss03_tropical-agriculturist-july-september-1944-100-3	0	100	1944-09	MEETINGS, CONFERENCES, &c	Draft Minutes of the Third Meeting of the Paddy Advisory Board		194
vol100_iss03_tropical-agriculturist-july-september-1944-100-3	0	100	1944-09	MEETINGS, CONFERENCES, &c	Minutes of the 68th Meeting of the Board of Management, Coconut Research Scheme		200
vol100_iss03_tropical-agriculturist-july-september-1944-100-3	0	100	1944-09	MEETINGS, CONFERENCES, &c	Minutes of the 69th Meeting of the Board of Management, Coconut Research Scheme		202
vol100_iss03_tropical-agriculturist-july-september-1944-100-3	0	100	1944-09	MEETINGS, CONFERENCES, &c	Minutes of the Adjourned 69th Meeting of the Board of Management, Coconut Research Scheme		203
vol100_iss03_tropical-agriculturist-july-september-1944-100-3	0	100	1944-09	REVIEW	Tea under International Regulation—V. D. Wickizer		204
vol100_iss03_tropical-agriculturist-july-september-1944-100-3	0	100	1944-09	RETURNS	Animal Disease Return for the Month ended September 30, 1944		205
vol100_iss04_tropical-agriculturist-october-december-1944-100-4	0	100	1944-12	ERRATA	THE CULTIVATION OF GARLIC (Allium Sativum L) in Udukinda Division—Uva Province		243
vol100_iss04_tropical-agriculturist-october-december-1944-100-4	0	100	1944-12	SELECTED ARTICLES	Conservation of Soil Moisture under Dry Farming		252
vol100_iss04_tropical-agriculturist-october-december-1944-100-4	0	100	1944-12	MEETINGS, CONFERENCES &c	Report of the Proceedings of the Second Meeting of the Central Board of Agriculture		256
vol100_iss04_tropical-agriculturist-october-december-1944-100-4	0	100	1944-12	MEETINGS, CONFERENCES &c	Report of the Proceedings of the Third Meeting of the Central Board of Agriculture		273
vol100_iss04_tropical-agriculturist-october-december-1944-100-4	0	100	1944-12	MEETINGS, CONFERENCES &c	Minutes of the 72nd Meeting of the Rubber Research Board		285
vol100_iss04_tropical-agriculturist-october-december-1944-100-4	0	100	1944-12	MEETINGS, CONFERENCES &c	Minutes of the 73rd Meeting of the Rubber Research Board		287
vol100_iss04_tropical-agriculturist-october-december-1944-100-4	2	100	1944-12		Editorial		209
vol100_iss04_tropical-agriculturist-october-december-1944-100-4	2	100	1944-12	ORIGINAL ARTICLES	Hill Paddy Cultivation in Ceylon. By Duncan J. de Soyza, Dip. Agric. (Poona), Assistant to the Paddy Officer		211
vol100_iss04_tropical-agriculturist-october-december-1944-100-4	2	100	1944-12	ORIGINAL ARTICLES	Studies in Cassava. By M. F. Chandraratna, Ph.D. (Lond.), D.I.C., Acting Botanist and K. D. S. S. Nanayakkara, Assistant in Economic Botany		219
vol100_iss04_tropical-agriculturist-october-december-1944-100-4	2	100	1944-12	ORIGINAL ARTICLES	Possibilities of Sericulture in Ceylon. By K. T. Achaya, Retired Sericultural Expert, Madras Government, and Sericultural Expert, Ceylon		231
vol100_iss04_tropical-agriculturist-october-december-1944-100-4	2	100	1944-12	DEPARTMENTAL AND OTHER NOTES	Cultivation of Bidi Tobacco in India		236
vol100_iss04_tropical-agriculturist-october-december-1944-100-4	2	100	1944-12	DEPARTMENTAL AND OTHER NOTES	Selection of the Dairy Cow		240
vol100_iss04_tropical-agriculturist-october-december-1944-100-4	2	100	1944-12	DEPARTMENTAL AND OTHER NOTES	Further Notes on Balsa		243
vol100_iss04_tropical-agriculturist-october-december-1944-100-4	2	100	1944-12	DEPARTMENTAL AND OTHER NOTES	The Cultivation of Garlic (Allium Sativum L) in Udukinda Division—Uva Province		248
vol100_iss04_tropical-agriculturist-october-december-1944-100-4	2	100	1944-12	SELECTED ARTICLES	Conservation of Soil Moisture under Dry Farming		252
vol100_iss04_tropical-agriculturist-october-december-1944-100-4	2	100	1944-12	MEETINGS, CONFERENCES &c	Report of the Proceedings of the Second Meeting of the Central Board of Agriculture		256
vol100_iss04_tropical-agriculturist-october-december-1944-100-4	2	100	1944-12	MEETINGS, CONFERENCES &c	Report of the Proceedings of the Third Meeting of the Central Board of Agriculture		273
vol100_iss04_tropical-agriculturist-october-december-1944-100-4	2	100	1944-12	MEETINGS, CONFERENCES &c	Minutes of the 72nd Meeting of the Rubber Research Board		285
vol100_iss04_tropical-agriculturist-october-december-1944-100-4	2	100	1944-12	MEETINGS, CONFERENCES &c	Minutes of the 73rd Meeting of the Rubber Research Board		287
vol101_iss01_tropical-agriculturist-january-march-1945-101-1	0	101	1945-03		Editorial		1
vol101_iss01_tropical-agriculturist-january-march-1945-101-1	0	101	1945-03		Studies in Cassava—A classification of Races occurring in Ceylon (Continued)	M. F. Chandraratna, Ph.D. (Lond.), D.I.C., Acting Botanist, and K. D. S. S. Nanayakkara, Assistant in Economic Botany	3
vol101_iss01_tropical-agriculturist-january-march-1945-101-1	0	101	1945-03		The Control of Insect Pests by Agricultural Methods		13
vol101_iss01_tropical-agriculturist-january-march-1945-101-1	0	101	1945-03		Seasonal Distribution of Fruits in Ceylon		18
vol101_iss01_tropical-agriculturist-january-march-1945-101-1	0	101	1945-03		Tractor Cultivation of Paddy Fields in the Eastern Province		22
vol101_iss01_tropical-agriculturist-january-march-1945-101-1	0	101	1945-03		The Flowering Trees of America		27
vol101_iss01_tropical-agriculturist-january-march-1945-101-1	0	101	1945-03		Paddy Cultivation with Special Reference to the Results of Departmental Trials		31
vol101_iss01_tropical-agriculturist-january-march-1945-101-1	0	101	1945-03		Report of the Proceedings of the Fourth Meeting of the Central Board of Agriculture		39
vol101_iss01_tropical-agriculturist-january-march-1945-101-1	0	101	1945-03		Minutes of the 74th Meeting of the Rubber Research Board		50
vol101_iss02_tropical-agriculturist-april-june-1945-101-2	0	101	1945-06		Editorial		59
vol101_iss02_tropical-agriculturist-april-june-1945-101-2	0	101	1945-06		Stock-Scion Influence in Citrus	A. V. Richards, M.Sc. (Calif.), B.Sc. (Lond.), Dip. Agric. (Cantab.), A.I.C.T.A. (Trinidad), Horticultural Officer	61
vol101_iss02_tropical-agriculturist-april-june-1945-101-2	0	101	1945-06		Studies in the Preparation, Properties and Assay of Commercial Papain	C. Charavananpavan, M.Sc. (Lond.), D.I.C., A.R.I.C., Research Assistant in Food Technology	72
vol101_iss02_tropical-agriculturist-april-june-1945-101-2	0	101	1945-06		Rate of Nutrient Supply in Two Major Soil Types of the Island	D. E. V. Koch, B.Sc. Hons., Ph.D. (London), D.I.C., F.R.I.C., Assistant Chemist	77
vol101_iss02_tropical-agriculturist-april-june-1945-101-2	0	101	1945-06		The Natural Regeneration of Ceylon Forests	C. H. Holmes, B.Sc. (Lond.), B.A. (Cantab.), B.Sc. (Sp. Hons.) Lond., Diploma in Forestry (Cantab. and Oxon.), Divisional Forest Officer, Silviculture	84
vol101_iss02_tropical-agriculturist-april-june-1945-101-2	0	101	1945-06		Chemical Notes (19)—Further Analyses of Local Manures, Composting Materials, Feeding-stuffs and Fodders		91
vol101_iss02_tropical-agriculturist-april-june-1945-101-2	0	101	1945-06		Minutes of the 75th Meeting of the Rubber Research Board		97
vol101_iss02_tropical-agriculturist-april-june-1945-101-2	0	101	1945-06		Draft Minutes of the 4th Meeting of the Paddy Advisory Board		99
vol101_iss02_tropical-agriculturist-april-june-1945-101-2	0	101	1945-06		Draft Minutes of the 5th Meeting of the Paddy Advisory Board		103
vol101_iss02_tropical-agriculturist-april-june-1945-101-2	0	101	1945-06		Draft Minutes of the 70th Meeting of the Board of Management, Coconut Research Scheme		106
vol101_iss02_tropical-agriculturist-april-june-1945-101-2	0	101	1945-06		Draft Minutes of the 71st Meeting of the Board of Management, Coconut Research Scheme		108
vol101_iss02_tropical-agriculturist-april-june-1945-101-2	0	101	1945-06		Draft Minutes of the 72nd Meeting of the Board of Management, Coconut Research Scheme		111
vol101_iss03_tropical-agriculturist-july-september-1945-101-3	0	101	1945-09		Editorial		119
vol101_iss03_tropical-agriculturist-july-september-1945-101-3	0	101	1945-09		Balsa as a Commercial Crop	T. H. Parsons, O.B.E., F.L.S., F.R.H.S., Curator, Royal Botanic Gardens, Peradeniya	120
vol101_iss03_tropical-agriculturist-july-september-1945-101-3	0	101	1945-09		On the Agronomy of Some Arable Crops	W. R. C. Paul, M.A., M.Sc., Ph.D., Agricultural Officer, South-Western Division	127
vol101_iss03_tropical-agriculturist-july-september-1945-101-3	0	101	1945-09		Drug Plants (Indigenous and Exotic) That Can Be Grown in Ceylon—Part 1—	D. M. A. Jayaweera, B.Sc. (London), Assistant Curator, Royal Botanic Gardens, Peradeniya	130
vol101_iss03_tropical-agriculturist-july-september-1945-101-3	0	101	1945-09		The Natural Regeneration of Ceylon Forests (Continuation)	C. H. Holmes, B.Sc. (London), B.A. (Cantab.), B.Sc. (Sp. Hons. Lond.), Diplomas in Forestry (Cantab. and Oxon.), Divisional Forest Officer, Silviculture	136
vol101_iss03_tropical-agriculturist-july-september-1945-101-3	0	101	1945-09		Notes on the Opening by Manual Labour of Land in the Dry Zone of Ceylon		148
vol101_iss03_tropical-agriculturist-july-september-1945-101-3	0	101	1945-09		Bee-Keeping		153
vol101_iss03_tropical-agriculturist-july-september-1945-101-3	0	101	1945-09		Progress of Cultivation of Exotic Vegetables in Udukinda Division, Province of Uva		156
vol101_iss03_tropical-agriculturist-july-september-1945-101-3	0	101	1945-09		Plant Viruses		158
vol101_iss03_tropical-agriculturist-july-september-1945-101-3	0	101	1945-09		Proceedings of the 5th Meeting of the Central Board of Agriculture		163
vol101_iss03_tropical-agriculturist-july-september-1945-101-3	0	101	1945-09		Minutes of the 76th Meeting of the Rubber Research Board		181
vol101_iss03_tropical-agriculturist-july-september-1945-101-3	0	101	1945-09		Minutes of the 73rd Meeting of the Board of Management, Coconut Research Scheme		183
vol101_iss03_tropical-agriculturist-july-september-1945-101-3	0	101	1945-09		Draft Minutes of the 6th Meeting of the Paddy Advisory Board		185
vol101_iss03_tropical-agriculturist-july-september-1945-101-3	0	101	1945-09		Draft Minutes of the 7th Meeting of the Paddy Advisory Board		188
vol101_iss04_tropical-agriculturist-october-december-1945-101-4	0	101	1945-12		Editorial		203
vol101_iss04_tropical-agriculturist-october-december-1945-101-4	0	101	1945-12	ORIGINAL ARTICLES	The Montane Grasslands (Patnas) of Ceylon—An Ecological Study with reference to Afforestation—I	R. A. de Rosayro, B.A., B.Sc. (Oxon.), B.Sc. (Lond.), Assistant Conservator of Forests	206
vol101_iss04_tropical-agriculturist-october-december-1945-101-4	0	101	1945-12	ORIGINAL ARTICLES	Studies in Cassava—A Classification of the Races occurring in Ceylon (Continued)	M. F. Chandraratna, Ph.D. (Lond.), D.I.C., Acting Botanist, and K. D. S. S. Nanayakkara, Assistant in Economic Botany	214
vol101_iss04_tropical-agriculturist-october-december-1945-101-4	0	101	1945-12	DEPARTMENTAL AND OTHER NOTES	Diseases of Cattle Transmitted by Ticks		223
vol101_iss04_tropical-agriculturist-october-december-1945-101-4	0	101	1945-12	DEPARTMENTAL AND OTHER NOTES	The Cultivation of the Mango in the Dry Zone of Ceylon		227
vol101_iss04_tropical-agriculturist-october-december-1945-101-4	0	101	1945-12	DEPARTMENTAL AND OTHER NOTES	A Brief History of the Chemical Division and its Work		232
vol101_iss04_tropical-agriculturist-october-december-1945-101-4	0	101	1945-12	MEETINGS, CONFERENCES, &c	Report of the Proceedings of the 6th Meeting of the Central Board of Agriculture		235
vol101_iss04_tropical-agriculturist-october-december-1945-101-4	0	101	1945-12	MEETINGS, CONFERENCES, &c	Minutes of a Meeting of the Board of the Tea Research Institute		260
vol101_iss04_tropical-agriculturist-october-december-1945-101-4	0	101	1945-12	MEETINGS, CONFERENCES, &c	Minutes of a Meeting of the Board of the Tea Research Institute		265
vol101_iss04_tropical-agriculturist-october-december-1945-101-4	0	101	1945-12	MEETINGS, CONFERENCES, &c	Minutes of a Meeting of the Board of the Tea Research Institute		268
vol101_iss04_tropical-agriculturist-october-december-1945-101-4	0	101	1945-12	MEETINGS, CONFERENCES, &c	Minutes of the 77th Meeting of the Rubber Research Board		272
