unit	page	kind	text	own_words	decision	reason	prev_title	next_title
vol001_tropicalagricult1188ceyl|1|1881-07	112	caps	FACTS AND FANCIES.	0	FORWARD	heading+title same page	COFFEE AND LEAF DISEASE.	CACAO CULTURE.
vol001_tropicalagricult1188ceyl|1|1881-08	242	caps	A TWENTY-FOUR YEARS PLANTER.	0	BACK	pseudonym	NEW COFFEE SEED AND LEAF DISEASE.	"""THE CHILAW JUTE"" NOT JUTE BUT CEYLON HEMP!"
vol001_tropicalagricult1188ceyl|1|1881-09	307	short	87 Chancery-lane, July 5.	0	BACK	letter-signature	32 Collins-street west, July 5.	CINCHONA PLANTING ON THE PULNEYS.
vol001_tropicalagricult1188ceyl|1|1881-09	315	caps	A PLANTER.	0	BACK	pseudonym	CINCHONA STUMPS.	CINCHONA STUMPS.
vol001_tropicalagricult1188ceyl|1|1881-09	327	caps	"""FAIR PLAY."""	0	BACK	pseudonym	TEA: HINTS CONCERNING THE INTERESTS OF PROPRIETORS AND PLANT	ON THE BARK OF BROUSSONETIA PAPYRIFERA AS A MATERIAL FOR PAP
vol001_tropicalagricult1188ceyl|1|1881-10	349	caps	KENT.	0	KEEP	ambiguous	*Analysis of Odam's Tea Manure—*	CATTLE FOOT AND MOUTH DISEASE?
vol001_tropicalagricult1188ceyl|1|1881-10	351	caps	F. McL. CARTER.	0	KEEP	ambiguous	EXPERIMENT WITH MONEY AND PONDER'S MANURE MIXTURE.	A WALNUT WOOD FAMINE
vol001_tropicalagricult1188ceyl|1|1881-10	354	short	To the Editor of the Ceylon Observer.	0	FORWARD	heading+title same page	COFFEE	CAOUTCHOUQ OR INDIA-RUBBER-YIELDING TREES.
vol001_tropicalagricult1188ceyl|1|1881-10	354	caps	AN OBSERVER.	0	BACK	pseudonym	"""NAKANAAD COFFEE""; AND CROP PROSPECTS."	CURE FOR COFFEE LEAF DISEASE.
vol001_tropicalagricult1188ceyl|1|1881-10	354	caps	JACOB P. STORCK.	0	BACK	letter-signature	CURE FOR COFFEE LEAF DISEASE.	ALOE FIBRE AND A FIBRE MACHINE
vol001_tropicalagricult1188ceyl|1|1881-10	364	caps	W. FERGUSON.	0	BACK	initials+surname	LIME FROM THE KUMBUK TREE:	(Local Extract)
vol001_tropicalagricult1188ceyl|1|1881-10	367	caps	J. B. LAWES.	0	BACK	initials+surname	FERTILITY.	CINCHONA IN COORG.
vol001_tropicalagricult1188ceyl|1|1881-10	372	short	Poolamica, July 28. CHARLES WENEVE.	0	FORWARD	heading+title same page	A SUBSTITUTE FOR WATTLE BARK IN TANNING.	INSECTS ON WATTLE BARK.
vol001_tropicalagricult1188ceyl|1|1881-10	374	caps	SURVEYOR.	0	BACK	letter-signature	QUALITIES OF VARIOUS SOILS.	TARAXACUM IN THE BOTANICAL GARDENS, NORTH-WEST PROVINCES
vol001_tropicalagricult1188ceyl|1|1881-10	376	h2	THE VOYAGE OF THE GREAT AND SMALL EAST INDIAN BEES TO CYPRUS:	0	FORWARD	heading+title same page	THE YIELD OF TEA PER ACRE IN CEYLON AND INDIA.	LETTER FROM MR. BENTON.
vol001_tropicalagricult1188ceyl|1|1881-10	377	caps	FRANK BENTON.	0	BACK	letter-signature	LETTER FROM MR. BENTON.	STORM OF HAIL, RAIN AND WIND IN HAPUTALE.
vol001_tropicalagricult1188ceyl|1|1881-10	380	short	To the Editor of the Ceylon Observer.	0	FORWARD	heading+title same page	THE WEST INDIES	LIBERIAN COFFEE CULTURE.
vol001_tropicalagricult1188ceyl|1|1881-11	438	caps	RIGHT.	0	BACK	letter-signature	CASUARINA CULTIVATION.	THE CULTIVATION OF CASUARINAS.
vol001_tropicalagricult1188ceyl|1|1881-11	439	caps	A. H. MACARTNEY.	0	BACK	initials+surname	TOBACCO-GROWING IN THE EASTERN PROVINCE OF CEYLON.	TOBACCO CROPS OF 1880 AND 1870.
vol001_tropicalagricult1188ceyl|1|1881-11	486	caps	TEA IN STORE.	0	FORWARD	heading+title same page	THE CEYLON TEA-PLANTING INDUSTRY	LIBERIAN COFFEE CULTIVATION.
vol001_tropicalagricult1188ceyl|1|1881-12	512	caps	DOTALA.	0	BACK	letter-signature	FROM ADAM'S PEAK TO MINNESOTA:	CINCHONA CULTIVATION IN CEYLON: GOVERNMENT VS. PRIVATE ANALY
vol001_tropicalagricult1188ceyl|1|1882-02	711	caps	POST TENEBRAS LUX.	0	BACK	letter-signature	MOUND HEDGES FOR HEMILEIA VASTATRIX.	BARK OF COPPIED TREES BECOMING INERT.
vol001_tropicalagricult1188ceyl|1|1882-02	712	caps	ANOTHER COCOA.	0	FORWARD	heading+title same page	COCOA.	METEOROLOGICAL OBSERVATORIES AT HIGH ELEVATIONS.
vol001_tropicalagricult1188ceyl|1|1882-02	759	h4	TRAVANCORE.	0	BACK	letter-signature	II.	NUTMEG CULTIVATION.
vol001_tropicalagricult1188ceyl|1|1882-03	799	caps	BAMBOO.	0	BACK	letter-signature	BERRIES AND SPIKE	THE NEW ALKALOID IN CUPREA BARK.
vol001_tropicalagricult1188ceyl|1|1882-04	865	h3	THE COFFEE GRUB AND MASKELIYA COCKCHAFER.	0	FORWARD	heading+title same page	CEYLON PRODUCE IN LONDON.	SPECIMENS WANTED FOR THE BRITISH MUSEUM.
vol001_tropicalagricult1188ceyl|1|1882-04	882	caps	FAIRY ROSE.	1	KEEP	ambiguous	INDIGO (INDIGOFERA TINCTORIA), Nat. Ord.,	A BIRD-CATCHING SEDGE.
vol001_tropicalagricult1188ceyl|1|1882-04	913	h4	INDIAN AND CEYLON TEA IN MELBOURNE.	3	FORWARD	heading+title same page	TRAVANCORE PLANTERS' ASSOCIATION.	GREAT SALE OF INDIAN TEA.
vol001_tropicalagricult1188ceyl|1|1882-05	994	caps	COULD HE?	0	BACK	letter-signature	HOW TO SELL CHINA TEA.	THE LARGE CINCHONA TREES ON GLENCAIRN, DIKOYA.
vol001_tropicalagricult1188ceyl|1|1882-05	1025	caps	WALKING IN THE ZOO.	0	FORWARD	heading+title same page	LLAMA SHEEP INSTEAD OF CATTLE ON COFFEE ESTATES—HOW WOULD TH	LIBERIAN COFFEE
vol001_tropicalagricult1188ceyl|1|1882-06	1084	h2	SOUTH AUSTRALIA.	0	FORWARD	heading+title same page	HYBRIDITY OF CINCHONAS AND GRAFTING	THE MINISTERIAL VISIT TO THE NORTHERN TERRITORY.
vol001_tropicalagricult1188ceyl|1|1882-06	1085	h4	EXPERIENCE.	0	BACK	letter-signature	POULTRY.	TANNING AND TANNING MATERIALS IN MADRAS.
vol002_tropicalagricult18821883colo|2|1882-07	20	caps	SHORT COFFEE CROPS AND THEIR EXPLANATION:—FALLING-OFF IN MANURING: LEAF DISEASE;	0	FORWARD	heading+title same page		CINCHONA AND WHAT IT IS DOING FOR OUR COFFEE-PLANTERS.
vol002_tropicalagricult18821883colo|2|1882-07	20	caps	CINCHONA AND WHAT IT IS DOING FOR OUR COFFEE-PLANTERS.	0	FORWARD	heading+title same page	SHORT COFFEE CROPS AND THEIR EXPLANATION:—FALLING-OFF IN MAN	TEA CULTIVATION AND THE SCARCITY OF CAPITAL.
vol002_tropicalagricult18821883colo|2|1882-07	72	caps	NEW PRODUCTS.	0	FORWARD	heading+title same page	SUCCESS OF NEW PRODUCTS IN CEYLON.	LEAF-DISEASE OR UNPROPITIous RAINFALL IN SHORT COFFEE CROPS 
vol002_tropicalagricult18821883colo|2|1882-07	72	caps	DELUGE?	0	BACK	letter-signature	LEAF-DISEASE OR UNPROPITIous RAINFALL IN SHORT COFFEE CROPS 	OPERATIONS OF THE CALCUTTA TEA SYNDICATE: AMERICAN TEA.
vol002_tropicalagricult18821883colo|2|1882-09	251	caps	HONEYDEW.	0	BACK	letter-signature	ON BEES IN THE PLANTING DISTRICTS.	NUTMEGS.
vol002_tropicalagricult18821883colo|2|1882-11	407	caps	"""IGNOTUS."""	0	BACK	pseudonym	TEA PLANTING IN NATAL	COST OF MANURE.
vol002_tropicalagricult18821883colo|2|1882-11	444	caps	AGERATUM.	0	BACK	letter-signature	II.	GRASS ON COFFEE ESTATES.
vol002_tropicalagricult18821883colo|2|1882-11	444	caps	GHERKA HOOLOO.	0	BACK	letter-signature	GRASS ON COFFEE ESTATES.	ON TEA CULTIVATION.
vol002_tropicalagricult18821883colo|2|1882-12	510	caps	A CONVERT OF THE KINGS.	0	FORWARD	heading+title same page	WEEDS IN COFFEE CULTIVATION.	TEA SIEVING MACHINES.
vol002_tropicalagricult18821883colo|2|1882-12	540	h4	AN ASSAM TEA PLANTER.	0	BACK	pseudonym	TEA: ITS PRESENT AND FUTURE IN CEYLON.	THE GUM (EUCALYPTUS) DISEASE ITS PROBABLE SALINE ORIGIN?
vol002_tropicalagricult18821883colo|2|1883-01	553	caps	H. PASTEUR.	0	BACK	initials+surname	COFFEE ADULTERATION.	FLAX FOR PAPER-MAKING PURPOSES.
vol002_tropicalagricult18821883colo|2|1883-01	580	caps	A SHUCK COFFEE-TREE.	0	FORWARD	heading+title same page	WHAT AILS OUR COFFEE TREES?	SELF-SOWN JUTE (AND THE FIBRE) IN THE SOUTHERN PROVINCE, CEY
vol002_tropicalagricult18821883colo|2|1883-02	638	caps	YOU KNOW WHO.	0	BACK	letter-signature	A WORD FOR THE KALUTARA DISTRICT AND LIBERIAN COFFEE.	A WORD FOR WEEDS.
vol002_tropicalagricult18821883colo|2|1883-02	640	caps	AUDI ALTERAM PARTEM.	0	BACK	letter-signature	WEEDY ESTATES.	SEED FROM SHAVED CINCHONA TREES OF MATURE AGE—WHY OBJECTED T
vol002_tropicalagricult18821883colo|2|1883-02	642	caps	TEA FLUSH.	0	FORWARD	heading+title same page	TEA IN CEYLON: WHEN AND HOW TO PICK; WITH HINTS ON WITHERING	LEDGERIANA SEED.
vol002_tropicalagricult18821883colo|2|1883-02	643	h4	COFFEE IN BRAZIL:	0	FORWARD	heading+title same page	CINCHONA HYBRIDS AND CONFUSION.	THE NECESSITIES OF AGRICULTURE.
vol002_tropicalagricult18821883colo|2|1883-02	682	caps	YOUNG CEYLON.	0	FORWARD	heading+title same page	PLANTING IN NORTHERN QUEENSLAND.	TREE-PLANTING IN BENCOOLEN.
vol002_tropicalagricult18821883colo|2|1883-05	873	h4	PLANNING ON THE HILLS OF CEYLON.	0	FORWARD	heading+title same page	AGRICULTURAL DISTRESS IN BRITAIN	LEDGERIANAS ON YARROW.
vol002_tropicalagricult18821883colo|2|1883-06	1014	h2	VICTORIA PLANTERS' ASSOCIATION, NATAL.	0	FORWARD	heading+title same page	THE BITTER PRINCIPLE OF HYMENODICTYON EXCELSUM.	FREE-PLANTING AND RAINFALL.
vol003_tropicalagricult18831884colo|3|1883-07	28	caps	A MACRAY PLANTER.	0	BACK	pseudonym	CINGHALESE LABOUR IN QUEENSLAND.	SAND-BINDING PLANTS
vol003_tropicalagricult18831884colo|3|1883-07	48	caps	ALL WALKER.	0	BACK	letter-signature	THE NORTH TRAVANCORE PLANTING COMPANY.	NOTES AND STATISTICS OF CINCHONA BARK.
vol003_tropicalagricult18831884colo|3|1883-07	77	caps	Fiji AS A SCENE OF PLANTING	0	FORWARD	heading+title same page	ACCLIMATISATION OF PLANTS	ENTERPRIZE.
vol003_tropicalagricult18831884colo|3|1883-07	83	caps	CAOUTCHOUC.	0	BACK	letter-signature	HOW TO COLLECT RUBBER: OLD PLANS REVIVED; WHO WILL TRY AND R	ENEMIES OF COCOA: HOW TO COMBAT THEM?
vol003_tropicalagricult18831884colo|3|1883-08	99	caps	EL JAGUAR.	0	KEEP	ambiguous	PARAGUAY AS A PLACE OF SETTLEMENT.	PLANTING ENTERPRISE IN THE WEST INDIES.
vol003_tropicalagricult18831884colo|3|1883-08	150	h4	THROUGH THE TEA DISTRICTS OF NORTHERN INDIA: No. 1.	3	FORWARD	heading+title same page	BOTANICAL TRANSGRESSORS.	SAMPLING CEYLON AND INDIAN TEAS. THE IMPORTANCE OF JAT AND O
vol003_tropicalagricult18831884colo|3|1883-11	367	caps	JACOB P. STORCK.	0	BACK	letter-signature	MR. STORCK AND HIS CURE FOR COFFEE DISEASE.	CONTEMPLATIONS OF A COFFEE-TREE.
vol003_tropicalagricult18831884colo|3|1883-11	368	caps	AN OLD COFFEE-STUMP.	0	FORWARD	heading+title same page	CONTEMPLATIONS OF A COFFEE-TREE.	COFFEE PRODUCTION AND CONSUMPTION.
vol003_tropicalagricult18831884colo|3|1883-11	368	caps	P. D. MILLIE.	0	BACK	initials+surname	COFFEE PRODUCTION AND CONSUMPTION.	MR. MOENS ON CINCHONA BARK SUPPLY.
vol003_tropicalagricult18831884colo|3|1883-11	371	h4	AN OLD COFFEE STUMP.	0	FORWARD	heading+title same page	AN OLD COFFEE STUMP.	THICK HEADS.
vol003_tropicalagricult18831884colo|3|1883-11	371	caps	COMMONSENSE.	0	BACK	letter-signature	THE TROPICAL AGRICULTURIST AS THE PRACTICAL ORGAN FOR THE PL	CEARA RUBBER: GILLIAT PROCESS.
vol003_tropicalagricult18831884colo|3|1883-11	372	caps	J. HOLLOWAY.	0	BACK	initials+surname	COFFEE CULTIVATION IN THE PANWILA DISTRICT BY MR. HOLLOWAY.	CULTIVATION IN JAFFNA
vol003_tropicalagricult18831884colo|3|1883-12	433	caps	AN OLD COFFEESHIP.	0	BACK	pseudonym	THE COMMON ELEMENT OF LEAF-DISEASE.	"TEA MANUFACTURE AND ""CRITICS."""
vol003_tropicalagricult18831884colo|3|1884-03	673	caps	TRY AGAIN.	0	BACK	letter-signature	HOW TO GERMINATE NUTMEG SEEDS.	ANATTO (CINCHONELLA) A PAYING CULTIVATION IN CEYLON.
vol003_tropicalagricult18831884colo|3|1884-03	674	caps	HONOLULU CANE.	0	FORWARD	heading+title same page	SUGAR CULTIVATION IN CEYLON: SUCCESS DEPENDENT ON GOOD CANES	THE HISTORY OF THE SUGAR ENTER-PRIZE IN CEYLON IN THE FORTIE
vol003_tropicalagricult18831884colo|3|1884-03	680	caps	ACROSS THE INDIAN OCEAN	3	FORWARD	heading+title same page	DURRA, DHURRA, OR RICE CORN, &c.	MAURITIUS—THE ROYAL BOTANICAL GARDENS.
vol003_tropicalagricult18831884colo|3|1884-04	744	caps	INTERNAL COLONIZATION OF INDIA.	0	FORWARD	heading+title same page	SUGAR CANE CULTIVATION IN HAWAII.	THE NEW AND ANCIENT CITIES IN THE NEAR EAST.
vol004_tropicalagricult18841885colo|4|1884-07	72	caps	PERIPATETIC PLANTER.	0	BACK	pseudonym	JACKSON'S TRAYLESS TEA DRIER.	TEA MACHINERY—ROLLING MACHINERY.
vol004_tropicalagricult18841885colo|4|1884-08	149	headrest	"THE TROPICAL AGRICULTURIST.AUGUST 1, 1884.""THE COCOA KING."""	0	FORWARD	heading+title same page	OLIVE OIL	[FROM OUR ROVING CORRESPONDENT.]
vol004_tropicalagricult18841885colo|4|1884-08	178	caps	R. H. C. MACQUARRIE.	0	BACK	initials+surname	CACAO IN MONARAGALA.	DRIED APRICOTS
vol004_tropicalagricult18841885colo|4|1884-09	260	caps	MAHSEER.	0	BACK	letter-signature	CINCHONA CULTIVATION: LEDGERS.	TRADE ALLOWANCES ON TEA.
vol004_tropicalagricult18841885colo|4|1884-10	312	caps	PEPPER CORN	0	BACK	column-signature	CEYLON PLANTING NEWS.	QUESTIONS ON THE PROSPECTS OF THE PLANTING ENTERPRIZE.
vol004_tropicalagricult18841885colo|4|1884-10	344	caps	PEPPER CORN.	0	BACK	column-signature	REPORT ON THE METEOROLOGY OF INDIA FOR 1882	DR. TRIMEN ON *HELOPELTIS ANTONII*.
vol004_tropicalagricult18841885colo|4|1884-10	355	caps	LEAF-DISEASE, NEW PRODUCTS, &c.	1	FORWARD	heading+title same page	QUERIES AS TO THE EFFECTS OF THE SHAVING PROCESS ON CINCHONA	THE COCONUT TREE AND ITS USES.
vol004_tropicalagricult18841885colo|4|1884-12	490	caps	TEA PLANTING IN CEYLON.	0	FORWARD	heading+title same page	MINOR PRODUCTS IN THE WEST INDIES	THE HISTORY OF MARIAWATTE; EMBARGO LAID ON CROWN FORESTS: A 
vol004_tropicalagricult18841885colo|4|1884-12	495	h4	ADVICE TO YOUNG CACAO PLANTERS.	3	FORWARD	heading+title same page	CINCHONA PLANTING AND PROSPECTING IN GUATEMALA.	CACAO-GROWING IN PANWILA.
vol004_tropicalagricult18841885colo|4|1885-01	598	caps	AN OLD PLANTER.	0	BACK	pseudonym	THE APPLICATION OF LIME	FRUIT TREES.
vol004_tropicalagricult18841885colo|4|1885-01	599	caps	AGRICULTURIST.	0	BACK	letter-signature	DRAINING OR TRENCHING FOR COCONUTS.	PLANTING IN QUEENSLAND.
vol004_tropicalagricult18841885colo|4|1885-02	653	caps	PEPPER CORN.	0	BACK	column-signature	CEYLON UPCOUNTRY · PLANTING REPORT.	TROPICAL AGRICULTURE IN NORTHERN AUSTRALIA.
vol004_tropicalagricult18841885colo|4|1885-04	763	caps	PEPPERCORN.	0	BACK	column-signature	CEYLON UPCOUNTRY PLANNING REPORT:	SUGAR, TOBACCO AND HEMP IN THE PHILIPPINES.
vol004_tropicalagricult18841885colo|4|1885-04	803	caps	\* N. B.—ED.	0	KEEP	ambiguous	EDWARD MONEY.	ARECANUT CULTIVATION IN CEYLON.
vol004_tropicalagricult18841885colo|4|1885-04	815	h4	MR. COMMISSIONER ELLIOTT IN ASSAM :	0	FORWARD	heading+title same page	THE POSITION OF INDIA TEA	TRANSPORT IMPROVEMENTS FOR THE TEA PLANTERS
vol004_tropicalagricult18841885colo|4|1885-05	829	h4	PEPPERCORN.	0	BACK	column-signature	CEYLON UPCOUNTRY PLANTING REPORT:	THE CEYLON NORTHERN COFFEE (TEA) DISTRICTS.
vol005_tropicalagricult18851886colo|5|1885-07	50	h4	PEPPERCORN.	0	BACK	column-signature	CEYLON UPCOUNTRY PLANTING REPORT.	THE NEGROES AND PLANTING IN JAMAICA.
vol005_tropicalagricult18851886colo|5|1885-07	67	h3	FOOCHOW.	0	KEEP	ambiguous	THE CHINA TEA TRADE.	CONSULAR NOTIFICATION.
vol005_tropicalagricult18851886colo|5|1885-08	102	h4	INSECT PESTS AND INSECTIVOROUS BIRDS:	0	FORWARD	heading+title same page	THE TEA DISPUTE AT FOOCHOW.	A WILD BIRDS PROTECTION ORDINANCE WANTED IN CEYLON.
vol005_tropicalagricult18851886colo|5|1885-08	110	caps	EXPERIENCE.PLANTING NOTES FROM TAVOY, BRITISH	0	FORWARD	heading+title same page	MOIST VS. DRY HEAT FOR TEA	BURMA:THE VALUE OF A GOOD JAT OF TEA.
vol005_tropicalagricult18851886colo|5|1885-09	200	h3	CINCHONA.	0	BACK	letter-signature	HARVESTING CINCHONA BARK AND THE PROPER MODE OF SHAVING.	LIME JUICE: VARIOUS METHODS OF PRESERVING—WHICH IS BEST?
vol005_tropicalagricult18851886colo|5|1885-09	201	caps	ROBIN HOOD.	0	BACK	letter-signature	CACAO AND *HELOPELTIS ANTONII*.	LOCAL QUININE MANUFACTURE.
vol005_tropicalagricult18851886colo|5|1885-10	253	caps	PEPPERCORN.	0	BACK	column-signature	CEYLON UP-TO-DATE PLANTING REPORT.	YIELD OF ACREAGE UNDER TEA IN CEYLON.
vol005_tropicalagricult18851886colo|5|1885-11	357	caps	PEPPERCORN.	0	BACK	column-signature	CEYLON UP-COUNTRY PLANTING REPORT.	PLANTING IN NETHERLANDS INDIA.
vol005_tropicalagricult18851886colo|5|1885-12	403	caps	PEPPERCORN.	0	BACK	column-signature	CEYLON UPCOUNTRY PLANTING REPORT.	A NATIVE BOTANIST IN ENGLAND.
vol005_tropicalagricult18851886colo|5|1885-12	434	short	§ *Id.* Part II, p. 10.	0	KEEP	ambiguous	MACASSAR OIL	THE DROUGHT IN ENGLAND
vol005_tropicalagricult18851886colo|5|1885-12	448	caps	HENRY TRIMEN.	0	BACK	letter-signature	DISEASED TEA.	CINCHONA BARKS
vol005_tropicalagricult18851886colo|5|1885-12	462	caps	EXPERIMENTAL CULTIVATION OF PEARL	2	FORWARD	heading+title same page	A PROSPERING CEYLON PLANTATION COMPANY.	REPORT ON CAPT. DONNAN.
vol005_tropicalagricult18851886colo|5|1886-02	547	caps	PUBLIC HEALTH.	0	FORWARD	heading+title same page	CHEMICAL DYES AND THEIR DANGEROUS CHARACTER: A WARNING.	RUBBER IN CEYLON: THE IMPROVED SYSTEM OF GATHERING MILK—SHOU
vol005_tropicalagricult18851886colo|5|1886-03	666	caps	PERFUMES.	0	KEEP	ambiguous	CEYLON UPCOUNTRY PLANTING REPORT.	PLANTERS' ASSOCIATION OF CEYLON.
vol005_tropicalagricult18851886colo|5|1886-04	689	caps	ABERDONENESIS.	0	KEEP	ambiguous	PLANTING IN CEYLON AND SOUTHERN INDIA.	CEYLON UPCOUNTRY PLANTING REPORT.
vol005_tropicalagricult18851886colo|5|1886-04	689	h4	CEYLON UPCOUNTRY PLANTING REPORT.	2	FORWARD	heading+title same page	ABERDONENESIS.	PROSPECTS OF CACAO
vol005_tropicalagricult18851886colo|5|1886-04	690	caps	PEPPERCORN.	0	BACK	column-signature	PROSPECTS OF CACAO	NEW ZEALAND FLAX
vol005_tropicalagricult18851886colo|5|1886-04	693	h4	STEALERS OF PRODUCE.	0	FORWARD	heading+title same page	SPIKES IN COCONUT TREES.	KAINIT AND SALT IN AGRICULTURE.
vol005_tropicalagricult18851886colo|5|1886-04	725	h4	FROM THE HILLS OF CEYLON.	0	FORWARD	heading+title same page	THE CINCHONA MARKET.	THE TOON TREE FOR TEA BOXES, &c.—ITS GROWTH IN INDIA, JAVA, 
vol005_tropicalagricult18851886colo|5|1886-06	831	caps	PEPPERCORNS.	0	KEEP	ambiguous	CEYLON UPCOUNTRY PLANTING REPORT.	"""THE TEA GARDEN OF THE WORLD."""
vol005_tropicalagricult18851886colo|5|1886-06	878	h3	THE SUGAR INDUSTRY.	0	FORWARD	heading+title same page	FOREST TREES.	NEW SUGAR CANES IN THE WEST INDIES.
vol005_tropicalagricult18851886colo|5|1886-06	896	h4	WHAT TO DO WITH OUR BOYS.	0	FORWARD	heading+title same page	REPORT ON MANILLA HEMP (*MUSA TEXTILIS*) CULTURE.	*Agricultural Education in Canada.*
vol006_tropicalagricult18861887colo|6|1886-07	43	h4	ROCKHAMPTON BOTANIC GARDENS.	0	FORWARD	heading+title same page	DELI TOBACCO PLANTATIONS.	THE ROSE.
vol006_tropicalagricult18861887colo|6|1886-08	93	caps	ZULU.	0	KEEP	ambiguous	THE COMING PRODUCT.	“BETELNUT AS AN OBJECT OF TAXATION,”
vol006_tropicalagricult18861887colo|6|1886-08	116	caps	PEPPERCORN.	0	BACK	column-signature	CEYLON UPCOUNTRY PLANTING REPORT.	OVERPRODUCTION OF TEA.
vol006_tropicalagricult18861887colo|6|1886-09	171	short	—*Indian Tea Gazette.	0	FORWARD	heading+title same page	JAPANESE TEA BOXES (AND ADULTERATION OF TEA IN JAPAN.)	CRYPTOMERIA JAPONICA BARK SHINGLES
vol006_tropicalagricult18861887colo|6|1886-09	182	caps	PERIPATETIC PLANTER.	0	BACK	pseudonym	A FEW HINTS ON MANAGEMENT OF TEA PLANTATIONS IN INDIA.	MUSHROOM CULTURE.
vol006_tropicalagricult18861887colo|6|1886-09	188	caps	INFINITUM AD ABSURDUM.	0	BACK	letter-signature	HOW A COOLY IS TO GET IN AN AVERAGE CROP OF TEA?	ALLEGED DETERIORATION OF TEA.
vol006_tropicalagricult18861887colo|6|1886-09	201	h4	FOURTEEN YEARS A PLANTER.	0	BACK	pseudonym	ALL ABOUT TEA AND ITS PROSPECTS:	TEA MACHINERY.
vol006_tropicalagricult18861887colo|6|1886-09	201	caps	PLANTER.	0	BACK	letter-signature	TEA MACHINERY.	TEA MAKING AND THE CEYLON PLANTERS.
vol006_tropicalagricult18861887colo|6|1886-09	202	caps	SHELTON AGAR.	0	BACK	letter-signature	TEA MAKING AND THE CEYLON PLANTERS.	ENEMY OF CACAO.
vol006_tropicalagricult18861887colo|6|1886-09	202	caps	WOOLY WAG.	0	BACK	letter-signature	THE RECENT FALL IN PRICE OF CEYLON TEA.	MR. SHELTON AGAR AND MR. GOW.
vol006_tropicalagricult18861887colo|6|1886-09	203	caps	T. J. GRIGG.	0	BACK	initials+surname	RAINFALL AND TEA IN MASKELIYA	AN EXEMPLARY AGRICULTURAL STUDENT.
vol006_tropicalagricult18861887colo|6|1886-09	203	caps	AGRICULTURIST.	0	BACK	letter-signature	AN EXEMPLARY AGRICULTURAL STUDENT.	COCA CULTIVATION IN SOUTH AMERICA
vol006_tropicalagricult18861887colo|6|1886-11	306	caps	PEPPERCORN.	0	BACK	column-signature	"BLACK OR GREEN BUG ON THE TEA—THE ""MONARCH"""	BRAZIL'S COFFEE EXPORTS.
vol006_tropicalagricult18861887colo|6|1886-11	331	caps	PEPPERCORN.	0	BACK	column-signature	CEYLON UPCOUNTRY PLANTING REPORT.DUMBARA WITH ENOUGH RAIN—FI	HOOPER AND HOWARD ON CINCHONA BARK.
vol006_tropicalagricult18861887colo|6|1886-12	411	h4	THE PURE PRODUCE COMPANY, LIMITED.	0	FORWARD	heading+title same page	JAVANESE FOR QUEENSLAND.	THE FUTURE OF CEYLON TEA.
vol006_tropicalagricult18861887colo|6|1886-12	418	caps	PEPPERCORN.	0	BACK	column-signature	CEYLON TEA	NEW INDIGO COUNTRIES:TROPICAL CEYLON.
vol006_tropicalagricult18861887colo|6|1887-01	485	caps	PEPPERCORN.	0	BACK	column-signature	CEYLON UPCOUNTRY PLANTING REPORT.	TEA ROLLERS AND DRYERS.
vol006_tropicalagricult18861887colo|6|1887-02	540	caps	PEPPERCORN.	0	BACK	column-signature	CEYLON UP COUNTRY PLANTING REPORT:	COFFEE DISEASE IN THE PROVINCE OF RIO DE JANEIRO.
vol006_tropicalagricult18861887colo|6|1887-02	578	caps	THE MORE THE MERRIER.	0	FORWARD	heading+title same page	NEW TEA ROLLERS.	TEA IN HAPUTALE: WELL DONE.
vol006_tropicalagricult18861887colo|6|1887-03	650	caps	PEPPERCORN.	0	BACK	column-signature	CEYLON UPCOUNTRY PLANTING REPORT	PEARL.
vol006_tropicalagricult18861887colo|6|1887-05	796	caps	PEPPERCORN.	0	BACK	column-signature	CEYLON UPCOUNTRY PLANTING REPORT.	COCONUT NOTES: COPRA DRYING.
vol006_tropicalagricult18861887colo|6|1887-06	867	caps	PEPPERCORN.	0	BACK	column-signature	CEYLON UPCOUNTRY PLANTING REPORT.	THE PRICE OF COFFEE.
vol007_tropicalagricult7188ceyl|7|1887-07	50	caps	PEPPERCORN.	0	BACK	column-signature	CEYLON UPCOUNTRY PLANTING REPORT.	PETROLEUM AND ITS PRODUCTS.
vol007_tropicalagricult7188ceyl|7|1887-08	102	caps	PEPPERCORN.	0	BACK	column-signature	CEYLON UPCOUNTRY PLANTING REPORT.	SUN FLOWER; BARLEY CULTURE IN CEYLON.
vol007_tropicalagricult7188ceyl|7|1887-08	165	caps	PEPPERCORN.	0	BACK	column-signature	CEYLON UPCOUNTRY PLANTING REPORT.	OBSERVATIONS ON COCONUT PLANTING.
vol007_tropicalagricult7188ceyl|7|1887-09	197	caps	PEPPERCORN.	0	BACK	column-signature	CEYLON UPCOUNTRY PLANTING REPORT.	CINCHONA IN JAVA.
vol007_tropicalagricult7188ceyl|7|1887-09	216	short	J. WILLIAMS HOCKIN, Hon. Secy.	0	FORWARD	heading+title same page	WYNAAD PLANTERS' ASSOCIATION.	HYDROCHLORATE OF COCAINE IN VETERINARY PRACTICE
vol007_tropicalagricult7188ceyl|7|1887-09	239	caps	PEPPERCORN.	0	BACK	column-signature	CEYLON UPCOUNTRY PLANTING REPORT.	COFFEE.
vol007_tropicalagricult7188ceyl|7|1887-10	278	caps	PATRY & PASTEUR.	0	KEEP	ambiguous	THE PRESENT POSITION AND PROSPECTS OF THE COFFEE MARKET.	"THE ""TEA COMPANY OF CEYLON,"" UDUGAMA DISTRICT."
vol007_tropicalagricult7188ceyl|7|1887-11	366	caps	PEPPERCORN.	0	BACK	column-signature	CEYLON UPCOUNTRY PLANTING REPORT	"""HEAVY QUININE."""
vol007_tropicalagricult7188ceyl|7|1887-12	439	caps	COFFEE IN MINCING LANE: A DEAR, SCARCE ARTICLE.—	0	FORWARD	heading+title same page	CEYLON TEA ON THE CONTINENT OF EUROPE AND IN THE UNITED KING	CINCHONA BARK AND QUININE AT ITS CHEAPEST.
vol007_tropicalagricult7188ceyl|7|1888-01	487	caps	PEPPERCORN.	0	BACK	column-signature	CEYLON UPCOUNTRY PLANTING REPORT.	NUTMEGS AND COFFEE IN NETHERLANDS INDIA.
vol007_tropicalagricult7188ceyl|7|1888-01	513	h4	A LOVER OF CEYLON TEA.	0	FORWARD	heading+title same page	CEYLON TEA AT THE MELBOURNE EXHIBITION.	CINCHONA AND QUININE.
vol007_tropicalagricult7188ceyl|7|1888-02	556	caps	PEPPERCORN.	0	BACK	column-signature	FEBRUARY 1, 1888. THE TROPICAL AGRICULTURIST.529CEYLON UPCOU	COFFEE AND SLAVERY IN BRAZIL: NO. 1.
vol007_tropicalagricult7188ceyl|7|1888-03	666	caps	PEPPERCORN.	0	BACK	column-signature	CEYLON UPCOUNTRY PLANTING REPORT.MERCHANTABLE COFFEE—DROUGHT	BADULLA PLANTERS' ASSOCIATION.
vol007_tropicalagricult7188ceyl|7|1888-05	764	caps	RUBY MINES OF BURMAH.	0	FORWARD	heading+title same page	AN EXTENSION OF THE TEA TRADE	ROYAL GEOGRAPHICAL SOCIETY.
vol007_tropicalagricult7188ceyl|7|1888-05	794	caps	PEPPERCORN.	0	BACK	column-signature	CEYLON UPCOUNTRY PLANTING REPORT.	PLANTING REPORTS FROM THE HILL COUNTRY OF CEYLON.
vol007_tropicalagricult7188ceyl|7|1888-05	795	caps	UDUGAMA IN 1847 AND 1888.	0	FORWARD	heading+title same page	RAINFALL AT UPPER ABBOTSFORD:—	COFFEE Vs. TEA.
vol007_tropicalagricult7188ceyl|7|1888-05	796	caps	A COTTON MANUFACTURING INDUSTRY FOR CEYLON:THE DUTY OF NATIVES, COLONISTS, AND G	0	FORWARD	heading+title same page	COCONUT LAND IN THE NORTH-WESTERN PROVINCE	CEYLON SPINNING AND WEAVING COMPANY.
vol007_tropicalagricult7188ceyl|7|1888-05	817	caps	GUNPOWDER.	0	BACK	letter-signature	SPECIAL TEAS FOR AMERICA.	PATANA FLOWERS AND THE SUPPOSED STICK INSECT.
vol007_tropicalagricult7188ceyl|7|1888-05	818	caps	CINCHONA.	0	BACK	letter-signature	THE JAVA CINCHONA ENTERPRISE.	THE TEA ENTERPRIZE IN TRAVANCORE.
vol008_tropicalagricult8188ceyl|8|1888-08	98	caps	PEPPERCORN.	0	BACK	column-signature	CEYLON UPCOUNTRY PLANTING REPORT:	FINE SAMPLE OF COTTON GROWN NEAR THE FORT OF COLOMBO.
vol008_tropicalagricult8188ceyl|8|1888-08	139	caps	PEPPERCORN.	0	BACK	column-signature	CEYLON UPCOUNTRY PLANTING REPORT.	OUR CINCHONA BARK INDUSTRY.
vol008_tropicalagricult8188ceyl|8|1888-08	158	caps	PEPPERCORN.	0	BACK	column-signature	CEYLON UPCOUNTRY PLANTING REPORT.	RING-BARKING IN AUSTRALIA.
vol008_tropicalagricult8188ceyl|8|1888-09	237	h2	PEPPER AND NUTMEGS IN THE STRAITS SETTLEMENTS.	0	FORWARD	heading+title same page	SOAPSTONE.	REPORT OF CONSUL A. G. STUDER AT SINGAPORE.
vol008_tropicalagricult8188ceyl|8|1888-10	253	h2	FISH IN AUSTRALIA:	0	FORWARD	heading+title same page	CEYLON VS. CHINA AND INDIAN TEAS IN GLASGOW.	SIR THOMAS BRADY ON TROUT BREEDING.
vol008_tropicalagricult8188ceyl|8|1888-12	452	caps	PEPPERCORN.	0	BACK	column-signature	PRODUCTS FOR CEYLON PLANTERS	CEYLON TEA FOR THE MILLION.
vol008_tropicalagricult8188ceyl|8|1888-12	452	caps	CEYLON TEA FOR THE MILLION.	0	FORWARD	heading+title same page	PEPPERCORN.	A SUGGESTION TO SELLERS.
vol008_tropicalagricult8188ceyl|8|1888-12	453	caps	CEYLON AT THE MELBOURNEEXHIBITION:	2	FORWARD	heading+title same page	TEA! TEA!! TEA!!!	THE CEYLON TEA KIOSK. OLD FRIENDS TO THE FRONT.
vol008_tropicalagricult8188ceyl|8|1888-12	453	caps	THE CEYLON TEA KIOSK. OLD FRIENDS TO THE FRONT.	0	FORWARD	heading+title same page	CEYLON AT THE MELBOURNEEXHIBITION:	A CAPITAL HINT FOR CEYLON TEA PLANTERS:
vol008_tropicalagricult8188ceyl|8|1889-01	473	caps	"""NEW PRODUCT."""	0	BACK	pseudonym	GREEN BUG.	LOSS IN WEIGHT OF CEYLON TEA SENT TO LONDON.
vol008_tropicalagricult8188ceyl|8|1889-02	548	caps	PEPPERCOORN.	0	BACK	letter-signature	CEYLON UPCOUNTRY PLANTING REPORT:	VANILLA IN FIJI.
vol008_tropicalagricult8188ceyl|8|1889-03	643	h4	OLD HAND AT TEA.	0	FORWARD	heading+title same page	TEA GROWING IN CEYLON ON OLD COFFEE ESTATES.	AGRICULTURAL WORK AT NIKAWERATIYA.
vol008_tropicalagricult8188ceyl|8|1889-05	759	h4	PEPPERCORN.	0	BACK	column-signature	CEYLON UPCOUNTRY PLANTING REPORT.	TIN AND COPPER IN PERAK.
vol008_tropicalagricult8188ceyl|8|1889-05	800	caps	PEPPERCORN.	0	BACK	column-signature	CEYLON UPCOUNTRY PLANTING REPORT.	BARK AND DRUG TRADE REPORT.
vol008_tropicalagricult8188ceyl|8|1889-06	893	caps	YOU KNOW WHO,	0	KEEP	ambiguous	XXXIII.	XXXIV.
vol008_tropicalagricult8188ceyl|8|1889-06	893	caps	SHADOW OF THE PEAK.	0	FORWARD	heading+title same page	XXXV.	TOBACCO IN THE EASTERN PROVINCE.
vol008_tropicalagricult8188ceyl|8|1889-06	893	caps	PLANTING IN JAVA AND SUMATRA:	0	FORWARD	heading+title same page	TOBACCO IN THE EASTERN PROVINCE.	TOBACCO, CINCHONA AND COFFEE.
vol009_tropicalagricult9188ceyl|9|1889-07	70	caps	DID HE DO IT?	0	KEEP	ambiguous	TEA MAKING AND SUPERINTENDENTS AND ACCOUNTS	CEYLON TEAS OF LATE AND THE LOCAL BUYERS: A REBUKE.
vol009_tropicalagricult9188ceyl|9|1889-08	147	caps	PEPPERCORN.	0	BACK	column-signature	HILL-COUNTRY PLANTING REPORT:	THE FUTURE OF CINNAMON: THE NEED OF SUPPRESSING CHIPS.
vol009_tropicalagricult9188ceyl|9|1889-09	203	h3	CINNAMON CHIPS IN CEYLON.	0	FORWARD	heading+title same page	MR. ROBERTS (OF S. RUCKER & CO.) ON CEYLON TEAS: GOOD PROSPE	MEETING OF ESTATE PROPRIETORS AND MANAGERS.
vol009_tropicalagricult9188ceyl|9|1889-10	268	h2	WHY ARE GEMMING AND MINING LICENSES IN SABARAGAMUWA REFUSED?	0	FORWARD	heading+title same page	A HOT WEATHER TRIP IN SOUTHERN INDIA:CINCHONA CULTIVATION.	MINERALOGY V. AGRICULTURE.
vol009_tropicalagricult9188ceyl|9|1889-10	284	h3	TEA CULTURE AND PREPARATION.	0	FORWARD	heading+title same page	PROSPECTS OF COTTON CULTIVATION.	ANSWERS TO QUESTIONS.
vol009_tropicalagricult9188ceyl|9|1889-10	287	h2	TEA PLANTED ON OLD COFFEE LAND.	0	FORWARD	heading+title same page	ANSWERS TO QUESTIONS.	ANSWERS TO QUESTIONS.
vol009_tropicalagricult9188ceyl|9|1889-10	298	caps	ARBORATOR.	0	BACK	letter-signature	FIG CULTURE: No. II.	ORANGE WINE.
vol009_tropicalagricult9188ceyl|9|1889-11	350	caps	PEPPERCORN.	0	BACK	column-signature	CEYLON UPCOUNTRY PLANTING REPORT.	THE CINCHONA SYNDICATE.
vol009_tropicalagricult9188ceyl|9|1889-11	369	h4	AN OLD CEYLON PLANTER.	0	BACK	pseudonym	PLANTING IN THE WEST INDIES.	THE PROPOSED STRAITS PLANTERS ASSOCIATION.
vol009_tropicalagricult9188ceyl|9|1889-11	380	short	—*Daily News*, Sept. 27th.	0	FORWARD	heading+title same page	HOW TO MAKE TEA:—TEA AND BOILING WATER.	COCA CULTIVATION IN THE EAST INDIES.
vol009_tropicalagricult9188ceyl|9|1889-12	462	caps	W. HARRIS.	0	BACK	initials+surname	SOWING AND GERMINATION OF SEEDS.	COCONUT CULTIVATION.
vol009_tropicalagricult9188ceyl|9|1889-12	465	caps	CONSUMPTION OF TEA IN GERMANY (FROM CUSTOMS RETURN) 1850-1888.	2	FORWARD	heading+title same page	DUTY ON TEA IN RUSSIA.	EXTRACT FROM REPORT OF THE BERLIN CHAMBER OF COMMERCE 1888.
vol009_tropicalagricult9188ceyl|9|1890-01	550	caps	PEPPERCORN.	0	BACK	column-signature	CEYLON UPCOUNTRY PLANTING REPORT.	LETTERS FROM JAMAICA:—NO. 30.
vol009_tropicalagricult9188ceyl|9|1890-02	571	h2	OPENING THE FIRST REGULAR TEA PLANTATION IN CHINA.	0	FORWARD	heading+title same page	AGRICULTURE AND THE RICE DUTY IN BURMAH.	IMPROVING THE TEA TRADE OF FORMOSA.
vol009_tropicalagricult9188ceyl|9|1890-03	633	caps	PEPPERCORN.	0	BACK	column-signature	CEYLON UPCOUNTRY PLANTING REPORT:	GEMMING AND MINING ORDINANCE.
vol009_tropicalagricult9188ceyl|9|1890-03	640	caps	DR. TRIMEN ON THE VEYANGODA	0	FORWARD	heading+title same page	AN ELEPHANT TRAIN	COCONUT TROUBLE.
vol009_tropicalagricult9188ceyl|9|1890-04	723	h4	TOBACCO CULTURE IN SUMATRA :	0	FORWARD	heading+title same page	COFFEE FROM BRAZIL.	UNITED LANKAT PLANTATIONS Co.
vol009_tropicalagricult9188ceyl|9|1890-05	798	caps	PEPPERCORN.	0	BACK	column-signature	CEYLON UPCOUNTRY PLANTING REPORT	THE NILGIRI CINCHONA PLANTATIONS.
vol009_tropicalagricult9188ceyl|9|1890-05	817	caps	PARCHMENT.	0	BACK	letter-signature	LIBERIAN COFFEE CULTIVATION.	ORANGE CULTURE IN FLORIDA.
vol009_tropicalagricult9188ceyl|9|1890-06	886	h3	THE COFFEE PLANT :	0	FORWARD	heading+title same page	THE REDUCED TEA DUTY AND WHAT IS EXPECTED TO RESULT FROM IT.	COFFEE IN NEW HEBRIDES.
vol010_tropicalagricult1018ceyl|10|1890-07	74	caps	PEPPERCORN.	0	BACK	column-signature	CEYLON UPCOUNTRY PLANTING REPORT.	TOBACCO PLANTING IN DELI.
vol010_tropicalagricult1018ceyl|10|1890-08	118	caps	JAMES TAYLOR.	0	BACK	letter-signature	TEA AND CINCHONA IN CEYLON	AUSTRALIAN PRODUCE FOR CEYLON
vol010_tropicalagricult1018ceyl|10|1890-08	122	short	BROWN, FLEMING & MURRAY, Secretaries.	0	FORWARD	heading+title same page	THE CEYLON ESTATES INVESTMENT ASSOCIATION (LIMITED).	THE LIBERIAN GOVERNMENT CONCESSIONS AND EXPLORATION COMPANY,
vol010_tropicalagricult1018ceyl|10|1890-09	198	caps	PEPPERCORN.	0	BACK	column-signature	CEYLON UP COUNTRY PLANTING REPORT.	THE WEALTH OF INDIA.
vol010_tropicalagricult1018ceyl|10|1890-09	228	caps	PEPPERCORN.	0	BACK	column-signature	CEYLON UPCOUNTRY PLANTING REPORT.	GOLD IN AUSTRALIA AND INDIA.
vol010_tropicalagricult1018ceyl|10|1890-09	239	h2	MR. LIPTON AND THE TEA FUND.	3	FORWARD	heading+title same page	CATTLE AND CATTLE DISEASE IN CEYLON.	MAKING KNOWN CEYLON TEA.
vol010_tropicalagricult1018ceyl|10|1890-09	261	caps	PEPPERCORN.	0	BACK	column-signature	CEYLON UPCOUNTRY PLANTING REPORT.	A MYSTERIOUS AFFAIR.
vol010_tropicalagricult1018ceyl|10|1890-10	340	h4	CEYLON TEA IN RUSSIA.	0	FORWARD	heading+title same page	LOCAL TEA SALES AVERAGES.	LETTER FROM THE COMMISSIONER.
vol010_tropicalagricult1018ceyl|10|1890-12	439	h4	NOTES ON PRODUCE AND FINANCE.	0	FORWARD	heading+title same page	INDIAN TEA NOTES.	THE DEALERS AND THE DUTY
vol010_tropicalagricult1018ceyl|10|1890-12	443	h3	CEYLON TEA IN RUSSIA.	0	FORWARD	heading+title same page	THE PREPARATION OF CACAO (COCOA).	THE NEW VICE-CONSUL AT ODESSA.
vol010_tropicalagricult1018ceyl|10|1890-12	457	h2	CEYLON TEA IN AMERICA! GOOD NEWS FOR CEYLON PLANTERS.	0	FORWARD	heading+title same page	COCONUTS	GUARANTEE GIVEN FOR SALE OF PURE CEYLON TEA ONLY.
vol010_tropicalagricult1018ceyl|10|1891-02	635	h4	NOTES ON PRODUCE AND FINANCE.	0	FORWARD	heading+title same page	CHINA TEA AND RUSSIA:	TEA COMPANIES' SHARE LIST
vol010_tropicalagricult1018ceyl|10|1891-04	732	caps	PEPPERCORN.	0	BACK	column-signature	CEYLON UPCOUNTRY PLANTING REPORT	MINES AND MINING IN CEYLON.
vol010_tropicalagricult1018ceyl|10|1891-06	867	h2	EXPERIMENTAL GARDENS IN THE NORTH.	0	FORWARD	heading+title same page	THE CEYLON TEA FUND AND THE KIOSK.	A JAFFNA BOARD OF AGRICULTURE SUGGESTED.
vol011_tropicalagricult1118ceyl|11|1891-07	23	h4	PADDY AND DRY GRAIN CROPS IN CEYLON.	0	FORWARD	heading+title same page	TECHNICAL AGRICULTURAL EDUCATION IN FRANCE AN EPAMPLE TO CEY	SEASON REPORTS.
vol011_tropicalagricult1118ceyl|11|1891-07	66	caps	PEPPERCORN.	0	BACK	column-signature	CEYLON UPCOUNTRY PLANTING REPORT	THE SCOTTISH CEYLON TEA COMPANY.
vol011_tropicalagricult1118ceyl|11|1891-08	141	h4	INDIAN AND CEYLON TEA.	3	FORWARD	heading+title same page	NOTES ON PRODUCE AND FINANCE.	MESSRS. THOMPSONS' ANNUAL REVIEW.
vol011_tropicalagricult1118ceyl|11|1891-08	153	short	Bangalore, July 2nd.	0	BACK	letter-signature	THE LEAF DISEASE OF COFFEE.	COAL IN CEYLON; ELEPHANT LEATHER.
vol011_tropicalagricult1118ceyl|11|1891-08	158	h4	PRACTICAL MAN.	0	BACK	pseudonym	TEA PRUNING.	MICA AND TALC: USEFUL INFORMATION.
vol011_tropicalagricult1118ceyl|11|1891-09	221	h4	THE CEYLON TEA FUND.	0	FORWARD	heading+title same page	TEA DEALERS IN COUNCIL.	THE GIFTS TO THE EMPEROR AND DOWAGER EMPRESS OF GERMANY.
vol011_tropicalagricult1118ceyl|11|1891-11	332	h2	THE QUALITY OF OUR TEAS, AND SUGGESTIONS IN THE DIRECTION OF IMPROVEMENT.	0	FORWARD	heading+title same page	THE TEAK TRADE OF BURMA	INDIA TEA PRODUCTION AND EXPORT.
vol011_tropicalagricult1118ceyl|11|1891-11	347	short	Secretary to the Planters’ Association of Ceylon.	0	BACK	role-line	CEYLON TEA FUND.	THE NEW TEA DISEASE
vol011_tropicalagricult1118ceyl|11|1891-11	381	h3	INSECTS ATTACKING ACACIA	0	FORWARD	heading+title same page	SUBSTITUTES FOR TEA LEAD.	MELANOXYLON.
vol011_tropicalagricult1118ceyl|11|1891-11	385	h2	IN A TEA WAREHOUSE.	0	FORWARD	heading+title same page	THE RIVAL GLASGOW TEA DEALERS.	A VICE-REGAL VISIT.
vol011_tropicalagricult1118ceyl|11|1892-02	576	caps	VIS UNITA PORTIOR.	0	BACK	letter-signature	THE REGULATION OF INDIAN TEA SALES.	BULKED TEA.
vol011_tropicalagricult1118ceyl|11|1892-02	605	short	WHY?	0	BACK	letter-signature	THE PRICE OF PEKOE SOUCHONG.	RICE CULTIVATION.
vol011_tropicalagricult1118ceyl|11|1892-03	700	caps	QUID RIDES.	0	BACK	letter-signature	To the Editor.	LORANTHUS AND HEMILEIA.
vol011_tropicalagricult1118ceyl|11|1892-05	762	h2	FROM THE METROPOLIS.	2	FORWARD	heading+title same page	TAMIL COOLIE LABOUR.	PERU AS A FIELD FOR COFFEE AND CACAO PLANTERS :
vol011_tropicalagricult1118ceyl|11|1892-05	762	caps	PERU AS A FIELD FOR COFFEE AND CACAO PLANTERS :	0	FORWARD	heading+title same page	FROM THE METROPOLIS.	CINCHONA AND MR. CLEMENTS MARKHAM, C.B., F.R.S.
vol011_tropicalagricult1118ceyl|11|1892-06	798	h3	MR. A. ROSS'S PAPER ON PERU.	0	FORWARD	heading+title same page	THE HOME OF THE TEA KING.	MR. CLEMENTS MARKHAM ON CINCHONA PRICES.
vol011_tropicalagricult1118ceyl|11|1892-06	815	short	—N.-C. Herald, March 25th.	0	BACK	letter-signature	To the Editor of the NORTH-CHINA DAILY NEWS.	THE COST OF CEYLON TEA.
vol011_tropicalagricult1118ceyl|11|1892-06	816	short	—*N.C. Herald*, March 25th.	0	BACK	letter-signature	THE COST OF CEYLON TEA.	"""FISHING FOR PEARLS IN AUSTRALIA."""
vol012_tropicalagricult1218ceyl|12|1892-07	35	h3	THE INDIAN TEA TRADE.	0	FORWARD	heading+title same page	THE COMMERCE OF INDIA FOR THE	INDIA AND THE CHICAGO SHOW.
vol012_tropicalagricult1218ceyl|12|1892-07	39	h2	NOTES FROM OUR LONDON LETTER.	3	FORWARD	heading+title same page	CHINA TEA AND TEA TRADE	MR. J. L. SHAND'S STRICTURES ON TEA PLUCKING IN CEYLON.
vol012_tropicalagricult1218ceyl|12|1892-07	67	h4	FROM THE METROPOLIS.	2	FORWARD	heading+title same page	THE ALLEGED OVER-PLUCKING OF OUR TEA BUSHES.	ANOTHER CEYLON TEA ESTATES COMPANY.
vol012_tropicalagricult1218ceyl|12|1892-09	205	h4	FROM THE METROPOLIS.	3	FORWARD	heading+title same page	COCONUT DISEASE AT MONTEGO BAY.	THE CALEDONIAN (CEYLON) TEA PLANTATIONS LIMITED.
vol012_tropicalagricult1218ceyl|12|1892-12	413	caps	ERTSILON.	2	KEEP	ambiguous	BAMBOO AND ITS USES.	COFFEE-PLANTING IN MADAGASCAR.
vol012_tropicalagricult1218ceyl|12|1892-12	418	caps	NOTES FROM OUR LONDON LETTER.	2	FORWARD	heading+title same page	CEYLON TEA IN AMERICA	MR. FARR'S VISIT TO LONDON AND PUSHING CEYLON TEA IN AMERICA
vol012_tropicalagricult1218ceyl|12|1892-12	423	caps	CHOPPY.	3	KEEP	ambiguous	PLANTING NOTES.	BADULLA PLANTING REPORT.
vol012_tropicalagricult1218ceyl|12|1892-12	434	caps	NOTES FROM OUR LONDON LETTER.	2	FORWARD	heading+title same page	MR. JOHN BROWN ON THE PRESENT	THE CEYLON TEA FUND COMMITTEE'S GRANT TO THE
vol012_tropicalagricult1218ceyl|12|1893-02	531	caps	A NEW TEA COMPANY.	3	FORWARD	heading+title same page	THE REPORT OF THE LANKA PLANTATIONS COMPANY	BANDARAPOLA CEYLON CO., LIMITED. (37,603.)
vol012_tropicalagricult1218ceyl|12|1893-04	676	h2	INTERESTING NOTES ON TEA:—	0	FORWARD	heading+title same page	COCONUT CULTIVATION IN CEYLON:	CURIOUS LOCAL EXPRESSIONS.
vol012_tropicalagricult1218ceyl|12|1893-05	752	h2	ROYAL GEOGRAPHICAL SOCIETY OF AUSTRALASIA.	0	FORWARD	heading+title same page	EFFECTS OF TEA-TASTING	COFFEE-GROWING IN THE NEW HEBRIDES: TEMPTING PROSPECTS.
vol012_tropicalagricult1218ceyl|12|1893-05	752	h3	COFFEE-GROWING IN THE NEW HEBRIDES: TEMPTING PROSPECTS.	0	FORWARD	heading+title same page	ROYAL GEOGRAPHICAL SOCIETY OF AUSTRALASIA.	"SIR JOHN FRANKLIN AS A ""MIDSHIPMAN"": ONE OF ""THE BRAVE DEEDS"
vol012_tropicalagricult1218ceyl|12|1893-06	813	h4	BUNDLE OF STICKS.	0	FORWARD	heading+title same page	PASSENGERS, PLANTERS AND SHIPOWNERS.	MR. HUGHES' ADVICE OF NO USE TO CEYLON PLANTERS?
vol012_tropicalagricult1218ceyl|12|1893-06	813	caps	AN OLD COFFEE STUMP.	0	FORWARD	heading+title same page	MR. HUGHES' ADVICE OF NO USE TO CEYLON PLANTERS?	CEYLON COCOA PLANTING.
vol013_tropicalagricult1318ceyl|13|1893-08	109	caps	COFFEE PLANTING IN THE STRAITS SETTLEMENTS.	0	FORWARD	heading+title same page	TEA AND EXCHANGE.	NEWS OF OLD CEYLON RESIDENTS.
vol013_tropicalagricult1318ceyl|13|1893-08	161	caps	"""ALL PRODUCTS."""	0	KEEP	ambiguous		SALT IN AGRICULTURE.
vol013_tropicalagricult1318ceyl|13|1893-09	212	h2	PLANTING IN BRITISH CENTRAL AFRICA.	0	FORWARD	heading+title same page	BARK AND DRUG REPORT	COFFEE NOTES.
vol013_tropicalagricult1318ceyl|13|1893-11	356	caps	THE QUALITY OF TEA IN THE LOCAL MARKET.	1	FORWARD	heading+title same page	THE BANDARAPOLA CEYLON COMPANY, LIMITED.	THE ENCOURAGEMENT GIVEN BY BUYERS.
vol013_tropicalagricult1318ceyl|13|1894-02	543	caps	A STUDENT OF THE	3	FORWARD	heading+title same page	CHINA V. CEYLON TEA.	CARNIVOROUS PLANTS.
vol013_tropicalagricult1318ceyl|13|1894-02	545	h4	HOLLOWAY.	0	BACK	letter-signature	GRIEVANCES OF CACAO PLANTERS.	TEA-BOXES.
vol013_tropicalagricult1318ceyl|13|1894-02	553	h2	FACTS ABOUT BANANA MEAL.	0	FORWARD	heading+title same page	ARBORICULTURE.	A COMING INDUSTRY.
vol013_tropicalagricult1318ceyl|13|1894-02	557	caps	RED-SPIDER.	0	KEEP	ambiguous	FLUSH WORM IN TEA.	DON'TS FOR TEA FACTORIES.
vol013_tropicalagricult1318ceyl|13|1894-03	618	caps	PEPPERCORN.	0	BACK	column-signature	"""PIONEERS OF THE PLANTING ENTERPRISE IN CEYLON."""	CINCHONA IN CEYLON
vol013_tropicalagricult1318ceyl|13|1894-03	663	caps	AN OLD COFFEE STUMP.	0	FORWARD	heading+title same page	LOW PRICES AND INCREASED SUPPLY.	BLENDING TEA IN BOND.
vol013_tropicalagricult1318ceyl|13|1894-04	741	caps	“PRESS.”	0	BACK	pseudonym	CARRYING TEA LEAF LONG DISTANCES:—SILO SYSTEM.	PROGRESS IN NORTH BORNEO.
vol013_tropicalagricult1318ceyl|13|1894-05	805	caps	A YOUNG TEA PLANT.	0	FORWARD	heading+title same page	A PLANTING QUERY: TEA ROOTS AND SOILS.	GUM TREE TIMBER AND TEA FIRING.
vol014_tropicalagricult1418ceyl|14|1894-07	81	caps	VARIOUS PLANTING NOTES.	0	FORWARD	heading+title same page	“ MANURING TEA ”—AND THE CONSEQUENCE.	COFFEE CULTIVATION IN THE STRAITS
vol014_tropicalagricult1418ceyl|14|1894-08	104	h2	THE LATEST FROM BRITISH CENTRAL AFRICA:	0	FORWARD	heading+title same page	EXTENSION OF TEA PLANTING IN TRAVANCORE.	NUMBER AND AREA OF COFFEE ESTATES.
vol014_tropicalagricult1418ceyl|14|1894-08	147	h4	COFFEE MACHINERY:	0	FORWARD	heading+title same page	THE INTRODUCTION OF GAS ENGINES TO CEYLON.	CEYLON PULPERS FOR LIBERIAN COFFEE.
vol014_tropicalagricult1418ceyl|14|1894-08	151	h2	PLANTING IN SELANGOR, STRAITS SETTLEMENTS.	0	FORWARD	heading+title same page	PLANTING IN KEGALLA DISTRICT, CEYLON.	LIBERIAN COFFEE—PEPPER—COCONUTS AND COPRA.
vol014_tropicalagricult1418ceyl|14|1894-08	157	h4	TEA, CACAO, LIBERIAN COFFEE, AND OTHER PRODUCTS.	0	FORWARD	heading+title same page	MARAGOGIPE COFFEE IN CEYLON.	SOME OBSERVATIONS ON THE PRESENT SITUATION.
vol014_tropicalagricult1418ceyl|14|1894-09	181	caps	ROBERT THOMSON.	0	KEEP	ambiguous	ANALYSIS OF COCOA BY LAYEN.	CEYLON PATENTS.
vol014_tropicalagricult1418ceyl|14|1894-09	188	caps	G. WILLIAM DES VŒUX.	0	KEEP	ambiguous	THE DANGER OF TROPICAL OVER-PRODUCTION.	GARBELLING OF SPICES.
vol014_tropicalagricult1418ceyl|14|1894-10	257	h4	VARIOUS PLANTING NOTES.	0	FORWARD	heading+title same page	PLANT FOOD IN SOILS.	THE RELATIVE VALUE OF PLANTS FOR GREEN MANURING
vol014_tropicalagricult1418ceyl|14|1894-10	262	caps	JAMES BRITTEN.	0	KEEP	ambiguous	THE FLORA OF CEYLON. REVIEW.	"SISAL CULTURE: OR ""THE ROMANCE OF A GOVERNORSHIP."""
vol014_tropicalagricult1418ceyl|14|1894-11	355	h4	THE WYNAAD TEA COMPANY, LIMITED.	0	FORWARD	heading+title same page	INDIAN PATENTS.	AN OLD COFFEE COMPANY RECON- STRUCTED.
vol014_tropicalagricult1418ceyl|14|1894-11	355	h4	AN OLD COFFEE COMPANY RECON- STRUCTED.	0	FORWARD	heading+title same page	THE WYNAAD TEA COMPANY, LIMITED.	TEA, ARABIAN AND LIBBIAN COFFEE.
vol014_tropicalagricult1418ceyl|14|1894-12	447	h4	PARCHMENT COFFEE.	0	FORWARD	heading+title same page	E. ERNEST GREEN.	CEYLON TEA IN AMERICA.
vol014_tropicalagricult1418ceyl|14|1894-12	447	caps	D. W. CAMPBELL.	0	BACK	initials+surname	CEYLON TEA IN AMERICA.	SUGAR EXPORTS TO INDIA.
vol014_tropicalagricult1418ceyl|14|1895-01	538	h2	COFFEE AND PEPPER PLANTING IN SELANGOR :	0	FORWARD	heading+title same page	COFFEE PLANTING IN THE STRAITS.	LAND SALES AND REGULATIONS IN THE STRAITS SETTLEMENTS.
vol014_tropicalagricult1418ceyl|14|1895-03	678	caps	OLD TRAVELLER.	0	BACK	pseudonym	A FEW WORDS ON TEA, COFFEE, AND CACAO.	TEA AND SCANDAL.
vol014_tropicalagricult1418ceyl|14|1895-04	724	caps	ANOTHER ONE INTERESTED.	0	BACK	letter-signature	COCONUT PALM AND BEETLES.	THE MOON IN SCOTLAND.
vol014_tropicalagricult1418ceyl|14|1895-05	780	caps	COFFEE, CINNAMON.	0	FORWARD	heading+title same page	TEA SWEEPINGS IN LONDON	PARAGUAYAN TEA
vol014_tropicalagricult1418ceyl|14|1895-05	791	short	DRUG REPORT.(From *Chemist and Druggist*.)	3	FORWARD	heading+title same page	NYASSALAND COFFEE COMPANY.	THE LIVERPOOL OIL AND CHEMICAL MARKETS
vol014_tropicalagricult1418ceyl|14|1895-06	871	caps	VARIOUS PLANTING NOTES.	0	FORWARD	heading+title same page	THE AMSTERDAM DRUG-MARKET.	THE DARJEELING TEA COY
vol014_tropicalagricult1418ceyl|14|1895-06	876	h3	COCONUT PLANTING IN THE CHILAW DISTRICT:	0	FORWARD	heading+title same page	SCALE IN BOILERS.	MANY-HEADED COCONUT PALMS: FEVER, COOLIES AND TEA OR BOILED 
vol014_tropicalagricult1418ceyl|14|1895-06	898	h2	TEA COMPANIES' MEETINGS;	0	FORWARD	heading+title same page	CEYLON TEA PLANTATIONS COMPANY, LIMITED.	THE STANDARD TEA COMPANY OF CEYLON, LIMITED.
vol015_tropicalagricult1518ceyl|15|1895-08	114	h4	THE RUSSIAN TEA COMMISSIONERS IN CEYLON:	0	FORWARD	heading+title same page	A CEYLON PLANTER IN CALIFORNIA.	TEA CULTURE NEAR BATOUM.
vol015_tropicalagricult1518ceyl|15|1895-08	115	h4	JOTTINGS ON TOUR.	2	FORWARD	heading+title same page	TEA CULTURE NEAR BATOUM.	PRICES OF CEYLON TEA
vol015_tropicalagricult1518ceyl|15|1895-08	137	h4	VARIOUS PLANTING NOTES.	0	FORWARD	heading+title same page	LIBERIAN COFFEE CULTIVATION.	FAILURE OF THE ORANGE CROP IN FLORIDA
vol015_tropicalagricult1518ceyl|15|1895-08	141	caps	PLANTING AND PRODUCE.	0	FORWARD	heading+title same page	THE NAHALMA TEA ESTATES COMPANY, LIMITED.	TEA SWEEPINGS
vol015_tropicalagricult1518ceyl|15|1895-08	146	caps	PLANTING AND PRODUCE.	0	FORWARD	heading+title same page	THE AGAVE OR ALOE FIBRE.	THE CEYLON ASSOCIATION IN LONDON
vol015_tropicalagricult1518ceyl|15|1895-09	176	h2	SOME WELL-KNOWN TEA PESTS.	0	FORWARD	heading+title same page	CINNAMON OF CEYLON.	REMEDY FOR RED SPIDER.
vol015_tropicalagricult1518ceyl|15|1895-09	201	h4	VARIOUS PLANTING NOTES.	0	FORWARD	heading+title same page	COFFEE CULTIVATION IN NETHERLANDS INDIA.	MANURING OF TEA
vol015_tropicalagricult1518ceyl|15|1895-09	215	caps	WINDY CORNER.	0	BACK	letter-signature	WIND GALORE IN SOME PLANTING DISTRICTS.	HYDRAULIC LIMESTONE IN CEYLON.
vol015_tropicalagricult1518ceyl|15|1895-09	236	runin	CARDAMOMS	3	KEEP	ambiguous	CINCHONA BARK	COCONUT OIL
vol015_tropicalagricult1518ceyl|15|1895-10	269	h4	BOUND FOR EAST AFRICA.	0	FORWARD	heading+title same page	TEA PACKERS.	AN IMPORTANT APPOINTMENT.
vol015_tropicalagricult1518ceyl|15|1895-10	294	caps	NEW TEA COMPANIES.	0	FORWARD	heading+title same page	THE AGRICULTURAL MAGAZINE.	THE CEYLON PROVINCIAL ESTATES CO., LTD.
vol015_tropicalagricult1518ceyl|15|1895-10	297	caps	PRO BONO PUBLICO.	0	BACK	letter-signature	HYDRAULIC LIMESTONE AT JAFFNA.	PHYSIOLOGY OF THE CIRCULATION IN PLANTS.—CAMPHOR TREES IN SO
vol015_tropicalagricult1518ceyl|15|1895-10	299	h4	VARIOUS PLANTING NOTES.	0	FORWARD	heading+title same page	GRAPE GROWING AT 2,200 FEET IN CEYLON.	LIBERIAN COFFEE
vol015_tropicalagricult1518ceyl|15|1896-01	515	caps	VARIOUS PLANTING NOTES.	0	FORWARD	heading+title same page	COCONUT BUTTER	TRAVANCORE AND THE AMERICAN TEA FUND
vol015_tropicalagricult1518ceyl|15|1896-02	584	caps	CEYLON TEA IN AMERICA.	0	FORWARD	heading+title same page	CEYLON CACAO AND JAMAICA-TRINIDAD CACAO	CHANCE FOR A CEYLON ROOM AT PHILADELPHIA MUSEUM.
vol015_tropicalagricult1518ceyl|15|1896-04	693	h4	PLANTING AND PRODUCE.	0	FORWARD	heading+title same page	TEAS TAKE A TUMBLE.	THE MARKET FOR TEA IN NORTH AMERICA
vol015_tropicalagricult1518ceyl|15|1896-04	695	caps	GREEN TEA.	0	FORWARD	heading+title same page	GREEN TEA.	TEA-PLANTING IN INDIA.
vol015_tropicalagricult1518ceyl|15|1896-06	844	h2	TEA MARKET REPORTS.	0	FORWARD	heading+title same page	THE TAX ON TEA.	OUR LONDON TEA LETTER.
vol015_tropicalagricult1518ceyl|15|1896-06	908	h1	WILSON, SMITHETT & CO.'S TEA REPORT FOR 1895.	0	FORWARD	heading+title same page	MESSRS. ARBUTHNOT & COMPANY'S ANNUAL STATEMENT OF EXPORTS OF	WILSON, SMITHETT & CO.'S CEYLON TEA MEMORANDA FOR 1895.
vol016_tropicalagricult1618ceyl|16|1896-10	261	h4	VARIOUS PLANTING NOTES.	0	FORWARD	heading+title same page	STRAITS SETTLEMENTS RAMIE FIBRE CO., LTD.	RHEA FIBRE
vol016_tropicalagricult1618ceyl|16|1896-10	309	caps	C. ZANETTI.	0	BACK	initials+surname	"""NITRAGIN,"" OR THE USE OF PURE CULTIVATION OF BACTERIA FOR L"	REPORT OF MR. C. DRIEBERG, B.A., F.H.A.S., SUPERINTENDENT OF
vol016_tropicalagricult1618ceyl|16|1896-11	333	h4	TEA PROSPECTS.	0	FORWARD	heading+title same page	THE DYEING PROPERTIES OF JAKWOOD.	"TO THE EDITOR, ""INDIAN PLANTERS' GAZETTE."""
vol016_tropicalagricult1618ceyl|16|1896-11	336	caps	CINCHONA BARK IMPORTS.	2	KEEP	ambiguous	AMSTERDAM BARK SALES.	QUININE IMPORTS.
vol016_tropicalagricult1618ceyl|16|1896-11	379	caps	HENRY TRIMEN.	0	KEEP	ambiguous	DR. HENRY TRIMEN F.R.S.	"""NITRAGIN,"" OR THE USE OF PURE CULTIVATION BACTERIA FOR LEGU"
vol016_tropicalagricult1618ceyl|16|1896-12	443	caps	OVER PRODUCTION.	0	BACK	letter-signature	THE RHEA FIBRE SYNDICATE AND GRANTS.	CASTILLOA RUBBER.
vol016_tropicalagricult1618ceyl|16|1897-01	472	h2	TEA COMPANY MEETINGS.	0	FORWARD	heading+title same page	SUGAR AND TEA.	THE LANKA PLANTATIONS COMPANY, LIMITED.
vol016_tropicalagricult1618ceyl|16|1897-01	476	caps	NOTES FROM THE METROPOLIS.	3	FORWARD	heading+title same page	SELANGOR PLANTERS' ASSOCIATION	THE DUMONT COFFEE COMPANY.
vol016_tropicalagricult1618ceyl|16|1897-01	478	caps	PLANTING AND PRODUCE.	3	FORWARD	heading+title same page	THE COFFEE SITUATION	RUSSIA AND TEA CULTIVATION
vol016_tropicalagricult1618ceyl|16|1897-02	551	h4	A RECENT SOJOURNER IN INDIA.	0	FORWARD	heading+title same page	WHEAT:—INDIA'S SCARCITY—AMERICA'S OPPORTUNITY.	PLANTING AND PRODUCE.
vol016_tropicalagricult1618ceyl|16|1897-02	552	h2	INDIARUBBER IN AFRICA.	0	FORWARD	heading+title same page	A SUGGESTION TO WEST INDIAN PLANTERS	THE LANDOLPHIA VINE AND THE LAGOS-RUBBER TREE.
vol016_tropicalagricult1618ceyl|16|1897-02	564	h3	TEA-PLANTING AND CROPS (BY A CONTEMPORARY).	0	FORWARD	heading+title same page	GENERAL LETTER TO CUSTOMERS.	NOT A WORD AGAIN ABOUT MANURING !
vol016_tropicalagricult1618ceyl|16|1897-03	672	caps	SALLERS.	3	KEEP	ambiguous	FREIGHTS.	LOCAL MARKET.
vol016_tropicalagricult1618ceyl|16|1897-04	696	caps	GIPSY JOHN.	0	KEEP	ambiguous	A LESSON IN GARDENING IN CEYLON.	JADOO CRITICISED.
vol016_tropicalagricult1618ceyl|16|1897-04	706	h4	VARIOUS PLANTING NOTES.	0	FORWARD	heading+title same page	THE CHEMISTRY OF TEA.	TEA DUTY IN DENMARK
vol016_tropicalagricult1618ceyl|16|1897-05	760	h2	"""PIONEERS OF THE PLANTING ENTERPRISE IN CEYLON."""	2	KEEP	ambiguous		JOHN BROWN, ENGINEER AND PLANTER.
vol016_tropicalagricult1618ceyl|16|1897-06	854	h2	PROGRESS IN STRAITS.	0	FORWARD	heading+title same page	CACAO AND COCOA BUTTER.	KINTA
vol016_tropicalagricult1618ceyl|16|1897-06	860	caps	OLD DIMBOOLA.	1	BACK	letter-signature	NO. LXVI.	LXVII.
vol016_tropicalagricult1618ceyl|16|1897-06	865	caps	EX-INDIA PLANTER.	0	BACK	pseudonym	LXXXI.	LXXXII.
vol016_tropicalagricult1618ceyl|16|1897-06	901	h3	THE LABOUR QUESTION.	0	FORWARD	heading+title same page	TEA PLUCKING IN APRIL: A COUNTERBLAST.	"CEYLON PLANTING DISTRICTS—""AFTER EIGHT YEARS."""
vol016_tropicalagricult1618ceyl|16|1897-06	902	h4	WILD MAN OF THE WOODS.	0	FORWARD	heading+title same page	"CEYLON PLANTING DISTRICTS—""AFTER EIGHT YEARS."""	THE TREATMENT OF RAMIE OR RHEA FIBRE.
vol017_tropicalagricult1718ceyl|17|1897-07	72	caps	PLANTING PROSPECTS IN BRITISH	2	FORWARD	heading+title same page	A DECAYING INDUSTRY	ESTIMATE FOR LIBERIAN COFFEE.
vol017_tropicalagricult1718ceyl|17|1897-08	167	h3	FRUIT CULTURE.	1	FORWARD	heading+title same page	WOOD ASHES.	RESPIRATION OF ACTIVE ROOTS DEPENDENT ON THE MECHANICAL COND
vol017_tropicalagricult1718ceyl|17|1897-10	268	h4	COFFEE COMPANY'S REPORT.	0	FORWARD	heading+title same page	THE CONSOLIDATED TEA AND LANDS COMPANY, LIMITED.	THE DUMONT COFFEE COMPANY, LIMITED.
vol017_tropicalagricult1718ceyl|17|1897-11	371	h3	NEAR COLOMBO.	0	BACK	letter-signature	COCONUTS AND COPRA.	CASTOR OIL AND SUNFLOWER OIL.
vol017_tropicalagricult1718ceyl|17|1898-01	496	h3	CACAO DISEASE AND SHADE.	1	FORWARD	heading+title same page	THE AGRICULTURAL SCHOOL: A PRIZE STUDENT FROM THE STRAITS	PLANTING NOTES FROM MATALE WEST.
vol017_tropicalagricult1718ceyl|17|1898-01	520	h2	AN EXHORTATION TO CHINESE TEA PLANTERS:	0	FORWARD	heading+title same page	THE CHINA TEA TRADE, OLD AND NEW METHODS OF PREPARATION.	THE DUTCH MINISTER TO THE RESCUE.
vol017_tropicalagricult1718ceyl|17|1898-01	535	h4	CEYLON TEA COMPANIES.	0	FORWARD	heading+title same page	SALE OF ESTATE PROPERTY IN CEYLON DURING 1897.	A REVIEW.
vol017_tropicalagricult1718ceyl|17|1898-01	546	caps	GREATLY INTERESTED.	0	BACK	letter-signature	ESTATE SUPERINTENDENTS AND PROPRIETORS.	GEM DIGGING AND GOLD PROSPECTING IN CEYLON.
vol017_tropicalagricult1718ceyl|17|1898-02	559	short	—Indian Museum Notes.	0	FORWARD	heading+title same page	CATALOGUE OF COCCIDÆ COLLECTED IN CEYLON.	YIELD OF BLUE-GUM PLANTATIONS.
vol017_tropicalagricult1718ceyl|17|1898-02	568	h2	The Planting Districts in 1897.	0	FORWARD	heading+title same page	A NEW PRODUCT FOR EXPORT	HANTANA DISTRICT IN 1897.
vol017_tropicalagricult1718ceyl|17|1898-03	660	h2	NOTES ON BALANGODA-BAMBARA-BOTUWA.	0	FORWARD	heading+title same page	STENNING, INSKIPP & CO.'S CEYLON, &C., TEA MARKET REVIEW FOR	A NEW CEYLON TEA DISTRICT.
vol017_tropicalagricult1718ceyl|17|1898-03	676	caps	HARCOURT SKRINE.	0	KEEP	ambiguous	A SEPARATE REPORT BY MR. HARCOURT SKRINE.	TEA PLANTATION COMPANIES, LIMITED, IN RUPEE CURRENCY
vol017_tropicalagricult1718ceyl|17|1898-03	682	h4	IMPORTANT LETTER ON DEFECTIVE MANUFACTURE.	0	FORWARD	heading+title same page	THE CEYLON TEA CAMPAIGN IN AMERICA.	ANOTHER “BATTLE OF THE STANDARDS.”
vol017_tropicalagricult1718ceyl|17|1898-04	752	caps	G. LE BARRATT.	0	BACK	letter-signature	PLANTING NOTES.	"""ARTOCARPUS NOBILIS""—A QUERY?"
vol017_tropicalagricult1718ceyl|17|1898-05	832	caps	FREIGHTS.	0	KEEP	ambiguous	COLOMBO PRICE CURRENT.	LOCAL MARKET.
vol017_tropicalagricult1718ceyl|17|1898-06	876	h4	CEYLON TEA COMPANY MEETINGS.	0	FORWARD	heading+title same page	EXPORT OF TEA FROM JAPAN TO UNITED STATES AND CANADA.	CEYLON TEA PLANTATIONS COMPANY, LTD. (From our own Reporter.
vol017_tropicalagricult1718ceyl|17|1898-06	887	h4	MAURITIUS;	3	BACK	letter-signature	SNIPE IN CEYLON:	VANILLA
vol017_tropicalagricult1718ceyl|17|1898-06	903	caps	DRUG REPORT.	0	FORWARD	heading+title same page	LOTUS LEAVES: (NYMPHÆA LOTUS.)	CINCHONA
vol018_tropicalagricult1818ceyl|18|1898-07	21	h2	INDIAN AND CEYLON TEA.	0	FORWARD	heading+title same page	RESEARCHES IN PRUNING FRUIT TREES.\*	ANNUAL REVIEW.
vol018_tropicalagricult1818ceyl|18|1898-07	46	h2	AN OPENING FOR INDIAN FRUIT.	0	FORWARD	heading+title same page	CHINA TEA IN AMERICA	EFFECT OF THE SPANISH-AMERICAN WAR.
vol018_tropicalagricult1818ceyl|18|1898-09	229	h2	SUGAR IN MAURITIUS AND TEA AND CACAO IN CEYLON.	0	FORWARD	heading+title same page	ABOLITION OF THE IMPERIAL TEA DUTY.	ANGLO-CEYLON AND GENERAL ESTATES COMPANY, LIMITED.
vol018_tropicalagricult1818ceyl|18|1898-10	278	h4	THE NORTH-WEST PROVINCE.	0	FORWARD	heading+title same page	TEA BULKING AND TARING CHARGES.	POUDRETTE: BARREN SOILS.
vol018_tropicalagricult1818ceyl|18|1898-10	287	h4	BAMBOO BASKETS: A HINT FOR PLANTERS.	0	FORWARD	heading+title same page	A NEW FLOORING.	"A ""WRINKLE."""
vol018_tropicalagricult1818ceyl|18|1898-10	294	caps	W. MACKENZIE.	0	BACK	initials+surname	CEYLON TEA IN AMERICA.	PLANTING NOTES.
vol018_tropicalagricult1818ceyl|18|1898-10	306	caps	CACAO IN TRINIDAD.	0	FORWARD	heading+title same page	RUBBER IN MEXICO	CACAO BLIGHT
vol018_tropicalagricult1818ceyl|18|1898-11	335	caps	PLANTING IN THE NORTH-WESTERN PROVINCE.	2	FORWARD	heading+title same page	THE JAVA QUININE FACTORY.	THE DROUGHT.
vol018_tropicalagricult1818ceyl|18|1898-12	464	h4	CEYLON TEA IN AMERICA.	0	FORWARD	heading+title same page	No. II.	LETTER FROM MR. W. MACKENZIE.
vol018_tropicalagricult1818ceyl|18|1899-01	504	h2	MADRAS SCHOOL OF ARTS.	0	FORWARD	heading+title same page	THE KOLA-NUT IN THE CENTRAL SOUDAN.	THE ALUMINIUM INDUSTRY.
vol018_tropicalagricult1818ceyl|18|1899-01	507	h3	COCONUTS IN THE NORTH-WESTERN PROVINCE.	0	FORWARD	heading+title same page	THE CHARGES ON TEA.	THE NEW DESICCATING MILLS.
vol018_tropicalagricult1818ceyl|18|1899-01	509	h4	CEYLON TEA.	0	FORWARD	heading+title same page	"THE AMERICAN ""TEA EYE."""	Oriental Visitor of High Caste.
vol018_tropicalagricult1818ceyl|18|1899-02	561	h2	CEYLON TEA CORPORATION:—A DISASTROUS COMMENCEMENT.	0	FORWARD	heading+title same page	CHANGES IN THE TEA TRADE	SIR CHARLES LAWSON'S VIEWS ON THE POSITION.
vol018_tropicalagricult1818ceyl|18|1899-02	604	bold	MINOR PRODUCTS REPORT.	2	FORWARD	heading+title same page	THE AMOUNT OF HUSK IN CACAO SEEDS OF VARIOUS ORIGINS.	COCA LEAVES
vol018_tropicalagricult1818ceyl|18|1899-03	676	caps	KLONDYKE.	0	KEEP	ambiguous	"A SCRAMBLE AFTER ""IBEX"" IN NORTH TRAVANCORE."	ANOTHER CAMBRIDGE SCIENTIFIC EXPEDITION TO THE FAR EAST.
vol018_tropicalagricult1818ceyl|18|1899-03	688	h2	SEASON REPORTS FOR JANUARY, 1899.	0	FORWARD	heading+title same page		RAINFALL TAKEN AT THE SCHOOL OF AGRICULTURE DURING THE MONTH
vol018_tropicalagricult1818ceyl|18|1899-04	748	h2	THE HORREKELLY CO., LTD.	0	FORWARD	heading+title same page	A WORD TO CEYLON TEA PLANTERS.	THE COCONUT INDUSTRY IN CEYLON.
vol019_tropicalagricult1918ceyl|19|1899-07	65	h3	"CEYLON ""THIRTY COMMITTEE."""	0	FORWARD	heading+title same page	ORCHIDS IN FLOWER AT THE ROYAL BOTANICAL GARDENS, PERADENIYA	CEYLON TEA IN AMERICA.
vol019_tropicalagricult1918ceyl|19|1899-08	146	caps	JOSEPH HOLLOWAY.	0	BACK	letter-signature	Correspondence.To the Editor.TEA ON VIRGIN SOIL; AND HOW	USEFUL TIMBER TREES (CASUARINA.)
vol019_tropicalagricult1918ceyl|19|1899-08	152	caps	KLONDYKE.	0	KEEP	ambiguous	NORTH TRAVANCORE NOTES	CULTIVATION OF SEEDLESS PLANTS.
vol019_tropicalagricult1918ceyl|19|1899-08	153	h4	DIRT IN TEA.	0	FORWARD	heading+title same page	MINOR PRODUCTS REPORT.	COMMERCIAL INTELLIGENCE.
vol019_tropicalagricult1918ceyl|19|1899-08	161	caps	A. VAN STARREX.	3	BACK	letter-signature	ROYAL GARDENS, KEW, TO COLONIAL OFFICE.	RAINFALL TAKEN AT THE SCHOOL OF AGRICULTURE DURING THE MONTH
vol019_tropicalagricult1918ceyl|19|1899-09	183	caps	MINOR PRODUCTS REPORT.	2	FORWARD	heading+title same page	COCOA	CARDAMOMS
vol019_tropicalagricult1918ceyl|19|1899-09	208	h4	THE INSECT ON YOUNG TEA IN THE MORAWAK KORALE.	0	FORWARD	heading+title same page	THE AGRI-HORTICULTURAL SHOW.	A LOCAL EXPERIENCE—NOT LIKELY TO SPREAD.
vol019_tropicalagricult1918ceyl|19|1899-09	225	h4	DR. GEORGE WATT'S COMING TOUR.	0	FORWARD	heading+title same page	FACILITIES FOR MAKING TEA.	COMMERCIAL SECTION OF THE INDIAN MUSEUM.
vol019_tropicalagricult1918ceyl|19|1899-12	428	short	London, 18th October.	0	FORWARD	heading+title same page	THE CAROLINA TEA COMPANY OF CEYLON.SEVENTH ANNUAL REPORT	MESSRS. SCHIMMEL & CO., OF LEIPSIC AND NEW YORK.THEIR ASSOCI
vol019_tropicalagricult1918ceyl|19|1899-12	439	caps	SUUM CUIQUE.	0	KEEP	ambiguous	"THE ""KNOCK-OUT"" IN THE TEA MARKET."	"A REPLY TO ""SUUM CUIQUE."""
vol019_tropicalagricult1918ceyl|19|1900-04	686	h2	WATTLE CULTIVATION.	0	FORWARD	heading+title same page	ORANGES: HOW I MANAGE TO HAVE RIPE ONES.	A NEGLECTED QUEENSLAND INDUSTRY.
vol019_tropicalagricult1918ceyl|19|1900-05	764	h2	THE STRAITS: DEVELOPMENT OF THE FEDERATED MALAY STATES.	0	FORWARD	heading+title same page	HYBRIDISM IN CITRUS	COFFEE, COCONUTS, AND RUBBER IN PERAK.
vol019_tropicalagricult1918ceyl|19|1900-05	773	short	The appointment of an Auditor rests with the Meeting.	0	FORWARD	heading+title same page	NAHAVILLA ESTATES COMPANY, LD.	THE CAMPHOR TREE
vol019_tropicalagricult1918ceyl|19|1900-06	831	h2	NOTES OF A CAMP ON THE PERIAR DAM, TRAVANCORE.	0	FORWARD	heading+title same page	A SKETCH OF THE HISTORY OF INDIAN BOTANY.\*	SPORT WITH BISON &c.
vol019_tropicalagricult1918ceyl|19|1900-06	881	h4	SPORT IN INDIA.	0	FORWARD	heading+title same page	THE GAME LAWS OF CEYLON	MR. DRUMMOND DEANE AND COUNT TELIKI'S EXPEDITION.
vol019_tropicalagricult1918ceyl|19|1900-06	888	caps	RUBBER CULTIVATION IN INDIA.	0	FORWARD	heading+title same page	"THE NEW ""CODE"" FOR RURAL EDUCATION."	A GOVERNMENT PLANTATION SANCTIONED.
vol020_tropicalagricult2019ceyl|20|1900-07	24	h2	“PIONEERS OF THE PLANTING ENTERPRISE IN CEYLON.”	2	KEEP	ambiguous		THE LATE HENRY TRIMEN, F.R.S., F.L.S., M.B., &C.
vol020_tropicalagricult2019ceyl|20|1900-07	53	h3	ON RICE MEAL.	0	FORWARD	heading+title same page	THE PLUMBAGO TRADE IN LONDON.	A SUGGESTION FOR INDIAN FAMINE RELIEF.
vol020_tropicalagricult2019ceyl|20|1900-07	57	h3	PRODUCE AND PLANTING.	0	FORWARD	heading+title same page	THE NAHALMA TEA ESTATE CO., LTD.	A SUGGESTED SUBSTITUTE FOR COFFEE
vol020_tropicalagricult2019ceyl|20|1900-08	149	short	(Signed) JOHN C. WILLIS, Director, R.B.G.	0	BACK	pseudonym	CAMPHOR CULTIVATION.	PRODUCE AND PLANTING.
vol020_tropicalagricult2019ceyl|20|1900-09	179	h2	FRUIT CULTURE IN QUEENSLAND	3	FORWARD	heading+title same page	AGRICULTURAL EDUCATION IN GREATER BRITAIN.	THE COMPOSITION AND APPLICATION OF MANURES.
vol020_tropicalagricult2019ceyl|20|1900-09	209	h3	MAGALIESBERG TOBACCO INDUSTRY.	3	FORWARD	heading+title same page	RICHARD TEMPLE.	ADVENTURES AND EXPERIENCES.
vol020_tropicalagricult2019ceyl|20|1900-09	228	caps	PLANTING NOTES.	0	FORWARD	heading+title same page	TROPICAL PLANTS IN QUEENSLAND.ANNUAL REPORT FOR THE STATE NU	PEACHES IN GEORGIA, U. S. A
vol020_tropicalagricult2019ceyl|20|1900-09	231	caps	FELIS CHAUS.	0	KEEP	ambiguous	TIGER SHOOTING IN THE MALNI FORESTS, C. P. INDIA.	THE CEYLON PLUMBAGO TRADE.
vol020_tropicalagricult2019ceyl|20|1900-09	232	caps	THE PROSPECTS OF CEYLON TEA	2	FORWARD	heading+title same page	EXPORTS FROM CEYLON.	"LOCAL MANUFACTURE OF ""GREEN"" TEA."
vol020_tropicalagricult2019ceyl|20|1900-10	251	h2	FRUIT CULTURE IN QUEENSLAND.	3	FORWARD	heading+title same page	AGRICULTURAL EDUCATION IN GREATER BRITAIN.	THE COMPOSITION AND APPLICATION OF MANURES.
vol020_tropicalagricult2019ceyl|20|1900-10	273	caps	CEYLON TREES:	0	FORWARD	heading+title same page	PRODUCTION OF TEA IN INDIA.OFFICIAL STATISTICS	SECTIONS WANTED.
vol020_tropicalagricult2019ceyl|20|1900-10	295	h4	PLANTING NOTES.	0	FORWARD	heading+title same page	BRICK TEA FROM LONDON TO RUSSIA: INDIAN TEA AND THE PARIS EX	MANGANESE MINING IN CENTRAL INDIA
vol020_tropicalagricult2019ceyl|20|1900-10	922	h3	EARLY SINHALESE LITERATURE.	0	KEEP	ambiguous	MEDICAL SCIENCE IN CEYLON.	PROF. W. GEIGER ON THE LITERATURE AND LANGUAGE OF THE SINHAL
vol020_tropicalagricult2019ceyl|20|1900-11	325	h2	THE FIRST PUBLIC SALE OF GREEN TEA IN COLOMBO.	3	FORWARD	heading+title same page		FINE GREEN TEAS FROM A KALUTARA ESTATE.
vol020_tropicalagricult2019ceyl|20|1900-11	344	caps	"""A TRUE SPORTSMAN."""	0	BACK	pseudonym	BIG GAME IN AFRICA.	CEYLON TEA PLANTING.
vol020_tropicalagricult2019ceyl|20|1900-11	356	caps	NATHAN SHARPE,	0	BACK	letter-signature	THE COOL PROCESS OF TEA MANUFACTURE.	HOW TO DEVELOPE TRADE.
vol020_tropicalagricult2019ceyl|20|1900-12	424	h4	MINOR INDUSTRIES:	0	FORWARD	heading+title same page	ANTI-VENOMOUS SERUM.	VANILLA; ALOE FIBRE; AND SOAP. (Communicated.)
vol020_tropicalagricult2019ceyl|20|1900-12	428	h3	PRODUCE AND PLANTING.	0	FORWARD	heading+title same page	STATISTICS OF THE PRODUCTION OF COFFEE IN INDIA.	TEA: A WARNING.
vol020_tropicalagricult2019ceyl|20|1901-02	552	h4	PROFESSOR KOCH ON MALARIA.	0	FORWARD	heading+title same page	SEYCHELLES AND MAURITIUS TRADE.	FINAL REPORT ON THE GERMAN EXPEDITION.
vol020_tropicalagricult2019ceyl|20|1901-02	559	h4	PRODUCE AND PLANTING.	0	FORWARD	heading+title same page	PLANTING IN NYSSALAND.	SHAREHOLDERS AND THEIR GRIEVANCES
vol020_tropicalagricult2019ceyl|20|1901-02	565	caps	PLANTING NOTES.	0	FORWARD	heading+title same page	BRAZIL COFFEE NOTES.	COCONUT OIL SCARCE AND HIGHER
vol020_tropicalagricult2019ceyl|20|1901-02	570	caps	ANOTHER V. A.	0	BACK	letter-signature	LIVE AND LET LIVE.	PLANTING NOTES.
vol020_tropicalagricult2019ceyl|20|1901-03	625	h3	TEA: POSITION AND PROSPECTS AT END OF YEAR IN LONDON.	0	FORWARD	heading+title same page	SUGGESTED DANGER FROM ARTIFICIAL MANURES.	MCMEEKIN & Co.'S NOTES ON INDIAN AND CEYLON TEAS.
vol020_tropicalagricult2019ceyl|20|1901-03	628	h4	THE SUMATRA FIBRE PLANTER.	0	BACK	pseudonym	RUBBER FIND.	TOBACCO ABANDONED FOR RAMIE.
vol020_tropicalagricult2019ceyl|20|1901-03	639	caps	BROKERS.	2	BACK	letter-signature	OVER-SUPPLY—LOW PRICES.	PLANTING NOTES.GOOD PRICES: A HINT TO THE TEA FOLK.
vol020_tropicalagricult2019ceyl|20|1901-05	817	h4	CAPE TO CAIRO.	0	KEEP	ambiguous	A GOOD BUNCH OF BANANAS.	COFFEE-PLANTING IN NYASSALAND.
vol021_tropicalagricult2119ceyl|21|1901-07	73	h3	CACAO DISEASE IN TRINIDAD.	0	FORWARD	heading+title same page	THE TEA TRADE:	MR. MASSEE'S REPORT.
vol021_tropicalagricult2119ceyl|21|1901-07	77	caps	MR. THOMAS CHRISTY OF LONDON	3	FORWARD	heading+title same page	ROYAL COLONIAL TOUR.	SOAP-MAKING AND COCONUT OIL:
vol021_tropicalagricult2119ceyl|21|1901-08	107	h2	THE COMMON DATE PALM.	0	FORWARD	heading+title same page	FRUITS IN EGYPT.	CAN IT BE GRAFTED?
vol021_tropicalagricult2119ceyl|21|1901-09	205	h4	AGAVE.	3	BACK	letter-signature	ALOE: A NEW INDUSTRY IN SOUTH INDIA.	PLANTING NOTES.
vol021_tropicalagricult2119ceyl|21|1901-11	354	caps	IN CACAO.	0	FORWARD	heading+title same page	CACAO AND CRITICISM.	SIZE OF “TEA GARDEN” FOR ECONOMICAL MANAGEMENT.
vol021_tropicalagricult2119ceyl|21|1901-11	354	h4	AN OLD HAND AT TEA.	0	FORWARD	heading+title same page	PROPRIETOR AND MANAGER.	THE CACAO CIRCULAR: A SEVERE CRITIC.
vol021_tropicalagricult2119ceyl|21|1901-11	355	caps	SIR JOHN MUIR COMPANIES.	0	FORWARD	heading+title same page	THE JAVA COFFEE CROP, 1901.	ANGLO-AMERICAN DIRECT TEA TRADING COMPANY, LIMITED.
vol021_tropicalagricult2119ceyl|21|1901-12	411	h2	TO FIGHT MALARIA.	0	KEEP	ambiguous	THE LATEST VENTURE IN BRITISH CENTRAL AFRICA.	£100,000 REQUIRED FOR AN ENGLISH SCHOOL.
vol021_tropicalagricult2119ceyl|21|1901-12	419	caps	FREUDENBERG & Co.	0	BACK	letter-signature	COTTON CULTIVATION IN CEYLON.	POISONOUS SNAKE-BITES.
vol021_tropicalagricult2119ceyl|21|1902-02	565	h2	COCONUT PLANTING IN THE NORTH-WESTERN PROVINCE.	0	KEEP	no next title on page	SIR HENRY GILBERT,	NEWS NOTES.
vol021_tropicalagricult2119ceyl|21|1902-04	690	h4	PRODUCE AND PLANTING.	0	FORWARD	heading+title same page	CEYLON GREENS PRAISED IN CANADA.	TEA IMPORTERS AND WHOLESALE DEALERS OF NEW YORK
vol021_tropicalagricult2119ceyl|21|1902-05	788	h2	A FRENCH REVIEW OF THE CEYLON HANDBOOK AND DIRECTORY.	0	FORWARD	heading+title same page	GREEN TEAS AND—GREEN TEAS.	HIGH APPRECIATION OF THE AGRICULTURAL AND PLANTING REVIEW.
vol021_tropicalagricult2119ceyl|21|1902-05	790	h4	THE MYCOLOGIST'S REPORT FOR 1901: DEVELOPING NEW ORANGES.	0	FORWARD	heading+title same page	INDIARUBBER IN NATAL.	AMERICAN EXPERIMENTS.
vol022_tropicalagricult2219ceyl|22|1902-07	36	caps	50 ACRES OF LAND AT 1s. PER ANNUM.	0	FORWARD	heading+title same page	POINTS FOR PRACTICAL PATRIOTS	IN THE NEW HEBRIDES.
vol022_tropicalagricult2219ceyl|22|1902-07	62	h2	INDIAN TEA ASSOCIATION.	0	FORWARD	heading+title same page	VANILLA GROWING.	BOUNTY ON GREEN TEAS.
vol022_tropicalagricult2219ceyl|22|1902-09	174	h2	GOVERNMENT HELP TO SELANGOR PLANTERS.	0	FORWARD	heading+title same page	RAMIE.\*	THE BEE HAWK MOTH.
vol022_tropicalagricult2219ceyl|22|1902-09	185	h2	ENGLISH MERCHANTS IN THE FRENCH CONGO.	0	FORWARD	heading+title same page	AIRBORNE TYPHOID	RUBBER AND OTHER PRODUCTS.
vol022_tropicalagricult2219ceyl|22|1902-10	275	h2	AMAZONIAN RUBBER.	0	FORWARD	heading+title same page	TRADE FOR FIRST HALF OF 1902	TRAMWAY CONCESSION IN PARA.
vol022_tropicalagricult2219ceyl|22|1902-10	276	h2	THE KLANG COFFEE CULTIVATION COMPANY.	0	FORWARD	heading+title same page	A NEW EDIBLE TUBER.	PARA RUBBER GROWING SUCCESSFULLY.
vol022_tropicalagricult2219ceyl|22|1902-10	278	caps	CONSUL DAVIDS.	0	KEEP	ambiguous	PRODUCTS AND TRADE OF JAVA FOR 1901.	MICA PRODUCTION IN 1901.
vol022_tropicalagricult2219ceyl|22|1902-11	339	h4	LANKA.	0	KEEP	ambiguous	CEYLON TEA IN AUSTRALIA.	TEA IN MELBOURNE.
vol022_tropicalagricult2219ceyl|22|1902-11	369	h3	THE OBNOXIOUS PREPARATIONS OF CHINA AND JAPAN TEAS:	0	FORWARD	heading+title same page	CEYLON TEA FOR AMERICANS IN THE PHILIPPINES.	"MORE AUTHENTIC ""COPY"" FOR A P. A. PAMPHLET."
vol022_tropicalagricult2219ceyl|22|1902-11	371	h4	TEA SCRIP.	0	KEEP	no next title on page	WANTED:—CHEAP FREIGHTS TO AUSTRALIA:	PLANTING NOTES.
vol022_tropicalagricult2219ceyl|22|1902-12	407	caps	TOM-TIT.	0	KEEP	ambiguous	BEAR SHOOTING IN CEYLON	WHERE GREEN TEA IS GROWN (? MADE.)
vol022_tropicalagricult2219ceyl|22|1903-01	481	h2	THE TRADE OF CEYLON.	0	FORWARD	heading+title same page	RUBBER IN AFRICA AND SOUTH AMERICA.	A MADRAS REVIEW AND CRITICISM.
vol022_tropicalagricult2219ceyl|22|1903-01	481	h3	A MADRAS REVIEW AND CRITICISM.	0	FORWARD	heading+title same page	THE TRADE OF CEYLON.	A LECTURE PROPOSED.
vol022_tropicalagricult2219ceyl|22|1903-02	569	h3	THE BRAZILIAN RUBBER CROP.	0	FORWARD	heading+title same page	SEYCHELLES VANILLA.	DEVELOPMENT OF THE GUTTA PERCHA INDUSTRY.
vol022_tropicalagricult2219ceyl|22|1903-02	580	caps	OBITUARY.**—[?].	0	KEEP	ambiguous	1902-1903.THE DIMBULA PLANTERS' ASSOCIATION: COMMITTEE'S REP	"MR. T. FAIRHURST'S ADDRESS ON ""OOLONGS."""
vol022_tropicalagricult2219ceyl|22|1903-04	701	caps	WEIGHT OF PACKAGES TO AUSTRALIA:	0	FORWARD	heading+title same page	A RESOLUTION WITHDRAWN.	FREE TRADE IN TEA BOXES WANTED.
vol022_tropicalagricult2219ceyl|22|1903-05	769	h3	RETURN OF MR. T. FAIRHURST FROM THE STRAITS.	0	FORWARD	heading+title same page	TEA IN NATAL.	RUBBER TAPPING FROM PARA TREES.
vol022_tropicalagricult2219ceyl|22|1903-05	802	h4	NEW RUBBER COMPANIES.	0	FORWARD	heading+title same page	CEYLON PLANTERS RUBBER SYNDICATE.	BOLIVIAN RUBBER AND GENERAL ENTERPRISE, LTD.
vol022_tropicalagricult2219ceyl|22|1903-05	812	h4	HOUSEHOLD HINTS.	0	KEEP	ambiguous	PLANTAIN FIBRE.	ARROWROOT BISCUITS
vol022_tropicalagricult2219ceyl|22|1903-06	839	h4	MR. KINGSTON AND THE KANAKA QUESTION.	0	FORWARD	heading+title same page	SENSATIONAL ADVANCE IN THE PRICE OF PEARL SHELL.	"""YELLOW AGONY"" AND ""BLACK CURSE."""
vol022_tropicalagricult2219ceyl|22|1903-06	876	h4	STOP AND THINK?	0	BACK	letter-signature	CHINA AND JAVA TEAS IN GREAT REQUEST IN LONDON.	INDIA AND GREEN TEA.
vol023_tropicalagricult2319ceyl|23|1903-07	74	h2	RUBBER CULTIVATION AT LAGOS.	0	FORWARD	heading+title same page	CEYLON COURT OF THE WORLD'S FAIR	NEED FOR AN INDIAN FOREST EXPERT.
vol023_tropicalagricult2319ceyl|23|1903-08	166	h4	BANANA FIGS.	0	FORWARD	heading+title same page	THE PROTECTION OF INSECTIVOROUS BIRDS.	AN INTERESTING EXPERIMENT.
vol023_tropicalagricult2319ceyl|23|1903-11	363	caps	PERFECTLY CLEAN.	0	KEEP	ambiguous	BENGAL GOVERNMENT CINCHONA PLAN-TATION AND FACTORY.	RUBBER.
vol023_tropicalagricult2319ceyl|23|1903-12	442	caps	D. EDWARDS RADCLYFFE.	0	BACK	letter-signature	THE CULTIVATION OF RAMIE FIBRE	THE MANURIAL VALUE OF RAINWATER.
vol023_tropicalagricult2319ceyl|23|1904-02	587	h3	RAKWANA PLANTERS' ASSOCIATION.	0	FORWARD	heading+title same page	AMBAGAMUWA PLANTERS' ASSOCIATION. ANNUAL REPORT FOR 1903-190	ANNUAL REPORT FOR THE YEAR 1903.
vol023_tropicalagricult2319ceyl|23|1904-02	589	h4	INSPECTOR OF PEARL FISHERIES.	0	FORWARD	heading+title same page	COTTON-GROWING WITHIN THE EMPIRE	MR. HORNELL'S NEW APPOINTMENT.
vol023_tropicalagricult2319ceyl|23|1904-02	589	h5	LEASE OF CROWN LAND IN ANURADHAPURA DISTRICT.	0	FORWARD	heading+title same page	THE FIRST VISIT TO THE BANKS.	MR. H STOREY APPLIES FOR 669 ACRES.
vol023_tropicalagricult2319ceyl|23|1904-02	597	h3	NUWARA ELIYA DISTRICT P. A.	0	KEEP	ambiguous	UPPER MASKELIYA ESTATES CO., LTD.THE REPORT.	ANNUAL REPORT.
vol023_tropicalagricult2319ceyl|23|1904-02	597	h3	KANDY DISTRICT PLANTERS' ASSOCIATION,	0	FORWARD	heading+title same page	ANNUAL REPORT.	ANNUAL REPORT 1903.
vol023_tropicalagricult2319ceyl|23|1904-05	782	h4	ENGLISH TROUT OVA IN CEYLON.	0	FORWARD	heading+title same page	NEW RUBBER COMPANY FOR CEYLON.	LATEST CONSIGNMENTS DISAPPOINTING.
vol023_tropicalagricult2319ceyl|23|1904-06	851	h4	PLANTING AND OTHER NOTES.	0	FORWARD	heading+title same page	CINCHONA OUSTED BY CEYLON AND JAVA.	COTTON IN BRITISH HONDURAS
vol026_tropicalagricul261906ceyl|26|1906-02	86	h2	PLANT SANITATION.	0	FORWARD	heading+title same page	(Annexure E.)	Entomological Notes.
vol026_tropicalagricul261906ceyl|26|1906-03	124	h3	The World's Rubber.	0	FORWARD	heading+title same page	New Products in Ceylon.	CEARA RUBBER (MANIHOT GLAZIOVII) IN CEYLON.
vol026_tropicalagricul261906ceyl|26|1906-03	143	h2	The Rubber Market.	0	FORWARD	heading+title same page	REPORT ON LACE RUBBER.	THE LONDON RUBBER SHARE MARKET IN 1905.
vol026_tropicalagricul261906ceyl|26|1906-03	195	caps	COCOA EXPORTED FROM SURINAM.	2	KEEP	no next title on page	COCOA EXPORTED FROM VENEZUELA IN 1904.	Edible Products.WORLD'S COCOA CONSUMPTION
vol026_tropicalagricul261906ceyl|26|1906-03	202	h2	PLANT SANITATION.	0	FORWARD	heading+title same page	STEM-BORER OF TOBACCO.	Entomological Notes.
vol026_tropicalagricul261906ceyl|26|1906-05	456	h2	The Nuwara Eliya Agri-Horticultural Show.	0	KEEP	no next title on page	Literature of Economic Botany and Agriculture. V	OFFICIAL REPORTS.
vol027_tropicalagricul271906ceyl|27|1906-07	116	h3	Poultry Notes.	2	FORWARD	heading+title same page	Market Gardening in Nuwara Eliya.	DISEASES OF POULTRY.
vol027_tropicalagricul271906ceyl|27|1906-11	414	h2	THE INDUSTRY IN THE MALAY PENINSULA.	0	FORWARD	heading+title same page	Saps and Exudations.*THE PREFERRED FORMS OF PLANTATION RUBBE	THE LABOUR PROBLEM: LACK OF NERVE IN RUBBER.
vol027_tropicalagricul271906ceyl|27|1906-11	418	h2	Camphor.	0	KEEP	ambiguous	THE LONDON RUBBER MARKET.	THE CHINESE INDUSTRY, 1905.
vol027_tropicalagricul271906ceyl|27|1906-11	441	h3	THE EGYPTIAN COTTON WORM.	0	FORWARD	heading+title same page	Entomological Notes.	A NATURAL AND ECONOMIC METHOD FOR PREVENTION.
vol028_tropicalagricul281907ceyl|28|1907-01	15	h2	GUMS, RESINS, SAPS, AND EXUDATIONS.	0	FORWARD	heading+title same page		Para Rubber: Distance and Interplanting.
vol028_tropicalagricul281907ceyl|28|1907-03	190	h2	RECENT PROBLEMS IN AGRICULTURE.	0	FORWARD	heading+title same page	BOTANY IN THE PUBLIC SCHOOLS AND ON THE FARM.	WHAT A UNIVERSITY FARM IS FOR.
vol030_tropicalagricul301908ceyl|30|1908-02	188	h2	TEA IN 1907.	0	FORWARD	heading+title same page		MESSRS. McMEEKIN & CO.'S ANNUAL REPORT.
vol030_tropicalagricul301908ceyl|30|1908-02	195	caps	ARBORIST.	0	KEEP	ambiguous	"**""TREE CULTURE BY STREAMS AND RESERVOIR-AFFORESTATION IN WA"	CEYLON'S CARDAMOM EXPORTS FOR 1907.
vol030_tropicalagricul301908ceyl|30|1908-02	206	bold	DAMAGING RUBBER TREES.	0	FORWARD	heading+title same page	RUBBER IN MALAYA.	**DESCRIPTION OF PESTS THAT OCCUR
vol030_tropicalagricul301908ceyl|30|1908-03	269	h2	APICULTURE.	0	BACK	letter-signature	THE POSSIBILITIES BEFORE THE AGRICULTURAL SOCIETY: ITS BOARD	RESCUING BEES.
vol030_tropicalagricul301908ceyl|30|1908-03	299	h3	COCONUT, RUBBER AND OTHER TROPICAL PRODUCTS.	0	FORWARD	heading+title same page	BANANA TRADE OF DUTCH GUIANA.	IN THE SOLOMON ISLANDS GROUP. A NEW DEVELOPMENT COMPANY.
vol030_tropicalagricul301908ceyl|30|1908-05	502	h2	NUWARA ELIYA AGRI-HORTICULTURAL SHOW.	3	FORWARD	heading+title same page	LITERATURE OF ECONOMIC BOTANY AND AGRICULTURE, XXVIII.	JOINED REPORT BY MESSRS. H. F. MACMILLAN AND J. K. NOCK.
vol030_tropicalagricul301908ceyl|30|1908-05	506	h2	BOARD OF AGRICULTURE.	0	FORWARD	heading+title same page	NOTES AND QUERIES.	MINUTES OF THE 40TH MEETING.
vol030_tropicalagricul301908ceyl|30|1908-05	538	caps	PROGRESS.	0	BACK	letter-signature	COTTON GROWING IN CEYLON:	COTTON-GROWING AND IRRIGATION.
vol030_tropicalagricul301908ceyl|30|1908-06	545	h3	RUBBER SAMPLES FROM INDIA.	0	FORWARD	heading+title same page		PARA RUBBER FROM MERGUI, BURMA.
vol031_tropicalagricul311908ceyl|31|1908-11	447	h2	GUMS, RESINS, SAPS AND EXUDATIONS.	0	FORWARD	heading+title same page		THE COLLECTION OF PARA RUBBER ON THE AMAZON, AND ITS FUTURE.
vol031_tropicalagricul311908ceyl|31|1908-12	564	h4	A NOISELESS LONDON.	0	FORWARD	heading+title same page	CASTILLOA ON THE ISTHMUS OF TEHUANTEPEC.	WHAT RUBBER-PAVED STREETS WOULD ACCOMPLISH. (*D. Mail.*)
vol032_tropicalagricul321909ceyl|32|1909-01/06	15	caps	COCONUTS IN THE DRY ZONE OF CEYLON.	3	KEEP	no next title on page		
vol032_tropicalagricul321909ceyl|32|1909-01	18	h2	GUMS, RESINS, SAPS AND EXUDATIONS.	0	FORWARD	heading+title same page		CASTILLOA OR CENTRAL AMERICAN RUBBER.
vol032_tropicalagricul321909ceyl|32|1909-02	207	caps	COSMOPOLITE.	0	KEEP	ambiguous	MANURE.	BURYING VS. BURNING PRUNINGS.
vol032_tropicalagricul321909ceyl|32|1909-03	230	h2	GUMS, RESINS, SAPS AND EXUDATIONS.	0	FORWARD	heading+title same page	CLEAN WEEDING.	IS CLEAN WEEDING ADVISABLE?
vol032_tropicalagricul321909ceyl|32|1909-05	446	h2	GUMS, RESINS, SAPS AND EXUDATIONS.	0	FORWARD	heading+title same page	COTTON CULTIVATION: ITS EXTENSION IN CEYLON.	THE NEW RUBBERS.
vol032_tropicalagricul321909ceyl|32|1909-05	534	h3	PLANTING IN DOLOSAGE	0	FORWARD	heading+title same page	RUBBER TANNED LEATHER.	SUCCESS IN GREEN MANURING.
vol032_tropicalagricul321909ceyl|32|1909-05	542	h4	SALE OF CORK TREE BARK AT NUWARA ELIYA.	0	FORWARD	heading+title same page	THEY HAD RUBBER TO BURN.	A NEW INDUSTRY.
vol032_tropicalagricul321909ceyl|32|1909-05	545	bold	THE PAPAWE.	3	KEEP	no next title on page	BIRDS AS FRIENDS OR FOES TO AGRICULTURE.	
vol032_tropicalagricul321909ceyl|32|1909-06	548	h2	GUMS, RESINS, SAPS AND EXUDATIONS.	0	FORWARD	heading+title same page	"""DIRECTIONS FOR INOCULATING SEED"	"THE YIELD OF WILD AND PLANTED ""PARA"" RUBBER."
vol032_tropicalagricul321909ceyl|32|1909-06	585	h2	PLANT SANITATION.	0	FORWARD	heading+title same page	EXPORT OF OHIA TIES AND LUMBER.	MISCELLANEA: CHIEFLY PATHOLOGICAL.
vol032_tropicalagricul321909ceyl|32|1909-06	590	h2	MISCELLANEOUS PESTS.	0	FORWARD	heading+title same page	NOTES ON THE VALUE OF INTRODUCED PARASITES OR BENEFICIAL INS	MILLIONS AND MOSQUITOS
vol033_tropicalagricul331909ceyl|33|1909-07/12	15	bold	PETRÆA VOLUBILIS.	1	KEEP	ambiguous		
vol033_tropicalagricul331909ceyl|33|1909-07	18	h2	GUMS, RESINS, SAPS AND EXUDATIONS.	0	FORWARD	heading+title same page	TACKY RUBBER.	BOTANICAL FACTS FOR RUBBER PLANTERS.
vol033_tropicalagricul331909ceyl|33|1909-08	161	h2	MISCELLANEOUS PESTS.	0	FORWARD	heading+title same page	NOTES ON PARASITES OR INSECTS	THE PROPAGATION OF LORANTHUS.
vol033_tropicalagricul331909ceyl|33|1909-09	219	h2	GUMS, RESINS, SAPS AND EXUDATIONS.	0	FORWARD	heading+title same page	REVIEW	ACCOUNT OF MANURIAL TRIAL ON YOUNG RUBBER TREES.
vol033_tropicalagricul331909ceyl|33|1909-09	226	h3	SOY BEANS, OIL AND CAKE.	0	FORWARD	heading+title same page	CASTILLOA ELASTICA.	OPENING FOR INDIAN TRADE.
vol033_tropicalagricul331909ceyl|33|1909-09	234	h2	AMERICAN COTTON TRADE.	0	FORWARD	heading+title same page	FIBRES FROM FIJI	COST OF PRODUCING COTTON.
vol033_tropicalagricul331909ceyl|33|1909-10	311	h2	GUMS, RESINS, SAPS AND EXUDATIONS.	0	FORWARD	heading+title same page		MANURING OF RUBBER.
vol033_tropicalagricul331909ceyl|33|1909-10	313	h2	THE HARVESTING OF RUBBER IN HAWAII.	0	FORWARD	heading+title same page	MANURING OF RUBBER.	AN OUTLINE OF A CO-OPERATIVE EXPERIMENT.
vol033_tropicalagricul331909ceyl|33|1909-10	318	h3	SOY BEAN.	0	KEEP	ambiguous	A TWISTED HEVEA STEM.	MEMORANDUM BY REPORTER ON ECONOMIC PRODUCTS.
vol033_tropicalagricul331909ceyl|33|1909-10	333	h2	THE INDIAN TEA INDUSTRY.	0	FORWARD	heading+title same page	PACKING DURIAN SEEDS FOR EXPORT.	TILLAGE OPERATIONS ON TEA GARDENS.
vol033_tropicalagricul331909ceyl|33|1909-12	534	h3	CAMPHOR.	0	KEEP	ambiguous	TRANSVAAL TOBACCO SEED BEDS.	PRELIMINARY NOTES ON THE PREPARATION OF CAMPHOR IN THE F. M.
vol033_tropicalagricul331909ceyl|33|1909-12	551	h2	THRESHING GRAIN.	0	KEEP	ambiguous	CANE SEEDLINGS IN JAVA.	WITH STONE ROLLERS.
vol033_tropicalagricul331909ceyl|33|1909-12	577	h2	POONA AGRICULTURAL CONFERENCE.	0	FORWARD	heading+title same page	POPULAR AGRICULTURAL INSTRUCTION IN THE UNITED STATES.	SPEECH BY THE GOVERNOR.
vol034_tropicalagricul341910ceyl|34|1910-02	113	h2	Review.	0	FORWARD	heading+title same page		AGRICULTURAL FERTILISERS.
vol034_tropicalagricul341910ceyl|34|1910-02	114	h2	GUMS, RESINS, SAPS AND EXUDATIONS.	0	FORWARD	heading+title same page	AGRICULTURAL FERTILISERS.	WHAT HELPS TO KEEP RUBBER DEAR.
vol034_tropicalagricul341910ceyl|34|1910-02	121	h2	BRITISH COTTON-GROWING.	0	FORWARD	heading+title same page	PALO AMARILLO.	PROGRESS IN WEST AFRICA.
vol034_tropicalagricul341910ceyl|34|1910-03	212	h2	GUMS, RESINS, SAPS AND EXUDATIONS,	0	FORWARD	heading+title same page	A JOURNEY AROUND THE WORLD. I.	RUBBER AND ITS SUBSTITUTES.
vol034_tropicalagricul341910ceyl|34|1910-03	215	h2	OILS AND FATS.	0	FORWARD	heading+title same page	GUTTA-PERCHA CULTIVATION.	THE SOY BEAN.
vol034_tropicalagricul341910ceyl|34|1910-03	220	h3	NATURAL AND ARTIFICIAL CAMPHOR.	0	FORWARD	heading+title same page	INDIAN PAPER INDUSTRY.	AN IMPORTANT LECTURE.
vol034_tropicalagricul341910ceyl|34|1910-03	223	h3	CACAO CULTURE IN GERMAN SAMOA.	0	FORWARD	heading+title same page	JAVA CINCHONA.	ROBERT LOUIS STEVENSON'S INTEREST IN THE INDUSTRY.
vol034_tropicalagricul341910ceyl|34|1910-03	282	h2	RUBBER PLANTS IN SINGAPORE BOTANICAL GARDENS.	0	KEEP	no next title on page		ANALYTICAL NOTES.
vol034_tropicalagricul341910ceyl|34|1910-03	284	h2	LECTURE ON RUBBER SANITATION.	0	FORWARD	heading+title same page	CHONEOMORPHA MACROPHYLLA.	MR. GALLAGHER AT JOHORE.
vol034_tropicalagricul341910ceyl|34|1910-04	310	h2	GUMS: RESINS, SAPS AND EXUDATIONS.	0	FORWARD	heading+title same page	A JOURNEY AROUND THE WORLD. II.	THE SCIENCE AND PRACTICE OF PARA RUBBER CULTIVATION.
vol034_tropicalagricul341910ceyl|34|1910-05	460	h2	"SECOND ""MASTERS"" LECTURE."	0	KEEP	ambiguous	DEPARTMENTS OF AGRICULTURE AND THEIR FUNCTIONS.	THE PRODUCTION OF HORTICULTURAL VARIETIES.
vol034_tropicalagricul341910ceyl|34|1910-06	533	h2	PLANT SANITATION.	0	FORWARD	heading+title same page	THE UTILISATION OF EUCALYPTUS LEAVES.	PLANT DISEASES.
vol034_tropicalagricul341910ceyl|34|1910-06	546	h3	MISCELLANEOUS.	0	FORWARD	heading+title same page	THE AGRICULTURAL BANK ACT OF THE PHILIPPINE GOVERNMENT, 1908	THE SAIDAPETH AGRICULTURAL COLLEGE AND FARM.
vol035_tropicalagricul351910ceyl|35|1910-07	22	short	No. 1.	0	FORWARD	heading+title same page		AGRICULTURE IN THE UNITED STATES AND CANADA. I.
vol035_tropicalagricul351910ceyl|35|1910-07	34	h3	CITRONELLA OIL.	0	KEEP	ambiguous	THE COMMERCIAL USES OF RUBBER.	CINNAMON OIL, CEYLON.
vol035_tropicalagricul351910ceyl|35|1910-07	35	h4	FRANCE GETS 40 PER CENT. OF COPRA FROM PHILIPPINE ISLANDS.	0	FORWARD	heading+title same page	CINNAMON OIL, CEYLON.	DUTCH INDIES ARE NEAREST COMPETITOR. MANILA PRICE LOWER THAN
vol035_tropicalagricul351910ceyl|35|1910-07	66	h2	A NEW SINGAPORE ENTERPRISE.	0	FORWARD	heading+title same page	SOUTH AUSTRALIA EGG-LAYING COMPETITION, 1909-10.	SCIENTIFIC POULTRY RAISING.
vol035_tropicalagricul351910ceyl|35|1910-07	73	h2	SCIENTIFIC AGRICULTURE.	0	FORWARD	heading+title same page	MILK.	THE EFFECT OF AFTER-CULTIVATION.
vol035_tropicalagricul351910ceyl|35|1910-07	74	h2	AGRICULTURAL FINANCE AND CO-OPERATION.	0	FORWARD	heading+title same page	THE EFFECT OF AFTER-CULTIVATION.	SMALL HOLDINGS IN SOUTH-WEST LANCASHIRE.\*
vol035_tropicalagricul351910ceyl|35|1910-07	88	h2	EDUCATION.	0	KEEP	ambiguous	CO-OPERATION.	A PLEA FOR INDUSTRIAL EDUCATION.
vol035_tropicalagricul351910ceyl|35|1910-08	123	h2	GUMS, RESINS, SAPS AND EXUDATIONS.	0	FORWARD	heading+title same page	AGRICULTURE IN THE UNITED STATES AND CANADA. II.	THE HENARATGODA EXPERIMENTS OF 1905-6.
vol035_tropicalagricul351910ceyl|35|1910-09	238	h3	THE INDIAN TEA INDUSTRY.	0	FORWARD	heading+title same page	IMPORTS OF TEA SEED.	"THE ""ALBIZZIA STIPULATA"" (SAU TREE)."
vol035_tropicalagricul351910ceyl|35|1910-10	351	h2	PLANT SANITATION.	0	FORWARD	heading+title same page	SUGAR IN THE WEST INDIES AND IN JAVA.	A CUBAN BANANA DISEASE.
vol035_tropicalagricul351910ceyl|35|1910-10	361	h2	AGRICULTURAL FINANCE AND CO-OPERATION.	0	FORWARD	heading+title same page	THE CENTRAL AMERICAN BANANA BLIGHT.	CO-OPERATIVE AGRICULTURAL SOCIETIES IN THE UNITED KINGDOM.
vol035_tropicalagricul351910ceyl|35|1910-10	363	h2	EDUCATION.	0	KEEP	ambiguous	CO-OPERATIVE AGRICULTURAL SOCIETIES IN THE UNITED KINGDOM.	THE WORK OF NATIVE TRAVELLING INSTRUCTORS IN THE GOLD COAST 
vol035_tropicalagricul351910ceyl|35|1910-10	407	short	—*Straits Agricultural Bulletin* for Aug.	0	FORWARD	heading+title same page	F. M. S. MANURIAL EXPERIMENTS WITH RUBBER.	"""COCONUT CULTIVATION IN THE MALAY STATES."""
vol035_tropicalagricul351910ceyl|35|1910-11	486	h2	RID CITY OF PESTS.	0	FORWARD	heading+title same page	NITRO-BACTERINE	PLAN TO EXTERMINATE MOSQUITOS— NEED OF CO-OPERATION OF MANIL
vol037_tropicalagricul371911ceyl|37|1911-07	15	h2	GUMS, RESINS, SAPS AND EXUDATIONS.	0	FORWARD	heading+title same page	GARDENING IN CEYLON.	THE GERMINATION OF HEVEA SEEDS.
vol037_tropicalagricul371911ceyl|37|1911-08	113	h2	GUMS, RESINS, SAPS AND EXUDATIONS.	0	FORWARD	heading+title same page	CONTINUITY IN AGRICULTURAL	MANURING OF HEVEA RUBBER.
vol037_tropicalagricul371911ceyl|37|1911-08	117	h2	OILS AND FATS.	0	FORWARD	heading+title same page	NEW USES FOR RUBBER.	*HYDNOCARPUS VENEENATA*, GAERTN.
vol037_tropicalagricul371911ceyl|37|1911-08	117	h3	HYDNOCARPUS VENEENATA*, GAERTN.	0	KEEP	ambiguous	OILS AND FATS.	THE SOURCE OF THE POISONOUS CARDAMOM-FAT USED IN THE MARGARI
vol037_tropicalagricul371911ceyl|37|1911-08	156	h2	SCIENTIFIC AGRICULTURE.	0	FORWARD	heading+title same page	THE SINGLE TESTING SYSTEM OF BREEDING FOR EGG PRODUCTION.	THE CAUSES OF SALINITY IN SOILS AND THE METHODS OF RECLAIMIN
vol037_tropicalagricul371911ceyl|37|1911-08	163	h2	AGRICULTURAL FINANCE AND CO-OPERATION.	0	FORWARD	heading+title same page	THE PRACTICE OF ECONOMY ON ESTATES.	AGRICULTURAL CREDIT IN ITALY.
vol037_tropicalagricul371911ceyl|37|1911-08	167	h2	DENMARK.	0	KEEP	ambiguous	STATE AID TO AGRICULTURE IN NORWAY.	A NEW BILL ON CO-OPERATION.
vol037_tropicalagricul371911ceyl|37|1911-10	311	h2	GUMS, RESINS, SAPS AND EXUDATIONS.	0	FORWARD	heading+title same page	**THE ALL-ISLAND AGRICUL-	THE PHILIPPINES AND RUBBER.
vol037_tropicalagricul371911ceyl|37|1911-10	333	h2	ESTIMATED WORLD SUGAR INDUSTRY.	0	FORWARD	heading+title same page	J. C. WILLIS.)	SUGAR-CANE CROPS OF THE WORLD SHOW DECIDED VARIATIONS FROM F
vol037_tropicalagricul371911ceyl|37|1911-10	341	h2	AGRICULTURAL FINANCE AND CO-OPERATION.	0	FORWARD	heading+title same page	BOOK-NOTICE.	INDIAN ADVOCACY OF CO-OPERATIVE CREDIT.
vol038_tropicalagricul381912ceyl|38|1912-02	113	h2	GUMS, RESINS, SAPS AND EXUDATIONS.	0	FORWARD	heading+title same page	THE AGRICULTURAL BULLETIN OF THE STRAITS AND FEDERATED MALAY	"CULTIVATION OF ""HEVEA"" IN BRAZIL."
vol038_tropicalagricul381912ceyl|38|1912-02	165	h3	DEPARTMENT OF AGRICULTURE, PHILIPPINE ISLANDS.	0	FORWARD	heading+title same page	AGRICULTURAL EDUCATION IN THE UNIVERSITY AND THE SCHOOL.	THE NEW DIRECTOR OF AGRICULTURE.
vol038_tropicalagricul381912ceyl|38|1912-02	200	h2	REPORT ON PARA AND PLANTATION GROWN RUBBER.	0	FORWARD	heading+title same page	TEA IN 1911.	LEWIS & PEAT'S REVIEW OF 1911.
vol038_tropicalagricul381912ceyl|38|1912-03	244	h3	THE ROSARY.	0	FORWARD	heading+title same page	FORESTS AND DROUGHT.	THE PRUNING OF ROSES.
vol038_tropicalagricul381912ceyl|38|1912-04	316	h2	GUMS, RESINS, SAPS AND EXUDATIONS.	0	FORWARD	heading+title same page	A PLEA FOR A BETTER UNDERSTANDING BETWEEN PRACTICAL AND SCIE	NOTES ON TAPPING.
vol038_tropicalagricul381912ceyl|38|1912-04	361	h2	POULTRY NOTES.	1	FORWARD	heading+title same page	CATTLE BREEDING IN INDIA.	INFERTILE EGGS.
vol038_tropicalagricul381912ceyl|38|1912-05	413	h2	GUMS, RESINS, SAPS AND EXUDATIONS.	0	FORWARD	heading+title same page	RUBBER TAPPING IN CEYLON.	UNITED STATES STATISTICS OF MALAYAN RUBBER GROWING.
vol038_tropicalagricul381912ceyl|38|1912-06	515	h2	Review.	0	FORWARD	heading+title same page	SEED SELECTION IN PADDY.	SPICES.
vol038_tropicalagricul381912ceyl|38|1912-06	516	h2	GUMS, RESINS, SAPS AND EXUDATIONS.	0	FORWARD	heading+title same page	SPICES.	RECORD YIELD OF DRY RUBBER FROM HEVEA BRASILIENSIS.
vol039_tropicalagricul391912ceyl|39|1912-07	26	h2	GUMS, RESINS, SAPS AND EXUDATIONS.	0	FORWARD	heading+title same page	No. 1.	THE FUTURE OF RUBBER PRICES.
vol039_tropicalagricul391912ceyl|39|1912-09	280	h2	COCONUTS.	0	FORWARD	heading+title same page	TRUE PROBLEM OF AGRICULTURAL REFORM.	THE CONSOLS OF THE EAST.\*
vol039_tropicalagricul391912ceyl|39|1912-11	386	bold	HARD CURED PARA.	0	KEEP	ambiguous		MR. WICKHAM'S B. MODEL AT PERADENIYA.
vol039_tropicalagricul391912ceyl|39|1912-11	457	h1	THE WAX PALM TREE.	0	FORWARD	heading+title same page	A NEARLY SEEDLESS MANGO.	A PROMISING TROPICAL CULTIVATION.
vol039_tropicalagricul391912ceyl|39|1912-12	474	bold	VILLAGE INDUSTRIES.	0	FORWARD	heading+title same page		PADDY AND PARA.
vol039_tropicalagricul391912ceyl|39|1912-12	520	h2	SILK CULTURE.	0	FORWARD	heading+title same page	THE WICKHAM SMOKER.	CASTOR AS A BY-PRODUCT IN SERICULTURE.
vol040_lbg-630-5-tag-v-40|40|1913-01	30	h3	AGRICULTURE.	0	FORWARD	heading+title same page	COAGULATION OF *FICUS ELASTICA* LATEX.	THE NURSING MOTHER OF THE STATE.
vol040_lbg-630-5-tag-v-40|40|1913-04	256	h2	FINE HARD CURE RUBBER.	0	FORWARD	heading+title same page	COMMERCIAL POSSIBILITIES OF SYNTHETIC RUBBER.	SAMPLES OF RUBBER CURED BY THE WICKHAM AUTOMATIC APPARATUS. 
vol040_lbg-630-5-tag-v-40|40|1913-04	319	caps	HEDYCHIUM CORONARIUM IN BRAZIL	0	KEEP	no next title on page	A NEW VARIETY OF CUCUMBER.	
vol040_lbg-630-5-tag-v-40|40|1913-06	402	bold	THE ALL-CEYLON EXHIBITION.	0	FORWARD	heading+title same page		REPORT OF THE EXECUTIVE COMMITTEE.
vol041_lbg-vol-xli-tropicalagricult0000dewi-t3r5|41|1913-12	545	h2	CEYLON AGRICULTURAL SOCIETY.	0	FORWARD	heading+title same page	CEYLON AGRICULTURAL SOCIETY. PROGRESS REPORT, LXIII.	MINUTES OF MEETING OF THE BOARD OF AGRICULTURE:
vol042_lbg-630-5-tag-v-42|42|1914-05	375	h2	COCONUT PLANTING.	0	FORWARD	heading+title same page	PRODUCTS OF THE COCONUT PALM.	A PROFITABLE ENTERPRISE.
vol043_lbg-tropicalagricultvol-xliii0000unse-c5y3|43|1914-07/12	5	caps	FOMES AUSTRALIS ON ACACIA DECURRENS	2	KEEP	no next title on page		
vol043_lbg-tropicalagricultvol-xliii0000unse-c5y3|43|1914-08	157	caps	A STUMP CUTTING MACHINE.	1	KEEP	ambiguous	BROODINESS IN WHITE LEGHORNS.	GENERAL.
vol043_lbg-tropicalagricultvol-xliii0000unse-c5y3|43|1914-10	305	caps	PROGRESS REPORT, EXPT. STN, MAHA-ILLUPPALAMA.	0	FORWARD	heading+title same page	COCONUTS IN THE DRY ZONE.	THE DIRECTOR, IMPERIAL INSTITUTE.
vol043_lbg-tropicalagricultvol-xliii0000unse-c5y3|43|1914-10	319	h1	TOBACCO	0	KEEP	ambiguous	AGRICULTURAL SHOWS.	OPERATIONS AT JAFFNA.
vol043_lbg-tropicalagricultvol-xliii0000unse-c5y3|43|1914-11	426	caps	ADDRESS TO THE BRITISH ASSOCIATION.	0	FORWARD	heading+title same page	THE WINNING OF NEW LAND FOR AGRICULTURE.	“WHAT HE COULD DO.”
vol044_lbg-tropicalagricultvol-xliv0000unse-e6v7|44|1915-04	225	short	\* The Book of the Rothamsted Experiments.	1	KEEP	no next title on page		RUBBER.
vol044_lbg-tropicalagricultvol-xliv0000unse-e6v7|44|1915-04	257	h1	FRUIT.	0	KEEP	ambiguous	FIBRE AT CAPE VERDE.	FACTORS INFLUENCING MANGO CROPS.
vol044_lbg-tropicalagricultvol-xliv0000unse-e6v7|44|1915-06	388	caps	PROCEEDINGS OF THE THIRD INTERNATIONAL CONGRESS OF TROPICAL AGRICULTURE.	1	KEEP	no next title on page	COCOA FERMENTATION.	TEA.
vol045_lbg-630-5-tag-v-45|45|1915-07	30	h1	COCONUTS.	0	FORWARD	heading+title same page	POTASH.	CASSAVA AS A CATCH CROP WITH COCONUTS.
vol045_lbg-630-5-tag-v-45|45|1915-07	38	h1	COCO A.	0	KEEP	ambiguous	CEYLON OUT-PUT, 1914.	COCO A MANURING EXPERIMENTS IN DOMINICA.
vol045_lbg-630-5-tag-v-45|45|1915-08	169	caps	A VILLAGE VEGETABLE GARDEN.	0	KEEP	no next title on page	AN ILLUSTRATED HANDBOOK OF Tropical Gardening and Planting	
vol047_lbg-630-5-tag-v-47|57|1921-09	231	bold	MEETINGS OF THE	0	FORWARD	heading+title same page	YIELD OF SISAL FIBRE IN JAMAICA.	AUGUST, 1921.
vol047_lbg-630-5-tag-v-47|57|1921-09	233	caps	THE DEPARTMENT OF AGRICULTURE EXHIBIT AT GALLE AGRICULTURAL SHOW	0	KEEP	no next title on page	AUGUST, 1921.	
vol048_iss03_tropical-agriculturist-1917-03-48-3|48|1917-03	24	caps	REPT. OF THE GOVT. MYCOLOGIST, MADRAS, for 1915-16.	0	FORWARD	heading+title same page	SECOND LEAF-FALL IN HEVEA.	RUBBER MARKET REPORT FOR THE YEAR 1916.
vol049_iss04_tropical-agriculturist-1917-10-49-4|49|1917-10	0	bold	FOOD PRODUCTION.	0	KEEP	ambiguous		THE RESPONSE.
vol050_dli-ernet-21168|50|1918-04	217	h2	AGRICULTURAL SHOWS.	0	FORWARD	heading+title same page	THE VALUE OF AGRICULTURAL SHOWS.	THE BELIGAMMANA VILLAGE SHOW.
vol051_iss05_tropical-agriculturist-1918-11-51-5|51|1918-11	38	h2	AGRICULTURAL METEOROLOGY.	3	FORWARD	heading+title same page	BLACK HEADED CATERPILLAR OF COCONUTS (*NEPHANTIS SERINOPA*).	THE RELATION BETWEEN FORESTS AND ATMOSPHERIC AND SOIL MOISTU
vol052_iss04_tropical-agriculturist-1919-04-52-4|52|1919-04	57	caps	METEOROLOGICAL.	0	FORWARD	heading+title same page	THE USE OF INCUBATORS IN POULTRY-BREEDING IN EGYPT.	MARCH, 1919.
vol053_iss02_tropical-agriculturist-1919-08-53-2|53|1919-08	17	h2	THE CEYLON AGRICULTURAL SOCIETY.	0	FORWARD	heading+title same page	THE CEYLON AGRICULTURAL SOCIETY	PROGRESS REPORT, No. LXXVII.
vol053_iss03_tropical-agriculturist-1919-09-53-3|53|1919-09	81	caps	WHITE BURLEY.	2	KEEP	ambiguous	PENNSYLVANIA BROAD LEAF.	
vol054_lbg-630-5-tag-v-54|54|1920-03	139	short	All Rights Reserved	0	KEEP	ambiguous	OBSERVATIONS ON DISTRIBUTION OF FOREST TREE POLLEN.	JIPPI-JAPPA.
vol057_in-ernet-dli-2015-230764|57|1921-09	230	caps	THE DEPARTMENT OF AGRICULTURE EXHIBIT AT GALLE AGRICULTURAL SHOW.	0	KEEP	no next title on page	ANIMAL DISEASE RETURN FOR THE MONTH ENDED 31st August, 1921.	
vol057_in-ernet-dli-2015-230764|57|1921-12	371	h2	BUDDING AND GRAFTING OF RUBBER.	0	FORWARD	heading+title same page	THE CULTIVATION OF PINE-APPLES IN CEYLON.	RUBBER RESEARCH SCHEME (CEYLON) CIRCULAR.
vol058_dli-ernet-229219|59|1922-12	717	short	Sugar Cane.	0	KEEP	no next title on page	HARISPATTU VEGETABLE GARDEN COMPETITION, 1922.	Useful Hints to Growers.—**Indian Scientific Agric.**, Vol. 
vol059_tropicalagricult0059unse|59|1922-07	81	caps	METEOROLOGICAL.	0	FORWARD	heading+title same page	MARKET RATES FOR SOME TROPICAL PRODUCTS.	JUNE, 1922.
vol059_tropicalagricult0059unse|59|1922-09	221	bold	METEOROLOGICAL.	0	FORWARD	heading+title same page	ESSENTIAL OILS.	AUGUST, 1922.
vol061_tropicalagricult0061unse|61|1923-07	45	h2	TEA MANURING.	0	FORWARD	heading+title same page	FODDER QUESTION IN INDIA.\*	A COMPARISON OF THE VALUES OF FLOUR PHOSPHATES WITH THOSE OF
vol061_tropicalagricult0061unse|61|1923-07	66	h2	CASTOR OIL SEEDS.	0	FORWARD	heading+title same page	PAPAW AND PAPAIN.	NOTES ON OIL CONTENT AND EXTRACTION OF OIL.
vol063_lbg-630-5-tag-v-63|63|1924-11	253	h2	SUGAR-PRODUCING PALMS.	0	FORWARD	heading+title same page	THE IMPROVEMENT OF THE COCONUT JAGGERY INDUSTRY ON THE WEST 	NIPA FRUTICANS, OR NIPA PALM.
vol064_lbg-630-5-tag-v-64|64|1925-01	73	h2	A NEW USE FOR RUBBER.	0	FORWARD	heading+title same page	RICE IN CALIFORNIA.	THE PRESERVATION OF FRUITS.
vol065_iss06_tropical-agriculturist-1925-12-65-6|65|1925-12	20	short	—Planters' Chronicle, Vol. XX, No. 43.	0	FORWARD	heading+title same page	BLACK ROT DISEASE OF TEA.	VITALITY AND AGE OF TEA SEED.
vol066_tropical-agriculturist-april-may-1926-66-4-5|66|1926-04/05	0	h2	AGRICULTURAL CONFERENCE AT PERADENIYA.	0	FORWARD	heading+title same page		ERRATA.
vol067_iss06_tropical-agriculturist-1926-12-67-6|67|1926-12	2	h2	MYCOLOGICAL NOTES.	0	FORWARD	heading+title same page	THE WATER HYACINTH.	FURTHER OCCURRENCES OF *RHIZOCTONIA BATATICOLA* (Taub.) Butl
vol068_tropical-agriculturist-1927-02-68|68|1927-02	65	h2	Recent Books Received.	0	KEEP	ambiguous	Colombo District Food Production Committee.	"""A Tea Manual for Beginners"" by J. W. S."
vol068_tropical-agriculturist-1927-04-68|68|1927-04	0	short	Editorial.	0	FORWARD	heading+title same page		Agricultural Conference.
vol069_tropical-agriculturist-1927-07-69|69|1927-07	8	h2	Mycological Notes (5).	0	FORWARD	heading+title same page	Original Articles.The Transplanting of Paddy	On the Occurrence on Coconut of *Rhizoctonia bataticola* (Ta
vol069_tropical-agriculturist-1927-07-69|69|1927-07	10	h1	Mycological Notes (6).	0	FORWARD	heading+title same page	On the Occurrence on Coconut of *Rhizoctonia bataticola* (Ta	Further Notes on *Rhizoctonia bataticola* (Taub.) Butler.
vol069_tropical-agriculturist-1927-10-69|69|1927-10	0	bold	Editorial.	0	FORWARD	heading+title same page		**Trials with Fodder Grasses.**
vol069_tropical-agriculturist-1927-12-69|69|1927-12	52	h2	Notes of Interest.	0	FORWARD	heading+title same page	Nikaweratiya Co-operative Society Paddy Growing Competition,	Pure Line Paddies in Harispattu and Yatinuwara.
vol070_dli-ernet-229220|70|1928-04	251	h2	Mycological Notes (12).	0	FORWARD	heading+title same page	The Two Weevil Pests of Plantains.	Hevea Stem Disease Caused by *Fomes lamaoensis*.
vol070_dli-ernet-229220|70|1928-04	253	h1	Mycological Notes (13).	0	FORWARD	heading+title same page	Hevea Stem Disease Caused by *Fomes lamaoensis*.	Further Notes on *Rhizoctonia bataticola*.
vol070_dli-ernet-229220|70|1928-05	285	h2	Editorial.	0	FORWARD	heading+title same page		Agricultural Conference.
vol070_dli-ernet-229220|71|1928-07	561	h3	Soil Improvement.	0	FORWARD	heading+title same page		The Use of Green Manures.
vol070_dli-ernet-229220|71|1928-10	661	h2	Mycological Notes (16).	0	FORWARD	heading+title same page	Further Report Regarding Investigations Made in Connexion wi	The Parasitism of *Rhizoctonia bataticola* (Taub.) Butler an
vol070_dli-ernet-229220|71|1928-11	707	short	Editorial.	0	FORWARD	heading+title same page	Central Seed Store at Peradeniya.	Manuring of Rubber.
vol071_tropical-agriculturist-1928-10-71|71|1928-10	24	h2	Mycological Notes (16).	0	FORWARD	heading+title same page	Final Report from the Imperial Institute Dated June 21st, 19	The Parasitism of *Rhizoctonia bataticola* (Taub.) Butler an
vol072_dli-ernet-229221|72|1929-01/06	9	h2	EDITORIAL	0	FORWARD	heading+title same page		THE MANURING OF PADDY
vol072_dli-ernet-229221|72|1929-01/06	139	h2	INTERNATIONAL INSTITUTE OF AGRICULTURE.	0	FORWARD	heading+title same page	THE REALM OF RUBBER.\*	INTERNATIONAL YEARBOOK OF AGRICULTURAL STATISTICS, 1927-28.
vol072_dli-ernet-229221|72|1929-05	308	h2	MYCOLOGICAL NOTES (19).	0	FORWARD	heading+title same page	THE CONTROL OF BLACK BEETLE (ORYCTES RHINOCEROS L.) IN COCON	A SEEDLING DISEASE OF DADAP (ERYTHRINA LITHOSPERMA BL.)
vol072_dli-ernet-229221|72|1929-05	313	h2	CHEMICAL NOTES (5).	0	FORWARD	heading+title same page	A SEEDLING DISEASE OF DADAP (ERYTHRINA LITHOSPERMA BL.)	ANALYSIS OF LEUCAENA GLAUCAL HAY.
vol072_dli-ernet-229221|72|1929-05	349	caps	EDITORIAL.	0	FORWARD	heading+title same page	METEOROLOGICAL	CEYLON TERMITES.
vol072_dli-ernet-229221|73|1929-09	582	h2	CHEMICAL NOTES (6).	0	FORWARD	heading+title same page	THE CONTROL OF RED WEEVIL (RHYNCOPHORUS FERRUGINEUS F.) IN C	CEYLON CITRONELLA OIL INVESTIGATIONS.
vol072_dli-ernet-229221|73|1929-09	616	h2	ANIMAL HUSBANDRY.	0	KEEP	ambiguous	AGRICULTURE IN SOUTH AFRICA.\*	TEMPORARY STERILITY OF DAIRY COWS.\*
vol072_dli-ernet-229221|73|1929-09	621	h2	BOARD OF AGRICULTURE.	0	FORWARD	heading+title same page	COCONUT RESEARCH SCHEME BOARD OF MANAGEMENT.	FOOD PRODUCTS COMMITTEE.
vol073_tropical-agriculturist-1929-08-73|73|1929-08	0	h2	EDITORIAL	0	FORWARD	heading+title same page		COMMITTEE ON SOIL EROSION.
vol073_tropical-agriculturist-1929-08-73|73|1929-08	9	h2	MYCOLOGICAL NOTES (21).	0	FORWARD	heading+title same page	MANURIAL EXPERIMENTS WITH RICE.	A SCLEROTIAL DISEASE OF *MUCUNA PRURIENS* DC.
vol073_tropical-agriculturist-1929-09-73|73|1929-09	9	h2	CHEMICAL NOTES (6).	0	FORWARD	heading+title same page	THE CONTROL OF RED WEEVIL (RHYNCPHORUS FERRUGINEUS F.) IN CO	CEYLON CITRONELLA OIL INVESTIGATIONS.
vol073_tropical-agriculturist-1929-09-73|73|1929-09	43	h2	ANIMAL HUSBANDRY.	0	KEEP	ambiguous	AGRICULTURE IN SOUTH AFRICA.\*	TEMPORARY STERILITY OF DAIRY COWS.\*
vol073_tropical-agriculturist-1929-09-73|73|1929-09	48	h2	BOARD OF AGRICULTURE.	0	FORWARD	heading+title same page	COCONUT RESEARCH SCHEME BOARD OF MANAGEMENT.	FOOD PRODUCTS COMMITTEE.
vol074_dli-ernet-229223|74|1930-01	33	h1	CONFERENCE OF EMPIRE METEOROLOGISTS, 1929.	2	FORWARD	heading+title same page	EPIDENDRUM STAMFORDIANUM BATEMAN.	AGRICULTURAL METEOROLOGY: A BRIEF HISTORICAL REVIEW.
vol074_dli-ernet-229223|74|1930-03	175	h2	CHEMICAL NOTES (8)	0	FORWARD	heading+title same page	A NOTE ON THE EFFECT OF *INDIGOFERA* *ENDECAPHYLLA* ON THE N	THE MANURIAL AND FEEDING VALUE OF A BY-PRODUCT OF THE COCONU
vol074_dli-ernet-229223|74|1930-06	395	h1	SULPHUR DUSTING AS A MEANS OF CONTROLLING OIDIUM\	0	FORWARD	heading+title same page	A PRELIMINARY INVESTIGATION OF THE EFFECT OF DIFFERENT CONDI	A STATEMENT MADE AT THE GENERAL MEETING OF THE RUBBER RESEAR
vol074_dli-ernet-229223|75|1930-09	613	h2	CONTRIBUTIONS FROM THE RUBBER RESEARCH SCHEME, CEYLON	0	FORWARD	heading+title same page	DENDROBIUM DENSIFLORUM, WALL	TERMITES ATTACKING HEVEA BRASILIENSIS IN CEYLON
vol074_dli-ernet-229223|75|1930-11	732	h2	THE FOURTH AGRICULTURAL CONFERENCE AT PERADENIYA	1	FORWARD	heading+title same page	PROGRAMME OF AGRICULTURAL CONFERENCE AT PERADENIYA 1930	OCTOBER 20, 1930—MORNING SESSION
vol075_tropical-agriculturist-1930-12-75|75|1930-12	2	caps	FOURTH AGRICULTURAL CONFERENCE	3	FORWARD	heading+title same page	EDITORIAL	SOME NOTES ON THE PADDY FLY IN
vol076_dli-ernet-229225|77|1931-08	556	h2	CONTRIBUTIONS FROM THE RUBBER RESEARCH SCHEME (CEYLON)	0	FORWARD	heading+title same page	HABITS AND CONTROL OF THE COCONUT BLACK BEETLE (*ORYCTES RHI	FURTHER SULPHUR DUSTING EXPERIMENTS AGAINST OIDIUM
vol079_iss05_tropical-agriculturist-1932-11-79-5|79|1932-11	2	h2	EDITORIAL	0	FORWARD	heading+title same page	A MANUAL OF GREEN MANURING	TEA IN MANY LANDS
vol080_dli-ernet-229226|80|1933-01	22	short	Peristeria elata* Hook	0	KEEP	ambiguous	THE CULTIVATION OF FRUITS IN CEYLON WITH CULTURAL DETAILS—VI	PERISTERIA ELATA HOOK
vol081_iss02_tropical-agriculturist-1933-08-81-2|81|1933-08	13	h2	MYCOLOGICAL NOTES (23)	0	FORWARD	heading+title same page	THE ARTIFICIAL COLOURING AND RIPENING OF FRUIT	THE OIL TREATMENT OF PLANTAIN DISEASES
vol082_dli-ernet-229227|82|1934-05	291	h2	EDITORIAL	0	FORWARD	heading+title same page	A MANUAL OF GREEN MANURING	PLANT PESTS
vol082_dli-ernet-229227|83|1934-07	483	h2	PAPERS READ AT THE MEETING OF THE CENTRAL BOARD OF AGRICULTURE	0	FORWARD	heading+title same page	MINUTES OF THE MEETING OF THE CENTRAL BOARD OF AGRICULTURE	REVIEW OF THE ACTIVITIES OF THE TEA RESEARCH INSTITUTE OF CE
vol082_dli-ernet-229227|83|1934-09	641	h2	IMPERIAL INSTITUTE	0	KEEP	ambiguous	THE IMPERIAL INSTITUTE\*	REPORT ON GERANIUM OIL FROM CEYLON
vol083_tropical-agriculturist-1934-07|83|1934-07	38	h2	PAPERS READ AT THE MEETING OF THE CENTRAL BOARD OF AGRICULTURE	0	FORWARD	heading+title same page	MINUTES OF THE MEETING OF THE CENTRAL BOARD OF AGRICULTURE	REVIEW OF THE ACTIVITIES OF THE TEA RESEARCH INSTITUTE OF CE
vol083_tropical-agriculturist-1934-09|83|1934-09	44	h2	IMPERIAL INSTITUTE	0	KEEP	ambiguous	THE IMPERIAL INSTITUTE\*	REPORT ON GERANIUM OIL FROM CEYLON
vol084_tropical-agriculturist-1935-04-84|84|1935-04	10	h2	STUDIES ON CEYLON SOILS	0	FORWARD	heading+title same page	THE DEVELOPMENT OF FIELD EXPERIMENTS IN AGRICULTURAL RESEARC	I.—MODERN METHODS OF SOIL STUDY AND CLASSIFICATION AND THEIR
vol086_dli-ernet-229228|86|1936-01	5	caps	EDITORIAL	0	FORWARD	heading+title same page		DERRIS
vol086_dli-ernet-229228|86|1936-01	71	caps	EDITORIAL	0	FORWARD	heading+title same page	METEOROLOGICAL REPORT—DECEMBER, 1935	TOMATO CULTIVATION
vol086_dli-ernet-229228|86|1936-06	353	h2	PASTURE TRIALS AT PERADENIYA-II	0	FORWARD	heading+title same page	MOTTLE LEAF OF CITRUS: ITS INCIDENCE AND CONTROL	RELATIVE PALATABILITY OF SOME PASTURE SPECIES
vol086_dli-ernet-229228|87|1936-08	493	h2	CHEMICAL NOTES (15)	0	FORWARD	heading+title same page	COCOA IN CEYLON	ANALYSIS OF *PENTADESMA BUTYRACEA* (TALLOW OR BUTTER TREE) S
vol086_dli-ernet-229228|87|1936-10	619	caps	EDITORIAL	0	FORWARD	heading+title same page		CINNAMON
vol087_tropical-agriculturist-1936-08-87|87|1936-08	18	h2	CHEMICAL NOTES (15)	0	FORWARD	heading+title same page	COCOA IN CEYLON	ANALYSIS OF *PENTADESMA BUTYRACEA* (TALLOW OR BUTTER TREE) S
vol088_dli-ernet-229229|88|1937-01	11	h3	EDITORIAL	0	FORWARD	heading+title same page		AGRICULTURAL IMPLEMENTS
vol088_dli-ernet-229229|88|1937-02	83	caps	EDITORIAL	0	FORWARD	heading+title same page		A SOIL EROSION EXPERT
vol088_dli-ernet-229229|88|1937-03	222	h3	The South American Potatoes and their Breeding Value.	0	FORWARD	heading+title same page	TEA RESEARCH INSTITUTE OF CEYLON	The Experimental Production of Haploids and Polyploids.
vol088_dli-ernet-229229|89|1937-12	790	short	A Disease of *Salvias	0	KEEP	no next title on page	FRUIT GROWING: PRINCIPAL OBSTACLES AND DIFFICULTIES	A DISEASE OF SALVIAS
vol088_dli-ernet-229229|89|1937-12	836	short	An Ant-proof Support for Bee Hives	0	KEEP	no next title on page	SALT LICKS IN SABARAGAMUWA	AN ANT-PROOF SUPPORT FOR BEE HIVES
vol088_dli-ernet-229229|89|1937-07	435	bold	EDITORIAL	0	FORWARD	heading+title same page		THE FRUIT COMMITTEE
vol088_dli-ernet-229229|89|1937-10	637	caps	EDITORIAL	0	FORWARD	heading+title same page		OURSELVES
vol088_dli-ernet-229229|89|1937-11	707	bold	EDITORIAL	0	FORWARD	heading+title same page		CENTRAL BOARD OF AGRICULTURE
vol089_tropical-agriculturist-1937-12-89|89|1937-12	11	short	A Disease of *Salvias	0	KEEP	no next title on page	FRUIT GROWING: PRINCIPAL OBSTACLES AND DIFFICULTIES	A DISEASE OF SALVIAS
vol091_tropical-agriculturist-1938-08-91|91|1938-08	64	h2	COCONUT RESEARCH SCHEME	3	FORWARD	heading+title same page	THE COCONUT INDUSTRY	MINUTES OF THE FORTY-SECOND MEETING OF THE BOARD
vol091_tropical-agriculturist-1938-08-91|91|1938-08	68	h2	RUBBER RESEARCH SCHEME (CEYLON.)	0	FORWARD	heading+title same page	MINUTES OF THE FORTY-SECOND MEETING OF THE BOARD	MINUTES OF THE FORTY-THIRD MEETING OF THE RUBBER RESEARCH BO
vol091_tropical-agriculturist-1938-11-91|91|1938-11	77	h3	RUBBER RESEARCH SCHEME (CEYLON)	0	FORWARD	heading+title same page	PRODUCTION OF FRUIT OUT OF SEASON	DRAFT MINUTES OF THE FORTY-FOURTH MEETING OF THE RUBBER RESE
vol091_tropical-agriculturist-1938-12-91|91|1938-12	31	h2	SOME STUDIES ON TOBACCO DISEASES IN CEYLON—V	0	FORWARD	heading+title same page	THE RELATIVE RESISTANCE OF SOME TOMATO	THE USE OF FUNGICIDES IN THE CONTROL OF DAMPING-OFF OF TOBAC
vol091_tropical-agriculturist-1938-12-91|91|1938-12	79	h3	COCONUT RESEARCH SCHEME	3	FORWARD	heading+title same page	THE STORAGE OF TROPICAL FRUITS\*	**MINUTES OF THE FORTY-FOURTH MEETING OF THE BOARD
vol093_iss02_tropical-agriculturist-1939-08-93-2|93|1939-08	2	caps	EDITORIAL	0	FORWARD	heading+title same page		PESTS AND DISEASES OF PLANTS
vol095_iss02_tropical-agriculturist-1940-08-95-2|95|1940-08	2	caps	EDITORIAL	0	FORWARD	heading+title same page		FOOD PRODUCTION
vol095_iss06_tropical-agriculturist-1940-12-95-6|95|1940-12	26	h2	THE ANALYSIS OF CEYLON FOODSTUFFS	0	FORWARD	heading+title same page	333STUDIES ON CEYLON SOILSXIV. A COMPARISON OF SOILS FROM TE	IX.—A. THE COMPOSITION OF SOME CEYLON HONEYs
vol095_iss06_tropical-agriculturist-1940-12-95-6|95|1940-12	26	h3	IX.—A. THE COMPOSITION OF SOME CEYLON HONEYs	0	FORWARD	heading+title same page	THE ANALYSIS OF CEYLON FOODSTUFFS	B. THE NUTRITIVE VALUE OF SOME PALMYRA PRODUCTS
vol096_dli-ernet-229230|96|1941-01/06	19	h2	EDITORIAL	0	FORWARD	heading+title same page		BUFFALoes IN PADDY CULTIVATION.
vol096_dli-ernet-229230|96|1941-01	98	h2	COCONUT RESEARCH SCHEME	3	FORWARD	heading+title same page	REPORT OF THE PROCEEDINGS OF THE FIRST MEETING OF THE RE-CON	MINUTES OF THE FIFTY-THIRD MEETING OF THE BOARD OF MANAGEMEN
vol097_iss02_tropical-agriculturist-1941-08-97-2|97|1941-08	54	h2	RUBBER RESEARCH SCHEME (CEYLON)	0	FORWARD	heading+title same page	MINUTES OF A MEETING OF THE BOARD OF THE TEA RESEARCH INSTIT	MINUTES OF THE FIFTY-SEVENTH MEETING OF THE RUBBER RESEARCH 
vol098_iss02_tropical-agriculturist-april-june-1942-98-2|98|1942-04/06	85	caps	A. P. KANDASAMY,	3	BACK	initials+surname	A. P. KANDASAMY,	
vol099_iss01_tropical-agriculturist-january-march-1943-99-1|99|1943-01/03	2	h2	EDITORIAL	0	FORWARD	heading+title same page		THE DESI-PLOUGH: WILL IT STAGE A
vol100_iss04_tropical-agriculturist-october-december-1944-100-4|100|1944-10/12	4	h2	EDITORIAL	0	FORWARD	heading+title same page	ERRATA	HILL PADDY
vol101_iss02_tropical-agriculturist-april-june-1945-101-2|101|1945-04/06	2	caps	EDITORIAL	0	FORWARD	heading+title same page		CITRUS CULTIVATION
vol101_iss02_tropical-agriculturist-april-june-1945-101-2|101|1945-04/06	40	h3	RUBBER RESEARCH SCHEME (CEYLON).	0	FORWARD	heading+title same page	FEEDING STUFFS AND FODDERS	MINUTES OF THE SEVENTY-FIFTH MEETING OF THE RUBBER RESEARCH 
vol101_iss03_tropical-agriculturist-july-september-1945-101-3|101|1945-07/09	64	h2	RUBBER RESEARCH SCHEME (CEYLON)	0	FORWARD	heading+title same page	PROCEEDINGS OF THE FIFTH MEETING OF THE CENTRAL BOARD OF AGR	MINUTES OF THE SEVENTY-SIXTH MEETING OF THE RUBBER RESEARCH 
vol101_iss04_tropical-agriculturist-october-december-1945-101-4|101|1945-10/12	85	h4	3. ACTING DIRECTOR'S REPORT FOR THE 2ND QUARTER, 1945—WAS APPROVED.	0	FORWARD	heading+title same page	2. BOARD—	4. RESEARCH PROGRAMMES FOR 1946—WERE APPROVED.
vol101_iss04_tropical-agriculturist-october-december-1945-101-4|101|1945-10/12	85	h4	4. RESEARCH PROGRAMMES FOR 1946—WERE APPROVED.	0	FORWARD	heading+title same page	3. ACTING DIRECTOR'S REPORT FOR THE 2ND QUARTER, 1945—WAS AP	5. ACCOUNTS—
